<?xml version="1.0" encoding="utf-8"?>
<!DOCTYPE TEI.2
  SYSTEM "../../dtd/tei/cch_tei.dtd">
<TEI.2 id="hofm_1833_01">
<teiHeader type="text"><fileDesc><titleStmt><title>Januar, Februar 1833</title></titleStmt><publicationStmt><p/></publicationStmt><sourceDesc><p/></sourceDesc></fileDesc><profileDesc><langUsage><language id="ger">German</language><language id="fre">French</language><language id="ita">Italian</language></langUsage></profileDesc><revisionDesc><change><date>2007-04-27</date><respStmt><name>RV</name></respStmt><item>Changed "biblGroup" elements in "listBibl"</item></change><change><date>2007-03-02</date><respStmt><name>EP</name></respStmt><item>Checked curly brackets</item></change><change><date>2007-02-26</date><respStmt><name>EP</name></respStmt><item>Encoded curly brackets</item></change><change><date>2006-12-19</date><respStmt><name>EP</name></respStmt><item>sic and unclear moved outside elements pubplaces, publisher, composer, hofclass, key, opus</item></change><change><date>2007-01-24</date><respStmt><name>Sarah</name></respStmt><item>Removed author tags from Musikalische Zeitschriften.</item></change><change><date>2006-03-15</date><respStmt><name>Sarah</name></respStmt><item>Fixed Xrefs</item></change><change><date>2005-09-15</date><respStmt><name>Sarah</name></respStmt><item>Corrections following checking pages. Adjusted publisher tagging.</item></change><change><date>2005-07-13</date><respStmt><name>Sarah</name></respStmt><item>Corrections following checking pages. Adjusted album tagging.</item></change><change><date>2005-05-06</date><respStmt><name>Sarah</name></respStmt><item>First encoding.</item></change><change><date>2005-04-28</date><respStmt><name>Liz</name></respStmt><item>first page coded</item></change><change><date>2005-04-28</date><respStmt><name>JG</name></respStmt><item>automated tagging</item></change></revisionDesc></teiHeader>
<text><body><pb n="2"/>
<head>Januar, Februar 1833.</head>
<div id="hofm_1833_01_0002_div01"><head><hofClass key="hofCl_0164">Musik für das Orchester.</hofClass></head>
<wip id="hofm_1833_01_0002_01"><regNumber>1652</regNumber>. <composer key="compo_024319">Münchs (A.)</composer> <title>Grande Harmonie p. 2 Hautbois, 2 Clarinettes, Flûte, 2 Cors, 2 Bassons, Trompette, Trombonnes et Serpent (ou Contrebasse)</title>. <title>Cah. 1–3</title>. <pubPlace key="place_0438">Mainz</pubPlace>, <publisher key="publ_3563">Schott</publisher> à 5 Fl.</wip>
<wip id="hofm_1833_01_0002_02"><regNumber>1651</regNumber>. – <title>Musique militaire p. 3 Clarin. pet. Flûte, 2 Bassons, 2 Cors, Trompette, Trombonne, Serpent et grande Caisse</title>. <title>Cah. 1–5</title>. Ebend. à 3 Fl.</wip>
</div><div id="hofm_1833_01_0002_div02"><head><hofClass key="hofCl_0245">Musik für die Violine.</hofClass></head>
<bibl id="hofm_1833_01_0002_03"><regNumber>1662</regNumber>. <composer key="compo_026907">Pott (Aug.)</composer> <title>Les Adieux de Copenhague. Grand Concerto p. Violon av. Acc. de gr. Orchestre. Oe. <opus key="opus_0021">10</opus>, in <key>Am</key>, (avec Vign.)</title> <pubPlace key="place_0392">Leipzig</pubPlace>, <publisher key="publ_1746">Hofmeister</publisher> 4 Thlr. 12 Gr.</bibl>
<bibl id="hofm_1833_01_0002_04"><regNumber>1628</regNumber>. <composer key="compo_022904">Mendelssohn-Bartholdy (F.)</composer> <title>Ottetto p. 4 Violons, 2 Violes et 2 Vclles. Oe <opus key="opus_1390">20</opus>, in <key>Es</key></title>. <pubPlace key="place_0392">Leipzig</pubPlace>, <publisher key="publ_0437">Br. et Härtel</publisher> 3 Thlr. 12 Gr.</bibl>
<bibl id="hofm_1833_01_0002_05"><composer key="compo_001075">Auber</composer>, <title>Ouv. zur Oper: Fra Diavolo, f. 2 Viol. Alto u. Vclle</title>. (Recueil No. 12.) <pubPlace key="place_0731">Wien</pubPlace>, <publisher key="publ_0735">Diabelli u. Co</publisher>. 1 Fl.</bibl>
<bibl id="hofm_1833_01_0002_06"><composer key="compo_003603">Boieldieu</composer>, <title>Ouv. zur Oper: Die weisse Frau, f. 2 Viol. Alto u. Vclle</title>. (Recueil No. 10.) Ebend. 1 Fl.</bibl>
<bibl id="hofm_1833_01_0002_07"><composer key="compo_014430">Herold</composer>, <title>Ouverture zur Oper: Marie, f. 2 Viol. Alto und Vclle</title>. (Recueil No. 7.) Ebend. 1 Fl.</bibl>
<bibl id="hofm_1833_01_0002_08"><regNumber>1062</regNumber>. <composer key="compo_020014">Lanner (Jos.)</composer> <title>Die Ein und Dreissiger. Walzer f. 3 Violinen u. Bass (die 3te Viol. ad libït.) Op. <opus key="opus_3385">55</opus></title>. <pubPlace key="place_0731">Wien</pubPlace>, <publisher key="publ_2605">Mechetti</publisher> 1 Fl.</bibl>
<bibl id="hofm_1833_01_0002_09"><regNumber>1206</regNumber>. – <title>Bekannte Töne der Unbekannten. Cotillons nach den beliebtesten Motiven der Oper: La Straniera, v. Bellini f. do. Op. <opus key="opus_3454">57</opus></title>. Ebend. 1 Fl.</bibl>
<bibl id="hofm_1833_01_0002_10"><regNumber>1207</regNumber>. – <title>Die Wiener. Ländler f. do. Op. <opus key="opus_3529">59</opus></title>. Ebend. 1 Fl.</bibl>
<bibl id="hofm_1833_01_0002_11"><regNumber>1618</regNumber>. – <title>Sophien-Walzer f. do. Op. <opus key="opus_3701">62</opus></title>. Ebend. 1 Fl.</bibl>
<bibl id="hofm_1833_01_0002_12"><regNumber>1537</regNumber>. – <title>Die Badner Ring’ln. Walzer f. do. Op. <opus key="opus_3767">64</opus></title>. Ebend. 1 Fl.</bibl>
<bibl id="hofm_1833_01_0002_13"><regNumber>1610</regNumber>. – <title>Die jüngsten Kinder meiner Laune, f. do. Op. <opus key="opus_3798">65</opus></title>. Ebend. 1 Fl.</bibl>
<wip id="hofm_1833_01_0002_14"><regNumber>1602</regNumber>. – <title>Sammlung der neuesten und beliebtesten Galoppen f. 3 Violinen u. Bass</title>. <title>Heft 1, 2</title>. Ebend. à 1 Fl.</wip>
<bibl id="hofm_1833_01_0002_15"><composer key="compo_023267">Meyerbeer</composer>, <title>Ouv. zur Oper: Der Kreuzritter in Egypten (II Crociato) f. 2 Viol. Alto u. Vclle</title>. (Recueil No. 9.) <pubPlace key="place_0731">Wien</pubPlace>, <publisher key="publ_0735">Diabelli u. Co</publisher>. 1 Fl.</bibl>
<bibl id="hofm_1833_01_0002_16"><regNumber>1589</regNumber>. <composer key="compo_024958">Nohr (Fr.)</composer> <title>2 Quatuors p. 2 Violons, Viola et Vclle. Oe. <opus key="opus_2744">4. No. 1, 2</opus>, in <key>Es</key>, <key>G</key>, (déd. à Mr. Matthaei.)</title> <pubPlace key="place_0392">Leipzig</pubPlace>, <publisher key="publ_3023">Peters</publisher> à 1 Thlr. 8 Gr.</bibl>
<wip id="hofm_1833_01_0002_17"><composer key="compo_026707">Poessinger (A.)</composer> <title>6 fortschreitende Quartetten f. 2 Violinen, Viola u. Vclle. Op. <opus key="opus_3146">49. No. 1–6</opus>, in <key>C</key>, <key>F</key>, <key>G</key>, <key>Es</key>, <key>D</key>, <key>B</key>, n. A</title>. <pubPlace key="place_0731">Wien</pubPlace>, <publisher key="publ_0735">Diabelli u. Co</publisher>. <title>No. 1, 2</title>, à 1 Fl. <title>No. 3–6</title>, à 1 Fl. 15 Xr.</wip>
<album id="hofm_1833_01_0002_18"><title>Recueil des Ouvertures favorites, arr. p. 2 Violons, Alto et Vclle. No. 7–12</title>. Siehe <composer key="compo_001075"><xref type="external" from="hofm_1833_01_0002_05" to="DITTO" targOrder="U">Auber</xref></composer>, <composer key="compo_003603"><xref type="external" from="hofm_1833_01_0002_06" to="DITTO" targOrder="U">Boieldieu</xref></composer>, <composer key="compo_014430"><xref type="external" from="hofm_1833_01_0002_07" to="DITTO" targOrder="U">Herold</xref></composer>, <composer key="compo_023267"><xref type="external" from="hofm_1833_01_0002_15" to="DITTO" targOrder="U">Meyerbeer</xref></composer>, <composer key="compo_028968"><xref type="external" from="hofm_1833_01_0002_19" to="DITTO" targOrder="U">Rossini</xref></composer>. Ebend. à 1 Fl.</album>
<bibl id="hofm_1833_01_0002_19"><composer key="compo_028968">Rossini</composer>, <title>Ouv. zur Oper: Othello, f. 2 Viol. Alto u. Vclle</title>. (Recueil No. 11.) Ebend. 1 Fl.</bibl>
<bibl id="hofm_1833_01_0002_20"><regNumber>1592</regNumber>. <composer key="compo_021099">Lipinski (Ch.)</composer> <title>Trio p. 2 Violons et Violoncelle. Oe. <opus key="opus_0392">12</opus>, in <key>A</key></title>. <pubPlace key="place_0392">Leipzig</pubPlace>, <publisher key="publ_3023">Peters</publisher> 1 Thlr. 20 Gr.</bibl>
<bibl id="hofm_1833_01_0002_21"><regNumber>1618</regNumber>. <composer key="compo_020014">Lanner (Jos.)</composer> <title>Sophien-Walzer f. Violine m. Begl. d. Pfte. Op. <opus key="opus_3701">62</opus></title>. <pubPlace key="place_0731">Wien</pubPlace>, <publisher key="publ_2605">Mechetti</publisher> 45 Xr.</bibl>
<bibl id="hofm_1833_01_0002_22"><regNumber>1537</regNumber>. – <title>Die Badner Ring’ln. Walzer f. do. Op. <opus key="opus_3767">64</opus></title>. Ebend. 45 Xr.</bibl>
<pb n="3"/>
<bibl id="hofm_1833_01_0003_01"><regNumber>1610</regNumber>. <composer key="compo_020014">Lanner (Jos.)</composer> <title>Die jungsten Kinder meiner Laune, f. do. Op. <opus key="opus_3798">65</opus></title>. <pubPlace key="place_0731">Wien</pubPlace>, <publisher key="publ_2605">Mechetti</publisher> 45 Xr.</bibl>
<bibl id="hofm_1833_01_0003_02"><regNumber>1590</regNumber>. <composer key="compo_022558">Maurer (L.)</composer> <title>3 Duos concertans p. 2 Violons. Oe. <opus key="opus_3658">61</opus>. No. 1–3, in <key>C</key>, <key>G</key>, <key>Es</key></title>. <pubPlace key="place_0392">Leipzig</pubPlace>, <publisher key="publ_3023">Peters</publisher> à 16 Gr.</bibl>
</div><div id="hofm_1833_01_0003_div03"><head><hofClass key="hofCl_0184">Musik für das Violoncelle.</hofClass></head>
<bibl id="hofm_1833_01_0003_03"><regNumber>1588</regNumber>. <composer key="compo_019130">Kummer (F.A.)</composer> <title>Adagio et Variations brillantes p. Violoncelle av. Acc. d’Orch. ou de Pfte. Oe. <opus key="opus_0021">10</opus>, in <key>A</key></title>. <pubPlace key="place_0280">Hannover</pubPlace> <publisher key="publ_0146">Bachmann u. N</publisher>. 1 Thlr.</bibl>
<bibl id="hofm_1833_01_0003_04"><regNumber>1631</regNumber>. – <title>Concertino p. Vclle av. Acc. de l’Orch. ou de Quatuor. Oe. <opus key="opus_0927">16</opus>, in <key>E</key></title>. <pubPlace key="place_0392">Leipzig</pubPlace>, <publisher key="publ_0437">Br. et Härtel</publisher> 2 Thlr.</bibl>
<bibl id="hofm_1833_01_0003_05"><regNumber>1663</regNumber>. <composer key="compo_007289">Dotzauer (J.J.F.)</composer> <title>Grand Quatuor concertant p. Violoncelle, Violon, Alto et Contre-Basse (ou Vclle second). Oe. <opus key="opus_0559">130</opus>, in <key>Es</key></title>. <pubPlace key="place_0392">Leipzig</pubPlace>, <publisher key="publ_1746">Hofmeister</publisher> 1 Thlr. 12 Gr.</bibl>
<bibl id="hofm_1833_01_0003_06"><regNumber>1650</regNumber>. – <title>25 Leçons p. Violoncelle av. Acc. d’un second Vclle Oe. <opus key="opus_0451">123</opus>, le Suite de la Méthode de Vclle</title>. <pubPlace key="place_0438">Mainz</pubPlace>, <publisher key="publ_3563">Schott</publisher> 1 Fl. 36 Xr.</bibl>
<wip id="hofm_1833_01_0003_07"><regNumber>1662</regNumber>. – <title>6 Rondinos über beliebte Opern f. Violoncelle m. Begl. d. Pfte. Op. <opus key="opus_0511">129</opus></title>. <title>No. 1, 2, aus Robert der Teufel, von Meyerbeer</title>. <title>No. 3, 4, aus la Straniera, v. Bellini</title>. <title>No. 5, 6, aus Fra Diavolo, v. Auber</title>. <pubPlace key="place_0554">Prag</pubPlace>, <publisher key="publ_0282">Berra</publisher>, No. 1, 2, 3, 4, 6, à 54 Xr. No. 5, 1 Fl.</wip>
</div><div id="hofm_1833_01_0003_div04"><head><hofClass key="hofCl_0200">Musik für die Flöte.</hofClass></head>
<bibl id="hofm_1833_01_0003_08"><regNumber>1665</regNumber>. <composer key="compo_002150">Belcke (C.G.)</composer> <title>Fantasia pastorale p. Flauto coll’ Acc. d’Orch. Op. <opus key="opus_3967">7</opus>. in <key>B</key></title>, (déd. à Mr. A.B. Fürstenau.) <pubPlace key="place_0392">Leipzig</pubPlace>, <publisher key="publ_1746">Hofmeister</publisher> 1 Thlr. 16 Gr.</bibl>
<bibl id="hofm_1833_01_0003_09"><regNumber>1664</regNumber>. <composer key="compo_007421">Drouët (L.)</composer> <title>3 Duos, arr. p. 2 Flûtes av. Accomp. de Pfte. Oe. <opus key="opus_0840">151</opus>. No. 1, Rossini, Duo de la Semiramide : „Serbami ognor.“ No. 2, Paër, Duo de l’Agnese : „Quel sepolcro.“ No. 3, Rossini, Duo de la Semiramide : „Ebben à te ferisci.“</title> Ebend. à 12 Gr.</bibl>
<bibl id="hofm_1833_01_0003_10"><regNumber>1665</regNumber>. <composer key="compo_002150">Belcke (C.G.)</composer> <title>Fantasia pastorale p. Flauto coll’ Acc. di Pfte. Op. <opus key="opus_3967">7</opus>, in <key>B</key></title>. Ebend. 16 Gr.</bibl>
<bibl id="hofm_1833_01_0003_11"><composer key="compo_006919">Diabelli (A.)</composer> <title>Productionen im häuslichen Freundschafts-Zirkel f. Flöte m. Begl. d. Pfte. No. 27–29. Herold, Zampa, oder die Marmorbraut</title>. <pubPlace key="place_0731">Wien</pubPlace>, <publisher key="publ_0735">Diabelli et Co</publisher>. à 45 Xr.</bibl>
<bibl id="hofm_1833_01_0003_12"><title>Unterhaltungen (angenehme) f. Flötenspieler. Sammlung leichter Stücke aus Opern f. 2 Flöten. No. 1</title>. <pubPlace key="place_0561">Quedlinburg</pubPlace>, <publisher key="publ_0194">Basse</publisher> 14 Gr.</bibl>
<wip id="hofm_1833_01_0003_13"><composer key="compo_006919">Diabelli (A.)</composer> <title>Der musikalische Gesellschafter in einsamen Stunden. Periodisches Werk f. Flöte</title>. <pubPlace key="place_0731">Wien</pubPlace>, <publisher key="publ_0735">Diabelli u. Co</publisher>. <title>No. 52, Auber, Fiorella, Oper</title>. 1 Fl. <title>No. 53, Herold, Zampa, oder die Marmorbraut, Oper</title>. <title>1ste Abtheilung</title>, 1 Fl. No. 54, do. <title>2te Abtheilung</title>. 45 Xr.</wip>
</div><div id="hofm_1833_01_0003_div05"><head><hofClass key="hofCl_0131">Musik für verschiedene Blasinstrumente.</hofClass></head>
<bibl id="hofm_1833_01_0003_14"><regNumber>1607</regNumber>. <composer key="compo_025267">Oestreich (C.)</composer> <title>12 Trios f. 3 Waldhömer. 2tes Heft</title>. <pubPlace key="place_0199">Frankfurt</pubPlace>, <publisher key="publ_0819">Dunst</publisher> 1 Fl.</bibl>
<bibl id="hofm_1833_01_0003_15"><composer key="compo_018960">Krähmer (E.)</composer> <title>Romance et Rondeau p. Czakan et Pfte. Oe. <opus key="opus_2131">30</opus></title>. <pubPlace key="place_0731">Wien</pubPlace>, <publisher key="publ_0735">Diabelli et Co</publisher>. 1 Fl.</bibl>
<wip id="hofm_1833_01_0003_16"><composer key="compo_006918">Diabelli</composer>, <title>Mon Plaisir. Ouvrage périodique p. Czakan</title>. Ebend. <title>Cah. 17, Auber, Fiorella, Oper</title>. <title>Cah. 18, 19, Herold, Zampa, oder die Marmorbraut, Oper. 1ste u. 2te Abtheilung</title>. à 45 Xr.</wip>
<pb n="4"/>
</div><div id="hofm_1833_01_0004_div06"><head><hofClass key="hofCl_0205">Musik für die Guitarre.</hofClass></head>
<bibl id="hofm_1833_01_0004_01"><regNumber>1641</regNumber>. <composer key="compo_019510">Küffner (J.)</composer> <title>23me Potpourri sur des Motifs de l’Opéra : Zampa, p. Guit. Flûte (ou Violon) et Alto. Oe. <opus key="opus_1778">246</opus></title>. <pubPlace key="place_0438">Mainz</pubPlace>, <publisher key="publ_3563">Schott</publisher> 1 Fl. 24 Xr.</bibl>
<bibl id="hofm_1833_01_0004_02"><regNumber>1642</regNumber>. – <title>24me Potpourri sur des Motifs de Fra Diavolo, p. do. Oe. <opus key="opus_1782">247</opus></title>. Ebend. 1 Fl.</bibl>
<bibl id="hofm_1833_01_0004_03"><composer key="compo_014437">Herold (F.)</composer> <title>Galoppe sur des Thêmes fav. de l’Opéra : Zampa, p. Guitarre et Flûte. (No. 10.)</title> <pubPlace key="place_0199">Frankfurt</pubPlace>, <publisher key="publ_1034">Fischer</publisher> 8 Xr.</bibl>
<bibl id="hofm_1833_01_0004_04"><regNumber>1649</regNumber>. <composer key="compo_019512">Küffner (Jos.)</composer> <title>21me Potpourri sur des Airs nationaux polonais p. Flûte ou Violon et Guitarre. Oe. <opus key="opus_1723">239</opus></title>. <pubPlace key="place_0438">Mainz</pubPlace>, <publisher key="publ_3563">Schott</publisher> 1 Fl. 24 Xr.</bibl>
<bibl id="hofm_1833_01_0004_05"><regNumber>1640</regNumber>. – <title>22me Potpourri sur des Motifs fav. de l’Opéra : Fra Diavolo d’Auber, p. Guit. et Flûte (ou Violon). Oe. <opus key="opus_1772">245</opus></title>. Ebend. 1 Fl. 12 Xr.</bibl>
<bibl id="hofm_1833_01_0004_06"><regNumber>1625</regNumber>. <composer key="compo_003399">Bobrowicz (J.N. de)</composer> <title>Variations brill. sur un Thême original p. Guitarre. Oe. <opus key="opus_0021">10</opus>, in <key>E</key></title>. <pubPlace key="place_0392">Leipzig</pubPlace>, <publisher key="publ_0437">Br. et Härtel</publisher> 8 Gr.</bibl>
<bibl id="hofm_1833_01_0004_07"><regNumber>1626</regNumber>. – <title>L’Impromptu. Variations sur un Thème original p. Guitarre. Oe. <opus key="opus_0392">12</opus>, in <key>A</key></title>. Ebend. 8 Gr.</bibl>
<bibl id="hofm_1833_01_0004_08"><composer key="compo_020014">Lanner (Jos.)</composer> <title>Auswahl beliebter Walzer und Ländler f. Guitarre. 1ste Sammlung</title>. <pubPlace key="place_0731">Wien</pubPlace>, <publisher key="publ_2605">Mechetti</publisher> 30 Xr.</bibl>
<bibl id="hofm_1833_01_0004_09"><composer key="compo_023246">Meyer (M.)</composer> <title>6 Favorit-Tänze f. Guitarre</title>. <pubPlace key="place_0392">Leipzig</pubPlace>, <publisher key="publ_0437">Br. u. Härtel</publisher> 4 Gr.</bibl>
</div><div id="hofm_1833_01_0004_div07"><head><hofClass key="hofCl_0167">Musik für das Pianoforte mit Begleitung.</hofClass></head>
<bibl id="hofm_1833_01_0004_10"><regNumber>1632</regNumber>. <composer key="compo_006306">Czerny (Ch.)</composer> <title>Grandes Variations brill. sur une Marche anglaise p. Pfte av. Acc. d’Orch. Oe. <opus key="opus_2021">280</opus>, in <key>E</key></title>. (Le Pianiste au Concert, Suite de nouv. Compositions brill. p. Pfte av. Acc. d’Orch. No. 2.) <pubPlace key="place_0731">Wien</pubPlace>, <publisher key="publ_0106">Artaria et Co</publisher>. 4 Fl. 30 Xr.</bibl>
<bibl id="hofm_1833_01_0004_11"><regNumber>1655</regNumber>. <composer key="compo_016826">Kalkbrenner (Fr.)</composer> <title>Grand Concerto p. 2 Pftes av. Acc. d’Orch. Oe. <opus key="opus_0451">123</opus>, in <key>C</key></title>. <pubPlace key="place_0392">Leipzig</pubPlace>, <publisher key="publ_2017">Kistner</publisher> 4 Thlr.</bibl>
<bibl id="hofm_1833_01_0004_12"><regNumber>1612</regNumber>. <composer key="compo_025941">Payer (Jerôme)</composer> <title>Variations brill. sur un Thême fav. de l’Opéra : La Fiancée (die Braut), p. Pfte av. Acc. de l’Orchestre. Oe. <opus key="opus_0873">154</opus>, in <key>A</key></title>, (déd. à Mr. Thalberg). <pubPlace key="place_0731">Wien</pubPlace>, <publisher key="publ_2605">Mechetti</publisher> 4 Fl.</bibl>
<bibl id="hofm_1833_01_0004_13"><regNumber>1668</regNumber>. <composer key="compo_026573">Pixis (J.P.)</composer> <title>Les trois Clochettes. Rondo brillant p. Pfte av. Acc. de grand Orchestre. Oe. <opus key="opus_0409">120</opus>, in <key>E</key></title>, (ded. à Mlle. Blahetka). <pubPlace key="place_0392">Leipzig</pubPlace>, <publisher key="publ_1746">Hofmeister</publisher> 2 Thlr. 8 Gr.</bibl>
<bibl id="hofm_1833_01_0004_14"><regNumber>1629</regNumber>. <composer key="compo_028393">Ries (F.)</composer> <title>Intr. et Variations brillantes p. Pfte av. Acc. de l’Orch. Oe. <opus key="opus_1085">170</opus>, in <key>F</key></title>. <pubPlace key="place_0392">Leipzig</pubPlace>, <publisher key="publ_0437">Br. et Härtel</publisher> 2 Thlr. 12 Gr.</bibl>
<wip id="hofm_1833_01_0004_15"><title>Amusemens de Société, ou Choix des Compositions brillantes p. Pfte av. Acc. de plusieurs Instruments</title>. <title>Cah. 30–33, 36, 40</title>. Siehe <composer key="compo_001039"><xref type="external" from="hofm_1833_01_0004_16" to="DITTO" targOrder="U">Assmayer</xref></composer>, <composer key="compo_006303"><xref type="external" from="hofm_1833_01_0004_17" to="DITTO" targOrder="U">Czerny</xref></composer>, <composer key="compo_014543"><xref type="external" from="hofm_1833_01_0005_03" to="DITTO" targOrder="U">Herz</xref></composer>. <pubPlace key="place_0731">Wien</pubPlace>, <publisher key="publ_0735">Diabelli et Co</publisher>. à 1 Fl. 15 Xr.–2 Fl.</wip>
<bibl id="hofm_1833_01_0004_16"><composer key="compo_001040">Assmayer (Ig.)</composer> <title>Variations brillantes av. Introd. et Coda p. Pfte av. Acc. de 2 Viol. Alto et Vclle. Oe. <opus key="opus_1932">27</opus>, in <key>E</key></title>. (Amus. de Société. No. 40.) Ebend. 2 Fl.</bibl>
<bibl id="hofm_1833_01_0004_17"><composer key="compo_006306">Czerny (Ch.)</composer> <title>Grande Polonaise brillante p. Pfte av. Acc. de 2 Viol. Alto et Vclle. Oe. <opus key="opus_1165">18</opus>, in <key>B</key></title>. (Amusemens de Société. No. 31.) Ebend. 2 Fl.</bibl>
<bibl id="hofm_1833_01_0004_18">– <title>Rondino sur un Thème fav. de l’Opéra : Maçon d’Auber, p. Pfte av. Acc. de 2 Viol. Alto et Vclle. Oe. <opus key="opus_0495">127</opus>, in <key>F</key></title>. (Amusemens de Société. No. 30.) Ebend. 2 Fl.</bibl>
<bibl id="hofm_1833_01_0004_19">– <title>Rondino sur les deux Barcaroles fav. de l’Opéra : La Muette de Portici, p. Pfte av. Acc. de 2 Viol. Alto et Vclle. Oe. <opus key="opus_1339">198</opus>, in <key>C</key></title>. (Amusemens de Société. No. 33.) <pubPlace key="place_0731">Wien</pubPlace>, <publisher key="publ_0735">Diabelli et Co</publisher>. 1 Fl. 30 Xr.</bibl>
<pb n="5"/>
<bibl id="hofm_1833_01_0005_01"><composer key="compo_006306">Czerny (C.)</composer> <title>Variations sur le Duo fav. : (Ha! ich stell’, du Falsche, dir,) de l’Opéra comique : Othellerl, p. do. Oe. <opus key="opus_1344">199</opus>, in <key>A</key></title>. (Amus. de Soc. No. 32.) Ebend. 1 Fl. 15 Xr.</bibl>
<bibl id="hofm_1833_01_0005_02"><regNumber>1632</regNumber>. – <title>Grandes Variations brill. sur une Marche anglaise p. Pfte av. Acc. de Quatuor. Oe. <opus key="opus_2021">280</opus>, in <key>E</key></title>. <pubPlace key="place_0731">Wien</pubPlace>, <publisher key="publ_0106">Artaria et Co</publisher>. 3 Fl.</bibl>
<bibl id="hofm_1833_01_0005_03"><composer key="compo_014550">Herz (H.)</composer> <title>1er Divertissement p. Pfte av. Acc. de 2 Viol. Alto et Vclle. Oe. <opus key="opus_0806">15</opus>, in <key>Es</key></title>. (Amus. de Société. No. 36.) <pubPlace key="place_0731">Wien</pubPlace>, <publisher key="publ_0735">Diabelli et Co</publisher>. 1 Fl. 30 Xr.</bibl>
<bibl id="hofm_1833_01_0005_04"><regNumber>1612</regNumber>. <composer key="compo_025940">Payer (J.)</composer> <title>Var brill. sur un Thême fav. de l’Opéra : La Fiancée, p. Pfte av. Acc. de Quatuor. Oe. <opus key="opus_0873">154</opus>, in <key>A</key></title>. <pubPlace key="place_0731">Wien</pubPlace>, <publisher key="publ_2605">Mechetti</publisher> 2 Fl. 30 Xr.</bibl>
<bibl id="hofm_1833_01_0005_05"><regNumber>1668</regNumber>. <composer key="compo_026573">Pixis (J.P.)</composer> <title>Les trois Clochettes. Rondo brillant p. Pfte av. Acc. de Quatuor. Oe. <opus key="opus_0409">120</opus>, in <key>E</key></title>. <pubPlace key="place_0392">Leipzig</pubPlace>, <publisher key="publ_1746">Hofmeister</publisher> 1 Thlr. 16 Gr.</bibl>
<bibl id="hofm_1833_01_0005_06"><composer key="compo_009589">Folly (Aug.)</composer> <title>Le Retour à Varsovie. Polonaise en Trio p. Pfte, Violon et Vclle. Oe. <opus key="opus_2187">31</opus></title>. <pubPlace key="place_0537">Paris</pubPlace> <publisher key="publ_3559">Schonenberger</publisher> 3 Fr.</bibl>
<bibl id="hofm_1833_01_0005_07"><composer key="compo_015944">Hünten (Fr.)</composer> <title>Trio p. Pfte, Violon et Vclle. Oe. <opus key="opus_0684">14</opus>, in <key>Es</key></title>. <pubPlace key="place_0392">Leipzig</pubPlace>, <publisher key="publ_3023">Peters</publisher> 20 Gr.</bibl>
<bibl id="hofm_1833_01_0005_08"><regNumber>1636</regNumber>. <composer key="compo_002659">Berr</composer> et <composer key="compo_009161">Fessy</composer>, <title>7me Fantaisie sur des Motifs de la Fiancée d’Auber p. Pfte et Clarinette</title>. <pubPlace key="place_0438">Mainz</pubPlace>, <publisher key="publ_3563">Schott</publisher> 1 Fl. 12 Xr.</bibl>
<bibl id="hofm_1833_01_0005_09"><regNumber>1637</regNumber>. – <title>9me Fantaisie sur des Motifs de la Muette de Portici p. do. do</title>. Ebend. 1 Fl. 24 Xr.</bibl>
<bibl id="hofm_1833_01_0005_10"><composer key="compo_014437">Herold (F.)</composer> <title>Zampa, oder die Marmorbraut. Oper f. Violine und Pfte concertant. Gesetzt v. A. Diabelli</title>. <pubPlace key="place_0731">Wien</pubPlace>, <publisher key="publ_0735">Diabelli u. Co</publisher>. 5 Fl.</bibl>
<bibl id="hofm_1833_01_0005_11"><regNumber>1593</regNumber>. <composer key="compo_019130">Kummer (F.A.)</composer> <title>Divertissement brillant sur des Thêmes fav. de l’Opéra : Le Siège de Corinthe, p. Pfte et Vclle ou Violon. Oe <opus key="opus_0392">12</opus>, in <key>C</key></title>. <pubPlace key="place_0392">Leipzig</pubPlace>, <publisher key="publ_3023">Peters</publisher> 1 Thlr.</bibl>
<bibl id="hofm_1833_01_0005_12"><composer key="compo_015944">Hünten (Fr.)</composer> <title>Polonaise p. Pfte et Violon. Oe. <opus key="opus_1584">22</opus>, in <key>A</key>, (n. A.)</title> <pubPlace key="place_0392">Leipzig</pubPlace>, <publisher key="publ_1746">Hofmeister</publisher>, Peters 12 Gr.</bibl>
<bibl id="hofm_1833_01_0005_13">– <title>Duo p. Pfte et Violon. Oe. <opus key="opus_1661">23</opus>, in <key>C</key>, (n. A.)</title> <pubPlace key="place_0392">Leipzig</pubPlace>, <publisher key="publ_1746">Hofmeister</publisher> 16 Gr. Peters 18 Gr.</bibl>
<bibl id="hofm_1833_01_0005_14"><regNumber>1668</regNumber>. <composer key="compo_026573">Pixis (J.P.)</composer> <title>Les trois Clochettes. Rondo concertant p. Pfte et Violon. Oe. <opus key="opus_0409">120</opus>, in <key>E</key></title>. <pubPlace key="place_0392">Leipzig</pubPlace>, <publisher key="publ_1746">Hofmeister</publisher> 1 Thlr. 4 Gr.</bibl>
<bibl id="hofm_1833_01_0005_15"><regNumber>1605</regNumber>. <composer key="compo_038068">Zeugherr (Herrmann J.)</composer> <title>Adagio et Rondo p. Pfte et Violon. Oe. <opus key="opus_1390">20</opus>, in <key>F</key></title>. <pubPlace key="place_0199">Frankfurt</pubPlace>, <publisher key="publ_0819">Dunst</publisher> 2 Fl. 24 Xr.</bibl>
<bibl id="hofm_1833_01_0005_16"><regNumber>1606</regNumber>. – <title>Andantino et Rondeau p. Pfte et Violon. Oe. <opus key="opus_1482">21</opus>, in <key>A</key></title>. Ebend. 2 Fl. 24 Xr.</bibl>
</div><div id="hofm_1833_01_0005_div08"><head><hofClass key="hofCl_0171">Musik für das Pianoforte zu 4 Händen.</hofClass></head>
<bibl id="hofm_1833_01_0005_17"><composer key="compo_001075">Auber</composer>, <title>Favorit-Stücke aus der Oper: Die Braut arr. f. Pfte zu 4 Händen</title>. <pubPlace key="place_0280">Hannover</pubPlace>, <publisher key="publ_0146">Bachmann u. N</publisher>. 10 Gr.</bibl>
<bibl id="hofm_1833_01_0005_18"><composer key="compo_002205">Bellini (V.)</composer> <title>I Montecchi e i Capuleti (Romeo und Julie). Grosse Oper. <format>Klavierauszug</format> zu 4 Händen v. Mockwitz</title>. <pubPlace key="place_0392">Leipzig</pubPlace>, <publisher key="publ_0437">Br. et Härtel</publisher>, geh. 3 Thlr. 12 Gr.</bibl>
<wip id="hofm_1833_01_0005_19"><regNumber>389</regNumber>. <composer key="compo_006306">Czerny (Ch.)</composer> <title>Souvenir théatral. Collection de Fantaisies élégantes sur les Motifs fav. de nouv. Opéras p. Pfte à 4 Mains. Oe. <opus key="opus_1782">247</opus></title>. <pubPlace key="place_0731">Wien</pubPlace>, <publisher key="publ_0735">Diabelli et Co</publisher>. à 1 Fl. 45 Xr. <listBibl rend="curly"><bibl><seg><title>Cah. 19. 1ère</title></seg><seg id="hofm_1833_01_0005_19_1" rend="curly-left"><title>Fantaisie sur les Motifs favoris de l’Opéra : Montecchi e Capuleti de Bellini</title>. </seg></bibl><bibl><seg><title>20. 2ème</title></seg><seg sameAs="hofm_1833_01_0005_19_1"/></bibl></listBibl></wip>
<bibl id="hofm_1833_01_0005_20"><composer key="compo_006792">Deppe (F.)</composer> <title>Introduction et Polonaise p. Pfte à 4 Mains (in <key>B</key>.)</title> <pubPlace key="place_0280">Hannover</pubPlace>, <publisher key="publ_0146">Bachmann et N</publisher>. 16 Gr.</bibl>
<pb n="6"/>
<wip id="hofm_1833_01_0006_01"><composer key="compo_006919">Diabelli (A.)</composer> <title>Euterpe. Eine Reihe modernér und vorzüglich beliebter Tonstücke f. Pfte zu 4 Händen</title>. <pubPlace key="place_0731">Wien</pubPlace>, <publisher key="publ_0735">Diabelli u. Co</publisher>. à 30 Xr. <lb/><title>No. 287–299, Herold, Zampa, oder die Marmorbraut</title>. <lb/>– <title>300, Schweizer-Melodien</title>.</wip>
<bibl id="hofm_1833_01_0006_02"><regNumber>1667</regNumber>. <composer key="compo_008310">Enckhausen (H.)</composer> <title>Grande Marche heroïque p. Pfte à 4 Mains. Oe. <opus key="opus_2403">34</opus>, in <key>Es</key></title>. <pubPlace key="place_0392">Leipzig</pubPlace>, <publisher key="publ_1746">Hofmeister</publisher> 10 Gr.</bibl>
<bibl id="hofm_1833_01_0006_03"><composer key="compo_014437">Herold (F.)</composer> <title>Zampa, oder die Marmorbraut, Oper. <format>Vollst. Klav. Ausz</format>. f. Pfte zu 4 Händen</title>. <pubPlace key="place_0731">Wien</pubPlace>, <publisher key="publ_0735">Diabelli u. Co</publisher>. geh. 6 Fl.</bibl>
<bibl id="hofm_1833_01_0006_04">– <title>Rondoletto aus der Oper: Zampa, oder die Marmorbraut, f. Pfte zu 4 Händen (in <key>G</key>.)</title> Ebend. 20 Xr.</bibl>
<bibl id="hofm_1833_01_0006_05"><composer key="compo_014550">Herz (H.)</composer> <title>Variations sur l’Air : Au Clair de la Lune, p. Pfte à 4 Mains. Oe. <opus key="opus_2737">4</opus>, in <key>Es</key></title>. <pubPlace key="place_0392">Leipzig</pubPlace>, <publisher key="publ_3023">Peters</publisher> 18 Gr.</bibl>
<bibl id="hofm_1833_01_0006_06"><composer key="compo_015944">Hünten (Fr.)</composer> <title>Variations brillantes et faciles sur un Air de la Famille suisse p. Pfte à 4 Mains. Oe. <opus key="opus_4300">8</opus>, in <key>A</key>. (n. A.)</title> <pubPlace key="place_0392">Leipzig</pubPlace>, <publisher key="publ_1746">Hofmeister</publisher>, Peters 12 Gr.</bibl>
<bibl id="hofm_1833_01_0006_07">– <title>Variations sur un Thême de Mozart, p. Pfte à 4 Mains. Oe. <opus key="opus_0234">11</opus>, in <key>C</key></title>. <pubPlace key="place_0392">Leipzig</pubPlace>, <publisher key="publ_3023">Peters</publisher> 12 Gr.</bibl>
<bibl id="hofm_1833_01_0006_08">– <title>Variations militaires sur la Marche d’Alexandre, p. Pfte à 4 Mains. Oe. <opus key="opus_0392">12</opus>, in <key>A</key>. (n. A.)</title> <pubPlace key="place_0392">Leipzig</pubPlace>, <publisher key="publ_1746">Hofmeister</publisher>, Peters 12 Gr.</bibl>
<bibl id="hofm_1833_01_0006_09">– <title>Polonaise brillante p. Pfte à 4 Mains. Oe. <opus key="opus_0927">16</opus>, in <key>E</key></title>. <pubPlace key="place_0392">Leipzig</pubPlace>, <publisher key="publ_3023">Peters</publisher> 10 Gr.</bibl>
<bibl id="hofm_1833_01_0006_10">– <title>Var. brill. sur la Cavatine du Barbier de Rossini : Ecco ridente il Cielo. Oe. <opus key="opus_1068">17</opus>, in <key>C</key>. (n. A.)</title> <pubPlace key="place_0392">Leipzig</pubPlace>, <publisher key="publ_1746">Hofmeister</publisher>, Peters 18 Gr.</bibl>
<bibl id="hofm_1833_01_0006_11">– <title>Variations sur le Thême favori de Mosé in Egitto de Rossini : Dov’é mai quel core amante. Oe. <opus key="opus_1802">25</opus>, in <key>A</key>. (n. A.)</title> Ebend. 16 Gr.</bibl>
<bibl id="hofm_1833_01_0006_12"><regNumber>1596</regNumber>. – <title>2 Rondeaux. No. 1, Rondeau sur un Thême de Carafa. No 2, Rondeau Calascionata Napolitana, p. Pfte à 4 Mains. Oe. <opus key="opus_3389">55. No. 1, 2</opus>, in <key>G</key>. <key>B</key></title>. <pubPlace key="place_0392">Leipzig</pubPlace>, <publisher key="publ_3023">Peters</publisher> à 12 Gr.</bibl>
<bibl id="hofm_1833_01_0006_13"><composer key="compo_022249">Marks (G.W.)</composer> <title>Mosaique. Zusammenstellung der vorzüglichsten Musik-Stücke der neuesten Opern f. Pfte zu 4 Händen. Op. <opus key="opus_1173">18. No. 2</opus>, Bajadere, Felsenmühle, Marquise, Templer, Teufel in Sevilla, Zampa</title>. <pubPlace key="place_0276">Hamburg</pubPlace>, <publisher key="publ_0640">Cranz</publisher> 16 Gr.</bibl>
<wip id="hofm_1833_01_0006_14"><regNumber>1129</regNumber>. <composer key="compo_023267">Meyerbeer</composer>, <title>Sämmtliche Ballets und Märsche aus der Oper: Robert der Teufel, f. Pfte zu 4 Händen, arr. von Wustrow</title>. <title>Heft 1, 2</title>. <pubPlace key="place_0044">Berlin</pubPlace>, <publisher key="publ_3471">Schlesinger</publisher> à 1 Thlr. 12 Gr.</wip>
<bibl id="hofm_1833_01_0006_15"><regNumber>1096</regNumber>. <composer key="compo_025363">Onslow (G.)</composer> <title>1ère Sinfonie, arr. p. Pfte à 4 Mains par Mockwitz. Oe. <opus key="opus_2804">41</opus>, in <key>A</key></title>. <pubPlace key="place_0392">Leipzig</pubPlace>, <publisher key="publ_2017">Kistner</publisher> 2 Thlr.</bibl>
<bibl id="hofm_1833_01_0006_16"><regNumber>1470</regNumber>. <composer key="compo_026573">Pixis (J.P.)</composer> <title>Variations brillantes sur un Thême fav. de l’Opéra : Le Templier et la Juive, arr. p. Pfte à 4 Mains. Oe. <opus key="opus_0376">119</opus>, in <key>E</key></title>, (av. Portrait de Mr. Pixis.) <pubPlace key="place_0392">Leipzig</pubPlace>, <publisher key="publ_1746">Hofmeister</publisher> 19 Gr.</bibl>
<bibl id="hofm_1833_01_0006_17"><regNumber>1603</regNumber>. <composer key="compo_028393">Ries (F.)</composer> <title>Marsch f. Pfte zu 4 Händen. Op. <opus key="opus_3668">61. No. 2</opus>, in <key>B</key></title>. <pubPlace key="place_0199">Frankfurt</pubPlace>, <publisher key="publ_0819">Dunst</publisher> 36 Xr.</bibl>
<bibl id="hofm_1833_01_0006_18"><regNumber>1648</regNumber>. <composer key="compo_029206">Rummel (Ch.)</composer> <title>Souvenir militair (Denkst du daran). <sic>Variariations</sic> brillantes p. Pfte à 4 Mains. Oe. <opus key="opus_4214">78</opus>, in <key>Es</key></title>. <pubPlace key="place_0438">Mainz</pubPlace>, <publisher key="publ_3563">Schott</publisher> 2 Fl. 24 Xr.</bibl>
<bibl id="hofm_1833_01_0006_19"><composer key="compo_014437">Herold (F.)</composer> <title>Ouverture de l’Opéra : Zampa, on la Fiancée de Marbre, p. Pfte à 4 Mains</title>. <pubPlace key="place_0731">Wien</pubPlace>, <publisher key="publ_2605">Mechetti</publisher> 48 Xr.</bibl>
</div><div id="hofm_1833_01_0006_div09"><head><hofClass key="hofCl_0166">Musik für das Pianoforte allein.</hofClass></head>
<bibl id="hofm_1833_01_0006_20"><composer key="compo_005246">Canthal (A.M.)</composer> <title>Fantaisie en Forme d’un Potpourri sur des Thêmes fav. de l’Opéra : Robert le Diable de Meyerbeer, p. Pfte</title>. <pubPlace key="place_0276">Hamburg</pubPlace>, <publisher key="publ_3607">Schuberth u. N</publisher>. 1 Thlr.</bibl>
<pb n="7"/>
<bibl id="hofm_1833_01_0007_01"><regNumber>1643</regNumber>. <composer key="compo_005614">Chopin (Fr.)</composer> <title>3 Nocturnes p. Pfte. Oe. <opus key="opus_4562">9</opus>, in<sic> </sic></title><pubPlace key="place_0392">Leipzig</pubPlace>, <publisher key="publ_2017">Kistner</publisher> 14 Gr.</bibl>
<wip id="hofm_1833_01_0007_02"><regNumber>389</regNumber>. <composer key="compo_006306">Czerny (Ch.)</composer> <title>Souvenir théatral. Collection de Fantaisies élégantes sur les Motifs fav. de nouv. Opéras p. Pfte. Oe. <opus key="opus_1782">247</opus></title>. <pubPlace key="place_0731">Wien</pubPlace>, <publisher key="publ_0735">Diabelli et Co</publisher>. à 1 Fl. 15 Xr. <listBibl rend="curly"><bibl><seg><title>Cah. 21, 1ère</title></seg><seg id="hofm_1833_01_0007_02_1" rend="curly-left"><title>Fantaisie sur les Motifs favoris de l’Opéra : Robert le Diable de Meyerbeer</title>. </seg></bibl><bibl><seg><title>22, 2ème</title></seg><seg sameAs="hofm_1833_01_0007_02_1"/></bibl><bibl><seg><title>23, 3ème</title></seg><seg sameAs="hofm_1833_01_0007_02_1"/></bibl><bibl><seg><title>24, 4ème</title></seg><seg sameAs="hofm_1833_01_0007_02_1"/></bibl></listBibl></wip>
<bibl id="hofm_1833_01_0007_03"><regNumber>1597</regNumber>. – <title>Rondo p. Pfte. Oe. <opus key="opus_1900">260</opus>, in <key>F</key></title>. <pubPlace key="place_0275">Halle</pubPlace>, <publisher key="publ_1583">Helmuth</publisher> 20 Gr.</bibl>
<bibl id="hofm_1833_01_0007_04"><regNumber>1661</regNumber>. <composer key="compo_009243">Field (J.)</composer> <title>11ème Nocturne p. Pfte (in <key>Es</key>)</title>. <pubPlace key="place_0044">Berlin</pubPlace>, <publisher key="publ_3471">Schlesinger</publisher> 10 Gr.</bibl>
<bibl id="hofm_1833_01_0007_05"><composer key="compo_015764">Haeuser (J.E.)</composer> <title>Neuestes musikalisches Blumenkörbchen. Eine Sammlung leichter und gelälliger Musikstücke f. Pfte. Jahrgang I. Heft I</title>. <pubPlace key="place_0561">Quedlinburg</pubPlace>, <publisher key="publ_0194">Basse</publisher> 20 Gr.</bibl>
<bibl id="hofm_1833_01_0007_06"><composer key="compo_014437">Herold (F.)</composer> <title>Rondoletto aus der Oper: Zampa, oder die Marmorbraut, f. Pfte (in <key>G</key>.)</title> <pubPlace key="place_0731">Wien</pubPlace>, <publisher key="publ_0735">Diabelli u. Co</publisher>. 15 Xr.</bibl>
<bibl id="hofm_1833_01_0007_07"><composer key="compo_014550">Herz (H.)</composer> <title>Rondo alla Cosacca p. Pfte. Oe. <opus key="opus_1372">2</opus>, in <key>D</key></title>. <pubPlace key="place_0392">Leipzig</pubPlace>, <publisher key="publ_3023">Peters</publisher> 14 Gr.</bibl>
<bibl id="hofm_1833_01_0007_08">– <title>Fantaisie p. Pfte. Oe. <opus key="opus_3181">5</opus>, in <key>B</key></title>. Ebend. 12 Gr.</bibl>
<bibl id="hofm_1833_01_0007_09">– <title>Rondeau brillant p. Pfte. Oe. <opus key="opus_0234">11</opus>, in <key>D</key>, (n. A.)</title> <pubPlace key="place_0392">Leipzig</pubPlace>, <publisher key="publ_1746">Hofmeister</publisher>, <publisher key="publ_3023">Peters</publisher> 1 Thlr.</bibl>
<bibl id="hofm_1833_01_0007_10">– <title>Fantaisie et Rondeau sur la Cavatine : Cara deh attendimi, p. Pfte. Oe. <opus key="opus_0392">12</opus>, in <key>C</key>, (n. A.)</title> Ebend. 20 Gr.</bibl>
<bibl id="hofm_1833_01_0007_11">– <title>Rondeau brillant sur un Air favori de la Neige p. Pfte. Oe. <opus key="opus_0684">14</opus>, in <key>F</key>, (n. A.)</title> Ebend. 12 Gr.</bibl>
<bibl id="hofm_1833_01_0007_12">– <title>Premier Divertissement p. Pfte. Oe. <opus key="opus_0806">15</opus>, in <key>Es</key>, (n. A.)</title> <pubPlace key="place_0392">Leipzig</pubPlace>, <publisher key="publ_1746">Hofmeister</publisher> 10 Gr. <publisher key="publ_3023">Peters</publisher> 12 Gr.</bibl>
<bibl id="hofm_1833_01_0007_13">– <title>Exercices et Préludes dans tous les Tons majeurs et mineurs p. Pfte. Oe. <opus key="opus_1482">21</opus>, (n. A.)</title> <pubPlace key="place_0392">Leipzig</pubPlace>, <publisher key="publ_1746">Hofmeister</publisher> 1 Thlr. 12 Gr. <publisher key="publ_3023">Peters</publisher> 1 Thlr. 16 Gr.</bibl>
<bibl id="hofm_1833_01_0007_14">– <title>Second Divertissement brill. sur une Cavatine favorite de Rossini p. Pfte. Oe. <opus key="opus_1584">22</opus>, in <key>G</key></title>. <pubPlace key="place_0392">Leipzig</pubPlace>, <publisher key="publ_3023">Peters</publisher> 14 Gr.</bibl>
<bibl id="hofm_1833_01_0007_15">– <title>Polonaise brillante p. Pfte. Oe. <opus key="opus_1802">25</opus>, in <key>B</key>, (n. A.)</title> <pubPlace key="place_0392">Leipzig</pubPlace>, <publisher key="publ_1746">Hofmeister</publisher>, <publisher key="publ_3023">Peters</publisher> 16 Gr.</bibl>
<bibl id="hofm_1833_01_0007_16">– <title>Rondeau de Concert p. Pfte. Oe. <opus key="opus_1932">27</opus>, in <key>A</key>, (n. A.)</title> Ebend. 18 Gr.</bibl>
<bibl id="hofm_1833_01_0007_17">– <title>Grande Polonaise brillante p. Pfte. Oe. <opus key="opus_2131">30</opus>, in <key>E</key>, (n. A.)</title> Ebend. 1 Thlr.</bibl>
<bibl id="hofm_1833_01_0007_18">– <title>Premier Caprice p. Pfte. Oe. <opus key="opus_2268">32</opus>, in <key>A</key>, (n. A.)</title> <pubPlace key="place_0392">Leipzig</pubPlace>, <publisher key="publ_1746">Hofmeister</publisher> 10 Gr. <publisher key="publ_3023">Peters</publisher> 12 Gr.</bibl>
<bibl id="hofm_1833_01_0007_19">– <title>Rondeau caractéristique sur la Barcarolle de Marie, p. Pfte. Oe. <opus key="opus_2347">33</opus>, in <key>C</key>, (n. A.)</title> <pubPlace key="place_0392">Leipzig</pubPlace>, <publisher key="publ_1746">Hofmeister</publisher> 12 Gr. <publisher key="publ_3023">Peters</publisher> 14 Gr.</bibl>
<bibl id="hofm_1833_01_0007_20"><composer key="compo_015944">Hünten (Fr.)</composer> <title>Nocturne brillant et facile p. Pfte. Oe. <opus key="opus_3181">5</opus>, in <key>G</key></title>. <pubPlace key="place_0392">Leipzig</pubPlace>, <publisher key="publ_3023">Peters</publisher> 8 Gr.</bibl>
<bibl id="hofm_1833_01_0007_21">– <title>Rondeau alla Polacca p. Pfte. Oe. <opus key="opus_3967">7</opus>, in <key>Es</key></title>. Ebend. 8 Gr.</bibl>
<bibl id="hofm_1833_01_0007_22">– <title>Rondoletto p. Pfte. Oe. <opus key="opus_0806">15</opus>, in <key>C</key>, (n. A.)</title> <pubPlace key="place_0392">Leipzig</pubPlace>, <publisher key="publ_1746">Hofmeister</publisher>, <publisher key="publ_3023">Peters</publisher> 8 Gr.</bibl>
<bibl id="hofm_1833_01_0007_23">– <title>Quatre Rondino p. Pfte. Oe. <opus key="opus_1482">21</opus>, in <key>G</key>, <key>C</key>, <key>D</key>, <key>A</key>. (n. A.)</title> Ebend. 8 Gr.</bibl>
<bibl id="hofm_1833_01_0007_24">– <title>Fantaisie sur les Themes fav. de la Donna del Lago de <pb n="8"/>Rossini p. Pfte. Oe. <opus key="opus_1731">24</opus>, in <key>C</key>, (n. A.)</title> <pubPlace key="place_0392">Leipzig</pubPlace>, <publisher key="publ_1746">Hofmeister</publisher>, <publisher key="publ_3023">Peters</publisher> 12 Gr.</bibl>
<bibl id="hofm_1833_01_0008_01"><regNumber>1595</regNumber>. <composer key="compo_015944">Hünten (Fr.)</composer> <title>Second Rondeau militaire sur un Air favori p. Pfte. Oe. <opus key="opus_3351">54</opus>, in <key>F</key></title>. <pubPlace key="place_0392">Leipzig</pubPlace>, <publisher key="publ_3023">Peters</publisher> 14 Gr.</bibl>
<wip id="hofm_1833_01_0008_02"><regNumber>1659</regNumber>. – <title>Delassement de l’Etude. Erheiterungen für die Jugend, enthaltend: Lieblingsstücke mit Fingersatz für den ersten Unterricht, f. Pfte</title>. <title>2 Hefte</title>. <pubPlace key="place_0044">Berlin</pubPlace>, <publisher key="publ_3471">Schlesinger</publisher> à 14 Gr.</wip>
<bibl id="hofm_1833_01_0008_03"><regNumber>1438</regNumber>. <composer key="compo_016826">Kalkbrenner (Fr.)</composer> <title>Le Rève. Grande Fantaisie p. Pfte. Oe. <opus key="opus_0299">113</opus>, in <key>A</key></title>. <pubPlace key="place_0392">Leipzig</pubPlace>, <publisher key="publ_2017">Kistner</publisher> 16 Gr.</bibl>
<bibl id="hofm_1833_01_0008_04"><regNumber>1639</regNumber>. – <title>Rondo brillant sur un Motif de l’Opéra : Le Serment ou les Faux-monnoyers, p. Pfte. Oe. <opus key="opus_0335">116</opus>, in <key>Es</key></title>. <pubPlace key="place_0438">Mainz</pubPlace>, <publisher key="publ_3563">Schott</publisher> 1 Fl. 12 Xr.</bibl>
<bibl id="hofm_1833_01_0008_05"><regNumber>1594</regNumber>. <composer key="compo_016840">Kalliwoda (J.W.)</composer> <title>Souvenir de Danse p. Pfte. Oe. <opus key="opus_2187">31</opus></title>. <pubPlace key="place_0392">Leipzig</pubPlace>, <publisher key="publ_3023">Peters</publisher> 16 Gr.</bibl>
<bibl id="hofm_1833_01_0008_06"><composer key="compo_018759">Kreutzer (B.)</composer> <title>Rondeau brillant p. Pfte. Oe. <opus key="opus_3565">6</opus>, in <key>D</key></title>. <pubPlace key="place_0199">Frankfurt</pubPlace>, <publisher key="publ_0819">Dunst</publisher> 1 Fl. 3 Xr.</bibl>
<bibl id="hofm_1833_01_0008_07"><regNumber>1643</regNumber>. <composer key="compo_019510">Küffner (J.)</composer> <title>8me Potpourri sur des Motifs de l’Opéra : Robert le Diable, p. Pfte. Oe. <opus key="opus_1840">250</opus></title>. <pubPlace key="place_0438">Mainz</pubPlace>, <publisher key="publ_3563">Schott</publisher> 1 Fl. 30 Xr.</bibl>
<bibl id="hofm_1833_01_0008_08"><composer key="compo_022690">Mayseder</composer>, <title>Divertissement, arr. p. W. Hünten p. Pfte. Oe. <opus key="opus_2458">35</opus>, in <key>D</key></title>. Ebend. 48 Xr.</bibl>
<wip id="hofm_1833_01_0008_09"><regNumber>1608</regNumber>. <composer key="compo_025267">Oestreich (C.)</composer> <title>3 Airs favoris de l’Opéra : Robert le Diable de Meyerbeer, arr. en Rondeaux p. Pfte. Oe. <opus key="opus_3974">7. No. 1–3</opus>, in <key>F</key>, <key>C</key>, <key>G</key></title>. <pubPlace key="place_0199">Frankfurt</pubPlace>, <publisher key="publ_0819">Dunst</publisher>, <title>No. 1</title>, 36 Xr. <title>No. 2, 3</title>, à 45 Xr.</wip>
<bibl id="hofm_1833_01_0008_10"><regNumber>1668</regNumber>. <composer key="compo_026573">Pixis (J.P.)</composer> <title>Les trois Clochettes. Rondo brillant p. Pfte. Oe. <opus key="opus_0409">120</opus>, in <key>E</key></title>. <pubPlace key="place_0392">Leipzig</pubPlace>, <publisher key="publ_1746">Hofmeister</publisher> 1 Thlr.</bibl>
<bibl id="hofm_1833_01_0008_11"><title>Potpourri d’après des Thêmes de l’Opéra : Tarare (Axur). Musique de Salieri p. Pfte</title>. <pubPlace key="place_0276">Hamburg</pubPlace>, <publisher key="publ_0640">Cranz</publisher> 12 Gr.</bibl>
<bibl id="hofm_1833_01_0008_12"><regNumber>1627</regNumber>. <composer key="compo_030368">Schlesinger (D.)</composer> <title>6 Exercices en Forme de Valses p. Pfte. Oe. <opus key="opus_0531">13</opus></title>. <pubPlace key="place_0392">Leipzig</pubPlace>, <publisher key="publ_0437">Br. et Härtel</publisher> 10 Gr.</bibl>
<bibl id="hofm_1833_01_0008_13"><composer key="compo_030714">Schnabel (C.)</composer> <title>Polonaise f. Pfte. Op. <opus key="opus_3181">5</opus>, in <key>C</key></title>. <pubPlace key="place_0276">Hamburg</pubPlace>, <publisher key="publ_0640">Cranz</publisher> 6 Gr.</bibl>
<bibl id="hofm_1833_01_0008_14"><regNumber>1633</regNumber>. <composer key="compo_034322">Thalberg (S.)</composer> <title>Fantaisie sur des Motifs favoris de l’Opéra : Robert le Diable, p. Pfte. Oe. <opus key="opus_3565">6</opus></title>. <pubPlace key="place_0731">Wien</pubPlace>, <publisher key="publ_0106">Artaria et Co</publisher>. 1 Fl. 12 Xr.</bibl>
</div><div id="hofm_1833_01_0008_div10"><head><hofClass key="hofCl_0292">Variationen für das Pianoforte.</hofClass></head>
<bibl id="hofm_1833_01_0008_15"><composer key="compo_014550">Herz (H.)</composer> <title>Intr. Variations et Finale concertans p. Pfte et Vclle ou Viol. Oe. <opus key="opus_3967">7</opus>, in <key>A</key></title>. <pubPlace key="place_0392">Leipzig</pubPlace>, <publisher key="publ_3023">Peters</publisher> 1 Thlr.</bibl>
<bibl id="hofm_1833_01_0008_16">– et <composer key="compo_019725">Lafont</composer>, <title>Duo et Var. conc. p. Pfte et Violon, sur la Romance : C’est une Larme. Oe. <opus key="opus_1165">18</opus>, in <key>Es</key>, (n. A.)</title> <pubPlace key="place_0392">Leipzig</pubPlace>. <publisher key="publ_1746">Hofmeister</publisher>, <publisher key="publ_3023">Peters</publisher> 20 Gr.</bibl>
<bibl id="hofm_1833_01_0008_17">– <title>Fantaisie et Variations p. Pfte et Violon, sur des Thêmes russes. Oe. <opus key="opus_1271">19</opus>, in <key>D</key>, (n. A.)</title> <pubPlace key="place_0392">Leipzig</pubPlace>, <publisher key="publ_1746">Hofmeister</publisher> 16 Gr. <publisher key="publ_3023">Peters</publisher> 18 Gr.</bibl>
<bibl id="hofm_1833_01_0008_18">– <title>Intr. et Var. conc. p. Pfte et Violon, sur la Chansonette fav. de l’Enfant du Regiment. Oe. <opus key="opus_1731">24</opus>, in <key>D</key>, (n. A.)</title> <pubPlace key="place_0392">Leipzig</pubPlace>, <publisher key="publ_1746">Hofmeister</publisher>. <publisher key="publ_3023">Peters</publisher> 18 Gr.</bibl>
<bibl id="hofm_1833_01_0008_19"><regNumber>1598</regNumber>. <composer key="compo_006306">Czerny (Ch.)</composer> <title>2 Thêmes originaux variés p. Pfte. Oe. <opus key="opus_1871">258, No. 1, 2</opus>, in <key>G</key>, <key>D</key></title>. <pubPlace key="place_0275">Halle</pubPlace>, <publisher key="publ_1583">Helmuth</publisher> à 12 Gr.</bibl>
<bibl id="hofm_1833_01_0008_20"><regNumber>1632</regNumber>. – <title>Grandes Variations brill. sur une Marche anglaise p. Pfte. Oe. <opus key="opus_2021">280</opus>, in <key>E</key></title>. <pubPlace key="place_0731">Wien</pubPlace>, <publisher key="publ_0106">Artaria et Co</publisher>. 1 Fl. 30 Xr.</bibl>
<bibl id="hofm_1833_01_0008_21"><composer key="compo_007639">Döhler (Th.)</composer> <title>Variations brill. sur la Cavatine fav. (Meco tu vieni o misera) de l’Opéra : La Straniera de Bellini, p. Pfte. Oe. <opus key="opus_1372">2</opus>, in <key>Gm</key></title>. (déd. à Mr. C. Czerny.) <pubPlace key="place_0731">Wien</pubPlace>, <publisher key="publ_0735">Diabelli et Co</publisher>. 1 Fl. 30 Xr.</bibl>
<pb n="9"/>
<bibl id="hofm_1833_01_0009_01"><composer key="compo_014550">Herz (H.)</composer> <title>Allegro et Variations faciles p. Pfte. Oe. <opus key="opus_2116">3</opus>, in <key>C</key>, (n. A.)</title> <pubPlace key="place_0392">Leipzig</pubPlace>, <publisher key="publ_1746">Hofmeister</publisher>, <publisher key="publ_3023">Peters</publisher> 12 Gr.</bibl>
<bibl id="hofm_1833_01_0009_02">– <title>Grandes Variations p. Pfte. Oe. <opus key="opus_3565">6</opus>, in <key>Es</key></title>. Ebend. 16 Gr.</bibl>
<bibl id="hofm_1833_01_0009_03">– <title>Variations avec Intr. et Polonaise. Oe. <opus key="opus_4300">8</opus>, in <key>F</key></title>. <pubPlace key="place_0392">Leipzig</pubPlace>, <publisher key="publ_3023">Peters</publisher> 16 Gr.</bibl>
<bibl id="hofm_1833_01_0009_04">– <title>Variations et Rondeau sur un Air allemand favori p. Pfte Oe. <opus key="opus_4562">9</opus>, in <key>C</key></title>. Ebend. 16 Gr.</bibl>
<bibl id="hofm_1833_01_0009_05">– <title>Variations brillantes sur l’Air favori : Ma Fanchette est charmante, p. Pfte. Oe. <opus key="opus_0021">10</opus>, in <key>F</key>, (n. A.)</title> <pubPlace key="place_0392">Leipzig</pubPlace>, <publisher key="publ_1746">Hofmeister</publisher>, <publisher key="publ_3023">Peters</publisher> 20 Gr.</bibl>
<bibl id="hofm_1833_01_0009_06">– <title>Variations sur un Air tyrolien favori p. Pfte. Oe. <opus key="opus_0531">13</opus>, in <key>F</key>, (n. A.)</title> <pubPlace key="place_0392">Leipzig</pubPlace>, <publisher key="publ_1746">Hofmeister</publisher> 10 Gr. <publisher key="publ_3023">Peters</publisher> 12 Gr.</bibl>
<bibl id="hofm_1833_01_0009_07">– <title>Var. brill. sur la Cavatine fav. : Aurora sorgerai. Oe. <opus key="opus_1068">17</opus>, in <key>G</key>, (n. A.)</title> <pubPlace key="place_0392">Leipzig</pubPlace>, <publisher key="publ_1746">Hofmeister</publisher>, <publisher key="publ_3023">Peters</publisher> 16 Gr.</bibl>
<bibl id="hofm_1833_01_0009_08">– <title>Var de Bravoure sur la Romance de Joseph. Oe. <opus key="opus_1390">20</opus>, in <key>C</key>, (n. A.)</title> Ebend. 16 Gr.</bibl>
<bibl id="hofm_1833_01_0009_09">– <title>Var. brill. sur le Choeur fav. de l’Opéra : Il Crociato de Meyerbeer, p. Pfte. Oe. <opus key="opus_1661">23</opus>, in <key>Es</key>, (n. A.)</title> <pubPlace key="place_0392">Leipzig</pubPlace>, <publisher key="publ_1746">Hofmeister</publisher> 12 Gr. <publisher key="publ_3023">Peters</publisher> 14 Gr.</bibl>
<bibl id="hofm_1833_01_0009_10">– <title>Var non difficiles sur la Gavotte de Vestris p. Pfte. Oe. <opus key="opus_1999">28</opus>, in <key>C</key>, (n. A.)</title> <pubPlace key="place_0392">Leipzig</pubPlace>, <publisher key="publ_1746">Hofmeister</publisher>, <publisher key="publ_3023">Peters</publisher> 10 Gr.</bibl>
<bibl id="hofm_1833_01_0009_11">– <title>Var. et Finale sur un Air de Ballet de Paer, p Pfte. Oe. <opus key="opus_2066">29</opus>, in <key>B</key></title>. <pubPlace key="place_0392">Leipzig</pubPlace>, <publisher key="publ_3023">Peters</publisher> 16 Gr.</bibl>
<bibl id="hofm_1833_01_0009_12">– <title>Var. précédées d’une Intr. sur un Air saxon p. Pfte. Oe. <opus key="opus_2187">31</opus>, in <key>A</key>, (n. A.)</title> <pubPlace key="place_0392">Leipzig</pubPlace>, <publisher key="publ_1746">Hofmeister</publisher>, <publisher key="publ_3023">Peters</publisher> 12 Gr.</bibl>
<bibl id="hofm_1833_01_0009_13">– <title>Grandes Variations sur le Choeur des Grecs du Siège de Corinthe, p. Pfte. Oe. <opus key="opus_2509">36</opus>, in <key>A</key>, (n. A.)</title> Ebend. 16 Gr.</bibl>
<bibl id="hofm_1833_01_0009_14"><composer key="compo_015944">Hünten (Fr.)</composer> <title>Variations sur le Duo de Winter : Wenn mir dein Auge strahlet, p. Pfte. Oe. <opus key="opus_4562">9</opus>, in <key>As</key></title>. <pubPlace key="place_0392">Leipzig</pubPlace>, <publisher key="publ_3023">Peters</publisher> 12 Gr.</bibl>
<bibl id="hofm_1833_01_0009_15">– <title>Grandes Variations sur un Air de Himmel, p. Pfte. Oe. <opus key="opus_0021">10</opus>, in <key>F</key></title>. Ebend. 12 Gr.</bibl>
<bibl id="hofm_1833_01_0009_16">– <title>Variations sur un Air allemand p. Pfte. Oe. <opus key="opus_0531">13</opus>, in <key>G</key>, (n. A.)</title> <pubPlace key="place_0392">Leipzig</pubPlace>, <publisher key="publ_1746">Hofmeister</publisher>, <publisher key="publ_3023">Peters</publisher> 8 Gr.</bibl>
<bibl id="hofm_1833_01_0009_17">– <title>Thême de Himmel : An Alexis send’ ich dich, varié p. Pfte. Oe. <opus key="opus_1881">26</opus>, in <key>C</key>, (n. A.)</title> Ebend. 12 Gr.</bibl>
<bibl id="hofm_1833_01_0009_18"><regNumber>1437</regNumber>. <composer key="compo_016826">Kalkbrenner (Fr.)</composer> <title>Variations brillantes sur l’Air : Je suis le petit Tambour etc. p. Pfte. Oe. <opus key="opus_0281">112</opus>, in <key>Es</key></title>. <pubPlace key="place_0392">Leipzig</pubPlace>, <publisher key="publ_2017">Kistner</publisher> 16 Gr.</bibl>
<bibl id="hofm_1833_01_0009_19"><regNumber>1656</regNumber>. – <title>Tyrolienne de Mdme. Malibran : Bonheur de se revoir, variée, p. Pfte. Oe. <opus key="opus_0325">115</opus>, in <key>Es</key></title>. Ebend. 16 Gr.</bibl>
<bibl id="hofm_1833_01_0009_20"><regNumber>1657</regNumber>. – <title>Thême tiré du Ballet : l’Orgie, arr. p. Pfte. Oe. <opus key="opus_0347">117</opus>, in <key>B</key></title>. Ebend. 12 Gr.</bibl>
<bibl id="hofm_1833_01_0009_21"><composer key="compo_022690">Mayseder</composer>, <title>Variations. Oe. <opus key="opus_2948">44</opus>, in <key>F</key>. arr. av. une nouvelle Introduction p. W. Hünten, p. Pfte</title>. <pubPlace key="place_0438">Mainz</pubPlace>, <publisher key="publ_3563">Schott</publisher> 48 Xr.</bibl>
<bibl id="hofm_1833_01_0009_22"><regNumber>1612</regNumber>. <composer key="compo_025940">Payer (J.)</composer> <title>Variations brill. sur un Thême fav. de l’Opéra : La Fiancée, p. Pfte. Oe. <opus key="opus_0873">154</opus>, in <key>A</key></title>. <pubPlace key="place_0731">Wien</pubPlace>, <publisher key="publ_2605">Mechetti</publisher> 1 Fl. 30 Xr.</bibl>
<bibl id="hofm_1833_01_0009_23"><regNumber>1629</regNumber>. <composer key="compo_028393">Ries (F.)</composer> <title>Intr. et Variations brillantes p. Pfte. Oe. <opus key="opus_1085">170</opus>, in <key>F</key></title>. <pubPlace key="place_0392">Leipzig</pubPlace>, <publisher key="publ_0437">Br. et Härtel</publisher> 1 Thlr.</bibl>
<bibl id="hofm_1833_01_0009_24"><regNumber>1644</regNumber>. <composer key="compo_029119">Ruckgaber (J.)</composer> <title>Variations sur un Thême original p. Pfte. Oe. <opus key="opus_1881">26</opus>, in <key>E</key></title>. <pubPlace key="place_0438">Mainz</pubPlace>, <publisher key="publ_3563">Schott</publisher> 1 Fl. 12 Xr.</bibl>
<bibl id="hofm_1833_01_0009_25"><regNumber>1623</regNumber>. <composer key="compo_032217">Siegel (D.S.)</composer> <title>Variations sur un Duetto de l’Opéra : Tancredi, p. Pfte. Oe. <opus key="opus_3586">60</opus>, in <key>Es</key></title>. <pubPlace key="place_0392">Leipzig</pubPlace>, <publisher key="publ_0437">Br. et Härtel</publisher> 10 Gr.</bibl> 
<bibl id="hofm_1833_01_0009_26"><composer key="compo_035980">Waldhoer (M.)</composer> <title>12 leichte Variationen über den beliebten <pb n="10"/>Gesang: Du, du liegst mir am Herzen, f. Pfte. Op. <opus key="opus_2116">3</opus>, in <key>G</key></title>. <pubPlace key="place_0343">Kempten</pubPlace>, <publisher key="publ_2247">Kösel</publisher> 36 Xr.</bibl>
<bibl id="hofm_1833_01_0010_01"><composer key="compo_035980">Waldhoer (M.)</composer> <title>12 Variationen über das Thema: Jubelklang, froher Sang, aus der Oper: Die weisse Frau, v. Boieldieu, f. Pfte. Op. <opus key="opus_2737">4</opus>, in <key>C</key></title>. Ebend. 24 Xr.</bibl>
<bibl id="hofm_1833_01_0010_02"><composer key="compo_014437">Herold (F.)</composer> <title>Ouverture de l’Opéra : Zampa ou la Fiancée de Marbre, p. Pfte</title>. <pubPlace key="place_0731">Wien</pubPlace>, <publisher key="publ_2605">Mechetti</publisher> 36 Xr.</bibl>
</div><div id="hofm_1833_01_0010_div11"><head><hofClass key="hofCl_0288">Tänze für das Pianoforte.</hofClass></head>
<album id="hofm_1833_01_0010_03"><title>Auswahl der neuesten und beliebtesten Tänze. No. 55, Hannöverscher Schützen-Walzer, – Alpensänger-Walzer n. Fischer. No. 56, Walzer aus der Braut, – Wiener Triumph-Walzer, Galopp. No. 57, 2 Hofball-Walzer u. Radavatschka. No. 58, Friedrichs-Promenaden-Walzer, – Galopp aus Fra Diavolo, – Galopp v. Stahla</title>. <pubPlace key="place_0280">Hannover</pubPlace>, <publisher key="publ_0146">Bachmann u. N</publisher>. à 4 Gr.</album>
<bibl id="hofm_1833_01_0010_04"><regNumber>1654</regNumber>. <composer key="compo_005614">Chopin (Fr.)</composer> <title>4 Mazurkas p. Pfte. Liv. 1, Oe. <opus key="opus_3565">6</opus></title>. <pubPlace key="place_0392">Leipzig</pubPlace>, <publisher key="publ_2017">Kistner</publisher> 10 Gr.</bibl>
<bibl id="hofm_1833_01_0010_05">– – <title>do. Liv. 2, Oe. <opus key="opus_3967">7</opus></title>. Ebend. 10 Gr.</bibl>
<bibl id="hofm_1833_01_0010_06"><regNumber>1617</regNumber>. <composer key="compo_012176">Gross de Rosenburg (Ch.)</composer> <title>6 Masureks p. Pfte</title>. <pubPlace key="place_0731">Wien</pubPlace>, <publisher key="publ_2605">Mechetti</publisher> 24 Xr.</bibl>
<bibl id="hofm_1833_01_0010_07"><composer key="compo_015706">Haensel (A.)</composer> <title>Contredanse p. Pfte</title>. <pubPlace key="place_0147">Dresden</pubPlace>, <publisher key="publ_2661">Meser</publisher> 4 Gr.</bibl>
<bibl id="hofm_1833_01_0010_08"><composer key="compo_014550">Herz (H.)</composer> <title>Douze Valses brillantes p. Pfte. Oe. <opus key="opus_1881">26</opus>, (n. A.)</title> <pubPlace key="place_0392">Leipzig</pubPlace>, <publisher key="publ_1746">Hofmeister</publisher>, Peters 10 Gr.</bibl>
<bibl id="hofm_1833_01_0010_09">– <title>Contredanses brillantes et variées suivies d’une grande Valse. Oe. <opus key="opus_2458">35</opus>, (n. A.)</title> Ebend. 12 Gr.</bibl>
<bibl id="hofm_1833_01_0010_10"><regNumber>1609</regNumber>. <composer key="compo_015817">Hölzel (Ch.)</composer> <title>Valses p. Pfte</title>. <pubPlace key="place_0731">Wien</pubPlace>, <publisher key="publ_2605">Mechetti</publisher> 30 Xr.</bibl>
<bibl id="hofm_1833_01_0010_11"><regNumber>1658</regNumber>. <title>Huldigung der Freude. Sammlung ausgewählter Modetänze f. Pfte. No. 89, 3 Rutscher v. C.A. Reichardt</title>. <pubPlace key="place_0392">Leipzig</pubPlace>, <publisher key="publ_2017">Kistner</publisher> 3 Gr.</bibl>
<wip id="hofm_1833_01_0010_12"><composer key="compo_016274">Jany (J.)</composer> <title>Valses de Robert le Diable sur des Motifs favoris de cet Opéra, p. Pfte. Oe. <opus key="opus_1377">2. No. 1, 2</opus></title>. <pubPlace key="place_0245">Grätz</pubPlace>, <publisher key="publ_1317">Greiner</publisher>, <title>No. 1</title>, 12 Gr. <title>No. 2</title>, 10 Gr. n.</wip>
<bibl id="hofm_1833_01_0010_13"><regNumber>1587</regNumber>. <composer key="compo_019463">Körner (G.F.)</composer> <title>2 Polonaisen über: Noch ist Polen nicht verloren, und Thema aus dem Opferfeste</title>. <pubPlace key="place_0280">Hannover</pubPlace>, <publisher key="publ_0146">Bachmann u. Nagel</publisher> 4 Gr.</bibl>
<bibl id="hofm_1833_01_0010_14"><composer key="compo_019467">Körner (L.)</composer> <title>4 Polonaisen</title>. Ebend. 9 Gr.</bibl>
<bibl id="hofm_1833_01_0010_15"><composer key="compo_019201">Kupsch (C.G.)</composer> <title>Blumensträusschen aus Terpsichore’s Garten. 6 Tänze f. Pfte. Eine Gabe für die schöne Welt</title>. <pubPlace key="place_0147">Dresden</pubPlace>, <publisher key="publ_4034">Thieme</publisher> 8 Gr.</bibl>
<bibl id="hofm_1833_01_0010_16"><regNumber>1620</regNumber>. <composer key="compo_020014">Lanner (Jos.)</composer> <title>Lemberger Mazur f. Pfte. Op. <opus key="opus_3586">60</opus></title>. <pubPlace key="place_0731">Wien</pubPlace>, <publisher key="publ_2605">Mechetti</publisher> 12 Xr.</bibl>
<bibl id="hofm_1833_01_0010_17"><regNumber>1618</regNumber>. – <title>Sophien-Walzer f. Pfte. Op. <opus key="opus_3701">62</opus></title>, (Paradies-Garten-Musik, 2tes Heft). Ebend. 48 Xr.</bibl>
<bibl id="hofm_1833_01_0010_18"><regNumber>1610</regNumber>. – <title>Die jüngsten Kinder meiner Laune. Ländler f. Pfte. Op. <opus key="opus_3798">65</opus></title>. Ebend. 45 Xr.</bibl>
<bibl id="hofm_1833_01_0010_19"><composer key="compo_023269">Meyerbeer (J.)</composer> <title>Cotillon nach den beliebtesten Themas aus der Oper: Robert der Teufel, f. Pfte</title>. <pubPlace key="place_0276">Hamburg</pubPlace>, <publisher key="publ_0640">Cranz</publisher> 5 Gr.</bibl>
<bibl id="hofm_1833_01_0010_20">– <title>1me et 2me Valse favorite de l’Opéra : Robert le Diable, p. Pfte. (No. 37, 38.)</title> <pubPlace key="place_0199">Frankfurt</pubPlace>, <publisher key="publ_0819">Dunst</publisher> à 8 Xr.</bibl>
<album id="hofm_1833_01_0010_21"><title>Moden-Tänze (deutsche) f. Pfte. 2ter Jahrgang. No. 2, <composer key="compo_033663">Strube</composer>, Hopser, Wiener, Regdowack und Walpurgisnacht-Walzer. No. 3, <composer key="compo_013393">Hartmann</composer>, Ecossaise, Walzer und Rutscher</title>. <pubPlace key="place_0742">Wolfenbüttel</pubPlace>, <publisher key="publ_1499">Hartmann</publisher> à 2 Gr.</album>
<pb n="11"/>
<bibl id="hofm_1833_01_0011_01"><composer key="compo_027201">Pugni</composer>, <title>Monferina a. d. Balette: Adelheid von Frankreich</title>. (Terpsichore. Journal périodique de Pièces choisies de Ballets, arr. p. Pfte. No. 40.) <pubPlace key="place_0731">Wien</pubPlace>. <publisher key="publ_2605">Mechetti</publisher> 30 Xr.</bibl>
<bibl id="hofm_1833_01_0011_02"><regNumber>1619</regNumber>. <composer key="compo_029024">Rothkrepf (Fr.)</composer> <title>Marien-Walzer f. Pfte</title>. Ebend. 36 Xr.</bibl>
<bibl id="hofm_1833_01_0011_03"><title>Sammlung der neuesten und beliebtesten Galoppen f. Pfte. No. 23, <composer key="compo_020007">Lanner</composer>, Redout-Galoppe</title>. Ebend. 12 Xr.</bibl>
<wip id="hofm_1833_01_0011_04"><title>Sammlung (zweite) beliebter Tänze nach beliebten Themas ans den Opern von Auber, Boieldieu etc. f. Pfte</title>. <title>Heft. 2, 3</title>. <pubPlace key="place_0276">Hamburg</pubPlace>, <publisher key="publ_0640">Cranz</publisher>. à 8 Gr.</wip>
<bibl id="hofm_1833_01_0011_05"><composer key="compo_030714">Schnabel (C.)</composer> <title>4 Tänze f. Pfte. Op. <opus key="opus_2737">4</opus></title>. Ebend. 4 Gr.</bibl>
<bibl id="hofm_1833_01_0011_06"><regNumber>1611</regNumber>. <composer key="compo_035526">Vinciguerra (Josephine)</composer> <title>Impromptu. Walzer f. Pfte</title>. <pubPlace key="place_0731">Wien</pubPlace>, <publisher key="publ_2605">Mechetti</publisher> 24 Xr.</bibl>
<bibl id="hofm_1833_01_0011_07"><title>Terpsichore. Auswahl beliebter Hamburger Tänze f. Pfte. No. 127, a. d. Marquise von Brinvilliers u. d. Flibustiern</title>. <pubPlace key="place_0276">Hamburg</pubPlace>, <publisher key="publ_0640">Cranz</publisher> 4 Gr.</bibl>
</div><div id="hofm_1833_01_0011_div12"><head><hofClass key="hofCl_0250">Märsche für das Pianoforte.</hofClass></head>
<bibl id="hofm_1833_01_0011_08"><title>Alpensänger-Marsch (Leipziger Revolutions-Marsch)</title>. <pubPlace key="place_0280">Hannover</pubPlace>, <publisher key="publ_0146">Bachmann u. N</publisher>. 2 Gr.</bibl>
<bibl id="hofm_1833_01_0011_09"><title>Favorit-Marsch van het General Chassé vor het Pfte</title>. <pubPlace key="place_0011">Amsterdam</pubPlace>, (<pubPlace key="place_0147">Dresden</pubPlace>, <publisher key="publ_2661">Meser</publisher>) 3 Gr.</bibl>
<bibl id="hofm_1833_01_0011_10"><regNumber>1613</regNumber>. <composer key="compo_013714">Hebenstreit (M.)</composer> <title>3 grosse Märsche f. d. 2te Wiener Bürger-Regiment f. Pfte</title>. <pubPlace key="place_0731">Wien</pubPlace>, <publisher key="publ_2605">Mechetti</publisher> 30 Xr.</bibl>
<bibl id="hofm_1833_01_0011_11"><composer key="compo_023267">Meyerbeer</composer>, <title>Marsch aus der Oper: Robert der Teufel, f. Pfte. (No. 8.)</title> <pubPlace key="place_0199">Frankfurt</pubPlace>, <publisher key="publ_0819">Dunst</publisher> 8 Xr.</bibl>
<wip id="hofm_1833_01_0011_12"><title>Sammlung der neuesten und beliebtesten Märsche f. Pfte</title>. <pubPlace key="place_0731">Wien</pubPlace>, <publisher key="publ_2605">Mechetti</publisher> à 12 Xr. <lb/><title>No. 11, <composer key="compo_020007">Lanner</composer>, Marsch nach beliebten Motiven der Oper: Zampa</title>. <lb/>– <title>12, – 2ter Marsch nach do</title>.</wip>
<bibl id="hofm_1833_01_0011_13"><title>Clavier-Tabelle, oder tabellarische Uebersicht der ersten Erfordernisse beim Clavierspielen</title>. Fol. <pubPlace key="place_0561">Quedlinburg</pubPlace>, <publisher key="publ_0194">Basse</publisher> 5 Gr.</bibl>
</div><div id="hofm_1833_01_0011_div13"><head><hofClass key="hofCl_0225">Musik für die Orgel.</hofClass></head>
<bibl id="hofm_1833_01_0011_14"><composer key="compo_024272">Müller (W.A.)</composer> <title>Nachspiele f. d. Orgel zu 4 Händen</title>. <pubPlace key="place_0561">Quedlinburg</pubPlace>, <publisher key="publ_0194">Basse</publisher> 10 Gr.</bibl>
<wip id="hofm_1833_01_0011_15"><title>Museum f. Orgelspieler. Sammlung gediegener und effectvoller Orgel-Compositionen älterer und neuerer Zeit. 2ter Band</title>. <title>3te–6te Lieferung</title>. <pubPlace key="place_0554">Prag</pubPlace>, <publisher key="publ_0282">Berra</publisher> à 45 Xr.</wip>
<bibl id="hofm_1833_01_0011_16"><title>Museum (neues, vollständiges) zum Gebrauch f. Organisten in allen Theilen ihres Berufs und zur allseitigen Ausbildung f. dieselben; herausgegeben von einem Vereine vorzüglicher Orgelcomponisten. Ir Jahrgang, 1833, in 6 Heften. Heft 1</title>. 4. <pubPlace key="place_0449">Meissen</pubPlace>, <publisher key="publ_1397">Gödsche</publisher>, geh. Subscriptions-Preis f. 6 Hefte 1 Thlr. 12 Gr.</bibl>
<bibl id="hofm_1833_01_0011_17"><composer key="compo_028447">Rink (Ch. H.)</composer> <title>Der Choralfreund, oder Studien für das Choralspielen. Op. <opus key="opus_0137">104</opus>. 1ster Jahrgang, 6tes und letztes Heft</title>. <pubPlace key="place_0438">Mainz</pubPlace>, <publisher key="publ_3563">Schott</publisher> 4 Gr.</bibl>
<bibl id="hofm_1833_01_0011_18"><composer key="compo_030753">Schneider (Fr.)</composer> <title>Höhere Orgelschule als Fortsetzung des Handbuchs des Organisten. 48 Orgel-Trios</title>. 4. <pubPlace key="place_0392">Leipzig</pubPlace>, <publisher key="publ_0478">Brüggemann</publisher>, geh. 1 Thlr.</bibl>
</div><div id="hofm_1833_01_0011_div14"><head><hofClass key="hofCl_0068">Kirchenmusik.</hofClass></head>
<bibl id="hofm_1833_01_0011_19"><composer key="compo_018133">Kohlhas (H.)</composer> <title>Einzelne Stimmen (Sopr. Alt, Ten. u. Bass) zum ersten Hefte des praktischen Chorfreundes</title>. 12mo. <pubPlace key="place_0319">Ilmenau</pubPlace>, <publisher key="publ_4216">Voigt</publisher>, geh. 1 Rthlr. 6 Gr.</bibl>
<pb n="12"/>
<bibl id="hofm_1833_01_0012_01"><regNumber>1666</regNumber>. <composer key="compo_021207">Loewe (Carl)</composer> <title>Die Zerstörung voh Jerusalem, grosses Oratorium in 2 Abtheilungen von G. Nicolai. Op. <opus key="opus_2131">30</opus>. <format>Vollständiger Klavier-Auszug</format></title>. <pubPlace key="place_0392">Leipzig</pubPlace>, <publisher key="publ_1746">Hofmeister</publisher>, geh. 5 Thlr. (NB. Die Partitur ist noch unter der Presse. Der Subscriptions-Preis von 10 Thlr. Pr. C. dauert nur bis Ende März dieses Jahres, dann tritt der Ladenpreis von 15 Thlr. ein.)</bibl>
</div><div id="hofm_1833_01_0012_div15"><head><hofClass key="hofCl_0020">Gesangstücke für Concertmusik mit Orchester.</hofClass></head>
<bibl id="hofm_1833_01_0012_02"><regNumber>1614</regNumber>. <composer key="compo_019684">Lachner (Fr.)</composer> <title>Der Ball auf dem Kirchhofe. Nachts in der Cajüte. War ich zu Haus. 3 Gedichte f. eine Singstimme mit Pfte. u. Vclle (oder Flöte, Violine, Horn). Op. <opus key="opus_2403">34</opus>. (Die Jungfrau schläft. – Das Meer hat seine Perlen. – Der Sturm spielt auf zum Tanze.)</title> <pubPlace key="place_0731">Wien</pubPlace>, <publisher key="publ_2605">Mechetti</publisher> 2 Fl.</bibl>
<bibl id="hofm_1833_01_0012_03"><regNumber>1615</regNumber>. – <title>3 deutsche Gesänge f. eine Singst. m. Pfte u. Vclle. Op. <opus key="opus_2509">36</opus>. (Wie dunkle Träume stehen, – An jedem Abend geh’ ich aus, – Deine weichen Lilienfinger.)</title> Ebend. 1 Fl. 15 Xr.</bibl>
<bibl id="hofm_1833_01_0012_04"><composer key="compo_025698">Panseron (A.)</composer> <title>Philomele, (Der Schäfer hat beim Abend-strahle,) f. eine Singst. u. obl. Flöte m. Begl. d. Pfte oder d. Guitarre</title>. <pubPlace key="place_0280">Hannover</pubPlace>, <publisher key="publ_0146">Bachmann und Nagel</publisher> 8 Gr.</bibl>
<bibl id="hofm_1833_01_0012_05"><regNumber>1634</regNumber>. <composer key="compo_025688">Panny (Jos.)</composer> <title>Cavatine f. Tenor solo mit Begl. d. Orchester. Op. <opus key="opus_2347">33</opus>. (Ach, die Mädchen.)</title> <pubPlace key="place_0438">Mainz</pubPlace>, <publisher key="publ_3563">Schott</publisher> 1 Fl. 12 Xr.</bibl>
<bibl id="hofm_1833_01_0012_06">– – Dieselbe mit Begleitung des Quartetts (oder Pfte). Ebend. 1 Fl. 12 Xr.</bibl>
<bibl id="hofm_1833_01_0012_07"><regNumber>1638</regNumber>. – <title>Wikingerbalk (des Seemanns Gesetze). Gesang aus Frithjof’s Sage, für Männerchorstimmen, Tenor solo u. Orchesterbegleitung. Op. <opus key="opus_2403">34</opus>. No. 5, der Chöre</title>. <format>Partitur</format> 2 Fl. <format>Orchester und Singstimmen</format> 3 Fl. 30 Xr.</bibl>
</div><div id="hofm_1833_01_0012_div16"><head><hofClass key="hofCl_0102">Mehrstimmige Gesänge mit und ohne Pianoforte.</hofClass></head>
<bibl id="hofm_1833_01_0012_08"><regNumber>1645</regNumber>. <composer key="compo_018761">Kreutzer (C.)</composer> <title>6 Lieder von Emmy, (Der Italiener, Britte, Franzose, Schweizer, Russe und Deutsche,) f. 4 Männerstimmen</title>. <pubPlace key="place_0438">Mainz</pubPlace>, <publisher key="publ_3563">Schott</publisher> 1 Fl. 30 Xr.</bibl>
<bibl id="hofm_1833_01_0012_09"><regNumber>1646</regNumber>. <composer key="compo_021978">Mainzer</composer>, <title>Deutsche Lieder aus Italien f. 4 Männerstimmen. (So sey denn Dir, dem Einzigen, – Sey uns gegrüsst, – Hin fahr’ ich, – Der Schönheit sey ein Lebehoch gebracht.)</title> Ebend. 1 Fl. 30 Xr.</bibl>
<bibl id="hofm_1833_01_0012_10"><regNumber>1621</regNumber>. <composer key="compo_024808">Nicolai (O.)</composer> <title>Gesänge f. Männerstimmen, (dem Vereine der jüngern Künstler in Berlin gewidmet). Op. <opus key="opus_1068">17</opus>. (Ausgehalten! kämpft sie nieder, – Hast du das Schloss gesehen, – An Wasserflüssen Babylons, – Ach, ich verschmachte, schenket ein.)</title> <pubPlace key="place_0044">Berlin</pubPlace>, <publisher key="publ_0300">Bethge</publisher> 16 Gr.</bibl>
<bibl id="hofm_1833_01_0012_11"><regNumber>1506</regNumber>. <composer key="compo_025688">Panny (Jos.)</composer> <title>Der Herbst am Rhein f. Chorgesang. Op. <opus key="opus_2268">32</opus>. (Gesang und Tänze, lasst heut.) <format>Klavier-Auszug</format> u. <format>Singstimmen</format></title>. <pubPlace key="place_0438">Mainz</pubPlace>, <publisher key="publ_3563">Schott</publisher> 1 Fl. 12 Xr.</bibl>
<bibl id="hofm_1833_01_0012_12"><regNumber>1638</regNumber>. – <title>Wikingerbalk, (des Seemanns Gesetze.) Gesang aus Frithjof’s Sage, für Männerchorstimmen und <sic>Tennor</sic> solo. <format>Klavierauszug und Singstimmen</format>. Op. <opus key="opus_2403">34</opus></title>. Ebend. 1 Fl. 12 Xr.</bibl>
<bibl id="hofm_1833_01_0012_13"><regNumber>1604</regNumber>. <composer key="compo_028393">Ries (F.)</composer> <title>6 Lieder f. 4 Männerstimmen. Op. <opus key="opus_1115">173</opus>. (Was trinket ihr? schenkt lustig ein! – Lebe mit der ganzen Welt in Frieden, – Im Nebelgeriesel, im tiefen Schnee, – Liebe, recht tief gehegt, – Auf des Maines grünen Auen, – Trarira, die Singezeit ist da.)</title> <pubPlace key="place_0199">Frankfurt</pubPlace>, <publisher key="publ_0819">Dunst</publisher> 2 Fl. 24 Xr.</bibl>
<bibl id="hofm_1833_01_0012_14"><composer key="compo_029226">Rungenhagen (C.)</composer> <title>3 Gesänge f. 2 Altstimmen mit Pfte. Op. <opus key="opus_2403">34</opus>. 1stes Heft der Duetten f. tiefe Stimmen. (Wie schwimmt ihr, ihr Wolken, – Es flüstert still in dunkler Nacht, – Wie freundlich strahlt ihr Sterne.)</title> <pubPlace key="place_0044">Berlin</pubPlace>, <publisher key="publ_1366">Gröbenschütz u. S</publisher>. 10 Gr.</bibl>
<pb n="13"/>
</div><div id="hofm_1833_01_0013_div17"><head><hofClass key="hofCl_0268">Opernmusik mit Pianofortebegleitung.</hofClass></head>
<wip id="hofm_1833_01_0013_01"><title>L’Aurora d’Italia e di Germania. Sammlung der beliebtesten Gesänge</title>. <pubPlace key="place_0731">Wien</pubPlace>, <publisher key="publ_2605">Mechetti</publisher>. <lb/><title>No. 161, <composer key="compo_014430">Herold</composer>, Duetto aus Zampa: Wo bin ich? O Gott! – Dove son? Oh Ciel!</title> 36 Xr. <lb/>– <title>163, – Duetto aus do.: Warum, sprich warum? – Per che, per che tremi?</title> 1 Fl. 15 Xr. <lb/>– <title>188, <composer key="compo_034322">Thalberg (S.)</composer> Arietta: Kann ich es wohl ertragen, – Non so frenar il pianto</title>. 15 Xr.</wip>
<bibl id="hofm_1833_01_0013_02"><title>Favorit-Duetten aus den vorzüglichsten Opern. No. 85, <composer key="compo_025592">Pacini</composer>, Duett f. Sopr. u. Bass aus: L’ultimo giorno di Pompei, (Squarciami il core, – Grausamer Gatte.)</title> <pubPlace key="place_0731">Wien</pubPlace>, <publisher key="publ_0735">Diabelli u. Co</publisher>. 1 Fl. 15 Xr.</bibl>
<bibl id="hofm_1833_01_0013_03">*<composer key="compo_026480">Pillwitz</composer>, <title>Rataplan, der kleine Tambour. No. 1, Arie: Geht zur Schlacht. No. 5, Arie: Seit jenem Sturme. No. 7, Arie: So leb’ denn wohl. No. 8, Duett: Denkst du daran?</title> <pubPlace key="place_0280">Hannover</pubPlace>, <publisher key="publ_0146">Bachmann u. N</publisher>. à 4 Gr.</bibl>
</div><div id="hofm_1833_01_0013_div18"><head><hofClass key="hofCl_0040">Gesänge für eine Stimme mit Begleitung des Pianoforte.</hofClass></head>
<bibl id="hofm_1833_01_0013_04"><regNumber>1616</regNumber>. <composer key="compo_000037">Abenheim (Jos.)</composer> <title>6 Lieder. Op. <opus key="opus_2116">3</opus>. (Die linden Lüfte sind erwacht, – Schweigend in des Abends Stille, – Wie von Blume zu Blame, – Uf’m Bergli bin i g’sässe, – Wie kommt’s dass du so traurig bist, – Es zieh’n drei Gesellen in’s Weite.)</title> <pubPlace key="place_0731">Wien</pubPlace>, <publisher key="publ_2605">Mechetti</publisher> 1 Fl.</bibl>
<bibl id="hofm_1833_01_0013_05"><regNumber>1647</regNumber>. <composer key="compo_000438">Almenräder (C.)</composer> <title><title>Des Hauses letzte Stunde. (Im Garten zu Schönbrunnen.)</title></title> <pubPlace key="place_0438">Mainz</pubPlace>, <publisher key="publ_3563">Schott</publisher> 48 Xr.</bibl>
<album id="hofm_1833_01_0013_06"><title>Bilder des Orients von H. Stieglitz, in einer Auswahl von verschiedenen Componisten, herausgegeben von Sundelin. Heft 1. (<composer key="compo_017664">B. Klein</composer>, Unter Nachtigall und Rosen. <composer key="compo_022150">Mantius</composer>, Hell glüh’n die Sterne. <composer key="compo_012054">Griebel</composer>, Im weiten Meer der Wüste. Sundelin, Den jungen Freiheits-morgen.)</title> <pubPlace key="place_0044">Berlin</pubPlace>, <publisher key="publ_1366">Gröbenschütz u. S</publisher>. 8. Gr.</album>
<bibl id="hofm_1833_01_0013_07"><regNumber>1630</regNumber>. <composer key="compo_005748">Claudius (O.)</composer> <title>9 Lieder v. W. Müller. (Das Wandern ist des Müllers Lust, – Ich hört’ ein Bächlein rauschen, – Eine Mühle seh’ ich blinken, – War es also gemeint, – Am Bach viel kleine Blumen steh’n, – Ich möchte zieh’n in die Welt hinaus, – Ihr Blümlein alle, – Wo ein treues Herze, – Gute Ruh’! gute Ruh’!)</title> <pubPlace key="place_0392">Leipzig</pubPlace>, <publisher key="publ_0437">Br. u. Härtel</publisher> 16 Gr.</bibl>
<wip id="hofm_1833_01_0013_08"><regNumber>1622</regNumber>. <composer key="compo_010223">Fröhlich (Th.)</composer> <title>12 Lieder v. J. Körner. Op. <opus key="opus_0021">10</opus></title>. <title>Heft. 1, (Wohl auf und froh gewandert, – Die Strassen, die ich gehe, – In einem dunkeln Thal, – Morgen kommt mit lichtem Grusse, – Tief durch den Wald, – Durch Sturm und Nacht, – In diesen bangen Tagen.)</title> <title>Heft 2, (Ein Alpenhorn hör ich schallen, – Wie mit Gold die Wälder prangen, – Wann von heiliger Kapelle, – Ziehe nicht so spröd’ und schnelle, – Wann die Lämmer wieder springen.)</title> <pubPlace key="place_0044">Berlin</pubPlace>, <publisher key="publ_0300">Bethge</publisher> à 16 Gr.</wip>
<bibl id="hofm_1833_01_0013_09"><composer key="compo_012040">Greulich (G.W.)</composer> <title>Preussisches Nationallied, (Ich bin ein Preusse, kennt ihr meine Farben?)</title> <pubPlace key="place_0044">Berlin</pubPlace>, <publisher key="publ_0224">Bechtold u. H</publisher>. 4 Gr.</bibl>
<pb n="14"/>
<wip id="hofm_1833_01_0014_01"><composer key="compo_017170">Keller (C.)</composer> <title>4 Lieder. Op. <opus key="opus_2268">32</opus></title>. <title>No. 1, Abendgesang: Es senkt mit kühlendem Gefieder</title>, 6 Gr. <title>Derselbe f. die Bassstimme</title>, 6 Gr. <title>No. 2, Hedwigs Wunsch: Hedwig, meine kleine Schwester</title>, 8 Gr. <title>No. 3, Sehnsucht: Wo ziehst du, Lüftchen, so eilig hin?</title> 6 Gr. <title>No. 4, Ursach und Wirkung: Ich kann es nicht, ach! nicht sagen</title>, 7 Gr. <pubPlace key="place_0280">Hannover</pubPlace>, <publisher key="publ_0146">Bachmann u. N</publisher>. <lb/>Sämmtliche 6 Liedersammlungen im Bachmann’schen Verlage, in einem Hefte, kosten im Subscriptions-Preise 3 Thlr.</wip>
<bibl id="hofm_1833_01_0014_02"><composer key="compo_018759">Kreutzer (B.)</composer> <title>Abschied vom Leben. Op. <opus key="opus_3967">7</opus>. (Die Wunde brennt.)</title> <pubPlace key="place_0199">Frankfurt</pubPlace>, <publisher key="publ_0819">Dunst</publisher> 27 Xr.</bibl>
<bibl id="hofm_1833_01_0014_03"><composer key="compo_019044">Kugler</composer>, <title>Eckensteher-Lied, (Det beste Leben hab’ ick doch.)</title> <pubPlace key="place_0044">Berlin</pubPlace>, <publisher key="publ_0632">Cosmar u. Krause</publisher> 4 Gr.</bibl>
<bibl id="hofm_1833_01_0014_04"><regNumber>1624</regNumber>. <composer key="compo_021308">Lorenz (O.)</composer> <title>Lieder und Romanzen, (Da droben auf jenem Berge, – König ist der Hirtenknabe, – Mein Mädchen wohnt im Niederland, – Du bist vom Schlaf erstanden, – In der Wiege liege, – Wohnt’ einst ein Todtengräber, – Zwei Särge einsam stehen.)</title> <pubPlace key="place_0392">Leipzig</pubPlace>, <publisher key="publ_0437">Br. u. Härtel</publisher> 16 Gr.</bibl>
<bibl id="hofm_1833_01_0014_05"><regNumber>1591</regNumber>. <composer key="compo_021207">Loewe (C.)</composer> <title>Der Gang nach dem Eisenhammer. Ballade von Schiller, mit Beibehaltung von B.A. Weber’s melodramatischer Instrumentalmusik für eine Singstimme mit Pfte. Op</title>. <opus key="opus_1068">17</opus>. <pubPlace key="place_0392">Leipzig</pubPlace>, <publisher key="publ_3023">Peters</publisher> 1 Thlr. 16 Gr.</bibl>
<bibl id="hofm_1833_01_0014_06"><regNumber>1660</regNumber>. – <title>Die Gruft der Liebenden, (Da, wo des Tajo grünlichblauer Strom.) Ballade. Op. <opus key="opus_1482">21</opus></title>. <pubPlace key="place_0044">Berlin</pubPlace>, <publisher key="publ_3471">Schlesinger</publisher> 1 Rthlr.</bibl>
<bibl id="hofm_1833_01_0014_07"><regNumber>1599</regNumber>. <composer key="compo_022113">Manna (R.)</composer> <title>6 Ariette</title>. <title>Parte 1, 2</title>. <pubPlace key="place_0731">Wien</pubPlace>, <publisher key="publ_2605">Mechetti</publisher>. <title>Parte 1</title>, 48 Xr. <title>Parte 2</title>, 1 Fl.</bibl>
<bibl id="hofm_1833_01_0014_08"><composer key="compo_024438">Natorp (Baronessa di, nata Marianna Sessi)</composer> <title>4 Canzonette nove Italiane. Liv. 2</title>. <pubPlace key="place_0276">Hamburg</pubPlace>, <publisher key="publ_0640">Cranz</publisher> 8 Gr.</bibl>
<bibl id="hofm_1833_01_0014_09"><regNumber>1601</regNumber>. <composer key="compo_024808">Nicolai (O.)</composer> <title>Deutsche Lieder. 4tes Heft. Op. <opus key="opus_0531">13</opus>. (Wenn mir ein junger Bursche, – Die linden Lüfte sind erwacht, – Schlafe, süsser Kleiner, du, – O, sag mir doch, Claudine, – Was soll ich erst kaufen?)</title> <pubPlace key="place_0044">Berlin</pubPlace>, <publisher key="publ_0300">Bethge</publisher> 16 Gr.</bibl>
<bibl id="hofm_1833_01_0014_10">– <title>Die Verwandlung. (Verborgen wuchs ein Veilchen.)</title> Ebend. 6 Gr.</bibl>
<bibl id="hofm_1833_01_0014_11"><composer key="compo_025267">Oestreich (C.)</composer> <title>Ostrolenka. (Im Feld von Ostrolenka.)</title> <pubPlace key="place_0199">Frankfurt</pubPlace>, <publisher key="publ_0819">Dunst</publisher> 45 Xr.</bibl>
<bibl id="hofm_1833_01_0014_12"><regNumber>1600</regNumber>. *<composer key="compo_025510">Otto (Fr.)</composer> <title>6 Gesänge. 4te Sammlung. Op. <opus key="opus_0392">12</opus>. (Ich möchte sie wohl sehen, – Ich trage zwei Wörtlein im Herzen, – Minna! du kleine Blöde, – Einsam an dem Fenster, – Liebchen, sieh wie freundlich, – Wandre nur immer, Vöglein.)</title> <pubPlace key="place_0392">Leipzig</pubPlace>, <publisher key="publ_4124">P. del Vecchio</publisher> 12 Gr.</bibl>
<bibl id="hofm_1833_01_0014_13"><regNumber>1634</regNumber>. <composer key="compo_025688">Panny (Jos.)</composer> <title>Cavatine für Tenor. (Ach, die Mädchen.) Op. <opus key="opus_2347">33</opus></title>. <pubPlace key="place_0438">Mainz</pubPlace>; <publisher key="publ_3563">Schott</publisher> 24 Xr.</bibl>
<bibl id="hofm_1833_01_0014_14">*<title>Sammlung auserlesener und beliebter Volkslieder. No. 6, (Herz! wo hi zieht es di! – Gueten Abe Vreneli!)</title> <pubPlace key="place_0280">Hannover</pubPlace>, <publisher key="publ_0146">Bachmann u. N</publisher>. 4 Gr.</bibl>
<bibl id="hofm_1833_01_0014_15"><composer key="compo_035981">Waldhör (M.)</composer> <title>Neues Volks-Lieder-Buch zur Weckung und Belehrung der Tugend und des Frohsinns</title>. 4. <pubPlace key="place_0343">Kempten</pubPlace>, <publisher key="publ_2247">Kösel</publisher>, geh. 1 Fl. 12 Xr.</bibl>
<bibl id="hofm_1833_01_0014_16"><regNumber>1635</regNumber>. <composer key="compo_036258">Weber (Fr.)</composer> <title>4 Gedichte von Göthe und Platen. Op. <opus key="opus_3967">7</opus>. (Meine Ruh’ ist hin, – Durch die Lüfte, – Gemach verlischt der Sterne Glanz, – Wer die Schönheit angeschaut.)</title> <pubPlace key="place_0438">Mainz</pubPlace>, <publisher key="publ_3563">Schott</publisher> 48 Xr.</bibl>
<pb n="15"/>
<bibl id="hofm_1833_01_0015_01"><composer key="compo_037551">Wollank (F.)</composer> <title>4 Lieder. Op. <opus key="opus_1390">20</opus>. (Trage mich auf deinem Rücken, – In der Berge Riesenschatten, – Wie Feld und Au so blinkend, – Wie rauschen die Bäume.)</title> <pubPlace key="place_0044">Berlin</pubPlace>, <publisher key="publ_1366">Gröbenschütz u. S</publisher>. 10 Gr.</bibl>
</div><div id="hofm_1833_01_0015_div19"><head><hofClass key="hofCl_0047">Gesänge mit Guitarrebegleitung.</hofClass></head>
<bibl id="hofm_1833_01_0015_02"><composer key="compo_006919">Diabelli (A.)</composer> <title>Philomele, eine Sammlung der beliebtesten Gesänge mit Begleitung der Guitarre. No. 271–279, Herold, Gesänge aus der Oper: Zampa, oder die Marmorbraut</title>. <pubPlace key="place_0731">Wien</pubPlace>, <publisher key="publ_0735">Diabelli u. Co</publisher>. à 15 u. 20 Xr.</bibl>
<bibl id="hofm_1833_01_0015_03"><composer key="compo_022292">Marschner</composer>, <title>Ariette aus dër Oper: Des Falkners Braut. (Ihr wackern Leute, seyd gegrüsst, – Jo vi saluto,) mit Begleitung der Guitarre</title>. <pubPlace key="place_0392">Leipzig</pubPlace>, <publisher key="publ_0437">Br. u. Härtel</publisher> 4 Gr.</bibl>
<bibl id="hofm_1833_01_0015_04">– <title>Ariette aus do. (Seyd unbesorgt, ihr wackern Leute, – Non vi turbar,) mit Begleitung der Guitarre</title>. Ebend. 8 Gr.</bibl>
</div><div id="hofm_1833_01_0015_div20"><head><hofClass key="hofCl_0077">Lehrbücher für Gesang.</hofClass></head>
<bibl id="hofm_1833_01_0015_05"><composer key="compo_012705">Göroldt (J.H.)</composer> <title>Die Kunst, nach Noten zu sïngen, oder praktische Elementar-Gesanglehre, als Vorbereitung zum Chor- und Kunstgesange</title>. 4. <pubPlace key="place_0561">Quedlinburg</pubPlace>, <publisher key="publ_0194">Basse</publisher> 1 Thlr. 4 Gr.</bibl>
<bibl id="hofm_1833_01_0015_06"><composer key="compo_035981">Waldhör (M.)</composer> <title>Neue Volks-Gesang-Schule, oder gründliche Anweisung, den Gesang in Schulen etc. zu lehren</title>. 4. <pubPlace key="place_0343">Kempton</pubPlace>, <publisher key="publ_2247">Kösel</publisher>, geh. 1 Fl. 12 Xr.</bibl>
<bibl id="hofm_1833_01_0015_07">– <title>Höhere Kunst-Gesang-Schule, oder gründliche Anleitung, den Gesang nach möglichster Vollkommenheit zu lehren und zu lernen</title>. 4. Ebend. geh. 1 Fl. 30 Xr.</bibl>
</div><div id="hofm_1833_01_0015_div21"><head><hofClass key="hofCl_0287">Theoretische Werke.</hofClass></head>
<bibl id="hofm_1833_01_0015_08"><composer key="compo_012705">Göroldt (J.H.)</composer> <title>Handbuch der Musik, des Generalbasses und der Composition</title>. 8. <pubPlace key="place_0561">Quedlinburg</pubPlace>, <publisher key="publ_0194">Basse</publisher> 1 Thlr. 16 Gr.</bibl>
</div><div id="hofm_1833_01_0015_div22"><head><hofClass key="hofCl_0248">Musikalische Zeitschriften.</hofClass></head>
<bibl id="hofm_1833_01_0015_09"><title>Anzeiger, allgemeiner musikalischer. Redacteur F. Caste III. 5ter Jahrgang, 1832</title>. (52 Nrn. à ¼ B.) 8. <pubPlace key="place_0731">Wien</pubPlace>, <publisher key="publ_1506">Haslinger</publisher> 3 Fl.</bibl>
<bibl id="hofm_1833_01_0015_10"><title>Cäcilia, eine Zeitschrift für die musikalische Welt. Redacteur Gottfr. Weber</title>. 15ter Band. 8. geh. <pubPlace key="place_0438">Mainz</pubPlace>, <publisher key="publ_3563">Schott</publisher> 3 Fl.</bibl>
<wip id="hofm_1833_01_0015_11"><title>Eutonia, eine hauptsächlich pädagogische Musik-Zeitschrift, herausgegeben von J.G. Hientsch. VIIter Band</title>, <title>2tes und 3tes Heft</title>. 8. <pubPlace key="place_0082">Breslau</pubPlace>, <publisher key="publ_2386">Leucart</publisher>. (Subscriptions-Preis d. 7ten Bandes in 3 Heften 1 Thlr.)</wip>
<bibl id="hofm_1833_01_0015_12"><title>Iris im Gebiete der Tonkunst. Redacteur L. Rellstab. 4ter Jahrgang für 1833</title>. (52 Nrn. à ½ B.) 8. <pubPlace key="place_0044">Berlin</pubPlace>, <publisher key="publ_4067">Trautwein</publisher> 1 Thlr. 8 Gr.</bibl>
<bibl id="hofm_1833_01_0015_13"><title>Revue musicale, publiée par M. Fetis. 7me Année p. 1833</title>. (52 Nrn.) 4. <pubPlace key="place_0537">Paris</pubPlace>, <publisher key="publ_0512">Bureau de Revue</publisher>, 30 Fr.</bibl>
<bibl id="hofm_1833_01_0015_14"><title>Zeitung (allgemeine musikalische) mit Kupfern, musikalischen Beilagen und Intelligenzblättern. (Redacteur G.W. Fink.) 35ter Jahrgang f. 1833</title>. (52 Nrn.) 4to. <pubPlace key="place_0392">Leipzig</pubPlace>, <publisher key="publ_0437">Br. u. Härtel</publisher> 5 Thlr. 8 Gr.</bibl>
<bibl id="hofm_1833_01_0015_15"><title>Zeitung (schlesische) für Musik. Redacteur Fr. Mehwald</title>. (52 Nrn. à ½ B.) 4. <pubPlace key="place_0082">Breslau</pubPlace>, <publisher key="publ_0640">Cranz</publisher> 2 Thlr.</bibl>
<bibl id="hofm_1833_01_0015_16"><title>Zeitung (Berliner musikalische). Redacteur C.F.J. Girschner. Wöchentlich 2 Nummern</title>, (ein halber Bogen in <pb n="16"/>gr. 4.) <pubPlace key="place_0044">Berlin</pubPlace>, <publisher key="publ_2140">Krause</publisher>. Pränumerations-Preis der Jahrgang 3 Thlr., der halbe Jahrgang 1 Thlr. 16 Gr.</bibl>
</div><div id="hofm_1833_01_0016_div23"><head><hofClass key="hofCl_0281">Portraits.</hofClass></head>
<bibl id="hofm_1833_01_0016_01"><title>Portrait von <subject>J.W. Kalliwoda</subject>, lithogr. von <artist>G. Schlick</artist></title>. Fol. <pubPlace key="place_0392">Leipzig</pubPlace>, <publisher key="publ_3023">Peters</publisher> 18 Gr.</bibl>
<bibl id="hofm_1833_01_0016_02"><title>Portrait von <subject>Ch. H. Rink</subject>, lithogr. von <artist>L. Becker</artist></title>. <pubPlace key="place_0128">Darmstadt</pubPlace>, <publisher key="publ_1662">Heyer</publisher> 18 Gr.</bibl>
<bibl id="hofm_1833_01_0016_03"><title>Portrait von <subject>C.M. von Weber</subject>, gez. v. <artist>Vogel</artist>, gest. v. <artist>Schwerdtgeburt</artist></title>. <pubPlace key="place_0392">Leipzig</pubPlace>, <publisher key="publ_1746">Hofmeister</publisher> 8 Gr.</bibl>
</div></body></text></TEI.2>