<?xml version="1.0" encoding="utf-8"?>
<!DOCTYPE TEI.2
  SYSTEM "../../dtd/tei/cch_tei.dtd">
<TEI.2 id="hofm_1833_03">
<teiHeader type="text"><fileDesc><titleStmt><title>März, April 1833</title></titleStmt><publicationStmt><p/></publicationStmt><sourceDesc><p/></sourceDesc></fileDesc><profileDesc><langUsage><language id="ger">German</language><language id="fre">French</language><language id="ita">Italian</language></langUsage></profileDesc><revisionDesc><change><date>2007-06-01</date><respStmt><name>ER</name></respStmt><item>p. 27 Köhler entry - title tagging adjusted</item></change><change><date>2007-04-27</date><respStmt><name>RV</name></respStmt><item>Changed "biblGroup" elements in "listBibl"</item></change><change><date>2007-03-02</date><respStmt><name>EP</name></respStmt><item>Checked curly brackets</item></change><change><date>2007-02-26</date><respStmt><name>EP</name></respStmt><item>Encoded curly brackets</item></change><change><date>2006-12-19</date><respStmt><name>EP</name></respStmt><item>sic and unclear moved outside elements pubplaces, publisher, composer, hofclass, key, opus</item></change><change><date>2006-10-20</date><respStmt><name>Liz</name></respStmt><item>p. 29 Klavierauszug format (not composer)</item></change><change><date>2005-09-14</date><respStmt><name>Sarah</name></respStmt><item>Corrections following checking pages. Adjusted publisher tagging.</item></change><change><date>2005-07-13</date><respStmt><name>Sarah</name></respStmt><item>Corrections following checking pages. Adjusted album tagging.</item></change><change><date>2005-05-09</date><respStmt><name>Sarah</name></respStmt><item>First encoding.</item></change><change><date>2005-04-28</date><respStmt><name>JG</name></respStmt><item>automated tagging</item></change></revisionDesc></teiHeader>
<text><body>
<pb n="18"/><head>März, April 1833.</head>
<div id="hofm_1833_03_0018_div01"><head><hofClass key="hofCl_0164">Musik für das Orchester.</hofClass></head>
<bibl id="hofm_1833_03_0018_01"><regNumber>1773</regNumber>. <composer key="compo_025363">Onslow (G.)</composer> <title>2ème Sinfonie à grand Orchestre. Oe. <opus key="opus_2850">42</opus>, in <key>D</key></title>. <pubPlace key="place_0392">Leipzig</pubPlace>, <publisher key="publ_2017">Kistner</publisher> 5 Thlr. 16 Gr. <lb/><format>Duplirstimmen</format> à Bogen 4 Gr. ordin. – <lb/><format>Partitur</format> in Copie 6 Thlr. netto.</bibl>
<bibl id="hofm_1833_03_0018_02"><regNumber>1711</regNumber>. <composer key="compo_016840">Kalliwoda (J.W.)</composer> <title>1ère Ouverture à grand Orchestre. Oe. <opus key="opus_2630">38</opus>, in <key>D</key></title>. <pubPlace key="place_0392">Leipzig</pubPlace>, <publisher key="publ_3023">Peters</publisher> 2 Thlr.</bibl>
<bibl id="hofm_1833_03_0018_03"><composer key="compo_023890">Mozart (W.A.)</composer> <title>Ouverture de l’Opéra : Cosi fan tutte, p. Orch. Oe. <opus key="opus_4326">80</opus>, <edition>nouv. Edit</edition></title>. <pubPlace key="place_0519">Offenbach</pubPlace>, <publisher key="publ_0065">André</publisher> 1 Fl. 48 Xr.</bibl>
<bibl id="hofm_1833_03_0018_04"><regNumber>1723</regNumber>. <composer key="compo_028393">Ries (F.)</composer> <title>Grosse Fest-Ouverture und Sieges-Marsch für grosses Orchester. Op. <opus key="opus_1107">172</opus>, in <key>Es</key></title>. <pubPlace key="place_0438">Mainz</pubPlace>, <publisher key="publ_3563">Schott</publisher> 7 Fl. 48 Xr.</bibl>
<bibl id="hofm_1833_03_0018_05"><regNumber>1670</regNumber>. <composer key="compo_030283">Schindelmeisser (L.)</composer> <title>Concertante p. 4 Clarinettes avec Acc. de l’Orchestre ou de Pfte. Oe. <opus key="opus_1372">2</opus>, in <key>Es</key></title>. <pubPlace key="place_0392">Leipzig</pubPlace>, <publisher key="publ_0437">Br. et Härtel</publisher> 2 Thlr. 12 Gr.</bibl>
<bibl id="hofm_1833_03_0018_06"><regNumber>1705</regNumber>. <composer key="compo_015706">Hänsel (A.)</composer> <title>12 neue Carneval-Tänze nach dem neuesten Wiener Mode-Geschmack f. Orchester. (Können auch 4- bis 13stimmig executirt werden.) Op. <opus key="opus_2131">30</opus></title>. <pubPlace key="place_0147">Dresden</pubPlace>, <publisher key="publ_2661">Meser</publisher> 1 Thlr.</bibl>
<bibl id="hofm_1833_03_0018_07"><regNumber>903</regNumber>. <composer key="compo_001079">Auber (D.F.E.)</composer> <title>Ouverture de l’Opéra : Le Philtre, arrangée en Harmonie à 9 ou 14 Parties</title>. <pubPlace key="place_0438">Mainz</pubPlace>, <publisher key="publ_3563">Schott</publisher> 3 Fl. 30 Xr.</bibl>
<bibl id="hofm_1833_03_0018_08"><regNumber>1738</regNumber>. <composer key="compo_009360">Fischer (C.)</composer> <title>Intr. et Polonaise d’après des Thêmes de Kalkbrenner et Kalliwoda p. Musique militaire à 22 Parties. Oe. <opus key="opus_0531">13</opus></title>. Ebend. 2 Fl. 42 Xr.</bibl>
<bibl id="hofm_1833_03_0018_09"><regNumber>1129</regNumber>. <composer key="compo_023268">Meyerbeer (G.)</composer> <title>4 Favorit-Stücke aus der Oper: Robert der Teufel, f. Harmonie-Musik arr. v. Neithardt</title>. <pubPlace key="place_0044">Berlin</pubPlace>, <publisher key="publ_3471">Schlesinger</publisher> 3 Thlr. 8 Gr.</bibl>
<bibl id="hofm_1833_03_0018_10"><regNumber>1716</regNumber>. <composer key="compo_035945">Walch (J.H.)</composer> <title>Potpourri sur des Thêmes de l’Opéra : Le Comte Ory de Rossini et 4 Pièces d’Harmonie p. Musique militaire à 18 Parties. Liv. 19</title>. <pubPlace key="place_0392">Leipzig</pubPlace>, <publisher key="publ_3023">Peters</publisher> 2 Thlr. 20 Gr.</bibl>
</div><div id="hofm_1833_03_0018_div02"><head><hofClass key="hofCl_0245">Musik für die Violine.</hofClass></head>
<bibl id="hofm_1833_03_0018_11"><regNumber>1710</regNumber>. <composer key="compo_016840">Kalliwoda (J.W.)</composer> <title>Grand Rondeau p. Violon av. Acc. d’Orchestre (déd. à Mr. Klengel). Oe. <opus key="opus_2576">37</opus>, in <key>A</key></title>. <pubPlace key="place_0392">Leipzig</pubPlace>, <publisher key="publ_3023">Peters</publisher> 2 Thlr. 8 Gr.</bibl>
<bibl id="hofm_1833_03_0018_12"><regNumber>1467</regNumber>. <composer key="compo_037552">Wollank (Fr.)</composer> <title>Quintett oder Fantasie f. 2 Violinen, Viola u. 2 Vcelles (in <key>Dm</key>.) Auswahl aus seinem musikalischen Nachlasse. 2te Lief</title>. <pubPlace key="place_0044">Berlin</pubPlace>, <publisher key="publ_4067">Trautwein</publisher> 1 Thlr.</bibl>
<bibl id="hofm_1833_03_0018_13"><regNumber>1674</regNumber>. <composer key="compo_012188">Gross (J.B.)</composer> <title>Quatuor p. 2 Violons, Viola et Vclle. Oe. <opus key="opus_4562">9</opus>, in <key>D</key></title>. <pubPlace key="place_0392">Leipzig</pubPlace>, <publisher key="publ_0437">Br. et Härtel</publisher> 1 Thlr. 16 Gr.</bibl>
<bibl id="hofm_1833_03_0018_14"><regNumber>1244</regNumber>. <composer key="compo_015612">Hummel (J.N.)</composer> <title>Quatuor arr. d’après le Nocturne p. 2 Violons, Viola et Vclle p. Eichler. Oe. <opus key="opus_4738">99</opus></title>. <pubPlace key="place_0392">Leipzig</pubPlace>, <publisher key="publ_3023">Peters</publisher> 20 Gr.</bibl>
<bibl id="hofm_1833_03_0018_15"><regNumber>1742</regNumber>. <composer key="compo_020014">Lanner (J.)</composer> <title>Olymp’s-Walzer f. 3 Violinen und Bass (die 3te Violine ad libit.) Op. <opus key="opus_3868">67</opus></title>. <pubPlace key="place_0731">Wien</pubPlace>, <publisher key="publ_2605">Mechetti</publisher> 1 Fl.</bibl>
<bibl id="hofm_1833_03_0018_16"><composer key="compo_023890">Mozart (W.A.)</composer> <title>Divertissement p. Violon, Alto et Vclle. Oe. <opus key="opus_1271">19</opus>. (<edition>Nouv. Edit</edition>.)</title> <pubPlace key="place_0519">Offenbach</pubPlace>, <publisher key="publ_0065">André</publisher> 1 Fl. 48 Xr.</bibl>
<bibl id="hofm_1833_03_0018_17"><regNumber>1710</regNumber>. <composer key="compo_016840">Kalliwoda (J.W.)</composer> <title>Grand Rondeau p. Violon av. Acc. de Pfte. Oe. <opus key="opus_2576">37</opus>, in <key>A</key></title>. <pubPlace key="place_0392">Leipzig</pubPlace>, <publisher key="publ_3023">Peters</publisher> 1 Thlr.</bibl>
<bibl id="hofm_1833_03_0018_18"><composer key="compo_018863">Krommer (F.)</composer> <title>3 Duos p. 2 Violons. Oe. <opus key="opus_3565">6</opus>. (<edition>Nouv. Edit</edition>.)</title> <pubPlace key="place_0519">Offenbach</pubPlace>, <publisher key="publ_0065">André</publisher> 2 Fl.</bibl>
<bibl id="hofm_1833_03_0018_19"><regNumber>1742</regNumber>. <composer key="compo_020014">Lanner (Jos.)</composer> <title>Olymp’s-Walzer f. Violine mit Begleitung d. Pfte. Op. <opus key="opus_3868">67</opus></title>. <pubPlace key="place_0731">Wien</pubPlace>, <publisher key="publ_2605">Mechetti</publisher> 45 Xr.</bibl>
<pb n="19"/>
<bibl id="hofm_1833_03_0019_01"><title>Violinspieler (die jungen) oder angenehme Unterhaltungen f. 2 Violinisten. Leichte Duetten nach Opern-Melodien arr. Lief. 1</title>. <pubPlace key="place_0044">Berlin</pubPlace>, <publisher key="publ_3949">Struve</publisher> 6 Gr.</bibl>
<bibl id="hofm_1833_03_0019_02"><composer key="compo_023303">Michaelis (F.A.)</composer> <title>Der kleine Violinspieler. Eine Sammlung leichter und gefälliger Stücke f. Anfänger. 3tes Heft</title>. <pubPlace key="place_0082">Breslau</pubPlace>, <publisher key="publ_1158">Förster</publisher> 6 Gr.</bibl>
<bibl id="hofm_1833_03_0019_03"><regNumber>1765</regNumber>. <composer key="compo_029924">Schaffner (N.A.)</composer> <title>La Folie. 30 Caprices p. Violon. Oe. <opus key="opus_1881">26</opus></title>, (av. Vign.) <pubPlace key="place_0392">Leipzig</pubPlace>, <publisher key="publ_1746">Hofmeister</publisher> 16 Gr.</bibl>
<bibl id="hofm_1833_03_0019_04"><title>Unterhaltungen (angenehme) für Violine. Lief. 4</title>. <pubPlace key="place_0044">Berlin</pubPlace>, <publisher key="publ_3949">Struve</publisher> 2 Gr.</bibl>
<bibl id="hofm_1833_03_0019_05"><regNumber>1760</regNumber>. <composer key="compo_032798">Spohr (L.)</composer> <title>Violinschule mit erläuternden Kupfertafeln. <edition>Original-Ausgabe</edition></title>. (Mit Spohr’s Portrait. 250 Seiten. gr. Fol.) <pubPlace key="place_0731">Wien</pubPlace>, <publisher key="publ_1506">Haslinger</publisher>, geh. 10 Thlr.</bibl>
</div><div id="hofm_1833_03_0019_div03"><head><hofClass key="hofCl_0184">Musik für das Violoncelle.</hofClass></head>
<bibl id="hofm_1833_03_0019_06"><regNumber>1722</regNumber>. <composer key="compo_007289">Dotzauer (J.J.F.)</composer> <title>25 Leçons p. Vclle accomp. d’un second Vclle. Oe. <opus key="opus_0451">123</opus>. 2e Suite de la Méthode de Vclle</title>. <pubPlace key="place_0438">Mainz</pubPlace>, <publisher key="publ_3563">Schott</publisher> 1 Fl. 48 Xr.</bibl>
<wip id="hofm_1833_03_0019_07"><regNumber>851</regNumber>. <composer key="compo_013624">Hause (W.)</composer> <title>Fortsetzung der vorzüglichen Uebungen f. Contrabass</title>. <title>Lief. 4</title>, 52 Xr. <title>Lief 5</title>, 1 Fl. <pubPlace key="place_0554">Prag</pubPlace>, <publisher key="publ_0282">Berra</publisher>.</wip>
</div><div id="hofm_1833_03_0019_div04"><head><hofClass key="hofCl_0200">Musik für die Flöte.</hofClass></head>
<bibl id="hofm_1833_03_0019_08"><composer key="compo_019135">Kummer (Gasp.)</composer> <title>3 Divertissements sur des Motifs de l’Opéra : Robert le Diable, p. 2 Flûtes. Oe. <opus key="opus_4214">78</opus></title>. <pubPlace key="place_0561">Quedlinburg</pubPlace>, <publisher key="publ_0194">Basse</publisher> 16 Gr.</bibl>
<bibl id="hofm_1833_03_0019_09"><title>Erheiterungen für Flöte. No. 3, <composer key="compo_038156">Zimmermann</composer>, 4 Walzer aus: Robert der Teufel</title>. <pubPlace key="place_0440">Mannheim</pubPlace>, <publisher key="publ_1534">Heckel</publisher> 12 Xr.</bibl>
<album id="hofm_1833_03_0019_10"><title>Flötenspieler (der junge). Sammlung der besten Opern für Anfänger. No. 17, <composer key="compo_023884">Mozart</composer>, Don Juan. No. 18, <composer key="compo_023267">Meyerbeer</composer>, Robert der Teufel. No. 19, <composer key="compo_023884">Mozart</composer>, Titus. No. 20, <composer key="compo_028968">Rossini</composer>, Aschenbrödel</title>. <pubPlace key="place_0078">Braunschweig</pubPlace>, <publisher key="publ_3822">Spehr</publisher> à 8 Gr.</album>
<bibl id="hofm_1833_03_0019_11"><regNumber>1203</regNumber>. <composer key="compo_023225">Meyer (G.)</composer> <title>Sammlung beliebter Tänze für eine Flöte eingerichtet. Heft 3</title>. <pubPlace key="place_0147">Dresden</pubPlace>, <publisher key="publ_2993">Paul</publisher> 8 Gr.</bibl>
<bibl id="hofm_1833_03_0019_12"><title>Unterhaltungen für eine Flöte. Litt. D</title>. <pubPlace key="place_0044">Berlin</pubPlace>, <publisher key="publ_3949">Struve</publisher> 2 Gr.</bibl>
</div><div id="hofm_1833_03_0019_div05"><head><hofClass key="hofCl_0131">Musik für verschiedene Blasinstrumente.</hofClass></head>
<bibl id="hofm_1833_03_0019_13"><regNumber>1686</regNumber>. <composer key="compo_032830">Späth (A.)</composer> <title>Divertissement sur une Romance française p. Clarinette av. Orchestre ou Quatuor. Oe. <opus key="opus_4601">91</opus></title>. <pubPlace key="place_0519">Offenbach</pubPlace>, <publisher key="publ_0065">André</publisher> 2 Fl. 42 Xr.</bibl>
<bibl id="hofm_1833_03_0019_14"><regNumber>1687</regNumber>. – <title>Intr. et Variations sur la Romance fav. de Preciosa de Weber p. Clarinette av. Orch. ou Quatuor. Oe. <opus key="opus_0612">133</opus></title>. Ebend. 2 Fl. 42 Xr.</bibl>
<bibl id="hofm_1833_03_0019_15"><regNumber>1670</regNumber>. <composer key="compo_030283">Schindelmeisser (L.)</composer> <title>Concertante p. 4 Clarinettes av. Acc. de Pfte. Oe. <opus key="opus_1372">2</opus></title>. <pubPlace key="place_0392">Leipzig</pubPlace>, <publisher key="publ_0437">Br. et Härtel</publisher> 1 Thlr.</bibl>
<wip id="hofm_1833_03_0019_16"><regNumber>1675</regNumber>. <composer key="compo_018316">Kopprasch (G.)</composer> <title>60 Etudes p. Cor-Alto (premier Cor). Oe. <opus key="opus_3181">5</opus></title>. <title>Liv. 1, 2</title>. Ebend. à 1 Thlr.</wip>
<wip id="hofm_1833_03_0019_17"><regNumber>1676</regNumber>. – <title>60 Etudes p. Cor-Basse (second Cor). Oe. <opus key="opus_3565">6</opus></title>. <title>Liv. 1, 2</title>. Ebend. à 1 Thlr.</wip>
</div><div id="hofm_1833_03_0019_div06"><head><hofClass key="hofCl_0205">Musik für die Guitarre.</hofClass></head>
<bibl id="hofm_1833_03_0019_18"><regNumber>1734</regNumber>. <composer key="compo_019512">Küffner (Jos.)</composer> <title>25me Potpourri sur des Motifs de l’Opéra : Robert le Diable p. Guitarre, Flûte (ou Violon) et Alto. Oe. <opus key="opus_1786">248</opus></title>. <pubPlace key="place_0438">Mainz</pubPlace> <publisher key="publ_3563">Schott</publisher> 2 Fl.</bibl>
<pb n="20"/>
<bibl id="hofm_1833_03_0020_01"><regNumber>1671</regNumber>. <composer key="compo_003399">Bobrowicz (J.N. de)</composer> <title>6 Valses et Polonaise p. Flûte et Guitarre. Oe. <opus key="opus_0234">11</opus></title>. <pubPlace key="place_0392">Leipzig</pubPlace>, <publisher key="publ_0437">Br. et Härtel</publisher> 6 Gr.</bibl>
<bibl id="hofm_1833_03_0020_02"><composer key="compo_008856">Fancello (M.)</composer> <title>Fantasia p. Chitarra</title>. <pubPlace key="place_0082">Breslau</pubPlace>, <publisher key="publ_3010">Pelz</publisher> 8 Gr.</bibl>
<bibl id="hofm_1833_03_0020_03"><composer key="compo_015768">Häusser (J.E.)</composer> <title>Der Ballsaal. Sammlung auserlesener Tänze für Guitarre. 1stes Heft</title>. <pubPlace key="place_0561">Quedlinburg</pubPlace>, <publisher key="publ_0194">Basse</publisher> 8 Gr.</bibl>
<bibl id="hofm_1833_03_0020_04"><title>Kleinigkeiten (12 leichte Walzer und 9 Variationen) f. Guitarre</title>. <pubPlace key="place_0078">Braunschweig</pubPlace>, <publisher key="publ_3822">Spehr</publisher> 8 Gr.</bibl>
<bibl id="hofm_1833_03_0020_05"><regNumber>1737</regNumber>. <composer key="compo_019510">Küffner (J.)</composer> <title>6 Pièces favorites p. Guitarre (2 Airs de Tell, Air de Fra Diavolo et 3 Airs polouais.) Oe. <opus key="opus_1717">238</opus></title>. <pubPlace key="place_0438">Mainz</pubPlace>, <publisher key="publ_3563">Schott</publisher> 24 Xr.</bibl>
<bibl id="hofm_1833_03_0020_06"><composer key="compo_036497">Weiss (A.L.)</composer> <title>Masurek aus der Zauberrose. – Dernière Valse de C.M. de Weber, f. Guitarre eing</title>. <pubPlace key="place_0044">Berlin</pubPlace>, <publisher key="publ_3949">Struve</publisher> 2 Gr.</bibl>
<bibl id="hofm_1833_03_0020_07"><composer key="compo_015764">Häuser (J.E.)</composer> <title>Guitarre-Schule, oder leicht fassliche Anweisung zum Guitarrespiel, nebst Uebungsstücken</title>. <pubPlace key="place_0561">Quedlinburg</pubPlace>, <publisher key="publ_0194">Basse</publisher> 12 Gr.</bibl>
</div><div id="hofm_1833_03_0020_div07"><head><hofClass key="hofCl_0167">Musik für das Pianoforte mit Begleitung.</hofClass></head>
<bibl id="hofm_1833_03_0020_08"><composer key="compo_002313">Benedict (Jules)</composer> <title>Concertino p. Pfte av. Acc. d’Orchestre. Oe. <opus key="opus_1165">18</opus>, in <key>As</key></title>. <pubPlace key="place_0392">Leipzig</pubPlace>, <publisher key="publ_1746">Hofmeister</publisher> 2 Thlr.</bibl>
<bibl id="hofm_1833_03_0020_09"><regNumber>1776</regNumber>. <composer key="compo_016826">Kalkbrenner (F.)</composer> <title>3ème Concerto p. Pfte avec Orchestre. Oe. <opus key="opus_0182">107</opus>, in <key>A</key></title>. <pubPlace key="place_0392">Leipzig</pubPlace>, <publisher key="publ_2017">Kistner</publisher> 3 Thlr. 16 Gr.</bibl>
<bibl id="hofm_1833_03_0020_10"><regNumber>1767</regNumber>. <composer key="compo_026573">Pixis (J.P.)</composer> <title>Fantaisie militaire p. Pfte av. Acc. de grand Orchestre et Musique militaire. ad libitum. Oe. <opus key="opus_0427">121</opus>, in <key>E</key></title>, (dédiée à Mr. Chopin.) <pubPlace key="place_0392">Leipzig</pubPlace>, <publisher key="publ_1746">Hofmeister</publisher> 2 Thlr. 20 Gr.</bibl>
<bibl id="hofm_1833_03_0020_11"><regNumber>1693</regNumber>. <composer key="compo_037180">Winkhler (C.A. de)</composer> <title>Grand Rondo polonais p. Pfte av. Acc. d’Orchestre ou de Quatuor. Oe. <opus key="opus_2804">41</opus>, in <key>D</key></title>. <pubPlace key="place_0542">Pesth</pubPlace>, <publisher key="publ_1328">Grimm et Co</publisher>. <pubPlace key="place_0392">Leipzig</pubPlace>, <publisher key="publ_1746">Hofmeister</publisher> 2 Thlr. 12 Gr.</bibl>
<bibl id="hofm_1833_03_0020_12"><regNumber>1767</regNumber>. <composer key="compo_026573">Pixis (J.P.)</composer> <title>Fantaisie militaire p. Pfte av. Acc. de Quatuor. Oe. <opus key="opus_0427">121</opus>, in <key>E</key></title>. <pubPlace key="place_0392">Leipzig</pubPlace>, <publisher key="publ_1746">Hofmeister</publisher> 1 Thlr. 16 Gr.</bibl>
<bibl id="hofm_1833_03_0020_13"><regNumber>1714</regNumber>. <composer key="compo_019067">Kuhlau (Fr.)</composer> <title>Grand Quatuor p. Pfte, Violon, Alto et Vclle. Oe. <opus key="opus_0209">108, posthume</opus>, in <key>G</key></title>. <pubPlace key="place_0392">Leipzig</pubPlace>, <publisher key="publ_3023">Peters</publisher> 3 Thlr.</bibl>
<bibl id="hofm_1833_03_0020_14"><composer key="compo_022904">Mendelssohn-Bartholdy (F.)</composer> <title>3tes Quartett f. Pfte, Violine, Viola und Vclle. Op. <opus key="opus_2116">3</opus>, in <key>Hm</key>. <edition>Neue Ausgabe</edition></title>. <pubPlace key="place_0392">Leipzig</pubPlace>, <publisher key="publ_1746">Hofmeister</publisher> 2 Thlr. 12 Gr.</bibl>
<bibl id="hofm_1833_03_0020_15"><regNumber>1772</regNumber>. <composer key="compo_005614">Chopin. (Fr.)</composer> <title>1er Trio p. Pfte, Violon et Vclle. Oe. <opus key="opus_4300">8</opus>, in <key>Gmoll</key></title>. <pubPlace key="place_0392">Leipzig</pubPlace>, <publisher key="publ_2017">Kistner</publisher> 1 Thlr. 20 Gr.</bibl>
<bibl id="hofm_1833_03_0020_16"><composer key="compo_017504">Kirmair</composer>, <title>2 Sonates sur divers Thêmes de l’Opéra : La Flûte magique p. Pfte, Violon obl. (et Basse ad lib.) Oe. <opus key="opus_4562">9</opus>. (<edition>Nouv. Edit</edition>.)</title> <pubPlace key="place_0519">Offenbach</pubPlace>, <publisher key="publ_0065">André</publisher> 2 Fl.</bibl>
<bibl id="hofm_1833_03_0020_17"><regNumber>1771</regNumber>. <composer key="compo_034474">Thomas (Ambr.)</composer> <title>Trio p. Pfte, Violon et Vclle. Oe. <opus key="opus_2116">3</opus>, in <key>D</key></title>. <pubPlace key="place_0392">Leipzig</pubPlace>, <publisher key="publ_1746">Hofmeister</publisher> 1 Thlr.</bibl>
<bibl id="hofm_1833_03_0020_18"><composer key="compo_002310">Benedict</composer> et <composer key="compo_004557">Bucher</composer>, <title>1er grand Potpourri et Variations concertantes sur deux Thêmes de Rossini et un Air favori napolitain p. Pfte et Flûte. Oe. <opus key="opus_0531">13</opus></title>. Ebend. 16 Gr.</bibl>
<bibl id="hofm_1833_03_0020_19"><regNumber>1726</regNumber>. <composer key="compo_002659">Berr</composer> et <composer key="compo_009157">Fessi</composer>, <title>10ème Fantaisie sur des Motifs du Philtre d’Auber p. Pfte et Clarinette</title>. <pubPlace key="place_0438">Mainz</pubPlace>, <publisher key="publ_3563">Schott</publisher> 1 Fl. 48 Xr.</bibl>
<bibl id="hofm_1833_03_0020_20"><regNumber>1757</regNumber>. <composer key="compo_010419">Fürstenau (A.B.)</composer> <title>Adagio et Rondeau brillant p. Flûte et Pfte concertante. Oe. <opus key="opus_4671">95</opus>, in <key>B</key></title>. <pubPlace key="place_0147">Dresden</pubPlace>, <publisher key="publ_4034">Thieme</publisher> 18 Gr.</bibl>
<bibl id="hofm_1833_03_0020_21"><regNumber>1689</regNumber>. – <title>Le Bijou. Adagio et Rondeau p. Flûte et Pfte concertante. Oe. <opus key="opus_4687">96</opus>, in <key>C</key></title>. <pubPlace key="place_0554">Prag</pubPlace>, <publisher key="publ_0282">Berra</publisher> 1 Fl. 15 Xr.</bibl>
<bibl id="hofm_1833_03_0020_22"><regNumber>1677</regNumber>. <composer key="compo_019130">Kummer (F.A.)</composer> <title>Amusemens pour les Amateurs de Violoncelle et Pfte. Oe. <opus key="opus_1165">18</opus></title>. <pubPlace key="place_0392">Leipzig</pubPlace>, <publisher key="publ_0437">Br. et Härtel</publisher> 1 Thlr.</bibl>
<bibl id="hofm_1833_03_0020_23"><composer key="compo_019135">Kummer (Gasp.)</composer> <title>6 Divertissements p. Flûte et Pfte. Oe. <opus key="opus_4153">76</opus>. Liv. 1</title>. <pubPlace key="place_0561">Quedlinburg</pubPlace>, <publisher key="publ_0194">Basse</publisher> 14 Gr.</bibl>
<bibl id="hofm_1833_03_0020_24"><composer key="compo_027982">Reissiger (C.G.)</composer> <title>Sonate p. Pfte et Violon. Oe. <opus key="opus_2996">45</opus>, in <key>D</key> <edition>Nouv. Edit</edition></title>. <pubPlace key="place_0392">Leipzig</pubPlace>, <publisher key="publ_1746">Hofmeister</publisher> 1 Thlr. 4 Gr.</bibl>
<pb n="21"/>
<bibl id="hofm_1833_03_0021_01"><composer key="compo_027982">Reissiger (C.G.)</composer> <title>Sonate p. Pfte et Flûte (la Partie de Flûte arr. p. Fürstenau)</title>. <pubPlace key="place_0392">Leipzig</pubPlace>, <publisher key="publ_1746">Hofmeister</publisher> 1 Thlr. 4 Gr.</bibl>
<bibl id="hofm_1833_03_0021_02">– <title>La même p. Pfte et Vclle (la Partie de Vclle arr. p. Dotzauer)</title>. Ebend. 1 Thlr. 4 Gr.</bibl>
<bibl id="hofm_1833_03_0021_03"><composer key="compo_029206">Rummel (Ch.)</composer> <title>Schlummerlied. Air favori de l’Opéra : La Muette de Portici, arr. p. Clarinette et Pfte</title>. <pubPlace key="place_0438">Mainz</pubPlace>, <publisher key="publ_3563">Schott</publisher> 48 Xr.</bibl>
<bibl id="hofm_1833_03_0021_04"><regNumber>1768</regNumber>. <composer key="compo_033505">Stowiczek (J.)</composer> <title>Potpourri formé des Thêmes de l’Opéra : Fra Diavolo de D.F.E. Auber, p. Violon et Pfte. Oe. <opus key="opus_1165">18</opus></title>. <pubPlace key="place_0392">Leipzig</pubPlace>, <publisher key="publ_1746">Hofmeister</publisher> 1 Thlr. <lb/>(On a ajouté une Partie de Flûte pour remplacer celui de Violon.)</bibl>
<bibl id="hofm_1833_03_0021_05"><regNumber>1747</regNumber>. <composer key="compo_034396">Thiele (E.)</composer> <title>Duo p. Pfte et Violon. Oe. <opus key="opus_2116">3</opus>, in <key>Gm</key></title>, (déd. à Mr. Fr. Schneider.) <pubPlace key="place_0147">Dresden</pubPlace>, <publisher key="publ_2993">Paul</publisher> 1 Thlr. 8 Gr.</bibl>
<wip id="hofm_1833_03_0021_06"><regNumber>1680</regNumber>. <composer key="compo_034664">Tolbecque (J.B.)</composer> <title>2 Quadrilles de Contredanses suivies de Valses sur des Motifs de Nathalie de Carafa p. Pfte et Flûte, Violon ou Flageolet ad libit</title>. <title>Cah. 1, 2</title>. <pubPlace key="place_0044">Berlin</pubPlace>, <publisher key="publ_3471">Schlesinger</publisher>. <title>Cah. 1</title>, 16 Gr. <title>Cah. 2</title>, 22 Gr.</wip>
</div><div id="hofm_1833_03_0021_div08"><head><hofClass key="hofCl_0171">Musik für das Pianoforte zu 4 Händen.</hofClass></head>
<bibl id="hofm_1833_03_0021_07"><regNumber>1755</regNumber>. <composer key="compo_016825">Kalkbrenner (E.)</composer> <title>Grand Concerto p. 2 Pftes (sans Accompagnement) Oe. <opus key="opus_0477">125</opus>, in <key>C</key></title>. <pubPlace key="place_0392">Leipzig</pubPlace>, <publisher key="publ_2017">Kistner</publisher> 2 Thlr. 4 Gr.</bibl>
<bibl id="hofm_1833_03_0021_08"><composer key="compo_000650">André (A.)</composer> <title>3 Divertissemens p. Pfte à 4 Mains. Oe. <opus key="opus_1390">20</opus>. (<edition>Nouv. Edit</edition>.)</title> <pubPlace key="place_0519">Offenbach</pubPlace>, <publisher key="publ_0065">André</publisher> 1 Fl. 30 Xr.</bibl>
<bibl id="hofm_1833_03_0021_09"><composer key="compo_002077">Beethoven (L. de)</composer> <title>Sonate p. Pfte et Cor, arr. p. Pfte à 4 Mains p. Herrosè. Oe. <opus key="opus_1068">17</opus></title>. <pubPlace key="place_0651">Stettin</pubPlace>, <publisher key="publ_2741">Morin</publisher> 18 Gr.</bibl>
<bibl id="hofm_1833_03_0021_10"><composer key="compo_008258">Elsner (J.)</composer> <title>Polonaise d’après l’Ouverture de l’Opéra : Lodoiska de Kreutzer, p. Pfte à 4 Mains. (<edition>Nouv. Edit</edition>.)</title> <pubPlace key="place_0519">Offenbach</pubPlace>, <publisher key="publ_0065">André</publisher> 30 Xr.</bibl>
<bibl id="hofm_1833_03_0021_11"><composer key="compo_012284">Grund (F.W.)</composer> <title>Grosses Divertimento f. Pfte zu 4 Händen m. Begl. v. Vclle, Violine oder Flöte. Op. <opus key="opus_1661">23</opus>, in <key>F</key></title>. <pubPlace key="place_0276">Hamburg</pubPlace>, <publisher key="publ_0640">Cranz</publisher> 2 Thlr.</bibl>
<bibl id="hofm_1833_03_0021_12"><composer key="compo_015764">Häuser (J.E.)</composer> <title>Melodienkranz. Sammlung der Lieblingsmelodien unserer Zeit f. Pfte zu 4 Händen. 1stes Heft</title>. <pubPlace key="place_0561">Quedlinburg</pubPlace>, <publisher key="publ_0194">Basse</publisher> 12 Gr.</bibl>
<bibl id="hofm_1833_03_0021_13"><composer key="compo_014350">Herion (A.)</composer> <title>Polonaise f. Pfte zu 4 Händen (in <key>F</key>.)</title> <pubPlace key="place_0440">Mannheim</pubPlace>, <publisher key="publ_1534">Heckel</publisher> 27 Xr.</bibl>
<bibl id="hofm_1833_03_0021_14"><regNumber>1712</regNumber>. <composer key="compo_016840">Kalliwoda (J.W.)</composer> <title>Deux Valses p. Pfte à 4 Mains. Oe. <opus key="opus_2678">39. No. 1, 2</opus>, in <key>D</key>, <key>A</key></title>. <pubPlace key="place_0392">Leipzig</pubPlace>, <publisher key="publ_3023">Peters</publisher> à 12 Gr.</bibl>
<bibl id="hofm_1833_03_0021_15"><composer key="compo_017484">Kirchhoff (W.)</composer> <title>Pièces p. Pfte à 4 Mains. Oe. <opus key="opus_2116">3</opus></title>. <pubPlace key="place_0440">Mannheim</pubPlace>, <publisher key="publ_1534">Heckel</publisher> 1 Fl. 36 Xr.</bibl>
<bibl id="hofm_1833_03_0021_16"><regNumber>1742</regNumber>. <composer key="compo_020014">Lanner (J.)</composer> <title>Olymp’s-Walzer f. Pfte zu 4 Händen. Op. <opus key="opus_3868">67</opus></title>, <pubPlace key="place_0731">Wien</pubPlace>, <publisher key="publ_2605">Mechetti</publisher> 1 Fl.</bibl>
<bibl id="hofm_1833_03_0021_17"><composer key="compo_022249">Marks (G.W.)</composer> <title>Potpourri d’après des Thêmes favoris de l’Opéra : Robert le Diable de Meyerbeer, p. Pfte à 4 Mains. Oe. <opus key="opus_0927">16</opus></title>. <pubPlace key="place_0276">Hamburg</pubPlace>, <publisher key="publ_0640">Cranz</publisher> 1 Thlr.</bibl>
<bibl id="hofm_1833_03_0021_18">– <title>Mosaique. Zusammenstellung der vorzüglichsten Musikstücke der neuesten Opern. No. 3, Vampyr, Elisabeth, Felsenmühle, Flibustier, Bayadere, f. Pfte zu 4 Händen. Op. <opus key="opus_1271">19</opus></title>. Ebend. 16 Gr.</bibl>
<bibl id="hofm_1833_03_0021_19"><regNumber>887</regNumber>. <composer key="compo_022297">Marschner (H.)</composer> <title>Des Falkners Braut, komische Oper in 3 Aufzügen. <format>Klavierauszug</format> zu 4 Händen. Op. <opus key="opus_3895">68</opus></title>. <pubPlace key="place_0392">Leipzig</pubPlace> <publisher key="publ_0437">Br. u. Härtel</publisher>, geh. 5 Thlr.</bibl>
<bibl id="hofm_1833_03_0021_20"><regNumber>1745</regNumber>. <composer key="compo_022384">Marxsen (E.)</composer> <title>Amusoir en 3 Valses p. Pfte à 4 Mains. Oe. <opus key="opus_0927">16</opus></title>. <pubPlace key="place_0147">Dresden</pubPlace>, <publisher key="publ_2993">Paul</publisher> 12 Gr.</bibl>
<pb n="22"/>
<bibl id="hofm_1833_03_0022_01"><composer key="compo_023890">Mozart (W.A.)</composer> <title>Grande Sonate p. Pfte à 4 Mains. Oe. <opus key="opus_0806">15</opus>. (<edition>Nouv. Edit</edition>.)</title> <pubPlace key="place_0519">Offenbach</pubPlace>, <publisher key="publ_0065">André</publisher> 2 Fl.</bibl>
<bibl id="hofm_1833_03_0022_02"><composer key="compo_025297">Oginsky</composer> <title>Polonaise très-favorite, No. 2, in <key>A</key>, arr. p. Pfte à 4 Mains p. Horr. (<edition>Nouv. Edit</edition>.)</title> Ebend. 18 Xr.</bibl>
<bibl id="hofm_1833_03_0022_03"><composer key="compo_026351">Philipp (B.E.)</composer> <title>Divertissement p. Pfte à 4 Mains. Oe. <opus key="opus_1372">2</opus>, in <key>A</key></title>. <pubPlace key="place_0082">Breslau</pubPlace>, <publisher key="publ_1158">Förster</publisher> 8 Gr.</bibl>
<bibl id="hofm_1833_03_0022_04"><regNumber>1702</regNumber>. <composer key="compo_031117">Schubert (F.L.)</composer> <title>Nocturne p. Pfte à 4 Mains. Oe. <opus key="opus_1390">20</opus>, in <key>Es</key></title>. <pubPlace key="place_0392">Leipzig</pubPlace>, <publisher key="publ_1746">Hofmeister</publisher> 16 Gr.</bibl>
<bibl id="hofm_1833_03_0022_05"><composer key="compo_032674">Spahn (C.)</composer> <title>12 Pièces progressives p. Pfte à 4 Mains. (<edition>Nouv. Edit</edition>.)</title> <pubPlace key="place_0519">Offenbach</pubPlace>, <publisher key="publ_0065">André</publisher> 1 Fl. 12 Xr.</bibl>
<bibl id="hofm_1833_03_0022_06"><regNumber>1681</regNumber>. <composer key="compo_032802">Spontini</composer>, <title>Borussia. Preussischer Volksgesang, arr. f. Pfte zu 4 Händen v. Jähns</title>. <pubPlace key="place_0044">Berlin</pubPlace>, <publisher key="publ_3471">Schlesinger</publisher> 12 Gr.</bibl>
<bibl id="hofm_1833_03_0022_07">– <title>Grosser Sieges- und Festmarsch, arr. f. do. v. do</title>. Ebend. 22 Gr.</bibl>
<bibl id="hofm_1833_03_0022_08"><composer key="compo_034782">Trefzer (M.)</composer> <title>6 steyrische Walzer für Anfänger, f. Pfte zu 4 Händen. Op. <opus key="opus_0392">12</opus></title>. <pubPlace key="place_0440">Mannheim</pubPlace>, <publisher key="publ_1534">Heckel</publisher> 27 Xr.</bibl>
<bibl id="hofm_1833_03_0022_09"><regNumber>1682</regNumber>. <composer key="compo_036249">Weber (C.M. v.)</composer> <title>Trio f. Pfte, arr. f. Pfte zu 4 Händen v. Jähns. Op. <opus key="opus_3738">63</opus>, in <key>B</key></title>. <pubPlace key="place_0044">Berlin</pubPlace>, <publisher key="publ_3471">Schlesinger</publisher> 1 Thlr. 8 Gr.</bibl>
</div><div id="hofm_1833_03_0022_div09"><head><hofClass key="hofCl_0272">Ouverturen für das Pianoforte zu 4 Händen.</hofClass></head>
<bibl id="hofm_1833_03_0022_10"><composer key="compo_014437">Herold (F.)</composer> <title>Ouverture aus der Oper: Zampa, oder die Marmorbraut, f. Pfte zu 4 Händen</title>. <pubPlace key="place_0440">Mannheim</pubPlace>, <publisher key="publ_1534">Heckel</publisher> 10 Gr.</bibl>
<bibl id="hofm_1833_03_0022_11"><regNumber>1711</regNumber>. <composer key="compo_016840">Kalliwoda (J.W.)</composer> <title>1ère Ouverture p. Pfte à 4 Mains. Oe. <opus key="opus_2630">38</opus>, in <key>D</key></title>. <pubPlace key="place_0392">Leipzig</pubPlace>, <publisher key="publ_3023">Peters</publisher> 16 Gr.</bibl>
<bibl id="hofm_1833_03_0022_12"><regNumber>1723</regNumber>. <composer key="compo_028393">Ries (F.)</composer> <title>Grosse Fest-Ouverture und Sieges-Marsch. Op. <opus key="opus_1107">172</opus>, in <key>Es</key>, arr. f. Pfte zu 4 Händen v. Fr. Weber</title>. <pubPlace key="place_0438">Mainz</pubPlace>, <publisher key="publ_3563">Schott</publisher> 1 Fl. 48 Xr.</bibl>
<bibl id="hofm_1833_03_0022_13"><regNumber>692</regNumber>. <composer key="compo_034685">Tomaschek (W.J.)</composer> <title>Ouverture aus der Oper. Seraphine, f. Pfte zu 4 Händen. Op. <opus key="opus_2509">36</opus>, in <key>D</key></title>. <pubPlace key="place_0554">Prag</pubPlace>, <publisher key="publ_0282">Berra</publisher> 48 Xr.</bibl>
</div><div id="hofm_1833_03_0022_div10"><head><hofClass key="hofCl_0166">Musik für das Pianoforte allein.</hofClass></head>
<bibl id="hofm_1833_03_0022_14"><title>Amphion. Musikalisches Angebinde, Freunden des Gesanges u. Pianoforte-Spiels gew. 2ter Theil</title>. 4to. <pubPlace key="place_0519">Offenbach</pubPlace>, <publisher key="publ_0065">André</publisher>, geh. 2 Fl. 42 Xr.</bibl>
<bibl id="hofm_1833_03_0022_15"><composer key="compo_002199">Bellini</composer>, <title>1stes Finale aus der Oper: I Capuleti ed i Montecchi, arr. f. Pfte</title>. <pubPlace key="place_0147">Dresden</pubPlace>, <publisher key="publ_4034">Thieme</publisher> 6 Gr.</bibl>
<bibl id="hofm_1833_03_0022_16"><composer key="compo_002313">Benedict (Jules)</composer> <title>Concertino p. Pfte. Oe. <opus key="opus_1165">18</opus>, in <key>As</key></title>. <pubPlace key="place_0392">Leipzig</pubPlace>, <publisher key="publ_1746">Hofmeister</publisher> 16 Gr.</bibl>
<bibl id="hofm_1833_03_0022_17"><composer key="compo_002418">Berg (C.)</composer> <title>2 Rondeaux p. Pfte. Oe. <opus key="opus_3967">7</opus>. (<edition>Nouv. Edit</edition>.)</title> <pubPlace key="place_0519">Offenbach</pubPlace>, <publisher key="publ_0065">André</publisher> 1 Fl. 20 Xr.</bibl>
<bibl id="hofm_1833_03_0022_18"><regNumber>1735</regNumber>. <composer key="compo_002712">Bertini (H.J.)</composer> <title>Etudes mélodiques, ou 3ème Suite des petits Morceaux p. Pfte. Oe. <opus key="opus_4489">86</opus></title>. <pubPlace key="place_0438">Mainz</pubPlace>, <publisher key="publ_3563">Schott</publisher> 1 Fl. 12 Xr.</bibl>
<album id="hofm_1833_03_0022_19"><title>Bibliothek f. Pfte-Spieler. Sammlung beliebter Opern, für Anfänger bearbeiter. No. 31, <composer key="compo_003603">Boieldieu</composer>, Das Rothkäppchen. No. 32, <composer key="compo_023884">Mozart</composer>, Die Entführung aus dem Serail</title>. <pubPlace key="place_0078">Braunschweig</pubPlace>, <publisher key="publ_3822">Spehr</publisher> à 10 Gr.</album>
<wip id="hofm_1833_03_0022_20"><title>Bouquet (das). Sammlung ungarischer National-Melodien f. Pfte</title>. <pubPlace key="place_0542">Pesth</pubPlace>, <publisher key="publ_1328">Grimm u. Co</publisher>. <pubPlace key="place_0392">Leipzig</pubPlace>, <publisher key="publ_1746">Hofmeister</publisher>. <lb/><regNumber>1694</regNumber>. – <title>Heft 1, <composer key="compo_030366">Schlesinger (C.)</composer> 2 Ungarische National-Melodien</title>. 12 Gr. <lb/><regNumber>1695</regNumber>. – <title>Heft 2, <composer key="compo_015639">Hunyady (B.)</composer> 2 do. do</title>. 16 Gr.</wip>
<bibl id="hofm_1833_03_0022_21"><composer key="compo_004745">Burkhardt (S.)</composer> <title>3 Rondeaux faciles, brillants et doigtés sur des Thêmes fav. (I Capuleti ed i Montecchi, – Robert le Diable.) Oe. <opus key="opus_3968">7, No. 1</opus></title>. <pubPlace key="place_0147">Dresden</pubPlace>, <publisher key="publ_4034">Thieme</publisher> 10 Gr.</bibl>
<pb n="23"/>
<bibl id="hofm_1833_03_0023_01"><regNumber>1769</regNumber>. <composer key="compo_006306">Czerny (C.)</composer> <title>Allegro en Galopp p. Pfte. Oe. <opus key="opus_1916">267</opus>, in <key>F</key></title>. <pubPlace key="place_0392">Leipzig</pubPlace>, <publisher key="publ_1746">Hofmeister</publisher> 12 Gr.</bibl>
<bibl id="hofm_1833_03_0023_02"><regNumber>1709</regNumber>. – <title>Grande Sonate d’Etude doigtée pour faire atteindre l’Habileté supérieure du Mécanisme dans plusieurs nouvelies Formes des Passages p. Pfte. Oe. <opus key="opus_1920">268</opus>, in <key>B</key></title>. No. 10, des gr. Son. <pubPlace key="place_0392">Leipzig</pubPlace>, <publisher key="publ_3023">Peters</publisher> 1 Thlr. 20 Gr.</bibl>
<bibl id="hofm_1833_03_0023_03">– <title>20ème Rondino sur l’Air fav. : Das Ständchen de Fr. Schubert p. Pfte. Oe. <opus key="opus_2032">284</opus>, in <key>C</key></title>. <pubPlace key="place_0731">Wien</pubPlace>, <publisher key="publ_0735">Diabelli et Co</publisher>. 1 Fl. 15 Xr.</bibl>
<bibl id="hofm_1833_03_0023_04"><regNumber>1758</regNumber>. <composer key="compo_008477">Erfurt (C.)</composer> <title>Sonatine zum unterrichtlichen Gebrauch bei mittlern Pianofortespielern. Op. <opus key="opus_1731">24</opus>. 1stes Heft der Sonatinen</title>. <pubPlace key="place_0147">Dresden</pubPlace>, <publisher key="publ_4034">Thieme</publisher> 12 Gr.</bibl>
<bibl id="hofm_1833_03_0023_05"><composer key="compo_011637">Gollmick (Ch.)</composer> <title>3 Sonates p. Pfte. Oe. <opus key="opus_0234">11</opus>. (<edition>Nouv. Edit</edition>.)</title> <pubPlace key="place_0519">Offenbach</pubPlace>, <publisher key="publ_0065">André</publisher> 1 Fl.</bibl>
<bibl id="hofm_1833_03_0023_06"><composer key="compo_015764">Häuser (J.E.)</composer> <title>Melodienkranz. Sammlung der Lieblingsmelodien unserer Zeit f. Pfte. 1stes Heft</title>. <pubPlace key="place_0561">Quedlinburg</pubPlace>, <publisher key="publ_0194">Basse</publisher> 12 Gr.</bibl>
<bibl id="hofm_1833_03_0023_07"><composer key="compo_013741">Heckel (J.J.)</composer> <title>Le Voyage. Rondo p. Pfte (in <key>D</key>.)</title> <pubPlace key="place_0440">Mannheim</pubPlace>, <publisher key="publ_1534">Heckel</publisher> 54 Xr.</bibl>
<bibl id="hofm_1833_03_0023_08"><regNumber>1733</regNumber>. <composer key="compo_014437">Herold (F.)</composer> <title>Andante et Rondeau sur un Motif de Zampa p. Pfte. Oe. <opus key="opus_3385">55</opus>, in <key>A</key></title>. <pubPlace key="place_0438">Mainz</pubPlace>, <publisher key="publ_3563">Schott</publisher> 1 Fl.</bibl>
<bibl id="hofm_1833_03_0023_09"><regNumber>1725</regNumber>. <composer key="compo_014555">Herz (Jac.)</composer> <title>2 Airs de Ballets de la Tentation, Musique de Halevy et Gyde, arr. en Rondeaux p. Pfte. No. 1, La Romeca. No. 2, La Galopade</title>. Ebend. à 1 Fl.</bibl>
<bibl id="hofm_1833_03_0023_10"><regNumber>1713</regNumber>. <composer key="compo_016840">Kalliwoda (J.W.)</composer> <title>3 Amusemens en Forme des Rondeaux p. Pfte. Oe. <opus key="opus_2764">40</opus>. No. 1, Rondoletto pastorale (in <key>G</key>.) No. 2, Grande Valse (in <key>D</key>.) No. 3, Grand Galop (in <key>G</key>.)</title> <pubPlace key="place_0392">Leipzig</pubPlace>, <publisher key="publ_3023">Peters</publisher> à 12 Gr.</bibl>
<bibl id="hofm_1833_03_0023_11"><unclear><composer key="compo_017825">Klonowsky (Th.)</composer></unclear> <title>L’Abandonné. Polonaise mélancolique p. Pfte</title> (av. Vign.) <pubPlace key="place_0044">Berlin</pubPlace>, <publisher key="publ_3789">Simon</publisher>, color. 8 Gr.</bibl>
<bibl id="hofm_1833_03_0023_12"><regNumber>1728</regNumber>. <composer key="compo_018018">Koch (Ch.)</composer> <title>2 Rondeaux p. Pfte. Oe. <opus key="opus_3385">55</opus>. No. 1, à l’Espagnole (in <key>G</key>.) No. 2, à l’Allemande (in <key>A</key>.)</title> <pubPlace key="place_0438">Mainz</pubPlace>, <publisher key="publ_3563">Schott</publisher> à 1 Fl.</bibl>
<bibl id="hofm_1833_03_0023_13">– <title>3 petits Rondeaux caractéristiques, faciles et agréables p. Pfte. Oe. <opus key="opus_3459">57. No. 1–3</opus>, à la Russe, à l’Allemande; à l’Espagnole</title>. <pubPlace key="place_0078">Braunschweig</pubPlace>, <publisher key="publ_3822">Spehr</publisher> à 8 Gr.</bibl>
<wip id="hofm_1833_03_0023_14"><regNumber>1736</regNumber>. <composer key="compo_019508">Küffner</composer> et <composer key="compo_029891">Schad</composer>, <title>Choix de douze Morceaux faciles et soigneusement doigtés p. Pfte</title>. <title>Cah. 1, 2, (Manuel des jeunes Pianistes.)</title> <pubPlace key="place_0438">Mainz</pubPlace>, <publisher key="publ_3563">Schott</publisher> 1 Fl.</wip>
<bibl id="hofm_1833_03_0023_15"><regNumber>1683</regNumber>. <composer key="compo_019707">Lacoste (J.)</composer> <title>Rondeau favori p. Pfte (in <key>B</key>.)</title> <pubPlace key="place_0519">Offenbach</pubPlace>, <publisher key="publ_0065">André</publisher> 36 Xr.</bibl>
<bibl id="hofm_1833_03_0023_16"><regNumber>1744</regNumber>. <composer key="compo_020014">Lanner (J.)</composer> <title>Capricciosa. Grosses Potpourri f. Pfte. Op. <opus key="opus_3738">63</opus></title>. <pubPlace key="place_0731">Wien</pubPlace>, <publisher key="publ_2605">Mechetti</publisher> 1 Fl. 12 Xr.</bibl>
<bibl id="hofm_1833_03_0023_17"><composer key="compo_020503">Lemoine (H.)</composer> <title>Divertissement sur des Motifs de Zampa p. Pfte. Oe. <opus key="opus_1068">17</opus></title>. <pubPlace key="place_0440">Mannheim</pubPlace>, <publisher key="publ_1534">Heckel</publisher> 54 Xr.</bibl>
<bibl id="hofm_1833_03_0023_18">– <title>Bagatelle sur des Motifs de Zampa p. Pfte</title>. Ebend. 36 Xr.</bibl>
<bibl id="hofm_1833_03_0023_19"><regNumber>1753</regNumber>. <composer key="compo_021167">Lobe (J.C.)</composer> <title>Rondoletto ungheriano p. Pfte. Oe. <opus key="opus_1999">28</opus>, in <key>G</key></title>. <pubPlace key="place_0147">Dresden</pubPlace>, <publisher key="publ_4034">Thieme</publisher> 12 Gr.</bibl>
<bibl id="hofm_1833_03_0023_20"><regNumber>887</regNumber>. <composer key="compo_022297">Marschner (H.)</composer> <title>Des Falkners Braut, komische Oper in 3 Aufzügen. <format>Klavier-Auszug zu 2 Händen</format>. Op. <opus key="opus_1165">18</opus></title>. <pubPlace key="place_0392">Leipzig</pubPlace>, <publisher key="publ_0437">Br. u. Härtel</publisher>, geh. 4 Thlr.</bibl>
<bibl id="hofm_1833_03_0023_21"><composer key="compo_023269">Meyerbeer (J.)</composer> <title>Auswahl beliebter Stücke aus der Oper: Robert der Teufel, f. Pfte</title>. <pubPlace key="place_0276">Hamburg</pubPlace>, <publisher key="publ_0640">Cranz</publisher> 16 Gr.</bibl>
<bibl id="hofm_1833_03_0023_22"><composer key="compo_023890">Mozart (W.A.)</composer> <title>Fantaisie p. Pfte (in <key>Cm</key>.) <edition>Nouv. Edit</edition></title>. <pubPlace key="place_0519">Offenbach</pubPlace>, <publisher key="publ_0065">André</publisher> 36 Xr.</bibl>
<bibl id="hofm_1833_03_0023_23"><regNumber>1767</regNumber>. <composer key="compo_026573">Pixis (J.P.)</composer> <title>Fantaisie militaire p. Pfte. Oe. <opus key="opus_0427">121</opus>, in <key>E</key></title>, (dédiée à Mr. Chopin.) <pubPlace key="place_0392">Leipzig</pubPlace>, <publisher key="publ_1746">Hofmeister</publisher> 1 Thlr.</bibl>
<pb n="24"/>
<bibl id="hofm_1833_03_0024_01"><regNumber>1750</regNumber>. <composer key="compo_027982">Reissiger (C.G.)</composer> <title>Rondeau brillant p. Pfte. Oe. <opus key="opus_4416">83</opus>, in <key>Es</key></title>, (déd. à Mlle. Clara Wieck.) <pubPlace key="place_0147">Dresden</pubPlace>, <publisher key="publ_4034">Thieme</publisher> 16 Gr.</bibl>
<bibl id="hofm_1833_03_0024_02"><title>Souvenir p. Pfte. No. 1, Fordre Niemand mein Schicksal zu hören. No 2, Denkst du daran?</title> <pubPlace key="place_0440">Mannheim</pubPlace>, <publisher key="publ_1534">Heckel</publisher> à 9 Xr.</bibl>
<bibl id="hofm_1833_03_0024_03"><regNumber>1673</regNumber>. <composer key="compo_034169">Taubert (Gugl.)</composer> <title>6 Scherzi p. Pfte. Oe. <opus key="opus_4300">8</opus></title>. <pubPlace key="place_0392">Leipzig</pubPlace>, <publisher key="publ_0437">Br. et Härtel</publisher> 18 Gr.</bibl>
<bibl id="hofm_1833_03_0024_04"><regNumber>1746</regNumber>. <composer key="compo_034396">Thiele (E.)</composer> <title>Sonate p. Pfte. Op. <opus key="opus_0001">1</opus>, in <key>Es</key></title>. <pubPlace key="place_0147">Dresden</pubPlace>, <publisher key="publ_2993">Paul</publisher> 16 Gr.</bibl>
<bibl id="hofm_1833_03_0024_05"><title>Unterhaltungen am Pfte. Sammlung beliebter Sonaten, Rondos etc. Heft 12, <composer key="compo_015944">Hünten, Fr.</composer>, 4 Rondeaux No. 1–4</title>. <pubPlace key="place_0044">Berlin</pubPlace>, <publisher key="publ_3949">Struve</publisher> à 4 Gr.</bibl>
<bibl id="hofm_1833_03_0024_06"><regNumber>1693</regNumber>. <composer key="compo_037180">Winkhler (C.A. de)</composer> <title>Grand Rondo polonais p. Pfte. Oe. <opus key="opus_2804">41</opus>, in <key>D</key></title>. <pubPlace key="place_0542">Pesth</pubPlace>, <publisher key="publ_1328">Grimm et Co</publisher> <pubPlace key="place_0392">Leipzig</pubPlace>, <publisher key="publ_1746">Hofmeister</publisher> 1 Thlr. 4 Gr.</bibl>
<bibl id="hofm_1833_03_0024_07"><regNumber>1724</regNumber>. <composer key="compo_038175">Zimmermann (J.)</composer> <title>Rondeau sur un Motif du Serment d’Auber p. Pfte. Oe. <opus key="opus_1932">27</opus>, in <key>A</key></title>. <pubPlace key="place_0438">Mainz</pubPlace>, <publisher key="publ_3563">Schott</publisher> 1 Fl. 12 Xr.</bibl>
</div><div id="hofm_1833_03_0024_div11"><head><hofClass key="hofCl_0292">Variationen für das Pianoforte.</hofClass></head>
<bibl id="hofm_1833_03_0024_08"><composer key="compo_000650">André (A.)</composer> <title>Variations sur l’Air : God save the king, p. Pfte. No. 1, de Variat. (<edition>Nouv. Edit</edition>.)</title> <pubPlace key="place_0519">Offenbach</pubPlace>, <publisher key="publ_0065">André</publisher> 36 Xr.</bibl>
<bibl id="hofm_1833_03_0024_09"><composer key="compo_007284">Dotzauer (B.)</composer> <title>Variations de Bravure p. Pfte. Oe. <opus key="opus_0392">12</opus>, in <key>Es</key></title>, (déd. à Mr. H. Herz.) <pubPlace key="place_0078">Braunschweig</pubPlace>, <publisher key="publ_3822">Spehr</publisher> 8 Gr.</bibl>
<bibl id="hofm_1833_03_0024_10">– <title>Variations agréables sur un Air favori de C.M. de Weber, p. Pfte. Oe. <opus key="opus_0684">14</opus>, in <key>C</key></title>. Ebend. 6 Gr.</bibl>
<bibl id="hofm_1833_03_0024_11"><composer key="compo_013545">Hauck (W.)</composer> <title>Air irlandais varié p. Pfte. Oe. <opus key="opus_0684">14</opus>, in <key>D</key></title>. <pubPlace key="place_0082">Breslau</pubPlace>, <publisher key="publ_1158">Förster</publisher> 8 Gr.</bibl>
<bibl id="hofm_1833_03_0024_12"><regNumber>1696</regNumber>. <composer key="compo_014051">Heller (St.)</composer> <title>Variations brill. sur une Valse fav. de Mr. de Hubovszky p. Pfte. Oe. <opus key="opus_2737">4</opus>, in <key>B</key></title>. <pubPlace key="place_0542">Pesth</pubPlace>, <publisher key="publ_1328">Grimm et Co</publisher>. <pubPlace key="place_0392">Leipzig</pubPlace>, <publisher key="publ_1746">Hofmeister</publisher> 1 Thlr.</bibl>
<bibl id="hofm_1833_03_0024_13"><regNumber>1727</regNumber>. <composer key="compo_014555">Herz (Jac.)</composer> <title>Variations brillantes sur un Air suédois p. Pfte. Oe. <opus key="opus_1661">23</opus>, in <key>F</key></title>. <pubPlace key="place_0438">Mainz</pubPlace>, <publisher key="publ_3563">Schott</publisher> 1 Fl. 36 Xr.</bibl>
<bibl id="hofm_1833_03_0024_14"><regNumber>1775</regNumber>. <composer key="compo_016826">Kalkbrenner (F.)</composer> <title>Valse favorite de Beethoven variée p. Pfte. Oe. <opus key="opus_0358">118</opus>, in <key>A</key></title>. <pubPlace key="place_0392">Leipzig</pubPlace>, <publisher key="publ_2017">Kistner</publisher> 16 Gr.</bibl>
<bibl id="hofm_1833_03_0024_15"><regNumber>1774</regNumber>. <composer key="compo_028377">Riem (W.F.)</composer> <title>Introduction et Variations sur un Thème original, p. Pfte. Oe. <opus key="opus_2850">42</opus>, in <key>A</key></title>. Ebend. 14 Gr.</bibl>
<bibl id="hofm_1833_03_0024_16"><regNumber>1748</regNumber>. <composer key="compo_032217">Siegel (D.S.)</composer> <title>Variationen über ein Duett aus der Oper: Die Italienerin in Algier. Op. <opus key="opus_3529">59</opus>, in <key>G</key></title>. <pubPlace key="place_0147">Dresden</pubPlace>, <publisher key="publ_2993">Paul</publisher> 10 Gr.</bibl>
<bibl id="hofm_1833_03_0024_17"><composer key="compo_036249">Weber (C.M. de)</composer> <title>Thême original varié p. Pfte. Oe. <opus key="opus_3181">5</opus>, de Variat. (<edition>Nouv. Edit</edition>.)</title> <pubPlace key="place_0519">Offenbach</pubPlace>, <publisher key="publ_0065">André</publisher> 48 Xr.</bibl>
</div><div id="hofm_1833_03_0024_div12"><head><hofClass key="hofCl_0273">Ouverturen für das Pianoforte.</hofClass></head>
<bibl id="hofm_1833_03_0024_18"><regNumber>1729</regNumber>. <composer key="compo_001079">Auber (D.F.E.)</composer> <title>Ouverture de l’Opéra : Le Serment ou les Faux-Monnoyeurs (Der Schwur oder die Falschmünzer) p. Pfte (in <key>F</key>.)</title> <pubPlace key="place_0438">Mainz</pubPlace>, <publisher key="publ_3563">Schott</publisher> 1 Fl.</bibl>
<bibl id="hofm_1833_03_0024_19">– – Idem p. Pfte av. Acc. de Violon. Ebend. 1 Fl. 12 Xr.</bibl>
<bibl id="hofm_1833_03_0024_20">– <title>Ouverture zur Oper: Fiorella, f. Pfte</title>. (No. 39.) <pubPlace key="place_0440">Mannheim</pubPlace>, <publisher key="publ_1534">Heckel</publisher> 4 Gr.</bibl>
<bibl id="hofm_1833_03_0024_21">– <title>Ouverture zur Oper: Das Hirtenmädchen</title>. (No. 22.) Ebend. 4 Gr.</bibl>
<bibl id="hofm_1833_03_0024_22">– <title>Ouverture zur Oper: Leicester, oder das Schloss Kenilworth</title>. (No. 33.) Ebend. 6 Gr.</bibl>
<bibl id="hofm_1833_03_0024_23"><composer key="compo_003603">Boieldieu</composer>, <title>Ouverture zum Singspiel: Der Kirchtag</title>. (No. 43.) Ebend. 4 Gr.</bibl>
<bibl id="hofm_1833_03_0024_24">– <title>Ouverture zur Oper: Tante Aurora</title>. (No. 20.) Ebend. 6 Gr.</bibl>
<bibl id="hofm_1833_03_0024_25"><composer key="compo_005278">Carafa</composer>, <title>Ouverture zur Oper: Die Marquise von Brinvilliers</title> (No. 35.) Ebend. 8 Gr.</bibl>
<pb n="25"/>
<bibl id="hofm_1833_03_0025_01"><composer key="compo_010196">Fränzl (F.)</composer> <title>Ouverture zum Singspiel: Der Fassbinder, f. Pfte</title>. (No. 30.) <pubPlace key="place_0440">Mannheim</pubPlace>, <publisher key="publ_1534">Heckel</publisher> 6 Gr.</bibl>
<bibl id="hofm_1833_03_0025_02"><regNumber>1719</regNumber>. <composer key="compo_011411">Gläser (Fr.)</composer> <title>Ouverture zur Oper: Des Adlers Horst, f. Pfte (in <key>D</key>.)</title> <pubPlace key="place_0044">Berlin</pubPlace>, <publisher key="publ_4067">Trautwein</publisher> 10 Gr.</bibl>
<bibl id="hofm_1833_03_0025_03"><composer key="compo_014430">Herold</composer>, <title>Ouverture zur Oper: Marie. (No. 13.)</title> <pubPlace key="place_0440">Mannheim</pubPlace>, <publisher key="publ_1534">Heckel</publisher> 4 Gr.</bibl>
<bibl id="hofm_1833_03_0025_04"><composer key="compo_021167">Lobe (J.C.)</composer> <title>Reiselust. Les Charmes du Voyage. 5ème Ouverture p. Pfte. Oe. <opus key="opus_1881">26</opus>, in <key>B</key></title>. <pubPlace key="place_0147">Dresden</pubPlace>, <publisher key="publ_4034">Thieme</publisher> 12 Gr.</bibl>
<bibl id="hofm_1833_03_0025_05"><composer key="compo_025949">Paer</composer>, <title>Ouverture zu Numa Pompilius</title>. (No. 27.) <pubPlace key="place_0440">Mannheim</pubPlace>, <publisher key="publ_1534">Heckel</publisher> 4 Gr.</bibl>
<bibl id="hofm_1833_03_0025_06">– <title>Ouverture (in <key>D</key>.)</title> No. 18. Ebend. 4 Gr.</bibl>
<bibl id="hofm_1833_03_0025_07"><composer key="compo_028505">Ritter</composer>, <title>Ouverture zum Schauspiel: Wilhelm Tell</title>. (No. 28.) Ebend. 4 Gr.</bibl>
<bibl id="hofm_1833_03_0025_08"><title>Sammlung von 100 Ouverturen f. Pfte neu eingerichtet. No. 11 – 47</title>. Ebend. à 4, 6 und 8 Gr.</bibl>
</div><div id="hofm_1833_03_0025_div13"><head><hofClass key="hofCl_0288">Tänze für das Pianoforte.</hofClass></head>
<bibl id="hofm_1833_03_0025_09"><composer key="compo_000318">Albrecht</composer>, <title>3 neue Breslauer Lieblingstänze f. Pfte</title>. <pubPlace key="place_0082">Breslau</pubPlace>, <publisher key="publ_3010">Pelz</publisher> 8 Gr.</bibl>
<bibl id="hofm_1833_03_0025_10">– <title>Lieblings-Tänze aus der Zauberrose und der Blumenkönigin f. Pfte</title>. Ebend. 12 Gr.</bibl>
<bibl id="hofm_1833_03_0025_11"><composer key="compo_001075">Auber</composer>, <title>Cotillon nach beliebten Melodien der Oper: Die Braut, f. Pfte</title>. <pubPlace key="place_0078">Braunschweig</pubPlace>, <publisher key="publ_3822">Spehr</publisher> 4 Gr.</bibl>
<bibl id="hofm_1833_03_0025_12"><composer key="compo_003416">Bochmann (E.)</composer> <title>4 moderne Walzer in Manier der Wiener National-Walzer f. Pfte</title>. <pubPlace key="place_0147">Dresden</pubPlace>, <publisher key="publ_2661">Meser</publisher> 4 Gr.</bibl>
<bibl id="hofm_1833_03_0025_13"><composer key="compo_004645">Bunke (F.E.)</composer> <title>Neueste Breslauer Lieblingstänze f. Pfte. 6tes Heft</title>. <pubPlace key="place_0082">Breslau</pubPlace>, <publisher key="publ_1158">Förster</publisher> 14 Gr.</bibl>
<bibl id="hofm_1833_03_0025_14"><composer key="compo_007844">Eckersberg (E.)</composer> <title>Harmonie-Contretänze f. Pfte</title>. <pubPlace key="place_0147">Dresden</pubPlace>, <publisher key="publ_4034">Thieme</publisher> 4 Gr.</bibl>
<bibl id="hofm_1833_03_0025_15"><composer key="compo_008629">Esser (J.)</composer> <title>Die Tanzlust. Cotillon f. Pfte</title>. <pubPlace key="place_0082">Breslau</pubPlace>, <publisher key="publ_1158">Förster</publisher> 6 Gr.</bibl>
<bibl id="hofm_1833_03_0025_16"><regNumber>1762</regNumber>. <composer key="compo_009360">Fischer (C.)</composer> <title>Tänze f. Pfte. (3 Ländler, 2 Galopaden, 1 Masureck und 1 Walzer.)</title> <pubPlace key="place_0082">Breslau</pubPlace>, <publisher key="publ_2386">Leuckart</publisher> 8 Gr.</bibl>
<bibl id="hofm_1833_03_0025_17"><regNumber>1697</regNumber>. <composer key="compo_011173">Ghyczy (C. v.)</composer> <title>Carolinen-Walzer f. Pfte</title>. <pubPlace key="place_0542">Pesth</pubPlace>, <publisher key="publ_1328">Grimm u. Co</publisher>. <pubPlace key="place_0392">Leipzig</pubPlace>, <publisher key="publ_1746">Hofmeister</publisher> 10 Gr.</bibl>
<bibl id="hofm_1833_03_0025_18"><regNumber>1698</regNumber>. – <title>Es kann nicht immer so bleiben. Erinnerungs-Walzer f. Pfte</title>. Ebend. 10 Gr.</bibl>
<bibl id="hofm_1833_03_0025_19"><composer key="compo_012693">Görner (C.)</composer> <title>Marsch, Tanz der Sclavinnen und Finale aus einem türkischen Divertissement f. Pfte</title>. <pubPlace key="place_0082">Breslau</pubPlace>, <publisher key="publ_3010">Pelz</publisher> 4 Gr.</bibl>
<bibl id="hofm_1833_03_0025_20">– <title>8 Tänze aus der komischen Zauber-Pantomine: Arlequin in Breslau f. Pfte</title>. Ebend. 8 Gr.</bibl>
<bibl id="hofm_1833_03_0025_21">– <title>Musikalisches Vielliebchen, eine Sammlung. Tänze f. Pfte. H. 1</title>. Ebend. 12 Gr.</bibl>
<bibl id="hofm_1833_03_0025_22"><composer key="compo_012400">Grünfeld (A.)</composer> <title>Erinnerungs-Galopp f. Pfte</title>. <pubPlace key="place_0542">Pesth</pubPlace>, <publisher key="publ_1328">Grimm u. Co</publisher>, <pubPlace key="place_0392">Leipzig</pubPlace>, <publisher key="publ_1746">Hofmeister</publisher> 4 Gr.</bibl>
<bibl id="hofm_1833_03_0025_23"><regNumber>1705</regNumber>. <composer key="compo_015706">Haensel (A.)</composer> <title>12 Carneval-Tänze nach den neuesten Wiener Mode-Geschmack f. Pfte</title>. <pubPlace key="place_0147">Dresden</pubPlace>, <publisher key="publ_2661">Meser</publisher> 12 Gr.</bibl>
<bibl id="hofm_1833_03_0025_24"><composer key="compo_015733">Haerting (E.)</composer> <title>Danses brillantes p. Pfte</title>. <pubPlace key="place_0147">Dresden</pubPlace>, <publisher key="publ_4034">Thieme</publisher> 6 Gr.</bibl>
<bibl id="hofm_1833_03_0025_25"><composer key="compo_013379">Hartkäs (W.)</composer> <title>Weihnachts-Polonaise f. Pfte</title>. <pubPlace key="place_0044">Berlin</pubPlace>, <publisher key="publ_0665">Curths</publisher> 4 Gr.</bibl>
<bibl id="hofm_1833_03_0025_26"><regNumber>1699</regNumber>. <composer key="compo_015568">Hubovszky (Ph. v.)</composer> <title>Flora-Walzer f. Pfte. Op. <opus key="opus_4562">9</opus></title>. <pubPlace key="place_0542">Pesth</pubPlace>, <publisher key="publ_1328">Grimm u. Co</publisher>. <pubPlace key="place_0392">Leipzig</pubPlace>, <publisher key="publ_1746">Hofmeister</publisher> 16 Gr.</bibl>
<pb n="26"/>
<bibl id="hofm_1833_03_0026_01"><composer key="compo_015568">Hubovszky (Ph. v.)</composer> <title>Carnevals Freuden-Tänze f. Pfte. Op. <opus key="opus_0021">10</opus></title>. Ebend. 16 Gr.</bibl>
<bibl id="hofm_1833_03_0026_02">– <title>Le Souvenir, Galoppe f. Pfte. Op. <opus key="opus_0234">11</opus></title>. Ebend. 4 Gr.</bibl>
<bibl id="hofm_1833_03_0026_03">– <title>Le Départ, la Course et l’Arrivée. Intr. Valses et Galoppe p. Pfte. Oe. <opus key="opus_0392">12</opus></title>. Ebend. 12 Gr.</bibl>
<bibl id="hofm_1833_03_0026_04">– <title>Amalien-Walzer f. Pfte</title>. Ebend. 16 Gr.</bibl>
<bibl id="hofm_1833_03_0026_05"><regNumber>1759</regNumber>. <composer key="compo_018855">Krollmann (A.)</composer> <title>3 Polonaisen f. Pfte. Oe. <opus key="opus_1068">17</opus></title>. <pubPlace key="place_0280">Hannover</pubPlace>, <publisher key="publ_0146">Bachmann u. N</publisher>. 8. Gr.</bibl>
<bibl id="hofm_1833_03_0026_06"><regNumber>1755</regNumber>. <composer key="compo_019201">Kupsch (C.G.)</composer> <title>6 Tänze (A-B-C- Louisen-Desperations-Galopp. Besänftigungs- und Dresdner Abkühlungs-Walzer. Marianen-Ländler) f. Pfte</title>. <pubPlace key="place_0147">Dresden</pubPlace>, <publisher key="publ_4034">Thieme</publisher> 6 Gr.</bibl>
<bibl id="hofm_1833_03_0026_07"><regNumber>1743</regNumber>. <composer key="compo_020014">Lanner (J.)</composer> <title>Nord-Klänge. Mazur f. Pfte. Op. <opus key="opus_3825">66</opus></title>. <pubPlace key="place_0731">Wien</pubPlace>, <publisher key="publ_2605">Mechetti</publisher> 24 Xr.</bibl>
<bibl id="hofm_1833_03_0026_08"><regNumber>1742</regNumber>. – <title>Olymp’s Walzer f. Pfte. Op. <opus key="opus_3868">67</opus></title>. Ebend. 45 Xr.</bibl>
<bibl id="hofm_1833_03_0026_09"><regNumber>1741</regNumber>. – <title>Quadrilles françaises p. Pfte. Oe. <opus key="opus_3895">68</opus></title>. Ebend. 30 Xr.</bibl>
<bibl id="hofm_1833_03_0026_10"><regNumber>1691</regNumber>. <composer key="compo_020429">Leicht (V.)</composer> <title>Die fröhliche Jugend. Bagatellen-Walzer im beliebten Wiener Style f. Pfte</title>. <pubPlace key="place_0554">Prag</pubPlace>, <publisher key="publ_0282">Berra</publisher> 20 Xr.</bibl>
<bibl id="hofm_1833_03_0026_11"><title>Lieblings-Tänze (Mannheimer) f. Pfte. No. 5–13</title>. <pubPlace key="place_0440">Mannheim</pubPlace>, <publisher key="publ_1534">Heckel</publisher> à 8 Xr.</bibl>
<bibl id="hofm_1833_03_0026_12"><regNumber>1720</regNumber>. <composer key="compo_024569">Neithardt (A.)</composer> <title>Ermunterungen für die Jugend. (Tänze nach Motifen beliebter Opern) leicht eingerichtet. 3te Lief</title>. <pubPlace key="place_0044">Berlin</pubPlace>, <publisher key="publ_4067">Trautwein</publisher> 12 Gr.</bibl>
<bibl id="hofm_1833_03_0026_13"><regNumber>1679</regNumber>. – <title>Neueste Berliner Lieblingstänze, 33stes Heft (Cotillon aus la Straniera, Galopp a. Blaubart, Schweizergalopp etc.)</title> <pubPlace key="place_0044">Berlin</pubPlace>, <publisher key="publ_3471">Schlesinger</publisher> 16 Gr.</bibl>
<bibl id="hofm_1833_03_0026_14"><composer key="compo_024722">Neumann (J.F.)</composer> <title>Auswahl der beliebtesten Musikstücke, welche während der Vorstellungen des K<unclear>ü</unclear>nstlers Hrn. Carl Rappo vorgetragen wurden f. Pfte. arr. 3 Stücke</title>. <pubPlace key="place_0082">Breslau</pubPlace>, <publisher key="publ_0640">Cranz</publisher> à 4 u. 6 Gr.</bibl>
<bibl id="hofm_1833_03_0026_15"><composer key="compo_025297">Oginsky</composer>, <title>4 National-Polonaisen f. Pfte</title>. <pubPlace key="place_0475">München</pubPlace>. <publisher key="publ_0028">Aibl</publisher> 36 Xr.</bibl>
<bibl id="hofm_1833_03_0026_16"><composer key="compo_027440">Rafael (C.F.)</composer> <title>Es lebe Strauss! Cotillon f. Pfte</title>. <pubPlace key="place_0082">Breslau</pubPlace>, <publisher key="publ_1158">Förster</publisher> 6 Gr.</bibl>
<bibl id="hofm_1833_03_0026_17"><composer key="compo_027460">Rahm (F.)</composer> <title>3 Walzer u. 3 Douplirmärsche f. Pfte</title>. <pubPlace key="place_0440">Mannheim</pubPlace>, <publisher key="publ_1534">Heckel</publisher> 36 Xr.</bibl>
<bibl id="hofm_1833_03_0026_18"><composer key="compo_028523">Ritter (K.A.)</composer> <title>Der Freisinnige. Kosmopolitischer Walzer f. Pfte</title>. Ebend. 8 Xr.</bibl>
<bibl id="hofm_1833_03_0026_19"><title>Sammlung der neuesten und beliebtesten Galoppen f. Pfte. No. 24, Hebenstreit, Husaren-Galoppe</title>. <pubPlace key="place_0731">Wien</pubPlace>, <publisher key="publ_2605">Mechetti</publisher> 24 Xr.</bibl>
<bibl id="hofm_1833_03_0026_20"><regNumber>1700</regNumber>. <composer key="compo_031795">Sebastiani (J.P.)</composer> <title>Valses à la Mode p. Pfte</title>. <pubPlace key="place_0542">Pesth</pubPlace>, <publisher key="publ_1328">Grimm et Co</publisher>. <pubPlace key="place_0392">Leipzig</pubPlace>, <publisher key="publ_1746">Hofmeister</publisher> 16 Gr.</bibl>
<bibl id="hofm_1833_03_0026_21"><title>Tanz- und Ballet-Musik (neueste) f. Pfte. No. 3, <composer key="compo_034395">Thiele (C.)</composer> 4 Mazur u. 2 Galoppwalzer</title>. <pubPlace key="place_0044">Berlin</pubPlace>, <publisher key="publ_3949">Struve</publisher> 4 Gr.</bibl>
<bibl id="hofm_1833_03_0026_22"><composer key="compo_034262">Tengnagel (J.F. de)</composer> <title>Danses modernes p. Pfte. Cah. 1</title>. <pubPlace key="place_0276">Hamburg</pubPlace>, <publisher key="publ_0640">Cranz</publisher> 6 Gr.</bibl>
<bibl id="hofm_1833_03_0026_23"><composer key="compo_034395">Thiele (C.)</composer> <title>7 Contratänze nach bel. Melodien aus d. Ballets: Ottavio Pinelli und die neue Amazone f. Pfte</title>. <pubPlace key="place_0044">Berlin</pubPlace>, <publisher key="publ_3949">Struve</publisher> 4 Gr.</bibl>
<bibl id="hofm_1833_03_0026_24">– <title>Nasenharmonie-Galopp f. Pfte</title>. Ebend. 2 Gr.</bibl>
<wip id="hofm_1833_03_0026_25"><regNumber>1680</regNumber>. <composer key="compo_034664">Tolbecque (J.B.)</composer> <title>2 Quadrilles de Contredanses suivis de Valses sur des Motifs de Natalie de Carafa p. Pfte</title>. <title>Cah. 1, 2</title>. <pubPlace key="place_0044">Berlin</pubPlace>, <publisher key="publ_3471">Schlesinger</publisher> à 10 Gr.</wip>
<pb n="27"/>
<bibl id="hofm_1833_03_0027_01"><regNumber>1763</regNumber>. <composer key="compo_035905">Wagner (P.J.P.)</composer> <title>Das Leben kein Tanz. Walzer f. Pfte</title>. <pubPlace key="place_0082">Breslau</pubPlace>, <publisher key="publ_2386">Leuckart</publisher> 6 Gr. Prachtexempl. 10 Gr.</bibl>
<bibl id="hofm_1833_03_0027_02"><title>Walzer nach dem Mantelliede aus Leonore, und Walzer nach den Holländischen Volksliede „Wer blieb noch überwunden gross“ f. Pfte</title>. <pubPlace key="place_0561">Quedlinburg</pubPlace>, <publisher key="publ_0194">Basse</publisher> 4 Gr.</bibl>
<bibl id="hofm_1833_03_0027_03"><composer key="compo_038086">Zieger (J.G.)</composer> <title>Bravour-Walzer nach Motifen der Oper: Robert der Teufel f. Pfte</title>. <pubPlace key="place_0276">Hamburg</pubPlace>, <publisher key="publ_0640">Cranz</publisher> 4 Gr.</bibl>
<bibl id="hofm_1833_03_0027_04"><composer key="compo_038177">Zimmermann (S.A.)</composer> <title>Favorit-Polonaisen f. Pfte. Op. <opus key="opus_3968">7, No. 1</opus>, in <key>E</key></title>. <pubPlace key="place_0440">Mannheim</pubPlace>, <publisher key="publ_1534">Heckel</publisher> 18 Xr.</bibl>
<bibl id="hofm_1833_03_0027_05">– do. <title>No. 2, in <key>F</key></title>. Ebend. 27 Xr.</bibl>
<bibl id="hofm_1833_03_0027_06">– <title>4 Walzer über Thema’s aus der Oper: Robert der Teufel f. Pfte. Op. <opus key="opus_4312">8, No. 1–4</opus></title>. Ebend. à 8 Xr.</bibl>
<bibl id="hofm_1833_03_0027_07">– <title>Entführungs-Walzer f. Pfte</title>. Ebend. 9 Xr.</bibl>
<bibl id="hofm_1833_03_0027_08"><regNumber>1756</regNumber>. <composer key="compo_015706">Hänsel (A.)</composer> <title>2 Märsche nach Motifen aus der Oper: Zampa f. Pfte</title>. <pubPlace key="place_0147">Dresden</pubPlace>, <publisher key="publ_4034">Thieme</publisher> 2 Gr.</bibl>
<bibl id="hofm_1833_03_0027_09"><title>Lieblings-Märsche (4) des Helden, General Chassé und seiner Braven f. Pfte</title>. <pubPlace key="place_0561">Quedlinburg</pubPlace>, <publisher key="publ_0194">Basse</publisher> 10 Gr.</bibl>
</div><div id="hofm_1833_03_0027_div14"><head><hofClass key="hofCl_0225">Musik für die Orgel.</hofClass></head>
<wip id="hofm_1833_03_0027_10"><title>Fugen und Präludien von ältern, vaterländischen Componisten. Redigirt von Führer, Schütz v. Wittasser</title>. <title>2 Hefte</title>. <pubPlace key="place_0554">Prag</pubPlace>, <publisher key="publ_1417">Haase</publisher> à 1 Thlr. 6 Gr.</wip>
<bibl id="hofm_1833_03_0027_11"><composer key="compo_019334">Köhler (E.)</composer> <title>Variationen über ein Thema von Spohr f. Orgel Op. <opus key="opus_2347">33</opus></title>. No. 8, der Orgelsachen, in <key>G</key>. <pubPlace key="place_0082">Breslau</pubPlace>, <publisher key="publ_1158">Förster</publisher> 8 Gr.</bibl>
<bibl id="hofm_1833_03_0027_12"><regNumber>1685</regNumber>. <composer key="compo_024263">Müller (P.)</composer> <title>12 Präludien f. Orgel Op. <opus key="opus_3565">6</opus></title>. <pubPlace key="place_0519">Offenbach</pubPlace>, <publisher key="publ_0065">André</publisher> 45 Xr.</bibl>
<bibl id="hofm_1833_03_0027_13"><composer key="compo_028447">Rink (Ch. H.)</composer> <title>20 Orgelstücke verschiedener Art. Op. <opus key="opus_2347">33</opus>, 8te Samml. d. Orgelst. (<edition>Neue Aufl</edition>.)</title> <pubPlace key="place_0519">Offenbach</pubPlace>, <publisher key="publ_0065">André</publisher> 1 Fl. 48 Xr.</bibl>
<bibl id="hofm_1833_03_0027_14">– <title>40 kleine, leichte und vermischte Orgelpräludien mit und ohne Pedal zu spielen Op. <opus key="opus_2576">37</opus>. 9te Sammlung d. Orgelst. (<edition>Neue Aufl</edition>.)</title> Ebend. 1 Fl. 20 Xr.</bibl>
<bibl id="hofm_1833_03_0027_15"><regNumber>1718</regNumber>. <composer key="compo_033196">Steinicke (A.)</composer> <title>50 kurze und leichte Choralvorspiele mit eingewebter Melodie zum Gebrauch beim öffentlichen Gottesdienst</title>. <pubPlace key="place_0044">Berlin</pubPlace>, <publisher key="publ_4067">Trautwein</publisher> 1 Thlr. 4 Gr.</bibl>
</div><div id="hofm_1833_03_0027_div15"><head><hofClass key="hofCl_0068">Kirchenmusik.</hofClass></head>
<bibl id="hofm_1833_03_0027_16"><regNumber>1708</regNumber>. <composer key="compo_001199">Bach (A.W.)</composer> <title>Vocal-Musik (f. Chor u. Solost.) mit Begleit. d. Orgel zu einer kirchlichen Todtenfeier. <format>Partitur und Stimmen</format></title>. <pubPlace key="place_0392">Leipzig</pubPlace>, <publisher key="publ_3023">Peters</publisher> 20 Gr.</bibl>
<bibl id="hofm_1833_03_0027_17"><regNumber>1690</regNumber>. <composer key="compo_011688">Gordigiani (J.B.)</composer> <title>Ave Maria f. 4 Singst. u. Orgel. <format>Partitur u. Stimmen</format></title>. <pubPlace key="place_0554">Prag</pubPlace>, <publisher key="publ_0282">Berra</publisher> 24 Xr.</bibl>
<bibl id="hofm_1833_03_0027_18"><composer key="compo_016808">Kalbitz (K.)</composer> <title>Archiv f. kirchliche Musik 1r Jahrg. 3s Heft. (Schneider (F.) O Lamm Gottes – Döring. Nun danket alle Gott.)</title> <pubPlace key="place_0327">Jena</pubPlace>, <publisher key="publ_1140">Frommann</publisher> 4 Gr.</bibl>
<bibl id="hofm_1833_03_0027_19"><regNumber>1730</regNumber>. <composer key="compo_025955">Pearsall (R.L.)</composer> <title>Gradyale 5 vocum pro Festo St. Stephani. <format>Partitur</format></title>. <pubPlace key="place_0438">Mainz</pubPlace>, <publisher key="publ_3563">Schott</publisher> 24 Xr.</bibl>
<bibl id="hofm_1833_03_0027_20"><regNumber>1740</regNumber>. <composer key="compo_026973">Preindl (J.)</composer> <title>Offertorium de Beata (Ave Maria) f. Sopran u. Violine conc. mit Begl. v. Chor, Orch. u. Orgel</title>. <pubPlace key="place_0731">Wien</pubPlace>, <publisher key="publ_2605">Mechetti</publisher> 1 Fl. 36 Xr.</bibl>
<bibl id="hofm_1833_03_0027_21"><regNumber>1739</regNumber>. – <title>Offertorium de tempore (Salve Jesu) f. do. do</title>. Ebend. 1 Fl. 36 Xr.</bibl>
<pb n="28"/>
<bibl id="hofm_1833_03_0028_01"><regNumber>1751</regNumber>. <composer key="compo_027982">Reissiger (C.G.)</composer> <title>Der 66ste Psalm: Deus misereatur nostri. Zum Gebrauch der Singakademien u. Chöre. Op. <opus key="opus_4377">82</opus>. Part. u. Stimmen</title>. <pubPlace key="place_0147">Dresden</pubPlace>, <publisher key="publ_4034">Thieme</publisher> 18 Gr. Die einzelnen Stimmen 6 Gr.</bibl>
<bibl id="hofm_1833_03_0028_02"><title>Choräle (50 alte) zum Gebrauch f. katholische Volksschulen 3stimmig bearbeitet. 1s Heft</title> 8. <pubPlace key="place_0034">Barmen</pubPlace>, <publisher key="publ_3496">Gebr. Schmachtenberg</publisher>. geh. 8 Gr.</bibl>
<bibl id="hofm_1833_03_0028_03"><title>Gesänge aus der neuen Agende f. d. königl. preuss. Länder, f. 4 Stimmen mit willk. Orgelbegl. <format>Partitur u. Stimmen</format></title>. <pubPlace key="place_0082">Breslau</pubPlace>, <publisher key="publ_3010">Pelz</publisher> 12 Gr.</bibl>
<bibl id="hofm_1833_03_0028_04"><composer key="compo_017664">Klein (B.)</composer> <title>David. Oratorium in 2 Abtheil. v. Körner. <format>Klavierauszug</format> vom Componisten, Op. <opus key="opus_2403">34</opus></title>. <pubPlace key="place_0392">Leipzig</pubPlace>, <publisher key="publ_1746">Hofmeister</publisher> geh. 6 Thlr.</bibl>
</div><div id="hofm_1833_03_0028_div16"><head><hofClass key="hofCl_0020">Gesangstücke für Concertmusik mit Orchester.</hofClass></head>
<bibl id="hofm_1833_03_0028_05"><regNumber>1688</regNumber>. <composer key="compo_021681">Löwe (C.)</composer> <title>Die Walpurgisnacht. Ballade v. Göthe, für Solo- und Chorgesang mit Begleitung des Orchesters. Op. <opus key="opus_1802">25</opus>. <format>Partitur</format></title>. <pubPlace key="place_0044">Berlin</pubPlace>, <publisher key="publ_3471">Schlesinger</publisher> 2 Thlr. 16 Gr.</bibl>
</div><div id="hofm_1833_03_0028_div17"><head><hofClass key="hofCl_0102">Mehrstimmige Gesänge mit und ohne Pianoforte.</hofClass></head>
<bibl id="hofm_1833_03_0028_06"><regNumber>1764</regNumber>. <composer key="compo_000575">Anacker (A.F.)</composer> <title>Bergmannsgruss, Gedicht v. M. Döring. Melodramatisch in Musik gesetzt für Declamation, Solo- und Chorstimmen mit Orchesterbegleitung. <format>Vollständiger Klavierauszug</format> vom Componisten</title>. <pubPlace key="place_0392">Leipzig</pubPlace>, <publisher key="publ_1746">Hofmeister</publisher> geh. 1 Thlr. 18 Gr.</bibl>
<bibl id="hofm_1833_03_0028_07"><composer key="compo_009428">Fischer (W.)</composer> <title>Lieder-Kranz. Sammlung mehrstimmiger Gesänge zum Gebrauch in Kirchen u. Schulen. 1s Heft</title>. 4. <pubPlace key="place_0082">Breslau</pubPlace>, <publisher key="publ_3010">Pelz</publisher> 12 Gr.</bibl>
<bibl id="hofm_1833_03_0028_08"><composer key="compo_010074">Fries (H.)</composer> <title>Der Krakuse. 3stimmiger Gesang m. Pfte. (Wissen willst du wie es uns ergangen)</title> <pubPlace key="place_0440">Mannheim</pubPlace>, <publisher key="publ_1534">Heckel</publisher> 18 Xr.</bibl>
<bibl id="hofm_1833_03_0028_09"><regNumber>1732</regNumber>. <composer key="compo_018763">Kreutzer (Conr.)</composer> <title>12 Gedichte von Pepport f. Männerstimmen. Liv. 1. (Lebensodem, Himmelsthau, – Von Glorienlicht. umflossen, – Es ziehen und schweben die Geister, – Ein Jüngling zog bergauf, – Mag nun jedes dort hingehen, – Schlachtenmuth und Kriegersinn)</title> <pubPlace key="place_0438">Mainz</pubPlace>, <publisher key="publ_3563">Schott</publisher> 1 Fl. 30 Xr.</bibl>
<bibl id="hofm_1833_03_0028_10"><regNumber>1688</regNumber>. <composer key="compo_021681">Löwe (C.)</composer> <title>Die Walpurgisnacht, Ballade v. Göthe f. Solo- u. Chorgesang. Op. <opus key="opus_1802">25</opus></title>. <pubPlace key="place_0044">Berlin</pubPlace>, <publisher key="publ_3471">Schlesinger</publisher> 1 Thlr. 2 Gr.</bibl>
<bibl id="hofm_1833_03_0028_11"><regNumber>1721</regNumber>. <composer key="compo_024569">Neithardt (A.)</composer> <title>Preussens Vaterland. Volksgesang für Bass mit Männer-Chor. (Ich bin ein Preusse! kennt ihr meine Farben) <format>Part. u. Stimmen</format></title>. <pubPlace key="place_0044">Berlin</pubPlace>, <publisher key="publ_4067">Trautwein</publisher> 8 Gr.</bibl>
<bibl id="hofm_1833_03_0028_12"><composer key="compo_025687">Panny (J.)</composer> <title>Solo und Chorstimme zu Vikingabalk. Op. <opus key="opus_2403">34</opus>, (Schwedisch)</title> <pubPlace key="place_0438">Mainz</pubPlace>, <publisher key="publ_3563">Schott</publisher> 24 Xr.</bibl>
<bibl id="hofm_1833_03_0028_13"><composer key="compo_027670">Rechenberg (E.)</composer> <title>Männer-Quartett. Der Liebesstern (Dort oben am nächtlichen Himmel) Part</title>. <pubPlace key="place_0044">Berlin</pubPlace>, <publisher key="publ_0665">Curths</publisher> 4 Gr.</bibl>
<bibl id="hofm_1833_03_0028_14"><composer key="compo_029781">Sauerbrey (J.W.C.C.)</composer> <title>Mariechen und Hoffnung, 2 Gedichte f. 2 Singst. Op. 6 (Süsse, weisse Rose, – Hoffnung endet alle Schmerzen)</title> <pubPlace key="place_0276">Hamburg</pubPlace>, <publisher key="publ_0640">Cranz</publisher> 10 Gr.</bibl>
<bibl id="hofm_1833_03_0028_15"><composer key="compo_030445">Schlözer (K. v.)</composer> <title>Solfeggio f. 2 Stimmen m. Pfte. (Es ziehen die Sterne am Himmel) Op. <opus key="opus_0684">14</opus></title>. 7s Heft d. Gesangst. Ebend. 6 Gr.</bibl>
<bibl id="hofm_1833_03_0028_16"><regNumber>1717</regNumber>. <composer key="compo_030775">Schneider (Jul.)</composer> <title>Hannchen vor ‘Allen. Tiroler Trinklied. Wanderschaft. 3 Gesänge für 4 Männerstimmen (Die Mäd-<pb n="29"/>chen in Deutschland – I trink’ gern a Glasel Wein – Das Wandern ist des Müllers Lust) <format>Part. u. Stimmen</format></title>. <pubPlace key="place_0044">Berlin</pubPlace>, <publisher key="publ_4067">Trautwein</publisher> 12 Gr.</bibl>
<bibl id="hofm_1833_03_0029_01"><composer key="compo_030826">Schnyder von Wartensee (X.)</composer> <title>6 Gedichte von Göthe, dem Liederkranz zu Frankfurt a. M. gewidmet (O gieb, vom weichen Pfühle, – Trunken müssen wir alle sein! – Hier sind wir versammelt zum fröhlichen Thun, – Woher ich kam? – Ueber allen Gipfeln ist Ruh, – Wer die Körner wollte zählen,) Apollini. Tafelgesänge für Männerstimmen Heft 7. <format>Partitur und Stimmen</format></title>. <pubPlace key="place_0392">Leipzig</pubPlace>, <publisher key="publ_1746">Hofmeister</publisher> 1 Thlr. 12 Gr.</bibl>
</div><div id="hofm_1833_03_0029_div18"><head><hofClass key="hofCl_0268">Opernmusik mit Pianofortebegleitung.</hofClass></head>
<wip id="hofm_1833_03_0029_02"><title>Aurora d’Italia e di Germania. Sammlung der bel. Gesänge</title>. <pubPlace key="place_0731">Wien</pubPlace>, <publisher key="publ_2605">Mechetti</publisher> <lb/><title>No. 184. <composer key="compo_014430">Herold</composer>, Duett a. Zampa: Ciel! m’inganno? Himmel wie?</title> 1 Fl. <lb/><title>No. 187. <composer key="compo_022962">Mercadante</composer>, Cavatine: Se di pianto – Kann ich wohl der Hoffnung leben</title>. 30 Xr.</wip>
<bibl id="hofm_1833_03_0029_03"><regNumber>1678</regNumber>. <composer key="compo_002205">Bellini (V.)</composer> <title>I Montecchi ed i Capuleti. Romeo u. Julie, grosse Oper in 4 Aufz. <format>Klavierauszug</format> mit deutschem u. italienischem Texte</title>. <pubPlace key="place_0392">Leipzig</pubPlace>, <publisher key="publ_0437">Br. u. Härtel</publisher>. geh. 5 Thlr.</bibl>
<wip id="hofm_1833_03_0029_04"><regNumber>1719</regNumber>. <composer key="compo_011411">Gläser (Fr.)</composer> <title>Des Adlers Horst. Oper</title>. <pubPlace key="place_0044">Berlin</pubPlace>, <publisher key="publ_4067">Trautwein</publisher>. 
  <title>No. 3. Terzett: Und wenn der Schnee hernieder fällt</title>. 8 Gr. 
  <title>No. 4. Rec. u. Arie: Als ich an ihrer Seite ging (Bass)</title> 14 Gr. 
  <title>No. 6. Romanze: Die Arme weint (Tenor)</title> 6 Gr. 
  <listBibl rend="curly"> <bibl><seg><title>No. 9. Arie: Wo der Wiese grünes Band</title></seg><seg rend="curly-left" id="hofm_1833_03_0029_04_1"> (Sopran) 8 Gr. </seg></bibl>
    <bibl><seg><title>No. 10. Rec. u. Arie: Verfolgung, Neugier</title></seg><seg sameAs="hofm_1833_03_0029_04_1"/></bibl></listBibl>
  <title>No. 12. Terzett: Die Flaschen zur Hand</title>. 14 Gr. 
  <title>No. 13. Sextett: Alte, Alte geh, komm her</title>. 14 Gr.</wip>
</div><div id="hofm_1833_03_0029_div19"><head><hofClass key="hofCl_0040">Gesänge für eine Stimme mit Begleitung des Pianoforte.</hofClass></head>
<bibl id="hofm_1833_03_0029_05"><regNumber>1701</regNumber>. <composer key="compo_001571">Bartay (A.)</composer> <title>Das Heimweh (In duftiger Oliven sanfter Kühle – Sötét olaifak illatos)</title> Ungarischer Liederkranz No. 1. <pubPlace key="place_0542">Pesth</pubPlace>, <publisher key="publ_1328">Grimm u. Co</publisher>, <pubPlace key="place_0392">Leipzig</pubPlace>, <publisher key="publ_1746">Hofmeister</publisher> 1 Thlr.</bibl>
<bibl id="hofm_1833_03_0029_06"><composer key="compo_003203">Blau</composer> und <composer key="compo_024147">Müller</composer>, <title>zu Familienfesten. Sammlung ernster und heiterer Gesänge f. die Jugend</title>. <pubPlace key="place_0561">Quedlinburg</pubPlace>, <publisher key="publ_0194">Basse</publisher> 10 Gr.</bibl>
<bibl id="hofm_1833_03_0029_07"><composer key="compo_004124">Braune (O.)</composer> <title>Liebes-Lied (O wie so schmerzenvoll)</title> <pubPlace key="place_0044">Berlin</pubPlace>, <publisher key="publ_0665">Curths</publisher> 2 Gr.</bibl>
<bibl id="hofm_1833_03_0029_08"><regNumber>1703</regNumber>. <composer key="compo_005686">Cicarelli (A.)</composer> <title>Arietta per Camera: Care piante, amiche selve (Traute Schatten, liebliche Blüthen)</title> <pubPlace key="place_0147">Dresden</pubPlace>, <publisher key="publ_2661">Meser</publisher> 8 Gr.</bibl>
<bibl id="hofm_1833_03_0029_09"><regNumber>1707</regNumber>. – <title>Le Troubadour. Romance (Gardant la Souvenance)</title> Ebend. 8 Gr.</bibl>
<bibl id="hofm_1833_03_0029_10"><composer key="compo_007971">Ehlich (J.G.)</composer> <title>Scherzhafte musikalische Unterhaltung oder Gesänge auf die 12 Monate des Jahres. Jan–März</title>. <pubPlace key="place_0147">Dresden</pubPlace>, <publisher key="publ_4034">Thieme</publisher> à 4 Gr. Subscript. Pr. der 12 Hefte 1 Thlr.</bibl>
<bibl id="hofm_1833_03_0029_11"><regNumber>1672</regNumber>. <composer key="compo_010862">Geissler (C.)</composer> <title>Lieder, der Unschuld, Liebe u. Freude f. Sopran oder Tenor mit leichter Begl. Op. <opus key="opus_0927">16</opus> (der Clara Wieck zug.)</title> <pubPlace key="place_0392">Leipzig</pubPlace>, <publisher key="publ_0437">Br. u. Härtel</publisher> 12 Gr.</bibl>
<bibl id="hofm_1833_03_0029_12">*<composer key="compo_011054">Germanus (H.)</composer> <title>Der politische Hahnemann und seine Jünger ein zeitgemässes Stoss- und Trostlied für Kranke <pb n="30"/>u. Gesunde (Hört die Mähr, die ich besinge)</title> m. Vign. <pubPlace key="place_0147">Dresden</pubPlace>, <publisher key="publ_2661">Meser</publisher> 4 Gr. color. 6 Gr.</bibl>
<bibl id="hofm_1833_03_0030_01"><composer key="compo_011067">Gernlein (R.)</composer> <title>Die Rose (Ich sprach zu einer Rose)</title> <pubPlace key="place_0044">Berlin</pubPlace>, <publisher key="publ_0665">Curths</publisher> 4 Gr.</bibl>
<bibl id="hofm_1833_03_0030_02">– <title>Vielliebchen. Heitere Lieder (Täglich hold Liebchen mein – Schätzchen sag’ mir, bist mir gut. – Ich fragte nie: sag’, liebst du mich?)</title> Ebend. 8 Gr.</bibl>
<bibl id="hofm_1833_03_0030_03">*<composer key="compo_011303">Giuliani (M.)</composer> <title>4 Romanzen No. 1. Vom frühen Morgen, No. 2. Geschmückt mit Lanz und Degen, No. 3. Schätzchen, ach lass mich gehen. No. 4. Mit Glanz erhellt</title>. <pubPlace key="place_0078">Braunschweig</pubPlace>, <publisher key="publ_3822">Spehr</publisher> à 4 Gr.</bibl>
<bibl id="hofm_1833_03_0030_04"><composer key="compo_012284">Grund (F.W.)</composer> <title>6 Lieder Op. <opus key="opus_1584">22</opus>, 6tes Lieder-Heft (Was wekken aus dem Schlummer – Was passt, das muss sich ründen, – Sie liebten sich beide, – Es jagt ein Jäger früh am Tag – Feldeinwärts flog ein Vögelein, – Mutter geht durch ihre Kammern)</title> <pubPlace key="place_0276">Hamburg</pubPlace>, <publisher key="publ_0640">Cranz</publisher> 16 Gr.</bibl>
<bibl id="hofm_1833_03_0030_05">*<composer key="compo_015530">Huber (F.)</composer> <title>Der Heerdenreihen (Singt Schweizern in der Fremde – Jamais au Suisse transplante)</title> <pubPlace key="place_0475">München</pubPlace>, <publisher key="publ_0028">Aibl</publisher> 20 Xr.</bibl>
<bibl id="hofm_1833_03_0030_06"><composer key="compo_017484">Kirchhoff (W.)</composer> <title>10 Lieder Op. <opus key="opus_2737">4</opus> (Wann wohl schweigt – Die Welle wühlt im Sande, – Ich weiss ein liebliches Thal, – Durch Fichten am Hügel, – Wie wächst auf stiller Haide, – Wie kann das Liebste doch so quälen, – Was tönt so süss, – Gar fröhlich tret’ ich in die Welt, – Rüstig bin ich frei und froh, – Noch steht die ganze Welt)</title> <pubPlace key="place_0440">Mannheim</pubPlace>, <publisher key="publ_1534">Heckel</publisher> 1 Fl. 21 Xr.</bibl>
<bibl id="hofm_1833_03_0030_07"><composer key="compo_017624">Klauss (V.)</composer> <title>Gesänge und Lieder aus Emiliens Stunden der Andacht und des Nachdenkens. Op. <opus key="opus_4300">8</opus></title>, <pubPlace key="place_0561">Quedlinburg</pubPlace>, <publisher key="publ_0194">Basse</publisher> 18 Gr.</bibl>
<bibl id="hofm_1833_03_0030_08"><composer key="compo_018718">Kretschmar (F.W.)</composer> <title>3 Gesänge (Ist der Tag hinabgesunken, – Dir, Theurer, nur zu leben, – Weit in nebelgraner Ferne)</title> <pubPlace key="place_0392">Leipzig</pubPlace>, <publisher key="publ_0437">Br. u. Härtel</publisher> 6 Gr.</bibl>
<bibl id="hofm_1833_03_0030_09">*<composer key="compo_019201">Kupsch (C.G.)</composer> <title>Das Lied vom reichen Bruder. Ein Trostgesang für die jetzige Zeit (Hört an mein Trostlied,)</title> m. color. Vign. <pubPlace key="place_0147">Dresden</pubPlace>, <publisher key="publ_1118">Friese</publisher> 4 Gr.</bibl>
<bibl id="hofm_1833_03_0030_10">*<title>Lieder-Sammlung, 18 einzelne Nrn. im eleganten Futteral u. 12vo</title>. <pubPlace key="place_0475">München</pubPlace>, <publisher key="publ_0028">Aibl</publisher> 2 Fl.</bibl>
<bibl id="hofm_1833_03_0030_11"><composer key="compo_022185">Marcks (G.W.)</composer> <title>Dem Vaterlande! Preussisches Volkslied. (Ich bin ein Preusse)</title> <pubPlace key="place_0082">Breslau</pubPlace>, <publisher key="publ_0640">Cranz</publisher> 4 Gr.</bibl>
<bibl id="hofm_1833_03_0030_12"><composer key="compo_024438">Natorp (Baronessa di, nata Marianna Sessi)</composer> <title>4 Canzonette nove italiane. Liv. 3</title>. <pubPlace key="place_0276">Hamburg</pubPlace>, <publisher key="publ_0640">Cranz</publisher> 8 Gr.</bibl>
<bibl id="hofm_1833_03_0030_13"><regNumber>1721</regNumber>. <composer key="compo_024569">Neithardt (A.)</composer> <title>Preussens Vaterland. Volksgesang (Ich bin ein Preusse! kennt ihr meine Farben,)</title> <pubPlace key="place_0044">Berlin</pubPlace>, <publisher key="publ_4067">Trautwein</publisher> 4 Gr.</bibl>
<bibl id="hofm_1833_03_0030_14">– <title>Wo ist mein Vaterland</title>. <pubPlace key="place_0044">Berlin</pubPlace>, <publisher key="publ_4247">Wagenführ</publisher> 4 Gr.</bibl>
<wip id="hofm_1833_03_0030_15"><regNumber>1752</regNumber>. <composer key="compo_024943">Noch (R.)</composer> <title>3 Lieder f. Bariton. Op. <opus key="opus_3565">6</opus></title>. <pubPlace key="place_0147">Dresden</pubPlace>, <publisher key="publ_4034">Thieme</publisher>. <lb/><title>No. 1. Sonst und jetzt (Eh’ Morgens ich, den Wald durchstrich)</title> 4 Gr. <lb/><title>No. 2. Der vertriebene Krieger (Bei der Sonne letztem Scheine)</title> 6 Gr. <lb/><title>No. <sic>2</sic>. Gedanken eines Hagestolzen (Schwelle Brust im Hochgefühl)</title> 4 Gr.</wip>
<bibl id="hofm_1833_03_0030_16"><regNumber>1715</regNumber>. <composer key="compo_024958">Nohr (Fr.)</composer> <title>6 Gesänge. Op. <opus key="opus_3181">5</opus>, 2te Samml. (Wie still ist’s weit umher, – Es fuhr ein bleicher, hag’rer Mann, – Auch ich hab’ einst geliebt! – An der Quelle sass der Knabe, – <pb n="31"/>Der Lenz verblüht! – Willst du nicht das Lämmlein hüten?</title>) <pubPlace key="place_0392">Leipzig</pubPlace>, <publisher key="publ_3023">Peters</publisher> 14 Gr.)</bibl>
<bibl id="hofm_1833_03_0031_01"><regNumber>1704</regNumber>. <composer key="compo_027982">Reissiger (C.G.)</composer> <title>Gesänge und Lieder f. Sopran oder Tenor Op. <opus key="opus_4436">84</opus>. 16tes Liederheft (Ich sass im Grünen, – Gute Ruh! thu die Aeuglein zu, – Vöglein ohne Ruh und Rast, – Ade, du liebes Waldesgrün, – Mein Liebchen hat g’sagt: – Meine Liebe zu verkünden)</title> <pubPlace key="place_0147">Dresden</pubPlace>, <publisher key="publ_2661">Meser</publisher> 18 Gr.</bibl>
<wip id="hofm_1833_03_0031_02"><composer key="compo_028301">Richthoffen (C.A.L. v.)</composer> <title>Sammlung deutscher Lieder</title>. <title>2tes Heft, 3 Lieder f. Sopran</title>, <title>3tes Heft 3 Lieder f. Alt</title>. <pubPlace key="place_0082">Breslau</pubPlace>, <publisher key="publ_3010">Pelz</publisher> à 8 Gr.</wip>
<bibl id="hofm_1833_03_0031_03"><composer key="compo_028523">Ritter (K.A.)</composer> <title>Der Geister Postillon, eingelegt in die Oper: Der Bauer als Milionär (Es kommt aus hohen Wolkenreich)</title> <pubPlace key="place_0440">Mannheim</pubPlace>, <publisher key="publ_1534">Heckel</publisher> 12 Xr.</bibl>
<bibl id="hofm_1833_03_0031_04"><composer key="compo_029477">S.....i, (A.)</composer> <title>Die letzten Zehn vom vierten Regiment</title> (m. col. Vign.) <pubPlace key="place_0082">Breslau</pubPlace>, <publisher key="publ_3010">Pelz</publisher> 6 Gr.</bibl>
<bibl id="hofm_1833_03_0031_05"><regNumber>1749</regNumber>. <composer key="compo_034802">Trendelenburg (Th.)</composer> <title>6 Lieder von Heine (Du schönes Fischermädchen, – Wenn ich auf dem Lager liege, – Das Meer erglänzte weit hinaus, – Du hast Diamanten und Perlen, – Ich wollt meine Schmerzen ergössen, – Was will die einsame Thräne?)</title> <pubPlace key="place_0147">Dresden</pubPlace>, <publisher key="publ_4034">Thieme</publisher> 8 Gr.</bibl>
<bibl id="hofm_1833_03_0031_06"><composer key="compo_036934">Wiedermann</composer>, <title>Der Zauber-Kreis u. das Blümchen, 2 Lieder (Was zieht in deinen Zauberkreis, – Ein Blümchen dass sich zwar)</title> <pubPlace key="place_0082">Breslau</pubPlace>, <publisher key="publ_0640">Cranz</publisher> 10 Gr.</bibl>
<bibl id="hofm_1833_03_0031_07"><composer key="compo_038075">Zezi (A.)</composer> <title>Canzonetta (Mio ben ricordati)</title> <pubPlace key="place_0147">Dresden</pubPlace>, <publisher key="publ_2661">Meser</publisher> 6 Gr.</bibl>
</div><div id="hofm_1833_03_0031_div20"><head><hofClass key="hofCl_0047">Gesänge mit Guitarrebegleitung.</hofClass></head>
<bibl id="hofm_1833_03_0031_08"><composer key="compo_001075">Auber</composer>, <title>Barcarole des Masaniello a. d. Stummen v. Portici (Es wehen frische Morgenlüfte.)</title> <pubPlace key="place_0044">Berlin</pubPlace>, <publisher key="publ_3949">Struve</publisher> 4 Gr.</bibl>
<bibl id="hofm_1833_03_0031_09"><composer key="compo_003603">Boieldieu</composer>, <title>Gesang a. d. weissen Dame (Komm, o holde Dame)</title> Ebend. 4 Gr.</bibl>
<bibl id="hofm_1833_03_0031_10"><regNumber>1731</regNumber>. <composer key="compo_007485">Dullyé (J.M.)</composer> <title>6 ein- und zweistimmige Gesange m. Begl. d. Guitarre (Wie schwebst du vor mir Heimathbild – Junger Liebe Rosenschimmer (2st.) – Ich bin ein armer Schweizerknabe – Süsse, heilige Natur (2st.) – Weit in nebelgrauer Ferne, – O, seht die liebe Sonne</title>. <pubPlace key="place_0438">Mainz</pubPlace>, <publisher key="publ_3563">Schott</publisher> 24 Xr.</bibl>
<bibl id="hofm_1833_03_0031_11"><composer key="compo_014853">Himmel, Ida</composer>, <title>an die Rose (An Alexis send’ ich dich)</title> <pubPlace key="place_0044">Berlin</pubPlace>, <publisher key="publ_3949">Struve</publisher> 4 Gr.</bibl>
<bibl id="hofm_1833_03_0031_12"><title>Lied f. 1 oder 2 Stimmen (Du, du, liegst mir am Herzen)</title> Ebend. 2 Gr.</bibl>
<wip id="hofm_1833_03_0031_13"><regNumber>1770</regNumber>. <composer key="compo_027982">Reissiger (C.G.)</composer> <title>Auswahl beliebter Gesänge mit leichter Begl. d. Guitarre einger. v. R. Köhler</title>. <lb/><title>No. 1. Die Erzählung vom Schlossergesellen (Oen Schlosser hat oen G’sellen g’habt) f. Bass</title>. <lb/><title>No. 2. Romanze aus der Oper Libella: Es ging ein Fischer</title> <lb/><title>No. 3. Lied aus do: O, silberner Strom</title> <lb/><title>No. 4. Lied aus do: Tralala, Ach wäre mein Liebchen</title> <pubPlace key="place_0392">Leipzig</pubPlace>, <publisher key="publ_1746">Hofmeister</publisher> à 4 Gr.</wip>
<bibl id="hofm_1833_03_0031_14"><composer key="compo_028968">Rossini</composer>, <title>Gesang a. d. Italienerin (Duld’ o Herz)</title> <pubPlace key="place_0044">Berlin</pubPlace>, <publisher key="publ_3949">Struve</publisher> 4 Gr.</bibl>
<wip id="hofm_1833_03_0031_15"><composer key="compo_036498">Weiss (A.S.)</composer> <title>Opern-Arien u. andere Gesangstücke. Als Supplement zur Bornhardtschen Guitarrenschule mit zweckmäs-<pb n="32"/>sigen Auszügen aus der Carullischen Schule</title>. <title>2 Hefte</title>. <pubPlace key="place_0044">Berlin</pubPlace>, <publisher key="publ_3949">Struve</publisher> <title>1stes H</title>. 14 Gr. <title>2tes H</title>. 12 Gr. <lb/>Die Gesänge werden auch einzeln abgegeben.</wip>
<bibl id="hofm_1833_03_0032_01"><composer key="compo_036497">Weiss (A.L.)</composer> <title>Erlkönig (Wer reitet so spät) mit Begl. der Guitarre</title>. Ebend. 4 Gr.</bibl>
</div><div id="hofm_1833_03_0032_div21"><head><hofClass key="hofCl_0287">Theoretische Werke.</hofClass></head>
<wip id="hofm_1833_03_0032_02"><author>Bordogni (M.)</author> <title>36 Sing-Uebungen f. Sopran oder Tenor, im neuesten Geschmacke</title>. <title>Lief. 1. 2</title>. <pubPlace key="place_0044">Berlin</pubPlace>, <publisher key="publ_3471">Schlesinger</publisher> <title>Lief. 1</title>. 1 Thlr. 20 Gr. <title>Lief. 2</title>, 2 Thlr. 4 Gr.</wip>
<bibl id="hofm_1833_03_0032_03"><author>Grossheim (G.C.)</author> <title>Fragmente aus der Geschichte der Musik</title>. 8. <pubPlace key="place_0438">Mainz</pubPlace>, <publisher key="publ_3563">Schott</publisher> geh. 1 Thlr.</bibl>
</div>
</body></text></TEI.2>