<?xml version="1.0" encoding="utf-8"?>
<!DOCTYPE TEI.2
  SYSTEM "../../dtd/tei/cch_tei.dtd">
<TEI.2 id="hofm_1835_10">
<teiHeader type="text"><fileDesc><titleStmt><title>October, November 1835</title></titleStmt><publicationStmt><p/></publicationStmt><sourceDesc><p/></sourceDesc></fileDesc><profileDesc><langUsage><language id="ger">German</language><language id="fre">French</language><language id="ita">Italian</language></langUsage></profileDesc><revisionDesc><change><date>2007-06-08</date><respStmt><name>ER</name></respStmt><item>p. 110, Nedelmann's (W.) - composer tagging adjusted</item></change><change><date>2007-05-11</date><respStmt><name>ER</name></respStmt><item>ID hofm_1835_10_0100_16
 added; hofm_1835_10_0100_08
</item></change><change><date>2007-04-27</date><respStmt><name>RV</name></respStmt><item>Changed "biblGroup" elements in "listBibl"</item></change><change><date>2007-03-02</date><respStmt><name>EP</name></respStmt><item>Checked curly brackets</item></change><change><date>2007-02-26</date><respStmt><name>EP</name></respStmt><item>Encoded curly brackets</item></change><change><date>2006-12-19</date><respStmt><name>EP</name></respStmt><item>sic and unclear moved outside elements pubplaces, publisher, composer, hofclass, key, opus</item></change><change><date>2005-09-06</date><respStmt><name>Phillip</name></respStmt><item>change of file name</item></change><change><date>2005-07-19</date><respStmt><name>Phillip</name></respStmt><item>amendments following checking</item></change><change><date>2005-04-01</date><respStmt><name>Phillip</name></respStmt><item>first coding</item></change><change><date>2005-03-18</date><respStmt><name>Liz</name></respStmt><item>pasting in</item></change></revisionDesc></teiHeader>

<text><body><pb n="98"/><head>October, November 1835.</head><div id="hofm_1835_10_0098_div01"><head><hofClass key="hofCl_0164">Musik für das Orchester.</hofClass></head>








<bibl id="hofm_1835_10_0098_01"><regNumber>3458</regNumber>. <composer key="compo_015706">Hänsel (A.)</composer> <title>Casino- und Gesellschafts-Tänze im Wiener Geschmack auf 1836, f. Orchester (auch 4- oder 5stimmig)</title>. <pubPlace key="place_0147">Dresden</pubPlace>, <publisher key="publ_2661">Meser</publisher> 1 Thlr. 20 Gr.</bibl>
<bibl id="hofm_1835_10_0098_02"><regNumber>3470</regNumber>. <composer key="compo_020014">Lanner (Jos.)</composer> <title>Beliebte Walzer und Galoppen f. Orchester. No. 9, Italienische, Spanische, Ungarische und Englische Galoppe. Op. <opus key="opus_4704">97</opus>. No. 10, Hesperiens Echo. Cotillons. Op. <opus key="opus_4722">98</opus>. No. 12, Jubel-Walzer. Op. <opus key="opus_0045">100</opus></title>. <pubPlace key="place_0731">Wien</pubPlace>, <publisher key="publ_2605">Mechetti</publisher> à 3 Fl.</bibl>
<bibl id="hofm_1835_10_0098_03"><composer key="compo_027983">Reissiger (F.A.)</composer> <title>Erinnerung an das Lager bei Kalisch, enthaltend: Marsch der Preussen, Marsch der Russen, Kalischer Favorit-Galopp, Fischbacher und Danziger Favorit-Walzer</title>. Der Berliner Courier für Militairmusik. No. 1. <format>Partitur</format>. <pubPlace key="place_0044">Berlin</pubPlace>, <publisher key="publ_4370">Westphal</publisher> 2 Thlr.</bibl>
<bibl id="hofm_1835_10_0098_04"><regNumber>3447</regNumber>. <composer key="compo_033569">Strauss (Joh.)</composer> <title>Walzer f. Orchester. No. 25, Philomelen-Walzer. Op. <opus key="opus_4377">82</opus></title>. <pubPlace key="place_0731">Wien</pubPlace>, <publisher key="publ_1506">Haslinger</publisher> 3 Fl.</bibl>
</div><div id="hofm_1835_10_0098_div02"><head><hofClass key="hofCl_0245">Musik für die Violine.</hofClass></head>









<bibl id="hofm_1835_10_0098_05"><composer key="compo_001351">Baillot (P.)</composer> <title>L’Art du Violon. Nouvelle Methode. Die Kunst des Violinspiels. Neue, vom Conservatorium in Paris eingeführte Violinschule; aus dem Französischen übersetzt von H. Panofka. Lief. 1, 2</title>. <pubPlace key="place_0044">Berlin</pubPlace>, <publisher key="publ_3471">Schlesinger</publisher> à 1 Thlr.</bibl>
<bibl id="hofm_1835_10_0098_06"><regNumber>3462</regNumber>. <composer key="compo_003343">Blumenthal (Jos. v.)</composer> <title>Introd. et Variations sur un Motif de l’Opéra : Chiara di Rosembergh de L. Ricci, p. Violon av. Acc. d’un second Violon (ou de Pfte). Oe. <opus key="opus_3767">64</opus></title>. <pubPlace key="place_0731">Wien</pubPlace>, <publisher key="publ_4075">Trentsensky et V</publisher>. 45 Xr.</bibl>
<bibl id="hofm_1835_10_0098_07"><regNumber>3463</regNumber>. – <title>Introd. et Variations sur un Thème fav. de l’Opéra : Anna Bolena de Donizetti, p. Violon av. Acc. de Pfte. Oe. <opus key="opus_3798">65</opus></title>. Ebend. 45 Xr.</bibl>
<bibl id="hofm_1835_10_0098_08"><regNumber>3464</regNumber>. – <title>Introd. et Variations sur un Duo fav. de l’Opéra : Il Furioso de Donizetti, p. Violon av. Acc. de Pfte. Oe. <opus key="opus_3825">66</opus></title>. Ebend. 45 Xr.</bibl>
<bibl id="hofm_1835_10_0098_09"><composer key="compo_005279">Carafa (M.)</composer> <title>Ouverture zur Oper: Der Klausner (Le Solitair) einger. f. 2 Viol., Alt u. Vclle von J. v. Blumenthal. No. 31</title>. <pubPlace key="place_0731">Wien</pubPlace>, <publisher key="publ_0735">Diabelli u. Co</publisher>. 1 Fl.</bibl>
<bibl id="hofm_1835_10_0098_10"><regNumber>2460</regNumber>. – <title>Ouverture de la Prison d’Edimbourg (Der Kerker von Edimburg) p. 2 Violons</title>. <pubPlace key="place_0438">Mainz</pubPlace>, <publisher key="publ_3563">Schott</publisher> 54 Xr.</bibl>
<bibl id="hofm_1835_10_0098_11"><composer key="compo_010623">Ganz (Leop.)</composer> <title>Potpourri en Forme de Fantaisie sur des Airs de Robert le Diable de Meyerbeer, p. Violon av. Acc. d’Orchestre. Oe. <opus key="opus_0806">15</opus>. (Arr. d’après la Composition de Mr. Maurice Ganz.)</title> <pubPlace key="place_0044">Berlin</pubPlace>, <publisher key="publ_3471">Schlesinger</publisher> 1 Thlr. 20 Gr.</bibl>
<bibl id="hofm_1835_10_0098_12">– Idem av. Acc. de Pfte. Oe. 15. Ebend. 1 Thlr.</bibl>
<bibl id="hofm_1835_10_0098_13"><regNumber>3450</regNumber>. <composer key="compo_011027">Gerke (O.)</composer> <title>Grand Duo concertant p. 2 Violons. Oe. <opus key="opus_0684">14</opus></title>. <pubPlace key="place_0199">Frankfurt</pubPlace>, <publisher key="publ_0819">Dunst</publisher> 1 Fl. 48 Xr.</bibl>
<bibl id="hofm_1835_10_0098_14"><composer key="compo_011411">Gläser (Fr.)</composer> <title>Ouverture aus der Pantomime: Die Zauber-Mandoline, einger. f. 2 Viol. Alt u. Vclle von J. v. Blumenthal. No. 32</title>. <pubPlace key="place_0731">Wien</pubPlace>, <publisher key="publ_0735">Diabelli u. Co</publisher>. 1 Fl.</bibl>
<bibl id="hofm_1835_10_0098_15"><composer key="compo_019684">Lachner (Fr.)</composer> <title>Ouverture zur Cantate: Die vier Menschenalter, einger. f. do. von J. v. Blumenthal. No. 36</title>. Ebend. 1 Fl.</bibl>
<bibl id="hofm_1835_10_0098_16"><regNumber>3342</regNumber>. <composer key="compo_020014">Lanner (Jos.)</composer> <title>Panorama der beliebtesten Galoppen. No. 1, Italienische, Spanische, Ungarische und Englische Ga-<pb n="99"/>loppen f. 3 Violinen und Bass. Op. <opus key="opus_4704">97</opus></title>. <pubPlace key="place_0731">Wien</pubPlace>, <publisher key="publ_2605">Mechetti</publisher> 1 Fl.</bibl>

<bibl id="hofm_1835_10_0099_01"><regNumber>3470</regNumber>. <composer key="compo_020014">Lanner (Jos.)</composer> <title>Jubel-Walzer f. do. Op. <opus key="opus_0045">100</opus></title>. Ebend. 1 Fl. </bibl><bibl id="hofm_1835_10_0099_02"><composer key="compo_022762">Mehul</composer>, <title>Ouverture zur Oper: Joseph und seine Brüder, eing. f. 2 Viol. Alt u. Vclle von J. v. Blumenthal. No. 40</title>. <pubPlace key="place_0731">Wien</pubPlace>, <publisher key="publ_0735">Diabelli u. Co</publisher>. 1 Fl.</bibl>
<bibl id="hofm_1835_10_0099_03"><composer key="compo_016053">Nicolo-Isouard</composer>, <title>Ouverture zur Oper: Cendrillon (Aschenbrödel) arr. f. do. von J. v. Blumenthal. No. 39</title>. Ebend. 1 Fl.</bibl>
<bibl id="hofm_1835_10_0099_04"><composer key="compo_027643">Raymond (Ed.)</composer> <title>Adagio et Rondo brillant p. Violon avec Acc. de Quatuor. Oe. <opus key="opus_4562">9</opus>, in <key>D</key></title>. <pubPlace key="place_0082">Breslau</pubPlace>, <publisher key="publ_3010">Pelz</publisher> 1 Thlr. 8 Gr.</bibl>
<bibl id="hofm_1835_10_0099_05">– Idem av. Acc. de Pfte. Oe. 9, in D. Ebend. 16 Gr.</bibl>
<bibl id="hofm_1835_10_0099_06"><composer key="compo_031122">Schubert (Fr.)</composer> <title>Ouverture zur Oper: Alfonso und Estrella, arr. f. 2 Viol. Alt u. Vclle von J. v. Blumenthal. No. 33</title>. <pubPlace key="place_0731">Wien</pubPlace>, <publisher key="publ_0735">Diabelli u. Co</publisher>. 1 Fl. 15 Xr.</bibl>
<bibl id="hofm_1835_10_0099_07">– <title>Ouverture zur Oper: Fierrabras, arr. f. do. v. do. No. 34</title>. Ebend. 1 Fl.</bibl>
<bibl id="hofm_1835_10_0099_08">– <title>Ouverture zum Drama: Rosamunde, arr. f. do. v. do. No. 35</title>. Ebend. 1 Fl. 30 Xr.</bibl>
<bibl id="hofm_1835_10_0099_09"><regNumber>3447</regNumber>. <composer key="compo_033569">Strauss (Joh.)</composer> <title>Walzer u. Cotillons f. 2 Violinen (3te Viol. ad lib.) u. Bass. No. 51, Philomelen-Walzer. Op. <opus key="opus_4377">82</opus></title>. <pubPlace key="place_0731">Wien</pubPlace>, <publisher key="publ_1506">Haslinger</publisher> 1 Fl.</bibl>
<bibl id="hofm_1835_10_0099_10"><regNumber>3461</regNumber>. <composer key="compo_033603">Strebinger (M.)</composer> <title>Variationen über ein beliebtes Thema aus der Oper: Der Freischütz, f. Violine mit Begl. d. Pfte. Op. <opus key="opus_3967">7</opus></title>. <pubPlace key="place_0731">Wien</pubPlace>, <publisher key="publ_4075">Trentsensky u. V</publisher>. 1 Fl.</bibl>
<bibl id="hofm_1835_10_0099_11"><regNumber>3471</regNumber>. <composer key="compo_035020">Täglichsbeck (Th.)</composer> <title>Concerto militaire p. Violon av. Acc. de l’Orchestre. Oe. <opus key="opus_4300">8</opus>, in <key>D</key></title>. <pubPlace key="place_0392">Leipzig</pubPlace>, <publisher key="publ_1746">Hofmeister</publisher> 2 Thlr. 8 Gr.</bibl>
<bibl id="hofm_1835_10_0099_12">– Idem av. Acc. de Pfte. Oe. 8, in D. Ebend. 20 Gr.</bibl>
<bibl id="hofm_1835_10_0099_13"><composer key="compo_035617">Vogler (Abbé)</composer> <title>Erste Ouverture zur Oper: Samori, einger. f. 2 Viol. Alt u. Vclle von J. v. Blumenthal. No. 37</title>. <pubPlace key="place_0731">Wien</pubPlace>, <publisher key="publ_0735">Diabelli u. Co</publisher>. 1 Fl.</bibl>
<bibl id="hofm_1835_10_0099_14">– <title>Zweite Ouverture zu do. arr. f. do. v. do. No. 38</title>. Ebend. 1 Fl.</bibl>
</div><div id="hofm_1835_10_0099_div03"><head><hofClass key="hofCl_0193">Musik für die Bratsche (Viola).</hofClass></head>









<bibl id="hofm_1835_10_0099_15"><regNumber>3432</regNumber>. <composer key="compo_028711">Rolla (Ant.)</composer> <title>Variazioni brillanti per Viola prinzipale con Accomp. d’Orch. Op. <opus key="opus_0531">13</opus>, in <key>F</key></title>. <pubPlace key="place_0437">Milano</pubPlace>, <publisher key="publ_3241">Ricordi</publisher> 7 Fr. 50 Ct.</bibl>
<bibl id="hofm_1835_10_0099_16">– – Idem con Acc. di Quartetto. Op. 13, in F. Ebend. 4 Fr. 50 Ct.</bibl>
<bibl id="hofm_1835_10_0099_17">– – Idem con Acc. di Pfte. Op. 13, in F. Ebend. 3 Fr. 50 Ct.</bibl>
</div><div id="hofm_1835_10_0099_div04"><head><hofClass key="hofCl_0184">Musik für das Violoncelle.</hofClass></head>









<bibl id="hofm_1835_10_0099_18"><composer key="compo_009718">Franchomme (A.)</composer> <title>12 Caprices p. Violoncelle av. Acc. d’un second Vclle ad lib. Oe. <opus key="opus_3967">7</opus>. Liv. 2</title>. <pubPlace key="place_0392">Leipzig</pubPlace>, <publisher key="publ_1746">Hofmeister</publisher> 16 Gr.</bibl>
</div><div id="hofm_1835_10_0099_div05"><head><hofClass key="hofCl_0200">Musik für die Flöte.</hofClass></head>









<bibl id="hofm_1835_10_0099_19"><composer key="compo_002405">Berens (C.)</composer> <title>Potpourri d’après des Thèmes favoris de l’Opéra : Norma de Bellini, p. Flûte. Oe. <opus key="opus_2948">44</opus></title>. <pubPlace key="place_0276">Hamburg</pubPlace>, <publisher key="publ_0640">Cranz</publisher> 12 Gr.</bibl>
<bibl id="hofm_1835_10_0099_20"><composer key="compo_006919">Diabelli (A.)</composer> <title>Der musikalische Gesellschafter in einsamen Stunden, f. Flöte. No. 57, 3te Sammlung belieb. Wiener Walzer v. Morelly. No. 58, Potpourri nach Motiven der Oper: Montecchi u. Capuleti. No. 59, Potpourri nach Motiven der Oper: Anna Bolena. No. 60, Potpourri nach Motiven der Oper: Norma</title>. <pubPlace key="place_0731">Wien</pubPlace>, <publisher key="publ_0735">Diabelli u. Co</publisher>. à 1 Fl.</bibl>
<bibl id="hofm_1835_10_0099_21">– <title>Productionen im häuslichen Freundschafts-Zirkel f. Flöte <pb n="100"/>mit Begl. d. Pfte. No. 34, 35. Favorit-Stücke aus der Oper: Die Braut v. Auber</title>. <pubPlace key="place_0731">Wien</pubPlace>, <publisher key="publ_0735">Diabelli u. Co</publisher>. à 1 Fl.</bibl>

<bibl id="hofm_1835_10_0100_01"><regNumber>3483</regNumber>. <composer key="compo_010419">Fürstenau (A.B.)</composer> <title>Feuille de Trèfle. 3 Pièces. No. 1. Adagio et Polonaise. No. 2, Rondo. No. 3, Introduction et Variations, p. Flûte av. Acc. de Pfte. Oe. <opus key="opus_4704">97</opus></title>. <pubPlace key="place_0147">Dresden</pubPlace>, <publisher key="publ_4034">Thieme</publisher> 1 Thlr.</bibl>
<bibl id="hofm_1835_10_0100_02"><regNumber>3470</regNumber>. <composer key="compo_020014">Lanner (J.)</composer> <title>Beliebte Walzer und Galoppen f. Flöte einger. No. 21, Italienische und Spanische Galoppen. No. 22, Ungarische und Englische Galoppen. No. 23, Hesperiens Echo. Cotillons. No. 25, Jubel-Walzer</title>. <pubPlace key="place_0731">Wien</pubPlace>, <publisher key="publ_2605">Mechetti</publisher> à 15 Xr.</bibl>
<bibl id="hofm_1835_10_0100_03"><regNumber>3437</regNumber>. <composer key="compo_027366">Rabboni (Jos.)</composer> <title>Gran Duetto per 2 Flauti</title>. <pubPlace key="place_0437">Milano</pubPlace>, <publisher key="publ_3241">Ricordi</publisher> 5 Fr.</bibl>
<wip id="hofm_1835_10_0100_04"><composer key="compo_032691">Spanner (Jos.)</composer> <title>Unterhaltungen f. Flöte</title>. <title>11tes Heft, Fantaisie über beliebte Motive der Opern: L’Elisir d’Amore und Adlers Horst</title>. <title>12tes Heft, Mosaïque über beliebte Motive aus den Opern: Il Furioso und Marie, und Polacca von Herz</title>. <pubPlace key="place_0554">Prag</pubPlace>, <publisher key="publ_0282">Berra</publisher> à 30 Xr.</wip>
<bibl id="hofm_1835_10_0100_05"><regNumber>3447</regNumber>. <composer key="compo_033569">Strauss (Joh.)</composer> <title>Lieblings-Walzer f. Flöte. No. 44, Philomelen-Walzer. Op. <opus key="opus_4377">82</opus></title>. <pubPlace key="place_0731">Wien</pubPlace>, <publisher key="publ_1506">Haslinger</publisher> 15 Xr.</bibl>
<bibl id="hofm_1835_10_0100_06"><composer key="compo_035948">Walckiers (Eug.)</composer> <title>6 Fantaisies et Variations sur la Valse du Duc de Reichstadt et 5 Valses favorites de Strauss p. Flûte. Oe. <opus key="opus_3586">60</opus>, Divisées en 3 Suites, No. 1</title>. <pubPlace key="place_0044">Berlin</pubPlace>, <publisher key="publ_3471">Schlesinger</publisher> 10 Gr.</bibl>
</div><div id="hofm_1835_10_0100_div06"><head><hofClass key="hofCl_0131">Musik für verschiedene Blasinstrumente.</hofClass></head>









<bibl id="hofm_1835_10_0100_07"><regNumber>3416</regNumber>. <composer key="compo_018960">Krähmer (E.)</composer> <title>Romance et Variations sur un Thème original p. Csakan av. Acc. de Pfte. Oe. <opus key="opus_2403">34</opus></title>. <pubPlace key="place_0731">Wien</pubPlace>, <publisher key="publ_0735">Diabelli et Co</publisher>. 45 Xr.</bibl>
<bibl id="hofm_1835_10_0100_08"><regNumber>3447</regNumber>. <composer key="compo_033569">Strauss (Joh.)</composer> <title>Lieblings-Walzer f. Csakan. No. 44, Philomelen-Walzer. Op. <opus key="opus_4377">82</opus></title>. <pubPlace key="place_0731">Wien</pubPlace>, <publisher key="publ_1506">Haslinger</publisher> 15 Xr.</bibl>
</div><div id="hofm_1835_10_0100_div07"><head><hofClass key="hofCl_0205">Musik für die Guitarre.</hofClass></head>









<bibl id="hofm_1835_10_0100_09"><regNumber>3476</regNumber>. <composer key="compo_003400">Bobrowicz (J.N. v.)</composer> <title>3 Märsche f. Guitarre. Op. <opus key="opus_1802">25</opus></title>. <pubPlace key="place_0147">Dresden</pubPlace>, <publisher key="publ_4034">Thieme</publisher> 4 Gr.</bibl>
<bibl id="hofm_1835_10_0100_10"><regNumber>3442</regNumber>. <composer key="compo_011303">Giuliani (M.)</composer> <title>3 Polonesi concertanti per 2 Chitarre. Op. <opus key="opus_0651">137</opus></title>. <pubPlace key="place_0437">Milano</pubPlace>, <publisher key="publ_3241">Ricordi</publisher> 3 Fr.</bibl>
<bibl id="hofm_1835_10_0100_11"><regNumber>2861</regNumber>. <composer key="compo_011302">Giuliani (Emilia)</composer> <title>Belliniana ossia vary Pezzi tratti dalle Opere del M. Bellini ridotti e variati p. Chitarra. Op. <opus key="opus_1372">2</opus>. Lib. 2–4</title>. Ebend. à 2 Fr. 50 Ct.</bibl>
<bibl id="hofm_1835_10_0100_12"><regNumber>3395</regNumber>. <composer key="compo_019510">Küffner (J.)</composer> <title>Pas redoublé, 3 Valses, Danse à la Styrie, Galop et 2 Allemandes sur des Motifs fav. d’Opéras français p. Guitarre. Oe. <opus key="opus_1901">261</opus></title>. <pubPlace key="place_0438">Mainz</pubPlace>, <publisher key="publ_3563">Schott</publisher> 24 Xr.</bibl>
<bibl id="hofm_1835_10_0100_13">– – <title>Pas redoublé, 3 Valses et 2 Galops sur des Motifs d’Opéras français p. 2 Guitarres. Oe. <opus key="opus_1902">262</opus></title>. Ebend. 48 Xr.</bibl>
<bibl id="hofm_1835_10_0100_14">– – <title>Mélange sur des Motifs des Opéras : Fra Diavolo, Le Comte Ory, Zampa, Le Serment et Guillaume Tell, p. Guitarre. Oe. <opus key="opus_1906">263</opus></title>. Ebend. 36 Xr.</bibl>
<bibl id="hofm_1835_10_0100_15"><regNumber>3470</regNumber>. <composer key="compo_020014">Lanner (Jos.)</composer> <title>Beliebte Walzer und Galoppen f. Guitarre. No. 8, Italienische, Spanische, Ungarische und Englische Galoppen. No. 9, Hesperiens Echo. Cotillons. No. 11, Jubel-Walzer</title>. <pubPlace key="place_0731">Wien</pubPlace>, <publisher key="publ_2605">Mechetti</publisher> à 30 Xr.</bibl>
<bibl id="hofm_1835_10_0100_16"><regNumber>3414</regNumber>. <composer key="compo_021246">Lom (J.Ch.)</composer> <title>Fantasie über die beliebten Motive der Oper: La Sonnambula von Bellini, f. Guitarre. Op. <opus key="opus_1482">21</opus></title>. <pubPlace key="place_0731">Wien</pubPlace>, <publisher key="publ_0735">Diabelli u. Co</publisher>. 30 Xr.</bibl>
<bibl id="hofm_1835_10_0100_17"><regNumber>3447</regNumber>. <composer key="compo_033569">Strauss (Joh.)</composer> <title>Lieblings-Walzer f. Guitarre. No. 25, Philomelen-Walzer. Op. <opus key="opus_4377">82</opus></title>. <pubPlace key="place_0731">Wien</pubPlace>, <publisher key="publ_1506">Haslinger</publisher> 30 Xr.</bibl>
</div><pb n="101"/><div id="hofm_1835_10_0101_div08"><head><hofClass key="hofCl_0167">Musik für das Pianoforte mit Begleitung.</hofClass></head>










<bibl id="hofm_1835_10_0101_01"><composer key="compo_001079">Auber (D.F.E.)</composer> <title>La Fiancée (Die Braut). Oper f. Violine u. Pfte concert. einger. von A. Diabelli</title>. <pubPlace key="place_0731">Wien</pubPlace>, <publisher key="publ_0735">Diabelli u. Co</publisher>. 2 Fl. 30 Xr.</bibl>
<wip id="hofm_1835_10_0101_02"><composer key="compo_006919">Diabelli (A.)</composer> <title>Concordance. Periodisches Werk für Pfte und Violine concertant. No. 17, 18, Die Braut, Oper von Auber. No. 19, Potpourri nach Motiven der Oper: Montecchi und Capuleti</title>. Ebend. <title>No. 17</title>, (45 Xr.) <title>No. 18</title>, (1 Fl. 15 Xr.) <title>No. 19</title>, (1 Fl.)</wip>
<bibl id="hofm_1835_10_0101_03"><regNumber>3397</regNumber>. <composer key="compo_017668">Klein (C.A. von)</composer> <title>Trio f. Pfte, Viol. u. Vclle, Op. <opus key="opus_2116">3</opus>, in <key>A</key></title>. <pubPlace key="place_0438">Mainz</pubPlace>, <publisher key="publ_3563">Schott</publisher> 1 Fl. 48 Xr.</bibl>
<bibl id="hofm_1835_10_0101_04"><composer key="compo_019863">Lang (A.)</composer> <title>Le Voltigeur. Mazur f. Violine u. Pfte</title>. <pubPlace key="place_0731">Wien</pubPlace>, <publisher key="publ_0735">Diabelli u. Co</publisher>. 30 Xr.</bibl>
<bibl id="hofm_1835_10_0101_05"><regNumber>3342</regNumber>. <composer key="compo_020014">Lanner (Jos.)</composer> <title>Panorama der beliebtesten Galoppen. No. 1, Italienische, Spanische, Ungarische und Englische Galoppen f. Violine mit Begl. d. Pfte. Op. <opus key="opus_4704">97</opus></title>. <pubPlace key="place_0731">Wien</pubPlace>, <publisher key="publ_2605">Mechetti</publisher> 1 Fl.</bibl>
<bibl id="hofm_1835_10_0101_06"><regNumber>3470</regNumber>. – <title>Jubel-Walzer f. do. Op. <opus key="opus_0045">100</opus></title>. Ebend. 45 Xr.</bibl>
<bibl id="hofm_1835_10_0101_07"><regNumber>3415</regNumber>. <composer key="compo_020815">Lickl (C.G.)</composer> <title>Sonate f. Pfte u. Phys-Harmonica (od. Violoncelle). Op. <opus key="opus_2764">40</opus></title>. <pubPlace key="place_0731">Wien</pubPlace>, <publisher key="publ_0735">Diabelli u. Co</publisher>. 2 Fl. 20 Xr.</bibl>
<bibl id="hofm_1835_10_0101_08"><regNumber>1951</regNumber>. <composer key="compo_022297">Marschner (H.)</composer> <title>Hans Heiling. Opéra en 3 Actes, arrangé p. Pfte et Violon concertant</title>. <pubPlace key="place_0392">Leipzig</pubPlace>, <publisher key="publ_1746">Hofmeister</publisher> 3 Thlr. 8 Gr.</bibl>
<bibl id="hofm_1835_10_0101_09"><regNumber>3411</regNumber>. <composer key="compo_026944">Prandau (C. de)</composer> <title>Serenade f. Pfte u. Phys-Harmonica</title>. <pubPlace key="place_0731">Wien</pubPlace>, <publisher key="publ_0735">Diabelli u. Co</publisher>. 1 Fl.</bibl>
<bibl id="hofm_1835_10_0101_10"><regNumber>3408</regNumber>. <composer key="compo_027119">Promberger (Joh.)</composer> <title>Potpourri über beliebte Motiven aus Robert, Lorbeerbaum u. Bettelstab, Zweikampt, Fra Diavolo und Schwur, f. Pfte mit willk. Begl. d. Violine u. Vclle. Op. <opus key="opus_3181">5</opus></title>. Ebend. 45 Xr.</bibl>
<bibl id="hofm_1835_10_0101_11"><regNumber>3407</regNumber>. – <title>Erinnerung an Steyermark. Charakteristische Fantasie f. Pfte u. Phys-Harmonica concertant. Op. <opus key="opus_4300">8</opus></title>. Ebend. 45 Xr.</bibl>
<bibl id="hofm_1835_10_0101_12"><regNumber>3398</regNumber>. <composer key="compo_031807">Sedlatzek (J.)</composer> <title>3 Airs favoris de l’Opéra : I Puritani de Bellini, arr. p. Flûte et Pfte</title>. <pubPlace key="place_0438">Mainz</pubPlace>, <publisher key="publ_3563">Schott</publisher> 1 Fl. 12 Xr.</bibl>
<bibl id="hofm_1835_10_0101_13"><regNumber>3447</regNumber>. <composer key="compo_033569">Strauss (Joh.)</composer> <title>Walzer u. Cotillons f. Violine u. Pfte. No. 44, Philomelen-Walzer. Op. <opus key="opus_4377">82</opus></title>. <pubPlace key="place_0731">Wien</pubPlace>, <publisher key="publ_1506">Haslinger</publisher> 45 Xr.</bibl>
</div><div id="hofm_1835_10_0101_div09"><head><hofClass key="hofCl_0124">Musik für zwei Pianoforte.</hofClass></head>









<bibl id="hofm_1835_10_0101_14"><composer key="compo_014567">Herz (les Frères)</composer> <title>Second grand Duo concertant p. 2 Pftes sur les Marches fav. d’Alexandre et de la Donna del Lago. Oe. <opus key="opus_4045">72</opus></title>. <pubPlace key="place_0437">Milan</pubPlace>, <publisher key="publ_3241">Ricordi</publisher> 7 Fr. 50 Ct.</bibl>
</div><div id="hofm_1835_10_0101_div10"><head><hofClass key="hofCl_0171">Musik für das Pianoforte zu 4 Händen.</hofClass></head>









<bibl id="hofm_1835_10_0101_15"><composer key="compo_002205">Bellini (V.)</composer> <title>Polonaise favorite de l’Opéra : I Puritani, arr. p. Pfte à 4 Mains</title>. <pubPlace key="place_0276">Hamburg</pubPlace>, <publisher key="publ_0640">Cranz</publisher> 6 Gr.</bibl>
<bibl id="hofm_1835_10_0101_16"><regNumber>3418</regNumber>. <composer key="compo_006306">Czerny (C.)</composer> <title>Introd. et Variations sur le Duo favori : „Suoni la tromba” de l’Opéra : I Puritani de Bellini, p. Pfte à 4 Mains. Oe. <opus key="opus_2554">363</opus>, in <key>B</key></title>. <pubPlace key="place_0731">Wien</pubPlace>, <publisher key="publ_0735">Diabelli u. Co</publisher>. 1 Fl. 30 Xr.</bibl>
<bibl id="hofm_1835_10_0101_17"><composer key="compo_009162">Fessy (A.)</composer> <title>Fantaisie sur les Airs favoris de l’Opéra : Gianni di Calais de Donizetti, p. Pfte à 4 Mains. Oe. <opus key="opus_3071">47</opus></title>. <pubPlace key="place_0537">Paris</pubPlace>, <publisher key="publ_3222">Richault</publisher> 6 Fr.</bibl>
<bibl id="hofm_1835_10_0101_18"><composer key="compo_014550">Herz (H.)</composer> <title>Variations brillantes sur la Romance favorite : C’est une Larme, arr. p. Pfte à 4 Mains. Oe. <opus key="opus_1165">18</opus></title>. <pubPlace key="place_0276">Hamburg</pubPlace>, <publisher key="publ_0640">Cranz</publisher> 1 Thlr.</bibl>
<bibl id="hofm_1835_10_0101_19"><regNumber>3046</regNumber>. <composer key="compo_018761">Kreutzer (C.)</composer> <title>Das Nachtlager in Granada. Romantische Oper in 2 Acten eing. f. Pfte zu 4 Händen von C. Stöber</title>. <pubPlace key="place_0731">Wien</pubPlace>, <publisher key="publ_4075">Trentsensky u. V</publisher>. geh. 6 Fl. 30 Xr.</bibl>
<pb n="102"/>
<bibl id="hofm_1835_10_0102_01"><composer key="compo_019507">Kücken (F.)</composer> <title>Introduction et Polonaise brillante p. Pfte à 4 Mains (in <key>D</key>.)</title> <pubPlace key="place_0276">Hamburg</pubPlace>, <publisher key="publ_3607">Schuberth u. N</publisher>. 12 Gr.</bibl>
<bibl id="hofm_1835_10_0102_02"><regNumber>3162</regNumber>. <composer key="compo_019684">Lachner (Fr.)</composer> <title>Erste Sinfonie. Op. <opus key="opus_2268">32</opus>, in <key>Es</key>, arr. f. Pfte zu 4 Händen von V. Lachner</title>. <pubPlace key="place_0731">Wien</pubPlace>, <publisher key="publ_0735">Diabelli u. Co</publisher>. 4 Fl.</bibl>
<bibl id="hofm_1835_10_0102_03"><regNumber>3342</regNumber>. <composer key="compo_020014">Lanner (J.)</composer> <title>Panorama der beliebtesten Galoppen. No. 1, Italienische, Spanische, Ungarische und Englische Galoppen f. Pfte zu 4 Händen. Op. <opus key="opus_4704">97</opus></title>. <pubPlace key="place_0731">Wien</pubPlace>, <publisher key="publ_2605">Mechetti</publisher> 1 Fl. 15 Xr.</bibl>
<bibl id="hofm_1835_10_0102_04"><regNumber>3343</regNumber>. – <title>Hesperiens Echo. Cotillons nach den beliebtesten Motiven der neuesten italienischen Opern f. Pfte zu 4 Händen. Op. <opus key="opus_4722">98</opus></title>. Ebend. 1 Fl.</bibl>
<bibl id="hofm_1835_10_0102_05"><regNumber>3470</regNumber>. – <title>Jubel-Walzer f. Pfte zu 4 Händen. Op. <opus key="opus_0045">100</opus></title>. Ebend. 1 Fl. </bibl><bibl id="hofm_1835_10_0102_06"><composer key="compo_020761">Lewinsky (J.)</composer> <title>Rondino über Motive aus der Oper: Der Schwur von Auber, f. Pfte zu 4 Händen. Op. <opus key="opus_0021">10</opus></title>. <pubPlace key="place_0731">Wien</pubPlace>, <publisher key="publ_0735">Diabelli u. Co</publisher>. 30 Xr.</bibl>
<bibl id="hofm_1835_10_0102_07"><regNumber>3405</regNumber>. <composer key="compo_027119">Promberger (Joh.)</composer> <title>Concertante Variationen über die Schluss-cavatine aus der Oper: Die Nachtwandlerin, f. Pfte zu 4 Händen. Op. <opus key="opus_3565">6</opus></title>. Ebend. 45 Xr.</bibl>
<bibl id="hofm_1835_10_0102_08"><regNumber>3406</regNumber>. – <title>Divertissement concertant sur des Motifs de l’Opéra : Un’ Avventura di Scaramuccia, p. Pfte à 4 Mains. Oe. <opus key="opus_3967">7</opus></title>. Ebend. 1 Fl.</bibl>
<bibl id="hofm_1835_10_0102_09"><regNumber>2482</regNumber>. <composer key="compo_028199">Ricci (L.)</composer> <title>Un’ Avventura di Scaramuccia. Melodrama <format>rid. p. Pfte à 4 Mani</format></title>. <pubPlace key="place_0437">Milano</pubPlace>, <publisher key="publ_3241">Ricordi</publisher> geh. 24 Fr.</bibl>
<bibl id="hofm_1835_10_0102_10"><regNumber>3467</regNumber>. <composer key="compo_029392">Rösler (Jos.)</composer> <title>Sonatine facile p. Pfte. à 4 Mains. Oe. <opus key="opus_0001">1</opus></title>. <pubPlace key="place_0731">Wien</pubPlace>, <publisher key="publ_4075">Trentsensky et V</publisher>. 30 Xr.</bibl>
<bibl id="hofm_1835_10_0102_11"><regNumber>3400</regNumber>. <composer key="compo_033758">Stöber (C.)</composer> <title>Fantasie über beliebte Motive aus der Oper: Der Wahnsinnige auf der Insel St. Domingo, f. Pfte zu 4 Händen. Op. <opus key="opus_1390">20</opus></title>. <pubPlace key="place_0731">Wien</pubPlace>, <publisher key="publ_0735">Diabelli u. Co</publisher>. 1 Fl.</bibl>
<bibl id="hofm_1835_10_0102_12"><composer key="compo_033569">Strauss (Joh.)</composer> <title>Sperls Fest-Walzer f. Pfte zu 4 Händen. Op. <opus key="opus_2131">30</opus></title>. <pubPlace key="place_0731">Wien</pubPlace>, <publisher key="publ_1506">Haslinger</publisher> 45 Xr.</bibl>
<bibl id="hofm_1835_10_0102_13"><regNumber>3447</regNumber>. – <title>Philomelen-Walzer f. Pfte zu 4 Händen. Op. <opus key="opus_4377">82</opus></title>. Ebend. 1 Fl.</bibl>
</div><div id="hofm_1835_10_0102_div11"><head><hofClass key="hofCl_0272">Ouverturen für das Pianoforte zu 4 Händen.</hofClass></head>









<bibl id="hofm_1835_10_0102_14"><composer key="compo_001075">Auber</composer>, <title>Ouverture de l’Opéra comique : Le Concert à la Cour, arr. p. Pfte à 4 Mains p. Ruprecht</title>. <pubPlace key="place_0436">Magdeburg</pubPlace>, <publisher key="publ_2338">Lehmann u. Q</publisher>. 16 Gr.</bibl>
</div><div id="hofm_1835_10_0102_div12"><head><hofClass key="hofCl_0166">Musik für das Pianoforte allein.</hofClass></head>









<bibl id="hofm_1835_10_0102_15"><composer key="compo_002205">Bellini (V.)</composer> <title>Montecchi und Capuleti. Oper im leichten Style f. Pfte. einger. von A. Diabelli</title>. <pubPlace key="place_0731">Wien</pubPlace>, <publisher key="publ_0735">Diabelli u. Co</publisher>. geh. 1 Fl. 45 Xr.</bibl>
<bibl id="hofm_1835_10_0102_16">– <title>Auswahl beliebter Stücke aus der Oper: Die Puritaner, f. Pfte</title>. <pubPlace key="place_0276">Hamburg</pubPlace>, <publisher key="publ_0640">Cranz</publisher> 16 Gr.</bibl>
<bibl id="hofm_1835_10_0102_17"><composer key="compo_002709">Bertini (H.)</composer> <title>25 Uebungen f. Pfte (25 Etudes doigtés). <edition>2te vermehrte Aufl</edition>. Op. <opus key="opus_2066">29</opus>, <opus key="opus_2268">32</opus>. Lief. 1, 2</title>. <pubPlace key="place_0044">Berlin</pubPlace>, <publisher key="publ_3471">Schlesinger</publisher> à 16 Gr.</bibl>
<bibl id="hofm_1835_10_0102_18">– <title>25 Caprices p. Pfte. Oe. <opus key="opus_4654">94</opus>, Cah. 1–8</title>. <pubPlace key="place_0438">Mainz</pubPlace>. <publisher key="publ_3563">Schott</publisher> à 1 Fl. 12 Xr. (Prix broché avec Portrait de l’Auteur 7 Fl. 12 Xr.)</bibl>
<bibl id="hofm_1835_10_0102_19">– <title>2 Rondeaux p. Pfte. Oe. <opus key="opus_4738">99</opus>. No. 1, Rondeau-Galop. No. 2, Rondeau-Valse</title>. <pubPlace key="place_0276">Hamburg</pubPlace>, <publisher key="publ_0640">Cranz</publisher> à 12 Gr.</bibl>
<bibl id="hofm_1835_10_0102_20">– <title>25 leichte Uebungen mit Fingersatz für Schüler, die noch nicht den Umfang einer Octave greifen können. Op. <opus key="opus_0045">100</opus>. 2 Hefte</title>. <pubPlace key="place_0044">Berlin</pubPlace>, <publisher key="publ_3471">Schlesinger</publisher> à 12 Gr.</bibl>
<pb n="103"/>
<bibl id="hofm_1835_10_0103_01"><regNumber>3456</regNumber>. <composer key="compo_002881">Bianchi (J.)</composer> <title>Petite Fantaisie sur des Thèmes de l’Opéra : I Puritani de Bellini</title>. <pubPlace key="place_0437">Milan</pubPlace>, <publisher key="publ_3241">Ricordi</publisher> 2 Fr. 25 Ct.</bibl>
<bibl id="hofm_1835_10_0103_02"><composer key="compo_005050">Böttcher (A.)</composer> <title>Rondo capriccioso p. Pfte. Oe. <opus key="opus_3181">5</opus></title>. <pubPlace key="place_0436">Magdeburg</pubPlace>, <publisher key="publ_2338">Lehmann u. Q</publisher>. 8 Gr.</bibl>
<bibl id="hofm_1835_10_0103_03"><regNumber>3485</regNumber>. <composer key="compo_004435">Brunner (C.T.)</composer> <title>6 leichte Rondo’s zum Behufe des Unterrichts f. Pfte. Op. <opus key="opus_3565">6</opus></title>. <pubPlace key="place_0147">Dresden</pubPlace>, <publisher key="publ_4034">Thieme</publisher> 10 Gr.</bibl>
<bibl id="hofm_1835_10_0103_04"><regNumber>3421</regNumber>. <composer key="compo_005623">Chotek (Fr. X.)</composer> <title>Rondo sur le Duo favori : Ah dottori, vido parola, de l’Opéra : L’Elisir d’amore de Donizetti, p. Pfte. Oe. <opus key="opus_1165">18</opus>, in <key>C</key></title>. <pubPlace key="place_0731">Wien</pubPlace>, <publisher key="publ_0735">Diabelli et Co</publisher>. 45 Xr.</bibl>
<bibl id="hofm_1835_10_0103_05"><regNumber>3444</regNumber>. <composer key="compo_005672">Chwatal (F.X.)</composer> <title>Les charmes de Magdeburg. Introduction et Rondeau p. Pfte. Oe. <opus key="opus_1932">27</opus></title>. <pubPlace key="place_0436">Magdeburg</pubPlace>, <publisher key="publ_2338">Lehmann u. Q</publisher>. 14 Gr.</bibl>
<bibl id="hofm_1835_10_0103_06"><regNumber>389</regNumber>. <composer key="compo_006306">Czerny (C.)</composer> <title>Souvenir théatral. Collection de Fantaisies élég. p. Pfte. Oe. <opus key="opus_1782">247</opus></title>. <pubPlace key="place_0731">Wien</pubPlace>, <publisher key="publ_0735">Diabelli et Co</publisher>. à 1 Fl. 15 Xr. 
    <listBibl rend="curly">
        <bibl><seg><title>Cah. 36, 1ère</title></seg><seg id="hofm_1835_10_0103_06_1" rend="curly-left"><title>Fantaisie sur les Motifs favoris de l’Opéra : I Puritani de Bellini</title>. </seg></bibl><bibl><seg>– <title>37, 2ème</title></seg><seg sameAs="hofm_1835_10_0103_06_1"/></bibl></listBibl></bibl>
<bibl id="hofm_1835_10_0103_07"><regNumber>3419</regNumber>. – <title>Gran Capriccio di Bravura ossia Studio p. Pfte. Op. <opus key="opus_2567">369</opus></title>. Ebend. 1 Fl. 15 Xr.</bibl>
<wip id="hofm_1835_10_0103_08"><composer key="compo_006919">Diabelli (A.)</composer> <title>Euterpe, moderne Tonstücke f. Pfte</title>. <pubPlace key="place_0731">Wien</pubPlace>, <publisher key="publ_0735">Diabelli u. Co</publisher>. 
    <listBibl rend="curly">
        <bibl><seg><title>No. 317, Erstes</title></seg><seg id="hofm_1835_10_0103_08_1" rend="curly-left"><title>Potpourri nach Motiven der Oper: La Sonnambula (Die Nachtwandlerin) v. Bellini</title>. <title>No. 317</title>. (40 Xr.) <title>No. 318, 319</title>. (à 45 Xr.) </seg></bibl>
        <bibl><seg>– <title>318, Zweites</title></seg><seg sameAs="hofm_1835_10_0103_08_1"/></bibl>
        <bibl><seg>– <title>319, Drittes</title></seg><seg sameAs="hofm_1835_10_0103_08_1"/></bibl>
        <bibl><seg>– <title>320, Erstes</title></seg><seg id="hofm_1835_10_0103_08_2" rend="curly-left"><title>Potpourri nach Motiven der Oper: L’Elisir d’Amore v. Donizetti</title>. <title>No. 320</title>. (40 Xr.) <title>No. 321, 322</title>. (à 45 Xr.) </seg></bibl>
        <bibl><seg>– <title>321, Zweites</title></seg><seg sameAs="hofm_1835_10_0103_08_2"/></bibl>
        <bibl><seg>– <title>322, Drittes</title></seg><seg sameAs="hofm_1835_10_0103_08_2"/></bibl>
        <bibl><seg>– <title>323, Erstes</title></seg><seg id="hofm_1835_10_0103_08_3" rend="curly-left"><title>Potpourri nach Motiven der Oper: Anna Bolena v. Donizetti</title>. à 45 Xr. </seg></bibl>
        <bibl><seg>– <title>324, Zweites</title></seg><seg sameAs="hofm_1835_10_0103_08_3"/></bibl>
        <bibl><seg>– <title>325, Drittes</title></seg><seg sameAs="hofm_1835_10_0103_08_3"/></bibl></listBibl></wip>
<bibl id="hofm_1835_10_0103_09"><composer key="compo_006919">Diabelli (A.)</composer> <title>Opernrepertorium für die Jugend für Pfte. No. 22, Montecchi und Capuleti von Bellini</title>. Ebend. 1 Fl. 15 Xr.</bibl>
<bibl id="hofm_1835_10_0103_10"><regNumber>3417</regNumber>. <composer key="compo_007639">Döhler (Th.)</composer> <title>Rondino sur le Trio favori de l’Opéra : Le Pré aux Clercs de Herold, p. Pfte. Oe. <opus key="opus_0021">10</opus></title>. Ebend. 1 Fl.</bibl>
<bibl id="hofm_1835_10_0103_11"><regNumber>3430</regNumber>. <composer key="compo_007199">Donizetti (G.)</composer> <title>Gemma di Vergy. Tragedia lirica <format>rid. per Pfte solo</format></title>. <pubPlace key="place_0437">Milano</pubPlace>, <publisher key="publ_3241">Ricordi</publisher> 18 Fr.</bibl>
<bibl id="hofm_1835_10_0103_12"><regNumber>2096</regNumber>. – <title>Parisina. Melodrama <format>rid. per Pfte solo</format></title>. Ebend. 18 Fr.</bibl>
<bibl id="hofm_1835_10_0103_13"><regNumber>3484</regNumber>. <composer key="compo_007246">Dorn (H.)</composer> <title>Caprice p. Pfte. Oe. <opus key="opus_2131">30</opus></title>. <pubPlace key="place_0147">Dresden</pubPlace>, <publisher key="publ_4034">Thieme</publisher> 14 Gr. </bibl><bibl id="hofm_1835_10_0103_14"><composer key="compo_007337">Dreischock (A.)</composer> <title>8 Exercices de Bravoure en Forme de Valses p. Pfte. Oe. <opus key="opus_0001">1</opus></title>. <pubPlace key="place_0554">Prag</pubPlace>, <publisher key="publ_0282">Berra</publisher> 45 Xr.</bibl>
<bibl id="hofm_1835_10_0103_15"><composer key="compo_008006">Ehrlich (C.F.)</composer> <title>6 Pièces faciles p. Pfte. Oe. <opus key="opus_4562">9</opus></title>. <pubPlace key="place_0436">Magdeburg</pubPlace>, <publisher key="publ_2338">Lehmann u. Q</publisher>. 14 Gr.</bibl>
<bibl id="hofm_1835_10_0103_16">– <title>6 Bagatelles doigtées à l’Usage des Commençans p. Pfte. Oe. <opus key="opus_0021">10</opus></title>. <pubPlace key="place_0436">Magdeburg</pubPlace>, <publisher key="publ_4248">Wagner</publisher> 12 Gr.</bibl>
<bibl id="hofm_1835_10_0103_17">– <title>Romance p. Pfte (in <key>As</key>.)</title> <pubPlace key="place_0392">Leipzig</pubPlace>, <publisher key="publ_4485">Wunder</publisher> 6 Gr.</bibl>
<bibl id="hofm_1835_10_0103_18"><composer key="compo_008477">Erfurt (C.)</composer> <title>Abschied von Magdeburg. Rondo f. Pfte. Op. <opus key="opus_2268">32</opus></title>. <pubPlace key="place_0436">Magdeburg</pubPlace>, <publisher key="publ_2338">Lehmann u. Q</publisher>. 12 Gr.</bibl>
<bibl id="hofm_1835_10_0103_19"><composer key="compo_009243">Field (J.)</composer> <title>2 Nocturnes ou Romances p. Pfte. 9e et 10e Nocturne (in <key>A</key>. <key>Es</key>.)</title> <pubPlace key="place_0392">Leipzig</pubPlace>, <publisher key="publ_1746">Hofmeister</publisher> 8 Gr.</bibl>
<bibl id="hofm_1835_10_0103_20"><composer key="compo_013060">Halevy (F.)</composer> <title>La Juive (Die Jüdin). Opéra p. Pfte sans paroles, arr. p. C.F. Ebers</title>. <pubPlace key="place_0044">Berlin</pubPlace>, <publisher key="publ_3471">Schlesinger</publisher> geh. 6 Thlr.</bibl>
<bibl id="hofm_1835_10_0103_21"><composer key="compo_014550">Herz (H.)</composer> <title>Polonaise agréable p. Pfte (in <key>F</key>.) Tiré du Souvenir musical p. Pfte</title>. <pubPlace key="place_0276">Hamburg</pubPlace>, <publisher key="publ_0640">Cranz</publisher> 8 Gr.</bibl>
<bibl id="hofm_1835_10_0103_22">– <title>3 Rondolettos. Rondoletto sicilien (in <key>F</key>.) Les Pensées, Rondoletto (in <key>G</key>.) Rondoletto de Chasse (in <key>D</key>.) p. Pfte</title>. Souvenir musical. Cah. 1. <pubPlace key="place_0392">Leipzig</pubPlace>, <publisher key="publ_1746">Hofmeister</publisher> 12 Gr.</bibl>
<pb n="104"/>
<bibl id="hofm_1835_10_0104_01"><composer key="compo_015115">Hofmann (Ch.L.)</composer> <title>2 Rondeaux sur deux Motifs fav. de l’Opéra : Un’ Avventura di Scaramuccia de Ricci, p. Pfte. Oe. <opus key="opus_2116">3</opus></title>. <pubPlace key="place_0554">Prag</pubPlace>, <publisher key="publ_0282">Berra</publisher> 45 Xr.</bibl>
<bibl id="hofm_1835_10_0104_02"><composer key="compo_015944">Hünten (Fr.)</composer> <title>Mosaïque d’Airs favoris de Rossini, Bellini, Mercadante et Weber, doigtés et arrangés d’une Manière facile p. Pfte</title>. <pubPlace key="place_0392">Leipzig</pubPlace>, <publisher key="publ_1746">Hofmeister</publisher> 16 Gr.</bibl>
<bibl id="hofm_1835_10_0104_03">– <title>3 Rondinos. Rondino Valse (in <key>C</key>.) Rondino espagnol (in <key>G</key>.) Rondino Bolero (in <key>C</key>.) p. Pfte</title>. Souvenir musical. Cah. 2. Ebend. 8 Gr.</bibl>
<bibl id="hofm_1835_10_0104_04"><regNumber>3482</regNumber>. <composer key="compo_018957">Krägen (Ch.)</composer> <title>Grande Polonaise en Forme de Rondo précédé d’une Introduction, p. Pfte. Oe. <opus key="opus_0806">15</opus></title>. <pubPlace key="place_0147">Dresden</pubPlace>, <publisher key="publ_4034">Thieme</publisher> 12 Gr.</bibl>
<bibl id="hofm_1835_10_0104_05"><regNumber>3357</regNumber>. <composer key="compo_018761">Kreutzer (C.)</composer> <title>Melusina. Romantische Oper in 3 Acten von F. Grillparzer. <format>Vollständiger Auszug f. Pfte allein</format> von C. Stöber</title>. <pubPlace key="place_0731">Wien</pubPlace>, <publisher key="publ_4075">Trentsensky u. V</publisher>. geh. 7 Fl.</bibl>
<bibl id="hofm_1835_10_0104_06"><regNumber>3162</regNumber>. <composer key="compo_019684">Lachner (Fr.)</composer> <title>Erste Sinfonie. Op. <opus key="opus_2268">32</opus>, in <key>Es</key>. f. Pfte einger. von C. Czerny</title>. <pubPlace key="place_0731">Wien</pubPlace>, <publisher key="publ_0735">Diabelli u. Co</publisher>. 2 Fl. 30 Xr.</bibl>
<bibl id="hofm_1835_10_0104_07"><composer key="compo_021137">Liszt (F.)</composer> <title>Apparitions p. Pfte</title>. <pubPlace key="place_0392">Leipzig</pubPlace>, <publisher key="publ_1746">Hofmeister</publisher> 12 Gr.</bibl>
<bibl id="hofm_1835_10_0104_08">– <title>Harmonies poëtiques et religieuses p. Pfte</title>. Ebend. 10 Gr.</bibl>
<bibl id="hofm_1835_10_0104_09">– <title>La Rose. Poésie de Schlegel, Musique de Schubert, arr. p. Pfte (av. Vign.)</title> Ebend. 8 Gr.</bibl>
<bibl id="hofm_1835_10_0104_10"><composer key="compo_022249">Marks (G.W.)</composer> <title>Deux Rondeaux agréables sur des Motifs de l’Opéra : I Puritani de V. Bellini. Oe. <opus key="opus_2915">43</opus>. 9ème Suite des Rondeaux</title>. <pubPlace key="place_0276">Hamburg</pubPlace>, <publisher key="publ_0640">Cranz</publisher> 10 Gr.</bibl>
<bibl id="hofm_1835_10_0104_11"><regNumber>3425</regNumber>. <composer key="compo_023570">Mohs (A.F.)</composer> <title>Rondo f. Pfte. Op. <opus key="opus_1372">2</opus>, in <key>C</key></title>. <pubPlace key="place_0044">Berlin</pubPlace>, <publisher key="publ_4370">Westphal</publisher> 6 Gr.</bibl>
<bibl id="hofm_1835_10_0104_12"><regNumber>3440</regNumber>. <composer key="compo_024693">Neumane (Ant.)</composer> <title>Fantaisie brillante sur les Motifs de l’Opéra : Moïse de Rossini, p. Pfte</title>. <pubPlace key="place_0437">Milan</pubPlace>, <publisher key="publ_3241">Ricordi</publisher> 4 Fr. 50 Ct.</bibl>
<bibl id="hofm_1835_10_0104_13"><regNumber>3439</regNumber>. – <title>Fantasia sopra alcuni Motivi dell’ Opera: I Puritani del Bellini, p. do</title>. Ebend. 3 Fr. 50 Ct.</bibl>
<bibl id="hofm_1835_10_0104_14"><regNumber>3481</regNumber>. <composer key="compo_025510">Otto (Fr.)</composer> <title>Phalènes p. Pfte. Oe. <opus key="opus_0806">15</opus></title>. <pubPlace key="place_0147">Dresden</pubPlace>, <publisher key="publ_4034">Thieme</publisher> 14 Gr.</bibl>
<bibl id="hofm_1835_10_0104_15"><regNumber>3412</regNumber>. <composer key="compo_026588">Plachy (W.)</composer> <title>Deux Rondinos sur les Thèmes favoris de l’Opéra : L’Elisir d’Amore de Donizetti, p. Pfte. Oe. <opus key="opus_4101">74. No. 1, 2</opus></title>. <pubPlace key="place_0731">Wien</pubPlace>, <publisher key="publ_0735">Diabelli et Co</publisher>. à 30 Xr.</bibl>
<bibl id="hofm_1835_10_0104_16"><regNumber>3468</regNumber>. – <title>2 Rondinos sur 2 Romances maures de l’Opéra : Das Nachtlager in Granada de C. Kreutzer, p. Pfte. Oe. <opus key="opus_4220">78. No. 1, 2</opus></title>. <pubPlace key="place_0731">Wien</pubPlace>, <publisher key="publ_4075">Trentsensky et V</publisher>. à 30 Xr.</bibl>
<bibl id="hofm_1835_10_0104_17"><title>Potpourri d’après des Thèmes favoris de l’Opéra : Le Cheval de bronze (Das Pferd von Erz) d’Auber, p. Pfte</title>. <pubPlace key="place_0078">Braunschweig</pubPlace>, <publisher key="publ_2681">Meyer</publisher> 14 Gr.</bibl>
<bibl id="hofm_1835_10_0104_18"><title>Potpourri d’après des Thèmes favoris de l’Opéra : I Puritani de V. Bellini, p. Pfte</title>. <pubPlace key="place_0276">Hamburg</pubPlace>, <publisher key="publ_0640">Cranz</publisher> 12 Gr.</bibl>
<bibl id="hofm_1835_10_0104_19"><title>Potpourri nach beliebten Thematen der Oper: Des Adlers Horst von Gläser, f. Pfte</title>. <pubPlace key="place_0078">Braunschweig</pubPlace>, <publisher key="publ_2681">Meyer</publisher> 10 Gr.</bibl>
<bibl id="hofm_1835_10_0104_20"><regNumber>3403</regNumber>. <composer key="compo_027119">Promberger (Joh.)</composer> <title>2 Rondinos f. Pfte. Op. <opus key="opus_2737">4</opus>. No. 1, Ueber Motiven aus der Oper: Der Schwur von Auber. No. 2, Ueber Motiven aus der Oper: Ludovic von Herold</title>. <pubPlace key="place_0731">Wien</pubPlace>, <publisher key="publ_0735">Diabelli u. Co</publisher>. à 30 Xr.</bibl>
<wip id="hofm_1835_10_0104_21"><regNumber>3404</regNumber>. – <title>Drei Potpourris über Motiven aus der Oper: Die Nachtwandlerin von Bellini, f. Pfte</title>. Ebend. <title>No. 1, 2</title>, à 40 Xr. <title>No. 3</title>, 30 Xr.</wip>
<bibl id="hofm_1835_10_0104_22"><regNumber>3396</regNumber>. <composer key="compo_029206">Rummel (Ch.)</composer> <title>Cours d’Education p. Pfte. 1ère Partie, cont. 50 Pièces faciles. Suite 1–3</title>. <pubPlace key="place_0438">Mainz</pubPlace>, <publisher key="publ_3563">Schott</publisher> à 1 Fl. 12 Xr.</bibl>
<bibl id="hofm_1835_10_0104_23">– <title>Souvenir des Opéras modernes. Collection periodique des Motifs favoris des Opéras nouveaux, arr. p. Pfte. Liv. 1–7, Guillaume Tell de Rossini. Liv. 8–9, Fra Diavolo de D.F.E. Auber. Liv. 10–12, Bayadère de D.F.E. Auber. Liv. 13–15, Le Philtre de D.F.E. <pb n="105"/>Auber. Liv. 16–18, Zampa de F. Herold. Liv. 19–21, Le Serment de D.F.E. Auber. Liv. 22–24, Le Pré aux Clercs de F. Herold. Liv. 25–29, Gustave de D.F.E. Auber</title>. <pubPlace key="place_0438">Mainz</pubPlace>, <publisher key="publ_3563">Schott</publisher> à 1 Fl. 48 Xr.</bibl>

<bibl id="hofm_1835_10_0105_01"><regNumber>3457</regNumber>. <composer key="compo_029820">Savj (L.)</composer> <title>Caprice sur un Thème de l’Opéra : L’Elisir d’Amore, p. Pfte. Oe. <opus key="opus_4562">9</opus></title>. <pubPlace key="place_0437">Milan</pubPlace>, <publisher key="publ_3241">Ricordi</publisher> 1 Fr. 75 Ct.</bibl>
<bibl id="hofm_1835_10_0105_02"><composer key="compo_030657">Schmitt (Jac.)</composer> <title>Introduction et Amusement brillant p. Pfte. Oe. <opus key="opus_1643">226</opus>, in <key>E</key></title>. <pubPlace key="place_0078">Braunschweig</pubPlace>, <publisher key="publ_2681">Meyer</publisher> 14 Gr.</bibl>
<bibl id="hofm_1835_10_0105_03">– <title>L’Elégant. Rondeau brillant p. Pfte. Oe. <opus key="opus_1840">250</opus>, in <key>Es</key></title>. <pubPlace key="place_0276">Hamburg</pubPlace>, <publisher key="publ_3607">Schuberth u. N</publisher>. 20 Gr.</bibl>
<bibl id="hofm_1835_10_0105_04"><composer key="compo_033758">Stöber (Ch.)</composer> <title>Rondoletto sur deux Airs des Opéras : Robert le Diable et Norma, p. Pfte. Oe. <opus key="opus_1068">17</opus></title>. <pubPlace key="place_0147">Dresden</pubPlace>, <publisher key="publ_4034">Thieme</publisher> 8 Gr.</bibl>
<listBibl><bibl id="hofm_1835_10_0105_05"><regNumber>3356</regNumber>. – <title>Fantasie über die beliebtesten Motive aus der Oper: La Sonnambula von Bellini, f. Pfte. Op. <opus key="opus_1661">23</opus></title>. <pubPlace key="place_0731">Wien</pubPlace>, <publisher key="publ_4075">Trentsensky u. V</publisher>. 1 Fl. 6 Xr.</bibl>
<bibl id="hofm_1835_10_0105_06">– – <title>Fantasie über die beliebtesten Motive aus der Oper: L’Elisir d’Amore von Donizetti, f. Pfte. Op. <opus key="opus_1731">24</opus></title>. Ebend. 1 Fl. <lb/>(Beautés des Opéras nouveaux, ou Collection des Fantaisies. Cah. 2, 3.)</bibl>
</listBibl><wip id="hofm_1835_10_0105_07"><regNumber>2207</regNumber>. <composer key="compo_034168">Taubert (W.)</composer> <title>6 Impromptus caractéristiques p. Pfte. Oe. <opus key="opus_0684">14</opus></title>. <title>No. 5, La Chasse (Die Jagd)</title> 18 Gr. <title>No. 6, Le Rêve (Der Traum)</title> 8 Gr. <pubPlace key="place_0044">Berlin</pubPlace>, <publisher key="publ_4067">Trautwein</publisher>.</wip>
<bibl id="hofm_1835_10_0105_08"><composer key="compo_034621">Titl (A.E.)</composer> <title>Polonaise f. Pfte (in <key>Es</key>.)</title> <pubPlace key="place_0554">Prag</pubPlace>. <publisher key="publ_0282">Berra</publisher> 40 Xr.</bibl>
<bibl id="hofm_1835_10_0105_09"><composer key="compo_034893">Truhn (F.J.)</composer> <title>Capricietto p. Pfte</title>. <pubPlace key="place_0044">Berlin</pubPlace>, <publisher key="publ_4370">Westphal</publisher> 4 Gr.</bibl>
<bibl id="hofm_1835_10_0105_10"><composer key="compo_035758">Voss (Ch.)</composer> <title>Second Divertissement brillant p. Pfte. Oe. <opus key="opus_0927">16</opus></title>. Ebend. 8 Gr.</bibl>
</div><div id="hofm_1835_10_0105_div13"><head><hofClass key="hofCl_0292">Variationen für das Pianoforte.</hofClass></head>









<bibl id="hofm_1835_10_0105_11"><composer key="compo_004705">Burgmüller (Fr.)</composer> <title>Deux Mélodies variées p. Pfte. No. 1, Cavatine de l’Opéra : Gli Aragonesi in Napoli del Conti. No. 2, Cavatine d’Anna Bolena de Donizetti. Oe. <opus key="opus_1165">18</opus></title>. <pubPlace key="place_0537">Paris</pubPlace>, <publisher key="publ_3222">Richault</publisher> 4 Fr. 50 Ct.</bibl>
<bibl id="hofm_1835_10_0105_12"><regNumber>3480</regNumber>. <composer key="compo_004745">Burkhardt (S.)</composer> <title>Air allemand: „An Alexis send ich dich” de Himmel, varié p. Pfte. Oe. <opus key="opus_1662">23, No. 1</opus></title>. <pubPlace key="place_0147">Dresden</pubPlace>, <publisher key="publ_4034">Thieme</publisher> 4 Gr.</bibl>
<wip id="hofm_1835_10_0105_13"><regNumber>3479</regNumber>. – <title>Variationen über zwei beliebte Galoppen (Fortuna- und Venetianer-Galopp) von J. Strauss, f. Pfte. Op. <opus key="opus_2131">30</opus></title>. Ebend. 12 Gr. (Dieselben einzeln à 6 und 8 Gr.)</wip>
<bibl id="hofm_1835_10_0105_14"><regNumber>3420</regNumber>. <composer key="compo_005623">Chotek (Fr.Xav.)</composer> <title>Variations sur la Barcarolle favorite : Jo son ricco, de l’Opéra : L’Elisir d’Amore de Donizetti, p. Pfte. Oe. <opus key="opus_1271">19</opus>, in <key>C</key></title>. <pubPlace key="place_0731">Wien</pubPlace>, <publisher key="publ_0735">Diabelli et Co</publisher>. 45 Xr.</bibl>
<bibl id="hofm_1835_10_0105_15"><regNumber>3418</regNumber>. <composer key="compo_006306">Czerny (C.)</composer> <title>Introd. et Variations sur le Duo favori : „Suoni la tromba” de l’Opéra : I Puritani de Bellini, p. Pfte. Oe. <opus key="opus_2554">363</opus>, in <key>B</key></title>. Ebend. 1 Fl.</bibl>
<bibl id="hofm_1835_10_0105_16"><composer key="compo_007284">Dotzauer (B.)</composer> <title>La Reine des Fleurs. Air célèbre irlandais : „The last Rose of Summer” varié p. Pfte. Oe. <opus key="opus_0927">16</opus>, in <key>E</key></title>. <pubPlace key="place_0276">Hamburg</pubPlace>, <publisher key="publ_0640">Cranz</publisher> 10 Gr.</bibl>
<bibl id="hofm_1835_10_0105_17"><regNumber>3465</regNumber>. <composer key="compo_010388">Füchs (F.C.)</composer> et <composer key="compo_001602">G. Barth</composer>, <title>Hommage à Beethoven. Introd. Variations et Final sur differents Motifs de L. de Beethoven p. Pfte et Violon concertant</title>. <pubPlace key="place_0731">Wien</pubPlace>, <publisher key="publ_4075">Trentsensky et V</publisher>. 1 Fl. 30 Xr.</bibl>
<bibl id="hofm_1835_10_0105_18"><composer key="compo_012693">Görner (C.)</composer> <title>Fantaisie et Variations brillantes sur la Mazurek Dombrowsky p. Pfte et Violon Oe. <opus key="opus_2116">3</opus></title>. <pubPlace key="place_0082">Breslau</pubPlace>, <publisher key="publ_3010">Pelz</publisher> 20 Gr.</bibl>
<bibl id="hofm_1835_10_0105_19"><regNumber>658</regNumber>. <composer key="compo_014550">Herz (H.)</composer> et <composer key="compo_034980">Tulou</composer>, <title>Variations sur la Barcarolle de Fra Diavolo, arr. p. Pfte et Flûte. Oe. <opus key="opus_3529">59</opus></title>. <pubPlace key="place_0438">Mainz</pubPlace>, <publisher key="publ_3563">Schott</publisher> 2 Fl.</bibl>
<pb n="106"/>
<bibl id="hofm_1835_10_0106_01"><regNumber>2611</regNumber>. <composer key="compo_014550">Herz (H.)</composer> et <composer key="compo_034980">Tulou</composer>, <title>3 Duos concertans sur des Thèmes favoris, arr. p. Pfte et Flûte. Oe. <opus key="opus_4130">75</opus>. No. 1, Valse du Duc de Reichstadt. No. 2, Thème favori de Gustave. No. 3, Cavatine de la Zelmira</title>. <pubPlace key="place_0438">Mainz</pubPlace>, <publisher key="publ_3563">Schott</publisher> à 2 Fl. 15 Xr.</bibl>
<bibl id="hofm_1835_10_0106_02"><regNumber>3492</regNumber>. <composer key="compo_014550">Herz (H.)</composer> <title>Grandes Variations sur la Marche favorite de l’Opéra : I Puritani de Bellini, p. Pfte. Oe. <opus key="opus_4377">82</opus>, in <key>As</key></title>. <pubPlace key="place_0438">Mainz</pubPlace>, <publisher key="publ_3563">Schott</publisher> 1 Fl. 48 Xr. <pubPlace key="place_0437">Milan</pubPlace>, <publisher key="publ_3241">Ricordi</publisher> 4 Fr. 50 Ct.</bibl>
<bibl id="hofm_1835_10_0106_03"><regNumber>3438</regNumber>. <composer key="compo_020435">Leidesdorf (M.J.)</composer> <title>Variazioni sul Duetto: Il rival salvar tu dei,“ nell’ Opera: I Puritani di Bellini, p. Pfte</title>. <pubPlace key="place_0437">Milano</pubPlace>, <publisher key="publ_3241">Ricordi</publisher> 4 Fr.</bibl>
<bibl id="hofm_1835_10_0106_04"><regNumber>3413</regNumber>. <composer key="compo_026588">Plachy (W.)</composer> <title>Variationen über die Melodie der patriotischen Hymne (Gott erhöre unsre Bitte, segne Kaiser Ferdinand) von Diabelli. Op. <opus key="opus_4130">75</opus></title>. <pubPlace key="place_0731">Wien</pubPlace>, <publisher key="publ_0735">Diabelli u. Co</publisher>. 45 Xr.</bibl>
<bibl id="hofm_1835_10_0106_05"><regNumber>3469</regNumber>. – <title>Introd. et Variations sur le Trio fav. de l’Opéra : Un’ Avventura di Scaramuccia de Ricci, p. Pfte. Oe. <opus key="opus_4181">77</opus></title>. <pubPlace key="place_0731">Wien</pubPlace>, <publisher key="publ_4075">Trentsensky et V</publisher>. 45 Xr.</bibl>
<bibl id="hofm_1835_10_0106_06"><regNumber>3443</regNumber>. <composer key="compo_030845">Schoberlechner (Fr.)</composer> <title>Introd. e Variazioni brillanti sopra un Tema fav. dell’ Opera: Bianca e Fernando di Bellini, p. Pfte (in <key>F</key>.)</title> <pubPlace key="place_0437">Milano</pubPlace>, <publisher key="publ_3241">Ricordi</publisher> 3 Fr.</bibl>
<bibl id="hofm_1835_10_0106_07"><regNumber>3466</regNumber>. <composer key="compo_033758">Stöber (Ch.)</composer> <title>Variations brillantes sur un Thème de l’Opéra : I Puritani de Bellini, p. Pfte. Oe. <opus key="opus_2066">29</opus>, in <key>F</key></title>. <pubPlace key="place_0731">Wien</pubPlace>, <publisher key="publ_4075">Trentsensky et V</publisher>. 1 Fl.</bibl>
<bibl id="hofm_1835_10_0106_08"><regNumber>3455</regNumber>. <composer key="compo_034701">Tonassi (P.)</composer> <title>Adagio, Variazioni e Finale sopra la Cavatina (Del Ciel cura) nell’ Opera: Carlo di Borgogna del M. Pacini, p. Pfte</title>. <pubPlace key="place_0437">Milano</pubPlace>, <publisher key="publ_3241">Ricordi</publisher> 4 Fr.</bibl>
</div><div id="hofm_1835_10_0106_div14"><head><hofClass key="hofCl_0273">Ouverturen für das Pianoforte.</hofClass></head>









<bibl id="hofm_1835_10_0106_09"><composer key="compo_002205">Bellini (V.)</composer> <title>Ouverture zur Oper: Montecchi u. Capuleti, im leichten Style f. Pfte eing. v. A. Diabelli. (No. 22.)</title> <pubPlace key="place_0731">Wien</pubPlace>, <publisher key="publ_0735">Diabelli u. Co</publisher>. 30 Xr.</bibl>
<bibl id="hofm_1835_10_0106_10"><composer key="compo_004979">Böhmer (C.)</composer> <title>Ouverture f. Pfte. Op. <opus key="opus_0684">14</opus></title>. <pubPlace key="place_0044">Berlin</pubPlace>, <publisher key="publ_4370">Westphal</publisher> 10 Gr.</bibl>
<bibl id="hofm_1835_10_0106_11"><regNumber>2096</regNumber>. <composer key="compo_007196">Donizetti</composer>, <title>Overtura nell’ Opera: Parisina, <format>rid. p. Pfte</format></title>. <pubPlace key="place_0437">Milano</pubPlace>, <publisher key="publ_3241">Ricordi</publisher> 2 Fr.</bibl>
<bibl id="hofm_1835_10_0106_12"><composer key="compo_013059">Halevy</composer>, <title>Ouverture aus der Oper: Die Jüdin (La Juive) f. Pfte</title>. <pubPlace key="place_0044">Berlin</pubPlace>, <publisher key="publ_3471">Schlesinger</publisher> 18 Gr.</bibl>
</div><div id="hofm_1835_10_0106_div15"><head><hofClass key="hofCl_0288">Tänze für das Pianoforte.</hofClass></head>









<bibl id="hofm_1835_10_0106_13"><regNumber>3445</regNumber>. <composer key="compo_001195">Babel (Jos.)</composer> <title>Spiel des Lebens. Walzer f. Pfte</title>. <pubPlace key="place_0731">Wien</pubPlace>, <publisher key="publ_1506">Haslinger</publisher> 30 Xr.</bibl>
<bibl id="hofm_1835_10_0106_14"><composer key="compo_002205">Bellini (V.)</composer> <title>Polonaise favorite de l’Opéra : I Puritani, arr. p. Pfte</title>. <pubPlace key="place_0276">Hamburg</pubPlace>, <publisher key="publ_0640">Cranz</publisher> 4 Gr.</bibl>
<bibl id="hofm_1835_10_0106_15"><regNumber>3423</regNumber>. <composer key="compo_002300">Bendl (C.)</composer> <title>Die Stegreifler. Walzer f. Pfte</title>. <pubPlace key="place_0731">Wien</pubPlace>, <publisher key="publ_0735">Diabelli u. Co</publisher>. 45 Xr.</bibl>
<bibl id="hofm_1835_10_0106_16"><composer key="compo_010955">Cumberland (Prinz Georg v.)</composer> <title>Augusten-Walzer f. Pfte</title>. <pubPlace key="place_0280">Hannover</pubPlace>, <publisher key="publ_2808">Nagel</publisher> 8 Gr.</bibl>
<bibl id="hofm_1835_10_0106_17">– <title>Lieblings-Walzer S.M. des Königs von Preussen f. Pfte</title>. Ebend. 8 Gr.</bibl>
<bibl id="hofm_1835_10_0106_18"><regNumber>3460</regNumber>. – <title>Steyrischer Länderer f. Pfte</title>. <pubPlace key="place_0044">Berlin</pubPlace>, <publisher key="publ_4370">Westphal</publisher> 8 Gr.</bibl>
<bibl id="hofm_1835_10_0106_19"><composer key="compo_008256">Elsner (F.)</composer> <title>4 beliebte schottische Walzer f. Pfte</title>. <pubPlace key="place_0436">Magdeburg</pubPlace>, <publisher key="publ_2338">Lehmann u. Q</publisher>. 4 Gr.</bibl>
<bibl id="hofm_1835_10_0106_20"><composer key="compo_008477">Erfurt (C.)</composer> <title>Abschieds-Walzer vom baierschen Hofe in Magdeburg, f. Pfte</title>. Ebend. 2 Gr.</bibl>
<bibl id="hofm_1835_10_0106_21"><composer key="compo_008629">Esser (J.)</composer> <title>Jagd-Galopp f. Pfte</title>. (Galopp No. 12.) <pubPlace key="place_0082">Breslau</pubPlace>, <publisher key="publ_0640">Cranz</publisher> 2 Gr.</bibl>
<bibl id="hofm_1835_10_0106_22">– <title>Elisen-Galopp f. Pfte</title>. (Galopp No. 13.) Ebend. 2 Gr.</bibl>
<pb n="107"/>
<bibl id="hofm_1835_10_0107_01"><composer key="compo_010755">Gautsch (A. v.)</composer> <title>Cotillon nach Themas aus den Opern: Die Falschmünzer, Templer und Jüdin, und Romeo und Julie, f. Pfte</title>. <pubPlace key="place_0436">Magdeburg</pubPlace>, <publisher key="publ_2338">Lehmann u. Q</publisher>. 4 Gr.</bibl>
<bibl id="hofm_1835_10_0107_02"><composer key="compo_011067">Gernlein (R.)</composer> <title>Grosser Kalischer Fest-Galopp f. Pfte</title>. <pubPlace key="place_0044">Berlin</pubPlace>, <publisher key="publ_3471">Schlesinger</publisher> 2 Gr.</bibl>
<bibl id="hofm_1835_10_0107_03"><regNumber>3458</regNumber>. <composer key="compo_015706">Hänsel (A.)</composer> <title>Casino- und Gesellschafts-Tänze im Wiener Geschmack f. 1836, f. Pfte. 9ter Jahrg</title>. <pubPlace key="place_0147">Dresden</pubPlace>, <publisher key="publ_2661">Meser</publisher> 12 Gr.</bibl>
<bibl id="hofm_1835_10_0107_04"><regNumber>3478</regNumber>. – <title>Contretanz f. Pfte. Op. <opus key="opus_2509">36</opus></title>. <pubPlace key="place_0147">Dresden</pubPlace>, <publisher key="publ_4034">Thieme</publisher> 6 Gr.</bibl>
<bibl id="hofm_1835_10_0107_05"><composer key="compo_017136">Keglevich (Ch. de)</composer> <title>3 Quadrilles françaises sur des Motifs fav. de l’Opéra : Le Pré aux Clercs, p. Pfte</title>. <pubPlace key="place_0731">Wien</pubPlace>, <publisher key="publ_0735">Diabelli et Co</publisher>. 45 Xr.</bibl>
<bibl id="hofm_1835_10_0107_06"><regNumber>3454</regNumber>. <composer key="compo_017724">Klemm (Jul.)</composer> <title>Gruss an die Geliebte. Walzer f. Pfte</title>. <pubPlace key="place_0228">Gera</pubPlace>, <publisher key="publ_0332">Blachmann u. Bornschein</publisher> 6 Gr.</bibl>
<bibl id="hofm_1835_10_0107_07"><composer key="compo_018118">Kohl (A.)</composer> <title>6 Tänze f. Pfte</title>. <pubPlace key="place_0241">Gotha</pubPlace>, <publisher key="publ_0290">Bertuch</publisher> 8 Gr.</bibl>
<bibl id="hofm_1835_10_0107_08"><regNumber>3470</regNumber>. <composer key="compo_020014">Lanner (J.)</composer> <title>Jubel-Walzer. Oesterreichs Völker-Kranze zur Gedächtnissfeier an den 14ten Juni 1835, f. Pfte. Op. <opus key="opus_0045">100</opus></title>. <pubPlace key="place_0731">Wien</pubPlace>, <publisher key="publ_2605">Mechetti</publisher> 45 Xr.</bibl>
<bibl id="hofm_1835_10_0107_09"><regNumber>3477</regNumber>. <composer key="compo_022241">Markert (A.)</composer> <title>Schneeflocken. 10 Tänze f. Pfte</title>. <pubPlace key="place_0147">Dresden</pubPlace>, <publisher key="publ_4034">Thieme</publisher> 12 Gr.</bibl>
<bibl id="hofm_1835_10_0107_10"><regNumber>3475</regNumber>. <composer key="compo_022793">Meiners (G. v.)</composer> <title>Stroganoff-Walzer f. Pfte. Op. <opus key="opus_4562">9</opus></title>. Ebend. 8 Gr.</bibl>
<bibl id="hofm_1835_10_0107_11"><regNumber>3474</regNumber>. <composer key="compo_023225">Meyer (G.)</composer> <title>Dresdner Freuden- und Promenaden-Galopp f. Pfte</title>. Ebend. 8 Gr.</bibl>
<bibl id="hofm_1835_10_0107_12"><composer key="compo_023478">Mirisch (J.)</composer> <title>Galoppen f. Pfte. No. 8–10, Sirenen-, Lager- und Freudenfest-Galopp</title>. <pubPlace key="place_0082">Breslau</pubPlace>, <publisher key="publ_0640">Cranz</publisher> à 2 Gr.</bibl>
<bibl id="hofm_1835_10_0107_13"><composer key="compo_025328">Olbrich (F.)</composer> <title>Marien-Galopp f. Pfte</title>. (Galoppe No. 11.) Ebend. 2 Gr.</bibl>
<bibl id="hofm_1835_10_0107_14">– <title>Zephir-Walzer f. Pfte</title>. Ebend. 6 Gr.</bibl>
<bibl id="hofm_1835_10_0107_15"><composer key="compo_025889">Pauli (R.)</composer> <title>3 Walzer f. Pfte</title>. <pubPlace key="place_0147">Dresden</pubPlace>, <publisher key="publ_4034">Thieme</publisher> 2 Gr.</bibl>
<bibl id="hofm_1835_10_0107_16"><composer key="compo_025905">Paulus (M.J.)</composer> <title>Nachtwandlerin-Walzer, über die beliebtesten Melodien aus der Oper: Die Nachtwandlerin von Bellini, f. Pfte. Op. <opus key="opus_0021">10</opus></title>. <pubPlace key="place_0554">Prag</pubPlace>, <publisher key="publ_0282">Berra</publisher> 30 Xr.</bibl>
<bibl id="hofm_1835_10_0107_17"><composer key="compo_027983">Reissiger (F.A.)</composer> <title>Rosa-Galopp f. Pfte</title>. (Berliner Lieblings-Galoppaden No. 1.) <pubPlace key="place_0044">Berlin</pubPlace>, <publisher key="publ_4370">Westphal</publisher> 2 Gr.</bibl>
<bibl id="hofm_1835_10_0107_18"><composer key="compo_028250">Richter (C.)</composer> <title>Ida-Walzer f. Pfte</title>. <pubPlace key="place_0392">Leipzig</pubPlace>, <publisher key="publ_1118">Friese</publisher> 8 Gr.</bibl>
<bibl id="hofm_1835_10_0107_19"><composer key="compo_031010">Schreck (Fr.)</composer> <title>Danses brillantes p. Pfte. Oe. <opus key="opus_0001">1</opus></title>. <pubPlace key="place_0392">Leipzig</pubPlace>, <publisher key="publ_3574">Schreck</publisher> 12 Gr.</bibl>
<bibl id="hofm_1835_10_0107_20"><regNumber>3447</regNumber>. <composer key="compo_033569">Strauss (Joh.)</composer> <title>Philomelen-Walzer f. Pfte. Op. <opus key="opus_4377">82</opus></title>. <pubPlace key="place_0731">Wien</pubPlace>, <publisher key="publ_1506">Haslinger</publisher> 45 Xr.</bibl>
<bibl id="hofm_1835_10_0107_21">– <title>Lieblings-Mazuren I.M. der Kaiserin von Russland f. Pfte</title>. Ebend. 30 Xr.</bibl>
<bibl id="hofm_1835_10_0107_22"><title>Tyroler-Walzer. Carlsbader Galoppe und neue schottische Walzer f. Pfte</title>. <pubPlace key="place_0276">Hamburg</pubPlace>, <publisher key="publ_0640">Cranz</publisher> 6 Gr.</bibl>
<bibl id="hofm_1835_10_0107_23"><composer key="compo_038177">Zimmermann (S.A.)</composer> <title>Die Unwiderstehliche. Galoppade f. Pfte</title>. <pubPlace key="place_0440">Mannheim</pubPlace>, <publisher key="publ_1534">Heckel</publisher> 8 Xr.</bibl>
</div><div id="hofm_1835_10_0107_div16"><head><hofClass key="hofCl_0250">Märsche für das Pianoforte.</hofClass></head>









<bibl id="hofm_1835_10_0107_24"><composer key="compo_002199">Bellini</composer>, <title>Favorit-Marsch nach dem zweiten Finale der Oper: Romeo und Julie, f. Pfte arr</title>. <pubPlace key="place_0436">Magdeburg</pubPlace>, <publisher key="publ_4248">Wagner</publisher> 2 Gr.</bibl>
<bibl id="hofm_1835_10_0107_25"><composer key="compo_004286">Brinken (v.)</composer> <title>Jubelmarsch und 2 Walzer f. Pfte und Lied: So willst denn Du nun</title>. Ebend. 4 Gr.</bibl>
<bibl id="hofm_1835_10_0107_26"><composer key="compo_008256">Elsner (F.)</composer> <title>Magdeburger Favorit-Marsch f. Pfte. No. 1, 2</title>. <pubPlace key="place_0436">Magdeburg</pubPlace>, <publisher key="publ_2338">Lehmann u. Q</publisher>. à 2 Gr.</bibl>
<bibl id="hofm_1835_10_0107_27"><composer key="compo_010755">Gautsch (A. v.)</composer> <title>Neuer Marsch über beliebte Melodien von Strauss, f. Pfte</title>. Ebend. 2 Gr.</bibl>
<bibl id="hofm_1835_10_0107_28"><composer key="compo_015706">Hänsel (A.)</composer> <title>Dresdner Favorit-Märsche f. Pfte. No. 6</title>. <pubPlace key="place_0147">Dresden</pubPlace>, <publisher key="publ_4034">Thieme</publisher> 2 Gr.</bibl>
<pb n="108"/>
<bibl id="hofm_1835_10_0108_01"><composer key="compo_015706">Hänsel (A.)</composer> <title>Trauer-Marsch f. Pfte</title>. <pubPlace key="place_0147">Dresden</pubPlace>, <publisher key="publ_4034">Thieme</publisher> 2 Gr.</bibl>
<bibl id="hofm_1835_10_0108_02"><composer key="compo_022434">Massak (Fr.)</composer> <title>Huldigungs-Marsch f. Pfte</title>. (Beliebte Märsche No. 52.) <pubPlace key="place_0731">Wien</pubPlace>, <publisher key="publ_0735">Diabelli u. Co</publisher>. 15 Xr.</bibl>
<bibl id="hofm_1835_10_0108_03"><composer key="compo_024595">Nemetz (A.)</composer> <title>Huldigungs-Marsch f. Pfte</title>. (Beliebte Märsche No. 51.) Ebend. 15 Xr.</bibl>
</div><div id="hofm_1835_10_0108_div17"><head><hofClass key="hofCl_0072">Schulen für das Pianoforte.</hofClass></head>









<bibl id="hofm_1835_10_0108_04"><composer key="compo_006111">Cramer (J.B.)</composer> <title>Neueste, ganz umgearbeitete und verbesserte, mit vielen Beispielen vermehrte Pianoforte-Schule, in welcher die Anfangsgründe der Musik deutlich erklärt, und die vorzüglichsten Regeln der Fingersetzung in Beispielen angegeben werden, nebst zweckmässig ausgewählten Uebungsstücken f. Pfte</title>. <pubPlace key="place_0731">Wien</pubPlace>, <publisher key="publ_1506">Haslinger</publisher> geh. 3 Fl.</bibl>
<bibl id="hofm_1835_10_0108_05"><composer key="compo_006098">Cramer</composer>, <composer key="compo_026652">Pleyel</composer> und <composer key="compo_007571">Dussek</composer>, <title>Kleine theoretisch-praktische Pianoforte-Schule. <edition>Neue Ausgabe</edition></title>. <pubPlace key="place_0078">Braunschweig</pubPlace>, <publisher key="publ_2681">Meyer</publisher> 12 Gr.</bibl>
</div><div id="hofm_1835_10_0108_div18"><head><hofClass key="hofCl_0225">Musik für die Orgel.</hofClass></head>









<bibl id="hofm_1835_10_0108_06"><composer key="compo_001984">Becker (C.F.)</composer> <title>6 Trio’s über bekannte Choralmelodien zum Gebrauch beim öffentlichen Gottesdienste. Op. <opus key="opus_0234">11</opus></title>. 3te Samml. d. Orgelst. <pubPlace key="place_0449">Meissen</pubPlace>, <publisher key="publ_2055">Klinkicht</publisher> 6 Gr.</bibl>
<bibl id="hofm_1835_10_0108_07"><regNumber>2672</regNumber>. <composer key="compo_001984">Becker (C.F.)</composer> und <composer key="compo_028506">A. Ritter</composer>, <title>Orgel-Archiv, 3tes Heft. 12 Orgelstücke aus verschiedenen Jahrhunderten</title>. <pubPlace key="place_0392">Leipzig</pubPlace>, <publisher key="publ_1118">Friese</publisher> 16 Gr.</bibl>
<bibl id="hofm_1835_10_0108_08"><regNumber>3422</regNumber>. <composer key="compo_002892">Bibl (And.)</composer> <title>32 Cadenzen in den gebräuchlichsten Dur- und Molltonarten f. Orgel od. Pfte. Op. <opus key="opus_0021">10</opus></title>. <pubPlace key="place_0731">Wien</pubPlace>, <publisher key="publ_0735">Diabelli u. Co</publisher>. 30 Xr.</bibl>
<bibl id="hofm_1835_10_0108_09">– – <title>3 leichte Präludien f. d. Orgel. Op. <opus key="opus_0234">11</opus></title>. Ebend. 30 Xr.</bibl>
<bibl id="hofm_1835_10_0108_10"><regNumber>3446</regNumber>. – <title>3 Präludien f. Orgel. Op. <opus key="opus_0806">15</opus></title>. <pubPlace key="place_0731">Wien</pubPlace>, <publisher key="publ_1506">Haslinger</publisher> 30 Xr.</bibl>
<bibl id="hofm_1835_10_0108_11"><composer key="compo_024272">Müller (W.A.)</composer> <title>100 der gebr. Choräle a. d. Hillerschen Choralbuche im Violinschl. u. mit Zwischenspielen. 5tes Heft</title>. 4to. <pubPlace key="place_0449">Meissen</pubPlace>, <publisher key="publ_1397">Gödsche</publisher> Subscr.-Pr. 7 Gr.</bibl>
<bibl id="hofm_1835_10_0108_12"><title>Orgel-Journal, oder Auswahl guter Orgelcompositionen der vorzüglichsten Componisten. 4ter Jahrgang. 3tes Heft</title>. <pubPlace key="place_0440">Mannheim</pubPlace>, <publisher key="publ_1534">Heckel</publisher> 24 Xr.</bibl>
</div><div id="hofm_1835_10_0108_div19"><head><hofClass key="hofCl_0210">Musik für die Harfe.</hofClass></head>









<wip id="hofm_1835_10_0108_13"><regNumber>3441</regNumber>. <composer key="compo_003424">Bochsa (N.C.)</composer> <title>3 Potpourri sopra i Motivi dell’ Opera: La Sonnambula di Bellini, per Arpa sola</title>. <pubPlace key="place_0437">Milano</pubPlace>, <publisher key="publ_3241">Ricordi</publisher> <title>No. 1</title>, 2 Fr. 50 Ct. <title>No. 2</title>, 3 Fr. <title>No. 3</title>, 1 Fr. 50 Ct.</wip>
<bibl id="hofm_1835_10_0108_14"><composer key="compo_022190">Marcucci (F.)</composer> <title>Fantaisie sur le plus jolis Motifs d’Anna Bolena de Donizetti p. Harpe</title>. Ebend. 3 Fr.</bibl>
<bibl id="hofm_1835_10_0108_15"><regNumber>3436</regNumber>. <composer key="compo_028962">Rossi (L.)</composer> <title>Divertimento per Pfte ed Arpa (in <key>Es</key>.)</title> Ebend. 5 Fr. 50 Ct.</bibl>
</div><div id="hofm_1835_10_0108_div20"><head><hofClass key="hofCl_0068">Kirchenmusik.</hofClass></head>









<bibl id="hofm_1835_10_0108_16"><composer key="compo_001984">Becker (C.F.)</composer> <title>Kirchengesänge berühmter Meister aus dem 15ten–17ten Jahrhundert. Heft 4. <format>Partitur</format>. (M. Vulpius, Deus noster refugium et virtus. – L. v. Vittoria, Kyrie und Christe eleison. – J.Ant. Bernabei, Ave Maria.– Ant. Pacchioni, Sicut erat in principio.)</title> <pubPlace key="place_0147">Dresden</pubPlace>, <publisher key="publ_2993">Paul</publisher> 12 Gr.</bibl>
<bibl id="hofm_1835_10_0108_17"><title>Choral-Buch für evangelische Kirchen. Die Choräle kritisch bearbeitet und geordnet von Natorp und Kessler, vierstimmig gesetzt und mit Zwischenspielen versehen von Rinck. <edition>2te verb. u. verm. Aufl</edition>. Erste Hälfte</title>. 4to. <pubPlace key="place_0184">Essen</pubPlace>, <publisher key="publ_0534">Bädeker</publisher> geh. 1 Thlr. 10 Gr.</bibl>
<pb n="109"/>
<bibl id="hofm_1835_10_0109_01"><regNumber>3428</regNumber>. <composer key="compo_007407">Drobisch (C.L.)</composer> <title>Messe für 4 Singst. 2 Viol. Alto, Vclle u. CB. 2 Hoboen od. Clarinetten, 2 Hörn. 2 Trompeten, Pauken u. Orgel. Op. <opus key="opus_2066">29</opus>, in <key>H</key> u. <key>D</key></title>. <pubPlace key="place_0475">München</pubPlace>, <publisher key="publ_0997">Falter u. S</publisher>. 4 Fl.</bibl>
<bibl id="hofm_1835_10_0109_02"><composer key="compo_011688">Gordigiani (J.B.)</composer> <title>Ecce quomodo moritur justus, f. 4 Singstimmen u. Orgel. Op. <opus key="opus_4300">8</opus></title>. <pubPlace key="place_0554">Prag</pubPlace>, <publisher key="publ_0282">Berra</publisher> 20 Xr.</bibl>
<bibl id="hofm_1835_10_0109_03"><regNumber>3497</regNumber>. <composer key="compo_021580">Lägel (J.G.)</composer> <title>Er der Herr von Gottes Thron. Kantate f. eine concertirende Sopranstimme mit Begleitung des Chors und Orchesters. <format>Partitur</format>. No. 1</title>. <pubPlace key="place_0228">Gera</pubPlace>, <publisher key="publ_0332">Blachmann u. Bornschein</publisher> 1 Thlr. 16 Gr.</bibl>
<bibl id="hofm_1835_10_0109_04"><regNumber>3394</regNumber>. <composer key="compo_021681">Löwe (C.)</composer> <title>Die Sieben-Schläfer. Oratorium in 3 Abtheilungen. Op. <opus key="opus_3029">46</opus>. <format>Partitur</format></title>. <pubPlace key="place_0438">Mainz</pubPlace>, <publisher key="publ_3563">Schott</publisher> 12 Fl. 36 Xr.</bibl>
<bibl id="hofm_1835_10_0109_05">– – Idem. <format>Klavier-Auszug</format>. Ebend. 7 Fl. 48 Xr.</bibl>
<bibl id="hofm_1835_10_0109_06">– – Idem. <format>Solo- u. Chorstimmen</format>. Ebend. 4 Fl. 12 Xr.</bibl>
<bibl id="hofm_1835_10_0109_07"><composer key="compo_024450">Naue (F.)</composer> <title>Hymnus ambrosianus, Te Deum laudamus, f. 4 Männerstimmen</title>. <pubPlace key="place_0662">Stuttgart</pubPlace>, <publisher key="publ_2224">Köhler</publisher> 8 Gr.</bibl>
<bibl id="hofm_1835_10_0109_08">– <title>Responsorien od. Chöre f. 3 Liturgien mit eingelegten Sprüchen f. Disc. Alt, Tenor u. Bass</title>. <format>Partitur</format>. Ebend. 1 Thlr. 4 Gr.</bibl>
<bibl id="hofm_1835_10_0109_09">– do. in <format>Stimmen</format>. Ebend. 12 Gr.</bibl>
<bibl id="hofm_1835_10_0109_10"><composer key="compo_026090">Pernsteiner (Math.)</composer> <title>6 Missae a Soprano, Alto, Basso, 2 Viol. et Organo obligatis, Tenore, 2 Flaut. 2 Corn. 2 Tromp. Timpan. et Violone non obligatis. Op. <opus key="opus_2737">4</opus>. No. 3, Brevis in <key>D</key>. No. 4, in <key>B</key>. No. 5, in <key>Es</key></title>. <pubPlace key="place_0475">München</pubPlace>, <publisher key="publ_0997">Falter u. S</publisher>. à 2 Fl. 4 Xr.</bibl>
<bibl id="hofm_1835_10_0109_11"><title><composer key="compo_027844">Reimann</composer>’s (J.B.) Sammlung alter und neuer Melodien evangelischer Lieder; vermehrt, auf’s Neue bearbeitet und mit Varianten versehen v. J.C. Nitsche. (Auch unter dem Titel: Allgem. Choralbuch f. evangel. Kirchen u. Schulen, mit besond. Berücksichtigung d. Provinz Schlesien u. d. Lausitz.) 1ster Band, 1stes Heft</title>. <pubPlace key="place_0044">Berlin</pubPlace>, <publisher key="publ_0224">Bechtold u. H</publisher>. netto 1 Thlr.</bibl>
<bibl id="hofm_1835_10_0109_12"><composer key="compo_032127">Seyfried (J. v.)</composer> <title>Hallelujah. Vierstimmiger Chor mit Orchesterbegleitang. <format>Partitur</format>. (Siona, Sammlung leicht ausführbarer Kantaten u. Kirchenstücke. 3tes Heft.)</title> <pubPlace key="place_0082">Breslau</pubPlace>, <publisher key="publ_4319">Weinhold</publisher> 1 Thlr. 12 Gr.</bibl>
<bibl id="hofm_1835_10_0109_13"><composer key="compo_032798">Spohr (L.)</composer> <title>Des Heilands letzte Stunden. Oratorium in 2 Theilen von Rochlitz. <format>Vollst. Klavier-Auszug</format></title>. <pubPlace key="place_0069">Bonn</pubPlace>, <publisher key="publ_3791">Simrock</publisher> 24 Fr.</bibl>
</div><div id="hofm_1835_10_0109_div21"><head><hofClass key="hofCl_0025">Gesangstücke mit Begleitung des Pfte und anderer Instrumente.</hofClass></head>









<bibl id="hofm_1835_10_0109_14"><regNumber>3410</regNumber>. <composer key="compo_027077">Proch (H.)</composer> <title>Wanderlied. An Sie, f. eine Singstimme mit Begleitung d. Pfte u. Waldhorn (od. Vclle.) Op. <opus key="opus_0684">14</opus>. (Die Wolke an des Himmels Plan.)</title> <pubPlace key="place_0731">Wien</pubPlace>, <publisher key="publ_0735">Diabelli u. Co</publisher>. 1 Fl.</bibl>
</div><div id="hofm_1835_10_0109_div22"><head><hofClass key="hofCl_0102">Mehrstimmige Gesänge mit und ohne Pianoforte.</hofClass></head>









<bibl id="hofm_1835_10_0109_15"><composer key="compo_008497">Erk (L.)</composer> <title>Sammlung drei- und vierstimmiger Gesänge f. Männerstimmen von verschiedenen Componisten zum Gebrauch auf Seminarien, Gymnasien und in kleinen Singvereinen. 2tes Heft. <format>Partitur</format></title>. 4to. <pubPlace key="place_0184">Essen</pubPlace>, <publisher key="publ_0534">Bädeker</publisher> geh. 12 Gr.</bibl>
<bibl id="hofm_1835_10_0109_16"><regNumber>3451</regNumber>. <composer key="compo_014001">Helbig (F.)</composer> <title>Was mag wohl die beste Kurzweil seyn? Lied mit Chor u. Pftebegl. im fröhlichen Kreise zu singen</title>. <pubPlace key="place_0392">Leipzig</pubPlace>, <publisher key="publ_1118">Friese</publisher> 20 Gr.</bibl>
<bibl id="hofm_1835_10_0109_17"><composer key="compo_017104">Kayser (Joh.Fr.)</composer> <title>Dreistimmige Lieder zum Gebrauch beim Gesangunterricht in Schulen. Mit einer kurzgefassten Anleitung für den ersten Unterricht</title>. qu. 8vo. <pubPlace key="place_0433">Lüneburg</pubPlace>, <publisher key="publ_1628">Herold u. Wahlstab</publisher> geh. 6 Gr.</bibl>
<pb n="110"/>
<bibl id="hofm_1835_10_0110_01"><composer key="compo_017619">Klaus (V.)</composer> <title>8 vierstimmige Gesänge f. Sopr. Alt, Tenor und Bass. Op. <opus key="opus_0021">10</opus>, 2tes Heft d. vierstimmigen Chorges. <format>Partitur und Stimmen</format>. (Was zitterst Du? – Ach, schwer und dunkel – In dem Kreise trauter Brüder – Die Himmel rufen – Wie Gott es lenkt, ist’s gut – Es ist ein Gott – Durch Kampf zum Sieg – Wieder endlich tönt)</title>. <pubPlace key="place_0436">Magdeburg</pubPlace>, <publisher key="publ_2338">Lehmann u. Q</publisher>. 1 Thlr. 12 Gr.</bibl>
<bibl id="hofm_1835_10_0110_02"><composer key="compo_018761">Kreutzer (C.)</composer> <title>4 Gedichte. Lebens-Regel. Liebes-Gedanken. Erlösung. In der Ferne, f. 4 Männerstimmen. Lief. 2. (Willst Du durch’s Erdenthal gehen – Je höher die Glocke – Vor meines Mädchens Fenster – Will ruhen unter den Bäumen hier)</title>. <pubPlace key="place_0438">Mainz</pubPlace>, <publisher key="publ_3563">Schott</publisher> 1 Fl. 12 Xr.</bibl>
<bibl id="hofm_1835_10_0110_03">* <composer key="compo_023089">Messer (F.J.)</composer> <title>Tafellied f. Tenor solo u. Männerchor mit Pfte u. Guit. (Brüder lasset uns eins singen)</title>. Ebend. 18 Xr.</bibl>
<bibl id="hofm_1835_10_0110_04"><regNumber>3433</regNumber>. <composer key="compo_023880">Moyana (Pietro de)</composer> <title>La Donna de miei Pensieri (Era mite come l’aura). Terzettino per 2 Tenori e Basso con Acc. di Pfte</title>. <pubPlace key="place_0437">Milano</pubPlace>, <publisher key="publ_3241">Ricordi</publisher> 2 Fr. 50 Ct.</bibl>
<bibl id="hofm_1835_10_0110_05"><composer key="compo_024138">Mühling (A.)</composer> <title>Reise-Erinnerungen. 1stes Heft, f. Sopr. Alt, Ten. u. Bass (auch einstimmig mit Begl. d. Pfte). Op. <opus key="opus_3282">52</opus>, 3te Samml. d. Ges. f. Sopr. Alt, Ten. u. Bass</title>. <pubPlace key="place_0436">Magdeburg</pubPlace>, <publisher key="publ_0648">Creutzsche Buchh</publisher>. 1 Thlr.</bibl>
<bibl id="hofm_1835_10_0110_06">– <title>Das Vaterland, f. 4 Männerstimmen u. Chor. (Kennt ihr das Land so wunderschön)</title>. Ebend. 6 Gr.</bibl>
<bibl id="hofm_1835_10_0110_07"><composer key="compo_025104">Nägeli (H.G.)</composer> <title>30 Dreistimmige Gesänge f. Sopran, Alt u. Bass. <edition>Neue Auflage</edition></title>. <pubPlace key="place_0767">Zürich</pubPlace>, <publisher key="publ_2902">Nägeli</publisher> 12 Gr.</bibl>
<bibl id="hofm_1835_10_0110_08">– <title>Der schweizerische Männergesang. 4tes Heft. 8te Sammlung d. Gesänge f. d. Männerchor</title>. Ebend. 16 Gr.</bibl>
<bibl id="hofm_1835_10_0110_09"><title><composer key="compo_024510">Nedelmann’s (W.)</composer> vierstimmige Lieder f. Männerstimmen und die obern Klassen der höhern Schulen. 1stes Heft</title>. qu. 8vo. <pubPlace key="place_0184">Essen</pubPlace>, <publisher key="publ_0534">Bädeker</publisher>, jede Stimme geh. 6 Gr. compl. 1 Thlr.</bibl>
<bibl id="hofm_1835_10_0110_10"><regNumber>3453</regNumber>. <title>Oelschläger (F.)</title> <title>Freundlicher Rath für den jungen Ehemann. – Musikalischer Zwist. 2 Gesänge f. Sopr. Alt, Ten. u. Bass. <format>Partitur u. Stimmen</format>. (Ist Dir Aerger überkommen – Ach lieber Vater)</title>. <pubPlace key="place_0044">Berlin</pubPlace>, <publisher key="publ_4067">Trautwein</publisher> 1 Thlr.</bibl>
<bibl id="hofm_1835_10_0110_11"><regNumber>3452</regNumber>. – <title>6 Gesänge f. Sopr. Alt, Ten. u. Bass. 2te Lief. <format>Part. u. Stimmen</format>. (Herold der Nächte! – Mei Schatz ist gar schnurrig – Bei Vollmondschein – Alles Verdunkelnde meiden Was uns Gott auf einmal gab – Bittre Pommeranzenschalen)</title>. Ebend. 18 Gr.</bibl>
<bibl id="hofm_1835_10_0110_12"><composer key="compo_028393">Ries (F.)</composer> <title>Gelegenheits-Gedichte. Op. <opus key="opus_2948">44</opus>. No. 1, Begrabe den Leib, f. 2 Tenöre, 2 Bässe u. Sopran mit Pfte. No. 2, Jubelt Brüder diesem Feste, f. 2 Tenöre u. Bass m. Pfte. No. 3, Was versammelt diese frohe Menge? f. eine Singst. u. Chor m. Pfte</title>. <pubPlace key="place_0199">Frankfurt</pubPlace>, <publisher key="publ_0819">Dunst</publisher> à 18 Xr.</bibl>
<bibl id="hofm_1835_10_0110_13"><regNumber>3426</regNumber>. <composer key="compo_034397">Thiele (Ed.)</composer> <title>Freundschaft. Kirmeslied. Abendlandschaft. Erinnerung. 4 Gesänge f. 4 Männerstimmen. Op. <opus key="opus_2737">4</opus>. (Da wo Freundes Bund sich eint, – Auf, Freunde, lasst zum frohen Kirmesfeste, – Goldner Schein deckt den Hain, – Auch ich hab’ einst geliebt!)</title> <pubPlace key="place_0147">Dresden</pubPlace>, <publisher key="publ_2993">Paul</publisher> 10 Gr.</bibl>
<bibl id="hofm_1835_10_0110_14">* <title>Volks-Klänge. 1stes Heft. Tyroler Lieder, gesungen von den Geschwistern Strasser, f. eine Singst. mit Begl. d. Pfte od. Guit. (so wie auch f. 4 Singstimmen.) <edition>3te Aufl</edition></title>. <pubPlace key="place_0392">Leipzig</pubPlace>, <publisher key="publ_1118">Friese</publisher> 10 Gr.</bibl>
</div><div id="hofm_1835_10_0110_div23"><head><hofClass key="hofCl_0268">Opernmusik mit Pianofortebegleitung.</hofClass></head>









<wip id="hofm_1835_10_0110_15"><regNumber>3295</regNumber>. <composer key="compo_001075">Auber</composer>, <title>Le Cheval de Bronze (Das eherne Pferd). Opéra féerie</title>. <title>No. 5, Quintetto: Ist es möglich (Que dit elle)</title> <pb n="111"/>1 Fl. 36 Xr. <title>No. 10, Duo; Wahrhaftig ein Wunder (Ah ciel)</title> 1 Fl. 21 Xr. <title>No. 11, Trio: Zu Tische (Ma femme)</title> 1 Fl. 12 Xr. <title>No. 13, Duo: Worüber kannst Du (Eh quoi Monsieur)</title> 1 Fl. 15 Xr. <title>No. 15, Duo: Sage Fremdling (Quel desir)</title> 57 Xr. <pubPlace key="place_0438">Mainz</pubPlace>, <publisher key="publ_3563">Schott</publisher>.</wip>

<bibl id="hofm_1835_10_0111_01"><regNumber>3430</regNumber>. <composer key="compo_007199">Donizetti (G.)</composer> <title>Gemma di Vergy. Tragedia lirica per Canto con Pfte</title>. <pubPlace key="place_0437">Milano</pubPlace>, <publisher key="publ_3241">Ricordi</publisher> 30 Fr.</bibl>
<bibl id="hofm_1835_10_0111_02"><composer key="compo_023267">Meyerbeer</composer>, <title>Robert der Teufel, grosse Oper. <format>Kleiner Klavierauszug</format> mit deutschem und italienischem Texte f. den Umfang jeder Stimme eing. von Ant. Diabelli. 2 Abtheilungen</title>. <pubPlace key="place_0044">Berlin</pubPlace>, <publisher key="publ_3471">Schlesinger</publisher> 2 Thlr. 4 Gr.</bibl>
<wip id="hofm_1835_10_0111_03"><title>Sammlung (neueste) komischer Theatergesänge</title>. <title>No. 297–299, <composer key="compo_024150">Müller (A.)</composer> Die Entführung vom Maskenball</title>. <title>No. 300–303, <composer key="compo_024150">Müller (A.)</composer> Weder Lorbeerbaum, noch Bettelstab</title>. <pubPlace key="place_0731">Wien</pubPlace>, <publisher key="publ_0735">Diabelli u. Co</publisher>. à 15, 20 u. 30 Xr.</wip>
</div><div id="hofm_1835_10_0111_div24"><head><hofClass key="hofCl_0040">Gesänge für eine Stimme mit Begleitung des Pianoforte.</hofClass></head>









<bibl id="hofm_1835_10_0111_04"><composer key="compo_001927">Beauplan (A. de)</composer> <title>La Galopomanie. Chanson</title>. (Choix de Romances, No. 49.) <pubPlace key="place_0044">Berlin</pubPlace>, <publisher key="publ_3471">Schlesinger</publisher> 4 Gr.</bibl>
<bibl id="hofm_1835_10_0111_05"><composer key="compo_004161">Bree (J.B. van)</composer> <title>Adolph am Grabe Maria’s. Ballade nach dem Holländischen. (Maria lebt nicht mehr)</title>. <pubPlace key="place_0276">Hamburg</pubPlace>, <publisher key="publ_0540">Böhme</publisher> 5 Gr.</bibl>
<bibl id="hofm_1835_10_0111_06"><composer key="compo_005748">Claudius (O.)</composer> <title>3 Gesänge. Op. <opus key="opus_1068">17</opus>. (’S war Einer, dem’s zu Herzen ging – Guten Abend, lieber Mondschein – Was ist’s, o Vater, was ich verbrach?)</title> <pubPlace key="place_0276">Hamburg</pubPlace>, <publisher key="publ_3607">Schuberth u. N</publisher>. 4 Gr.</bibl>
<bibl id="hofm_1835_10_0111_07"><regNumber>3431</regNumber>. <composer key="compo_006226">Curci (Jos.)</composer> <title>Il Platano. (Oh Platano felice). La Belta. (La vidi oh che portento). Il Fiore. (Odi d’un uom che muore). 3 Arietti per Voce di Soprano</title>. <pubPlace key="place_0437">Milano</pubPlace>, <publisher key="publ_3241">Ricordi</publisher> 3 Fr. 50 Ct.</bibl>
<bibl id="hofm_1835_10_0111_08"><composer key="compo_006610">Decker (Const.)</composer> <title>7 Lieder f. Bariton od. Alt. Op. <opus key="opus_1372">2</opus>. (Wie die Nacht mit heil’gem Beben – Mädel, schau mir in’s Gesicht – Auf eines Berges Gipfel – Sah’ ein Knab’ ein Röslein steh’n – Ich sass bei jener Linde – Ich reit’ in’s finstre Land hinein – Bei diesem kalten Wehen)</title>. <pubPlace key="place_0044">Berlin</pubPlace>, <publisher key="publ_3471">Schlesinger</publisher> 16 Gr.</bibl>
<bibl id="hofm_1835_10_0111_09"><regNumber>3434</regNumber>. <composer key="compo_007199">Donizetti (G.)</composer> <title>Il Rinnegato (Al ciel per una donna) per Voce di Basso con Acc. di Pfte</title>. <pubPlace key="place_0437">Milano</pubPlace>, <publisher key="publ_3241">Ricordi</publisher> 2 Fr.</bibl>
<bibl id="hofm_1835_10_0111_10"><composer key="compo_008006">Ehrlich (C.F.)</composer> <title>Vaterlands-Lied, (Du mächtig Volk in Preussen)</title>. <pubPlace key="place_0436">Magdeburg</pubPlace>, <publisher key="publ_4248">Wagner</publisher> 6 Gr.</bibl>
<bibl id="hofm_1835_10_0111_11"><regNumber>3448</regNumber>. <composer key="compo_008022">Ehrmann (Johanna)</composer> <title>Das Kirchlein, mit Begl. d. Harfe. (Ein Kirchlein steht im Blauen)</title>. <pubPlace key="place_0199">Frankfurt</pubPlace>, <publisher key="publ_0819">Dunst</publisher> 18 Xr.</bibl>
<bibl id="hofm_1835_10_0111_12"><composer key="compo_009480">Fleischmann (J.C.)</composer> <title>Die Vorzüge, Gedicht von Welker. (Wer ist am herrlichsten geehrt?)</title> <pubPlace key="place_0449">Meissen</pubPlace>, <publisher key="publ_2055">Klinkicht</publisher> 6 Gr.</bibl>
<bibl id="hofm_1835_10_0111_13"><regNumber>3424</regNumber>. <composer key="compo_010486">Gabrielski (L.)</composer> <title>3 Gesänge f. Alt od. Sopran. 1stes Heft d. Ges. (Und wüssten’s die Blumen – Wärst Du auf öder Haid – Horch, die Lerch am Himmelsblau)</title>. <pubPlace key="place_0044">Berlin</pubPlace>, <publisher key="publ_4370">Westphal</publisher> 8 Gr.</bibl>
<bibl id="hofm_1835_10_0111_14">* <composer key="compo_010678">Garisch v. Culmberger (P.)</composer> <title>Preussischer Festgesang zum 3ten August (Grünt mit neu belebter Treue)</title>. Auswahl von Arien, No. 327. <pubPlace key="place_0438">Mainz</pubPlace>, <publisher key="publ_3563">Schott</publisher> 18 Xr.</bibl>
<bibl id="hofm_1835_10_0111_15"><composer key="compo_012693">Görner (C.)</composer> <title>3 deutsche Lieder. Op. <opus key="opus_2737">4</opus>. (Die weissen Segel schwellen – Ein Ritter zog zum Streite – Ich sass bei jener Linde)</title>. <pubPlace key="place_0082">Breslau</pubPlace>, <publisher key="publ_3010">Pelz</publisher> 8 Gr.</bibl>
<bibl id="hofm_1835_10_0111_16"><composer key="compo_012362">Gröbenschütz (F.)</composer> <title>3 Lieder. (Ich weiss wo einen Brunnen – Noch singt den Wiederhallen – Weithin durch der Nächte Stille)</title>. <pubPlace key="place_0044">Berlin</pubPlace>, <publisher key="publ_1366">Gröbenschütz u. S</publisher>. 10 Gr.</bibl>
<bibl id="hofm_1835_10_0111_17"><composer key="compo_012873">Hackel (A.)</composer> <title>Die nächtliche Leeresschau. <edition>2te Aufl</edition>. im Violinschl. (Nachts um die zwölfte Stunde)</title>. <pubPlace key="place_0438">Mainz</pubPlace>, <publisher key="publ_3563">Schott</publisher> 45 Xr.</bibl>
<pb n="112"/>
<bibl id="hofm_1835_10_0112_01"><regNumber>3498</regNumber>. <composer key="compo_015873">Hössler (C.R.)</composer> <title>2 deutsche Lieder. (Aus den wilden Lebens-Wogen – Suche nicht in weiter Ferne)</title>. <pubPlace key="place_0228">Gera</pubPlace>, <publisher key="publ_0332">Blachmann u. Bornschein</publisher> 4 Gr.</bibl>
<bibl id="hofm_1835_10_0112_02"><regNumber>3472</regNumber>. <composer key="compo_021681">Löwe (C.)</composer> <title>Der Sturm von Alhama. Spanische Romanze, nach dem Arabischen von Huber. Op. <opus key="opus_3351">54</opus>. (Durch die Strassen von Granada)</title>. <pubPlace key="place_0392">Leipzig</pubPlace>, <publisher key="publ_1746">Hofmeister</publisher> 14 Gr.</bibl>
<bibl id="hofm_1835_10_0112_03"><composer key="compo_022151">Mantius (E.)</composer> <title>3 Lieder. Op. <opus key="opus_3181">5</opus>. (Ich habe zwei Sterne gesehen – Dein auf ewig – Wie hold zu ruhn in Liebeslust)</title>. <pubPlace key="place_0044">Berlin</pubPlace>. <publisher key="publ_1366">Gröbenschütz u. S</publisher>. 6 Gr.</bibl>
<wip id="hofm_1835_10_0112_04"><regNumber>3429</regNumber>. <composer key="compo_022297">Marschner (H.)</composer> <title>Bilder des Orients von H. Stieglitz. Op. <opus key="opus_4580">90</opus></title>, <title>1stes Heft. (Der Sonnenbrand dürrt aus – Mit Pfeilen losen – Glühe nur, Südwind – Und weckt nicht meines Herzens Sehnen – Ihr habt genug getrunken – Einmal Mekka noch zu sehen – Du schäumst und sprühst)</title>. 16 Gr. <title>2tes Heft. (Die Quelle murmelt – Aus dem Geklüft hervor – Seht, an der Schlucht dort – Schäumen die Becher – Am Kuss von einem süssen Munde – Der warme Kuss, gehaucht auf’s Roth der Rose – Ich sass am Euphratquelle.)</title> 18 Gr. <pubPlace key="place_0044">Berlin</pubPlace>, <publisher key="publ_1146">Fröhlich u. Co</publisher>.</wip>
<bibl id="hofm_1835_10_0112_05"><regNumber>3435</regNumber>. <composer key="compo_022718">Mazzucato (Alb.)</composer> <title>A Malibran. Inno. (Quando il pie sulle venete) per Voce di Basso con Coro ed Pfte</title>. <pubPlace key="place_0437">Milano</pubPlace>, <publisher key="publ_3241">Ricordi</publisher> 2 Fr. 50 Ct.</bibl>
<bibl id="hofm_1835_10_0112_06"><composer key="compo_022906">Mendheim (S.)</composer> <title>3 Gesänge. Op. <opus key="opus_1661">23</opus>. (Blau ist der Himmel – Dort in der Laub’ am Gitter – Auf einer Rasenbank)</title>. <pubPlace key="place_0044">Berlin</pubPlace>, <publisher key="publ_4370">Westphal</publisher> 12 Gr.</bibl>
<bibl id="hofm_1835_10_0112_07"><title>Minnesänger (der) Musikalische Unterhaltungsblätter, 2ter Jahrg. No. 36, <composer key="compo_000624">Andrade</composer>, Romance : Le Suisse en Italie (Der Schweizer in Italien). No. 37, <composer key="compo_014008">Held</composer>, Der Harfner (Ich bin der Sänger schlicht und recht). No. 38, <composer key="compo_028739">Romagnesi</composer>, Romance : Sa dernière Prière (Elisa’s letztes Gebet). No. 39, <composer key="compo_033798">Stössel (N.)</composer> Des Commandanten Töchterlein, oder der Gesang des Gefangenen (Tönt deine süsse Stimme). No. 40, <composer key="compo_019640">Labarre</composer>, Barcarole : Saint Marc (Sankt Markus). No. 41, <composer key="compo_005205">Cambon</composer>, Dernière Romance : Grandez moi bien (Zu zürnen mir). No. 42, <composer key="compo_006190">Crüger</composer>, Lösegeld (Horch! was klagt im dunklen Hain?) No. 43, <composer key="compo_000248">Alary</composer>, Siciliana (Das Bild der Geliebten). No. 44, <composer key="compo_009071">Feltre</composer>, Romance : Je ne reviendrai plus (Der Abschied)</title>. <pubPlace key="place_0438">Mainz</pubPlace>, <publisher key="publ_3563">Schott</publisher> à 18 Xr.</bibl>
<bibl id="hofm_1835_10_0112_08"><composer key="compo_023789">Morlacchi (Fr.)</composer> <title>La Solitudine. Romanza: (Solo per viero mite)</title>. <pubPlace key="place_0437">Milano</pubPlace>, <publisher key="publ_3241">Ricordi</publisher> 1 Fr.</bibl>
<bibl id="hofm_1835_10_0112_09">– <title>La Rimembranza. Romanza: (Sovente in mezzo)</title>. Ebend. 2 Fr.</bibl>
<bibl id="hofm_1835_10_0112_10"><composer key="compo_024139">Mühling (Aug.)</composer> <title>Lieder. Op. <opus key="opus_3140">49</opus>, 13te Samml. (Mir zum Kranz – Frühling spielt auf Flur und Wiesen – In des Waldes grünen Hallen – In den Frühling – Mir ist so bang – Du klagst, ich singe Dir kein Lied – Schlafe mein Kindlein, in seliger Ruh’ – Junge Keime – Sieb, einmal noch – Es zieht der Sänger froh dahin)</title>. <pubPlace key="place_0436">Magdeburg</pubPlace>, <publisher key="publ_0648">Creutz’sche Buchh</publisher>. 12 Gr.</bibl>
<bibl id="hofm_1835_10_0112_11"><composer key="compo_024212">Müller (G.)</composer> <title>4 deutsche Gesänge f. Bass. Op. <opus key="opus_0806">15</opus>. (Die Erd’ ein Pokal – Meine müden Augenlieder – Mit über See, o Mädchen – Ich hatt’ einen Kameraden)</title>. <pubPlace key="place_0078">Braunschweig</pubPlace>, <publisher key="publ_2681">Meyer</publisher> 16 Gr.</bibl>
<bibl id="hofm_1835_10_0112_12"><regNumber>3402</regNumber>. <composer key="compo_027523">Randhartinger (B.)</composer> <title>Der Kobold und die Pappeln. Op. <opus key="opus_1661">23</opus>. (Verlass, mein Kind, den düstern Schacht – Vor den Fenstern meiner Lieben)</title>. <pubPlace key="place_0731">Wien</pubPlace>, <publisher key="publ_0735">Diabelli u. Co</publisher>. 1 Fl.</bibl>





</div></body></text></TEI.2>