<?xml version="1.0" encoding="utf-8"?>
<!DOCTYPE TEI.2
  SYSTEM "../../dtd/tei/cch_tei.dtd">
<TEI.2 id="hofm_1836_03">
<teiHeader type="text"><fileDesc><titleStmt><title>März 1836</title></titleStmt><publicationStmt><p/></publicationStmt><sourceDesc><p/></sourceDesc></fileDesc><profileDesc><langUsage><language id="ger">German</language><language id="fre">French</language><language id="ita">Italian</language></langUsage></profileDesc><revisionDesc><change><date>2007-04-27</date><respStmt><name>RV</name></respStmt><item>Changed "biblGroup" elements in "listBibl"</item></change><change><date>2007-03-02</date><respStmt><name>EP</name></respStmt><item>Checked curly brackets</item></change><change><date>2007-02-26</date><respStmt><name>EP</name></respStmt><item>Encoded curly brackets</item></change><change><date>2006-12-19</date><respStmt><name>EP</name></respStmt><item>sic and unclear moved outside elements pubplaces, publisher, composer, hofclass, key, opus</item></change><change><date>2006-01-18</date><respStmt><name>Liz</name></respStmt><item>p. 28 Simrock (not Simlock)</item></change><change><date>2006-01-12</date><respStmt><name>Liz</name></respStmt><item>p. 30 'n' excluded from Hofmeister publisher tag</item></change><change><date>2005-11-14</date><respStmt><name>Liz</name></respStmt><item>p. 22, 26 Berra tagged separately</item></change><change><date>2005-11-13</date><respStmt><name>Liz</name></respStmt><item>p. 25 Aulangier sic</item></change><change><date>2005-10-20</date><respStmt><name>Liz</name></respStmt><item>p. 19 Hamburg not Hämburg</item></change><change><date>2005-10-19</date><respStmt><name>Liz</name></respStmt><item>p. 25 correction</item></change><change><date>2005-07-21</date><respStmt><name>Phillip</name></respStmt><item>amendments following checking</item></change><change><date>2005-05-29</date><respStmt><name>Phillip</name></respStmt><item>a few amendments</item></change><change><date>2005-02-17</date><respStmt><name>Phillip</name></respStmt><item>mass revision</item></change><change><date>2004-09-25</date><respStmt><name>E.V. Rigaki</name></respStmt><item>first coding</item></change></revisionDesc></teiHeader>

<text><body><pb n="18"/><head>Monat März 1836.</head><div id="hofm_1836_03_0018_div01"><head><hofClass key="hofCl_0164">Musik für das Orchester.</hofClass></head>

<bibl id="hofm_1836_03_0018_01"><regNumber>3635</regNumber>. <composer key="compo_004979">Böhmer (C.)</composer> <title>Ouverture zum Drama: Die Zauberruthe f. Orch</title>. Op. <opus key="opus_0806">15</opus>, in <key>D</key>. <pubPlace key="place_0044">Berlin</pubPlace>, <publisher key="publ_4370">Westphal</publisher> 2 Thlr. 20 Gr.</bibl><album id="hofm_1836_03_0018_02"><title>Galoppen, Walzer, Polonaisen und Masurecks (beliebte) f. Orchester instrumentirt v. C. Böhmer. 1stes Heft, <composer key="compo_035859">Wagner</composer>, Walzer u. Masurka, <composer key="compo_010955">George v. Cumberland</composer>, Steyrischer Länderer, <composer key="compo_030530">Schmidt</composer>, Walzer a. d. Polterabend, <composer key="compo_034892">Truhn</composer>, Masurka</title>. Ebend. 1 Thlr. 12 Gr.</album><bibl id="hofm_1836_03_0018_03"><regNumber>3676</regNumber>. <composer key="compo_015706">Hänsel, (A.)</composer> <title>Gute Meinung. Hof-Ball-Walzer f. Orchester</title>. Op. <opus key="opus_2764">40</opus>. <pubPlace key="place_0147">Dresden</pubPlace>, <publisher key="publ_2661">Meser</publisher> 1 Thlr.</bibl><bibl id="hofm_1836_03_0018_04"><regNumber>3612</regNumber>. <composer key="compo_020014">Lanner (J.)</composer> <title>Beliebte Walzer u. Galoppen f. Orchester. No. 15, Die Werber</title>. Op. <opus key="opus_0115">103</opus>. <pubPlace key="place_0731">Wien</pubPlace>, <publisher key="publ_2605">Mechetti</publisher> 2 Fl. 30 Xr.
</bibl><bibl id="hofm_1836_03_0018_05"><regNumber>3645</regNumber>. <composer key="compo_032502">Snel (F.)</composer> <title>Fantaisie concertante sur des Melodies de Gustave ou le Bal masqué p. Musique militaire à 27 Parties</title>. <pubPlace key="place_0438">Mainz</pubPlace>, <publisher key="publ_3563">Schott</publisher> 7 Fl. 12 Xr.</bibl></div><div id="hofm_1836_03_0018_div02"><head><hofClass key="hofCl_0245">Musik für die Violine.</hofClass></head><bibl id="hofm_1836_03_0018_06">



<composer key="compo_001351">Baillot (P.)</composer> <title>L’Art du Violon. Cah. 2, 3</title>. <pubPlace key="place_0438">Mainz</pubPlace>, <publisher key="publ_3563">Schott</publisher> à 2 Fl. 24 Xr.</bibl><bibl id="hofm_1836_03_0018_07">
<regNumber>3636</regNumber>. <composer key="compo_004979">Böhmer (C.)</composer> <title>Variations sur un Thème d’Herold p. Violon accomp. d’un second Violon, Alto et Vclle. Oe. <opus key="opus_1271">19</opus>, in <key>D</key>. Oe. <opus key="opus_1390">20</opus>, in <key>A</key></title>. <pubPlace key="place_0044">Berlin</pubPlace>, <publisher key="publ_4370">Westphal</publisher> à 12 Gr.</bibl><bibl id="hofm_1836_03_0018_08">
<regNumber>3629</regNumber>. <title>Carneval (le) à Berlin. Recueil des Danses p. Violon No. 1, Neueste Carnevals-Tänze</title>. <pubPlace key="place_0044">Berlin</pubPlace>, <publisher key="publ_1146">Fröhlich et C</publisher>. 6 Gr.</bibl><wip id="hofm_1836_03_0018_09"><regNumber>3694</regNumber>. <composer key="compo_005570">Cherubini (L.)</composer> <title>3 Quatuors p. 2 Violons, Alto et Vclle</title>. <title>No.1, in <key>Es</key></title>. 2 Thlr. 8 Gr. <title>No. 2, in <key>C</key></title>. 2 Thlr. 4 Gr. <title>No. 3, in <key>D</key></title>. 2 Thlr. <pubPlace key="place_0392">Leipzig</pubPlace>, <publisher key="publ_2017">Kistner</publisher>.</wip><bibl id="hofm_1836_03_0018_10">
<regNumber>3647</regNumber>. <composer key="compo_008200">Eliason (E.)</composer> <title>Andante suivi d’un Allegro agitato en Mouvement perpetuel p. Violon av. Acc. de Piano. Oe. <opus key="opus_0021">10</opus>, in <key>A</key></title>. <pubPlace key="place_0438">Mainz</pubPlace>, <publisher key="publ_3563">Schott</publisher> 1 Fl. 12 Xr.</bibl><bibl id="hofm_1836_03_0018_11">
<composer key="compo_010655">Gard</composer> et <composer key="compo_025689">Panofka</composer>, <title>Erheiterungen. Auswahl von 72 Stücken aus den beliebtesten Opern u. Romanzen von Auber, Bellini, Halevy, Meyerbeer, Rossini, Weber etc. f. 2 Violinen. No. 1–3</title>. <pubPlace key="place_0044">Berlin</pubPlace>, <publisher key="publ_3471">Schlesinger</publisher> à 16 Gr.</bibl><bibl id="hofm_1836_03_0018_12">
<composer key="compo_019726">Lafont (C.P.)</composer> <title>Grande Fantaisie et Variations sur des Motifs de la Muette de Portici, p. Violon av. Acc. d’Orchestre</title>. <pubPlace key="place_0438">Mainz</pubPlace>, <publisher key="publ_3563">Schott</publisher> 3 Fl. 36 Xr.</bibl><bibl id="hofm_1836_03_0018_13">
<regNumber>3612</regNumber>. <composer key="compo_020014">Lanner (J.)</composer> <title>Die Werber. Walzer f. 3 Violinen und Bass. Op. <opus key="opus_0115">103</opus></title>, <pubPlace key="place_0731">Wien</pubPlace>, <publisher key="publ_2605">Mechetti</publisher> 1 Fl.</bibl><bibl id="hofm_1836_03_0018_14">
<regNumber>2890</regNumber>. – <title>Sammlung d. neuesten u. beliebtesten Galoppen, 5tes Heft (Dessauer – 1ste u. 2te Sommernachtstraum – Tadolini-Galoppe)</title>. Ebend. 1 Fl.</bibl><bibl id="hofm_1836_03_0018_15">
<regNumber>3606</regNumber>. <composer key="compo_021099">Lipinski (Ch.)</composer> <title>Variations sur la Cavatine : Ecco ridente il Cielo, de l’Opéra : Il Barbiere di Seviglia de Rossini p. Violon av. Acc. d’Orchestre. Oe. <opus key="opus_1390">20</opus>, in <key>E</key></title>. <pubPlace key="place_0392">Leipzig</pubPlace>, <publisher key="publ_0437">Br. et Härtel</publisher> 2 Thlr. 8 Gr.</bibl><bibl id="hofm_1836_03_0018_16">
– Idem av. Acc. de Pfte. Ebend. 1 Thlr.</bibl><bibl id="hofm_1836_03_0018_17">
<composer key="compo_027167">Praeger (H.A.)</composer> <title>36 Duettinos p. Violon et Vclle. Liv. 1–4. 9 Duos tirés des Oeuvres de Mozart, Spohr, Beethoven, Onslow</title>. <pubPlace key="place_0069">Bonn</pubPlace>, <publisher key="publ_3791">Simrock</publisher> à 1 Fr. 25 Ct.</bibl><pb n="19"/><bibl id="hofm_1836_03_0019_01">

<composer key="compo_029924">Schaffner (N.A.)</composer> <title>Quintetto p. 2 Violons, Alto, Vclle et Contre-Basse. Oe. <opus key="opus_2458">35</opus>, in <key>E</key>. Lettre K</title>. <pubPlace key="place_0537">Paris</pubPlace>, <publisher key="publ_3222">Richault</publisher> 12 Fr.</bibl><bibl id="hofm_1836_03_0019_02">
<regNumber>3661</regNumber>. <composer key="compo_031123">Schubert (François)</composer> <title>Divertissement sur des Motifs favoris de l’Opéra : Lestocq de D.F.E. Auber p. Violon av. Acc. de grand Orchestre. Oe. <opus key="opus_2737">4</opus>, in <key>B</key></title>. <pubPlace key="place_0392">Leipzig</pubPlace>, <publisher key="publ_1746">Hofmeister</publisher> 1 Thlr. 20 Gr.</bibl><bibl id="hofm_1836_03_0019_03">
– Idem av. Acc. de Pfte. Ebend. 16 Gr.</bibl><bibl id="hofm_1836_03_0019_04">
<title>Violinspieler (der junge) Sammlung beliebter Opern f. Anfänger bearbeitet. No. 7, <composer key="compo_014430">Herold</composer>, Zampa</title>. <pubPlace key="place_0078">Braunschweig</pubPlace>, <publisher key="publ_3822">Spehr</publisher> 8 Gr.</bibl></div><div id="hofm_1836_03_0019_div03"><head><hofClass key="hofCl_0184">Musik für das Violoncelle.</hofClass></head><bibl id="hofm_1836_03_0019_05">



<regNumber>3655</regNumber>. <composer key="compo_007289">Dotzauer (J.J.F.)</composer> <title>Le Desir. Valse favorite av. Variations et Rondo p. Violoncelle accompagné de 2 Violons, Alto et Basse. Oe. <opus key="opus_0612">133</opus>, in <key>D</key></title>. <pubPlace key="place_0392">Leipzig</pubPlace>, <publisher key="publ_1746">Hofmeister</publisher> 20 Gr.</bibl><bibl id="hofm_1836_03_0019_06">
– Idem accompagné de Pfte. Ebend. 14 Gr.</bibl><bibl id="hofm_1836_03_0019_07">
<composer key="compo_017214">Kelz (J.F.)</composer> <title>Diz Etudes p. Violoncelle. Oe. <opus key="opus_1295">191</opus>. Cah. 2</title>. <pubPlace key="place_0044">Berlin</pubPlace>, <publisher key="publ_2455">Lischke</publisher> 16 Gr.</bibl><bibl id="hofm_1836_03_0019_08">
<composer key="compo_020307">Lee (Seb.)</composer> <title>Variations brillantes sur un Thème original p. Violoncelle av. Acc. de Quatuor. Oe. <opus key="opus_3967">7</opus>, in <key>A</key></title>. <pubPlace key="place_0276">Hamburg</pubPlace>, <publisher key="publ_0640">Cranz</publisher> 20 Gr.</bibl><bibl id="hofm_1836_03_0019_09">
– Idem av. Acc. de Pfte. Ebend. 12 Gr.</bibl><listBibl><bibl id="hofm_1836_03_0019_10">
<regNumber>3614</regNumber>. <composer key="compo_022994">Merk (Jos.)</composer> <title>Variations et Rondeau sur un Thème original p. Violoncelle av. Acc. de Pfte. Oe. <opus key="opus_0531">13</opus>, in <key>D</key></title>. <pubPlace key="place_0731">Wien</pubPlace>, <publisher key="publ_2605">Mechetti</publisher> 1 Fl.</bibl><bibl id="hofm_1836_03_0019_11">
– <title>Variations sur un Thème original p. Violoncelle av. Acc. de Pfte. Oe. <opus key="opus_0684">14</opus>, in <key>F</key></title>. Ebend. 1 Fl.<lb/>
(Aux Amateurs No. 1, 3.)</bibl></listBibl><bibl id="hofm_1836_03_0019_12">
<composer key="compo_027167">Praeger (H.A.)</composer> <title>12 Adagios p. Violoncelle</title>. <pubPlace key="place_0069">Bonn</pubPlace>, <publisher key="publ_3791">Simrock</publisher> 1 Fr.</bibl><bibl id="hofm_1836_03_0019_13">
– <title>36 Adagios choisis des Sinfonies et Quatuors de J. Haydn arr. et doigtés p. Violoncelle</title>. Ebend. 2 Fr. 50 Ct.</bibl><bibl id="hofm_1836_03_0019_14">
– <title>12 Etudes faciles en 12 differens clefs à l’usage de ceux qui s’attachent à jouer avec sentiment et expression, p. Violoncelle</title>. Ebend. 1 Fr.</bibl><bibl id="hofm_1836_03_0019_15">
<composer key="compo_028618">Rode (P.)</composer> <title>Air varié arr. p. Violoncelle av. Acc. de Pfte (in <key>G</key>) p. Jos. Merk</title> (Aux Amateurs No. 2). <pubPlace key="place_0731">Wien</pubPlace>, <publisher key="publ_2605">Mechetti</publisher> 30 Xr.</bibl><bibl id="hofm_1836_03_0019_16">
<regNumber>2632</regNumber>. <composer key="compo_028763">Romberg (Bernh.)</composer> <title>La Cantilena. Fantaisie p. Violoncelle av. Acc. de 2 Violons, Alto et Basse. Oe. <opus key="opus_3351">54</opus>, in <key>E</key></title>. <pubPlace key="place_0731">Wien</pubPlace>, <publisher key="publ_1506">Haslinger</publisher> 1 Fl. 45 Xr.</bibl><bibl id="hofm_1836_03_0019_17">
– Idem av. Acc. de Pfte. Ebend. 1 Fl. 15 Xr.</bibl><bibl id="hofm_1836_03_0019_18">
<composer key="compo_031533">Schwencke (J.F.)</composer> <title>Serenade f. 5 Violoncells, Contrabass u. Pauken</title>. <pubPlace key="place_0276">Hamburg</pubPlace>, <publisher key="publ_0540">Böhme</publisher> 18 Gr.</bibl></div><div id="hofm_1836_03_0019_div04"><head><hofClass key="hofCl_0200">Musik für die Flöte.</hofClass></head><bibl id="hofm_1836_03_0019_19">

<title>Flötenspieler (der junge) Sammlung der besten Opern f. Anfänger bearbeitet. No. 31, <composer key="compo_011410">Glaeser</composer>, des Adlers Horst, No. 32, <composer key="compo_002199">Bellini</composer>, I Montecchi e Capuleti, No. 33, <composer key="compo_001075">Auber</composer>, Gustav</title>. <pubPlace key="place_0078">Braunschweig</pubPlace>, <publisher key="publ_3822">Spehr</publisher> à 8 Gr.</bibl><wip id="hofm_1836_03_0019_20"><composer key="compo_017170">Keller (C.)</composer> <title>3 Fantasien nach beliebten Opern-Melodien f. Flöte. Op. <opus key="opus_2804">41</opus></title>. <title>No.1, Robert der Teufel</title>, <title>No. 2, der Barbier v.Sevilla</title>, <title>No. 3, Jessonda</title>. Ebend à 6 Gr.<lb/>
(Dieselben in einem Heft 14 Gr.)</wip><pb n="20"/><bibl id="hofm_1836_03_0020_01">

<regNumber>3662</regNumber>. <composer key="compo_010487">Gabrielski (W.)</composer> <title>3 grands Duos concertans p. 2 Flûtes. Oe. <opus key="opus_0045">100</opus>, in <key>G</key>, <key>A</key>, <key>F</key></title>, (déd. à Mr. A.B. Fürstenau.) <pubPlace key="place_0044">Berlin</pubPlace>, <publisher key="publ_4370">Westphal</publisher> 2 Thlr. 8 Gr.</bibl><bibl id="hofm_1836_03_0020_02">
<composer key="compo_017214">Kelz (J.F.)</composer> <title>21 Berliner Carnevalstänze f. Flöte, No. 9</title>. <pubPlace key="place_0044">Berlin</pubPlace>, <publisher key="publ_2455">Lischke</publisher> 12 Gr.</bibl><bibl id="hofm_1836_03_0020_03">
<regNumber>3612</regNumber>. <composer key="compo_020014">Lanner (Jos.)</composer> <title>Beliebte Walzer u. Galoppen f. Flöte. No. 27, Die Werber. Walzer</title>. <pubPlace key="place_0731">Wien</pubPlace>. <publisher key="publ_2605">Mechetti</publisher> 15 Xr.</bibl><bibl id="hofm_1836_03_0020_04">
<title>Sammlung beliebter Tänze neuerer Zeit f. Flöte eing. No. 7, <composer key="compo_019648">Labitzky</composer>, Michael-Walzer, No. 8, <composer key="compo_019648">Labitzky</composer>, Andenken an Carlsbad</title>. <pubPlace key="place_0554">Prag</pubPlace>, <publisher key="publ_0282">Berra</publisher> à 12 Xr.</bibl><bibl id="hofm_1836_03_0020_05">
<composer key="compo_034980">Tulou</composer>, <title>1ier grand Solo p. Flûte av. Acc. de Pfte. Oe. <opus key="opus_3934">69</opus>, in <key>G</key></title>. <pubPlace key="place_0069">Bonn</pubPlace>, <publisher key="publ_3791">Simrock</publisher> 3 Fr.</bibl><bibl id="hofm_1836_03_0020_06">
<regNumber>3648</regNumber>. – <title>Deux grands Solos p. Flûte av. Accomp. de Pfte. Oe. <opus key="opus_3939">69, No. 2</opus>, in <key>G</key></title>. <pubPlace key="place_0392">Leipzig</pubPlace>, <publisher key="publ_0437">Br. et Härtel</publisher> 1 Thlr.</bibl><bibl id="hofm_1836_03_0020_07">– 
– <title>Second grand Solo p. Flûte av. Acc. de l’Orchestre. Oe. <opus key="opus_3988">70</opus>, in <key>G</key></title>. Ebend. 1 Thlr. 8 Gr.</bibl><bibl id="hofm_1836_03_0020_08">
– Idem av. Acc. de Pfte. Ebend. 1 Thlr.</bibl></div><div id="hofm_1836_03_0020_div05"><head><hofClass key="hofCl_0131">Musik für verschiedene Blasinstrumente.</hofClass></head><bibl id="hofm_1836_03_0020_09">



<regNumber>3609</regNumber>. <composer key="compo_016112">Jacobi (C.)</composer> <title>Potpourri p. Basson av. Acc. de l’Orchestre. Oe. <opus key="opus_0684">14</opus></title>. <pubPlace key="place_0392">Leipzig</pubPlace>, <publisher key="publ_0437">Br. et Härtel</publisher> 1 Thlr. 8 Gr.</bibl><bibl id="hofm_1836_03_0020_10">
<regNumber>3687</regNumber>. – <title>6 Caprices p. Basson. Oe. <opus key="opus_0806">15</opus></title>. Ebend. 12 Gr.</bibl><bibl id="hofm_1836_03_0020_11">
<composer key="compo_035289">Vanderhagen (A.)</composer> <title>Neue Clarinettenschule (Nouvelle Methode de Clarinette)</title>. Ebend. geh. 4 Thlr.</bibl></div><div id="hofm_1836_03_0020_div06"><head><hofClass key="hofCl_0205">Musik für die Guitarre.</hofClass></head><bibl id="hofm_1836_03_0020_12">



<title>Abend-Ständchen zur Erheiterung und Unterhaltung f. Dilettanten. Auswahl vorz. Melodien aus ältern u. neuern Opern verschiedener Meister f. Flöte (od. Violine) u. Guitarre. Erstes Heft</title>. <pubPlace key="place_0078">Braunschweig</pubPlace>, <publisher key="publ_3822">Spehr</publisher> 12 Gr.</bibl><bibl id="hofm_1836_03_0020_13">
<composer key="compo_003487">Bodstein (F.A)</composer> <title>Pièces de Société p. Guit. Oe. <opus key="opus_1482">21</opus>, Cah. 5</title>. <pubPlace key="place_0276">Hamburg</pubPlace>, <publisher key="publ_0540">Böhme</publisher> 8 Gr.</bibl><bibl id="hofm_1836_03_0020_14">
<composer key="compo_005359">Carulli (F.)</composer> <title>Vollständige Guitarren-Schule (Méthode complète p. Guit.)</title> <pubPlace key="place_0069">Bonn</pubPlace>, <publisher key="publ_3791">Simrock</publisher> 4 Fr.</bibl><bibl id="hofm_1836_03_0020_15"><title>
Kleinigkeiten (Petites Pieces) f. Guitarre. 2tes Heft</title>. <pubPlace key="place_0078">Braunschw</pubPlace>. <publisher key="publ_3822">Spehr</publisher> 12 Gr.</bibl><bibl id="hofm_1836_03_0020_16">
<regNumber>3612</regNumber>. <composer key="compo_020014">Lanner (Jos.)</composer> <title>Beliebte Walzer und Galoppen f. Guitarre. No. 13, Die Werber. Walzer</title>. <pubPlace key="place_0731">Wien</pubPlace>, <publisher key="publ_2605">Mechetti</publisher> 30 Xr.</bibl><bibl id="hofm_1836_03_0020_17">
<title>Lyra. Zusammenstellung des Schönsten a. Opern etc. f. Guit. Liv. 23, <composer key="compo_019648">Labitzky</composer>, Andenken an Carlsbad</title>. <pubPlace key="place_0554">Prag</pubPlace>, <publisher key="publ_0282">Berra</publisher> 12 Xr.</bibl><bibl id="hofm_1836_03_0020_18">
<composer key="compo_026185">Petersen (J.F.)</composer> <title>Unterhaltungsstücke nach beliebten Opern-Melodien f. Guitarre (mit willkührl. Begleitung einer zweiten). 1stes Heft</title>. <pubPlace key="place_0276">Hamburg</pubPlace>, <publisher key="publ_0640">Cranz</publisher> 8 Gr.</bibl></div><div id="hofm_1836_03_0020_div07"><head><hofClass key="hofCl_0167">Musik für das Pianoforte mit Begleitung.</hofClass></head><bibl id="hofm_1836_03_0020_19">



<composer key="compo_000931">Arnold (F.W.)</composer> <title>Rondeau über Motive aus Norma von Bellini f. Pfte u. Violine (od. Flöte). Op. <opus key="opus_1482">21</opus>, in <key>F</key></title>. <pubPlace key="place_0069">Bonn</pubPlace>, <publisher key="publ_3791">Simrock</publisher> 2 Fr.</bibl><bibl id="hofm_1836_03_0020_20">
<composer key="compo_002077">Beethoven (L. v.)</composer> <title>7ème grande Symphonie arr. p. Pfte av. Acc. de Violon, Flûte et Vclle p. J.N. Hummel. Oe. <opus key="opus_4617">92</opus>, in <key>A</key></title>. <pubPlace key="place_0438">Mainz</pubPlace>, <publisher key="publ_3563">Schott</publisher> 4 Fl. 30 Xr.</bibl><pb n="21"/><bibl id="hofm_1836_03_0021_01">

<composer key="compo_003160">Blahetka (Leopoldine)</composer> <title>Duo concertant sur des Motifs favoris du Chalet p. Flûte et Pfte. Oe. <opus key="opus_2764">40</opus></title>. <pubPlace key="place_0537">Paris</pubPlace>, <publisher key="publ_3559">Schonenberger</publisher> 6 Fr.</bibl><bibl id="hofm_1836_03_0021_02">
<regNumber>3689</regNumber>. <composer key="compo_005614">Chopin (Fr.)</composer> <title>Second Concerto p. Pfte av. Acc. de l’Orchestre. Oe. <opus key="opus_1482">21</opus>, in <key>Fm</key></title>. <pubPlace key="place_0392">Leipzig</pubPlace>, <publisher key="publ_0437">Br. et Härtel</publisher> 4 Thlr.</bibl><bibl id="hofm_1836_03_0021_03">
– Idem av. Acc. de Quintuor. Ebend. 3 Thlr.</bibl><bibl id="hofm_1836_03_0021_04">
<regNumber>3682</regNumber>. <composer key="compo_006306">Czerny (Ch.)</composer> <title>3 Rondeaux faciles et brillans sur des Motifs fav. de Rossini et Bellini p. Pfte et Flûte (ou Violon) concertans p. la Jeunesse. Oe. <opus key="opus_2600">374, No. 1-3</opus>, in <key>C</key>, <key>D</key>, <key>G</key></title>, <pubPlace key="place_0069">Bonn</pubPlace>, <publisher key="publ_3791">Simrock</publisher> à 2 Fr. 50 Ct.</bibl><bibl id="hofm_1836_03_0021_05">
<regNumber>3668</regNumber>. <composer key="compo_007289">Dotzauer (J.J.F.)</composer> <title>Récréation. Fantaisie sur un Motif de l’Opéra : Le Cheval de Bronze d’Auber p. Violoncelle et Pfte. Oe. <opus key="opus_0727">142</opus>, in <key>B</key></title>. <pubPlace key="place_0044">Berlin</pubPlace>, <publisher key="publ_4067">Trautwein</publisher> 12 Gr.</bibl><bibl id="hofm_1836_03_0021_06">
<composer key="compo_008310">Enckhausen (H.)</composer> <title>2 Rondeaux agréables p. Pfte et Violon (ou Flûte). Oe. <opus key="opus_3029">46</opus></title>. <pubPlace key="place_0280">Hannover</pubPlace>, <publisher key="publ_2808">Nagel</publisher> 10 Gr.</bibl><bibl id="hofm_1836_03_0021_07">
<regNumber>3677</regNumber>. <composer key="compo_010419">Fürstenau (A.B.)</composer> <title>Le Solitaire. Romance et Polacca facile et agréable sur des Thèmes de l’Opéra : Les Puritanes de Bellini p. Flûte et Pfte. Oe. <opus key="opus_0299">113</opus>, in <key>B</key></title>. <pubPlace key="place_0147">Dresden</pubPlace>, <publisher key="publ_2661">Meser</publisher> 18 Gr.</bibl><bibl id="hofm_1836_03_0021_08">
<composer key="compo_017170">Keller (C.)</composer> <title>Adagio u. Rondo über zwei beliebte Themate a. der Oper: Jessonda von Spohr f. Flöte u. Pfte. Op. <opus key="opus_2804">41</opus></title>. <pubPlace key="place_0078">Braunschw</pubPlace>. <publisher key="publ_3822">Spehr</publisher> 12 Gr.</bibl><bibl id="hofm_1836_03_0021_09">
<regNumber>3612</regNumber>. <composer key="compo_020014">Lanner (Jos.)</composer> <title>Die Werber. Walzer f. Violine m. Begl. d. Pfte. Op. <opus key="opus_0115">103</opus></title>. <pubPlace key="place_0731">Wien</pubPlace>, <publisher key="publ_2605">Mechetti</publisher> 45 Xr.</bibl><bibl id="hofm_1836_03_0021_10">
<regNumber>2890</regNumber>. – <title>Sammlung der neuesten und beliebtesten Galoppen f. do. 5tes Heft (Dessauer - 1ste u. 2te Sommernachtstraum - Tadolini-Galoppe)</title>. Ebend. 1 Fl.</bibl><bibl id="hofm_1836_03_0021_11">
<composer key="compo_023890">Mozart (W.A.)</composer> <title>Douze grands Concertos arr. p. Pfte av. Acc. de Flûte, Violon et Vclle av. Cadences et Ornements p. J.N. Hummel, No. 5, in <key>D</key></title>. <pubPlace key="place_0438">Mainz</pubPlace>, <publisher key="publ_3563">Schott</publisher> 3 Fl. 20 Xr.</bibl><wip id="hofm_1836_03_0021_12">
– <title>Sonates favorites p. Pfte et Violon</title>. <title>No. 14, in <key>B</key></title>. 20 Gr. <title>No. 15, in <key>F</key></title>. 18 Gr. <pubPlace key="place_0044">Berlin</pubPlace>, <publisher key="publ_2455">Lischke</publisher>.</wip><bibl id="hofm_1836_03_0021_13">
<regNumber>3658</regNumber>. <composer key="compo_026573">Pixis (J.P.)</composer> <title>5ième grand Trio p. Pfte, Violon et Vclle. Oe. <opus key="opus_0511">129</opus>, in <key>C</key></title>. (déd. à Mr. F. Mendelssohn-Bartholdy). <pubPlace key="place_0392">Leipzig</pubPlace> 1 Thlr. 18 Gr.</bibl></div><div id="hofm_1836_03_0021_div08"><head><hofClass key="hofCl_0124">Musik für zwei Pianoforte.</hofClass></head><bibl id="hofm_1836_03_0021_14">



<regNumber>3616</regNumber>. <composer key="compo_014567">Herz (Frères)</composer> <title>Second Duo sur les Marches favorites d’Alexandre et de la Donna del Lago p. deux Pftes. Oe. <opus key="opus_4045">72</opus>, in <key>Es</key></title>. <pubPlace key="place_0438">Mainz</pubPlace>, <publisher key="publ_3563">Schott</publisher> 3 Fl.</bibl><bibl id="hofm_1836_03_0021_15">
<regNumber>3273</regNumber>. <composer key="compo_022904">Mendelssohn-Bartholdy (F.)</composer> <title>Grand Duo p. deux Pianofortes arr. d’après le grand Quatuor p. Pfte. Oe. <opus key="opus_2116">3</opus>, in <key>Hm</key></title>. <pubPlace key="place_0392">Leipzig</pubPlace>, <publisher key="publ_1746">Hofmeister</publisher> 2 Thlr. 8 Gr.</bibl></div><div id="hofm_1836_03_0021_div09"><head><hofClass key="hofCl_0171">Musik für das Pianoforte zu 4 Händen.</hofClass></head><bibl id="hofm_1836_03_0021_16">



<regNumber><unclear>3644</unclear></regNumber>. <composer key="compo_000666">André (Jul.)</composer> <title>Sonate p. Pfte à 4 Mains. Oe. <opus key="opus_1068">17</opus>, in <key>F</key></title>. <pubPlace key="place_0519">Offenbach</pubPlace>, <publisher key="publ_0065">André</publisher> 1 Fl. 30 Xr.</bibl><bibl id="hofm_1836_03_0021_17">
<regNumber><unclear>3653</unclear></regNumber>. <composer key="compo_007124">Dobrzynski (J. Felix)</composer> <title>Quatre Marches p. Pfte à 4 Mains. Oe. <opus key="opus_1271">19</opus>, in <key>Es</key>, <key>Des</key>, <key>Es</key>, <key>Des</key></title>. <pubPlace key="place_0392">Leipzig</pubPlace>, <publisher key="publ_1746">Hofmeister</publisher> 12 Gr.</bibl><bibl id="hofm_1836_03_0021_18">
<composer key="compo_008310">Enckhausen (H.)</composer> <title>Grande Valse brillante p. Pfte à 4 Mains. Oe. <opus key="opus_3105">48</opus>, in <key>A</key></title>, (déd. à S.A.R.M. le Prince George de Cumberland.) <pubPlace key="place_0280">Hannover</pubPlace>, <publisher key="publ_4480">Woltmann</publisher> 12 Gr.</bibl><pb n="22"/><bibl id="hofm_1836_03_0022_01">

<composer key="compo_009162">Fessy (A.)</composer> <title>Variations brillantes sur un Thème favori de l’Opéra : Anna Bolena de Donizetti p. Pfte à 4 Mains. Oe. <opus key="opus_3029">46</opus></title>. <pubPlace key="place_0537">Paris</pubPlace>, <publisher key="publ_3222">Richault</publisher> 6 Fr.</bibl><bibl id="hofm_1836_03_0022_02">
<regNumber>3657</regNumber>. <composer key="compo_017716">Klemczynski (Jul.)</composer> <title>Mazourka en Forme de Rondoletto p. Pfte à 4 Mains. Oe. <opus key="opus_0234">11</opus>, in <key>Es</key></title>. <pubPlace key="place_0392">Leipzig</pubPlace> <publisher key="publ_1746">Hofmeister</publisher> 8 Gr.</bibl><bibl id="hofm_1836_03_0022_03">
<composer key="compo_019654">Labitzky (Jos.)</composer> <title>Potpourri über polnische National-Lieder f. Pfte zu 4 Händen. Op. <opus key="opus_4300">8</opus></title>. <pubPlace key="place_0554">Prag</pubPlace>, <publisher key="publ_0353">Bohmanns Erben</publisher> (<publisher key="publ_0282">Berra</publisher>) 1 Fl.</bibl><bibl id="hofm_1836_03_0022_04">
<regNumber>3612</regNumber>. <composer key="compo_020014">Lanner (Jos.)</composer> <title>Die Werber. Walzer f. Pfte zu 4 Händen. Op. <opus key="opus_0115">103</opus></title>. <pubPlace key="place_0731">Wien</pubPlace>, <publisher key="publ_2605">Mechetti</publisher> 1 Fl.</bibl><bibl id="hofm_1836_03_0022_05">
<regNumber>3617</regNumber>. <composer key="compo_020503">Lemoine (H.)</composer> <title>Polonaise favorite de l’Opéra de Bellini : I Puritani arr. p. Pfte à 4 Mains</title>. <pubPlace key="place_0438">Mainz</pubPlace>, <publisher key="publ_3563">Schott</publisher> 1 Fl. 12 Xr.</bibl><bibl id="hofm_1836_03_0022_06">
<composer key="compo_022385">Marxsen (Ed.)</composer> <title>Grosser Parade-Marsch arr. f. Pfte zu 4 Händen. Op. <opus key="opus_1482">21</opus></title>. <pubPlace key="place_0276">Hamburg</pubPlace>, <publisher key="publ_0540">Böhme</publisher> 10 Gr.</bibl><bibl id="hofm_1836_03_0022_07">
<composer key="compo_022297">Marschner (H.)</composer> <title>Sonatine facile et agréable p. Pfte à 4 Mains. Oe. <opus key="opus_4602">91, No. 1</opus>, in <key>C</key></title>. <pubPlace key="place_0280">Hannover</pubPlace>, <publisher key="publ_2808">Nagel</publisher> 12 Gr.</bibl><bibl id="hofm_1836_03_0022_08">


<regNumber>3667</regNumber>. <composer key="compo_030871">Schoenfeld (C.)</composer> <title>Thema mit Variationen über das Sommerlied v. Fink (Hitze, Hitze, grosse Hitze) f. Pfte zu 4 Händen. Op. <opus key="opus_1661">23</opus>, in <key>C</key></title>. <pubPlace key="place_0044">Berlin</pubPlace>, <publisher key="publ_4067">Trautwein</publisher> 14 Gr.</bibl><bibl id="hofm_1836_03_0022_09">
<regNumber>3630</regNumber>. <composer key="compo_033569">Strauss (Joh.)</composer> <title>Reise-Galoppe f. Pfte zu 4 Händen. No. 17 (Op. <opus key="opus_4460">85</opus>)</title>. <pubPlace key="place_0731">Wien</pubPlace>, <publisher key="publ_1506">Haslinger</publisher> 20 Xr.</bibl><bibl id="hofm_1836_03_0022_10">
– <title>Ballnacht-Galoppe f. Pfte zu 4 Händen. No. 18</title>. Ebend. 20 Xr.</bibl><bibl id="hofm_1836_03_0022_11">
<regNumber>3688</regNumber>. <composer key="compo_034441">Thierfelder (Alb.)</composer> <title>3 leichte Geschwindmärsche f. Pfte zu 4 Händen</title>. <pubPlace key="place_0392">Leipzig</pubPlace>, <publisher key="publ_0437">Br. u. Härtel</publisher> 8 Gr.</bibl></div><div id="hofm_1836_03_0022_div10"><head><hofClass key="hofCl_0272">Ouverturen für das Pianoforte zu 4 Händen.</hofClass></head><bibl id="hofm_1836_03_0022_12">


<composer key="compo_002205">Bellini (V.)</composer> <title>Ouverture de l’Opéra : Il Pirata (Der Seeräuber) p. Pfte à 4 Mains</title>. <pubPlace key="place_0069">Bonn</pubPlace>, <publisher key="publ_3791">Simrock</publisher> 2 Fr.</bibl><bibl id="hofm_1836_03_0022_13">
<composer key="compo_013060">Halevy (F.)</composer> <title>Ouverture de l’Opéra : la Juive (die Jüdin) arr. p. Pfte à 4 Mains p. Ebers</title>. <pubPlace key="place_0044">Berlin</pubPlace>, <publisher key="publ_3471">Schlesinger</publisher> 1 Thlr.</bibl><bibl id="hofm_1836_03_0022_14">
<composer key="compo_035131">Ulrich (Ed.)</composer> <title>Ouverture en Harmonie arrangée p. Pfte à 4 Mains (in <key>C</key>.)</title> <pubPlace key="place_0392">Leipzig</pubPlace>, <publisher key="publ_0437">Br. et Härtel</publisher> 16 Gr.</bibl><bibl id="hofm_1836_03_0022_15">
<composer key="compo_036393">Weigl</composer>, <title>Ouverture zur Oper: Das Dorf im Gebirge f. Pfte zu 4 Händen bearbeitet von Chwatal</title>. <pubPlace key="place_0436">Magdeburg</pubPlace>, <publisher key="publ_2338">Lehmann u. Quell</publisher> 4 Gr.</bibl></div><div id="hofm_1836_03_0022_div11"><head><hofClass key="hofCl_0166">Musik für das Pianoforte allein.</hofClass></head><bibl id="hofm_1836_03_0022_16">


<composer key="compo_000089">Adam (A.)</composer> <title>Mélange sur des Motifs du Pirate de Bellini p. Pfte</title>. <pubPlace key="place_0069">Bonn</pubPlace>, <publisher key="publ_3791">Simrock</publisher> 2 Fr.</bibl><bibl id="hofm_1836_03_0022_17">
<composer key="compo_002077">Beethoven (L.v.)</composer> <title>7ième grande Symphonie arr. p. Pfte par J.N. Hummel. Oe. <opus key="opus_4617">92</opus>, in <key>A</key></title>. <pubPlace key="place_0438">Mainz</pubPlace>, <publisher key="publ_3563">Schott</publisher> 2 Fl. 24 Xr.</bibl><bibl id="hofm_1836_03_0022_18">
<composer key="compo_002205">Bellini (V.)</composer> <title>Auswahl beliebter Stücke aus der Oper: Die Seeräuber (Il Pirata) p. Pfte</title>. <pubPlace key="place_0276">Hamburg</pubPlace>, <publisher key="publ_0640">Cranz</publisher> 16 Gr.</bibl><bibl id="hofm_1836_03_0022_19">
<composer key="compo_002709">Bertini (H.)</composer> <title>Rondino alla Polacca p. Pfte. Oe. <opus key="opus_4542">89</opus></title>. <pubPlace key="place_0537">Paris</pubPlace>, <publisher key="publ_0704">Delahante</publisher> 7 Fr. 50 Ct.</bibl><bibl id="hofm_1836_03_0022_20">
– <title>Episode d’un Bal. Rondo caractéristique p. Pfte. Oe. <opus key="opus_4722">98</opus>, in <key>As</key></title>. <pubPlace key="place_0392">Leipzig</pubPlace>, <publisher key="publ_0437">Br. et Härtel</publisher> 16 Gr.</bibl><bibl id="hofm_1836_03_0022_21"><title>
Bibliothek f. Pfte-Spieler. Sammlung beliebter Opern f. Anfänger bearbeitet. No. 39, <composer key="compo_002199">Bellini</composer>, Romeo u. Julie.
No. 40, <composer key="compo_001075">Auber</composer>, Gustav. No. 41, <composer key="compo_002199">Bellini</composer>, Norma. No. 42, <composer key="compo_001075">Auber</composer>, Lestocq</title>. <pubPlace key="place_0078">Braunschw</pubPlace>. <publisher key="publ_3822">Spehr</publisher> à 10 Gr.</bibl><bibl id="hofm_1836_03_0022_22">
<composer key="compo_020255">Carpentier (le)</composer> <title>La Folle. Caprice sur la Romance fav. p. Pfte. Oe. <opus key="opus_0927">16</opus>, in <key>Es</key></title>. <pubPlace key="place_0069">Bonn</pubPlace>, <publisher key="publ_3791">Simrock</publisher> 1 Fr. 50 Ct.</bibl><pb n="23"/><bibl id="hofm_1836_03_0023_01">

<composer key="compo_005543">Chaulieu (Ch.)</composer> <title>La Contredanse. Tyrolienne. La Valse. 3 Bagatelles p. Pfte. Oe. <opus key="opus_0281">112</opus></title>. <pubPlace key="place_0276">Hamburg</pubPlace>, <publisher key="publ_0640">Cranz</publisher> 12 Gr.</bibl><bibl id="hofm_1836_03_0023_02">
<regNumber>2240</regNumber>. <composer key="compo_005570">Cherubini (L.)</composer> <title>Ali Baba. Opéra en 4 Actes arr. p. Pfte seul p. C. Czerny</title>. <pubPlace key="place_0392">Leipzig</pubPlace>, <publisher key="publ_0437">Br. et Härtel</publisher>. geh. 5 Thlr.</bibl><bibl id="hofm_1836_03_0023_03">
<regNumber>3689</regNumber>. <composer key="compo_005614">Chopin (Fr.)</composer> <title>Second Concerto p. Pfte. Oe. <opus key="opus_1482">21</opus>, in <key>Fm</key></title>. Ebd. 1 Thlr. 16 Gr.</bibl><bibl id="hofm_1836_03_0023_04">
<regNumber>3634</regNumber>. <composer key="compo_006111">Cramer (J.B.)</composer> <title>16 nouvelles Etudes p. Pfte. Oe. <opus key="opus_4365">81, (No. 85-100</opus>)</title>. <pubPlace key="place_0731">Wien</pubPlace>, <publisher key="publ_1506">Haslinger</publisher> 3 Fl.</bibl><bibl id="hofm_1836_03_0023_05">
<regNumber>3615</regNumber>. <composer key="compo_006306">Czerny (Ch.)</composer> <title>Rondino brillant et non difficile sur un Motif favori de l’Opéra : La Médecine sans Médecin de Herold p. Pfte. Oe. <opus key="opus_2549">362</opus>, in <key>A</key></title>. <pubPlace key="place_0438">Mainz</pubPlace>, <publisher key="publ_3563">Schott</publisher> 1 Fl. 12 Xr.</bibl><bibl id="hofm_1836_03_0023_06">
<regNumber>3681</regNumber>. – <title>6 Galops en Forme de Rondeaux sur des Motifs fav. p. Pfte. Oe. <opus key="opus_2596">372</opus>. No.1, Motif du Pré aux Clercs, in <key>Es</key>. No. 2, Motif du Serment, in <key>F</key>. No. 3, Motif de Gustave, in <key>E</key>. No.4, Motif original, in <key>D</key>. No. 5, Motif du Pré aux Clercs, in <key>G</key>. No. 6, Motif de la Bayadere, in <key>B</key></title>. <pubPlace key="place_0069">Bonn</pubPlace>. <publisher key="publ_3791">Simrock</publisher> à 1 Fr. 25 Ct.</bibl><bibl id="hofm_1836_03_0023_07">
<regNumber>3594</regNumber>. – <title>Fantaisie ou Potpourri sur des Thèmes fav. de l’Opéra : Fausta de Donizetti p. Pfte. Oe. <opus key="opus_2617">379. No. 5, 6</opus></title>. <pubPlace key="place_0731">Wien</pubPlace>, <publisher key="publ_1506">Haslinger</publisher> à 1 Fl. (Flore théatrale. Cah. 9, 10).</bibl><bibl id="hofm_1836_03_0023_08">
<composer key="compo_006963">Diederichsen (H.)</composer> <title>Divertissement p. Pfte (in <key>Es</key>.)</title> <pubPlace key="place_0276">Hamburg</pubPlace>, <publisher key="publ_0640">Cranz</publisher> 10 Gr.</bibl><bibl id="hofm_1836_03_0023_09">
<regNumber>3654</regNumber>. <composer key="compo_007124">Dobrzynski (J. Felix)</composer> <title>Trois Nocturnes p. Pfte. Oe. <opus key="opus_1482">21</opus>, in <key>Gm</key>, <key>Es</key>, <key>B</key>, (av. Vign.)</title> <pubPlace key="place_0392">Leipzig</pubPlace>, <publisher key="publ_1746">Hofmeister</publisher> 10 Gr.</bibl><bibl id="hofm_1836_03_0023_10">
<composer key="compo_007848">Eckert (C.)</composer> <title>Auber, Bellini, Halevy, Meyerbeer. Potpourri tiré des Opéras p. Pfte. No. 2, I Puritani, Gustav, Il Crociato</title>. <pubPlace key="place_0044">Berlin</pubPlace>, <publisher key="publ_3471">Schlesinger</publisher> 12 Gr.</bibl><bibl id="hofm_1836_03_0023_11">
<composer key="compo_013019">Hahn (W.)</composer> <title>Potpourri aus Bellini’s Oper: Die Puritaner f. Pfte</title>. <pubPlace key="place_0044">Berlin</pubPlace>, <publisher key="publ_2455">Lischke</publisher> 18 Gr.</bibl><bibl id="hofm_1836_03_0023_12">
<composer key="compo_013060">Halevy (F.)</composer> <title>Auswahl beliebter Stücke aus der Oper: Die Jüdin (La Juive) p. Pfte</title>. <pubPlace key="place_0276">Hamburg</pubPlace>, <publisher key="publ_0640">Cranz</publisher> 16 Gr.</bibl><bibl id="hofm_1836_03_0023_13">
<regNumber>3633</regNumber>. <composer key="compo_013474">Haslinger (C.)</composer> <title>Fantaisie ou Potpourri sur des Thèmes fav. de l’Opéra : Le Cheval de Bronze d’Auber p. Pfte. Oe. <opus key="opus_3181">5</opus></title>. <pubPlace key="place_0731">Wien</pubPlace>, <publisher key="publ_1506">Haslinger</publisher> 1 Fl. (Flore théatrale Cah. 11.)</bibl><bibl id="hofm_1836_03_0023_14">
<composer key="compo_013526">Hatton (J.L.)</composer> <title>Rondo à l’espagnol, p. Pfte</title>. <pubPlace key="place_0537">Paris</pubPlace>, <publisher key="publ_0356">Boieldieu</publisher> 5 Fr.</bibl><bibl id="hofm_1836_03_0023_15">
– <title>Introduction et Rondo</title>. Ebend. 6 Fr.</bibl><bibl id="hofm_1836_03_0023_16">
<regNumber>3646</regNumber>. <composer key="compo_015945">Hünten (Franç.)</composer> <title>Mélodies gracieuses. 3 Rondeaux et 3 Airs variés sur des Thèmes favoris. Divisés en trois Livraisons contenant chaque un Rondeau et un Air varié p. Pfte. Oe. <opus key="opus_4214">78</opus>. Liv. 1–3</title>. <pubPlace key="place_0438">Mainz</pubPlace>, <publisher key="publ_3563">Schott</publisher> à 1 Fl.</bibl><bibl id="hofm_1836_03_0023_17">
<regNumber>3649</regNumber>. <composer key="compo_016826">Kalkbrenner (Fr.)</composer> <title>La Crainte et l’ Espérance, Rondo p. Pfte. Oe. <opus key="opus_0559">130</opus>, in <key>D</key></title>. <pubPlace key="place_0392">Leipzig</pubPlace>, <publisher key="publ_0437">Br. et Härtel</publisher> 20 Gr.</bibl><bibl id="hofm_1836_03_0023_18">
<composer key="compo_019463">Körner (G.F.)</composer> <title>Sonate brillante et facile p. Pfte (in <key>F</key>.)</title> <pubPlace key="place_0078">Braunschw</pubPlace>. <publisher key="publ_3822">Spehr</publisher> 8 Gr.</bibl><bibl id="hofm_1836_03_0023_19">
<composer key="compo_019510">Küffner (J.)</composer> <title>Mosaïque d’Airs favoris de l’Opéra : I Puritani de Bellini arr. d’une Manière facile p. Pfte</title>. <pubPlace key="place_0438">Mainz</pubPlace>, <publisher key="publ_3563">Schott</publisher> 1 Fl. 12 Xr.</bibl><bibl id="hofm_1836_03_0023_20">
<regNumber>3674</regNumber>. <composer key="compo_019102">Kulenkamp (G.C.)</composer> <title>Deux Rondeaux p. Pfte. Oe. <opus key="opus_2996">45</opus>, in <key>Es</key>. <key>G</key></title>. <pubPlace key="place_0044">Berlin</pubPlace>, <publisher key="publ_4067">Trautwein</publisher> 16 Gr.</bibl><bibl id="hofm_1836_03_0023_21">
<regNumber>2613</regNumber>. <composer key="compo_020014">Lanner (Jos.)</composer> <title>Blech, Holz und Stroh. Grosses Potpourri f. Pfte. Op.<opus key="opus_0094">102</opus></title>. <pubPlace key="place_0731">Wien</pubPlace>, <publisher key="publ_2605">Mechetti</publisher> 1 Fl. 30 Xr.</bibl><bibl id="hofm_1836_03_0023_22">
<composer key="compo_022249">Marks (G.W.)</composer> <title>Les Soirées musicales de J. Rossini arrangés en quatre Rondos p. Pfte. Oe. <opus key="opus_2948">44</opus>. Liv. 1, La Partenza, L’Invito. Liv. 2, La Promessa. L’Orgia</title>. <pubPlace key="place_0276">Hamburg</pubPlace>, <publisher key="publ_0640">Cranz</publisher> à 10 Gr.</bibl><pb n="24"/><bibl id="hofm_1836_03_0024_01">

<composer key="compo_022249">Marks (G.W.)</composer> <title>Divertissement d’après des Thèmes favoris de l’Opéra : La Sonnambula de Bellini p. Pfte. Op. <opus key="opus_2996">45</opus></title>. <pubPlace key="place_0276">Hamburg</pubPlace>, <publisher key="publ_0640">Cranz</publisher> 10 Gr.</bibl><bibl id="hofm_1836_03_0024_02">
– <title>Divertissement d’après des Thèmes favoris de l’Opéra : Norma de Bellini p. Pfte. Oe. <opus key="opus_3029">46</opus></title>. Ebend. 10 Gr.</bibl><bibl id="hofm_1836_03_0024_03">
– <title>Divertissement d’après des Thèmes favoris de l’Opéra : I Puritani de Bellini p. Pfte. Oe. <opus key="opus_3071">47</opus></title>. Ebend. 10 Gr.</bibl><bibl id="hofm_1836_03_0024_04">
<regNumber>3684</regNumber>. <composer key="compo_022904">Mendelssohn-Bartholdy (F.)</composer> <title>Scherzo a Capriccio, composé pour L’Album des Pianistes (in <key>Fism</key>.)</title> <pubPlace key="place_0069">Bonn</pubPlace>, <publisher key="publ_3791">Simrock</publisher> 2 Fr. 50 Ct.</bibl><bibl id="hofm_1836_03_0024_05">
<composer key="compo_023890">Mozart (W.A.)</composer> <title>Douze grands Concertos arr. p. Pfte seul avec Cadences et Ornements p. J.N. Hummel, No. 5, in <key>D</key></title>. <pubPlace key="place_0438">Mainz</pubPlace>, <publisher key="publ_3563">Schott</publisher> 2 Fl.</bibl><bibl id="hofm_1836_03_0024_06">
<title>Opernfreund (der) am Pfte. Auswahl vorzüglicher Productionen unserer besten Opern älterer u. neuerer Zeit. Heft 1–9</title>. <pubPlace key="place_0078">Braunschw</pubPlace>. <publisher key="publ_3822">Spehr</publisher> à 8 Gr.</bibl><bibl id="hofm_1836_03_0024_07">
<title>Potpourri d’après des Thèmes favoris de l’Opéra : Il Pirata de Bellini p. Pfte</title>. <pubPlace key="place_0276">Hamburg</pubPlace>, <publisher key="publ_0640">Cranz</publisher> 12 Gr.</bibl><bibl id="hofm_1836_03_0024_08">
<title>Potpourri sur les Motifs de l’Opéra : La Juive (Die Jüdin) par Halevy p. Pfte</title>. <pubPlace key="place_0044">Berlin</pubPlace>, <publisher key="publ_0589">Challier et Co</publisher>. 8 Gr.</bibl><bibl id="hofm_1836_03_0024_09">
<composer key="compo_027691">Reder (J. Georg)</composer> <title>Exercices melodieuses et progressives p. Pfte. Liv. 2–4</title>. <pubPlace key="place_0044">Berlin</pubPlace>. <publisher key="publ_4067">Trautwein</publisher> à 8 Gr.</bibl><wip id="hofm_1836_03_0024_10"><composer key="compo_030657">Schmitt (Jac.)</composer> <title>Bluettes musicales d’Italie. Compositions amusantes tirés des Opéras modernes p. Pfte</title>. <title>Liv. 1, Polonoise, de l’Opéra : I Puritani de Bellini</title> 6 Gr. <title>Liv. 2, Intr. et Rondeau de l’Opéra : I Puritani</title> 8 Gr. <title>Liv. 3, Sonatine de l’Opéra : Il Matrimonio per Cambiale de Rossini. Oe. <opus key="opus_1874">259</opus></title>. 6 Gr. <title>Liv. 4, Sonatine de l’Opéra : Il Bruschino de Rossini. Oe. <opus key="opus_1902">262</opus></title>. 8 Gr. <title>Liv. 5, Sonatine de l’Opéra : La Scala di Seta. Oe. <opus key="opus_1908">264</opus></title>. 8 Gr. <pubPlace key="place_0276">Hamburg</pubPlace>. <publisher key="publ_0540">Böhme</publisher>.</wip><bibl id="hofm_1836_03_0024_11">
<composer key="compo_034685">Tomaschek (W.J.)</composer> <title>Grand Rondeau p. Pfte. Oe.<opus key="opus_0234">11</opus>, in <key>G</key>. <edition>Nouv. Edit. revue et corrigée p. l’Auteur</edition></title>. <pubPlace key="place_0554">Prag</pubPlace>, <publisher key="publ_0282">Berra</publisher> 45 Xr.</bibl></div><div id="hofm_1836_03_0024_div12"><head><hofClass key="hofCl_0292">Variationen für das Pianoforte.</hofClass></head><bibl id="hofm_1836_03_0024_12">



<regNumber>3611</regNumber>. <composer key="compo_000098">Adam (C.F.)</composer> <title>Variations brillantes sur une Valse originale p. Pfte (in <key>As</key>)</title> <pubPlace key="place_0392">Leipzig</pubPlace>, <publisher key="publ_0437">Br. et Härtel</publisher> 1 Thlr.</bibl><bibl id="hofm_1836_03_0024_13">
<regNumber>3651</regNumber>. <composer key="compo_002313">Benedict (Jules)</composer> <title>Variations brillantes sur une Romance favorite de Masini : „Le Page inconstant“ p. Pfte. Oe. <opus key="opus_1661">23</opus>, in <key>C</key></title>. <pubPlace key="place_0392">Leipzig</pubPlace>, <publisher key="publ_1746">Hofmeister</publisher> 18 Gr.</bibl><bibl id="hofm_1836_03_0024_14"><composer key="compo_020255">
Carpentier (le)</composer> <title>Variations sur le Charmant-Walzer de Strauss, dit : Valse du Duc de Reichstadt p. Pfte. Oe. <opus key="opus_0806">15</opus>, in <key>C</key></title>. <pubPlace key="place_0069">Bonn</pubPlace>. <publisher key="publ_3791">Simrock</publisher> 1 Fr. 50 Ct.</bibl><bibl id="hofm_1836_03_0024_15">
<regNumber>3685</regNumber>. <composer key="compo_005543">Chaulieu (Ch.)</composer> <title>2 Airs variés p. Pfte. Oe. <opus key="opus_0860">153</opus>. No. 1, Air espagnol (in <key>Am</key>.) No. 2, Air styrien (in <key>G</key>.)</title> <pubPlace key="place_0392">Leipzig</pubPlace>, <publisher key="publ_0437">Br. et Härtel</publisher> 16 Gr.</bibl><bibl id="hofm_1836_03_0024_16">
<regNumber>3652</regNumber>. <composer key="compo_007124">Dobrzynski (J. Felix)</composer> <title>Introduction et Variations sur un Thème original à la russe p. Pfte. Oe. <opus key="opus_2737">4</opus>, in <key>B</key></title>. <pubPlace key="place_0392">Leipzig</pubPlace>, <publisher key="publ_1746">Hofmeister</publisher> 12 Gr.</bibl><bibl id="hofm_1836_03_0024_17">
<composer key="compo_007284">Dotzauer (B.)</composer> <title>La jeune Demoiselle en Société. Variations faciles sur un Air autrichien p. Pfte. Oe. <opus key="opus_1731">24</opus></title>. <pubPlace key="place_0078">Braunschw</pubPlace>. <publisher key="publ_3822">Spehr</publisher> 6 Gr.</bibl><bibl id="hofm_1836_03_0024_18">
<composer key="compo_018016">Koch (C.)</composer> <title>Erheiterung f. d. Jugend. Leichte Variationen nach beliebten Thematen f. Pfte. Op. <opus key="opus_3825">66</opus>. No.1, Walzer von Strauss. No. 2, a. d. Oper: Der Zweikampf. No. 3, a. d. Oper: Der Schwur. No.4, Walzer von Strauss. No.5, <pb n="25"/>

a. d. Oper: Fra Diavolo. No. 6, a. d. Oper: Wilhelm Tell</title>. Ebend. à 6 Gr.</bibl><bibl id="hofm_1836_03_0025_01">
<composer key="compo_021359">Louis (N.)</composer> <title>Variations brillantes sur une Melodie de Masini p. Pfte et Violon</title>. <pubPlace key="place_0537">Paris</pubPlace>, <publisher key="publ_0704">Delahante</publisher> 7 Fr. 50 Ct.</bibl><bibl id="hofm_1836_03_0025_02">
<composer key="compo_023523">Mocker (Ant.)</composer> <title>Variations brillantes sur un Thème original p. Pfte. Oe. <opus key="opus_3029">46</opus>, in <key>Es</key></title>. <pubPlace key="place_0069">Bonn</pubPlace>, <publisher key="publ_3791">Simrock</publisher> 2 Fr. 50 Ct.</bibl><bibl id="hofm_1836_03_0025_03">
<composer key="compo_025440">Osborne (G.A.)</composer> <title>Thème favori d’Anna Bolena varié p. Pfte. Oe. <opus key="opus_0927">16</opus>, in <key>A</key></title>. <pubPlace key="place_0392">Leipzig</pubPlace>. <publisher key="publ_0437">Br. et Härtel</publisher> 20 Gr.</bibl><bibl id="hofm_1836_03_0025_04">
– <title>Grandes Variations sur un Air montagnard p. Pfte. Oe. <opus key="opus_1165">18</opus></title>, <pubPlace key="place_0537">Paris</pubPlace>, <publisher key="publ_3471">Schlesinger</publisher> 7 Fr. 50 Ct.</bibl><bibl id="hofm_1836_03_0025_05">
<regNumber>3659</regNumber>. <composer key="compo_026573">Pixis (J.P.)</composer> <title>Fantaisie et Variations sur des Motifs de : Sonnambula de V. Bellini p. Pfte et Violon concertans. Oe. <opus key="opus_0559">130</opus>. in <key>A</key></title>. <pubPlace key="place_0392">Leipzig</pubPlace>, <publisher key="publ_1746">Hofmeister</publisher> 16 Gr.</bibl><bibl id="hofm_1836_03_0025_06">
<composer key="compo_031364">Schunke (Ch.)</composer> <title>Morceau de Concert. Grandes Variations brillantes sur la Sicilienne av. de Robert le Diable p. Pfte. Oe. <opus key="opus_2630">38</opus></title>. <pubPlace key="place_0537">Paris</pubPlace>, <publisher key="publ_3471">Schlesinger</publisher> 7 Fr. 50 Ct.</bibl></div><div id="hofm_1836_03_0025_div13"><head><hofClass key="hofCl_0273">Ouverturen für das Pianoforte.</hofClass></head><bibl id="hofm_1836_03_0025_07">

<composer key="compo_002205">Bellini (V.)</composer> <title>Ouverture de l’Opéra : Il Pirata (Der Seeräuber) f. Pfte</title>. <pubPlace key="place_0069">Bonn</pubPlace>, <publisher key="publ_3791">Simrock</publisher> 1 Fr. 25 Ct.</bibl><bibl id="hofm_1836_03_0025_08">
<composer key="compo_013060">Halevy (F.)</composer> <title>Ouverture de l’Opéra : L’Eclair (Der Blitz) arr. p. Pfte</title>. <pubPlace key="place_0044">Berlin</pubPlace>, <publisher key="publ_3471">Schlesinger</publisher> 16 Gr.</bibl><bibl id="hofm_1836_03_0025_09">
– Idem av. Acc. de Flûte ou Violon. Ebend. 20 Gr.</bibl><bibl id="hofm_1836_03_0025_10">
<composer key="compo_027028">Prevost (Eug.)</composer> <title>Ouverture de l’Opéra-bouffon : Cosimo p. Pfte</title>. <pubPlace key="place_0537">Paris</pubPlace>, <publisher key="publ_3471">Schlesinger</publisher> 5 Fr.</bibl><bibl id="hofm_1836_03_0025_11">
<composer key="compo_027982">Reissiger (C.G.)</composer> <title>Ouverture de l’Opéra : Die Felsenmühle zu Etalières arr. p. Pfte et Violon p. Gleichauf. Oe. <opus key="opus_4017">71</opus></title>. <pubPlace key="place_0069">Bonn</pubPlace>, <publisher key="publ_3791">Simrock</publisher> 2 Fr. 50 Ct.</bibl></div><div id="hofm_1836_03_0025_div14"><head><hofClass key="hofCl_0288">Tänze für das Pianoforte.</hofClass></head><bibl id="hofm_1836_03_0025_12">



<composer key="compo_001075">Auber</composer>, <title>Polonaise aus Gustav</title>. <pubPlace key="place_0276">Hamburg</pubPlace>, <publisher key="publ_0640">Cranz</publisher> 2 Gr.</bibl><bibl id="hofm_1836_03_0025_13">
<composer key="compo_001132">Aulagnier (A.)</composer> <title>Les Parisiennes. Recueil des Valses p. Pfte av. Acc. de Viol. ou Flûte ou Flageolet et Cornet a Pistons ad lib. Oe. <opus key="opus_1068">17</opus></title>. <pubPlace key="place_0537">Paris</pubPlace>, <sic><publisher key="publ_0132">Aulangier</publisher></sic> 5 Fr.</bibl><bibl id="hofm_1836_03_0025_14">
<composer key="compo_002199">Bellini</composer>, <title>Cotillon nach den beliebtesten Themas der Oper: Die Nachtwandlerin f. Pfte</title>. <pubPlace key="place_0276">Hamburg</pubPlace>, <publisher key="publ_0640">Cranz</publisher> 5 Gr.</bibl><bibl id="hofm_1836_03_0025_15">
– <title>Galopp aus den Puritanern f. Pfte</title>. <pubPlace key="place_0044">Berlin</pubPlace>, <publisher key="publ_1146">Fröhlich et Co</publisher>. 2 Gr.</bibl><bibl id="hofm_1836_03_0025_16">
<regNumber>3629</regNumber>. <title>Carneval (le) à Berlin. Recueil des Danses p. Pfte. No.1, <composer key="compo_011518">Goerner</composer>, Carnevals-Walzer. No. 2, Preussischer Walzer. Jagd-Galopp. Heimaths-Galopp. Colosseum-Galopp. Erinnerung an Colorath. Masurek. Liv.3, <composer key="compo_012692">Görner</composer>, Tänze aus der Oper: die Puritaner v. Bellini (Contretänze, Galop, Redowa)</title>. Ebend. à 8 Gr.</bibl><bibl id="hofm_1836_03_0025_17">
<regNumber>3690</regNumber>. <composer key="compo_006818">Derska (Joh.Jos.)</composer> <title>Dresdner Walzer f. Pfte</title>. <pubPlace key="place_0147">Dresden</pubPlace>, <publisher key="publ_2993">Paul</publisher> 8 Gr.</bibl><bibl id="hofm_1836_03_0025_18">
<composer key="compo_008233">Ellissen (C.W.)</composer> <title>Carolinen-Walzer f. Pfte. Op. <opus key="opus_3565">6</opus></title>. <pubPlace key="place_0280">Hannover</pubPlace>, <publisher key="publ_4480">Woltmann</publisher> 8 Gr.</bibl><bibl id="hofm_1836_03_0025_19">
– <title>2 Galoppaden (Carolinen- u. Charlotten-Galoppade) f. Pfte. Op. <opus key="opus_3967">7</opus></title>. Ebend. 4 Gr.</bibl><bibl id="hofm_1836_03_0025_20">
<composer key="compo_010099">Frisch (Rob.)</composer> <title>Der Phönix. Walzer f. Pfte. Op. <opus key="opus_1372">2</opus></title>. <pubPlace key="place_0276">Hamburg</pubPlace>, <publisher key="publ_0540">Böhme</publisher> 8 Gr.</bibl><bibl id="hofm_1836_03_0025_21">
<title>Galoppen (neue Breslauer) f. Pfte. No.18, <composer key="compo_008625">Esser</composer>, Rosa-Galopp. No.19, <composer key="compo_025324">Olbrich</composer>, Sophien-Galopp. No.20, <composer key="compo_025324">Olbrich</composer>, Maskenball-Galopp</title>. <pubPlace key="place_0082">Breslau</pubPlace>, <publisher key="publ_0640">Cranz</publisher> à 2 Gr.</bibl><bibl id="hofm_1836_03_0025_22">
<composer key="compo_013060">Halevy (F.)</composer> <title>Walzer aus der Oper: Die Jüdin f. Pfte (No. 6.)</title> <pubPlace key="place_0044">Berlin</pubPlace>, <publisher key="publ_3471">Schlesinger</publisher> 8 Gr.</bibl><pb n="26"/><bibl id="hofm_1836_03_0026_01">

<composer key="compo_013060">Halevy (F.)</composer> <title>Pantomime und Ballet aus do. f. Pfte. (No. 17.)</title> <pubPlace key="place_0044">Berlin</pubPlace>, <publisher key="publ_3471">Schlesinger</publisher> 16 Gr.</bibl><bibl id="hofm_1836_03_0026_02">
<composer key="compo_013173">Hammer (G.)</composer> <title>Masken- Contrabass- und Hop i die Höh-Galopade f. Pfte</title>. (Valses fav. No. 468-70.) <pubPlace key="place_0438">Mainz</pubPlace>, <publisher key="publ_3563">Schott</publisher> à 8 Xr.</bibl><bibl id="hofm_1836_03_0026_03">
<regNumber>3676</regNumber>. <composer key="compo_015706">Hänsel (A.)</composer> <title>Gute Meinung. Hof-Ball-Walzer f. d. Pfte. Op. <opus key="opus_2764">40</opus></title>. <pubPlace key="place_0147">Dresden</pubPlace>, <publisher key="publ_2661">Meser</publisher> 10 Gr.</bibl><bibl id="hofm_1836_03_0026_04">
<composer key="compo_014550">Herz (H.)</composer> <title>Contredanses. No. 1. de l’Oe. <opus key="opus_2458">35</opus></title>. <pubPlace key="place_0276">Hamb</pubPlace>. <publisher key="publ_0540">Böhme</publisher> 5 Gr.
</bibl><bibl id="hofm_1836_03_0026_05"><composer key="compo_015055">Hoffmann (F.P.L.)</composer> <title>Tänze f. Pfte. No. 7</title>. <pubPlace key="place_0276">Hamburg</pubPlace>, <publisher key="publ_0640">Cranz</publisher> 4 Gr.</bibl><bibl id="hofm_1836_03_0026_06">
<composer key="compo_019463">Körner (G.F.)</composer> <title>Deux Polonaises p. Pfte</title>. <pubPlace key="place_0280">Hannover</pubPlace>, <publisher key="publ_4480">Woltmann</publisher> 4 Gr.</bibl><bibl id="hofm_1836_03_0026_07">
<composer key="compo_019654">Labitzky (Jos.)</composer> <title>Zigeuner-Walzer f. Pfte. Op. <opus key="opus_3181">5</opus></title>. <pubPlace key="place_0554">Prag</pubPlace>, <publisher key="publ_0353">Bohmanns Erben</publisher> (<publisher key="publ_0282">Berra</publisher>) 40 Xr.</bibl><bibl id="hofm_1836_03_0026_08">
– <title>Valse o Helene. Helenen-Walzer f. Pfte. Op. <opus key="opus_0392">12</opus></title>. Ebend. 45 Xr.</bibl><bibl id="hofm_1836_03_0026_09">
– <title>Andenken an Carlsbad. Polonaise, Cotillon u. Galopp f. Pfte. Op. <opus key="opus_0806">15</opus></title>. <pubPlace key="place_0554">Prag</pubPlace>; <publisher key="publ_0282">Berra</publisher> 45 Xr.</bibl><bibl id="hofm_1836_03_0026_10">
– <title>Carlsbader Schneider-Walzer f. Pfte. Op. <opus key="opus_1068">17</opus></title>. Ebend. 45 Xr.</bibl><bibl id="hofm_1836_03_0026_11">
– <title>Schützentänze f. Pfte. Op. <opus key="opus_1165">18</opus></title>. Ebend. 45 Xr.</bibl><bibl id="hofm_1836_03_0026_12">
– <title>Apollo’s Stunden. Walzer f. Pfte. Op. <opus key="opus_1271">19</opus>. (Mit Labitzky’s Portrait)</title>. Ebend. 45 Xr.</bibl><wip id="hofm_1836_03_0026_13"><title>Laetitia. Sammlung ausg. Tänze u. Märsche f. Pfte</title>. <title>No. 6, Schlag-Galopp. Marsch a. Capuletti</title> 4 Gr. <title>No. 7, <composer key="compo_015299">Homeyer</composer>, Theresen-Walzer</title> 6 Gr. <title>No. 8, <composer key="compo_005389">Casorti</composer>, Franziska-Walzer</title> 6 Gr. <title>No. 9, Krönungsmarsch des Königs Otto von Griechenland</title>. <pubPlace key="place_0280">Hannover</pubPlace>, <publisher key="publ_2808">Nagel</publisher>.</wip><bibl id="hofm_1836_03_0026_14">
<regNumber>3612</regNumber>. <composer key="compo_020014">Lanner (Jos.)</composer> <title>Die Werber. Walzer f. Pfte. Op. <opus key="opus_0115">103</opus></title>. <pubPlace key="place_0731">Wien</pubPlace>, <publisher key="publ_2605">Mechetti</publisher> 45 Xr.</bibl><bibl id="hofm_1836_03_0026_15">
<composer key="compo_020376">Lehmann (Lorenz)</composer> <title>Neujahrs-Galopp f. Pfte</title>. <pubPlace key="place_0044">Berlin</pubPlace>, <publisher key="publ_1146">Fröhlich et Co</publisher>. 2 Gr.</bibl><bibl id="hofm_1836_03_0026_16">
– <title>Neujahrs-Walzer f. Pfte</title>. Ebend. 4 Gr.</bibl><bibl id="hofm_1836_03_0026_17">
<title>Lieblings-Galoppaden (neueste Berliner)) f. Pfte. No. 16, Galopp aus der Oper: Die Puritaner</title>. <pubPlace key="place_0044">Berlin</pubPlace>, <publisher key="publ_4370">Westphal</publisher> 4 Gr.</bibl><bibl id="hofm_1836_03_0026_18"><title>
Lieblings-Galoppen (Prager) f. Pfte. N. 19, <composer key="compo_011684">Gord</composer>, Grünberger Jagd-Galopp. No. 20, <composer key="compo_020426">Leicht</composer>, Galopp à la Carafa. No. 21, <composer key="compo_018813">Krihof</composer>, Diable-Galopp. No. 22–24, <composer key="compo_025903">Paulus</composer>, Luxus- Die lustigen Pragerinnen- und Mitternachts-Galopp. No. 25, <composer key="compo_019648">Labitzky</composer>, Der Araber, Galopp</title>. <pubPlace key="place_0554">Prag</pubPlace>, <publisher key="publ_0282">Berra</publisher> à 10 Xr.</bibl><wip id="hofm_1836_03_0026_19"><title>Lieblings-Tänze (neueste Berliner) f. Pfte</title>. <title>Heft 39, <composer key="compo_011064">Gernlein</composer>, Redowa. <composer key="compo_022289">Marschan</composer>, Helenen-Walzer. <composer key="compo_003800">Bosch</composer>, Galoppade: Der kleine Hans. 3 spanische Nationaltänze</title>. <title>Heft 40, <composer key="compo_031362">Schunke</composer>, Contredanses, Valse et Galoppe de l’Opéra : La Juive. <composer key="compo_011064">Gernlein</composer>, Heimath-Galopp u. Masureck</title>. <pubPlace key="place_0044">Berlin</pubPlace>, <publisher key="publ_3471">Schlesinger</publisher> à 12 Gr.</wip><bibl id="hofm_1836_03_0026_20">
<composer key="compo_023954">Musard</composer>, <title>L’Andalouse. Quadrille de Contredanses et un Galop sur des Motifs de Romances de Andrade, Bruguière et Monpou p. Pfte av. Acc. de Violon, Flûte, Flageolet ou Cornet à pistons ad. lib.)</title> <pubPlace key="place_0044">Berlin</pubPlace>, <publisher key="publ_4370">Westphal</publisher> 12 Gr.</bibl><bibl id="hofm_1836_03_0026_21">
– <title>L’Arc en ciel. Quadrille de Contredanses p. Pfte (av. Acc. de Viol. Flùte, Flageolet ou Cornet à pistons ad lib.)</title> <pubPlace key="place_0537">Paris</pubPlace>, <publisher key="publ_4086">Troupenas</publisher> 4 Fr. 50 Ct.</bibl><bibl id="hofm_1836_03_0026_22">
– <title>2 Quadrilles de Contredanses, Galop et Valse sur des Motifs du Chalet d’Adam p. Pfte av. Acc. de Violon ou Flûte <pb n="27"/>

ou Flageolet ou Cornet à pistons (ad. lib.)</title> <pubPlace key="place_0392">Leipzig</pubPlace>, <publisher key="publ_0437">Br. et Härtel</publisher> à 12 Gr.</bibl><bibl id="hofm_1836_03_0027_01">
<composer key="compo_023954">Musard</composer>, <title>Les trois Royaumes. 3 Quadrilles de Contredanses sur des Airs nationaux p. Pfte (av. Acc. de Violon, Flûte, Flageolet ou Cornet à pistons.)</title> <pubPlace key="place_0537">Paris</pubPlace>, <publisher key="publ_4086">Troupenas</publisher> à 4 Fr. 50 Ct.</bibl><bibl id="hofm_1836_03_0027_02">
<regNumber>3618</regNumber>. <composer key="compo_024740">Neuner (C.)</composer> <title>Die Masken. Wiener Walzer mit Intr. u. Coda</title>. <pubPlace key="place_0438">Mainz</pubPlace>, <publisher key="publ_3563">Schott</publisher> 36 Xr.</bibl><bibl id="hofm_1836_03_0027_03">
<composer key="compo_025324">Olbrich</composer> u. <composer key="compo_004643">Bunke</composer>, <title>24 neue Breslauer Lieblingstänze f. Pfte. 12tes Heft (6 Galopps, 6 Länder, 4 Redowa, 2 Masurecks, Polonaise, Ecossaise, Walzer, Kegel-Quadrille, Française, Ecossaise à la Figaro.)</title> <pubPlace key="place_0082">Breslau</pubPlace>, <publisher key="publ_0640">Cranz</publisher> 12 Gr.</bibl><bibl id="hofm_1836_03_0027_04"><composer key="compo_025697">Panseron</composer>, <title>Galopp p. Pfte</title>. <pubPlace key="place_0044">Berlin</pubPlace>, <publisher key="publ_4370">Westphal</publisher> 2 Gr.</bibl><bibl id="hofm_1836_03_0027_05">
<composer key="compo_027983">Reissiger (F.A.)</composer> <title>Adelen-Walzer f. Pfte. Op. <opus key="opus_0684">14</opus></title>. (Neueste Berliner Lieblings-Walzer No. 15.) Ebend. 8 Gr.</bibl><bibl id="hofm_1836_03_0027_06">
<regNumber>3637</regNumber>. <composer key="compo_030571">Schmidt (Herm.)</composer> <title>Neueste Berliner Ballet-Musik. 2tes Heft 5 Tänze aus dem komischen Zauberballet: Der Marquis von Carabas, oder der gestiefelte Kater f. Pfte</title>. Ebend. 8 Gr.</bibl><bibl id="hofm_1836_03_0027_07">
<regNumber>3631</regNumber>. <composer key="compo_033566">Strauss (J.)</composer> <title>Heimath-Klänge. Walzer f. Pfte. Op. <opus key="opus_4436">84</opus></title>. <pubPlace key="place_0731">Wien</pubPlace>, <publisher key="publ_1506">Haslinger</publisher> 45 Xr.</bibl><bibl id="hofm_1836_03_0027_08">
<regNumber>3630</regNumber>. – <title>Reise-Galopp f. Pfte. No. 17. (Op. <opus key="opus_4460">85</opus>.)</title> Ebend. 15 Xr.</bibl><bibl id="hofm_1836_03_0027_09">
– <title>Ballnacht-Galopp f. Pfte. No.18</title>. Ebend. 15 Xr.</bibl><bibl id="hofm_1836_03_0027_10">
<title>Thalia. Auswahl vorzügl. Mode-Tänze f. Pfte. No. 26, <composer key="compo_037603">Wrede</composer>, Zapfenstreich-Walzer. No. 27, Galoppen aus Adlers Horst u. Gustav</title>. <pubPlace key="place_0078">Braunschw</pubPlace>. <publisher key="publ_3822">Spehr</publisher> à 4 Gr.</bibl><bibl id="hofm_1836_03_0027_11">
<composer key="compo_034395">Thiele (C.)</composer> <title>Augustenredowa f. Pfte</title>. <pubPlace key="place_0044">Berlin</pubPlace>, <publisher key="publ_2455">Lischke</publisher> 2 Gr.
</bibl><bibl id="hofm_1836_03_0027_12">– <title>Ball-Tänze (Berliner neueste) f. Pfte. Lief. 4, Contretänze nach Melodien spanischer Nationaltänze</title>. Ebend. 6 Gr.</bibl><bibl id="hofm_1836_03_0027_13">
– <title>Kanonen-Galopp aus dem Lager bei Kalisch f. Pfte</title>. Ebend. 2 Gr.</bibl><bibl id="hofm_1836_03_0027_14">
– <title>Olavs-Galopp f. Pfte</title>. Ebend. 2 Gr.</bibl><bibl id="hofm_1836_03_0027_15">
– <title>Sehnsuchts-Masurka f. Pfte</title>. Ebend. 2 Gr.</bibl><bibl id="hofm_1836_03_0027_16">
– <title>Preussischer Walzer f. Pfte</title>. Ebend. 4 Gr.</bibl><bibl id="hofm_1836_03_0027_17">
<composer key="compo_036746">Wernthal (A.)</composer> <title>Bibliothek der neuesten Tanz-Musik f. Pfte, No. 2</title>. <pubPlace key="place_0078">Braunschw</pubPlace>, <publisher key="publ_3822">Spehr</publisher> 6 Gr.</bibl><bibl id="hofm_1836_03_0027_18">
<regNumber>3642</regNumber>. <composer key="compo_036994">Wieprecht (W.)</composer> <title>Marianen-Walzer f. Pfte. Op. <opus key="opus_1391">20, No. 1</opus></title>. <pubPlace key="place_0044">Berlin</pubPlace>, <publisher key="publ_1146">Fröhlich u. Co</publisher>. 10 Gr.</bibl></div><div id="hofm_1836_03_0027_div15"><head><hofClass key="hofCl_0250">Märsche für das Pianoforte.</hofClass></head><bibl id="hofm_1836_03_0027_19">

<composer key="compo_002199">Bellini</composer>, <title>Marsch aus d. Oper: Norma f. Pfte</title>. <pubPlace key="place_0276">Hamb</pubPlace>. <publisher key="publ_0640">Cranz</publisher> 2 Gr.</bibl><bibl id="hofm_1836_03_0027_20">
<composer key="compo_013059">Halevy</composer>, <title>Marsch aus der Oper: Die Jüdin f. Pfte. (No. 24)</title>. <pubPlace key="place_0044">Berlin</pubPlace>, <publisher key="publ_3471">Schlesinger</publisher> 6 Gr.</bibl><bibl id="hofm_1836_03_0027_21">
<title>Sammlung beliebter Prager Märsche f. Pfte. No. 7, <composer key="compo_019648">Labitzky</composer>, Carlsbader Schützen-Marsch. Op. <opus key="opus_0927">16</opus>. No. 8, Polnischer Reise-Marsch</title>. <pubPlace key="place_0554">Prag</pubPlace>, <publisher key="publ_0282">Berra</publisher> à 12 Xr.</bibl></div><div id="hofm_1836_03_0027_div16"><head><hofClass key="hofCl_0072">Schulen für das Pianoforte.</hofClass></head><bibl id="hofm_1836_03_0027_22">


<composer key="compo_007284">Dotzauer (B.)</composer> <title>Supplement à chaque Methode du Pfte composé aux premiers Commençants. Oe. <opus key="opus_1661">23</opus></title>. <pubPlace key="place_0078">Braunschw</pubPlace>. <publisher key="publ_3822">Spehr</publisher> 8 Gr.</bibl><bibl id="hofm_1836_03_0027_23">
<composer key="compo_015413">Horr (P.)</composer> <title>Praktische Klavierschule, enth. die nöth. Vorübungen, Tonleitern, Cadenzen u. Präludien nebst einer Sammlung leichter u. kurzer Tonstücke a. d. beliebt. Opern, nach einer zweckm. stufenweise geordn. Methode nebst Fingersatz. 5 Hefte</title>. <pubPlace key="place_0519">Offenbach</pubPlace>, <publisher key="publ_0065">André</publisher> à 54 Xr. (12 Gr.)</bibl><pb n="28"/><bibl id="hofm_1836_03_0028_0101">

<composer key="compo_030282">Schindelmeisser (F.)</composer> <title>Claviatur f. Pfte. nebst Anweisung zum Gebrauch</title>. <pubPlace key="place_0044">Berlin</pubPlace>, <publisher key="publ_4070">Trautwein in Commis</publisher>. 2 Thlr.</bibl></div><div id="hofm_1836_03_0028_div17"><head><hofClass key="hofCl_0225">Musik für die Orgel.</hofClass></head><bibl id="hofm_1836_03_0028_0202">


<regNumber>3683</regNumber>. <composer key="compo_000666">André (Jul.)</composer> <title>6 Vor- und Nachspiele verschiedenen Characters f. Orgel. Op. <opus key="opus_0806">15</opus></title>. <pubPlace key="place_0069">Bonn</pubPlace>, <publisher key="publ_3791">Simrock</publisher> 1 Fr. 50 Ct.</bibl><bibl id="hofm_1836_03_0028_0303">
<composer key="compo_026550">Pitsch (C.F.)</composer> <title>6 Pastoral-Präludien mit obligatem Pedal f. Orgel. Op. <opus key="opus_3973">7. No. 1, 2</opus></title>. <pubPlace key="place_0554">Prag</pubPlace>, <publisher key="publ_0282">Berra</publisher> à 45 Xr.</bibl><bibl id="hofm_1836_03_0028_0404">
<regNumber>3680</regNumber>. <composer key="compo_028447">Rinck (Ch.H.)</composer> <title>15 leichte fugirte Nachspiele f. Orgel. Op. <opus key="opus_0314">114</opus></title>. <pubPlace key="place_0069">Bonn</pubPlace>, <publisher key="publ_3791">Simrock</publisher> 3 Fr.</bibl><bibl id="hofm_1836_03_0028_0505">
– <title>Der Choralfreund, oder Studien f. d. Choralspielen. IVter Jahrgang, 6tes Heft</title>. <pubPlace key="place_0438">Mainz</pubPlace>, <publisher key="publ_3563">Schott</publisher> 18 Xr.</bibl><bibl id="hofm_1836_03_0028_0606">
<composer key="compo_031940">Seiffert (C.T.)</composer> <title>Choral: Eine feste Burg ist unser Gott, mit vier den Worten Dr. Luthers entsprechenden Veränderungen f. Orgel. Op. <opus key="opus_2116">3</opus></title>. <pubPlace key="place_0615">Schleusingen</pubPlace>, <publisher key="publ_1260">Glaser</publisher> 6 Gr.</bibl></div><div id="hofm_1836_03_0028_div18"><head><hofClass key="hofCl_0210">Musik für die Harfe.</hofClass></head><bibl id="hofm_1836_03_0028_0707">
<composer key="compo_027155">Prumier</composer>, <title>Souvenirs de l’Opéra : I Puritani de Bellini arr. p. Harpe. Op. <opus key="opus_2915">43</opus></title>. <pubPlace key="place_0438">Mainz</pubPlace>, <publisher key="publ_3563">Schott</publisher> 1 Fl.</bibl></div><div id="hofm_1836_03_0028_div19"><head><hofClass key="hofCl_0068">Kirchenmusik.</hofClass></head><bibl id="hofm_1836_03_0028_0808">
<composer key="compo_013517">Hassfurther (H.)</composer> <title>6 vierstimmige Trauergesänge f. Sopran, Alt, Tenor u. Bass. <format>Partitur</format></title>. <pubPlace key="place_0304">Hof</pubPlace>, <publisher key="publ_1310">Grau</publisher> 4 Gr.</bibl><bibl id="hofm_1836_03_0028_0909">
<composer key="compo_015456">Horak (W.E.)</composer> <title>Hymni in sacris pro defunctis, usitati viris cantandi tubis barytonis ad clangentibus. <format>Partitur</format></title>. <pubPlace key="place_0554">Prag</pubPlace>, <publisher key="publ_0282">Berra</publisher> 1 Fl. 15 Xr.</bibl><bibl id="hofm_1836_03_0028_1010">
<regNumber>3679</regNumber>. <composer key="compo_028447">Rinck (Ch.H.)</composer> <title>Klopstocks Lied: Auferstehn, ja auferstehn f. Sopran, Alt, Tenor u. Bass mit Orgel-Begleitung. Op. <opus key="opus_0299">113</opus>. <format>Partitur u. Stimmen</format></title>. <pubPlace key="place_0069">Bonn</pubPlace>, <publisher key="publ_3791">Simrock</publisher> 3 Fr.</bibl><bibl id="hofm_1836_03_0028_1111">
<composer key="compo_030397">Schlick (J.A.)</composer> <title>Der heilige Gesang. Eine Sammlung vierstimmiger deutscher Kirchengesänge f. Sopr., Alt, Ten. u. Bass mit Orgel-Begl. 1stes Heft</title>. 4. <pubPlace key="place_0687">Trier</pubPlace>. <publisher key="publ_1175">Gall</publisher> geh. 16 Gr.</bibl><bibl id="hofm_1836_03_0028_1212">
<regNumber>3678</regNumber>. <composer key="compo_032798">Spohr (L.)</composer> <title>Die letzten Dinge (The last Judment) Oratorium nach Worten der heiligen Schrift zusammengestellt v. Rochlitz. <format>Vollständiger Klavierauszug</format> v. Ferd. Spohr, mit deutsch. u. englischem Texte</title>. <pubPlace key="place_0069">Bonn</pubPlace>, <publisher key="publ_3791">Simrock</publisher> geh. 18 Fr.</bibl></div><div id="hofm_1836_03_0028_div20"><head><hofClass key="hofCl_0021">Gesangstücke für Concertmusik mit Begleitung mehrerer Instrumente.</hofClass></head><bibl id="hofm_1836_03_0028_1313">

<regNumber>3686</regNumber>. <composer key="compo_002152">Belcke (Fr.)</composer> <title>Wanderlied. Die beiden Blümchen. Der Angler. Drei Lieder f. Sopran od. Tenor mit Begl. d. Pfte u. Vcllo od. Fagott od. Posaune (Auf, fröhlich fortgegangen – Blüthen einsam auf der Haide – Wieder ein Fischlein gefangen)</title> <pubPlace key="place_0392">Leipzig</pubPlace>, <publisher key="publ_0437">Br. et Härtel</publisher> 20 Gr.</bibl><bibl id="hofm_1836_03_0028_1414">
<regNumber>3671.</regNumber> <composer key="compo_007289">Dotzauer (J.J.F.)</composer> <title>Das eigne Herz f. Tenor m. Pfte u. obligatem Vclle. Op. <opus key="opus_0720">141</opus>. (Was ist das herrlichste.)</title> <pubPlace key="place_0044">Berlin</pubPlace>, <publisher key="publ_4067">Trautwein</publisher> 12 Gr.</bibl></div><div id="hofm_1836_03_0028_div21"><head><hofClass key="hofCl_0102">Mehrstimmige Gesänge mit und ohne Pianoforte.</hofClass></head><album id="hofm_1836_03_0028_1515"><regNumber>3663</regNumber>. <title>Liedertafel (Rigaer). 2tes Heft. 6 Gesänge f. 4 Männerstimmen. <format>Partitur u. Stimmen</format> (<composer key="compo_007238">Dorn</composer>, Nimmer, das glaubt <pb n="28"/>mir – <composer key="compo_036565">Weitzmann</composer>, Wer will mein Kamerade seyn – <composer key="compo_007238">Dorn</composer>, ’s war Einer, dem’s zu Herzen ging – <composer key="compo_032092">Seuberlich</composer>, Wir sind nicht mehr am ersten Glas – <composer key="compo_026746">Pohrt</composer>, Das Leben gleicht der Reise – <composer key="compo_035621">Vogt</composer>, Wer nennt den hohen Reiter)</title>. <pubPlace key="place_0392">Leipzig</pubPlace>, <publisher key="publ_2017">Kistner</publisher> 1 Thlr. 8 Gr.</album><bibl id="hofm_1836_03_0028_1616">
<composer key="compo_022857">Melcher</composer>, <title>Schäfers Sonntagslied (Das ist der Tag des Herrn) f. 4 Männerstimmen. <format>Partitur u. Stimmen</format></title>. <pubPlace key="place_0044">Berlin</pubPlace>, <publisher key="publ_1146">Fröhlich u. Co</publisher>. 10 Gr.</bibl><bibl id="hofm_1836_03_0028_1717">
<regNumber>3570</regNumber>. <composer key="compo_022906">Mendheim (Sim.)</composer> <title>2 Gesänge f. Sopran, Alt, Tenor u. Bass m. Begl. d. Pfte. Op. <opus key="opus_1881">26</opus>. <format>Partitur u. Stimmen</format>. (Die Meeresfluth mit Purpurgluth – Aufgewacht.)</title> <pubPlace key="place_0044">Berlin</pubPlace>, <publisher key="publ_4067">Trautwein</publisher> 1 Thlr. 16 Gr.</bibl><bibl id="hofm_1836_03_0028_1818">
<regNumber>3675</regNumber>. <composer key="compo_023789">Morlacchi (Fr.)</composer> <title>Kaiser Nicolaus. Gedicht f. 3 Singstimmen u. Pfte. (Wer ist der Mann so schön)</title>. <pubPlace key="place_0147">Dresden</pubPlace>, <publisher key="publ_2661">Meser</publisher> 10 Gr.</bibl><bibl id="hofm_1836_03_0028_1919">
<composer key="compo_030775">Schneider (Jul.)</composer> <title>4 Gesänge f. 4 Männerstimmen. Op. <opus key="opus_1881">26</opus>. <format>Partitur u. Stimmen</format> (Wir kommen – Kommt und hört – Die Blüthen der Schönheit – Das Lied vom Wein)</title>. <pubPlace key="place_0044">Berlin</pubPlace>,
<publisher key="publ_1366">Gröbenschütz u. S</publisher>. n. 16 Gr.</bibl></div><div id="hofm_1836_03_0028_div22"><head><hofClass key="hofCl_0268">Opernmusik mit Pianofortebegleitung.</hofClass></head><bibl id="hofm_1836_03_0028_2020">



<composer key="compo_001075">Auber</composer>, <title>Zank-Duett aus der Oper: Der Maurer u. Schlosser (Ja Madam Bertrand-Allons encore)</title>. <pubPlace key="place_0069">Bonn</pubPlace>, <publisher key="publ_3791">Simrock</publisher> 1 Fr. 50 Ct.</bibl><bibl id="hofm_1836_03_0028_2121">
<composer key="compo_006234">Curschmann (Fr.)</composer> <title>Abdul und Erinieh. Singspiel in einem Aufzuge. <format>Clavierauszug</format> von Componisten. Op. <opus key="opus_0392">12</opus></title>. <pubPlace key="place_0044">Berlin</pubPlace>, <publisher key="publ_3471">Schlesinger</publisher> geh. 5 Thlr.</bibl><wip id="hofm_1836_03_0028_2222"><composer key="compo_011665">Gomis (M.)</composer> <title>Gasparo, der Lastträger von Grenada, romantisch komische Oper</title>. <title>No. 2, Lied: Ich prophezeihe allen (Je promets)</title> 6 Gr. <title>No. 3, Arie: Thio! thio! hört ihr wohl, Gasparo</title> 12 Gr. <title>No. 4, Romanze: Komm feines Liebchen ans Fenster (Quelle tarde)</title> 4 Gr. <title>No. 11, Ballade: Eine Prinzessin von Granada (Une Princesse)</title> 4 Gr. <pubPlace key="place_0078">Braunschw</pubPlace>. <publisher key="publ_3822">Spehr</publisher>.</wip><wip id="hofm_1836_03_0028_2323"><composer key="compo_013060">Halevy (F.)</composer> <title>Die Jüdin (La Juive) Oper in 5 Acten (deutsch u. französisch). <format>Vollständiger Clavierauszug</format></title>. <pubPlace key="place_0044">Berlin</pubPlace>, <publisher key="publ_3471">Schlesinger</publisher>. Subscr.-Pr. n. 12 Thlr.<lb/>
Hieraus einzeln:<lb/>
<title>No. 1, Coro: Hosanna singt (Hosanna plaisir)</title> 8 Gr. <title>No. 2, Cavatine (vierstim.) Wenn ew’ger Hass (Si la rigueur)</title> 10 Gr. <title>No. 3, Serenade: Fern vom Liebchen (Loin de son amie)</title> 8 Gr. No. 3, (B) Idem f. eine Singstimme 6 Gr. <title>No. 4, Coro: Eilt herbei (Hâtons nous)</title> 12 Gr. <title>No. 5, Trinkchor: Hoch preiset das Geschick (Ah quel heureux)</title> 12 Gr. <title>No. 8, Gebet der Juden u. Cavatine: Allmächt’ger blicke (O Dieu)</title> 14 Gr. <title>No. 8, (A) Die Cavatine allein: Gott lasse meine Stimme (Dieu ! que ma voix)</title> 6 Gr. <title>No. 9, Trio: Du verwahrst (Tu possèdes)</title> 1 Thlr. <title>No. 9 (A) Trio: Allmächt’ger blicke (O Dieu)</title> 10 Gr. <title>No.10, Romanze: Er kommt zurück! (Il va venir)</title> 8 Gr. <title>No. 11, Duo: Als mein Herz (Lorsqu’à toi)</title> 18 Gr. <title>No. 12, Gr. Trio: Was wollt ihr thun (Où courrez vous?)</title> 1 Thlr. <title>No. 13, Rec. et Air: Nur allzu lang (Assez long temps)</title> 12 Gr. <title>No. 14, Duo: Blendend schön (Que d’attraits)</title> 16 Gr. <title>No. 15, Bolero: Mein hoher Herr (Mon doux seigneur)</title> 8 Gr. <title>No. 16, Coro: Seltner Tag (O jour)</title> 10 Gr. <title>No. 18, Fluch: Ihr die ihr Gottes Zorn (Vous qui du Dieu)</title> 4 Gr. <title>No. 19, Scene et Duo : Hier der Befehl (Du Cardinal)</title> 20 Gr. <pb n="30"/><title>No. 20, Recit: So will ich geh’n (Je me retire)</title> 6 Gr. <title>No. 21, Duo: So jung des Todes (Mourir)</title> 20 Gr. <title>No. 22, Gr. Air: Rachel als Gott (Rachel quand du)</title> 18 Gr. No. 22, (B) Idem f. Sopran 12 Gr.</wip>
</div><div id="hofm_1836_03_0030_div23"><head><hofClass key="hofCl_0040">Gesänge für eine Stimme mit Begleitung des Pianoforte.</hofClass></head><bibl id="hofm_1836_03_0030_01">

* <title>Alpenlied (Es schwinden die drückenden Sorgen.)</title> <pubPlace key="place_0276">Hamburg</pubPlace>, <publisher key="publ_0640">Cranz</publisher> 2 Gr.</bibl><bibl id="hofm_1836_03_0030_02">
<regNumber>3673</regNumber>. <composer key="compo_000928">Arnold (C.)</composer> <title>Die Nonne f. Alt (Im stillen Klostergarten.)</title> <pubPlace key="place_0044">Berlin</pubPlace>, <publisher key="publ_4067">Trautwein</publisher> 6 Gr.</bibl><bibl id="hofm_1836_03_0030_03">
<composer key="compo_001434">Banck (C.)</composer> <title>Frühlings-Träume. Op. <opus key="opus_0531">13</opus>, 1stes Heft (Gekommen ist der Maye – Ich liege auf sonnigem Hügel – Wie die Nelken duftig athmen – Es drängt die Noth – Kühl ist Abend.)</title> <pubPlace key="place_0276">Hamburg</pubPlace>, <publisher key="publ_0640">Cranz</publisher> 18 Gr.</bibl><bibl id="hofm_1836_03_0030_04">
– <title>Herbst-Träume. Op. <opus key="opus_0684">14</opus>, 2tes Heft (Nun hin ich gefahren – Die schlanke Wasserlilie – Schon die kalten Nebel ziehen – Wie Blumen mich umschlingen – Es plätschert das Meer – Ich sitze hier und singe)</title>. Ebend. 16 Gr.</bibl><bibl id="hofm_1836_03_0030_05">
<regNumber>3650</regNumber>. <composer key="compo_001541">Baroni-Cavalcabo (Julie)</composer> <title>Der Bleicherin Nachtlied. Wiederhall. Die Elfenkönigin. Drei deutsche Lieder. Op. <opus key="opus_0021">10</opus>. (Wellen blinkten durch die Nacht – Auf ewig dein! – Was unterm Monde gleicht uns Elfen.)</title> <pubPlace key="place_0392">Leipzig</pubPlace>, <publisher key="publ_1746">Hofmeister</publisher> 14 Gr.</bibl><bibl id="hofm_1836_03_0030_06">
<composer key="compo_002114">Behrendt (E.J.)</composer> <title>Die Klage der Veilchen (Wir schliefen im Schatten)</title>. <pubPlace key="place_0044">Berlin</pubPlace>, <publisher key="publ_4370">Westphal</publisher> 2 Gr.</bibl><bibl id="hofm_1836_03_0030_07">
<composer key="compo_002199">Bellini</composer>, <title>Derniere Pensée (Dans un Moment) av. Portr</title>. <pubPlace key="place_0276">Hamburg</pubPlace>, <publisher key="publ_0540">Böhme</publisher> 6 Gr.</bibl><bibl id="hofm_1836_03_0030_08">
<regNumber>3672</regNumber>. <composer key="compo_004123">Braune (F.W. Otto)</composer> <title>6 Gesänge f. tiefe Stimme, Alt od. Bass. (Der du von dem Himmel bist – Ein blinder Mann – Ein getreues Herz – Kennst du das Bild – Vöglein in blauer Luft – Schlummre, ach schlummre.)</title> <pubPlace key="place_0044">Berlin</pubPlace>, <publisher key="publ_4067">Trautwein</publisher> 16 Gr.</bibl><bibl id="hofm_1836_03_0030_09">
<composer key="compo_006234">Curschmann (Fr.)</composer> <title>Der kleine Hans (Nein ich will’s nicht länger leiden.)</title> <pubPlace key="place_0044">Berlin</pubPlace>, <publisher key="publ_3471">Schlesinger</publisher> 8 Gr.</bibl><bibl id="hofm_1836_03_0030_10">
<regNumber>3665</regNumber>. <composer key="compo_007246">Dorn (H.)</composer> <title>Dem Kaiser. Der Kaiserin. Das Russenslied. Drei patriotische Gesänge. Op. <opus key="opus_2131">30</opus> (Hoch schlägt das Herz – Hebt wie in Andachtsdrang – Auf, Russen auf!)</title> <pubPlace key="place_0392">Leipzig</pubPlace>, <publisher key="publ_2017">Kistner</publisher> 10 Gr.</bibl><bibl id="hofm_1836_03_0030_11">
<regNumber>3627</regNumber>. <composer key="compo_007823">Eckardt (W.)</composer> <title>4 Wanderlieder v. Uhland, Heft 1. (Lebewohl mein Lieb! – Will ruhen unter den Bäumen hier – Ich reit’ ins finstre Land hinein – Brich nicht Steg.)</title> <pubPlace key="place_0044">Berlin</pubPlace>, <publisher key="publ_4370">Westphal</publisher> 8 Gr.</bibl><bibl id="hofm_1836_03_0030_12">
<composer key="compo_008954">Fay (T.)</composer> <title>Tyroler Ständchen. (Liebes Moadal schau mi freundli an.)</title> <pubPlace key="place_0276">Hamburg</pubPlace>, <publisher key="publ_0640">Cranz</publisher> 2 Gr.</bibl><bibl id="hofm_1836_03_0030_13">
<regNumber>3643</regNumber>. <composer key="compo_011636">Gollmick (C.)</composer> <title>6 deutsche Lieder. Op. <opus key="opus_3244">51</opus> (Mädchen sah ein Röslein prangen – Wie schnell verschwindet – Muss es eine Trennung geben – Veilchen schön u. Veilchen blau – Schlummre sanft – Wär ich doch ein Vögelein)</title>. <pubPlace key="place_0519">Offenbach</pubPlace>, <publisher key="publ_0065">André</publisher> 54 Xr.</bibl><bibl id="hofm_1836_03_0030_14">
<regNumber>3628</regNumber>. <composer key="compo_020376">Lehmann (Lorenz)</composer> <title>Der See. Op. <opus key="opus_2187">31</opus>. (Fischerknabe sitzt alleine.)</title> <pubPlace key="place_0044">Berlin</pubPlace>, <publisher key="publ_1145">Fröhlich</publisher> 8 Gr.</bibl><bibl id="hofm_1836_03_0030_15">
* <title>Lied: Es bleibt halt unter uns! (O Mädchen meine Freude.)</title>
<pubPlace key="place_0276">Hamburg</pubPlace>, <publisher key="publ_0640">Cranz</publisher> 3 Gr.</bibl><bibl id="hofm_1836_03_0030_16"><title>Lithorama. Auswahlt beliebter Gesänge (mit sauber lithogr. Vignetten.) <pb n="31"/>

No. 1, <composer key="compo_022024">Malibran (Madame)</composer> Rataplan. Chansonnette, chanté p. Mlle Francilla Pixis (Rataplan, Tambour habile.)<lb/>
– 2, <composer key="compo_001434">Banck (C.)</composer> Herein! (Was lauscht herein zum Fensterlein.)<lb/>
– 3, – Matrosen abschied (Und sieh’ mich nur an du braunes Kind.)<lb/>
– 4, – Der Maulthier treiber (Ich will mir bau’n ein Haus)<lb/>
– 5, – Die Spinnerin (Schnurre, Rädchen, schnurre.)<lb/>
– 6, <composer key="compo_027778">Reichardt (G.)</composer> Das Bild der Rose (In einem Thale, friedlich stille.)</title> <pubPlace key="place_0392">Leipzig</pubPlace>, <publisher key="publ_1746">Hofmeister</publisher> à 4 Gr.</bibl><bibl id="hofm_1836_03_0031_01"><composer key="compo_022385">Marxsen, (Ed.)</composer> <title>Ueberall ihr Bild (Liebend gedenk ich dein.)</title> <pubPlace key="place_0276">Hamburg</pubPlace>, <publisher key="publ_0540">Böhme</publisher> 4 Gr</bibl><bibl id="hofm_1836_03_0031_02">
* <composer key="compo_023268">Meyerbeer (G.)</composer> <title>Nella. Canzona (Quelle chante – Von Venedig.)</title> Ebend. 5 Gr.</bibl><bibl id="hofm_1836_03_0031_03">
* <title>Minnesänger (der). Musikalische Unterhaltungsblätter. 3ter Jahrg. No. 1, <composer key="compo_000749">Anton</composer>, Am Anfange des Jahres (Hinunter enteilen) No. 2, <composer key="compo_019640">Labarre</composer>, Le Matador. Romance. No. 3, <composer key="compo_021040">Lindpaintner</composer>, Die Amazone (Entflieh Cytherens verderblichem Sohn.) No. 4, <composer key="compo_025697">Panseron</composer>, Demain ou vous marie (Die Ungetreue.) No. 5, <composer key="compo_019681">Lachner</composer>, Ständchen (Leise flehen meine Lieder.) No. 6, <composer key="compo_000088">Adam</composer>, Rosine. Barcarole, No. 7, <composer key="compo_000437">Almenräder</composer>, Reiters Abschied (Auf, auf! ins Feld.) No. 8, <composer key="compo_025697">Panseron</composer>, Ma chaumière (Mein Hüttchen.) No. 9, <composer key="compo_032794">Spohr</composer>, Das Wirthshaus zu…... (Im Wirthshaus geht es aus und ein.) No. 10, <composer key="compo_028739">Romagnesi</composer>, La Déclaration normande (Normandische Liebeserklärung.) No. 11, <composer key="compo_021681">Löwe (C.)</composer> Das Mutter Gottesbild im Teiche (Im schönen Land Tyrol.)</title> <pubPlace key="place_0438">Mainz</pubPlace>, <publisher key="publ_3563">Schott</publisher> à 18 Xr.</bibl><bibl id="hofm_1836_03_0031_04"><composer key="compo_024150">Müller (A.)</composer> <title>Neckereien in der Liebe. Eingelegt in der Posse: Eulenspiegel (Erst neulich verlieb ich mich.)</title> <pubPlace key="place_0044">Berlin</pubPlace>, <publisher key="publ_4067">Trautwein</publisher> 6 Gr.</bibl><bibl id="hofm_1836_03_0031_05">
<composer key="compo_024569">Neithardt (A.)</composer> <title>Den Schönen (Den Schönen Heil.)</title> <pubPlace key="place_0044">Berlin</pubPlace>, <publisher key="publ_4370">Westphal</publisher> 4 Gr.</bibl><bibl id="hofm_1836_03_0031_06">
<regNumber>3660</regNumber>. <composer key="compo_027784">Reichardt (Louise)</composer> <title>Christliche, liebliche Lieder f. eine Singst. mit Pfte, (auch ohne Begl. zwei- drei- u. vierstimmig zu singen.) <edition>2te Aufl</edition>. (Wie mit grimm’gen Unverstand – Immer muss ich wieder lesen – Was kann schöner sein – Wo ist Jesu, mein Verlangen – In dem Dörfchen da drüben – Der beste Freund ist in dem Himmel – Heilig, heilig, heilig! – Es ist ein Schnitter – O du Selige – Herbei, o! ihr Gläubigen – Seht ihr auf den grünen Fluren – Tochter Zion freue dich.)</title> <pubPlace key="place_0392">Leipzig</pubPlace>, <publisher key="publ_1746">Hofmeister</publisher> n. 6 Gr.</bibl><bibl id="hofm_1836_03_0031_07"><regNumber>3510</regNumber>. <composer key="compo_027982">Reissiger (C.G.)</composer> <title>Gesänge und Lieder f. eine Sopran- oder Tenorstimme arr. Op. <opus key="opus_0137">104</opus>, 24ste Samml</title>. <pubPlace key="place_0147">Dresden</pubPlace>, <publisher key="publ_2993">Paul</publisher> 16 Gr.</bibl><bibl id="hofm_1836_03_0031_08">
<regNumber>3638</regNumber>. <composer key="compo_027983">Reissiger (Fr.A.)</composer> <title>Lieder u. Gesänge f. Tenor od. Sopran. Op. <opus key="opus_0531">13</opus>, 4te Liedersamml. (O Mutter, o Mutter – Die Nacht ist’s mir gewesen – Du schautest mich so freundlich an – Wieder ist es lange Zehn – Sie soll ich nennen – Es ist doch gar ein süsses Ding.)</title> <pubPlace key="place_0044">Berlin</pubPlace>, <publisher key="publ_4370">Westphal</publisher> 20 Gr.</bibl><bibl id="hofm_1836_03_0031_09">
<regNumber>3664</regNumber>. <composer key="compo_033077">Stegmayer (Ferd.)</composer> <title>6 Gesänge v. G. Keil. Op. <opus key="opus_0531">13</opus> (Sie soll ich nennen – Das ist doch gar ein süsses Ding – Hehre, heilge, stille Nacht – Mein Liebster ist ein Weber – Wenn der Frühling kommt – Wir junge Musicanten.)</title> <pubPlace key="place_0392">Leipzig</pubPlace>, <publisher key="publ_2017">Kistner</publisher> 16 Gr.</bibl></div><pb n="32"/><div id="hofm_1836_03_0032_div24"><head><hofClass key="hofCl_0047">Gesänge mit Guitarrebegleitung.</hofClass></head><wip id="hofm_1836_03_0032_01">



<composer key="compo_001075">Auber</composer>, <title>Lestocq. Opéra comique av. Acc. de Guit. p. Carcassi (Auswahl v. Arien, No. 203–211.)</title> <title>No. 203, Couplets : Die Knute lehrt (Sur nous siffle.) No. 204, Romance: Fort muss ich (Demain je pars.) No. 205, Couplets: Eilt dem Vergnügen (C’est la plaisir.) No. 206, Couplets: Die schwerste Arbeit (Le pauvre Ivan)</title> à 9 Xr. <title>No. 207, Duo: Verrathet nichts (Ne nous trahisez)</title> 14 Xr. <title>No. 208, Couplets: Ja, es gleichen (Voila bien.) No. 209, Romance: Wonnigër Augenblick (O doux moment.) No. 210, Couplets: Sagt ob ich wohl ähnlich bin (Voyez si j’ai les habits)</title> à 9 Xr. <title>No. 211, Air: Schon naht die Mitternacht (Voici bientôt minuit)</title> 27 Xr. <pubPlace key="place_0438">Mainz</pubPlace>, <publisher key="publ_3563">Schott</publisher>.</wip></div><div id="hofm_1836_03_0032_div25"><head><hofClass key="hofCl_0077">Lehrbücher für den Gesang.</hofClass></head><bibl id="hofm_1836_03_0032_02">



<composer key="compo_006141">Crescentini (Girol)</composer> <title>Venti nuovi Solfeggi per voce di Mezzo-Soprano o Contralto all’ uso del Vocalizzo, av. Acc. di Pfte da G.Gugl. Teschner. Liv. 1, 2</title>. <pubPlace key="place_0044">Berlin</pubPlace>, <publisher key="publ_4067">Trautwein</publisher> à 1 Thlr.</bibl><bibl id="hofm_1836_03_0032_03">
<composer key="compo_014772">Hientzsch (Joh.Gottfr.)</composer> <title>Methodische Antleitung zu einem möglichst natur- u. kunstgemäss. Unterrichte im Singen, zunächst f. Lehrer in Schulen. Erster Lehrgang</title>. 4. <pubPlace key="place_0082">Breslau</pubPlace>, <publisher key="publ_0640">Cranz</publisher> 8 Gr.</bibl><bibl id="hofm_1836_03_0032_04">
<regNumber>3656</regNumber>. <composer key="compo_017665">Klein (Bernhard)</composer> <title>Primitive Singübungen für d. Männerchor. Für das königl. musikalische Institut in Berlin geschrieben. Nachgelassenes Werk. <format>Partitur und Stimmen</format></title>. <pubPlace key="place_0392">Leipzig</pubPlace>, <publisher key="publ_1746">Hofmeister</publisher> 14 Gr.</bibl></div><div id="hofm_1836_03_0032_div26"><head><hofClass key="hofCl_0287">Theoretische Werke.</hofClass></head><bibl id="hofm_1836_03_0032_05">



<title>Abhandlung (kurze) über den Metronomen von Mältzl und dessen Anwendung als Tempobezeichnung sowohl, als bei dem Unterricht in der Musik. Mit einer Tabelle</title>. 8. <pubPlace key="place_0438">Mainz</pubPlace>, <publisher key="publ_3563">Schott</publisher>, geh. 18 Xr.</bibl><bibl id="hofm_1836_03_0032_06">
<author>Fischer (J.M.)</author> <title>Die Grundbegriffe der Tonkunst in ihrem natürlichen Zusammenhange, nebst einer geschichtlichen Entwickelung derselben</title>. 8. <pubPlace key="place_0304">Hof</pubPlace>, <publisher key="publ_1310">Grau</publisher>, geh. 16 Gr.</bibl><bibl id="hofm_1836_03_0032_07">
<title>Universal-Lexicon der Tonkunst. Redigirt v. G. Schilling. 3ter Band. 3te Lief. (Gluck-Guglielmi.)</title> <pubPlace key="place_0662">Stuttgart</pubPlace>, <publisher key="publ_2224">Köhler</publisher>. Subscr.-Pr. 45 Xr.</bibl></div></body></text></TEI.2>