<?xml version="1.0" encoding="utf-8"?>
<!DOCTYPE TEI.2
  SYSTEM "../../dtd/tei/cch_tei.dtd">
<TEI.2 id="hofm_1837_11">
<teiHeader type="text"><fileDesc><titleStmt><title>November und December 1837</title></titleStmt><publicationStmt><p/></publicationStmt><sourceDesc><p/></sourceDesc></fileDesc><profileDesc><langUsage><language id="ger">German</language><language id="fre">French</language><language id="ita">Italian</language></langUsage></profileDesc><revisionDesc><change><date>2007-09-20</date><respStmt><name>EP</name></respStmt><item>missing @id added</item></change><change><date>2007-05-11</date><respStmt><name>ER</name></respStmt><item>ID hofm_1837_11_0132_08
added</item></change><change><date>2007-04-27</date><respStmt><name>RV</name></respStmt><item>Changed "biblGroup" elements in "listBibl"</item></change><change><date>2007-03-02</date><respStmt><name>EP</name></respStmt><item>Checked curly brackets</item></change><change><date>2007-02-26</date><respStmt><name>EP</name></respStmt><item>Encoded curly brackets</item></change><change><date>2006-12-19</date><respStmt><name>EP</name></respStmt><item>sic and unclear moved outside elements pubplaces, publisher, composer, hofclass, key, opus</item></change><change><date>2006-10-16</date><respStmt><name>Liz</name></respStmt><item>p. 141 Füller (not Fuller); p. 136 Gautsch (A. v.) - not A.V.
</item></change><change><date>2006-03-15</date><respStmt><name>Liz</name></respStmt><item>final ___ query resolved</item></change><change><date>2006-01-16</date><respStmt><name>Liz</name></respStmt><item>p. 143 Querfurth place, not publisher</item></change><change><date>2005-09-02</date><respStmt><name>Phillip</name></respStmt><item>amendments following checking</item></change><change><date>2005-01-14</date><respStmt><name>Phillip</name></respStmt><item>revised coding</item></change><change><date>2004-11-17</date><respStmt><name>Phillip</name></respStmt><item>amended coding</item></change><change><date>2004-10-29</date><respStmt><name>Phillip</name></respStmt><item>amendments</item></change><change><date>2004-10-15</date><respStmt><name>Phillip</name></respStmt><item>first coding</item></change></revisionDesc></teiHeader>

<text><body><pb n="130"/><head>November und December 1837.</head><div id="hofm_1837_11_0130_div01"><head><hofClass key="hofCl_0164">Musik für das Orchester.</hofClass></head>


<bibl id="hofm_1837_11_0130_01"><regNumber>4822</regNumber>. <composer key="compo_011029">Gerke (Otto)</composer> <title>Ouverture aus der Oper: Feodore f. ganzes Orchester. Op. <opus key="opus_1932">27</opus>, in <key>D</key></title>. <pubPlace key="place_0069">Bonn</pubPlace>, <publisher key="publ_2734">Mompour</publisher> 2 Thlr. 4 Gr.</bibl>
<bibl id="hofm_1837_11_0130_02"><regNumber>4718</regNumber>. <composer key="compo_021681">Löwe (C.)</composer> <title>Ouverture zum Oratorium Gutenberg f. grosses Orchester. Op. <opus key="opus_3385">55</opus></title>. <pubPlace key="place_0438">Mainz</pubPlace>, <publisher key="publ_3563">Schott</publisher> 3 Fl.</bibl>
<bibl id="hofm_1837_11_0130_03"><title>Sammlung von Märschen f. vollst. türkische Musik zum best. Gebrauche der preuss. Armee. In <format>Partitur</format>. No. 110, <composer key="compo_037360">Witzleben (J. v.)</composer> Geschwindmarsch, I.K.H. der Frau Prinzessin Wilhelm von Preussen gew. No. 111, <composer key="compo_033892">Sussmann</composer>, Geschwindmarsch des k. russ. Leib-Garde-Pawlowsk-Regeiments</title>. <pubPlace key="place_0044">Berlin</pubPlace>, <publisher key="publ_3471">Schlesinger</publisher> à 20 Gr.</bibl>
<bibl id="hofm_1837_11_0130_04"><regNumber>4777</regNumber>. <composer key="compo_033569">Strauss (Joh.)</composer> <title>Walzer f. Orchester. No. 35, Pilger am Rhein. Op. <opus key="opus_4722">98</opus></title>. <pubPlace key="place_0731">Wien</pubPlace>, <publisher key="publ_1506">Haslinger</publisher> 2 Fl.</bibl>
</div><div id="hofm_1837_11_0130_div02"><head><hofClass key="hofCl_0245">Musik für die Violine.</hofClass></head>
<bibl id="hofm_1837_11_0130_05"><title>Cachucha. Spanischer Nationaltanz, ausgeführt von Dlle Fanny Elssler, f. 1 oder 2 Violinen (oder Violine und Guitarre) eing. von Ant. Diabelli</title>. <pubPlace key="place_0731">Wien</pubPlace>, <publisher key="publ_0735">Diabelli u. C</publisher>. 15 Xr.</bibl>
<bibl id="hofm_1837_11_0130_06"><composer key="compo_005565">Cherblanc (L.)</composer> <title>Variations brillantes sur un Thème original précédé d’une Introduction p. Violon av. Acc. d’un Violon, Alto et Vclle, ou de Pfte. Oe. <opus key="opus_2737">4</opus></title>. <pubPlace key="place_0537">Paris</pubPlace>, <publisher key="publ_3222">Richault</publisher> 9 Fr.</bibl>
<bibl id="hofm_1837_11_0130_07"><regNumber>4797</regNumber>. <composer key="compo_014560">Herz (Léon)</composer> <title>Variations brillantes sur la Cavatine favorite (Oh desio della Vendetta) de l’Opéra : Belisario de Donizetti p. Violon av. Acc. de Pfte. Oe. <opus key="opus_3181">5</opus>, in <key>A</key></title>. (Déd. à Mr. Ch. Lipinski.) <pubPlace key="place_0731">Wien</pubPlace>, <publisher key="publ_0735">Diabelli u. C</publisher>. 1 Fl.</bibl>
<bibl id="hofm_1837_11_0130_08"><composer key="compo_018771">Kreutzer (R.)</composer> <title>40 Etudes ou Caprices p. Violon av. Acc. d’un second Violon, arr. p. Charl. Eichheim. En 3 Livraisons. Liv. 1</title>. <pubPlace key="place_0392">Leipzig</pubPlace>, <publisher key="publ_1746">Hofmeister</publisher> 20 Gr.</bibl>
<bibl id="hofm_1837_11_0130_09">– <title>40 Etudes ou Caprices p. Violon av. Acc. de Pfte arr. p. Charl. Eichheim. En 3 Livraisons. Liv. 1</title>. Ebend. 1 Thlr.</bibl>
<bibl id="hofm_1837_11_0130_10"><composer key="compo_019726">Lafont (Ch.Ph.)</composer> <title>Grande Fantaisie et Variations sur un Thème original p. Violon av. Acc. de Pfte. Oe. <opus key="opus_2458">35</opus>, in <key>D</key></title>. <pubPlace key="place_0044">Berlin</pubPlace>, <publisher key="publ_3471">Schlesinger</publisher> 1 Thlr. 4 Gr.</bibl>
<bibl id="hofm_1837_11_0130_11"><regNumber>4777</regNumber>. <composer key="compo_033569">Strauss (Joh.)</composer> <title>Walzer und Cotillons f. 2 Violinen (3te Violine ad lib.) u. Bass. No. 61, Pilger am Rhein. Walzer. Op. <opus key="opus_4722">98</opus></title>. <pubPlace key="place_0731">Wien</pubPlace>, <publisher key="publ_1506">Haslinger</publisher> 1 Fl.</bibl>
</div><div id="hofm_1837_11_0130_div03"><head><hofClass key="hofCl_0184">Musik für das Violoncelle.</hofClass></head>
<bibl id="hofm_1837_11_0130_12"><regNumber>4782</regNumber>. <composer key="compo_007289">Dotzauer (J.J.F.)</composer> <title>Variations brillantes sur un Motif de l’Opéra : Il Crociato de Meyerbeer p. Violoncelle av. Acc. d’Orchestre. Oe. <opus key="opus_0754">145</opus>, in <key>C</key></title>. <pubPlace key="place_0392">Leipzig</pubPlace>, <publisher key="publ_2039">Klemm</publisher> 1 Thlr. 16 Gr.</bibl>
<bibl id="hofm_1837_11_0130_13">– – Idem av. Acc. de Quatuor. Ebend. 1 Thlr.</bibl>
<bibl id="hofm_1837_11_0130_14">– – Idem av. Acc. de Pfte. Ebend. 16 Gr.</bibl>
<bibl id="hofm_1837_11_0130_15"><regNumber>4840</regNumber>. – <title>Violoncell-Flageolett-Schule. Ein Hülfsmittel zum Studium reiner Intonation, nebst einem Anhange über das Pizzicato mit den Fingern der linken Hand. Op. <opus key="opus_0776">147</opus></title>. <pubPlace key="place_0392">Leipzig</pubPlace>, <publisher key="publ_1746">Hofmeister</publisher>, geh. 1 Thlr. 8 Gr.</bibl>
<pb n="131"/>
<bibl id="hofm_1837_11_0131_01"><composer key="compo_009719">Franchomme (Aug.)</composer> <title>Thème varié p. Violoncelle av. Acc. de 2 Violons, Alto, Violoncelle et Contre-Basse ad lib. Oe. <opus key="opus_0001">1</opus>, in <key>A</key></title>. <pubPlace key="place_0392">Leipzig</pubPlace>, <publisher key="publ_1746">Hofmeister</publisher> 14 Gr.</bibl>
<bibl id="hofm_1837_11_0131_02">– Idem av. Acc. de Pfte. Ebend. 10 Gr.</bibl>
<bibl id="hofm_1837_11_0131_03"><regNumber>4841</regNumber>. – <title>3 Nocturnes p. Violoncelle av. Acc. de Pfte. Oe. <opus key="opus_0684">14</opus></title>. Ebend. 20 Gr.</bibl>
<bibl id="hofm_1837_11_0131_04"><regNumber>4756</regNumber>. <composer key="compo_013374">Hartinger (Jos.)</composer> <title>Divertissement sur des Thèmes de l’Opéra : Fra Diavolo p. Violoncelle av. Acc. de 2 Violons, Alto et Vclle (in <key>G</key>.)</title> déd à Mr. J. Merk. <pubPlace key="place_0731">Wien</pubPlace>, <publisher key="publ_2605">Mechetti</publisher> 1 Fl. 30 Xr.</bibl>
<bibl id="hofm_1837_11_0131_05">– – Idem av. Acc. de Pfte. Ebend. 1 Fl.</bibl>
<bibl id="hofm_1837_11_0131_06"><regNumber>4842</regNumber>. <composer key="compo_019130">Kummer (F.A.)</composer> <title>Pièce fantastique p. Violoncelle av. Acc. d’Orchestre. Oe. <opus key="opus_2509">36</opus>, in <key>Am</key></title>. <pubPlace key="place_0392">Leipzig</pubPlace>, <publisher key="publ_1746">Hofm</publisher>. 1 Thlr. 12 Gr.</bibl>
<bibl id="hofm_1837_11_0131_07">– – Idem av. Acc. de Quatuor. Ebend. 1 Thlr.</bibl>
<bibl id="hofm_1837_11_0131_08">– – Idem av. Acc. de Pfte. Ebend. 18 Gr.</bibl>
</div><div id="hofm_1837_11_0131_div04"><head><hofClass key="hofCl_0200">Musik für die Flöte.</hofClass></head>
<bibl id="hofm_1837_11_0131_09"><regNumber>4475</regNumber>. <composer key="compo_000089">Adam (A.)</composer> <title>Airs du Postillon de Lonjumeau arrangés p. 2 Flûtes p. C. Cottignies</title>. <pubPlace key="place_0438">Mainz</pubPlace>, <publisher key="publ_3563">Schott</publisher> 2 Fl.</bibl>
<bibl id="hofm_1837_11_0131_10"><title>Cachucha. Spanischer Nationaltanz, ausgeführt von Dlle. Fanny Elssler, f. 1 oder 2 Flöten (oder Flöte u. Guitarre) eing. v. Ant. Diabelli</title>. <pubPlace key="place_0731">Wien</pubPlace>, <publisher key="publ_0735">Diabelli u. Co</publisher>. 15 Xr.</bibl>
<bibl id="hofm_1837_11_0131_11"><regNumber>4791</regNumber>. <composer key="compo_006066">Cottignies (C.)</composer> <title>6 Fantaisies sur des Motifs du Postillon de Lonjumeau par A. Adam p. Flûte. Oe. <opus key="opus_3105">48</opus>, en 2 Livraisons</title>. <pubPlace key="place_0438">Mainz</pubPlace>, <publisher key="publ_3563">Schott</publisher> à 36 Xr.</bibl>
<bibl id="hofm_1837_11_0131_12"><composer key="compo_007421">Drouet (L.)</composer> <title>24 Mélodies favorites arr. p. Flûte. Cah. 1. (Air de l’Opéra : Il Pirata – Air russe)</title>. <pubPlace key="place_0199">Frankfurt</pubPlace>, <publisher key="publ_0819">Dunst</publisher> 12 Xr.</bibl>
<bibl id="hofm_1837_11_0131_13"><composer key="compo_017173">Keller (Charl.)</composer> <title>3 Divertissemens ou Fantaisies p. Flûte. Oe. <opus key="opus_3029">46</opus></title>. <pubPlace key="place_0078">Braunschweig</pubPlace>, <publisher key="publ_2681">Meyer</publisher> 14 Gr.</bibl>
<bibl id="hofm_1837_11_0131_14"><composer key="compo_020308">Leeb (L.L.)</composer> <title>Melancholy. Characteristic Solo in form of a Fantasia f. Flute with acc. f. Pfte (in <key>Em</key>.)</title> <pubPlace key="place_0199">Frankfurt</pubPlace>, <publisher key="publ_0819">Dunst</publisher> 1 Fl. 12 Xr.</bibl>
<bibl id="hofm_1837_11_0131_15"><regNumber>4777</regNumber>. <composer key="compo_033569">Strauss (Joh.)</composer> <title>Lieblings-Walzer f. Flöte. No. 54, Pilger am Rhein. Op. <opus key="opus_4722">98</opus></title>. <pubPlace key="place_0731">Wien</pubPlace>, <publisher key="publ_1506">Haslinger</publisher> 15 Xr.</bibl>
</div><div id="hofm_1837_11_0131_div05"><head><hofClass key="hofCl_0131">Musik für verschiedene Blasinstrumente.</hofClass></head>
<bibl id="hofm_1837_11_0131_16"><title>Cachucha. Spanischer Nationaltanz, ausgeführt von Dlle. Fanny Elssler f. 1 oder 2 Csakan (oder Csakan und Guitarre) eing. v. Ant. Diabelli</title>. <pubPlace key="place_0731">Wien</pubPlace>, <publisher key="publ_0735">Diabelli u. Co</publisher>. 15 Xr.</bibl>
<bibl id="hofm_1837_11_0131_17"><regNumber>4777</regNumber>. <composer key="compo_033569">Strauss (Joh.)</composer> <title>Lieblings-Walzer f. Csakan. No. 54, Pilger am Rhein. Op. <opus key="opus_4722">98</opus></title>. <pubPlace key="place_0731">Wien</pubPlace>, <publisher key="publ_1506">Haslinger</publisher> 15 Xr.</bibl>
</div><div id="hofm_1837_11_0131_div06"><head><hofClass key="hofCl_0205">Musik für die Guitarre.</hofClass></head>
<bibl id="hofm_1837_11_0131_18"><title>Cachucha. Spanischer Nationaltanz, ausgeführt von Dlle. Fanny Elssler f. 1 oder 2 Guitarren, eing. v. Ant. Diabelli</title>. <pubPlace key="place_0731">Wien</pubPlace>, <publisher key="publ_0735">Diabelli u. Co</publisher>. 15 Xr.</bibl>
<bibl id="hofm_1837_11_0131_19"><title>Lyra. Zusammenstellung des Schönsten und Anmuthigsten aus den neuesten Opern und andern Werken eing. f. Guitarre. 5ter Band. (No. 49–60.)</title> <pubPlace key="place_0554">Prag</pubPlace>, <publisher key="publ_0282">Berra</publisher> 1 Fl. 30 Xr.</bibl>
<wip id="hofm_1837_11_0131_20">– do. einzeln: <title>No. 53, Potpourri aus d. Oper: Der Postillon von Lonjumeau von Adam</title>. <title>No. 54, <composer key="compo_019648">Labitzky</composer>, Amazo-
<pb n="132"/>nen-Tänze. Op. <opus key="opus_2268">32</opus></title>. <title>No. 55, 56, 1stes und 2tes Potpourri aus der Oper: Das Pferd von Erz</title>. <title>No. 57, <composer key="compo_019648">Labitzky</composer>, Paulinen-Walzer. Op. <opus key="opus_2347">33</opus></title>. <title>No. 58, 59, 1stes und 2tes Potpourri aus der Oper: Belisario von Donizetti</title>. <title>No. 60, <composer key="compo_034620">Titl</composer>, Jeanetten- und Ballnacht-Galoppe</title>. <title>No. 61, 62, 1stes und 2tes Potpourri aus d. Oper: Die Hugenotten von Meyerbeer</title>. <pubPlace key="place_0554">Prag</pubPlace>, <publisher key="publ_0282">Berra</publisher> à 15 Xr.</wip>
<bibl id="hofm_1837_11_0132_01"><regNumber>4777</regNumber>. <composer key="compo_033569">Strauss (Joh.)</composer> <title>Lieblings-Walzer f. Guitarre. No. 35, Pilger am Rhein. Op. <opus key="opus_4722">98</opus></title>. <pubPlace key="place_0731">Wien</pubPlace>, <publisher key="publ_1506">Haslinger</publisher> 30 Xr.</bibl>
<bibl id="hofm_1837_11_0132_02"><composer key="compo_036924">Wiedemann (A.J.F.)</composer> <title>Alpenblüthen. Eine Sammlung Tänze f. Guitarre</title>. <pubPlace key="place_0392">Leipzig</pubPlace>, <publisher key="publ_2039">Klemm</publisher> 8 Gr.</bibl>
</div><div id="hofm_1837_11_0132_div07"><head><hofClass key="hofCl_0167">Musik für das Pianoforte mit Begleitung.</hofClass></head>
<bibl id="hofm_1837_11_0132_03"><composer key="compo_001262">Bachfeld (F.)</composer> <title>Potpourri sur des Motifs de l’Opéra : Les Huguenots de Meyerbeer arr. p. Pfte et Flûte ou Violon</title>. <pubPlace key="place_0199">Frankfurt</pubPlace>, <publisher key="publ_0819">Dunst</publisher> 1 Fl. 48 Xr.</bibl>
<bibl id="hofm_1837_11_0132_04"><composer key="compo_002077">Beethoven (L. v.)</composer> <title>3 Sonates arr. p. Pfte et Flûte p. L. Drouet. Oe. <opus key="opus_0392">12</opus></title>. Ebend. 4 Fl.</bibl>
<bibl id="hofm_1837_11_0132_05"><title>Cachucha. Spanischer Nationaltanz, ausgeführt von Dlle. Fanny Elssler f. Violine u. Pfte eing. v. Ant. Diabelli</title>. <pubPlace key="place_0731">Wien</pubPlace>, <publisher key="publ_0735">Diabelli u. Co</publisher>. 15 Xr.</bibl>
<bibl id="hofm_1837_11_0132_06">– Idem f. Flöte u. Pfte. Ebend. 15 Xr.</bibl>
<bibl id="hofm_1837_11_0132_07"><regNumber>4796</regNumber>. <composer key="compo_007566">Durst (Math.)</composer> <title>Rondino sur la Danse fav. espagnole: La Cachucha dansée par Dlle. Fanny Elssler p. Violon et Pfte. Oe. <opus key="opus_4562">9</opus>, in <key>G</key></title>. Ebend. 45 Xr.</bibl>
<bibl id="hofm_1837_11_0132_08"><regNumber>4823</regNumber>. <composer key="compo_011029">Gerke (Otto)</composer> <title>Divertissement sur differens Motifs de l’Opéra : La Fiancée d’Auber p. Pfte et Violon. Oe. <opus key="opus_1165">18</opus>, in <key>D</key></title>. <pubPlace key="place_0069">Bonn</pubPlace>, <publisher key="publ_2734">Mompour</publisher> 18 Gr.</bibl>
<bibl id="hofm_1837_11_0132_09"><composer key="compo_011527">Goertz (Wilh.)</composer> <title>Souvenir de Schütz pour Pfte et Violon. Oe. <opus key="opus_2116">3</opus></title>. <pubPlace key="place_0218">Fulda</pubPlace>, <publisher key="publ_2779">Müller</publisher> 6 Gr.</bibl>
<bibl id="hofm_1837_11_0132_10"><composer key="compo_013412">Hartmann (Fr.)</composer> <title>Aufmunterung f. d. Jugend. 3 leichte Rondo f. Pfte u. Violine. Op. <opus key="opus_2630">38</opus>, 3te Lief. d. Rondos No. 1–3</title>. <pubPlace key="place_0078">Braunschweig</pubPlace>, <publisher key="publ_2681">Meyer</publisher> à 10 Gr.</bibl>
<bibl id="hofm_1837_11_0132_11"><regNumber>4812</regNumber>. <composer key="compo_014551">Herz (Henri)</composer> et <composer key="compo_019726">C.P. Lafont</composer>, <title>Duo concertant sur les Motifs du Postillon de Lonjumeau d’A. Adam p. Pfte et Violon. Oe. <opus key="opus_4687">96</opus>, in <key>A</key></title>. <pubPlace key="place_0438">Mainz</pubPlace>, <publisher key="publ_3563">Schott</publisher> 2 Fl. 24 Xr.</bibl>
<bibl id="hofm_1837_11_0132_12"><regNumber>4770</regNumber>. <composer key="compo_019130">Kummer (F.A.)</composer> <title>Amusements sur des Thèmes de l’Opéra : La Juive, pour les Amateurs de Pfte et Violoncelle. Oe. <opus key="opus_2458">35</opus>. No. 5, Allegrezza. No. 6, Duolo. No. 7, Leggerezza</title>. <pubPlace key="place_0147">Dresden</pubPlace>, <publisher key="publ_2661">Meser</publisher> 1 Thlr. 6 Gr.</bibl>
<bibl id="hofm_1837_11_0132_13"><regNumber>4803</regNumber>. – <title>3 Morceaux faciles sur des Thèmes fav. de l’Opéra : Le Postillon de Lonjumeau d’A. Adam p. Pfte et Violoncelle (ou Alto.) Oe. <opus key="opus_2576">37</opus></title>. <pubPlace key="place_0147">Dresden</pubPlace>, <publisher key="publ_2993">Paul</publisher> 1 Thlr. 4 Gr.</bibl>
<bibl id="hofm_1837_11_0132_14"><regNumber>4789</regNumber>. <composer key="compo_020504">Lemoine (Henr.)</composer> <title>25me Bagatelle sur deux Motifs de l’Ambassadrice p. Pfte av. Acc. de Violon (ou Flûte) ad lib. (in <key>F</key>.)</title> <pubPlace key="place_0438">Mainz</pubPlace>, <publisher key="publ_3563">Schott</publisher> 1 Fl.</bibl>
<bibl id="hofm_1837_11_0132_15"><regNumber>4775</regNumber>. <composer key="compo_023828">Moscheles (Ign.)</composer> <title>Concert pathétique (No. 7 des Concerts) p. Pfte av. Acc. d’Orchestre. Oe. <opus key="opus_4639">93</opus>, in <key>Cm</key></title>. (déd. à Mr. Meyerbeer.) <pubPlace key="place_0731">Wien</pubPlace>, <publisher key="publ_1506">Haslinger</publisher> 7 Fl.</bibl>
<bibl id="hofm_1837_11_0132_15_n">– – Idem av. Acc. de Quatuor. Ebend. 4 Fl. 30 Xr.</bibl>
<bibl id="hofm_1837_11_0132_17"><composer key="compo_023890">Mozart (W.A.)</composer> <title>Douze grands Concertos p. Pfte av. Acc. de Flûte, Violon et Vclle arr. avec Cadences et Ornements p. J.N. Hummel. No. 6, in <key>Es</key></title>. <pubPlace key="place_0438">Mainz</pubPlace>, <publisher key="publ_3563">Schott</publisher> 3 Fl. 36 Xr.</bibl>
<bibl id="hofm_1837_11_0132_18"><composer key="compo_024215">Müller (Georg)</composer> <title>Introduction u. Rondo brillant f. Pfte u. Violine. Op. <opus key="opus_0927">16</opus>, in <key>E</key></title>. <pubPlace key="place_0078">Braunschweig</pubPlace>, <publisher key="publ_2681">Meyer</publisher> 20 Gr.</bibl>
<pb n="133"/>
<bibl id="hofm_1837_11_0133_01"><composer key="compo_025692">Panofka (Henri)</composer> <title>Les Inséparables. No. 2, Grand Duo brillant sur un Motif de l’Eclair de Halevy p. Pfte et Violon concertans. Oe. <opus key="opus_0021">10</opus>, in <key>D</key></title>. <pubPlace key="place_0044">Berlin</pubPlace>, <publisher key="publ_3471">Schlesinger</publisher> 1 Thlr.</bibl>
<bibl id="hofm_1837_11_0133_02"><composer key="compo_027659">Reber (Henri)</composer> <title>Trio p. Pfte, Violon et Violoncelle. Oe. <opus key="opus_4300">8</opus>, in <key>A</key></title>. <pubPlace key="place_0537">Paris</pubPlace>, <publisher key="publ_3222">Richault</publisher> 12 Fr.</bibl>
<bibl id="hofm_1837_11_0133_03"><regNumber>4777</regNumber>. <composer key="compo_033569">Strauss (Joh.)</composer> <title>Walzer und Cotillons f. Violine und Pfte. No. 62, Pilger am Rhein. Walzer. Op. <opus key="opus_4722">98</opus></title>. <pubPlace key="place_0731">Wien</pubPlace>, <publisher key="publ_1506">Haslinger</publisher> 45 Xr.</bibl>
</div><div id="hofm_1837_11_0133_div08"><head><hofClass key="hofCl_0171">Musik für das Pianoforte zu 4 Händen.</hofClass></head>
<bibl id="hofm_1837_11_0133_04"><regNumber>4781</regNumber>. <composer key="compo_004435">Brunner (C.T.)</composer> <title>Bouquet musical, contenant 6 Pièces divertissantes et instructives p. Pfte à 4 Mains. Oe. <opus key="opus_0234">11</opus></title>. <pubPlace key="place_0392">Leipzig</pubPlace>, <publisher key="publ_2039">Klemm</publisher> 12 Gr.</bibl>
<bibl id="hofm_1837_11_0133_05"><regNumber>389</regNumber>. <composer key="compo_006306">Czerny (Ch.)</composer> <title>Souvenir théatral. Collection périodique de Fantaisies élégantes sur les Motifs les plus favoris des nouveaux Opéras p. Pfte à 4 Mains. (Oe. <opus key="opus_1782">247</opus>.) Cah. 49, 1ère Fantaisie sur les Motifs de l’Opéra : Beatrice di Tenda. Oe. <opus key="opus_2425">342</opus></title>. <pubPlace key="place_0731">Wien</pubPlace>, <publisher key="publ_0735">Diabelli u. Co</publisher>. 1 Fl. 45 Xr.</bibl>
<bibl id="hofm_1837_11_0133_06"><regNumber>4788</regNumber>. – <title>Divertissement brillant sur un Motif favori de l’Opéra : L’Ambassadrice d’Auber p. Pfte à 4 Mains. Oe. <opus key="opus_3064">469</opus>, in <key>A</key></title>. <pubPlace key="place_0438">Mainz</pubPlace>, <publisher key="publ_3563">Schott</publisher> 1 Fl. 36 Xr.</bibl>
<bibl id="hofm_1837_11_0133_07"><regNumber>4802</regNumber>. – <title>Leichte Uebungsstücke f. Pfte zu 4 Händen in fortschreitender Ordnung und mit Bezeichnung des Fingersatzes. Op. <opus key="opus_3088">472. No. 1, 2</opus></title>. <pubPlace key="place_0147">Dresden</pubPlace>, <publisher key="publ_2993">Paul</publisher> à 16 Gr.</bibl>
<bibl id="hofm_1837_11_0133_08"><regNumber>4799</regNumber>. – <title>Souvenir de Fanny Elssler. Rondoletto brillant sur la Danse favorite espagnole : La Cachucha p. Pfte à 4 Mains. Oe. <opus key="opus_3091">475</opus>, in <key>G</key></title>. <pubPlace key="place_0731">Wien</pubPlace>, <publisher key="publ_0735">Diabelli u. Co</publisher>. 1 Fl.</bibl>
<wip id="hofm_1837_11_0133_09"><composer key="compo_006921">Diabelli (Ant.)</composer> <title>Euterpe. Eine Reihe moderner und vorzügl. bel. Tonstücke f. Pfte zu 4 Händen</title>. <pubPlace key="place_0731">Wien</pubPlace>, <publisher key="publ_0735">Diabelli u. Co</publisher>. <listBibl rend="curly"><bibl><seg><title>No. 349, 1stes</title></seg><seg id="hofm_1837_11_0133_09_first_1" rend="curly-left"><title>Potpourri nach Motiven der Oper: Beatrice di Tenda (Das Castell von Ursino) von Bellini</title>.</seg><seg>        1 Fl</seg></bibl><bibl><seg><title>No. 350, 2tes</title>.</seg><seg sameAs="hofm_1837_11_0133_09_first_1"/><seg id="hofm_1837_11_0133_09_second_1" rend="curly-left">à 1 Fl15 Xr.</seg></bibl><bibl><seg><title>No. 351, 3tes</title></seg><seg sameAs="hofm_1837_11_0133_09_first_1"/><seg sameAs="hofm_1837_11_0133_09_second_1"/></bibl><bibl><seg><title>No. 352, 4tes</title></seg><seg sameAs="hofm_1837_11_0133_09_first_1"/><seg sameAs="hofm_1837_11_0133_09_second_1"/></bibl></listBibl></wip>
<bibl id="hofm_1837_11_0133_10"><composer key="compo_008477">Erfurt (C.)</composer> <title>Pièces faciles p. Pfte à 4 Mains. Oe. <opus key="opus_2764">40</opus></title>. <pubPlace key="place_0436">Magdeburg</pubPlace>, <publisher key="publ_4250">Wagner u. Richter</publisher> 16 Gr.</bibl>
<bibl id="hofm_1837_11_0133_11"><regNumber>4773</regNumber>. <composer key="compo_010955">Georg (Kronprinz von Hannover)</composer> <title>Lennox-Walzer f. Pfte zu 4 Händen</title>. <pubPlace key="place_0044">Berlin</pubPlace>, <publisher key="publ_0639">Crantz</publisher> 12 Gr.</bibl>
<bibl id="hofm_1837_11_0133_12"><regNumber>4774</regNumber>. – <title>Parade-Marsch f. Pfte zu 4 Händen</title>. Ebend. 6 Gr.</bibl>
<bibl id="hofm_1837_11_0133_13"><composer key="compo_015612">Hummel (J.N.)</composer> <title>Grande Sonate p. Pfte à 4 Mains. Oe. <opus key="opus_4617">92</opus>, in <key>As</key>. <edition>Nouvelle Edition</edition></title>. <pubPlace key="place_0731">Wien</pubPlace>, <publisher key="publ_0735">Diabelli u. Co</publisher>. 3 Fl. 30 Xr.</bibl>
<bibl id="hofm_1837_11_0133_14"><composer key="compo_020014">Lanner (Jos.)</composer> <title>Sammlung der neuesten u. bel. Galoppen f. Pfte zu 4 Händen. No. 3, Cachucha-Galoppe</title>. <pubPlace key="place_0731">Wien</pubPlace>, <publisher key="publ_2605">Mechetti</publisher> 15 Xr.</bibl>
<bibl id="hofm_1837_11_0133_15"><composer key="compo_022249">Marks (G.W.)</composer> <title>Potpourri sur des Thèmes favoris de l’Opéra : Le Postillon de Lonjumeau d’A. Adam p. Pfte à 4 Mains. Oe. <opus key="opus_3586">60</opus></title>. <pubPlace key="place_0276">Hamburg</pubPlace>, <publisher key="publ_0640">Cranz</publisher> 	1 Thlr.</bibl>
<bibl id="hofm_1837_11_0133_16">– <title>Potpourri sur des Thèmes favoris de l’Opéra : L’Ambassadrice d’Auber p. Pfte à 4 Mains. Oe. <opus key="opus_3658">61</opus></title>. Ebend. 1 Thlr.</bibl>
<bibl id="hofm_1837_11_0133_17"><composer key="compo_027982">Reissiger (C.G.)</composer> <title>Première Sinfonie arr. p. Pfte à 4 Mains. Oe. <opus key="opus_0409">120</opus>, in <key>Es</key></title>. (déd. à Mr. Fréd. Schneider.) <pubPlace key="place_0044">Berlin</pubPlace>, <publisher key="publ_3471">Schlesinger</publisher> 1 Thlr. 18 Gr.</bibl>
<bibl id="hofm_1837_11_0133_18"><composer key="compo_029142">Rudl (Jos.)</composer> <title>Les Charmes de la Valse p. le Pfte à 4 Mains</title>. <pubPlace key="place_0044">Berlin</pubPlace>, <publisher key="publ_0916">Ende</publisher> 10 Gr.</bibl>
<pb n="134"/>
<bibl id="hofm_1837_11_0134_01"><regNumber>4777</regNumber>. <composer key="compo_033569">Strauss (Joh.)</composer> <title>Pilger am Rhein. Walzer f. Pfte zu 4 Händen. Op. <opus key="opus_4722">98</opus></title>. <pubPlace key="place_0731">Wien</pubPlace>, <publisher key="publ_1506">Haslinger</publisher> 1 Fl. 15 Xr.</bibl>
</div><div id="hofm_1837_11_0134_div09"><head><hofClass key="hofCl_0272">Ouverturen für das Pianoforte zu 4 Händen.</hofClass></head>
<bibl id="hofm_1837_11_0134_02"><regNumber>4475</regNumber>. <composer key="compo_000089">Adam (A.)</composer> <title>Ouverture de l’Opéra : Le Postillon de Lonjumeau arr. p. Pfte à 4 Mains p. F. Beyer</title>. <pubPlace key="place_0438">Mainz</pubPlace>, <publisher key="publ_3563">Schott</publisher> 1 Fl. 12 Xr.</bibl>
<bibl id="hofm_1837_11_0134_03"><composer key="compo_002205">Bellini (V.)</composer> <title>Ouverture aus der Oper: Bianca e Fernando f. Pfte zu 4 Händen</title>. <pubPlace key="place_0554">Prag</pubPlace>, <publisher key="publ_0282">Berra</publisher> 1 Fl.</bibl>
</div><div id="hofm_1837_11_0134_div10"><head><hofClass key="hofCl_0166">Musik für das Pianoforte allein.</hofClass></head>
<bibl id="hofm_1837_11_0134_04"><regNumber>4475</regNumber>. <composer key="compo_000089">Adam (A.)</composer> <title>Le Postillon de Lonjumeau. Opéra comique en 3 Actes arrangé p. Pfte p. Ch. Rummel</title>. <pubPlace key="place_0438">Mainz</pubPlace>, <publisher key="publ_3563">Schott</publisher> geh. 4 Fl. 48 Xr.</bibl>
<bibl id="hofm_1837_11_0134_05">– <title>10 leichte Handstücke über Melodieen aus der Oper: Der Postillon von Lonjumeau f. Pfte mit Fingersatz</title>. <pubPlace key="place_0044">Berlin</pubPlace>, <publisher key="publ_2455">Lischke</publisher> 12 Gr.</bibl>
<bibl id="hofm_1837_11_0134_06"><composer key="compo_002712">Bertini (H.J.)</composer> <title>Rondo Valse p. Pfte. Oe. <opus key="opus_4746">99, No. 2</opus> (Compositions brillantes No. 6.)</title> <pubPlace key="place_0440">Mannheim</pubPlace>, <publisher key="publ_1534">Heckel</publisher> 14 Gr.</bibl>
<bibl id="hofm_1837_11_0134_07"><regNumber>4816</regNumber>. <composer key="compo_004712">Burgmüller (Fréd.)</composer> <title>Capriccio sur la Ronde de l’Opéra du Postillon de Lonjumeau d’A. Adam p. Pfte. Oe. <opus key="opus_2131">30</opus>, in <key>G</key></title>. <pubPlace key="place_0438">Mainz</pubPlace>, <publisher key="publ_3563">Schott</publisher> 1 Fl.</bibl>
<bibl id="hofm_1837_11_0134_08"><regNumber>4786</regNumber>. <composer key="compo_005614">Chopin (F.)</composer> <title>Douze Etudes p. Pfte. Oe. <opus key="opus_1802">25</opus>, Liv. 1, 2</title>. <pubPlace key="place_0392">Leipzig</pubPlace>, <publisher key="publ_0437">Br. u. Härtel</publisher> à 1 Thlr. 12 Gr.</bibl>
<bibl id="hofm_1837_11_0134_09"><composer key="compo_006109">Cramer (Henri)</composer> <title>Impromptu fantastique sur un Thème original p. Pfte. Oe. <opus key="opus_4300">8</opus>, in <key>E</key></title>. (Déd. à Mr. Molique.) <pubPlace key="place_0199">Frankfurt</pubPlace>, <publisher key="publ_0819">Dunst</publisher> 45 Xr.</bibl>
<bibl id="hofm_1837_11_0134_10">– <title>Fantasie über ein beliebtes Thema aus der Oper: Die Fremde von Bellini f. Pfte. Op. <opus key="opus_4562">9</opus>, in <key>A</key></title>. Ebend. 45 Xr.</bibl>
<wip id="hofm_1837_11_0134_11"><regNumber>389</regNumber>. <composer key="compo_006306">Czerny (Ch.)</composer> <title>Souvenir théatral. Collection périodique de Fantaisies élégantes sur les Motifs les plus fav. des nouveaux Opéras p. Pfte</title>. <pubPlace key="place_0731">Wien</pubPlace>, <publisher key="publ_0735">Diabelli u. Co</publisher>. (Oe. <opus key="opus_1782">247</opus>.)<listBibl rend="curly"><bibl><seg><title>Cah. 49, 1ère</title></seg><seg id="hofm_1837_11_0134_11_first_1" rend="curly-left"><title>Fantaisie sur des Motifs de l’Opéra : Beatrice di Tenda. Oe. <opus key="opus_2425">342</opus></title>.</seg><seg id="hofm_1837_11_0134_11_second_1" rend="curly-left">à 1 Fl. 15 Xr.</seg></bibl><bibl><seg><title>50, 2ème</title></seg><seg sameAs="hofm_1837_11_0134_11_first_1"/><seg sameAs="hofm_1837_11_0134_11_second_1"/></bibl></listBibl></wip>
<bibl id="hofm_1837_11_0134_12"><regNumber>3594</regNumber>. – <title>Fantaisie ou Potpourri sur des Thèmes fav. de l’Opéra : Le Postillon de Lonjumeau. Musique d’A. Adam p. Pfte. Oe. <opus key="opus_2613">379. No. 13, 14</opus></title> (Flore théatrale Cah. 33, 34.) <pubPlace key="place_0731">Wien</pubPlace>, <publisher key="publ_1506">Haslinger</publisher> à 1 Fl.</bibl>
<bibl id="hofm_1837_11_0134_13"><regNumber>4788</regNumber>. – <title>Rondeau sur l’Air (Que ces murs coquets) de l’Opéra : L’Ambassadrice d’Auber p. Pfte. Oe. <opus key="opus_3047">462</opus>, in <key>C</key></title>. <pubPlace key="place_0438">Mainz</pubPlace>, <publisher key="publ_3563">Schott</publisher> 1 Fl. 12 Xr.</bibl>
<listBibl><bibl id="hofm_1837_11_0134_14"><regNumber>4776</regNumber>. – <title>Musikalische Theater-Bibliothek f. die Jugend f. Pfte mit Fingersatz. Op. <opus key="opus_3048">463</opus></title>. <pubPlace key="place_0731">Wien</pubPlace>, <publisher key="publ_1506">Haslinger</publisher> à 30 Xr. <lb/><title>Heft 16–18, 3 kleine Potpourris nach beliebten Motiven aus der Bellini’schen Oper: Il Pirata</title>.</bibl><bibl id="hofm_1837_11_0134_15"><title>Heft 19–21, 3 kleine Potpourris nach beliebten Motiven aus der Bellini’schen Oper: Beatrice di Tenda (Castell von Ursino)</title>.</bibl>
</listBibl><bibl id="hofm_1837_11_0134_16"><regNumber>4799</regNumber>. – <title>Souvenir de Fanny Elssler. Rondoletto brillant sur la Danse favorite espagnole: La Cachucha p. Pfte. Oe. <opus key="opus_3091">475</opus>, in <key>G</key></title>. <pubPlace key="place_0731">Wien</pubPlace>, <publisher key="publ_0735">Diabelli u. Co</publisher>. 45 Xr.</bibl>
<bibl id="hofm_1837_11_0134_17">– <title>50 Uebungsstücke f. Anfänger auf d. Pfte in fortschreitender Ordnung und mit dem zweckmässigsten Fingersatze versehen. Op. <opus key="opus_3120">481</opus>. Lief. 1–3</title>. <pubPlace key="place_0078">Braunschweig</pubPlace>, <publisher key="publ_2681">Meyer</publisher> à 12 Gr.</bibl>
<pb n="135"/>
<bibl id="hofm_1837_11_0135_01"><regNumber>3777</regNumber>. <composer key="compo_006921">Diabelli (Ant.)</composer> <title>Musikalische Jugend-Träume. Kleine Potpourri aus den neuesten Opern f. Pfte (auch mit Begl. einer Violine, welche einzeln à 15 Xr. zu haben ist.) Op. <opus key="opus_1010">162</opus></title>. <pubPlace key="place_0731">Wien</pubPlace>, <publisher key="publ_0735">Diabelli u. Co</publisher>. à 45 Xr. 
    <listBibl rend="curly">
        <bibl><seg><title>9tes Heft</title></seg><seg id="hofm_1837_11_0135_01_first_1" rend="curly-left"><title>1stes u. 2tes</title></seg><seg id="hofm_1837_11_0135_01_second_1" rend="curly-left"><title>Potpourri nach Motiven der Oper: Lucia di Lammermoor von Donizetti</title>.</seg></bibl>
        <bibl><seg><title>10tes Heft</title></seg><seg sameAs="hofm_1837_11_0135_01_first_1"><title>3tes u. 4tes</title></seg><seg sameAs="hofm_1837_11_0135_01_second_1"/></bibl>
        <bibl><seg><title>11tes Heft</title></seg><seg id="hofm_1837_11_0135_01_first_2" rend="curly-left"><title>1stes u. 2tes</title></seg><seg id="hofm_1837_11_0135_01_second_2" rend="curly-left"><title>Potpourri nach Motiven der Oper: Beatrice di Tenda von Bellini</title>.</seg></bibl>
        <bibl><seg><title>12tes Heft</title></seg><seg sameAs="hofm_1837_11_0135_01_first_2"><title>3tes u. 4tes</title></seg><seg sameAs="hofm_1837_11_0135_01_second_2"/></bibl></listBibl></bibl>
<bibl id="hofm_1837_11_0135_02"><title>Flora. No. 1, Sonatine über Themas aus der Oper: Montecchi und Capuleti von Bellini f. Pfte</title>. <pubPlace key="place_0440">Mannheim</pubPlace>, <publisher key="publ_1534">Heckel</publisher> 27 Xr.</bibl>
<bibl id="hofm_1837_11_0135_03"><composer key="compo_014550">Herz (H.)</composer> <title>Premier Divertissment p. Pfte. Op. <opus key="opus_0806">15</opus></title>. <pubPlace key="place_0078">Braunschweig</pubPlace>, <publisher key="publ_2681">Meyer</publisher> 12 Gr.</bibl>
<wip id="hofm_1837_11_0135_04"><title>Lieblings-Stücke (Wiener) der neuesten Zeit f. Pfte allein od. zu 4 Händen eing. v. Ant. Diabelli</title>. <title>No. 7, La Cachucha, spanischer Nationaltanz, ausgeführt von Dlle. Fanny Elssler</title>. 30 Xr. <title>No. 8, <composer key="compo_027077">Proch (H.)</composer> An die Sterne. Lied</title>. 10 Xr. <pubPlace key="place_0731">Wien</pubPlace>, <publisher key="publ_0735">Diabelli u. Co</publisher>.</wip>
<bibl id="hofm_1837_11_0135_05"><composer key="compo_021137">Liszt (F.)</composer> <title>Apparitions p. Pfte. Liv. 2, Fantaisie sur une Valse de Fr. Schubert</title>. <pubPlace key="place_0392">Leipzig</pubPlace>, <publisher key="publ_1746">Hofmeister</publisher> 12 Gr.</bibl>
<bibl id="hofm_1837_11_0135_06"><regNumber>4775</regNumber>. <composer key="compo_023828">Moscheles (Ign.)</composer> <title>Concert pathétique (No. 7 des Concerts.) Oe. <opus key="opus_4639">93</opus>, in <key>Cm</key></title>. (déd à Mr. Meyerbeer.) <pubPlace key="place_0731">Wien</pubPlace>, <publisher key="publ_1506">Haslinger</publisher> 2 Fl. 30 Xr.</bibl>
<bibl id="hofm_1837_11_0135_07"><composer key="compo_023890">Mozart (W.A.)</composer> <title>Douze grands Concertos p. Pfte arr. avec Cadences et Ornements p. J.N. Hummel. No. 6, in <key>Es</key></title>. <pubPlace key="place_0438">Mainz</pubPlace>, <publisher key="publ_3563">Schott</publisher> 2 Fl. 2 Xr.</bibl>
<bibl id="hofm_1837_11_0135_08"><regNumber>4819</regNumber>. <title>Pianoforte-Spieler (der junge) oder leichte Sonaten, Rondos, Scherzi, Adagios, Variationen im leichtesten Style, herausg. v. einem Vereine vorz. Tonkünstler. 1stes Heft</title>. <pubPlace key="place_0449">Meissen</pubPlace>, <publisher key="publ_1397">Gödsche</publisher> 10 Gr.</bibl>
<bibl id="hofm_1837_11_0135_09"><composer key="compo_027982">Reissiger (C.G.)</composer> <title>Grand Rondeau brillant p. Pfte. Oe. <opus key="opus_3385">55</opus>, in <key>Hm</key>. <edition>Nouv. Edit</edition></title>. <pubPlace key="place_0147">Dresden</pubPlace>, <publisher key="publ_2993">Paul</publisher> 18 Gr.</bibl>
<bibl id="hofm_1837_11_0135_10"><title>Salon (le) Collection de Morceaux agréables d’une difficulté moyenne p. Pfte. Composés par les Artistes les plus célèbres. Cah. 3. 4</title>. <pubPlace key="place_0438">Mainz</pubPlace>, <publisher key="publ_3563">Schott</publisher> à 1 Fl. 12 Xr.</bibl>
<wip id="hofm_1837_11_0135_11"><composer key="compo_029781">Sauerbrey (J.W.C.C.)</composer> <title>Musikalische Fibel oder 62 Uebungen und 62 Uebungsstücke f. Pfte von Leichten zum Schweren fortschreitend f. d. ersten Anfang-Unterricht, wie auch f. d. Selbstunterricht. Op. <opus key="opus_1165">18</opus>. 1stes u. 2tes Heft</title>. <pubPlace key="place_0440">Mannheim</pubPlace>, <publisher key="publ_1534">Heckel</publisher> <title>1stes Heft</title> 1 Fl. 3 Xr. <title>2tes Heft</title> 1 Fl. 21 Xr.</wip>
<bibl id="hofm_1837_11_0135_12"><regNumber>4760</regNumber>. <composer key="compo_034169">Taubert (Guill.)</composer> <title>Quatre Caprices brillants. Oe. <opus key="opus_2403">34</opus>. Liv. 2, Allegro di bravura brillante e con fuoco (in <key>C</key>.) No. 3, Intermezzo gracioso e moderato (in <key>G</key>.) No. 4, Ballo vivacissimo (in <key>B</key>.)</title> <pubPlace key="place_0044">Berlin</pubPlace>, <publisher key="publ_4370">Westphal</publisher> à 8 Gr.</bibl>
<bibl id="hofm_1837_11_0135_13"><regNumber>4761</regNumber>. – <title>5ième Sonate p. Pfte. Oe. <opus key="opus_2458">35</opus>, in <key>G</key></title>. Ebend. 20 Gr.</bibl>
<bibl id="hofm_1837_11_0135_14"><regNumber>4813</regNumber>. <composer key="compo_034322">Thalberg (S.)</composer> <title>God save the Queen. Grande Fantaisie p. Pfte. Oe. <opus key="opus_1932">27</opus>, in <key>As</key></title>. <pubPlace key="place_0438">Mainz</pubPlace>, <publisher key="publ_3563">Schott</publisher> 2 Fl. 6 Xr.</bibl>
</div><div id="hofm_1837_11_0135_div11"><head><hofClass key="hofCl_0292">Variationen für das Pianoforte.</hofClass></head>
<bibl id="hofm_1837_11_0135_15"><regNumber>4788</regNumber>. <composer key="compo_006306">Czerny (Ch.)</composer> <title>Intr. et Variations brillantes sur un Motif de l’Opéra de Bellini : I Puritani p. Pfte. Oe. <opus key="opus_2591">370</opus>, in <key>B</key></title>. <pubPlace key="place_0438">Mainz</pubPlace>, <publisher key="publ_3563">Schott</publisher> 1 Fl. 30 Xr.</bibl>
<bibl id="hofm_1837_11_0135_16">– – <title>Intr. et Variations brillantes sur un Motif de l’Opéra de Bellini : I Puritani p. Pfte. Oe. <opus key="opus_2602">375</opus>, in <key>B</key></title>. Ebend. 1 Fl. 30 Xr.</bibl>
<pb n="136"/>
<bibl id="hofm_1837_11_0136_01"><regNumber>4794</regNumber>. <composer key="compo_007639">Döhler (Th.)</composer> <title>Fantaisie, Variations et Rondeau final sur les Motifs favoris de l’Opéra : Lucia di Lammermoor de Donizetti p. Pfte. Oe. <opus key="opus_1482">21</opus>, in <key>Es</key></title>. <pubPlace key="place_0731">Wien</pubPlace>, <publisher key="publ_0735">Diabelli et Co</publisher>. 1 Fl. 15 Xr.</bibl>
<bibl id="hofm_1837_11_0136_02"><regNumber>4784</regNumber>. <composer key="compo_014252">Henselt (Ad.)</composer> <title>Variations de Concert sur le Motif de l’Opéra : Le Philtre de Donizetti (Jo son ricco) p. Pfte. Oe. <opus key="opus_0001">1</opus>, in <key>E</key></title>. <pubPlace key="place_0392">Leipzig</pubPlace>, <publisher key="publ_0437">Br. et Härtel</publisher> 1 Thlr. 8 Gr.</bibl>
<bibl id="hofm_1837_11_0136_03"><composer key="compo_014550">Herz (H.)</composer> <title>Intr. et Variations brill. sur le Choeur fav. de l’Opéra : Il Crociato de Meyerbeer p. Pfte. Oe. <opus key="opus_1661">23</opus></title>. <pubPlace key="place_0078">Braunschweig</pubPlace>, <publisher key="publ_2681">Meyer</publisher> 14 Gr.</bibl>
<bibl id="hofm_1837_11_0136_04"><composer key="compo_017214">Kelz (J.F.)</composer> <title>Variations brillantes sur un Thème favori de l’Opéra : Le Postillon de Lonjumeau p. Pfte. Oe. <opus key="opus_1431">203</opus>, in <key>C</key></title>. <pubPlace key="place_0044">Berlin</pubPlace>, <publisher key="publ_2455">Lischke</publisher> 16 Gr.</bibl>
<bibl id="hofm_1837_11_0136_05">– <title>Leichte Variationen über ein Thema aus der Oper: Der Liebestrank von Donizetti f. Pfte. Op. <opus key="opus_1437">204</opus>, in <key>B</key></title>. Ebend. 8 Gr.</bibl>
<bibl id="hofm_1837_11_0136_06"><regNumber>4843</regNumber>. <composer key="compo_020488">Lemcke (Henri)</composer> <title>Ah ! lorsque la Mort. Romance de F. Mehul variée p. Pfte. Oe. <opus key="opus_2116">3</opus>, in <key>A</key></title>. <pubPlace key="place_0392">Leipzig</pubPlace>, <publisher key="publ_1746">Hofmeister</publisher> 12 Gr.</bibl>
<bibl id="hofm_1837_11_0136_07"><regNumber>4785</regNumber>. <composer key="compo_032217">Siegel (D.S.)</composer> <title>Introduction et Variations sur l’Air de l’Opéra : Montecchi e Capuleti (Theurer noch als dieses Leben) p. Pfte. Oe. <opus key="opus_3767">64</opus>, in <key>C</key></title>. <pubPlace key="place_0392">Leipzig</pubPlace>, <publisher key="publ_0437">Br. et Härtel</publisher> 12 Gr.</bibl>
<bibl id="hofm_1837_11_0136_08"><regNumber>4831</regNumber>. <composer key="compo_036911">Wieck (Clara)</composer> <title>Variations de Concert sur la Cavatine du Pirata, de Bellini p. Pfte. Oe. <opus key="opus_4300">8</opus>, in <key>C</key></title>. (déd. à Mr. A. Henselt.) <pubPlace key="place_0731">Wien</pubPlace>, <publisher key="publ_1506">Haslinger</publisher> 1 Fl. 15 Xr.</bibl>
</div><div id="hofm_1837_11_0136_div12"><head><hofClass key="hofCl_0273">Ouverturen für das Pianoforte.</hofClass></head>
<bibl id="hofm_1837_11_0136_09"><regNumber>4718</regNumber>. <composer key="compo_021681">Löwe (C.)</composer> <title>Ouverture zum Oratorium: Gutenberg f. Pfte. Op. <opus key="opus_3385">55</opus></title>. <pubPlace key="place_0438">Mainz</pubPlace>, <publisher key="publ_3563">Schott</publisher> 40 Xr.</bibl>
</div><div id="hofm_1837_11_0136_div13"><head><hofClass key="hofCl_0288">Tänze für das Pianoforte.</hofClass></head>
<bibl id="hofm_1837_11_0136_10"><composer key="compo_001075">Auber</composer>, <title>Cotillon de l’Opéra : L’Ambassadrice p. Pfte</title>. <pubPlace key="place_0276">Hamburg</pubPlace>, <publisher key="publ_0640">Cranz</publisher> 4 Gr.</bibl>
<bibl id="hofm_1837_11_0136_11">– <title>Galoppes de l’Opéra : L’Ambassadrice p. Pfte</title>. Ebend. 4 Gr.</bibl>
<bibl id="hofm_1837_11_0136_12"><regNumber>4829</regNumber>. <composer key="compo_001118">Aufsess (H. v.)</composer> <title>5 Walzer f. Pfte. Op. <opus key="opus_2737">4</opus></title>. <pubPlace key="place_0475">München</pubPlace>, <publisher key="publ_0996">Falter</publisher> 36 Xr.</bibl>
<bibl id="hofm_1837_11_0136_13"><regNumber>4793</regNumber>. <composer key="compo_003856">Bott (Jean)</composer> <title>Valse de Gutenberg p. Pfte</title>. <pubPlace key="place_0438">Mainz</pubPlace>, <publisher key="publ_3563">Schott</publisher> 18 Xr.</bibl>
<bibl id="hofm_1837_11_0136_14"><composer key="compo_004780">Buschinsky (C.)</composer> <title>Castagnetten-Schottisch f. Pfte</title>. <pubPlace key="place_0436">Magdeburg</pubPlace>, <publisher key="publ_4250">Wagner u. R</publisher>. 2 Gr.</bibl>
<bibl id="hofm_1837_11_0136_15"><composer key="compo_007196">Donizetti</composer>, <title>3 schottische Tänze über Melodien aus der Oper: Der Liebestrank f. Pfte</title>. <pubPlace key="place_0044">Berlin</pubPlace>, <publisher key="publ_2455">Lischke</publisher> 4 Gr.</bibl>
<bibl id="hofm_1837_11_0136_16"><composer key="compo_008257">Elsner (Ferd.)</composer> <title>Schafmilch-Walzer f. Pfte</title>. <pubPlace key="place_0436">Magdeburg</pubPlace>, <publisher key="publ_4250">Wagner u. R</publisher>. 2 Gr.</bibl>
<bibl id="hofm_1837_11_0136_17"><regNumber>4758</regNumber>. <composer key="compo_008799">Fahrbach (Fr.)</composer> <title>Lyra-Walzer f. Pfte. Op. <opus key="opus_1999">28</opus></title>. <pubPlace key="place_0731">Wien</pubPlace>, <publisher key="publ_2605">Mechetti</publisher> 45 Xr.</bibl>
<bibl id="hofm_1837_11_0136_18">– – <title>Frühlings-Galoppe f. Pfte</title>. (Samml. d. neuest. u. bel. Galoppen No. 47.) Ebend. 12 Xr.</bibl>
<bibl id="hofm_1837_11_0136_19"><composer key="compo_010403">Füller (G.)</composer> <title>Emmelinen-Galopp f. Pfte</title>. <pubPlace key="place_0044">Berlin</pubPlace>, <publisher key="publ_4370">Westphal</publisher> 4 Gr.</bibl>
<bibl id="hofm_1837_11_0136_20">– <title>Lach-Galopp aus der Oper: Die Gesandtin f. Pfte</title>. Ebend. 4 Gr. (Neueste Berliner Lieblings-Galoppaden No. 20. 21.)</bibl>
<bibl id="hofm_1837_11_0136_21"><composer key="compo_010755">Gautsch (A. v.)</composer> <title>Contre-Tänze aus der Oper: Lestocq f. Pfte</title>. <pubPlace key="place_0436">Magdeburg</pubPlace>, <publisher key="publ_4250">Wagner u. R</publisher>. 4 Gr.</bibl>
<bibl id="hofm_1837_11_0136_22"><regNumber>4773</regNumber>. <composer key="compo_010955">Georg (Kronprinz von Hannover)</composer> <title>Lennox-Walzer f. Pfte</title>. <pubPlace key="place_0044">Berlin</pubPlace>, <publisher key="publ_0639">Crantz</publisher> 8 Gr.</bibl>
<pb n="137"/>
<bibl id="hofm_1837_11_0137_01"><composer key="compo_011067">Gernlein (R.)</composer> <title>Louis Drucker’s Favorit-Galopp f. Pfte. (Mit Portrait.)</title> <pubPlace key="place_0044">Berlin</pubPlace>, <publisher key="publ_2455">Lischke</publisher> 6 Gr.</bibl>
<bibl id="hofm_1837_11_0137_02"><composer key="compo_013041">Hainsch (L.)</composer> <title>2 Galoppen und ein Ländler nach Melodien der Oper: Der Postillon von Lonjumeau f. Pfte</title>. <pubPlace key="place_0082">Breslau</pubPlace>, <publisher key="publ_4319">Weinhold</publisher> 2 Gr.</bibl>
<bibl id="hofm_1837_11_0137_03"><composer key="compo_013609">Hauschild (J.G.)</composer> <title>Dampfwagen-Schottischer-Walzer f. Pfte</title>. <pubPlace key="place_0392">Leipzig</pubPlace>, <publisher key="publ_3599">Schubert</publisher> 4 Gr.</bibl>
<bibl id="hofm_1837_11_0137_04"><regNumber>4815</regNumber>. <composer key="compo_015944">Hünten (Fr.)</composer> <title>Galop tiré d’un Ballet Anglais p. Pfte (in <key>A</key>.)</title> <pubPlace key="place_0438">Mainz</pubPlace>, <publisher key="publ_3563">Schott</publisher> 36 Xr.</bibl>
<bibl id="hofm_1837_11_0137_05"><composer key="compo_017214">Kelz (J.F.)</composer> <title>6 Contretänze aus der Oper: Der Liebestrank von Donizetti f. Pfte</title>. <pubPlace key="place_0044">Berlin</pubPlace>, <publisher key="publ_2455">Lischke</publisher> 8 Gr.</bibl>
<bibl id="hofm_1837_11_0137_06"><composer key="compo_019472">Körner (Wilh.)</composer> <title>Innungs-Ball-Tänze f. Pfte. (2 Schottische, 2 Masurecks und 1 Galopp.)</title> <pubPlace key="place_0436">Magdeburg</pubPlace>, <publisher key="publ_4250">Wagner u. R</publisher>. 8 Gr.</bibl>
<bibl id="hofm_1837_11_0137_07">– <title>Schottischer Walzer über das Lied: Ich schnitt es gern in alle Rinden ein, von Curschmann f. Pfte</title>. Ebend. 2 Gr.</bibl>
<bibl id="hofm_1837_11_0137_08">– <title>Walzer über das Lied: Ich schnitt es gern in alle Rinden ein, f. Pfte</title>. Ebend. 2 Gr.</bibl>
<bibl id="hofm_1837_11_0137_09"><regNumber>4814</regNumber>. <composer key="compo_019512">Küffner (Jos.)</composer> <title>Die Amazonen. Galoppade mit Introd. und Coda f. Pfte</title>. <pubPlace key="place_0438">Mainz</pubPlace>, <publisher key="publ_3563">Schott</publisher> 30 Xr.</bibl>
<bibl id="hofm_1837_11_0137_10"><regNumber>4780</regNumber>. <composer key="compo_019182">Kunze (G.)</composer> <title>Contretänze aus Adam’s Oper: Der Postillon von Lonjumeau f. Pfte</title>. <pubPlace key="place_0392">Leipzig</pubPlace>, <publisher key="publ_2039">Klemm</publisher> 8 Gr.</bibl>
<bibl id="hofm_1837_11_0137_11">– – <title>Galoppe aus Adam’s Oper: Der Postillon von Lonjumeau f. Pfte</title>. Ebend. 6 Gr.</bibl>
<bibl id="hofm_1837_11_0137_12"><composer key="compo_020014">Lanner (Jos.)</composer> <title>Cachucha-Galoppe f. Pfte</title>. (Samml. d. neuest. u. bel. Galoppen No. 48.) <pubPlace key="place_0731">Wien</pubPlace>, <publisher key="publ_2605">Mechetti</publisher> 12 Xr.</bibl>
<bibl id="hofm_1837_11_0137_13"><composer key="compo_023478">Mirisch (J.)</composer> <title>Henrietten-Galopp f. Pfte. No. 41</title>. <pubPlace key="place_0082">Breslau</pubPlace>, <publisher key="publ_0640">Cranz</publisher> 2 Gr.</bibl>
<bibl id="hofm_1837_11_0137_14"><composer key="compo_024275">Müller (Wenzel)</composer> <title>Walzer nach Melodien aus dem Zauberspiel: Der Alpenkönig und der Menschenfeind f. Pfte</title>. <pubPlace key="place_0440">Mannheim</pubPlace>, <publisher key="publ_1534">Heckel</publisher> 8 Xr.</bibl>
<bibl id="hofm_1837_11_0137_15"><composer key="compo_025328">Olbrich (F.)</composer> <title>Postillon-Galopp f. Pfte. No. 40</title>. <pubPlace key="place_0082">Breslau</pubPlace>, <publisher key="publ_0640">Cranz</publisher> 2 Gr.</bibl>
<bibl id="hofm_1837_11_0137_16"><composer key="compo_028250">Richter (C.)</composer> <title>Der Kuckuck. Walzer f. Pfte</title>. <pubPlace key="place_0044">Berlin</pubPlace>, <publisher key="publ_0224">Bechtold u. H</publisher>. 2 Gr.</bibl>
<bibl id="hofm_1837_11_0137_17"><regNumber>4790</regNumber>. <composer key="compo_032685">Spamer (Ludw.)</composer> <title>Jugend-Erinnerungen. Walzer mit Introd. u. Coda f. Pfte. Op. <opus key="opus_1390">20</opus></title>. <pubPlace key="place_0438">Mainz</pubPlace>, <publisher key="publ_3563">Schott</publisher> 48 Xr.</bibl>
<bibl id="hofm_1837_11_0137_18"><regNumber>4825</regNumber>. <composer key="compo_032832">Späth (J.)</composer> <title>Aufforderung zum Tänze. Walzer f. Pfte</title>. <pubPlace key="place_0475">München</pubPlace>, <publisher key="publ_0996">Falter</publisher> 36 Xr.</bibl>
<bibl id="hofm_1837_11_0137_19"><regNumber>4777</regNumber>. <composer key="compo_033569">Strauss (Joh.)</composer> <title>Pilger am Rhein. Walzer f. Pfte. Op. <opus key="opus_4722">98</opus></title>. <pubPlace key="place_0731">Wien</pubPlace>, <publisher key="publ_1506">Haslinger</publisher> 45 Xr.</bibl>
<bibl id="hofm_1837_11_0137_20"><regNumber>4824</regNumber>. <composer key="compo_033607">Streck (P.)</composer> <title>Münchner Damen-Walzer f. Pfte</title>. <pubPlace key="place_0475">München</pubPlace>, <publisher key="publ_0996">Falter</publisher> 45 Xr.</bibl>
<bibl id="hofm_1837_11_0137_21">– <title>Josepha-Galopp f. Pfte</title>. Ebend. 18 Xr.</bibl>
<bibl id="hofm_1837_11_0137_22">– <title>Maskenball-Galopp f. Pfte</title>. Ebend. 9 Xr.</bibl>
<bibl id="hofm_1837_11_0137_23">– – <title>Schlittenpost-Walzer f. Pfte</title>. Ebend. 36 Xr.</bibl>
<bibl id="hofm_1837_11_0137_24"><regNumber>4757</regNumber>. <composer key="compo_034664">Tolbecque (J.B.)</composer> <title>Souvenir du 30 Mai. Quadrille militaire p. Pfte. (Exécuté ou Bal offert par la Garde nationale de Paris à le Duc et la Duchesse d’Orléans.)</title> <pubPlace key="place_0731">Wien</pubPlace>, <publisher key="publ_2605">Mechetti</publisher> 30 Xr.</bibl>
<bibl id="hofm_1837_11_0137_25"><title>Ungeheure Heiterkeit-Galopp aus d. Operette: Der reisende Student f. Pfte. No. 64</title>. <pubPlace key="place_0199">Frankfurt</pubPlace>, <publisher key="publ_0819">Dunst</publisher> 8 Xr.</bibl>
<bibl id="hofm_1837_11_0137_26"><title>Valse favorite (2me) de Francfort p. Pfte. No. 65</title>. Ebend. 8 Xr.</bibl>
<bibl id="hofm_1837_11_0137_27"><composer key="compo_035743">Vorbrodt (A.F.)</composer> <title>Abschieds-Walzer f. Pfte</title>. <pubPlace key="place_0436">Magdeburg</pubPlace>, <publisher key="publ_4250">Wagner u. R</publisher>. 2 Gr.</bibl>
<pb n="138"/>
<bibl id="hofm_1837_11_0138_01"><composer key="compo_036255">Weber (F.A.)</composer> <title>Les Gracieuses. Quadrilles p. Pfte. Oe. <opus key="opus_2737">4</opus>. Liv. 1. 2</title>. <pubPlace key="place_0419">London</pubPlace>, <publisher key="publ_1214">George et Manby</publisher> à 3 S.</bibl>
</div><div id="hofm_1837_11_0138_div14"><head><hofClass key="hofCl_0250">Märsche für das Pianoforte.</hofClass></head>
<bibl id="hofm_1837_11_0138_02"><regNumber>4774</regNumber>. <composer key="compo_010955">Georg (Kronprinz von Hannover.)</composer> <title>Parade-Marsch f. Pfte</title>. <pubPlace key="place_0044">Berlin</pubPlace>, <publisher key="publ_0639">Crantz</publisher> 4 Gr.</bibl>
<bibl id="hofm_1837_11_0138_03"><composer key="compo_024569">Neithardt (A.)</composer> <title>Sammlung der beliebtesten Militair-Märsche d. k. preuss. Armee, von Auber, Bellini, Beethoven etc. f. Pfte arr. Heft 10</title>. <pubPlace key="place_0044">Berlin</pubPlace>, <publisher key="publ_3471">Schlesinger</publisher> 12 Gr.</bibl>
<bibl id="hofm_1837_11_0138_04"><title>Tivoli-Märsche (Wiener) f. Pfte. Heft 25. 26. <composer key="compo_024594">Nemetz</composer>, Märsche über beliebte Motive der Oper: Lucia di Lammermoor von Donizetti</title>. <pubPlace key="place_0731">Wien</pubPlace>, <publisher key="publ_0735">Diabelli u. Co</publisher>. à 30 Xr.</bibl>
</div><div id="hofm_1837_11_0138_div15"><head><hofClass key="hofCl_0072">Lehrbücher für das Pianoforte.</hofClass></head>
<wip id="hofm_1837_11_0138_05"><regNumber>2300</regNumber>. <composer key="compo_006311">Czerny (Jos.)</composer> <title>Der Wiener Klavier-Lehrer, oder theoretisch-practische Anweisung das Pfte nach einer neuen erleicht. Methode spielen zu lernen. <edition>6te verbesserte Auflage</edition></title>. <title>Erster Theil. Op. <opus key="opus_3244">51</opus></title>. (3 Fl.) <title>Zweiter Theil Op. <opus key="opus_3825">66</opus>. (48 Passagen-Uebungen, 24 Aufgaben, 12 Studien)</title> 2 Fl. <pubPlace key="place_0731">Wien</pubPlace>, <publisher key="publ_1506">Haslinger</publisher>.</wip>
</div><div id="hofm_1837_11_0138_div16"><head><hofClass key="hofCl_0225">Musik für die Orgel.</hofClass></head>
<bibl id="hofm_1837_11_0138_06"><composer key="compo_014153">Henkel (Mich.)</composer> <title>Einige Tonstücke für die Orgel. Mit Prospect und Disposition der neuen grossen Orgel in der Stadtpfarrkirche zu Fulda</title>. <pubPlace key="place_0218">Fulda</pubPlace>, <publisher key="publ_2779">Müller</publisher> 12 Gr.</bibl>
<bibl id="hofm_1837_11_0138_07"><regNumber>4779</regNumber>. <composer key="compo_014623">Hesse (Ad.)</composer> <title>Zwei Fugen nebst Einleitung f. Orgel. Op. <opus key="opus_2670">39</opus></title>. No. 24 der Orgelsachen. (Neueste Orgelcompositionen 9te Lief.) <pubPlace key="place_0731">Wien</pubPlace>, <publisher key="publ_1506">Haslinger</publisher> 45 Xr.</bibl>
<bibl id="hofm_1837_11_0138_08"><regNumber>1185</regNumber>. <composer key="compo_028447">Rinck (Ch.H.)</composer> <title>Der Choralfreund oder Studien für d. Choralspielen. VIter Jahrg. 4tes Heft</title>. <pubPlace key="place_0438">Mainz</pubPlace>, <publisher key="publ_3563">Schott</publisher> 18 Xr. n.</bibl>
<bibl id="hofm_1837_11_0138_09"><regNumber>4765</regNumber>. <composer key="compo_034910">Trutschel (A.L.E.)</composer> <title>Vorspiele f. d. Orgel zum Gebrauch beim öffentlichen Gottesdienst. Op. <opus key="opus_4562">9</opus>, 1stes Heft der Orgelstücke</title>. <pubPlace key="place_0264">Güstrow</pubPlace>, <publisher key="publ_2941">Opitz</publisher> 6 Gr.</bibl>
<bibl id="hofm_1837_11_0138_10">– – <title>Orgelstücke zum Gebrauch beim öffentlichen Gottesdienst. Op. <opus key="opus_0021">10</opus>, 2tes Heft der Orgelstücke</title>. Ebend. 6 Gr.</bibl>
</div><div id="hofm_1837_11_0138_div17"><head><hofClass key="hofCl_0210">Musik für die Harfe.</hofClass></head>
<bibl id="hofm_1837_11_0138_11"><regNumber>4792</regNumber>. <composer key="compo_019644">Labarre (Th.)</composer> <title>Fantaisie sur les Motifs du Postillon de Lonjumeau d’A. Adam p. Harpe. Oe. <opus key="opus_4214">78</opus></title>. <pubPlace key="place_0438">Mainz</pubPlace>, <publisher key="publ_3563">Schott</publisher> 1 Fl. 21 Xr.</bibl>
<bibl id="hofm_1837_11_0138_12">– – <title>Duo sur les Motifs du Postillon de Lonjumeau d’A. Adam p. Harpe et Pfte. Oe. <opus key="opus_4241">79</opus></title>. Ebend. 2 Fl. 6 Xr.</bibl>
<bibl id="hofm_1837_11_0138_13">– – <title>Souvenir de l’Ambassadrice d’Auber p. Harpe. Oe. <opus key="opus_4377">82</opus></title>. Ebend. 1 Fl. 12 Xr.</bibl>
<bibl id="hofm_1837_11_0138_14">– – <title>Mosaïque sur l’Aambassadrice p. Harpe et Pfte. Oe. <opus key="opus_4416">83</opus></title>. Ebend. 2 Fl. 6 Xr.</bibl>
</div><div id="hofm_1837_11_0138_div18"><head><hofClass key="hofCl_0068">Kirchenmusik.</hofClass></head>
<bibl id="hofm_1837_11_0138_15"><composer key="compo_002682">Bertelman (J.G.)</composer> <title>Missa No.1. <format>Partitur</format></title>. <pubPlace key="place_0266">Haag</pubPlace>, <publisher key="publ_0305">Beuster</publisher> 22 Fl. (8 Thlr.</bibl>
<bibl id="hofm_1837_11_0138_16">– Idem. Die <format>Singstimmen</format>. Ebend. 4 Fl. (1 Thlr. 16 Gr.)</bibl>
<pb n="139"/>
<bibl id="hofm_1837_11_0139_01"><title>Choral-Melodien (die vorzüglichsten und gebräuchlichsten) der evangelischen Kirche mit untergelegtem Texte für Kirche, Schule und Haus. <edition>5te Ausg</edition></title>. 8. <pubPlace key="place_0265">Gütersloh</pubPlace>. (<publisher key="publ_2294">Langewiesche</publisher> in <pubPlace key="place_0324">Iserlohn</pubPlace>) geh. 2½ Gr.</bibl>
<bibl id="hofm_1837_11_0139_02"><title>Choräle, nebst Vor- und Nachspielen für die evang.-protestantische Kirche im Grossherzogthum Baden</title>. gr. 4. <pubPlace key="place_0339">Carlsruhe</pubPlace>, <publisher key="publ_1333">Groos</publisher> n. 3 Thlr. 8 Gr.</bibl>
<bibl id="hofm_1837_11_0139_03"><regNumber>4778</regNumber>. <composer key="compo_014623">Hesse (Ad.)</composer> <title>Motette (Heilig Gott bist du) f. 4 Singstimmen mit obligater Orgel. Op. <opus key="opus_2630">38</opus>. <format>Partitur und Stimmen</format></title>. <pubPlace key="place_0731">Wien</pubPlace>, <publisher key="publ_1506">Haslinger</publisher> 2 Fl.</bibl>
<bibl id="hofm_1837_11_0139_04"><regNumber>4821</regNumber>. <composer key="compo_032127">Seyfried (J. v.)</composer> <title>Requiem (5 Hymnen sammt Libera) für 4 Chorstimmen, 2 Viol., Alt, 2 Hörner, Vclle., CBass und Orgel (2 Oboen, Fagott, Trompeten und Pauken ad lib.) Hrn. A. Hesse gewidm</title>. <pubPlace key="place_0475">München</pubPlace>, <publisher key="publ_0996">Falter</publisher> 4 Fl. 12 Xr.</bibl>
<bibl id="hofm_1837_11_0139_05"><regNumber>4820</regNumber>. <composer key="compo_037538">Wolfram (Jos.)</composer> <title>Leicht ausführbare Cantate am Dankfeste nach der Erndte v. Westenberg f. 4 Singst., Orchester u. Orgel. <format>Partitur</format></title>. [Repertorium f. Deutschlands Kirchenmusik. 1ster Band No. 4.] <pubPlace key="place_0449">Meissen</pubPlace>, <publisher key="publ_1397">Gödsche</publisher> 20 Gr.</bibl>
</div><div id="hofm_1837_11_0139_div19"><head><hofClass key="hofCl_0021">Gesangstücke für Concertmusik mit Begleitung mehrerer Instrumente.</hofClass></head>
<bibl id="hofm_1837_11_0139_06"><regNumber>4795</regNumber>. <composer key="compo_015462">Hoschek (H.)</composer> <title>Wandel der Sehnsucht f. eine Singstimme mit Begl. d. Pfte u. Waldhorn (od. Violoncell.) Op. <opus key="opus_0001">1</opus>. (Wie doch dünkte mir die Fahrt so lang.)</title> <pubPlace key="place_0731">Wien</pubPlace>, <publisher key="publ_0735">Diabelli u. Co</publisher>. 45 Xr.</bibl>
<bibl id="hofm_1837_11_0139_07"><composer key="compo_016998">Kastendieck (R.)</composer> <title>3 Lieder f. eine Singst. mit Begl. des Pfte und obligater Flöte. (Schönste Rosenknospe dieser Flur – Wenn in des Abends letztem Scheine – Mit meiner Zither in der Hand.)</title> <pubPlace key="place_0280">Hannover</pubPlace>, <publisher key="publ_2808">Nagel</publisher> 12 Gr.</bibl>
<bibl id="hofm_1837_11_0139_08"><regNumber>4826</regNumber>. <composer key="compo_020547">Lenz (Leop.)</composer> <title>3 Gesänge f. eine Singst. m. Begl. d. Pfte u. obl. Horn oder Vclle (oder m. Pfte allein.) Op. <opus key="opus_1584">22</opus>. (O nimm die Laute Geliebte [Quand tu chante] – Ich schnitt es gern in alle Rinden ein – Alles wo ich weil’ und gehe)</title> <pubPlace key="place_0475">München</pubPlace>, <publisher key="publ_0996">Falter</publisher> 1 Fl. 48 Xr.</bibl>
<bibl id="hofm_1837_11_0139_09"><composer key="compo_024177">Müller (C.F.)</composer> <title>Festgesang für Chor, für Infanterie und Cavallerie-Musik und für grosses Orchester. Op. <opus key="opus_0427">121</opus></title>. <pubPlace key="place_0044">Berlin</pubPlace>, <publisher key="publ_0403">Brandenburg</publisher> 2 Thlr.</bibl>
<bibl id="hofm_1837_11_0139_10"><regNumber>4798</regNumber>. <composer key="compo_027077">Proch (H.)</composer> <title>Schweitzers Heimweh f. Sopran od. Tenor mit Begl. d. Pfte u. der Clarinette (od. Physharmonika, od. Violoncell.) Op. <opus key="opus_2630">38</opus>. (Zieh’n die lieben goldnen Sterne.)</title> <pubPlace key="place_0731">Wien</pubPlace>, <publisher key="publ_0735">Diabelli u. Co</publisher>. 1 Fl.</bibl>
</div><div id="hofm_1837_11_0139_div20"><head><hofClass key="hofCl_0102">Mehrstimmige Gesänge mit und ohne Pianoforte.</hofClass></head>
<bibl id="hofm_1837_11_0139_11"><regNumber>4818</regNumber>. <composer key="compo_001541">Baroni-Cavalcabo (Julie)</composer> <title>Zwist und Sühne. Duett f. Sopran und Bass. Op. <opus key="opus_0806">15</opus>. (Schnür’ dein Bündel denn zum Wandern.)</title> <pubPlace key="place_0554">Prag</pubPlace>, <publisher key="publ_0282">Berra</publisher> 45 Xr.</bibl>
<bibl id="hofm_1837_11_0139_12"><composer key="compo_007663">Döring (G.)</composer> <title>Schulgesänge für Gymnasien und grössere Lehranstalten. Erster Cursus, auch f. Elementarschulen brauchbar. <edition>2te vermehrte Aufl</edition></title>. quer 4to. <pubPlace key="place_0127">Danzig</pubPlace>, <publisher key="publ_0070">Anhuth</publisher> geh. 18 Gr.</bibl>
<bibl id="hofm_1837_11_0139_13"><composer key="compo_008006">Ehrlich (C.F.)</composer> <title>6 Lieder f. vierstimmigen Männergesang. Op. <opus key="opus_1068">17</opus>. <format>Partitur und Stimmen</format>. (Still ruht Alles lange schon – Mag da draussen Schnee sich thürmen – Yon allen Ländern in der Welt – Meine Töne still und heiter – Freunde seht die Gläser blinken.)</title> <pubPlace key="place_0436">Magdeburg</pubPlace>, <publisher key="publ_4250">Wagner u. R</publisher>. 12 Gr.</bibl>
<pb n="140"/>
<bibl id="hofm_1837_11_0140_01"><regNumber>4827</regNumber>. <composer key="compo_015808">Höllerer (F.X.)</composer> <title>6 Lieder f. 4 Männerstimmen. Op. <opus key="opus_3181">5</opus>. (Der Mond ist aufgegangen – Auf Brüder, auf zur frohen Jagd – Spiegelhelle, gleich der Quelle – Das freie Jägerleben – Wir wollen so recht fröhlich – Was für eine holde Stimme.)</title> <pubPlace key="place_0475">München</pubPlace>, <publisher key="publ_0996">Falter</publisher> 1 Fl. 21 Xr.</bibl>
<album id="hofm_1837_11_0140_02"><title>Lieder (60 frische deutsche) mit bewährten Sangweisen. Zunächst für Schulen, 2te Samml</title>. 8. <pubPlace key="place_0265">Gütersloh</pubPlace>. (<publisher key="publ_2294">Langewiesche</publisher> in <pubPlace key="place_0324">Iserlohn</pubPlace>) 2½ Gr.</album>
<bibl id="hofm_1837_11_0140_03"><composer key="compo_021980">Mainzer (Jos.)</composer> <title>Gesang-Bibliothek f. Schulen. 3te Lief. (12 dreistimmige Lieder.)</title> 8. <pubPlace key="place_0438">Mainz</pubPlace>, <publisher key="publ_3563">Schott</publisher> geh. 24 Xr.</bibl>
<bibl id="hofm_1837_11_0140_04"><regNumber>4759</regNumber>. <composer key="compo_025230">Oelschläger (F.)</composer> <title>Hohenzollern f. 4stimmigen Männerchor. (Schenkt mir ein.) <format>Partitur und Stimmen</format></title>. <pubPlace key="place_0044">Berlin</pubPlace>, <publisher key="publ_4370">Westphal</publisher> 6 Gr.</bibl>
<bibl id="hofm_1837_11_0140_05"><title>Riamili-Lied (Das schöne) Ein musikalischer Spass f. Männerquartett. (Kuaafts Riamili.)</title> <pubPlace key="place_0475">München</pubPlace>, <publisher key="publ_0996">Falter</publisher> 12 Xr.</bibl>
<bibl id="hofm_1837_11_0140_06"><composer key="compo_034379">Theuss (Th.)</composer> <title>Diana. Allgemeines Liederbuch f. Forst- und Waidmänner. No. 3, 12 ein-, zwei-, drei- und mehrstimmige Lieder mit Begl. theils von Pfte, theils von Waldhörnern. Op. <opus key="opus_3385">55</opus></title>. <pubPlace key="place_0720">Weimar</pubPlace>, <publisher key="publ_4216">Voigt</publisher> 8 Gr.</bibl>
<bibl id="hofm_1837_11_0140_07"><composer key="compo_034389">Thiel (Fr.)</composer> <title>60 drei- u. 12 vierstimmige Lieder f. Elementarschulen. Heft 2</title>. <pubPlace key="place_0199">Frankfurt</pubPlace>, <publisher key="publ_0819">Dunst</publisher> 1 Thlr.</bibl>
<bibl id="hofm_1837_11_0140_08"><composer key="compo_038255">Zschiesche</composer>, <title>der kleine Sänger. Sammlung von 70 zweistimmigen Liedern f. Volksschulen. <edition>2te Aufl</edition>. (Im Violin- oder Discantschlüssel.)</title> quer gr. 8. <pubPlace key="place_0383">Landsberg</pubPlace>, <publisher key="publ_4425">Wilmsen</publisher> à 8 Gr.</bibl>
</div><div id="hofm_1837_11_0140_div21"><head><hofClass key="hofCl_0268">Opernmusik mit Pianofortebegleitung.</hofClass></head>
<wip id="hofm_1837_11_0140_09"><composer key="compo_002205">Bellini (V.)</composer> <title>Beatrice di Tenda (Das Castell von Ursino.) Oper</title>. <title>Frauenchor: Ja, wie zur Freude (Come ah come) Chor der Waffenträger, Lasst an uns’re Pflicht uns gehen (Arte egual)</title> à 30 Xr. <title>Scene e Preghiera: Wenn je dein Herz (Deh! se mi amarti.) Cantilene: Zur Vertheid’gung meiner Ehre (Ne frà voi)</title> à 20 Xr. <title>Romanze: Als aus des Kerkers finstrer Nacht (Dal tenebroso) Coro e Preghiera: Ach, nichts soll die Unglückliche (Ah! no non sia)</title> à 30 Xr. (Philomele No. 365-370.) <pubPlace key="place_0731">Wien</pubPlace>, <publisher key="publ_0735">Diabelli u. Co</publisher>.</wip>
<wip id="hofm_1837_11_0140_10"><composer key="compo_007200">Donizetti (Gaet.)</composer> <title>Der Liebestrank (L’Elisir d’Amore.) Auswahl der beliebtesten Gesangstücke mit deutschem und italienischem Texte im <format>Clavierauszuge</format></title>. <pubPlace key="place_0044">Berlin</pubPlace>, <publisher key="publ_3471">Schlesinger</publisher> 1 Thlr. 18 Gr. Hieraus einzeln: <title>Cavatine (Quacksalberlied) Vernehmt, vernehmt ihr Leute (Udite, udite o rustici)</title> 14 Gr. und <title>Duetto (An meiner Sehnsucht Leiden – Esulti pur la barbara)</title> 12 Gr.</wip>
<bibl id="hofm_1837_11_0140_11"><composer key="compo_011400">Gluck (Ritter)</composer> <title>Iphigenie in Tauris. Oper in 4 Aufzügen. <format>Klavierauszug</format> in 2 Lieferungen. Lief. 1</title>. <pubPlace key="place_0044">Berlin</pubPlace>, <publisher key="publ_0589">Challier u. Co</publisher>. 20 Gr. n.</bibl>
<bibl id="hofm_1837_11_0140_12"><composer key="compo_023890">Mozart (W.A.)</composer> <title>Die Entführung aus dem Serail. Oper in 3 Aufzügen. <format>Klavierauszug</format> mit ital. u. deutsch. Texte. <edition>Neue Aufl</edition></title>. quer 8. <pubPlace key="place_0078">Braunschweig</pubPlace>, <publisher key="publ_2681">Meyer</publisher> 1 Thlr. 8 Gr. n.</bibl>
<bibl id="hofm_1837_11_0140_13"><composer key="compo_028972">Rossini (J.)</composer> <title>Die diebische Elster (La Gazza ladra) Oper in 2 Aufz. <format>Klavierauszug</format></title>. quer 8. Ebend. geh. 2 Thlr. 12 Gr. n.</bibl>
</div><div id="hofm_1837_11_0140_div22"><head><hofClass key="hofCl_0040">Gesänge für eine Stimme mit Begleitung des Pianoforte.</hofClass></head>
<wip id="hofm_1837_11_0140_14"><title>Amphion. Sammlung der beliebtesten Gesänge. No. 12–14, <composer key="compo_034682">Tomaschek</composer>, 3 Gesänge aus Ebert’s Wlasta</title>. <title>Strabas Zau-<pb n="141"/>berspruch (Tsehart! Höre mein Rufen)</title> 40 Xr. <title>Strabas Fluch (Was ich gefüllet, kann ich auch leeren)</title> 40 Xr. <title>Stiasons Klagelied am Grabe der Geliebten (Es ist der schöne Stiason)</title> 30 Xr. <pubPlace key="place_0554">Prag</pubPlace>, <publisher key="publ_0282">Berra</publisher>.</wip>
<bibl id="hofm_1837_11_0141_01"><regNumber>4828</regNumber>. <composer key="compo_001118">Aufsess (H. v.)</composer> <title>3 deutsche Lieder. Op. <opus key="opus_2116">3</opus>. (Ach! wer bringt die schönen Tage – Also magst du dich gewöhnen – Du bist wie wine Blume.)</title> <pubPlace key="place_0475">München</pubPlace>, <publisher key="publ_0996">Falter</publisher> 27 Xr.</bibl>
<bibl id="hofm_1837_11_0141_02"><composer key="compo_001434">Banck (C.)</composer> <title>Des Fischer Liebeslied. Nimmer. Verrathne Liebe. Lustiges Lied im Mai. Lebensmotto. Soldatenweh. 6 Gesänge Op. <opus key="opus_1661">23</opus>. (Wenn ich ein Fischlein wär’, – Die Sonne wärmt Felder und Hügel – Des Nachts, da wir uns küssten – Im Maien ist’s lieblich und schön – Zwischen Liebe, Lied und Wein – Die Orgeln auf den Strassen.)</title> <pubPlace key="place_0436">Magdeburg</pubPlace>, <publisher key="publ_4250">Wagner u. R</publisher>. 16 Gr.</bibl>
<bibl id="hofm_1837_11_0141_03"><regNumber>4817</regNumber>. <composer key="compo_001541">Baroni-Cavalcabo (Julie)</composer> <title>Die Grabesrose aus den Blättern der Liebe v. A. Grün f. Bass, Bariton oder Alt. Op. <opus key="opus_3565">6</opus>. (Du Grabesrose wurzelst wohl.)</title> <pubPlace key="place_0554">Prag</pubPlace>, <publisher key="publ_0282">Berra</publisher> 40 Xr.</bibl>
<bibl id="hofm_1837_11_0141_04"><regNumber>4801</regNumber>. – <title>Meine Berge. Gedicht von J.L. v. Pyrker. (Seh’ ich euch dort in nebelgrauer Ferne.)</title> <pubPlace key="place_0147">Dresden</pubPlace>, <publisher key="publ_2993">Paul</publisher> 8 Gr.</bibl>
<bibl id="hofm_1837_11_0141_05">* <composer key="compo_001898">Bayer (Guill.)</composer> <title>Le Charme du Baiser. Mariens Kuss. Romanze (Wenn dort die Bienen – L’abeille emplit)</title> Choix d’Airs No. 370. <pubPlace key="place_0438">Mainz</pubPlace>, <publisher key="publ_3563">Schott</publisher> 18 Xr.</bibl>
<bibl id="hofm_1837_11_0141_06">* – <title>Je vous aime. Ich liebe dich. Romanze. (Das Wort, so dem Himmel entstammet – Effet du plus tendre.)</title> Choix d’Airs No. 358. Ebend. 18 Xr.</bibl>
<bibl id="hofm_1837_11_0141_07">* <composer key="compo_004662">Burbure (L. de)</composer> <title>Le Sylphe. (Ich bin ein Sylphe, leicht wie Traum – Je suis un Sylphe un ombre.)</title> Choix d’Airs. No. 385. Ebend. 18 Xr.</bibl>
<bibl id="hofm_1837_11_0141_08"><composer key="compo_008006">Ehrlich (C.F.)</composer> <title>5 Lieder. Op. <opus key="opus_0684">14</opus>. (Blauer Himmel, Sternen Himmel – Wie einsam ist’s im fremden Land – Auf ewig dein – Komm traute Laute – Liebchen kommen die Lieder.)</title> <pubPlace key="place_0436">Magdeburg</pubPlace>, <publisher key="publ_4250">Wagner u. R</publisher>. 16 Gr.</bibl>
<bibl id="hofm_1837_11_0141_09"><regNumber>4762</regNumber>. * <composer key="compo_010403">Füller (G.)</composer> <title>Der kleine Eduard. Op. <opus key="opus_2116">3</opus>. (Ach wenn ich nur ein Liebchen hätte.)</title> <pubPlace key="place_0044">Berlin</pubPlace>, <publisher key="publ_4370">Westphal</publisher> 4 Gr.</bibl>
<bibl id="hofm_1837_11_0141_10">* <composer key="compo_015741">Häser (F.)</composer> <title>Nachbars Gretchen. (Heimlich blick’ ich und verstohlen.)</title> Auswahl von Gesängen No. 367. <pubPlace key="place_0438">Mainz</pubPlace>, <publisher key="publ_3563">Schott</publisher> 18 Xr.</bibl>
<bibl id="hofm_1837_11_0141_11">* – <title>Serenade. (Der Thau steht auf der Rose.)</title> Auswahl von Gesängen. No. 373. Ebend. 18 Xr.</bibl>
<bibl id="hofm_1837_11_0141_12"><composer key="compo_013653">Hausmann (C.)</composer> <title>Ständchen. (Meine Töne still und heiter.)</title> <pubPlace key="place_0436">Magdeburg</pubPlace>, <publisher key="publ_4250">Wagner und R</publisher>. 4 Gr.</bibl>
<bibl id="hofm_1837_11_0141_13">* <composer key="compo_014679">Heuschkel (J.P.)</composer> <title>Die Treue f. 1 oder 2 Stimmen. (Thut es mir gleich so weh.)</title> Auswahl von Gesängen No. 369. <pubPlace key="place_0438">Mainz</pubPlace>, <publisher key="publ_3563">Schott</publisher> 18 Xr.</bibl>
<bibl id="hofm_1837_11_0141_14"><regNumber>4783</regNumber>. <composer key="compo_019684">Lachner (Fr.)</composer> <title>6 deutsche Gesänge für Bariton oder Alt. Op. <opus key="opus_3351">54</opus>. 1stes Heft. (Es reden und träumen die Menschen so viel – Einsam wandl’ ich meine Wege – Mir träumte traurig schaute der Mond.)</title> <pubPlace key="place_0392">Leipzig</pubPlace>, <publisher key="publ_2039">Klemm</publisher> 16 Gr.</bibl>
<bibl id="hofm_1837_11_0141_15">– – do. <title>2tes Heft. (Da liegen sie alle die grauen Höh’n – Im Thale tief unten am Bache – Am Meer, am wüsten nächtlichen.)</title> Ebend. 16 Gr.</bibl>
<bibl id="hofm_1837_11_0141_16"><composer key="compo_020376">Lehmann (Lorenz)</composer> <title>Der bairische Bier-Klub. Gesellschaftslied f. Bass. (Sing wir nicht zur Herrlichkeit geboren.)</title> <pubPlace key="place_0044">Berlin</pubPlace>, <publisher key="publ_0224">Bechtold u. H</publisher>. 4 Gr.</bibl>
<bibl id="hofm_1837_11_0141_17"><title>Lieder und Bilder aus der Schweiz (mit Randvignetten.)</title> <pubPlace key="place_0050">Bern</pubPlace>, <publisher key="publ_0516">Burgdorfer</publisher> n. 1 Thlr. 6 Gr.</bibl>
<pb n="142"/>
<bibl id="hofm_1837_11_0142_01"><regNumber>4787</regNumber>. <composer key="compo_021681">Löwe (C.)</composer> <title>Das Muttergottesbild. Moosröslein. Das Paradies in der Wüste. 3 Legenden. Op. <opus key="opus_2576">37</opus>, 5te Legendensamml. (Im schönen Land Tyrol – In tiefster Schlucht in Waldes Schoos – Mein Freund Antonius.)</title> <pubPlace key="place_0438">Mainz</pubPlace>, <publisher key="publ_3563">Schott</publisher> 1 Fl. 12 Xr.</bibl>
<bibl id="hofm_1837_11_0142_02">* <composer key="compo_023663">Monpou (Hipp.)</composer> <title>Chanson de Luthier de Vienne. Der Student. (Es sucht der fröhliche Student – Les fils de l’université.)</title> Choix d’Airs No. 364. Ebend. 18 Xr.</bibl>
<bibl id="hofm_1837_11_0142_03"><composer key="compo_024153">Müller (Ad.)</composer> <title>Lied zur Cachucha (Fern in Toledo’s beglückenden Auen.)</title> <pubPlace key="place_0731">Wien</pubPlace>, <publisher key="publ_1506">Haslinger</publisher> 15 Xr.</bibl>
<bibl id="hofm_1837_11_0142_04"><composer key="compo_024795">Nicola (Carl)</composer> <title>4 Gesänge. Op. <opus key="opus_3967">7</opus>. (Sausten alle Berge – Die Traube lockt unter grünem Blatt – Eine Rose pflück’ ich fröhlich – So grün der Berg.)</title> <pubPlace key="place_0280">Hannover</pubPlace>, <publisher key="publ_2808">Nagel</publisher> 16 Gr.</bibl>
<bibl id="hofm_1837_11_0142_05"><regNumber>4763</regNumber>. <composer key="compo_024958">Nohr (Fr.)</composer> <title>4 deutsche Lieder von Tieck. Op. <opus key="opus_4562">9</opus>, 3tes Heft. (Dicht vom Felsen eingeschlossen – Ruhe, süss Liebchen im Schatten – Geliebter, wo zaudert dein irrender Fuss – Willst du des Armen dich gnädig erbarmen.)</title> <pubPlace key="place_0044">Berlin</pubPlace>, <publisher key="publ_4370">Westphal</publisher> 16 Gr.</bibl>
<bibl id="hofm_1837_11_0142_06"><composer key="compo_025724">Pape (Ludw.)</composer> <title>Preis-Aufgabe. Lied in die Ferne. (Sieh’st du am Abend die Wolken zieh’n.)</title> <pubPlace key="place_0431">Lübeck</pubPlace>, <publisher key="publ_1733">Hoffmann u. Kaibel</publisher> 6 Gr.</bibl>
<bibl id="hofm_1837_11_0142_07"><regNumber>4798</regNumber>. <composer key="compo_027077">Proch (H.)</composer> <title>Schweitzers Heimweh f. Alt oder Bariton. Op. <opus key="opus_2630">38</opus>. (Zieh’n die lieben goldnen Sterne.)</title> <pubPlace key="place_0731">Wien</pubPlace>, <publisher key="publ_0735">Diabelli u. Co</publisher>. 40 Xr.</bibl>
<bibl id="hofm_1837_11_0142_08"><regNumber>4798</regNumber>. <composer key="compo_027193">Puget (Mlle L.)</composer> <title>Der Schönste von Sevilla. Bolero. (Durchfliegt Sevilla’s schönster Junge – Lorsque le plus beau de Seville.)</title> <pubPlace key="place_0044">Berlin</pubPlace>, <publisher key="publ_3471">Schlesinger</publisher> 6 Gr.</bibl>
<bibl id="hofm_1837_11_0142_09">– <title>Alles dein. Romanze. (Ersehn’ ich Schätze mir vom Glücke – Je ne désire.)</title> Ebend. 4 Gr. (Choix de Romances No. 97. 100.)</bibl>
<bibl id="hofm_1837_11_0142_10"><regNumber>4764</regNumber>. <composer key="compo_027982">Reissiger (C.G.)</composer> <title>Der Kaiser schläft. Ballade von Vogl (Vor Ligne steht der Franken Heer) m. Vign</title>. <pubPlace key="place_0147">Dresden</pubPlace>, <publisher key="publ_2993">Paul</publisher> 12 Gr.</bibl>
<bibl id="hofm_1837_11_0142_11">* <composer key="compo_032123">Seyfried</composer>, <title>Undine, Romanze (Immer heiter, ohne Sorgen)</title> Auswahl von Gesängen. No. 380. <pubPlace key="place_0438">Mainz</pubPlace>, <publisher key="publ_3563">Schott</publisher> 18 Xr.</bibl>
<bibl id="hofm_1837_11_0142_12">* <composer key="compo_032275">Silcher (Fr.)</composer> <title>Ausländische Volksmelodien mit deutschem Text gesammelt und f. eine oder zwei Singstimmen gesetzt. 2tes Heft. Op. <opus key="opus_1932">27</opus></title>. <pubPlace key="place_0693">Tübingen</pubPlace>, <publisher key="publ_1149">Fues</publisher> n. 12 Gr.</bibl>
<bibl id="hofm_1837_11_0142_13"><composer key="compo_033706">Stuckenschmidt (J.H.)</composer> <title>Lieder und Gesänge. Op. <opus key="opus_0001">1</opus>. (Die Abendglocke tönet – Da droben auf jenem Berge – Willkommen liebe dunkle Nacht – Was stehst du so im stillen Schmerz – An dem Fenster gegenüber)</title>. <pubPlace key="place_0078">Braunschweig</pubPlace>, <publisher key="publ_0134">Autor</publisher> 12 Gr.</bibl>
<bibl id="hofm_1837_11_0142_14">* <composer key="compo_034685">Tomascheck (W.J.)</composer> <title>Die kleine Adelaide (Ich bin das Mädchen der Freude)</title>. Auswahl von Gesängen No. 366. <pubPlace key="place_0438">Mainz</pubPlace>, <publisher key="publ_3563">Schott</publisher> 18 Xr.</bibl>
<bibl id="hofm_1837_11_0142_15">– <title>Wiegenlied (Liebchen, lass dich küssen)</title>. Auswahl von Gesängen No. 376. Ebend. 18 Xr.</bibl>
<bibl id="hofm_1837_11_0142_16"><composer key="compo_034835">Triest (H.)</composer> <title>5 Gesänge Op. <opus key="opus_3181">5</opus>, 4tes Heft der Gesänge (Guten Morgen ihr Fluren – Du bist vom Schlaf erstanden – Friedlicher Abend – Zwei Särge einsam stehen – Aus des Meeres tiefem Grunde)</title>. <pubPlace key="place_0044">Berlin</pubPlace>, <publisher key="publ_2455">Lischke</publisher> 16 Gr.</bibl>
<bibl id="hofm_1837_11_0142_17">* <title>Volkslieder No. 17, Der Abschied (Muss i denn zum Städele naus)</title>. <pubPlace key="place_0280">Hannover</pubPlace>, <publisher key="publ_2808">Nagel</publisher> 4 Gr.</bibl></div>
<pb n="143"/>
<div id="hofm_1837_11_0143_div23"><head><hofClass key="hofCl_0047">Gesänge mit Begleitung der Guitarre.</hofClass></head>
<bibl id="hofm_1837_11_0143_01"><composer key="compo_023370">Mietzke (C.)</composer> <title>Erlkönig. Ballade v. Göthe (Wer reitet so spät)</title>. <pubPlace key="place_0044">Berlin</pubPlace>, <publisher key="publ_0916">Ende</publisher> 12 Gr.</bibl>
</div><div id="hofm_1837_11_0143_div24"><head><hofClass key="hofCl_0077">Lehrbücher für den Gesang.</hofClass></head>
<bibl id="hofm_1837_11_0143_02"><composer key="compo_001023">Asioli (B.)</composer> <title>Dodici Solfeggi o Ariette (italiano e tedesco) ded. alla Sgra Angelica Catalani. <edition>Neue Ausg</edition></title>. <pubPlace key="place_0276">Hamburg</pubPlace>, <publisher key="publ_0640">Cranz</publisher> 20 Gr.</bibl>
<bibl id="hofm_1837_11_0143_03"><composer key="compo_023459">Minoja (Ambr.)</composer> <title>45 leichte Solfeggi f. Sopranstimme umgearbeitet und mit Begleitung des Pfte herausgegeben von G.W. Teschner. Heft 2</title>. <pubPlace key="place_0044">Berlin</pubPlace>, <publisher key="publ_0639">Crantz</publisher> 1 Thlr.</bibl>
<bibl id="hofm_1837_11_0143_04"><composer key="compo_028254">Richter (E.)</composer> <title>Unterrichtlich geordnete Sammlung von ein- zwei- drei- und vierstimmigen Sätzen, Liedern, Canons und Chorälen f. Volksschulen. Erste Abtheil. Singstoff f. d. allerersten Gesang-Unterricht in Volksschulen in 109 Sätzen und Liedern, nebst einigen leichten Chorälen. <edition>2te verb. u. verm. Aufl</edition></title>. 8. <pubPlace key="place_0082">Breslau</pubPlace>, <publisher key="publ_0640">Cranz</publisher> geh. n. 4 Gr.</bibl>
<bibl id="hofm_1837_11_0143_05"><composer key="compo_030992">Schramm (Wilh.)</composer> <title>Wirrfaden zu Hentschels kurzem Leitfaden beim Gesangunterricht in Volksschulen</title>. 8. <pubPlace key="place_0562">Querfurth</pubPlace>. (<pubPlace key="place_0392">Leipzig</pubPlace>, <publisher key="publ_2104">Kollmann</publisher>) geh. 3 Gr.</bibl>
</div><div id="hofm_1837_11_0143_div25"><head><hofClass key="hofCl_0287">Theoretische Werke.</hofClass></head>
<bibl id="hofm_1837_11_0143_06"><title>Caecilia, eine Zeitschrift f. d. musicalische Welt. 19ter Band. (4tes Heft.) Heft 76</title>. 8. <pubPlace key="place_0438">Mainz</pubPlace>, <publisher key="publ_3563">Schott</publisher> geh. 45 r. n</bibl>
<bibl id="hofm_1837_11_0143_07"><composer key="compo_013204">Hand (Ferd.)</composer> <title>Aesthetik der Tonkunst. Erster Theil</title>. 8. <pubPlace key="place_0392">Leipzig</pubPlace>, <publisher key="publ_1716">Hochhausen u. Fournes</publisher> geh. 2 Thlr.</bibl>
<bibl id="hofm_1837_11_0143_08"><composer key="compo_022366">Marx (A.B.)</composer> <title>Die Lehre von der musikalischen Komposition, praktisch-theoretisch, zum Selbstunterricht, oder als Leitfaden bei Privatunterweisung und öffentlichen Vorträgen. Erster Band</title>. 8. <pubPlace key="place_0392">Leipzig</pubPlace>, <publisher key="publ_0437">Br. u. Härtel</publisher> geh. n. 3 Thlr.</bibl>
<bibl id="hofm_1837_11_0143_09"><composer key="compo_030051">Scheibler (Heinr.)</composer> <title>Ueber mathematische Stimmung, Temperaturen und Orgelbestimmung nach Vibrations-Differenzen oder Stössen</title>. 8. <pubPlace key="place_0363">Crefeld</pubPlace>, <publisher key="publ_3710">Schüller</publisher> geh.</bibl>
<bibl id="hofm_1837_11_0143_10"><composer key="compo_033098">Stein</composer>, <title>König Mys von Fidibus, oder drei Jahre auf der Universität. Aus dem Leben eines Künstlers. 2 Bände</title>. 8. <pubPlace key="place_0228">Gera</pubPlace>, <publisher key="publ_3440">Scherbarth</publisher> 3 Thlr.</bibl>
<bibl id="hofm_1837_11_0143_11"><title>Universal-Lexicon der Tonkunst, redigirt v. G. Schilling. Vter Band. 3te u. 4te Lief. (Ophicleïde-Porta)</title>. <pubPlace key="place_0662">Stuttgart</pubPlace>, <publisher key="publ_2224">Köhler</publisher> geh. n. 20 Gr.</bibl>
<bibl id="hofm_1837_11_0143_12"><composer key="compo_036274">Weber (J.R.)</composer> <title>musikalische Schulgrammatik</title>. 8. <pubPlace key="place_0767">Zürich</pubPlace>, <publisher key="publ_1815">Hoehr</publisher> geh. 20 Gr.</bibl>
</div></body></text></TEI.2>