<?xml version="1.0" encoding="utf-8"?>
<!DOCTYPE TEI.2
  SYSTEM "../../dtd/tei/cch_tei.dtd">
<TEI.2 id="hofm_1838_08">
<teiHeader type="text"><fileDesc><titleStmt><title>August, September 1838</title></titleStmt><publicationStmt><p/></publicationStmt><sourceDesc><p/></sourceDesc></fileDesc><profileDesc><langUsage><language id="ger">German</language><language id="fre">French</language><language id="ita">Italian</language></langUsage></profileDesc><revisionDesc><change><date>2008-09-11</date><respStmt><name>EP</name></respStmt><item>&lt;seriesInfo&gt; element renamed into &lt;series&gt;</item></change><change><date>2007-09-20</date><respStmt><name>EP</name></respStmt><item>missing @id added</item></change><change><date>2007-04-27</date><respStmt><name>RV</name></respStmt><item>Changed "biblGroup" elements in "listBibl"</item></change><change><date>2007-03-02</date><respStmt><name>EP</name></respStmt><item>Checked curly brackets</item></change><change><date>2007-02-26</date><respStmt><name>EP</name></respStmt><item>Encoded curly brackets</item></change><change><date>2006-12-19</date><respStmt><name>EP</name></respStmt><item>sic and unclear moved outside elements pubplaces, publisher, composer, hofclass, key, opus</item></change><change><date>2006-10-20</date><respStmt><name>Liz</name></respStmt><item>p. 128 Panny (not Pauny)</item></change><change><date>2006-03-15</date><respStmt><name>Sarah</name></respStmt><item>Fixed Xrefs</item></change><change><date>2005-05-19</date><respStmt><name>Sarah</name></respStmt><item>Corrections following checking pages.</item></change><change><date>2005-02-08</date><respStmt><name>Sarah</name></respStmt><item>Fixed HofClass headings.</item></change><change><date>2005-01-24</date><respStmt><name>Sarah</name></respStmt><item>Adjusted spacing following comments from Liz.</item></change><change><date>2005-01-17</date><respStmt><name>Sarah</name></respStmt><item>Added file title, TEI_ID, fixed album, xref, curly brackets and edition / format.</item></change><change><date>2004-09-30</date><respStmt><name>Sarah</name></respStmt><item>Removed force and price tags 30/09/2004.</item></change><change><date>2004-09-10</date><respStmt><name>Sarah</name></respStmt><item>First encoding</item></change></revisionDesc></teiHeader>
<text><body><pb n="114"/><head>August, September 1838.</head>
<div><head><hofClass key="hofCl_0164">Musik für das Orchester.</hofClass></head>
<wip id="hofm_1838_08_0114_01"><composer key="compo_000636">Andrelang (Ant.)</composer> <title>Sammlung beliebter Stücke f. 2 Hörner, Klappenflügelhorn, 2 chromatische Trompeten, 1 ord. Trompete u. Trombone. Op. <opus key="opus_3565">6</opus></title>. <title>Cah. 1</title>, 1 Fl. 48 Xr. <title>Cah. 2</title>, 1 Fl. 57 Xr. <pubPlace key="place_0475">München</pubPlace>, <publisher key="publ_0996">Falter</publisher>.</wip>
<bibl id="hofm_1838_08_0114_02"><composer key="compo_015336">Hopfe (Jul.)</composer> <title>Tanzmusik f. kleines Orchester. Tänze im neuesten Geschmack 5- 6- u. 7stimmig zu spielen. Op. <opus key="opus_3967">7</opus>. 1stes Heft</title>. <pubPlace key="place_0170">Eisleben</pubPlace>, <publisher key="publ_3181">Reichardt</publisher> 8 Gr. n.</bibl>
<bibl id="hofm_1838_08_0114_03"><composer key="compo_024958">Nohr (Fr.)</composer> <title>Concertante p. Flûte, Hautbois, Clarinette et Basson av. Acc. d’Orchestre. Oe. <opus key="opus_0021">10</opus>, in <key>F</key></title>. <pubPlace key="place_0475">München</pubPlace>, <publisher key="publ_0996">Falter</publisher> 5 Fl. 24 Xr.</bibl>
<bibl id="hofm_1838_08_0114_04"><composer key="compo_027982">Reissiger (C.G.)</composer> <title>Ouverture à grand Orchestre (Motto: Was mir wohl übrig bleibe, wenn alles von mir flieht? Es bleibet noch die Liebe und mit ihr manches Lied). Op. <opus key="opus_0501">128</opus>, in <key>F</key></title>. déd. à Mr. L. Spohr. <pubPlace key="place_0392">Leipzig</pubPlace>, <publisher key="publ_3023">Peters</publisher> 2 Thlr. 20 Gr.</bibl>
<bibl id="hofm_1838_08_0114_05"><composer key="compo_029528">Sachse (Ern.)</composer> <title>12 Piècen. f. vollstimmige Militair-Musik (17stimmig)</title>. <pubPlace key="place_0720">Weimar</pubPlace> (<pubPlace key="place_0392">Leipzig</pubPlace>, <publisher key="publ_3081">Polet</publisher>) 2 Thlr.</bibl>
<bibl id="hofm_1838_08_0114_06"><composer key="compo_036590">Weller (Fr.)</composer> <title><series>Délices de Berlin</series>. Quadrilles françaises (Contredanses) p. gr. Orchestre. Liv. 2. <format>Partition</format></title>. <pubPlace key="place_0044">Berlin</pubPlace>, <publisher key="publ_4370">Westphal</publisher> 12 Gr.</bibl>
</div><div id="hofm_1838_08_0114_div02"><head><hofClass key="hofCl_0245">Musik für die Violine.</hofClass></head>
<bibl id="hofm_1838_08_0114_07"><composer key="compo_012692">Görner</composer>, <title>Polonaise a. d. Oper: Die Gesandtin u. Walzer a. d. Postillon von Lonjumeau f. Violine</title>. <pubPlace key="place_0044">Berlin</pubPlace>, <publisher key="publ_0639">Crantz</publisher> 2 Gr.</bibl>
<bibl id="hofm_1838_08_0114_08">– <title>Walzer a. d. Postillon v. Lonjumeau u. Galopp a. d. Falkners Braut f. do</title>. Ebend. 2 Gr.</bibl>
<bibl id="hofm_1838_08_0114_09">– <title>2 Schnellwalzer a. d. Puritaner u. d. Postillon v. Lonjumeau f. do</title>. Ebend. 2 Gr.</bibl>
<bibl id="hofm_1838_08_0114_10">– <title>Walzer a. d. Gesandtin u. schottischer Walzer a. d. Liebestrank f. do</title>. Ebend. 2 Gr.</bibl>
<bibl id="hofm_1838_08_0114_11"><composer key="compo_014194">Henning (C.)</composer> <title>Polonaise f. Violine m. Begl. d. Viol., Alt u. Vclle (in <key>A</key>.)</title> <pubPlace key="place_0723">Weissenfels</pubPlace>, <publisher key="publ_3966">Suess</publisher> 12 Gr.</bibl>
<bibl id="hofm_1838_08_0114_12"><composer key="compo_018772">Kreutzer (Rod.)</composer> <title>40 Etudes ou Caprices p. Violon av. Acc. d’un second Violon, arr. p. Ch. Eichheim. En 3 Livr. Liv. 2</title>. <pubPlace key="place_0392">Leipzig</pubPlace>, <publisher key="publ_1746">Hofmeister</publisher> 20 Gr.</bibl>
<bibl id="hofm_1838_08_0114_13"><composer key="compo_022699">Mazas (F.)</composer> <title>3 Duos brillants p. 2 Violons. Oe. <opus key="opus_3825">66</opus></title>. <pubPlace key="place_0438">Mainz</pubPlace>, <publisher key="publ_3563">Schott</publisher> 3 Fl.</bibl>
<bibl id="hofm_1838_08_0114_14">– <title>La Folie. Fantaisie brillante p. Violon av. Acc. de Pfte. Oe. <opus key="opus_4096">74</opus>, in <key>A</key></title>. <pubPlace key="place_0392">Leipzig</pubPlace>, <publisher key="publ_1746">Hofmeister</publisher> 20 Gr.</bibl>
<bibl id="hofm_1838_08_0114_14_i"><composer key="compo_022560">Maurer (Louis)</composer> <title>Premier Concerto p. Violon av. Acc. de Pfte (in <key>Gm</key>.)</title> <pubPlace key="place_0392">Leipzig</pubPlace>, <publisher key="publ_3023">Peters</publisher> 2 Thlr. 8 Gr.</bibl>
<wip id="hofm_1838_08_0114_16"><composer key="compo_022742">Meerts (L.J.)</composer> <title>Douze Etudes p. Violon av. Acc. d’un second Violon</title>. <title>Suite 1, 2</title>. <pubPlace key="place_0438">Mainz</pubPlace>, <publisher key="publ_3563">Schott</publisher> à 2 Fl. 42 Xr.</wip>
<bibl id="hofm_1838_08_0114_17"><composer key="compo_028398">Ries (Hub.)</composer> <title>Premier Concerto p. Violon av. Acc. de l’Orchestre. Op. <opus key="opus_0531">13</opus>, in <key>D</key></title>. (Déd. à Mr. F. David). <pubPlace key="place_0044">Berlin</pubPlace>, <publisher key="publ_4370">Westphal</publisher> 1 Thlr. 20 Gr.</bibl>
<bibl id="hofm_1838_08_0114_18">– Idem av. Acc. de Pfte. Ebend. 20 Gr.</bibl></div>
<pb n="115"/>
<div id="hofm_1838_08_0115_div03"><head><hofClass key="hofCl_0193">Musik für die Bratsche.</hofClass></head>
<bibl id="hofm_1838_08_0115_01"><composer key="compo_022699">Mazas (F.)</composer> <title>Elégie p. Alto av. Acc. de Pfte. Oe. 73, in <key>C</key></title>. (Déd. à Mr. Servais). <pubPlace key="place_0392">Leipzig</pubPlace>, <publisher key="publ_1746">Hofmeister</publisher> 18 Gr.</bibl>
</div><div id="hofm_1838_08_0115_div04"><head><hofClass key="hofCl_0184">Musik für das Violoncelle.</hofClass></head>
<bibl id="hofm_1838_08_0115_02"><composer key="compo_010624">Ganz (M.)</composer> <title>6 Pièces faciles en Forme de Romances p. Violoncelle av. Acc. de Pfte</title>. <pubPlace key="place_0438">Mainz</pubPlace>, <publisher key="publ_3563">Schott</publisher> 1 Fl. 30 Xr.</bibl>
<bibl id="hofm_1838_08_0115_03"><composer key="compo_019130">Kummer (F.A.)</composer> <title>8 grandes Etudes p. Violoncelle av. Acc. d’un second Vclle ad lib. Oe. <opus key="opus_2948">44</opus>. Liv. 1</title>. (Déd. à Mr. A. Franchomme). <pubPlace key="place_0147">Dresden</pubPlace>, <publisher key="publ_2661">Meser</publisher> 1 Thlr. 4 Gr.</bibl>
<bibl id="hofm_1838_08_0115_04"><composer key="compo_022699">Mazas (F.)</composer> <title>Elégie p. Violoncelle av. Acc. de Pfte. Oe. <opus key="opus_4070">73</opus>, in <key>C</key></title>. <pubPlace key="place_0392">Leipzig</pubPlace>, <publisher key="publ_1746">Hofmeister</publisher> 18 Gr.</bibl>
<bibl id="hofm_1838_08_0115_05"><composer key="compo_028763">Romberg (Bern.)</composer> <title>Pièce facile, 2e Livre. Andante et Rondo p. Violoncelle av. Acc. de 2 Violons, Alto et Basse (et Contrebasse ad lib.) Oe. <opus key="opus_3825">66</opus>, in <key>A</key></title>. Ebend. 1 Thlr. 8 Gr.</bibl>
<bibl id="hofm_1838_08_0115_06">– Idem av. Acc. de Pfte. Ebend. 1 Thlr.</bibl>
<bibl id="hofm_1838_08_0115_07"><composer key="compo_032081">Servais (A.F.)</composer> <title>Fantaisie p. Violoncelle av. Acc. de Pfte (ou Harpe) in <key>E</key></title>. <pubPlace key="place_0438">Mainz</pubPlace>, <publisher key="publ_3563">Schott</publisher> 1 Fl. 48 Xr.</bibl>
</div><div id="hofm_1838_08_0115_div05"><head><hofClass key="hofCl_0200">Musik für die Flöte.</hofClass></head>
<bibl id="hofm_1838_08_0115_08"><composer key="compo_002202">Bellini (J.F.)</composer> <title>Ouverture de l’Opéra : I Montecchi ed i Capuleti arr. en Quintuor p. Flûte, 2 Violons, Alto et Vclle p. J.F. Schwencke</title>. <pubPlace key="place_0276">Hamburg</pubPlace>, <publisher key="publ_0540">Böhme</publisher> 16 Gr.</bibl>
<bibl id="hofm_1838_08_0115_09"><composer key="compo_012693">Görner (C.)</composer> <title>Walzer a. d. Oper die Gesandtin u. Galopp a. d. Puritaner f. Flöte</title>. <pubPlace key="place_0044">Berlin</pubPlace>, <publisher key="publ_0639">Crantz</publisher> 2 Gr.</bibl>
<bibl id="hofm_1838_08_0115_10">– <title>2 Schnellwalzer a. d. Puritaner u. d. Postillon von Lonjumeau f. do</title>. Ebend. 2 Gr.</bibl>
<bibl id="hofm_1838_08_0115_11">– <title>2 Galoppen a. d. Falkners Braut u. d. Tochter des Soldaten f. do</title>. Ebend. 2 Gr.</bibl>
<bibl id="hofm_1838_08_0115_12">– <title>Galopp a. d. Nachtwandlerin u. schottischer Walzer a. d. Liebestrank f. do</title>. Ebend. 2 Gr.</bibl>
<bibl id="hofm_1838_08_0115_13"><composer key="compo_022962">Mercadante</composer>, <title>Ouverture de l’Opéra : I Normanni a Parigi arr. en Quintuor p. Flûte, 2 Violons, Alto et Vclle p. J.F. Schwencke</title>. <pubPlace key="place_0276">Hamburg</pubPlace>, <publisher key="publ_0540">Böhme</publisher> 20 Gr.</bibl>
</div><div id="hofm_1838_08_0115_div06"><head><hofClass key="hofCl_0205">Musik für die Guitarre.</hofClass></head>
<album id="hofm_1838_08_0115_14"><title>Damen-Kunst-Karte mit 1000 Steurer-Walzer nach den beliebten Motiven von <composer key="compo_033546">Strauss</composer> und <composer key="compo_020007">Lanner</composer> f. Guitarre. In Etui</title>. <pubPlace key="place_0569">Regensburg</pubPlace>, <publisher key="publ_3124">Pustet</publisher> n. 10 Gr.</album>
<bibl id="hofm_1838_08_0115_15"><composer key="compo_024205">Müller (Fr.)</composer> <title>Schottische Walzer f. Guitarre</title>. <pubPlace key="place_0392">Leipzig</pubPlace>, <publisher key="publ_2039">Klemm</publisher> 6 Gr.</bibl>
</div><div id="hofm_1838_08_0115_div07"><head><hofClass key="hofCl_0167">Musik für das Pianoforte mit Begleitung.</hofClass></head>
<bibl id="hofm_1838_08_0115_16"><composer key="compo_002077">Beethoven (L. v.)</composer> <title>2 grandes Sonates p. Pfte et Violon (ou Vclle). Oe. <opus key="opus_3187">5, No. 1. 2</opus>. <edition>Nouv. Edit</edition></title>. <pubPlace key="place_0078">Braunschweig</pubPlace>, <publisher key="publ_2681">Meyer</publisher> à 1 Thlr.</bibl>
<bibl id="hofm_1838_08_0115_17">– <title>3 Sonates p. Pfte et Violon. Oe. <opus key="opus_2136">30. No. 1–3</opus>. <edition>Nouv. Edit</edition></title>. Ebend. à 20 Gr.</bibl>
<bibl id="hofm_1838_08_0115_18">– <title>Grand Quatuor p. Pfte, Violon, Alto et Vclle, arr. de la gr. Sonate av. Violon, Oe. <opus key="opus_3071">47</opus>, in <key>A</key>, p. F. Hartmann</title>. <pubPlace key="place_0069">Bonn</pubPlace>, <publisher key="publ_3791">Simrock</publisher> 9 Fr.</bibl>
<pb n="116"/>
<bibl id="hofm_1838_08_0116_01"><composer key="compo_002384">Berbiguier</composer>, <title>Ecrin des jeunes Flûtistes. No. 1, Variations sur un Motif de Donizetti. No. 2, Var. sur un Motif de H. Herz. No. 3, Var. sur un Thème de Mercadante. No. 4, Var. sur un Thème de Bellini p. Flûte et Pfte</title>. <pubPlace key="place_0392">Leipzig</pubPlace>, <publisher key="publ_0437">Br. et Härtel</publisher> à 10 Gr.</bibl>
<bibl id="hofm_1838_08_0116_02"><composer key="compo_002659">Berr</composer> et <composer key="compo_009161">Fessy</composer>, <title>17e Fantaisie sur les Motifs de l’Opéra : I Puritani de Bellini p. Pfte et Clarinette</title>. <pubPlace key="place_0438">Mainz</pubPlace>, <publisher key="publ_3563">Schott</publisher> 1 Fl. 30 Xr.</bibl>
<bibl id="hofm_1838_08_0116_03"><composer key="compo_006306">Czerny (Ch.)</composer> <title>Grande Marche de Couronnement de S. M. Victoria Reine de Bretagne p. Pfte et Flûte</title>. <pubPlace key="place_0069">Bonn</pubPlace>, <publisher key="publ_3791">Simrock</publisher> 1 Fr. 50 Ct.</bibl>
<bibl id="hofm_1838_08_0116_04"><composer key="compo_009161">Fessy</composer> et <composer key="compo_002659">Berr</composer>, <title>24me Fantaisie sur des Motifs de l’Opera : L’Ambassadrice d’Auber p. Pfte et Clarinette</title>. <pubPlace key="place_0438">Mainz</pubPlace>, <publisher key="publ_3563">Schott</publisher> 1 Fl. 24 Xr.</bibl>
<wip id="hofm_1838_08_0116_05"><composer key="compo_009626">Forde (W.)</composer> <title>L’Anima dell’ Opera. 9 Cavatines italiennes p. Pfte et Flûte. No. 1, Vivi tu de Donizetti. No. 2, Stanca do piu de Marliani. No. 3, Se m’abbandoni de Mercadante. No. 4, Tu vedrai. No. 5, Sen, non ferir. No. 6, Casta Diva de Bellini. No. 7, Languir per una betta de Rossini. No. 8, Ognor più tenero de Caraffa. No. 9, Alma grande de Mercadante</title>. <pubPlace key="place_0069">Bonn</pubPlace>, <publisher key="publ_3791">Simrock</publisher> à 1 Fr. 50 Ct.</wip>
<bibl id="hofm_1838_08_0116_06"><composer key="compo_009629">Foreit</composer> et <composer key="compo_009161">Fessy</composer>, <title>Fantaisie sur des Motifs de l’Ambassadrice p. Hautbois et Pfte</title>. <pubPlace key="place_0438">Mainz</pubPlace>, <publisher key="publ_3563">Schott</publisher> 1 Fl. 24 Xr.</bibl>
<bibl id="hofm_1838_08_0116_07">– <title>Fantaisie sur des Motifs de l’Opéra : I Puritani de Bellini p. Pfte et Hautbois</title>. Ebend. 1 Fl. 30 Xr.</bibl>
<bibl id="hofm_1838_08_0116_08"><composer key="compo_012693">Görner (C.)</composer> <title>Fantaisie et Variations brillantes sur la Masurek Dombrowsky p. Pfte et Violon. Oe. <opus key="opus_2670">39</opus>, in <key>F</key></title>. <pubPlace key="place_0044">Berlin</pubPlace>, <publisher key="publ_0639">Crantz</publisher> 20 Gr.</bibl>
<bibl id="hofm_1838_08_0116_09"><composer key="compo_016826">Kalkbrenner (Fr.)</composer> et <composer key="compo_019726">C.P. Lafont</composer>, <title>Grande Fantaisie brillante sur des Motifs favoris des Huguenots de Meyerbeer p. Pfte et Flûte. Oe. <opus key="opus_0612">133</opus></title>. <pubPlace key="place_0392">Leipzig</pubPlace>, <publisher key="publ_0437">Br. et Härtel</publisher> 1 Thlr. 8 Gr.</bibl>
<bibl id="hofm_1838_08_0116_10"><composer key="compo_018772">Kreutzer (Rod.)</composer> <title>40 Etudes ou Caprices p. Violon av. Acc. de Pfte arr. p. Ch. Eichheim. En 3 Livr. Liv. 2</title>. <pubPlace key="place_0392">Leipzig</pubPlace>, <publisher key="publ_1746">Hofmeister</publisher> 1 Thlr.</bibl>
<bibl id="hofm_1838_08_0116_11"><composer key="compo_019130">Kummer (F.A.)</composer> et <composer key="compo_020063">Ch. Lasekk</composer>, <title>Variations p. Pfte et Violoncelle. Oe. <opus key="opus_2804">41</opus>, in <key lang="ger">H</key></title>. <pubPlace key="place_0392">Leipzig</pubPlace>, <publisher key="publ_0437">Br. et Härtel</publisher> 12 Gr.</bibl>
<bibl id="hofm_1838_08_0116_12"><composer key="compo_019130">Kummer (F.A.)</composer> <title>3 Pièces p. Amateurs de Pfte et Vclle. No. 12–14 Allo Maestoso-Gracioso scherzo sur des Motifs de l’Opéra : Le Domino noir d’Auber. Oe. <opus key="opus_2850">42</opus></title>. <pubPlace key="place_0147">Dresden</pubPlace>, <publisher key="publ_2661">Meser</publisher> 1 Thlr. 4 Gr.</bibl>
<wip id="hofm_1838_08_0116_13"><composer key="compo_022904">Mendelssohn-Bartholdy (F.)</composer> <title>6 Lieder ohne Worte f. Pfte u. Violine eing. v. C. Czerny</title>. <title>1stes Heft, Op. <opus key="opus_1271">19</opus></title>. <title>2tes Heft, Op. <opus key="opus_2131">30</opus></title>. <title>3tes Heft, Op. <opus key="opus_2630">38</opus></title>. <pubPlace key="place_0069">Bonn</pubPlace>, <publisher key="publ_3791">Simrock</publisher> à 4 Fr.</wip>
<bibl id="hofm_1838_08_0116_14"><composer key="compo_024177">Müller (C.F.)</composer> <title>Grande Pièce concertante dans le Genre d’un Trio p. Pfte, Violon et Vclle. Oe. <opus key="opus_0137">104</opus>, in <key>As</key></title>. <pubPlace key="place_0044">Berlin</pubPlace>, <publisher key="publ_0639">Crantz</publisher> 1 Thlr. 6 Gr.</bibl>
<bibl id="hofm_1838_08_0116_15"><composer key="compo_027982">Reissiger (C.G.)</composer> <title>11ième Trio p. Pfte, Violon, et Vclle. Oe. <opus key="opus_0477">125</opus>, in <key>Am</key></title>. <pubPlace key="place_0392">Leipzig</pubPlace>, <publisher key="publ_3023">Peters</publisher> 2 Thlr.</bibl>
<bibl id="hofm_1838_08_0116_16"><composer key="compo_028608">Roda (F. de)</composer> et <composer key="compo_004899">C. de Beriot</composer>, <title>Introduction et Variations sur un Thème original p. Pfte et Violon (in <key>E</key>.)</title> <pubPlace key="place_0078">Braunschweig</pubPlace>, <publisher key="publ_2681">Meyer</publisher> 18 Gr.</bibl>
</div><div id="hofm_1838_08_0116_div08"><head><hofClass key="hofCl_0171">Musik für das Pianoforte zu 4 Händen.</hofClass></head>
<bibl id="hofm_1838_08_0116_17"><composer key="compo_002077">Beethoven (L. v.)</composer> <title>Sonate célèbre arr. p. Pfte à 4 Mains. Oe. <opus key="opus_3071">47</opus>, in <key>A</key></title>. <pubPlace key="place_0276">Hamburg</pubPlace>, <publisher key="publ_0639">Crantz</publisher> geh. 2 Thlr. 12 Gr.</bibl>
<bibl id="hofm_1838_08_0116_18">– <title>12 Variations sur un Thème de Mozart (Ein Mädchen oder Weibchen) arr. p. Pfte à 4 Mains</title>. Ebend. 16 Gr.</bibl>
<bibl id="hofm_1838_08_0116_19"><composer key="compo_002709">Bertini (H.)</composer> <title>Fantaisie sur les Motifs du Domino noir p. Pfte à 4 Mains. Oe. <opus key="opus_0409">120</opus>, in <key>Es</key></title>. <pubPlace key="place_0438">Mainz</pubPlace>, <publisher key="publ_3563">Schott</publisher> 2 Fl. 24 Xr.</bibl>
<pb n="117"/>
<bibl id="hofm_1838_08_0117_01"><composer key="compo_004435">Brunner (C.T.)</composer> <title>Guirlande musicale, contenant : 4 Pièces amusantes et instructives p. Pfte à 4 Mains. Oe. <opus key="opus_0684">14</opus></title>. <pubPlace key="place_0392">Leipzig</pubPlace>, <publisher key="publ_2039">Klemm</publisher> 20 Gr.</bibl>
<bibl id="hofm_1838_08_0117_02"><composer key="compo_004712">Burgmüller (Fréd.)</composer> <title>Une fleure sur son Passage à la Reine Victoria d’Angleterre. Grande Valse brillante p. Pfte à 4 Mains. Oe. <opus key="opus_3029">46</opus>, in <key>Es</key></title>. <pubPlace key="place_0392">Leipzig</pubPlace>, <publisher key="publ_0437">Br. et Härtel</publisher> 20 Gr.</bibl>
<wip id="hofm_1838_08_0117_03"><composer key="compo_006306">Czerny (Ch.)</composer> <title>50 neue Uebungsstüche in fortschreitender Ordnung und mit dem zweckmässigsten Fingersatze versehen, f. Pfte zu 4 Händen. Op. <opus key="opus_3120">481</opus></title>. <title>Heft 1–4</title>. <pubPlace key="place_0078">Braunschweig</pubPlace>, <publisher key="publ_2681">Meyer</publisher> à 16 Gr.</wip>
<bibl id="hofm_1838_08_0117_04">– <title>Pas redoublé de S. M. Victoria, Reine de Bretagne p. Pfte à 4 Mains. Oe. <opus key="opus_3134">489</opus></title>. <pubPlace key="place_0069">Bonn</pubPlace>, <publisher key="publ_3791">Simrock</publisher> 2 Fr.</bibl>
<bibl id="hofm_1838_08_0117_05">– <title>Fantaisie romantique sur des Motifs de l’Opéra : Le Domino noir p. Pfte à 4 Mains. Oe. <opus key="opus_3235">507</opus>, in <key>A</key></title>. <pubPlace key="place_0438">Mainz</pubPlace>, <publisher key="publ_3563">Schott</publisher> 2 Fl. 15 Xr.</bibl>
<bibl id="hofm_1838_08_0117_06"><composer key="compo_014550">Herz (H.)</composer> <title>Rondoletto sur un Motif de l’Opéra : L’Elisir d’Amore de Donizetti p. Pfte à 4 Mains. <series>Nouvelles Récréations</series>. Oe. <opus key="opus_0065">101</opus>, Liv. 3, in <key>E</key></title>. Ebend. 1 Fl. 12 Xr.</bibl>
<bibl id="hofm_1838_08_0117_07">– <title>Fantaisie sur une Barcarolle célèbre de C.M. Weber p. Pfte à 4 Mains. <series>Nouvelles Récréations</series>. Oe. <opus key="opus_0065">101</opus>, Liv. 6, in <key>F</key></title>. Ebend. 1 Fl. 12 Xr.</bibl>
<bibl id="hofm_1838_08_0117_08"><composer key="compo_017162">Kelbe (J.C.)</composer> <title>Grande Sonate p. Pfte à 4 Mains. Oe. <opus key="opus_0392">12</opus>, in <key>Cm</key></title>. <pubPlace key="place_0078">Braunschweig</pubPlace>, <publisher key="publ_2496">Lucius</publisher> 1 Thlr.</bibl>
<bibl id="hofm_1838_08_0117_09">– <title>Geschwindmarsch f. Pfte zu 4 Händen</title>. Ebend. 6 Gr.</bibl>
<bibl id="hofm_1838_08_0117_10"><composer key="compo_021137">Liszt (Fr.)</composer> <title>Grande Valse di Bravura arr. p. Pfte à 4 Mains. Oe. <opus key="opus_3565">6</opus></title>. <pubPlace key="place_0731">Wien</pubPlace>, <publisher key="publ_1506">Haslinger</publisher> 1 Fl. 30 Xr.</bibl>
<bibl id="hofm_1838_08_0117_11"><composer key="compo_022904">Mendelssohn-Bartholdy (F.)</composer> <title>Quintuor p. Violon arr. p. Pfte à 4 Mains p. X. Gleichauf. Oe. <opus key="opus_1165">18</opus>, in <key>A</key></title>. <pubPlace key="place_0069">Bonn</pubPlace>, <publisher key="publ_3791">Simrock</publisher> 8 Fr.</bibl>
<bibl id="hofm_1838_08_0117_12"><composer key="compo_023890">Mozart (W.A.)</composer> <title>Grosse Sonate f. Pfte zu 4 Händen. Op. <opus key="opus_0806">15</opus>, in <key>C</key></title>. <pubPlace key="place_0280">Hannover</pubPlace>, <publisher key="publ_2808">Nagel</publisher> 1 Thlr.</bibl>
<wip id="hofm_1838_08_0117_13">– <title>Six grandes Sinfonies, arr. p. Pfte à 4 Mains par Ch. Czerny</title>. <title>No. 1, in <key>Es</key></title>. 1 Thlr. 8 Gr. <title>No. 2, Jupiter, in <key>C</key></title>. 1 Thlr. 16 Gr. <title>No. 3, in <key>Gmoll</key></title>. <title>No. 4, in <key>D</key></title>. <title>No. 5, in <key>C</key></title>. à 1 Thlr 8 Gr. <title>No. 6, in <key>D</key></title>. 1 Thlr. <pubPlace key="place_0392">Leipzig</pubPlace>, <publisher key="publ_2017">Kistner</publisher>.</wip>
<bibl id="hofm_1838_08_0117_14"><composer key="compo_024177">Müller (C.F.)</composer> <title>Divertissement à la Mode p. Pfte à 4 Mains. Oe. <opus key="opus_4377">82</opus>, in <key>A</key></title>. <pubPlace key="place_0044">Berlin</pubPlace>, <publisher key="publ_0639">Crantz</publisher> 14 Gr.</bibl>
<bibl id="hofm_1838_08_0117_15"><title>Potpourri dramatique sur des Thèmes de l’Opéra : Guido et Ginevra de <composer key="compo_013059">Halevy</composer> p. Pfte à 4 Mains</title>. <pubPlace key="place_0392">Leipzig</pubPlace>, <publisher key="publ_0437">Br. et Härtel</publisher> à 1 Thlr.</bibl>
<bibl id="hofm_1838_08_0117_16"><composer key="compo_030642">Schmitt (Al.)</composer> <title>Rondeau brillante p. Pfte à 4 Mains. Oe. <opus key="opus_4416">83</opus>, in <key>A</key></title>. <pubPlace key="place_0731">Wien</pubPlace>, <publisher key="publ_4074">Trentsensky</publisher> 1 Fl. 15 Xr.</bibl>
<wip id="hofm_1838_08_0117_17"><composer key="compo_031363">Schunke (C.)</composer> <title>Le Pensionat. Pièces faciles et brillantes p. Pfte à 4 Mains. Oe. <opus key="opus_3282">52</opus></title>. <title>Cah. 5, Variations sur la Zelmira de Rossini</title>. <title>Cah. 6, Bacchanale sur un Motif de la Juive de Halevy</title>. <title>Cah. 7, Rondeau sur les Valses de Strauss</title>. <title>Cah. 8, Fantaisie sur la Préciosa de C.M. de Weber</title>. <title>Cah. 11, Variations sur le Duel des Huguenots de Meyerbeer</title>. <title>Cah. 12, Variations sur un Air autrichien</title>. <pubPlace key="place_0392">Leipzig</pubPlace>, <publisher key="publ_0437">Br. et Härtel</publisher> à 12 Gr.</wip>
<bibl id="hofm_1838_08_0117_18"><composer key="compo_033569">Strauss (Joh.)</composer> <title><series>Wiener Bürger-Märsche f. Pfte zu 4 Händen. No. 5</series>, Original-Parademarsch. Op. <opus key="opus_0094">102</opus></title>. <pubPlace key="place_0731">Wien</pubPlace>, <publisher key="publ_1506">Haslinger</publisher> 30 Xr.</bibl>
<bibl id="hofm_1838_08_0117_19"><composer key="compo_034169">Taubert (Gu.)</composer> <title>Prèmier Trio p. Pfte, arr. p. Pfte à 4 Mains p. G. Füller. Oe. <opus key="opus_2268">32</opus></title>. <pubPlace key="place_0044">Berlin</pubPlace>, <publisher key="publ_4370">Westphal</publisher> 2 Thlr.</bibl>
<bibl id="hofm_1838_08_0117_20"><composer key="compo_034323">Thalberg (Sigm.)</composer> <title>Divertissement sur les Soirées musicales de Rossini, arr. p. Pfte à 4 Mains p. Ch. Rummel. Oe. <opus key="opus_1165">18</opus></title>. <pubPlace key="place_0438">Mainz</pubPlace>, <publisher key="publ_3563">Schott</publisher> 1 Fl. 48 Xr.</bibl></div>
<pb n="118"/>
<div id="hofm_1838_08_0118_div09"><head><hofClass key="hofCl_0272">Ouverturen für das Pianoforte zu 4 Händen.</hofClass></head>
<bibl id="hofm_1838_08_0118_01"><composer key="compo_016840">Kalliwoda (J.W.)</composer> <title>6ième Ouverture p. Pfte à 4 Mains. Oe. <opus key="opus_4460">85</opus>, in <key>Es</key></title>. <pubPlace key="place_0392">Leipzig</pubPlace>, <publisher key="publ_3023">Peters</publisher> 20 Gr.</bibl>
<bibl id="hofm_1838_08_0118_02"><composer key="compo_024177">Müller (C.F.)</composer> <title>Grande Ouverture triomphale arr. p. Pfte à 4 Mains. Oe. <opus key="opus_0182">107</opus>, in <key>C</key></title>. <pubPlace key="place_0044">Berlin</pubPlace>, <publisher key="publ_0639">Crantz</publisher> 1 Thlr.</bibl>
<bibl id="hofm_1838_08_0118_03"><composer key="compo_027982">Reissiger (C.G.)</composer> <title>Ouverture p. Pfte à 4 Mains. (Motto: Was mir wohl übrig bliebe, wenn alles von mir flieht? Es bleibet noch die Liebe und mit ihr manches Lied). Op. <opus key="opus_0501">128</opus>, in <key>F</key></title>. <pubPlace key="place_0392">Leipzig</pubPlace>, <publisher key="publ_3023">Peters</publisher> 20 Gr.</bibl>
</div><div id="hofm_1838_08_0118_div10"><head><hofClass key="hofCl_0166">Musik für das Pianoforte allein.</hofClass></head>
<bibl id="hofm_1838_08_0118_04"><composer key="compo_000089">Adam (A.)</composer> <title>Mélange sur les Motifs de l’Opéra : Le fidèle Berger (Zum treuen Schäfer) p. Pfte</title>. <pubPlace key="place_0438">Mainz</pubPlace>, <publisher key="publ_3563">Schott</publisher> 1 Fl. 12 Xr.</bibl>
<wip id="hofm_1838_08_0118_05">– <title>Mosaïque. 4 Suites de Mélanges des Morceaux favoris de l’Opéra : Guido et Ginevra de <composer key="compo_013060">F. Halevy</composer>, p. Pfte</title>. <title>Suite 1–4</title>. <pubPlace key="place_0392">Leipzig</pubPlace>, <publisher key="publ_0437">Br. et Härtel</publisher> à 20 Gr.</wip>
<wip id="hofm_1838_08_0118_06"><composer key="compo_001041">Assmayer (Jgn.)</composer> <title>25 Handstücke im leichten und angenehmen Style f. Pfte. <edition>Dritte Aufl</edition>. Op. <opus key="opus_1802">25</opus></title>. <title>Heft 1–6</title>. <pubPlace key="place_0731">Wien</pubPlace>, <publisher key="publ_1506">Haslinger</publisher> à 30 Xr.</wip>
<bibl id="hofm_1838_08_0118_07"><composer key="compo_001068">Atze (Fréd.)</composer> <title>Elégie dediée aux Manes du célèbre J.N. Hummel p. Pfte. (in <key>A</key>.)</title> Ebend. 30 Xr.</bibl>
<bibl id="hofm_1838_08_0118_08"><composer key="compo_001075">Auber</composer>, <title>Auswahl beliebter Stücke a. d. Oper: Die Botschafterin (L’Ambassadrice) p. Pfte</title>. <pubPlace key="place_0276">Hamburg</pubPlace>, <publisher key="publ_0540">Böhme</publisher> 16 Gr.</bibl>
<bibl id="hofm_1838_08_0118_09"><composer key="compo_002077">Beethoven (L. v.)</composer> <title>Sonate p. Pfte. Oe. <opus key="opus_3967">7</opus>, in <key>Es</key>. Metronomisée p. J. Moscheles</title>. <pubPlace key="place_0276">Hamburg</pubPlace>, <publisher key="publ_0640">Cranz</publisher> 20 Gr.</bibl>
<bibl id="hofm_1838_08_0118_10">– <title>2 Sonates p. Pfte. Oe. <opus key="opus_0684">14</opus>, No. 1, in <key>E</key>. No. 2, in <key>G</key></title>. Ebend, à 12 Gr.</bibl>
<bibl id="hofm_1838_08_0118_11">– <title>2 Sonates faciles p. Pfte. Oe. <opus key="opus_3144">49. No. 1, 2</opus>, in <key>D</key>. <key>G</key></title>. <pubPlace key="place_0044">Berlin</pubPlace>, <publisher key="publ_0639">Crantz</publisher> à 10 Gr.</bibl>
<bibl id="hofm_1838_08_0118_12">– <title>Sonate p. Pfte. Oe. <opus key="opus_3351">54</opus>, in <key>F</key>. Metronomisée p. J. Moscheles</title>. Ebend. 12 Gr.</bibl>
<bibl id="hofm_1838_08_0118_13">– <title>Sonate p. Pfte. Oe. <opus key="opus_4580">90</opus>, in <key>Em</key></title>. Ebend. 14 Gr.</bibl>
<bibl id="hofm_1838_08_0118_14"><composer key="compo_002313">Benedict (Jul.)</composer> <title>Rondeau fantastique sur la Barcarole : Or che in cielo de l’Opéra : Marino Faliero de Donizetti p. Pfte. Oe. <opus key="opus_1932">27</opus>, in <key>F</key></title>. <pubPlace key="place_0438">Mainz</pubPlace>, <publisher key="publ_3563">Schott</publisher> 1 Fl. 15 Xr.</bibl>
<bibl id="hofm_1838_08_0118_15">– <title>Dix Airs favoris de l’Opéra romantique : The Gipsy’s Warning (Die Warnung der Zigeunerin) arr. facilement p. Pfte p. Jos. Rummel</title>. Ebend. 1 Fl.</bibl>
<bibl id="hofm_1838_08_0118_16">– <title>Ricordanze delle Opere italiane. No. 1, Fantaisie sur l’Opéra : Betly de Donizetti et 2 Airs favoris italiens p. Pfte</title>. Ebend. 1 Fl. 12 Xr.</bibl>
<bibl id="hofm_1838_08_0118_17">– <title>3 Rondeaux tirées de l’Opéra : The Gipsy’s Warning (Die Warnung der Zigeunerin.) No. 1, Le Carneval p. Pfte</title>. Ebend. 36 Xr.</bibl>
<wip id="hofm_1838_08_0118_18"><composer key="compo_002709">Bertini (H.)</composer> <title>25 Etudes faciles et progressives p. Pfte. Oe. <opus key="opus_0045">100</opus></title>. <title>Cah. 1, 2. <edition>Edit. correcte</edition></title>. <pubPlace key="place_0078">Braunschweig</pubPlace>, <publisher key="publ_2681">Meyer</publisher> à 12 Gr.</wip>
<wip id="hofm_1838_08_0118_19">– <title>12 leichte Stücke mit zweckmässigen Vorspielen f. Pfte</title>. <title>Heft 1, 2</title>. <pubPlace key="place_0276">Hamburg</pubPlace>, <publisher key="publ_0540">Böhme</publisher> à 8 Gr.</wip>
<bibl id="hofm_1838_08_0118_20"><composer key="compo_004435">Brunner (C.T.)</composer> <title>Klänge f. Kinder, oder erste Belehrungen für kleine Anfänger. Eine Reihe der leichtesten Uebungsstücke f. Pfte zu 2 und 4 Händen. Op. <opus key="opus_0392">12</opus>. 2tes Heft</title>. <pubPlace key="place_0392">Leipzig</pubPlace>, <publisher key="publ_2039">Klemm</publisher> 12 Gr.</bibl>
<bibl id="hofm_1838_08_0118_21"><composer key="compo_004705">Burgmüller (Fr.)</composer> <title>Introduction et Polonaise brillante p. Pfte. Oe. <opus key="opus_2116">3</opus>, in <key>B</key></title>. <pubPlace key="place_0731">Wien</pubPlace>, <publisher key="publ_2605">Mechetti</publisher> 45 Xr.</bibl>
<pb n="119"/>
<bibl id="hofm_1838_08_0119_01"><composer key="compo_004705">Burgmüller (Fr.)</composer> <title>Fantaisie sur la Romance favorite : Mère et Soeur d’ Ed. Bruguière, p. Pfte. Oe. <opus key="opus_1390">20</opus>, in <key>F</key></title>. <pubPlace key="place_0731">Wien</pubPlace>, <publisher key="publ_2605">Mechetti</publisher> 45 Xr.</bibl>
<bibl id="hofm_1838_08_0119_02">– <title>Bolero sur Rosine, Romance favorite de Masini p. Pfte. Oe. <opus key="opus_1584">22</opus>, in <key>C</key></title>. Ebend. 45 Xr.</bibl>
<bibl id="hofm_1838_08_0119_03">– <title>Rondeau sur un Thème favori de l’Opéra : L’Elisir d’Amore de Donizetti p. Pfte. Oe. <opus key="opus_1999">28</opus></title>. Ebend. 30 Xr.</bibl>
<bibl id="hofm_1838_08_0119_04">– <title>Une fleure sur son Passage à la Reine Victoria d’Angleterre. Grande Valse brillante p. Pfte. Oe. <opus key="opus_3029">46</opus>, in <key>Es</key></title>. <pubPlace key="place_0392">Leipzig</pubPlace>, <publisher key="publ_0437">Br. et Härtel</publisher> 12 Gr.</bibl>
<wip id="hofm_1838_08_0119_05">– <title>Heures de Récréations. Collection d’Airs favoris p. Pfte</title>. <title>Liv. 1, 2</title>. <pubPlace key="place_0069">Bonn</pubPlace>, <publisher key="publ_3791">Simrock</publisher> à 1 Fr. 50 Ct.</wip>
<bibl id="hofm_1838_08_0119_06"><composer key="compo_005623">Chotek (F.X.)</composer> <title>2 Fantaisies ou Potpourris sur des Thèmes favoris de l’Opéra: Gemma di Vergy de Donizetti p. Pfte. Oe. <opus key="opus_1936">27. No. 1, 2</opus></title>. <pubPlace key="place_0731">Wien</pubPlace>, <publisher key="publ_1506">Haslinger</publisher> à 1 Fl.</bibl>
<bibl id="hofm_1838_08_0119_07"><composer key="compo_006306">Czerny (C.)</composer> 1<title>10 leichte und fortschreitende Uebungen f. Pfte, als Zugabe zu jeder Clavier-Schule. (110 Exercices faciles et progressifs). Op. <opus key="opus_3011">453</opus>, in 6 Heften</title>. <pubPlace key="place_0438">Mainz</pubPlace>, <publisher key="publ_3563">Schott</publisher> à 1 Fl. 12 Xr.</bibl>
<bibl id="hofm_1838_08_0119_08">– <title>Rondino grazioso ou Impromtu brillant sur un Thème italien favori p. Pfte. Oe. <opus key="opus_3127">484</opus></title>. <pubPlace key="place_0069">Bonn</pubPlace>, <publisher key="publ_3791">Simrock</publisher> 2 Fr.</bibl>
<bibl id="hofm_1838_08_0119_09">– <title>Victoria-Walzer. Rondino sur un Air original p. Pfte. Oe. <opus key="opus_3165">496</opus></title>. Ebend. 1 Fr. 25 Ct.</bibl>
<bibl id="hofm_1838_08_0119_10">– <title>6 Rondeaux instructives et agréables, doigtés à l’usage des Elèves avancés p. Pfte. Oe. <opus key="opus_3232">505. No. 1–6</opus></title>. <pubPlace key="place_0078">Braunschweig</pubPlace>, <publisher key="publ_2681">Meyer</publisher> à 8 Gr.</bibl>
<bibl id="hofm_1838_08_0119_11">– <title>3 Rondos caractéristiques sur des Motifs favoris de l’Opéra : Le Domino noir p. Pfte. Oe. <opus key="opus_3234">506</opus>. No. 1, Rondo scherzando (in <key>A</key>.) No. 2, Rondo sentimental (in <key>G</key>.) No. 3, Rondo Nocturne (in <key>As</key>.)</title> <pubPlace key="place_0438">Mainz</pubPlace>, <publisher key="publ_3563">Schott</publisher> à 54 Xr. (<series>Le Pianiste au Salon Cah. 45–47</series>.)</bibl>
<wip id="hofm_1838_08_0119_12">– <title>Reminiscenses de l’Opéra : Guido et Ginevra de Halevy p. Pfte. Oe. <opus key="opus_3275">516</opus></title>. <title>No. 1, Fantaisie brillante (in <key>As</key>)</title> 16 Gr. <title>No. 2, Rondo brillant (in <key>As</key>)</title> 1 Thlr. <pubPlace key="place_0392">Leipzig</pubPlace>, <publisher key="publ_0437">Br. et Härtel</publisher>.</wip>
<wip id="hofm_1838_08_0119_13"><title><series>Flore théatrale. Nouvelle Collection de Fantaisies élégantes ou Potpourris brillants sur des Thèmes d’Opéras modernes et favoris p. Pfte</series></title>. <title>Cah. 35, 36</title>, siehe <xref type="external" from="hofm_1838_08_0119_16" to="DITTO" targOrder="U">Haslinger Oe. <opus key="opus_1165">18</opus></xref>. <title>Cah. 37, 38</title>, siehe <xref type="external" from="hofm_1838_08_0119_06" to="DITTO" targOrder="U">Chotek Oe. <opus key="opus_1932">27</opus></xref>.</wip>
<bibl id="hofm_1838_08_0119_14"><composer key="compo_011718">Gottheimer (E.J.)</composer> <title>Séparation et Revoir. Eglogue musicale p. Pfte. Oe. <opus key="opus_0392">12</opus>, in <key>Es</key></title>. <pubPlace key="place_0082">Breslau</pubPlace>, <publisher key="publ_0640">Cranz</publisher> 12 Gr.</bibl>
<bibl id="hofm_1838_08_0119_15"><composer key="compo_015699">Händel (G.F.)</composer> <title>Fuge (in <key>Em</key>.) f. Pfte</title>. Mit Bezeichn. d. Fingersatzes von J.N. Hummel. (Von Fr. Liszt in seinem 5ten Concerte in Wien vorgetragen). <pubPlace key="place_0731">Wien</pubPlace>, <publisher key="publ_1506">Haslinger</publisher> 30 Xr.</bibl>
<bibl id="hofm_1838_08_0119_16"><composer key="compo_013476">Haslinger (Ch.)</composer> <title>2 Fantaisies ou Potpourris sur des Thèmes favoris de l’Opéra : Il Giuramento de Mercadante p. Pfte. Oe. <opus key="opus_1170">18, No. 1, 2</opus></title>. <pubPlace key="place_0731">Wien</pubPlace>, <publisher key="publ_1506">Haslinger</publisher> à 1 Fl.</bibl>
<wip id="hofm_1838_08_0119_17"><composer key="compo_014252">Henselt (Ad.)</composer> <title>Douze Etudes de Concert p. Pfte. (2ième Suite). Oe. <opus key="opus_3181">5</opus></title>. <title>Liv. 1, 2</title>. <pubPlace key="place_0392">Leipzig</pubPlace>, <publisher key="publ_0437">Br. et Härtel</publisher> à 1 Thlr. 12 Gr.</wip>
<bibl id="hofm_1838_08_0119_18"><composer key="compo_014550">Herz (H.)</composer> <title><series>Nouvelles Récréations</series>. Mosaïque musicale, composée de 18 Morceaux p. Pfte à 2 et à 4 Mains. Op. <opus key="opus_0065">101</opus></title>. <pubPlace key="place_0438">Mainz</pubPlace>, <publisher key="publ_3563">Schott</publisher>. (Siehe auch <xref type="external" from="hofm_1838_08_0117_06" to="DITTO" targOrder="U">Musik zu 4 Händen</xref>, u. <xref type="external" from="hofm_1838_08_0121_02" to="DITTO" targOrder="U">Variationen f. Pfte</xref>.)</bibl>
<bibl id="hofm_1838_08_0119_19">– <title><title>Introduction et Polonaise de l’Opéra : Faust de Spohr p. Pfte</title>. <series>Nouvelles Récréations</series>. Oe. <opus key="opus_0065">101</opus>. Liv. 2, in <key>C</key></title>. Ebend. 48 Xr.</bibl>
<bibl id="hofm_1838_08_0119_20">– <title>Mélange sur l’Opéra : Elisa e Claudio de Mercadante p. Pfte. Oe. <opus key="opus_0065">101</opus>. Liv. 3</title>. Ebend. 48 Xr.</bibl>
<pb n="120"/>
<bibl id="hofm_1838_08_0120_01"><composer key="compo_014550">Herz (H.)</composer> <title>Introduction et Rondo sur l’Opéra : Il Torquato Tasso de <sic>Donizettti</sic> p. Pfte. Oe. <opus key="opus_0065">101</opus>. Liv. 5, in <key>A</key></title>. <pubPlace key="place_0438">Mainz</pubPlace>, <publisher key="publ_3563">Schott</publisher> 48 Xr.</bibl>
<bibl id="hofm_1838_08_0120_02">– <title>L’Orage. Rondo pastoral sur des Melodies de Schubert, p. Pfte. Oe. <opus key="opus_0082">101. No. 7</opus></title>. Ebend. 48 Xr.</bibl>
<bibl id="hofm_1838_08_0120_03">– <title>Rondo et Tarentella sur l’Air de la Croix d’or de Pilati, p. Pfte. Oe. <opus key="opus_0083">101. No. 8</opus>, in <key>A</key></title>. Ebend. 48 Xr.</bibl>
<bibl id="hofm_1838_08_0120_04">– <title>Air de Ballet p. Pfte. Oe. <opus key="opus_0084">101. No. 9</opus>, in <key>Es</key></title>. Ebend. 1 Fl.</bibl>
<bibl id="hofm_1838_08_0120_05">– <title>Amusement sur une Marche favorite d’Anna Bolena de Donizetti p. Pfte. Oe. <opus key="opus_0070">101. No. 10</opus>, in <key>B</key></title>. Ebend. 48 Xr.</bibl>
<bibl id="hofm_1838_08_0120_06">– <title>Divertissement sur : La vie est une danse. Valse de Strauss p. Pfte. Oe. <opus key="opus_0066">101. Liv. 11</opus>, in <key>A</key></title>. Ebend. 48 Xr.</bibl>
<bibl id="hofm_1838_08_0120_07">– <title>Souvenir de l’Opéra : La Straniera de Bellini p. Pfte. Oe. <opus key="opus_0067">101. Liv. 12</opus>, in <key>B</key></title>. Ebend. 48 Xr.</bibl>
<bibl id="hofm_1838_08_0120_08">– <title>Célèbre Trio de l’Opéra : Stradella de Niedermeyer arr. en Rondeau p. Pfte</title>. Ebend. 1 Fl. 12 Xr.</bibl>
<bibl id="hofm_1838_08_0120_09"><composer key="compo_015945">Hünten (Franç.)</composer> <title>3 petits Rondeaux sur le Ballet : Le Diable boiteux p. Pfte. Oe. <opus key="opus_0094">102</opus></title>. <pubPlace key="place_0392">Leipzig</pubPlace>, <publisher key="publ_0437">Br. et Härtel</publisher> 16 Gr.</bibl>
<bibl id="hofm_1838_08_0120_10">– <title>Les Concurrentes p. Pfte. Oe. <opus key="opus_0115">103</opus>. No. 1, Rondeau sur un Thème favori du Ballet : La Chatte métamorphosée en femme (in <key>G</key>.) No. 2, Variations sur un Thème italien (in <key>A</key>.)</title> Ebend. à 16 Gr.</bibl>
<bibl id="hofm_1838_08_0120_11">– <title>Rondeau alla Polacca p. Pfte. Oe. <opus key="opus_0255">110</opus>, in <key>B</key></title>. Ebend. 8 Gr.</bibl>
<bibl id="hofm_1838_08_0120_12"><composer key="compo_025440">Osborne (G.A.)</composer> <title>Fantaisie brillante sur des Motifs favoris de l’Opéra : Le Domino noir p. Pfte. Oe. <opus key="opus_1999">28</opus>, in <key>G</key></title>. <pubPlace key="place_0438">Mainz</pubPlace>, <publisher key="publ_3563">Schott</publisher> 1 Fl. 12 Xr.</bibl>
<bibl id="hofm_1838_08_0120_13"><composer key="compo_025405">Orlovsky (A.)</composer> <title>5 Caprices en Forme de Valses p. Pfte. Oe. <opus key="opus_1165">18</opus></title>. <pubPlace key="place_0069">Bonn</pubPlace>, <publisher key="publ_3791">Simrock</publisher> 2 Fr. 50 Ct.</bibl>
<bibl id="hofm_1838_08_0120_14"><title>Potpourri sur des Thèmes favoris de l’Opéra : Guido et Ginevra ou la Peste de Florence. Musique de Halevy p. Pfte</title>. <pubPlace key="place_0392">Leipzig</pubPlace>, <publisher key="publ_0437">Br. et Härtel</publisher> 1 Thlr.</bibl>
<bibl id="hofm_1838_08_0120_15"><composer key="compo_027982">Reissiger (C.G.)</composer> <title>Les Caprices. Rondeau capricieux p. Pfte. Oe. <opus key="opus_4214">78</opus>, <edition>2me Edit</edition></title>. <pubPlace key="place_0147">Dresden</pubPlace>, <publisher key="publ_2661">Meser</publisher> 12 Gr.</bibl>
<wip id="hofm_1838_08_0120_16"><composer key="compo_029861">Scarlatti (Dom.)</composer> <title>Sämmtliche Werke f. Pfte. Mit Bezeichnung des Fingersatzes v. C. Czerny</title>. <title>Lief. 1, 2</title>. <pubPlace key="place_0731">Wien</pubPlace>, <publisher key="publ_1506">Haslinger</publisher> à n. 16 Gr.</wip>
<bibl id="hofm_1838_08_0120_17"><composer key="compo_029861">Scarlatti (D.A.)</composer> <title>Katzen-Fuge (in <key>Gm</key>.) f. Pfte</title>. (Von Fr. Liszt in seinem 5ten Concert in Wien vorgetragen). <pubPlace key="place_0731">Wien</pubPlace>, <publisher key="publ_1506">Haslinger</publisher> 30 Xr.</bibl>
<bibl id="hofm_1838_08_0120_18"><composer key="compo_030642">Schmitt (Al.)</composer> <title>Fantasia e Fughetta p. Pfte. Op. <opus key="opus_0045">100</opus>, in <key>Cism</key></title>. (Ded. al Sign. J. de Seyfried). <pubPlace key="place_0731">Wien</pubPlace>, <publisher key="publ_4074">Trentsensky</publisher> 1 Fl.</bibl>
<bibl id="hofm_1838_08_0120_19"><composer key="compo_031801">Sechter (Sim.)</composer> <title>12 contrapunctische Studien f. Pfte. Op. <opus key="opus_3701">62</opus></title>. (Hrn. Sigm. Thalberg gew.) <pubPlace key="place_0731">Wien</pubPlace>, <publisher key="publ_2605">Mechetti</publisher> 1 Fl.</bibl>
<bibl id="hofm_1838_08_0120_20"><composer key="compo_032133">Seyler (Ch.)</composer> <title>Fantaisie sur des Motifs de l’Opéra : Gemma di Vergy de Donizetti p. Pfte. Oe. <opus key="opus_2116">3</opus>, in <key>B</key></title>. Ebend. 30 Xr.</bibl>
<bibl id="hofm_1838_08_0120_21"><composer key="compo_033108">Stein (Ed.)</composer> <title>Polonaise mit Introduction und Finale f. Pfte (in <key>Es</key>.)</title> <pubPlace key="place_0392">Leipzig</pubPlace>, <publisher key="publ_2039">Klemm</publisher> 8 Gr.</bibl>
</div><div id="hofm_1838_08_0120_div11"><head><hofClass key="hofCl_0292">Variationen für das Pianoforte.</hofClass></head>
<bibl id="hofm_1838_08_0120_22"><composer key="compo_004705">Burgmüller (Fr.)</composer> <title>Introduction et Variations brillantes sur un Thème polonais p. Pfte. Oe. <opus key="opus_0392">12</opus>, in <key>As</key></title>. <pubPlace key="place_0731">Wien</pubPlace>, <publisher key="publ_2605">Mechetti</publisher> 45 Xr.</bibl>
<bibl id="hofm_1838_08_0120_23"><composer key="compo_006306">Czerny (Ch.)</composer> <title>3 Thèmes favoris variés p. Pfte. Oe. <opus key="opus_3227">502</opus>. No. 1, La Cachucha. No. 2, Cavatina de Ugo di Parigi di Donizetti. No. 3, Lucia di Lammermoor</title>. <pubPlace key="place_0069">Bonn</pubPlace>, <publisher key="publ_3791">Simrock</publisher> à 2 Fr.</bibl>
<pb n="121"/>
<bibl id="hofm_1838_08_0121_01"><composer key="compo_006306">Czerny (Ch.)</composer> <title>Fantaisie et Variations brillantes sur la Marche favorite de l’Opéra : Moïse de Rossini p. Pfte. Oe. <opus key="opus_3230">504</opus></title>. <pubPlace key="place_0069">Bonn</pubPlace>, <publisher key="publ_3791">Simrock</publisher> 4 Fr. 50 Ct.</bibl>
<bibl id="hofm_1838_08_0121_02"><composer key="compo_014550">Herz (H.)</composer> <title>Variations sur la Romance : Tout pour toi, de L. Puget Nouvelles Récréations. Oe. <opus key="opus_0068">101. No. 1</opus></title>. <pubPlace key="place_0438">Mainz</pubPlace>, <publisher key="publ_3563">Schott</publisher> 48 Xr.</bibl>
<bibl id="hofm_1838_08_0121_03"><composer key="compo_020488">Lemcke (Henri)</composer> <title>Air allemand favori „Warum blickt denn so verstohlen, mich des Nachbars Töffel an?“ varié p. Pfte. Oe. <opus key="opus_3967">7</opus>, in <key>G</key></title>. <pubPlace key="place_0392">Leipzig</pubPlace>, <publisher key="publ_1746">Hofmeister</publisher> 20 Gr.</bibl>
<bibl id="hofm_1838_08_0121_04"><composer key="compo_023890">Mozart (W.A.)</composer> <title>Variations p. Pfte, in <key>C</key>. (Lison dormait)</title>. <pubPlace key="place_0044">Berlin</pubPlace>, <publisher key="publ_0639">Crantz</publisher> 12 Gr.</bibl>
<bibl id="hofm_1838_08_0121_05"><composer key="compo_025440">Osborne (G.H.)</composer> <title>Variations brillantes sur la Valse fav. de M. le Comte de Gallenberg p. Pfte. Oe. <opus key="opus_0531">13</opus>, in <key>As</key></title>. <pubPlace key="place_0069">Bonn</pubPlace>, <publisher key="publ_3791">Simrock</publisher> 2 Fr. 50 Ct.</bibl>
<bibl id="hofm_1838_08_0121_06"><composer key="compo_034322">Thalberg (S.)</composer> <title>Grande Fantaisie et Variations sur des Motifs de l’Opéra : I Montecchi e Capuleti p. Pfte. Oe. <opus key="opus_0021">10</opus>, <edition>2e Edit</edition></title>. <pubPlace key="place_0731">Wien</pubPlace>, <publisher key="publ_2605">Mechetti</publisher> 1 Fl. 30 Xr.</bibl>
</div><div id="hofm_1838_08_0121_div12"><head><hofClass key="hofCl_0273">Ouverturen für das Pianoforte.</hofClass></head>
<bibl id="hofm_1838_08_0121_07"><composer key="compo_026351">Philipp (B.E.)</composer> <title>Ouverture zu der Oper: Der Jäger und der Wildschütz, oder die Erlenmühle f. Pfte. Op. <opus key="opus_1802">25</opus></title>. <pubPlace key="place_0082">Breslau</pubPlace>, <publisher key="publ_0640">Cranz</publisher> 8 Gr.</bibl>
<bibl id="hofm_1838_08_0121_08"><composer key="compo_034474">Thomas (Ambr.)</composer> <title>Ouverture du Perruquier de la Regence (1717, oder der Pariser Peruquier) arr. p. Pfte. p. H. Potier</title>. <pubPlace key="place_0438">Mainz</pubPlace>, <publisher key="publ_3563">Schott</publisher> 42 Xr.</bibl>
<bibl id="hofm_1838_08_0121_09">– Idem av. Acc. de Violon. Ebend. 1 Fl.</bibl>
</div><div id="hofm_1838_08_0121_div13"><head><hofClass key="hofCl_0288">Tänze für das Pianoforte.</hofClass></head>
<bibl id="hofm_1838_08_0121_10"><composer key="compo_000092">Adam (Ad.)</composer> <title>Grand Galop de Guido et Ginevra de F. Halevy arr. p. Pfte</title>. <pubPlace key="place_0392">Leipzig</pubPlace>, <publisher key="publ_0437">Br. et Härtel</publisher> 10 Gr.</bibl>
<bibl id="hofm_1838_08_0121_11"><composer key="compo_001064">Attern (Wilh.)</composer> <title>Erinnerung an Hohenlimburg. Walzer f. Pfte. Op. <opus key="opus_0021">10</opus>, in <key>Es</key></title>. <pubPlace key="place_0392">Leipzig</pubPlace>, <publisher key="publ_1746">Hofmeister</publisher> 8 Gr.</bibl>
<bibl id="hofm_1838_08_0121_12"><composer key="compo_001075">Auber</composer>, <title>Cotillon de l’Opéra : Le Domino noir p. Pfte</title>. <pubPlace key="place_0276">Hamburg</pubPlace>, <publisher key="publ_0640">Cranz</publisher> 4 Gr.</bibl>
<bibl id="hofm_1838_08_0121_13"><composer key="compo_001616">Barth (W.)</composer> <title>Die Versuche. Walzer f. Pfte. Op. <opus key="opus_3071">47</opus></title>. <pubPlace key="place_0147">Dresden</pubPlace>, <publisher key="publ_2661">Meser</publisher> 8 Gr.</bibl>
<wip id="hofm_1838_08_0121_14"><composer key="compo_002077">Beethoven (L. v.)</composer> <title>Collection complète des Valses originales recueillies et arrangées p. Pfte. p. C. Czerny</title>. <title>Liv. 1, 2</title>. <pubPlace key="place_0069">Bonn</pubPlace>, <publisher key="publ_3791">Simrock</publisher> à 2 Fr.</wip>
<bibl id="hofm_1838_08_0121_15"><composer key="compo_002825">Beyer (F.)</composer> <title>Schäfer-Walzer mit Introduction und Coda nach Melodien aus der Oper: Zum treuen Schäfer v. A. Adam f. Pfte</title>. <pubPlace key="place_0438">Mainz</pubPlace>, <publisher key="publ_3563">Schott</publisher> 48 Xr.</bibl>
<bibl id="hofm_1838_08_0121_16"><composer key="compo_004435">Brunner (C.T.)</composer> <title>Jugendlust. Eine Reihe bel. Tänze mit Fingersatz. Op. <opus key="opus_0531">13</opus>, 1stes Heft</title>. <pubPlace key="place_0392">Leipzig</pubPlace>, <publisher key="publ_2039">Klemm</publisher> 6 Gr.</bibl>
<bibl id="hofm_1838_08_0121_17">– <title>3 schottische Walzer f. Pfte</title>. (<series>Neueste Sammlung schottischer Walzer, 2tes Heft</series>). Ebend. 4 Gr.</bibl>
<bibl id="hofm_1838_08_0121_18"><title>Damen-Kunst-Karte mit 1000 Steurer-Walzer nach den beliebten Motiven von <composer key="compo_033546">Strauss</composer> und <composer key="compo_020007">Lanner</composer> f. Pfte</title>. In Etui. <pubPlace key="place_0569">Regensburg</pubPlace>, <publisher key="publ_3124">Pustet</publisher> n. 10 Gr.</bibl>
<bibl id="hofm_1838_08_0121_19"><composer key="compo_008808">Fahrbach (Ph.)</composer> <title>Locomotiv-Galopp f. Pfte. Op. <opus key="opus_2187">31</opus></title>. <pubPlace key="place_0731">Wien</pubPlace>, <publisher key="publ_1506">Haslinger</publisher> 20 Xr.</bibl>
<bibl id="hofm_1838_08_0121_20"><composer key="compo_009244">Field (John)</composer> <title>Frühlings-Walzer f. Pfte</title>. <pubPlace key="place_0044">Berlin</pubPlace>, <publisher key="publ_0639">Crantz</publisher> 2 Gr.</bibl>
<bibl id="hofm_1838_08_0121_21"><composer key="compo_009360">Fischer (C.)</composer> <title>Josephinen-Walzer f. Pfte. Op. <opus key="opus_3181">5</opus></title>. <pubPlace key="place_0082">Breslau</pubPlace>, <publisher key="publ_0640">Cranz</publisher> 6 Gr.</bibl>
<pb n="122"/>
<bibl id="hofm_1838_08_0122_01"><composer key="compo_010403">Füller (G.)</composer> <title>Schwarzer Domino-Potpourri-Walzer f. Pfte</title>. <pubPlace key="place_0044">Berlin</pubPlace>, <publisher key="publ_4370">Westphal</publisher> 6 Gr.</bibl>
<bibl id="hofm_1838_08_0122_02"><composer key="compo_011110">Gervais (Ch. de)</composer> <title>Contredanses françaises p. Pfte</title>. <pubPlace key="place_0731">Wien</pubPlace>, <publisher key="publ_1506">Haslinger</publisher> 30 Xr.</bibl>
<bibl id="hofm_1838_08_0122_03"><composer key="compo_012693">Görner (C.)</composer> <title>Contretanz (Puppentanz) aus der Zauberpantomime: Arlequin in Breslau f. Pfte</title>. <pubPlace key="place_0044">Berlin</pubPlace>, <publisher key="publ_0639">Crantz</publisher> 4 Gr.</bibl>
<bibl id="hofm_1838_08_0122_04">– <title>Galopp nach Melodien der Oper: Der schwarze Domino von Auber f. Pfte</title>. Ebend. 2 Gr.</bibl>
<bibl id="hofm_1838_08_0122_05">– <title>Galopp nach Melodien aus der Oper: Des Falkners Braut von Marschner f. Pfte</title>. Ebend. 2 Gr.</bibl>
<bibl id="hofm_1838_08_0122_06">– <title>Galopp nach Melodien aus der Oper: Die Gesandtin von Auber f. Pfte</title>. Ebend. 2 Gr.</bibl>
<bibl id="hofm_1838_08_0122_07">– <title>Galopp aus dem Ballet: Der betrogene Schneider und Contretanz der kleinen Marqueurs aus der Zauberpantomime: Arlequin in Breslau f. Pfte</title>. Ebend. 2 Gr.</bibl>
<bibl id="hofm_1838_08_0122_08">– <title>Galopp nach Melodien aus dem Singspiel: Die Tochter des Soldaten f. Pfte</title>. Ebend. 2 Gr.</bibl>
<bibl id="hofm_1838_08_0122_09">– <title>Masurka aus dem Ballet: Arlequin in Breslau f. Pfte</title>. Ebend. 2 Gr.</bibl>
<bibl id="hofm_1838_08_0122_10">– <title>Mazurek nach Melodien aus dem Ballet: Die krakauer Hochzeit f. Pfte</title>. Ebend. 4 Gr.</bibl>
<bibl id="hofm_1838_08_0122_11">– <title>Quadrille aus dem Ballet: Die falsche Braut f. Pfte</title>. Ebend. 2 Gr.</bibl>
<bibl id="hofm_1838_08_0122_12">– <title>Schottischer Walzer nach Melodien aus der Oper: Der Liebestrank von Donizetti und Schnell-Walzer nach Melodien aus der Oper: Der Postillon von Lonjumeau von Adam f. Pfte</title>. Ebend. 2 Gr.</bibl>
<bibl id="hofm_1838_08_0122_13">– <title>Schottischer Walzer nach Melodien aus dem Singspiel: Die Tochter des Soldaten f. Pfte</title>. Ebend. 2 Gr.</bibl>
<bibl id="hofm_1838_08_0122_14">– <title>Sophien-Galopp aus der Oper: Die Nachtwandlerin von Bellini f. Pfte</title>. Ebend. 2 Gr.</bibl>
<bibl id="hofm_1838_08_0122_15">– <title>Walzer nach Melodien aus der Zauberpantomime: Arlequin in Breslau f. Pfte</title>. Ebend. 2 Gr.</bibl>
<bibl id="hofm_1838_08_0122_16">– <title>Grosser Walzer nach Melodien aus der Oper: Der schwarze Domino von Auber f. Pfte</title>. Ebend. 4 Gr,</bibl>
<bibl id="hofm_1838_08_0122_17">– <title>Walzer nach Melodien aus der Oper: Die Gesandtin von Auber f. Pfte</title>. Ebend. 2 Gr.</bibl>
<bibl id="hofm_1838_08_0122_18"><composer key="compo_015626">Hundt (F. v.)</composer> <title>Guten Morgen Vielliebchen. Walzer f. Pfte. Op. <opus key="opus_1372">2</opus></title>. <pubPlace key="place_0082">Breslau</pubPlace>, <publisher key="publ_0640">Cranz</publisher> 2 Gr.</bibl>
<bibl id="hofm_1838_08_0122_19"><title><series>Laetitia. Sammlung der ausgewähltesten Tänze und Märsche f. Pfte. No. 16</series>, Emilien-Walzer</title>. <pubPlace key="place_0280">Hannover</pubPlace>, <publisher key="publ_2808">Nagel</publisher> 8 Gr.</bibl>
<bibl id="hofm_1838_08_0122_20"><composer key="compo_020014">Lanner (Jos.)</composer> <title>Walzer-Fluth, oder 20 Jahre in 20 Minuten. Grosses Walzer-Potpourri f. Pfte. Oe. <opus key="opus_0511">129</opus></title>. <pubPlace key="place_0731">Wien</pubPlace>, <publisher key="publ_2605">Mechetti</publisher> 2 Fl.</bibl>
<bibl id="hofm_1838_08_0122_21"><title>Lieblings-Walzer f. Pfte. No. 20</title>. siehe <xref type="external" from="hofm_1838_08_0122_01" to="DITTO" targOrder="U">Füller</xref>.</bibl>
<bibl id="hofm_1838_08_0122_22"><composer key="compo_025328">Olbrich (F.)</composer> <title>Andenken an Fürstenstein. Walzer f. Pfte. Op. <opus key="opus_1390">20</opus></title>. <pubPlace key="place_0082">Breslau</pubPlace>, <publisher key="publ_2386">Leuckart</publisher> 8 Gr.</bibl>
<wip id="hofm_1838_08_0122_23"><composer key="compo_027983">Reissiger (F.A.)</composer> <title>Zwei schottische Walzer f. Pfte</title>. <title>Liv. 1–3</title>. <pubPlace key="place_0044">Berlin</pubPlace>, <publisher key="publ_0640">Cranz</publisher> à 2 Gr.</wip>
<bibl id="hofm_1838_08_0122_24">– <title>Sylphiden Walzer f. Pfte</title>. Ebend. 2 Gr.</bibl>
<bibl id="hofm_1838_08_0122_25"><composer key="compo_034087">Tadolini (J.)</composer> <title>Grande Valse p. Pfte (in <key>Es</key>.)</title> <pubPlace key="place_0731">Wien</pubPlace>, <publisher key="publ_2605">Mechetti</publisher> 30 Xr.</bibl>
<bibl id="hofm_1838_08_0122_26"><composer key="compo_037209">Winter (A.)</composer> <title>Walzer à la Strauss, schottischer Tanz und Masurek f. Pfte. Op. <opus key="opus_1372">2</opus></title>. <pubPlace key="place_0044">Berlin</pubPlace>, <publisher key="publ_0916">Ende</publisher> 8 Gr.</bibl></div>
<pb n="123"/>
<div id="hofm_1838_08_0123_div14"><head><hofClass key="hofCl_0250">Märsche für das Pianoforte.</hofClass></head>
<bibl id="hofm_1838_08_0123_01"><composer key="compo_033569">Strauss (Joh.)</composer> <title><series>Wiener Bürger-Märsche f. Pfte. No. 5</series>, Original-Parademarsch. Op. <opus key="opus_0094">102</opus></title>. <pubPlace key="place_0731">Wien</pubPlace>, <publisher key="publ_1506">Haslinger</publisher> 15 Xr.</bibl>
<bibl id="hofm_1838_08_0123_02"><composer key="compo_036656">Wenzel (Ed.)</composer> <title>Alexander-Marsch f. Pfte</title>. <pubPlace key="place_0280">Hannover</pubPlace>, <publisher key="publ_2808">Nagel</publisher> 6 Gr.</bibl>
</div><div id="hofm_1838_08_0123_div15"><head><hofClass key="hofCl_0072">Lehrbücher für das Pianoforte.</hofClass></head>
<bibl id="hofm_1838_08_0123_03"><composer key="compo_004705">Burgmüller (Fr.)</composer> <title>Praktische Anweisung für die ersten Anfänger im Clavierspiel (Exercices instructifs)</title>. <pubPlace key="place_0069">Bonn</pubPlace>, <publisher key="publ_3791">Simrock</publisher> 3 Fr. 50 Ct.</bibl>
<wip id="hofm_1838_08_0123_04"><composer key="compo_015612">Hummel (J.N.)</composer> <title>Anweisung zum Pftespiele vom ersten Unterricht an bis zur vollkommensten Ausbildung</title>. <title>8te u. 9te Lief</title>. <pubPlace key="place_0731">Wien</pubPlace>, <publisher key="publ_1506">Haslinger</publisher> à n. 16 Gr.</wip>
</div><div id="hofm_1838_08_0123_div16"><head><hofClass key="hofCl_0225">Musik für die Orgel.</hofClass></head>
<bibl id="hofm_1838_08_0123_05"><composer key="compo_001876">Bauriegel</composer>, <title>vollständiges Choralbuch f. d. Dresdner Gesangbuch. <edition>2te Aufl</edition></title>. qu. 4. <pubPlace key="place_0392">Leipzig</pubPlace>, <publisher key="publ_1073">Fort</publisher> n. 1 Thlr. 12 Gr.</bibl>
<bibl id="hofm_1838_08_0123_06"><composer key="compo_010506">Gaebler (E.F.)</composer> <title>8 Choral-Vorspiele f. Orgel. Op. <opus key="opus_3181">5</opus></title>. (Herrn A.W. Bach zugeeign.) <pubPlace key="place_0044">Berlin</pubPlace>, <publisher key="publ_0224">Bechtold u. H</publisher>. 12 Gr.</bibl>
<bibl id="hofm_1838_08_0123_07"><composer key="compo_010862">Geissler (C.)</composer> <title>8 Orgelvorspiele verschiedenen Charakters zur Fortbildung f. Organisten und zum Gebrauch beim öffentlichen Gottesdienste. Op. <opus key="opus_3204">50.</opus></title> <series>No. 16 d. Orgelstücke</series>. <pubPlace key="place_0392">Leipzig</pubPlace>, <publisher key="publ_1746">Hofmeister</publisher> 16 Gr.</bibl>
<bibl id="hofm_1838_08_0123_08">– <title>Neueste leicht ausführbare Orgel-Stücke verschiedenen Charakters zum Studium und für den Gebrauch beim Gottesdienste. Op. <opus key="opus_3316">53.</opus></title> <series>No. 19 d. Orgelsachen</series>. <pubPlace key="place_0392">Leipzig</pubPlace>, <publisher key="publ_0437">Br. u. Härtel</publisher> 20 Gr.</bibl>
<bibl id="hofm_1838_08_0123_09"><composer key="compo_021228">Lohmann (J.H.D.)</composer> <title>Choral-Vorspiele f. Orgel</title>. <pubPlace key="place_0742">Wolfenbüttel</pubPlace>, <publisher key="publ_1756">Holle</publisher> 4 Gr.</bibl>
<wip id="hofm_1838_08_0123_10"><composer key="compo_028447">Rinck (Ch. H.)</composer> <title>Theoretisch-praktische Anleitung zum Orgelspielen</title>. <title>1ste u. 2te Lief. (Doppelheft)</title>. <pubPlace key="place_0128">Darmstadt</pubPlace>, <publisher key="publ_0743">Diehl</publisher> n. 14 Gr.</wip>
<bibl id="hofm_1838_08_0123_11">– <title>Der Choralfreund, oder Studien f. d. Choralspielen. 7ter Jahrg. 3tes Heft</title>. <pubPlace key="place_0438">Mainz</pubPlace>, <publisher key="publ_3563">Schott</publisher> n. 4. Gr.</bibl>
</div><div id="hofm_1838_08_0123_div17"><head><hofClass key="hofCl_0068">Kirchenmusik.</hofClass></head>
<bibl id="hofm_1838_08_0123_12"><composer key="compo_001984">Becker (C.F.)</composer> u. <composer key="compo_003023">G. Billroth</composer>, <title>Sammlung von Chorälen aus dem 16ten und 17ten Jahrhundert, der Melodie und Harmonie nach aus den Quellen herausgegeben</title>. gr. 8. <pubPlace key="place_0392">Leipzig</pubPlace>, <publisher key="publ_3995">K. Tauchnitz</publisher>. geh. 1 Thlr. 8 Gr.</bibl>
<bibl id="hofm_1838_08_0123_13"><composer key="compo_006507">Danzi (Fr.)</composer> <title>9 lateinische Vesper-Psalmen f. 4 Singst., 2 Viol., Alto u. Orgel (2 Tromp. u. Paucken ad lib.)</title> <pubPlace key="place_0475">München</pubPlace>, <publisher key="publ_0996">Falter</publisher> 3 Fl.</bibl>
<bibl id="hofm_1838_08_0123_14"><composer key="compo_006507">Danzi (Fr.)</composer> u. <composer key="compo_037233">P. v. Winter</composer>, <title>2 Lytaneyen f. 4 Singst., 2 Viol., Alto u. Orgel, und Winter, Alma Redemptoris f. 4 Singst. (u. Orgel ad lib.)</title> Ebend. 1 Fl. 30 Xr.</bibl>
<bibl id="hofm_1838_08_0123_15"><composer key="compo_006507">Danzi (Fr.)</composer>, <composer key="compo_037233">P. v. Winter</composer> u. <composer key="compo_013698">M. Haydn</composer>, <title>6 Tantum ergo f. 4 Singst. m. Orchester</title>. Ebend. 1 Fl. 30 Xr.</bibl>
<wip id="hofm_1838_08_0123_16"><composer key="compo_008893">Fasch (K.C.Fr.)</composer> <title>Sämmtliche Werke, herausg. v. d. Singakademie in Berlin, in Partitur</title>. <title>1ste Lief. 12 Choräle</title> 1 Thlr. 16 Gr. <title>2te Lief. Mendelssohniana. Psalm XXX. n. d. Uebersetzung v. M. Mendelssohn</title> 20 Gr. <title>3te Lief. Inclina Domine. Requiem. Trauer-Motette</title> 16 Gr. <title>4te Lief. Davidiana aus den Psalmen nach Luther’s Uebersetzung</title> 20 Gr. <title>7te Lief. Die 16stimmige Messe nebst einem fünffachen Canon auf 25 Stimmen (mit Fasch’s Portrait)</title> 6 Thlr. <pubPlace key="place_0044">Berlin</pubPlace>, <publisher key="publ_4067">Trautwein</publisher> in Comm. geh.</wip>
<pb n="124"/>
<wip id="hofm_1838_08_0124_01"><composer key="compo_008893">Fasch (K.C.Fr.)</composer> <title>Sämmtliche Werke, herausg. v. d. Singakademie in Berlin, in ausgesetzen Chorstimmen</title>. <title>1ste Lief. 12 Choräle</title> 1 Thlr. 4 Gr. <title>2te Lief. Mendelssohniana</title> 14 Gr. <title>3te Lief. Inclina Domine. Requiem. Trauer-Motette</title> 8 Gr. <title>4te Lief. Davidiana</title> 12 Gr. <pubPlace key="place_0044">Berlin</pubPlace>, <publisher key="publ_4067">Trautwein</publisher> in Comm.</wip>
<bibl id="hofm_1838_08_0124_02"><composer key="compo_022904">Mendelssohn-Bartholdy (F.)</composer> <title>Ave Maria f. 8stimmigen Chor mit Begl. d. Orgel (oder 2 Clarinetten, 2 Fagotten u. Bass.) <format>Partitur</format>. Op. <opus key="opus_1667">23. No. 2</opus></title>. <pubPlace key="place_0069">Bonn</pubPlace>, <publisher key="publ_3791">Simrock</publisher> 4 Fr.</bibl>
<bibl id="hofm_1838_08_0124_03"><composer key="compo_027982">Reissiger (C.G.)</composer> <title>Freude am Dasein. Hymne f. Männerchor. Op. <opus key="opus_0522">129a</opus></title>. <format>Partitur</format> (Erfreuender Gedanke). <pubPlace key="place_0044">Berlin</pubPlace>, <publisher key="publ_4067">Trautwein</publisher> 12 Gr.</bibl>
<bibl id="hofm_1838_08_0124_04">– <format>Chorstimmen</format> zu do. Ebend. n. 12 Gr.</bibl>
<bibl id="hofm_1838_08_0124_05">– <title>Hymnus nach dem 98sten Psalm von Hohlfeldt. Op. <opus key="opus_0523">129b</opus>. <format>Partitur</format>. (Auf! singt Jehova ein Lied)</title>. Ebend. 16 Gr.</bibl>
<bibl id="hofm_1838_08_0124_06">– <format>Chorstimmen</format> zu do. (<series>Klassische Werke alter und neuer Kirchenmusik, Lief. 24</series>). Ebend. n. 9 Gr.</bibl>
<bibl id="hofm_1838_08_0124_07"><composer key="compo_032366">Sintzel (M.)</composer> <title>4 feyerliche Gesänge bei öffentlichen Schulprüfungen f. 3 Singstimmen u. Orchester. Op. <opus key="opus_0531">13</opus></title>. <pubPlace key="place_0475">München</pubPlace>, <publisher key="publ_0996">Falter</publisher> 2 Fl. 42 Xr.</bibl>
<bibl id="hofm_1838_08_0124_08"><composer key="compo_036948">Wiegand (Joh.)</composer> <title>Die Auferstehung Jesu. Cantate. <format>Vollständiger Klavierauszug</format></title>. <pubPlace key="place_0341">Cassel</pubPlace>, <publisher key="publ_1034">Fischer</publisher> geh. 2 Thlr.</bibl>
<bibl id="hofm_1838_08_0124_09"><composer key="compo_037233">Winter (P. v.)</composer> und <composer key="compo_006507">Fr. Danzi</composer>, <title>2 Regina coeli</title>, und <composer key="compo_037208">Winter</composer>, <title>Veni sancte spiritus f. 4 Singstimmen u. Orchester</title>. <pubPlace key="place_0475">München</pubPlace>, <publisher key="publ_0996">Falter</publisher> 1 Fl. 30 Xr.</bibl>
<bibl id="hofm_1838_08_0124_10"><composer key="compo_037858">Zaininger (Bened.)</composer> <title>Asperges f. 4 Singstimmen m. willk. Orgelbegl. und Vocalresponsorien zum Hochamte, zur Frohnleichnams-Procession etc. Op. <opus key="opus_2116">3</opus></title>. gr. 8. <pubPlace key="place_0475">München</pubPlace>, <publisher key="publ_0996">Falter</publisher> 36 Xr.</bibl>
</div><div id="hofm_1838_08_0124_div18"><head><hofClass key="hofCl_0021">Gesangstücke für Concertmusik mit Begleitung mehrerer Instrumente.</hofClass></head>
<bibl id="hofm_1838_08_0124_11"><composer key="compo_001729">Baudiot (C.)</composer> <title>Gastfreundschaft. Der Traum. Volksweisen. 3 französische Volkslieder f. eine <sic>Singstime</sic> m. Begl. d. Pfte und Violoncells oder Violine (Beglückte durch wonnige Bande – O beglückter Traum – In mildem Sonnenschein)</title>. <pubPlace key="place_0392">Leipzig</pubPlace>, <publisher key="publ_1746">Hofmeister</publisher> 1 Thlr.</bibl>
<bibl id="hofm_1838_08_0124_12"><composer key="compo_003681">Bonn (Herrm.)</composer> <title>Das Posttäubchen. Lied f. 1 Singst. m. Begl. d. Clarinette u. d. Pfte. Op. <opus key="opus_1482">21</opus>. (Täubchen auf im Morgenrothe)</title>. <pubPlace key="place_0475">München</pubPlace>, <publisher key="publ_0028">Aibl</publisher> 36 Xr.</bibl>
<bibl id="hofm_1838_08_0124_13"><composer key="compo_010624">Ganz (M.)</composer> <title>3 Gesänge f. Sopran od. Tenor m. Pfte- u. Vclle-Begl. (Es leuchtet freundlich nieder ein Stern – Was ich auf dem Herzen hab’ – Kennst du das Land, wo die Citronen blühen)</title>. <pubPlace key="place_0438">Mainz</pubPlace>, <publisher key="publ_3563">Schott</publisher> 48 Xr.</bibl>
<bibl id="hofm_1838_08_0124_14"><composer key="compo_020767">Lewy (C.)</composer> <title>Elegie an Sie, f. eine Singstimme m. Begl. d. Pfte u. Horn Op. <opus key="opus_0001">1</opus>. (Sehnsucht im Herzen)</title>. Hrn. Fr. Liszt zugeeignet. <pubPlace key="place_0731">Wien</pubPlace>, <publisher key="publ_1506">Haslinger</publisher> 45 Xr.</bibl>
<bibl id="hofm_1838_08_0124_15"><composer key="compo_029548">Saemann (C.H.)</composer> <title>Die sterbenden Helden. Ballade f. 4 Singstimmen m. Begl. d. Orchesters. Op. <opus key="opus_3967">7</opus>. <format>Partitur und unterlegter Clavier-Auszug</format></title>. <pubPlace key="place_0044">Berlin</pubPlace>, <publisher key="publ_4067">Trautwein</publisher> 16 Gr.</bibl>
<bibl id="hofm_1838_08_0124_16">– Die 4 ausgesetzten <format>Chorstimmen</format>. Ebend. 4 Gr.</bibl>
<bibl id="hofm_1838_08_0124_17">– <title>Freie Kunst. Gedicht von Uhland f. 4 Singstimmen u. Orchester. Op. <opus key="opus_4300">8</opus>. <format>Partitur u. unterlegter Clavier-Auszug</format></title>. Ebend. 1 Thlr.</bibl>
<bibl id="hofm_1838_08_0124_18">– Die 4 ausgesetzten <format>Chorstimmen</format>. Ebend. 8 Gr.</bibl>
<pb n="125"/>
<bibl id="hofm_1838_08_0125_01"><composer key="compo_032798">Spohr (L.)</composer> <title>6 deutsche Lieder f. eine Singst. m. Begl. d. Pfte. u. Clarinette. Op. <opus key="opus_0115">103</opus>, <series>7te Samml. d. Ges</series>. (Ich wahrte die Hoffnung – Im Fliederbusch ein Vöglein sass – Ich blick’ in mein Herz – Alles still in süsser Ruh – Es giebt geheime Schmerzen – Was stehst du lange)</title>. <pubPlace key="place_0392">Leipzig</pubPlace>, <publisher key="publ_0437">Br. u. Härtel</publisher> 1 Thlr. 8 Gr.</bibl>
</div><div id="hofm_1838_08_0125_div19"><head><hofClass key="hofCl_0102">Mehrstimmige Gesänge mit und ohne Pianoforte.</hofClass></head>
<listBibl><bibl id="hofm_1838_08_0125_02"><composer key="compo_003172">Blangini (F.)</composer> <title>Notturno f. Sopran u. Tenor mit Pfte: Selige Zeit des Glücks (Como fugace lampo)</title>. <pubPlace key="place_0078">Braunschweig</pubPlace>, <publisher key="publ_2681">Meyer</publisher> 6 Gr.</bibl>
<bibl id="hofm_1838_08_0125_03">– <title>Notturno f. Sopran und Tenor mit Pfte: Von deinen holden Blicken (Da quel sembiante)</title>. Ebend. 6 Gr. <lb/>(<series>Euterpe. Sammlung auserles. Duettinos No. 7, 8</series>.)</bibl>
</listBibl><bibl id="hofm_1838_08_0125_04"><composer key="compo_005692">Ciccarelli (Aug.)</composer> <title>Chanson de Victor Hugo p. 2 Voix av. Pfte. Op. <opus key="opus_0392">12</opus></title>. <pubPlace key="place_0147">Dresden</pubPlace>, <publisher key="publ_2661">Meser</publisher> 4 Gr.</bibl>
<bibl id="hofm_1838_08_0125_05"><composer key="compo_008268">Elster (D.)</composer> <title>Originalbibliothek des deutschen Männergesangs, 2ter Band, 3tes Heft (Roetsch, Ins stille Land – Elster, Es lobt sich der Prasser – Zöllner, Wir sind die Leute – Claudius, Von der Strasse her ein Posthorn klingt – Anacker, Blühend wie Röschen – Elster, Wer hat zuerst Musik gemacht – Anacker, Streckt auf den schwellenden Rasen – Anacker, Da kommt ja die festliche Procession)</title>. <pubPlace key="place_0615">Schleusingen</pubPlace>, <publisher key="publ_1260">Glaser</publisher>. Pr. d. 2ten Bandes in 6 Heften 2 Thlr. n.</bibl>
<bibl id="hofm_1838_08_0125_06"><title>Erk und Irmer, Die deutschen Volkslieder mit ihren Singweisen. 1stes Heft</title>. gr. 12. <pubPlace key="place_0044">Berlin</pubPlace>, <publisher key="publ_3065">Plahn’sche B</publisher>. n. 12 Gr.</bibl>
<bibl id="hofm_1838_08_0125_07"><composer key="compo_010955">Georg (Kronprinz v. Hannover)</composer> <title>6 Gedichte v. Uhland f. 4 Männerstimmen. <format>Partitur u. Stimmen</format> (Ob ich die Freude nie empfunden – Deine Augen sind nicht himmelblau – Ja, Schicksal! Ich verstehe dich – Im stillen Klostergarten – Ich bin vom Berg der Hirtenknab’ – Da liegen sie alle, die grauen Höh’n.)</title> <pubPlace key="place_0044">Berlin</pubPlace>, <publisher key="publ_0639">Crantz</publisher> 1 Thlr.</bibl>
<bibl id="hofm_1838_08_0125_08">– <title>Vorwärts. Gedicht v. Uhland f. 4 Männerstimmen. <format>Partitur u. Stimmen</format></title>. <pubPlace key="place_0280">Hannover</pubPlace>, <publisher key="publ_2808">Nagel</publisher> 8 Gr.</bibl>
<bibl id="hofm_1838_08_0125_09"><composer key="compo_018752">Kretzschmer (A.)</composer> <title>Deutsche Volkslieder nach ihren Original-Weisen. 3tes Heft</title>. 8. <pubPlace key="place_0044">Berlin</pubPlace>, <publisher key="publ_4138">Vereins-Buchhandlung</publisher> n. 8 Gr.</bibl>
<bibl id="hofm_1838_08_0125_10"><composer key="compo_019507">Kücken (Fr.)</composer> <title>3 Duetten f. 2 Soprane od. f. Alt u. Tenor m. Begl. d. Pfte. Op. <opus key="opus_1482">21</opus>. <series>3tes Heft der Duetten</series> (Wild wogen die Wellen im stürmischen Meer – Halt an, mein muntres Rösslein – Dort wo der Wolke Rosensaum)</title>. <pubPlace key="place_0044">Berlin</pubPlace>, <publisher key="publ_0222">Bechtold</publisher> 1 Thlr.</bibl>
<bibl id="hofm_1838_08_0125_11">*<composer key="compo_019739">Lagoanére (Ch.)</composer> <title>Le Depart des Mariniers. Der Schiffer Abreise, Nocturne f. Sopran u. Tenor m. Begl. d. Pfte</title>. <series>Choix d’Airs No. 439</series>. <pubPlace key="place_0438">Mainz</pubPlace>, <publisher key="publ_3563">Schott</publisher> 18 Xr.</bibl>
<bibl id="hofm_1838_08_0125_12"><composer key="compo_024560">Neidthardt (A.)</composer> <title>6 Gesänge f. Männerstimmen. Op. <opus key="opus_0267">111</opus>. <format>Partitur u. Stimmen</format> (Freunde sagt was wollt ihr trinken? – O sag’ mir du kleiner Sünder – Auf Berges Höhen – Schalle wie Harfenklang – Es ist doch gar ein süsses Ding – Steh’ ich im Feld)</title>. <pubPlace key="place_0044">Berlin</pubPlace>, <publisher key="publ_4370">Westphal</publisher> 1 Thlr.</bibl>
<bibl id="hofm_1838_08_0125_13"><composer key="compo_024661">Neubert (Joh.)</composer> <title>Sammlung ein-, zwei-, drei- und vierstimmiger Lieder, nebst Andeutungen, worin gezeigt ist, dass die Liedersammlung auch beim Sprach- und Religionsunterrichte benutzt werden könne</title>. <pubPlace key="place_0490">Neuruppin</pubPlace>, <publisher key="publ_2921">Oehmigke</publisher> 6 Gr.</bibl>
<pb n="126"/>
<bibl id="hofm_1838_08_0126_01"><composer key="compo_024958">Nohr (Fr.)</composer> <title>6 Lieder von W. Gerhardt f. 4 Männerstimmen. Op. <opus key="opus_0392">12</opus>. Cah. 1 (Liebes Mädchen, schlafe nicht, – Lustiger Matrosensang – Schatzerl, wenn liabst’ mi – Trink ich Wein – Bum, bum, die Freude! – Von Bergen zu Bergen.)</title> <pubPlace key="place_0475">München</pubPlace>, <publisher key="publ_0996">Falter</publisher> 1 Fl. 12 Xr.</bibl>
<bibl id="hofm_1838_08_0126_02"><composer key="compo_027983">Reissiger (F.A.)</composer> <title>Duettini f. hohen und tiefen Sopran mit Begl. d. Pfte. Op. <opus key="opus_2131">30</opus>, <series>3tes Heft der Duetten</series> (Wenn auf der spiegelklaren Fluth – So viel Wolken droben wiegen – Nimm du mich auf in deinen Mutterarm – Leise wogt die weiche Welle)</title>. <pubPlace key="place_0044">Berlin</pubPlace>, <publisher key="publ_0639">Crantz</publisher> 16 Gr.</bibl>
</div><div id="hofm_1838_08_0126_div20"><head><hofClass key="hofCl_0268">Opernmusik mit Pianofortebegleitung.</hofClass></head>
<bibl id="hofm_1838_08_0126_03"><composer key="compo_001079">Auber (D.F.E.)</composer> <title>Der schwarze Domino (Le Domino noir). Komische Oper in 3 Akten. <format>Vollständiger Clavier-Auszug</format></title>. <pubPlace key="place_0438">Mainz</pubPlace>, <publisher key="publ_3563">Schott</publisher> geh. 14 Fl. 24 Xr.</bibl>
<listBibl><bibl id="hofm_1838_08_0126_04"><composer key="compo_005991">Coppola (P.A.)</composer> <title>Aria finale nell’ Opera: Enrichetta Baienfeld ossia la Festa della Rosa: Wohl mir, mein ist der Rose Flor (Ah, nò, la rosa)</title>. <pubPlace key="place_0731">Wien</pubPlace>, <publisher key="publ_2605">Mechetti</publisher> 45 Xr.</bibl>
<bibl id="hofm_1838_08_0126_05">– Idem. f. Mezzo-Sopran oder Alt eingerichtet. Ebend. 45 Xr. <lb/>(<series>Aurora d’Italia No. 250, 251</series>.)</bibl>
</listBibl><wip id="hofm_1838_08_0126_06"><composer key="compo_013060">Halevy (F.)</composer> <title>Guido und Ginevra, oder die Pest von Florenz. Oper in 3 Akten</title>. <title>No. 1, Arie (Tenor) Wir wackern Soldaten – Pour moi Condottieri</title> 16 Gr. <title>No. 2, Cavatine (Sopran) Frauengruss – Pour flechir</title> 8 Gr. <title>No. 3, Romanze (Tenor) Ein himmlisch Wesen – Pendant la fête</title> 8 Gr. <title>No. 4, Duett (Sopr. u. Ten.) Güt’ger Gott – Ah grand Dieu</title> 18 Gr. <title>No. 5, Chor: Lasst die Beute – Nous qui cherchons</title> 8 Gr <title>No. 6, Arie (Sopran) Des Vaters Wunsch – A vous j’obëis</title> 12 Gr. <title>No.7, Duett (Sopr. u. Ten.) Bleibe hier – Où vas-tu?</title> 20 Gr. <title>No. 8, Cavatine (Bass) Sie wird dir das Alter versüssen – Sa main fermera</title> 6 Gr. <title>No. 9, Arie (Tenor) Tief fühl’ ich’s hier – Quand renaîtra</title> 16 Gr. <title>No. 10, Arie (Sopran) Wie kalt! J’ai froid!</title> 16 Gr. <title>No. 11, Chor: Nur still – Sous cette</title> 12 Gr. <title>No. 12, Chor: Leeret, o leert – Venez, venez !</title> 16 Gr. <title>No. 13, Solo u. Chor: Auf, lasst uns loben – Vive la peste !</title> 16 Gr. <title>No. 14, Couplets (Tenor) Nur uns gehört – A nous</title> 6 Gr. <title>No. 15, Duett (Sopr. u. Ten.) Freundliches Schatten – Ombre chérie</title> 18 Gr. <title>No. 16, Preghiera (Chor) Sieh hier die Deinen – Le ciel pardonne</title> 8 Gr. <title>No. 17, Terzett (Sopr., Ten. u. Bass) Mein Kind – Ma fille</title> 1 Thlr. 4 Gr. <pubPlace key="place_0392">Leipzig</pubPlace>, <publisher key="publ_0437">Br. et Härtel</publisher>.</wip>
</div><div id="hofm_1838_08_0126_div21"><head><hofClass key="hofCl_0040">Gesänge für eine Stimme mit Begleitung des Pianoforte.</hofClass></head>
<bibl id="hofm_1838_08_0126_07"><composer key="compo_001434">Banck (C.)</composer> <title>Matinées musicales. 10 Gesänge (italienisch u. deutsch) Op. <opus key="opus_1999">28</opus>. Lief. 1. (Die Barke fliegt hinaus – Still und heimlich naht die Liebe – Ich bin ein armes kleines Mädchen – Mein süsses Leben)</title>. <pubPlace key="place_0392">Leipzig</pubPlace>, <publisher key="publ_0437">Br. u. Härtel</publisher> 20 Gr.</bibl>
<bibl id="hofm_1838_08_0126_08">– <title>Deutsches Liederbuch v. O.L.B. Wolff. Op. <opus key="opus_2131">30</opus></title>. <pubPlace key="place_0276">Hamburg</pubPlace>, <publisher key="publ_0640">Cranz</publisher> 1 Thlr. 8 Gr.</bibl>
<wip id="hofm_1838_08_0126_09">– Dasselbe in 3 Heften. <title>1) Gott und Vaterland in 6 Liedern</title>, 10 Gr. <title>2) Liebe in 10 Liedern</title>, 14 Gr. <title>3) Buntes Leben in 8 Liedern</title>. Ebend. 16 Gr.</wip>
<pb n="127"/>
<listBibl><bibl id="hofm_1838_08_0127_01"><composer key="compo_001434">Banck (C.)</composer> <title>Sonst und Jetzt (Sonst in trauter Dämm’rungsstunde)</title>. <pubPlace key="place_0438">Mainz</pubPlace>, <publisher key="publ_3563">Schott</publisher> 18 Gr.</bibl>
<bibl id="hofm_1838_08_0127_02">– <title>In der Ferne (Ich hör’ die Bächlein rauschen)</title>. <pubPlace key="place_0438">Mainz</pubPlace>, <publisher key="publ_3563">Schott</publisher> 18 Xr. <lb/>(<series>Auswahl von Ges. No. 434. 436</series>.)</bibl>
</listBibl><bibl id="hofm_1838_08_0127_03"><composer key="compo_002014">Becker (Jul.)</composer> <title>Frühlingslieder v. Alex. Fischer. Op. <opus key="opus_0234">11</opus>. (Die Tage werden sonn’ger – Sanften Westwinds süsse Lüfte – Nun keimen die finsteren Hage – In den Thälern laut erschallt’s)</title>. <pubPlace key="place_0392">Leipzig</pubPlace>, <publisher key="publ_2039">Klemm</publisher> 12 Gr.</bibl>
<bibl id="hofm_1838_08_0127_04"><composer key="compo_002119">Behrens (H.)</composer> <title>Lieder und Gesänge f. Bass oder Bariton (Des Seemanns Grab – Auf ewig dein – Wie sind doch deine Zweige – Ferne flammen helle Sterne – Schau ich dir mein süsses Liebchen – Bei des Mondes blassem Schein)</title>. <pubPlace key="place_0078">Braunschweig</pubPlace>, <publisher key="publ_2681">Meyer</publisher> 16 Gr.</bibl>
<bibl id="hofm_1838_08_0127_05">*<composer key="compo_002199">Bellini</composer>, <title>Romanzetta (Vaga luna – Luna strahlt im Silberschein – Clair ruisseau)</title> <series>Choix d’Airs No. 435</series>. <pubPlace key="place_0438">Mainz</pubPlace>, <publisher key="publ_3563">Schott</publisher> 18 Xr.</bibl>
<bibl id="hofm_1838_08_0127_06">*<composer key="compo_002381">Berat (F.)</composer> <title>La Montagnarde au Départ. Das Gebirgsmädchen bei der Abreise</title>. <series>Choix d’Airs No. 446</series>. Ebend. 18 Xr.</bibl>
<bibl id="hofm_1838_08_0127_07">*<composer key="compo_004264">Brice (Mme L.)</composer> <title>Tu seras mes amours. Liebe allzeit. Romance</title>. <series>Choix d’Airs No. 442</series>. Ebend. 18 Xr.</bibl>
<bibl id="hofm_1838_08_0127_08"><composer key="compo_005246">Canthal (A.M.)</composer> <title>Vögelein (Vög’lein im Hain)</title>. <pubPlace key="place_0276">Hamburg</pubPlace>, <publisher key="publ_0540">Böhme</publisher> 4 Gr.</bibl>
<bibl id="hofm_1838_08_0127_09"><composer key="compo_005692">Ciccarelli (Aug.)</composer> <title>Coulez mes jours. Romance. Op. <opus key="opus_0021">10</opus></title>. <pubPlace key="place_0147">Dresden</pubPlace>, <publisher key="publ_2661">Meser</publisher> 4 Gr.</bibl>
<bibl id="hofm_1838_08_0127_10"><composer key="compo_009145">Fesca (F.C.)</composer> <title>Der Veilchenkranz. Lied (Ich wand einst einen Veilchenkranz)</title>. <pubPlace key="place_0069">Bonn</pubPlace>, <publisher key="publ_3791">Simrock</publisher> 1 Fr.</bibl>
<bibl id="hofm_1838_08_0127_11"><composer key="compo_011067">Gernlein (R.)</composer> <title>Maria. Liebe Nähe. 2 Lieder.  (Dein Aug’ ist süss – O lass mich Dir zur Seite stehn)</title><pubPlace key="place_0147">Dresden</pubPlace>, <publisher key="publ_2661">Meser</publisher> 8 Gr.</bibl>
<bibl id="hofm_1838_08_0127_12"><composer key="compo_011289">Girschner (C.F.J.)</composer> <title>Lied (Ich möchte dir so gerne sagen)</title>. <pubPlace key="place_0044">Berlin</pubPlace>, <publisher key="publ_0916">Ende</publisher> n. 4. Gr.</bibl>
<bibl id="hofm_1838_08_0127_13"><composer key="compo_011688">Gordigiani (J.B.)</composer> <title>6 Lieder f. Mezzo-Sopran od. Bariton. Op. <opus key="opus_0234">11</opus>. (Wenn du zu meiner Liebsten kommst – O brich nicht, Steg – Was wecken aus dem Schlummer – Er schaudre nicht in Furcht und Graus – Sie haben mich gequälet – Früh schon bin ich ausgegangen)</title> m. Vign. <pubPlace key="place_0392">Leipzig</pubPlace>, <publisher key="publ_1746">Hofmeister</publisher> 16 Gr.</bibl>
<bibl id="hofm_1838_08_0127_14"><composer key="compo_012693">Görner (C.)</composer> <title>3 deutsche Lieder Op. <opus key="opus_2764">40</opus>. (Die weissen Segel schwellen – Ein Ritter zog zum Streite – Ich sass bei jener Linde)</title>. <pubPlace key="place_0044">Berlin</pubPlace>, <publisher key="publ_0639">Crantz</publisher> 8 Gr.</bibl>
<bibl id="hofm_1838_08_0127_15">* – <title>Die Mühle im Thale (Ich weiss eine Mühle im Thale)</title>. Ebend. 2 Gr.</bibl>
<bibl id="hofm_1838_08_0127_16"><composer key="compo_017389">Kiel (Aug.)</composer> <title>6 Lieder. Op. <opus key="opus_0001">1</opus>. (Wie langsam scheint das Schifflein hinzuschleichen – Meine Freude, meine Klage – Hab’ kein Plätzchen auf der Erde – Mir entfloh’n der Erde Freuden – Es tobet der Sturmwind so schaurig – Was treibt den Waidmann in den Wald)</title>. <pubPlace key="place_0280">Hannover</pubPlace>, <publisher key="publ_2808">Nagel</publisher> 10 Gr.</bibl>
<bibl id="hofm_1838_08_0127_17"><composer key="compo_018390">Kosmaly (Ch.)</composer> <title>3 Songs by Ch.V. Incledon (mit deutscher Uebersetzung)</title>. <pubPlace key="place_0438">Mainz</pubPlace>, <publisher key="publ_3563">Schott</publisher> 48 Xr.</bibl>
<bibl id="hofm_1838_08_0127_18">*<composer key="compo_019739">Lagoanére (C.)</composer> <title>Douce Madone. Der Verlassenen Gebet zur Madonna. Romance</title>. <series>Choix d’Airs No. 443</series>. Ebend. 18 Xr.</bibl>
<bibl id="hofm_1838_08_0127_19"><composer key="compo_020259">Lecerf (J.A.)</composer> <title>12 Balladen und Lieder 1stes Heft f. Mezzo-Sopran od. Alt. Des Knaben Berglied. Der Alpenjäger. Der Wirthin Töchterlein. (Ich bin vom Berg der Hirtenknab’ – Willst du nicht das Lämmlein hüten – Es zogen drei Bursche wohl über den Rhein)</title>. <pubPlace key="place_0044">Berlin</pubPlace>, <publisher key="publ_2200">Kuhr</publisher> (<publisher key="publ_2455">Lischke</publisher>) 12 Gr.</bibl>
<bibl id="hofm_1838_08_0127_20"><composer key="compo_020547">Lenz (Leop.)</composer> <title>Maximilian Joseph, König von Bayern, an seinem Namenstage d. 12. Octbr. 1825. Für Bass. Op. <opus key="opus_1661">23</opus>. (In Nymphenburg im Königssaal)</title>. <pubPlace key="place_0475">München</pubPlace>, <publisher key="publ_0028">Aibl</publisher> 54 Xr.</bibl>
<pb n="128"/>
<bibl id="hofm_1838_08_0128_01"><composer key="compo_021766">Lütgen (P.)</composer> <title>3 deutsche Lieder. Op. <opus key="opus_0684">14</opus>. <series>1stes Heft d. Lieder</series> (Heiss mich nicht in Worten kleiden – Schwarzes Band – So hab’ ich wirklich dich verloren). No. 3, m. Vcllebegl</title>. <pubPlace key="place_0069">Bonn</pubPlace>, <publisher key="publ_3791">Simrock</publisher> 3 Fr.</bibl>
<bibl id="hofm_1838_08_0128_02"><composer key="compo_023269">Meyerbeer (Giac.)</composer> <title>Fantaisie. Romance (Blüthen, die ihr die Fluren kränzet – Marguerites des mes prairies)</title>. <pubPlace key="place_0392">Leipzig</pubPlace>, <publisher key="publ_0437">Br. et Härtel</publisher> 8 Gr.</bibl>
<bibl id="hofm_1838_08_0128_03">– <title>La Marguerite du Poëte. Romanze (Die sich der Sänger auserkohren)</title>. Ebend. 4 Gr.</bibl>
<bibl id="hofm_1838_08_0128_04">– <title>Le Poëte mourant. Elegie (Der Dichter sang – Le poéte chantait)</title>. <pubPlace key="place_0392">Leipzig</pubPlace>, <publisher key="publ_0437">Br. et Härtel</publisher> 12 Gr.</bibl>
<bibl id="hofm_1838_08_0128_05">*<composer key="compo_023633">Moltke (M.L.)</composer> <title>Des Liebenden Sang (Kein Himmel blickt so heiter)</title>. <pubPlace key="place_0044">Berlin</pubPlace>, <publisher key="publ_4141">Verfasser</publisher> 2 Gr.</bibl>
<bibl id="hofm_1838_08_0128_06">*<composer key="compo_023663">Monpou (Hipp.)</composer> <title>Addio Teresa. Leb wohl Theresa. Chanson Sicilienne</title>. <series>Choix No. 433</series>. <pubPlace key="place_0438">Mainz</pubPlace>, <publisher key="publ_3563">Schott</publisher> 18 Xr.</bibl>
<bibl id="hofm_1838_08_0128_07"><composer key="compo_024551">Neidhardt (A.)</composer> <title>5 Lieder. Op. <opus key="opus_0216">109</opus>. (Sprächst du mit Menschen und Engelzungen – Ueber Gebirg und Thal – Es ziehen die Wolken hinaus in die Fern – Wiesengrün, Bäume blühn – Lieb’ Blümchen auf der Au)</title>. <pubPlace key="place_0044">Berlin</pubPlace>, <publisher key="publ_0639">Crantz</publisher> 12 Gr.</bibl>
<wip id="hofm_1838_08_0128_08"><composer key="compo_025688">Panny (Jos.)</composer> <title>Liedersammlung</title> <title>No. 1, Abend-Scene (Ein armer Vater Gram gebleicht)</title>. <series>Auswahl v. Gesängen No. 444</series>. 18 Xr. <title>No. 2, Adieux ! (Entblättert steht der Flieder)</title> 36 Xr. <pubPlace key="place_0438">Mainz</pubPlace>, <publisher key="publ_3563">Schott</publisher>.</wip>
<bibl id="hofm_1838_08_0128_09"><composer key="compo_026620">Plath (Sophie)</composer> <title>50 alte und neue deutsche Volkslieder und ihre Singweisen</title>. gr. 8. <pubPlace key="place_0475">München</pubPlace>, <publisher key="publ_0996">Falter</publisher> 2 Fl. 24 Xr.</bibl>
<bibl id="hofm_1838_08_0128_10"><composer key="compo_027779">Reichardt (Gust.)</composer> <title>Preussenlied f. Bass u. Chor m. Pfte. Op. <opus key="opus_0806">15</opus>. (Das Meer umher geht hoch und wild)</title>. <pubPlace key="place_0044">Berlin</pubPlace>, <publisher key="publ_4067">Trautwein</publisher> n. 4 Gr.</bibl>
<bibl id="hofm_1838_08_0128_11"><composer key="compo_027982">Reissiger (C.G.)</composer> <title>Gesänge und Lieder f. Sopran oder Tenor. Op. <opus key="opus_4436">84</opus>. 16te Liedersamml. <edition>2te Aufl</edition></title>. <pubPlace key="place_0147">Dresden</pubPlace>, <publisher key="publ_2661">Meser</publisher> 18 Gr.</bibl>
<bibl id="hofm_1838_08_0128_12">– <title>Lieder und Gesänge f. Sopran. Op. <opus key="opus_0495">127</opus>, 37ste Liedersamml. (Fromm und treu in stiller Nacht – Ihr Segler dort oben – O komm zu mir – O Mondschein – Frühling hat mir Hoffnung gebracht – Hör’ ich ein Waldhorn klingen – Warum Herz)</title>. <pubPlace key="place_0392">Leipzig</pubPlace>, <publisher key="publ_3023">Peters</publisher> 18 Gr.</bibl>
<bibl id="hofm_1838_08_0128_13"><composer key="compo_027983">Reissiger (F.A.)</composer> <title>Lieder und Gesänge f. Bass od. Bariton. Op. <opus key="opus_2347">33</opus>, 10te Liedersamml. <series>4tes Heft der Bassges</series>. (Steh’ ich im Feld – Gut’ Nacht, fahr’ wohl geliebtes Herz – Ich hatt’ einmal ein Gaul – Und wenn nun die Trommel thut schlagen – Ich fragte nie: sag’ liebst du mich – Die Flasch’ ist eine Henne)</title>. <pubPlace key="place_0044">Berlin</pubPlace>, <publisher key="publ_0639">Crantz</publisher> 16 Gr.</bibl>
<bibl id="hofm_1838_08_0128_14">– <title>Der schlesische Zecher und der Teufel, f. Bass od. Bariton (Auf Schlesiens Bergen, da wächst ein Wein)</title>. Ebend. 6 Gr.</bibl>
<bibl id="hofm_1838_08_0128_15"><composer key="compo_030916">Scholz (W.E.)</composer> <title>6 Lieder f. Bass, Bariton oder Alt. Op. <opus key="opus_0927">16</opus>, <series>4tes Heft d. Ges</series>. (Süsse Ahnungsschauer gleiten – O frage nicht, wo sind die Blumen – Was will denn die einsame Thräne – Horch wie es hallt im grünen Wald – Deine Augen sind zwei Sterne – Wär’ ich eine Nachtigall)</title>. <pubPlace key="place_0082">Breslau</pubPlace>, <publisher key="publ_0640">Cranz</publisher> 12 Gr.</bibl>
<bibl id="hofm_1838_08_0128_16"><composer key="compo_031940">Seiffert C.T.)</composer> <title>Frühling und Liebe. Op. <opus key="opus_3565">6</opus>. (Dass du mich liebst – Wandl’ ich in den Wald – Ueber’n Garten – Heiter blick’ ich – Ich muss hinaus – Wie sich Reben ranken – Er ist gekommen)</title>. <pubPlace key="place_0615">Schleusingen</pubPlace>, <publisher key="publ_1260">Glaser</publisher> 12 Gr.</bibl>
<bibl id="hofm_1838_08_0128_17"><composer key="compo_032798">Spohr (L.)</composer> <title>Lied der Emma a. d. Drama: Der Erbvertrag (Was treibt den Waidmann in den Wald)</title>. <pubPlace key="place_0276">Hamburg</pubPlace>, <publisher key="publ_0640">Cranz</publisher> 4 Gr.</bibl>
</div></body></text></TEI.2>