<?xml version="1.0" encoding="utf-8"?>
<!DOCTYPE TEI.2
  SYSTEM "../../dtd/tei/cch_tei.dtd">
<TEI.2 id="hofm_1838_02">
<teiHeader type="text"><fileDesc><titleStmt><title>Februar 1838</title></titleStmt><publicationStmt><p/></publicationStmt><sourceDesc><p/></sourceDesc></fileDesc><profileDesc><langUsage><language id="ger">German</language><language id="fre">French</language><language id="ita">Italian</language></langUsage></profileDesc><revisionDesc><change><date>2008-09-11</date><respStmt><name>EP</name></respStmt><item>&lt;seriesInfo&gt; element renamed into &lt;series&gt;</item></change><change><date>2007-05-18</date><respStmt><name>ER</name></respStmt><item>p. 28, adjustments to composer tagging in last two entries</item></change><change><date>2007-05-11</date><respStmt><name>ER</name></respStmt><item>ID hofm_1838_02_0019_15
added; hofm_1838_02_0019_19
</item></change><change><date>2007-04-27</date><respStmt><name>RV</name></respStmt><item>Changed "biblGroup" elements in "listBibl"</item></change><change><date>2007-03-02</date><respStmt><name>EP</name></respStmt><item>Checked curly brackets</item></change><change><date>2007-02-26</date><respStmt><name>EP</name></respStmt><item>Encoded curly brackets</item></change><change><date>2006-12-19</date><respStmt><name>EP</name></respStmt><item>sic and unclear moved outside elements pubplaces, publisher, composer, hofclass, key, opus</item></change><change><date>2007-01-28</date><respStmt><name>Sarah</name></respStmt><item>Removed extra author tags.</item></change><change><date>2006-10-20</date><respStmt><name>Liz</name></respStmt><item>p. 29 Kulenkamp (not Kulenlamp)</item></change><change><date>2005-05-12</date><respStmt><name>Sarah</name></respStmt><item>Corrections following checking pages. Adjusted album tagging.</item></change><change><date>2005-02-08</date><respStmt><name>Sarah</name></respStmt><item>Fixed HofClass headings.</item></change><change><date>2005-01-31</date><respStmt><name>Sarah</name></respStmt><item>Fixed pb tags.</item></change><change><date>2005-01-24</date><respStmt><name>Sarah</name></respStmt><item>Adjusted spacing following comments from Liz.</item></change><change><date>2005-01-13</date><respStmt><name>Sarah</name></respStmt><item>Added file title, TEI_ID, fixed album, xref, curly brackets 				and edition / format.</item></change><change><date>2004-09-30</date><respStmt><name>Sarah</name></respStmt><item>Removed force and price tags 30/09/2004.</item></change><change><date>2004-08-25</date><respStmt><name>Sarah</name></respStmt><item>First encoding by Sarah.</item></change></revisionDesc></teiHeader>
<text><body><pb n="18"/><head>Februar 1838.</head>
<div id="hofm_1838_02_0018_div01"><head><hofClass key="hofCl_0164">Musik für das Orchester.</hofClass></head>
<bibl id="hofm_1838_02_0018_01"><regNumber>4475</regNumber>. <composer key="compo_000089">Adam (A.)</composer> <title>Le Postillon de Lonjumeau, arrangée en Harmonie p. F. Berr en 2 Suites</title>. <pubPlace key="place_0438">Mainz</pubPlace>, <publisher key="publ_3563">Schott</publisher> à 7 Fl. 12 Xr.</bibl>
<bibl id="hofm_1838_02_0018_02"><regNumber>4940</regNumber>. <composer key="compo_009630">Foreit (A.)</composer> <title>Postillons-Walzer mit Introduction und Coda nach Melodien dieser Oper f. grosses Orchester (können auch 5- oder 7stimmig aufgeführt werden.)</title> Ebend. 2 Fl. 24 Xr.</bibl>
<bibl id="hofm_1838_02_0018_03"><regNumber>4926</regNumber>. <composer key="compo_015706">Hänsel (A.)</composer> <title>Casino- und Gesellschafts-Tänze auf 1838 f. Orchester. 9ter Jahrg. Op. <opus key="opus_2996">45</opus></title>. <pubPlace key="place_0147">Dresden</pubPlace>, <publisher key="publ_2661">Meser</publisher> 1 Thlr. 12 Gr.</bibl>
<bibl id="hofm_1838_02_0018_04"><regNumber>4915</regNumber>. <composer key="compo_020014">Lanner (J.)</composer> <title><series>Beliebte Walzer und Galoppen f. Orchester. No. 30</series>, 3 Galoppen nach Motiven der Oper: Der Postillon von Lonjumeau. Op. <opus key="opus_0443">122</opus></title>. <pubPlace key="place_0731">Wien</pubPlace>, <publisher key="publ_2605">Mechetti</publisher> 3 Fl.</bibl>
<bibl id="hofm_1838_02_0018_05"><composer key="compo_024569">Neithardt (A.)</composer> <title>8 Märsche f. d. Infanterie. <format>Vollständige Partitur</format>. Op. <opus key="opus_0094">102</opus></title>. <pubPlace key="place_0044">Berlin</pubPlace>, <publisher key="publ_3471">Schlesinger</publisher> 3 Thlr.</bibl>
<bibl id="hofm_1838_02_0018_06"><title>Sammlung von Märschen und Fanfaren f. Trompetenmusik zum bestimmten Gebrauch d. k. preuss. Cavallerie. No. 22, 8 Stücke f. 3 Trompeten und Pauken. <format>Partitur</format></title>. Ebend. 12 Gr.</bibl>
<bibl id="hofm_1838_02_0018_07"><regNumber>4894</regNumber>. <composer key="compo_033569">Strauss (Joh.)</composer> <title><series>Walzer f. Orchester. No. 36</series>, Bankett-Tänze. Op. <opus key="opus_4738">99</opus></title>. <pubPlace key="place_0731">Wien</pubPlace>, <publisher key="publ_1506">Haslinger</publisher> 2 Fl.</bibl>
<bibl id="hofm_1838_02_0018_08"><regNumber>4891</regNumber>. <composer key="compo_036592">Weller (Frèd.)</composer> <title><series>Délices de Berlin</series>. Quadrilles françaises (Contredanses) p. Orchestre. Liv. 1. <format>Partition</format></title>. <pubPlace key="place_0044">Berlin</pubPlace>, <publisher key="publ_4370">Westphal</publisher> 16 Gr.</bibl>
</div><div id="hofm_1838_02_0018_div02"><head><hofClass key="hofCl_0245">Musik für die Violine.</hofClass></head>
<bibl id="hofm_1838_02_0018_09"><regNumber>4475</regNumber>. <composer key="compo_000089">Adam (A.)</composer> <title>Le Postillon de Lonjumeau, arr. en Quatuor p. 2 Violons, Alto et Vclle p. J. Strunz en 2 Suites</title>. <pubPlace key="place_0438">Mainz</pubPlace>, <publisher key="publ_3563">Schott</publisher> à 4 Fl. 30 Xr.</bibl>
<bibl id="hofm_1838_02_0018_10"><composer key="compo_002077">Beethoven (L. v.)</composer> <title>Quatuor p. 2 Violons, Alto et Vclle, arr. d’après la Sonate pathétique p. Pfte p. de Blumenthal. Op. <opus key="opus_0531">13</opus></title>. <pubPlace key="place_0731">Wien</pubPlace>, <publisher key="publ_2605">Mechetti</publisher> 2 Fl.</bibl>
<bibl id="hofm_1838_02_0018_11"><regNumber>3908</regNumber>. <composer key="compo_007199">Donizetti (G.)</composer> <title>Belisario, <format>ridotta in Quartetto p. 2 Violini, Alto e Violoncello</format> de P. Tonassi</title>. <pubPlace key="place_0437">Milano</pubPlace>, <publisher key="publ_3241">Ricordi</publisher> 15 Fr.</bibl>
<bibl id="hofm_1838_02_0018_12"><composer key="compo_010622">Ganz (L.)</composer> <title>Fantaisie sur des Thèmes favoris de Nurmahal de Spontini p. Violon av. Acc. de l’Orchestre. Arrangement de l’Oeuv. <opus key="opus_0927">16</opus> de M. Ganz</title>. <pubPlace key="place_0044">Berlin</pubPlace>, <publisher key="publ_3471">Schlesinger</publisher> 2 Thlr. 12 Gr.</bibl>
<bibl id="hofm_1838_02_0018_13">– Idem av. Acc. de Quatuor. Ebend. 1 Thlr. 4 Gr.</bibl>
<bibl id="hofm_1838_02_0018_14">– Idem av. Acc. de Pfte. Ebend. 1 Thlr. 6 Gr.</bibl>
<wip id="hofm_1838_02_0018_15"><regNumber>2132</regNumber>. <composer key="compo_014550">Herz (H.)</composer> <title>Récréations musicales. Collection de 24 Rondos, Airs variés et Fantaisies arr. p. Violon av. Acc. de Pfte p. C.P. Lafont.</title> <title>Liv. 7. 8</title>. <pubPlace key="place_0438">Mainz</pubPlace>, <publisher key="publ_3563">Schott</publisher> à 1 Fl. 48 Xr.</wip>
<bibl id="hofm_1838_02_0018_16"><regNumber>4944</regNumber>. <composer key="compo_014560">Herz (Léon)</composer> <title>Introduction et Variations brillantes sur un Thème original p. Violon av. Acc. de Pfte. Oe. <opus key="opus_4562">9</opus>, in <key>E</key></title>. (Déd. à Mr. N. Paganini.) <pubPlace key="place_0731">Wien</pubPlace>, <publisher key="publ_2605">Mechetti</publisher> 1 Fl. 15 Xr.</bibl>
<bibl id="hofm_1838_02_0018_17"><regNumber>4915</regNumber>. <composer key="compo_020014">Lanner (J.)</composer> <title>Viertes Panorama der beliebtesten Galoppen, enth. 3 Galoppen nach den beliebtesten Motiven der Oper: Der Postillon von Lonjumeau f. 3 Violinen u. Bass. Op. <opus key="opus_0443">122</opus></title>. <pubPlace key="place_0731">Wien</pubPlace>, <publisher key="publ_2605">Mechetti</publisher> 1 Fl.</bibl>
<pb n="19"/>
<bibl id="hofm_1838_02_0019_01"><regNumber>4954</regNumber>. <composer key="compo_022692">Mayseder (J.)</composer> <title>Second Concertino p. Violon av. Acc. d’Orchestre. Oe. <opus key="opus_3316">53</opus>, in <key>E</key></title>. <pubPlace key="place_0731">Wien</pubPlace>, <publisher key="publ_0106">Artaria et Co</publisher>. 4 Fl.</bibl>
<bibl id="hofm_1838_02_0019_02">– Idem av. Acc. de Quatuor. Ebend. 2 Fl.</bibl>
<bibl id="hofm_1838_02_0019_03">– Idem av. Acc. de Pfte. Ebend. 1 Fl. 30 Xr.</bibl>
<bibl id="hofm_1838_02_0019_04"><regNumber>4955</regNumber>. – <title>Air varié p. Violon av. Acc. d’Orchestre. Oe. <opus key="opus_3351">54</opus>, in <key>A</key></title>. Ebend. 3 Fl. 15 Xr.</bibl>
<bibl id="hofm_1838_02_0019_05">– Idem av. Acc. de Quatuor. Ebend. 1 Fl. 30 Xr.</bibl>
<bibl id="hofm_1838_02_0019_06">– Idem av. Acc. de Pfte. Ebend. 1 Fl.</bibl>
<bibl id="hofm_1838_02_0019_07"><regNumber>4912</regNumber>. <composer key="compo_028710">Rolla (Al.)</composer> <title>3 Duetti facili p. 2 Violini. Op. <opus key="opus_1068">17</opus> dei Duetti a due Violini</title>. <pubPlace key="place_0437">Milano</pubPlace>, <publisher key="publ_3241">Ricordi</publisher> 4 Fr. 50 Ct.</bibl>
<bibl id="hofm_1838_02_0019_08"><regNumber>4588</regNumber>. – <title>Dodici Intonazioni nei Toni di terza minore e foggia d’Esercizj p. Violino. Libro 2</title>. Ebend. 7 Fr.</bibl>
<bibl id="hofm_1838_02_0019_09"><regNumber>4984</regNumber>. <composer key="compo_033569">Strauss (Joh.)</composer> <title><series>Walzer und Cotillons f. 2 Violinen (3te Violine ad lib.) u. Bass. No. 62</series>, Bankett-Tänze. Op. <opus key="opus_4738">99</opus></title>. <pubPlace key="place_0731">Wien</pubPlace>, <publisher key="publ_1506">Haslinger</publisher> 1 Fl.</bibl>
</div><div><head><hofClass key="hofCl_0184">Musik für das Violoncelle.</hofClass></head>
<bibl id="hofm_1838_02_0019_10"><regNumber>4920</regNumber>. <composer key="compo_009719">Franchomme (Aug.)</composer> <title>Variations sur la Romance : Un soupir, de Montfort p. Violoncelle av. Acc. d’Orchestre. Oe. <opus key="opus_0234">11</opus>, in <key>Es</key></title>. <pubPlace key="place_0392">Leipzig</pubPlace>, <publisher key="publ_1746">Hofmeister</publisher> 1 Thlr. 8 Gr.</bibl>
<bibl id="hofm_1838_02_0019_11">– Idem av. Acc. de Quatuor. Ebend. 20 Gr.</bibl>
<bibl id="hofm_1838_02_0019_12">– Idem av. Acc. de Pfte. Ebend. 16 Gr.</bibl>
</div><div id="hofm_1838_02_0019_div04"><head><hofClass key="hofCl_0200">Musik für die Flöte.</hofClass></head>
<bibl id="hofm_1838_02_0019_13"><regNumber>4475</regNumber>. <composer key="compo_000089">Adam (A.)</composer> <title>Le Postillon de Lonjumeau, arr. en Quatuor p. Flûte, Violon, Alto et Vclle p. J. Strunz en 2 Suites</title>. <pubPlace key="place_0438">Mainz</pubPlace>, <publisher key="publ_3563">Schott</publisher> à 4 Fl. 30 Xr.</bibl>
<bibl id="hofm_1838_02_0019_14"><regNumber>4939</regNumber>. <composer key="compo_006066">Cottignies (C.)</composer> <title>Grande Fantaisie sur des Motifs du Postillon de Lonjumeau d’Adam p. Flûte av. Acc. de Pfte. Oe. <opus key="opus_3105">48</opus></title>. Ebend. 1 Fl. 48 Xr.</bibl>
<bibl id="hofm_1838_02_0019_15"><regNumber>3908</regNumber>. <composer key="compo_007199">Donizetti (G.)</composer> <title>Belisario, <format>ridotta in Quartetto p. Flauto, Violino, Alto e Violoncello</format> da P. Tonassi</title>. <pubPlace key="place_0437">Milano</pubPlace>, <publisher key="publ_3241">Ricordi</publisher> 15 Fr.</bibl>
<bibl id="hofm_1838_02_0019_16"><regNumber>4915</regNumber>. <composer key="compo_020014">Lanner (J.)</composer> <title><series>Beliebte Walzer und Galoppen f. Flöte. No. 42</series>, 3 Galoppen nach Motiven der Oper: Der Postillon von Lonjumeau. Op. <opus key="opus_0443">122</opus></title>. <pubPlace key="place_0731">Wien</pubPlace>, <publisher key="publ_2605">Mechetti</publisher> 15 Xr.</bibl>
<bibl id="hofm_1838_02_0019_17"><regNumber>4913</regNumber>. <composer key="compo_028968">Rossini</composer>, <title>Les Soirées musicales. 8 Morceaux favoris, arr. p. Flûte avec Acc. de Pfte. Liv. 1</title>. <pubPlace key="place_0437">Milano</pubPlace>, <publisher key="publ_3241">Ricordi</publisher> 4 Fr. 50 Ct.</bibl>
<bibl id="hofm_1838_02_0019_18"><regNumber>4894</regNumber>. <composer key="compo_033569">Strauss (Joh.)</composer> <title><series>Lieblings-Walzer f. Flöte. No. 55</series>, Bankett-Tänze. Op. <opus key="opus_4738">99</opus></title>. <pubPlace key="place_0731">Wien</pubPlace>, <publisher key="publ_1506">Haslinger</publisher> 15 Xr.</bibl>
<wip id="hofm_1838_02_0019_19"><regNumber>4308</regNumber>. <composer key="compo_034980">Tulou</composer>, <title>Récréations musicales. Collection de 20 Airs variés et Fantaisies p. Flûte av. Acc. de Pfte. Oe. <opus key="opus_3798">65</opus></title>. <title>Liv. 4–6</title>. <pubPlace key="place_0438">Mainz</pubPlace>, <publisher key="publ_3563">Schott</publisher> à 1 Fl. 30 Xr.</wip>
<bibl id="hofm_1838_02_0019_20">– <title>Jadis. Plaisanterie musicale p. Flûte av. Acc. d. Pfte. Oe. <opus key="opus_3895">68</opus></title>. <pubPlace key="place_0437">Milano</pubPlace>, <publisher key="publ_3241">Ricordi</publisher> 4 Fr.</bibl>
<bibl id="hofm_1838_02_0019_21">– <title>Air varié sur un Motif de l’Opera : Les Chaperons blancs, p. Flûte av. Acc. de Pfte. Oe <opus key="opus_4070">73</opus></title>. Ebend. 5 Fr. 50 Ct.</bibl>
</div><div id="hofm_1838_02_0019_div05"><head><hofClass key="hofCl_0131">Musik für verschiedene Blasinstrumente.</hofClass></head>
<bibl id="hofm_1838_02_0019_22"><regNumber>4907</regNumber>. <composer key="compo_003819">Bosetti (P.)</composer> <title>Indispensabile esercizio giornaliero per Clarinetto</title>. <pubPlace key="place_0437">Milano</pubPlace>, <publisher key="publ_3241">Ricordi</publisher> 6 Fr. 50 Ct.</bibl>
<bibl id="hofm_1838_02_0019_23"><regNumber>4894</regNumber>. <composer key="compo_033569">Strauss (Joh.)</composer> <title><series>Lieblings-Walzer f. Csakan. No. 55</series>, Bankett-Tänze. Op. <opus key="opus_4738">99</opus></title>. <pubPlace key="place_0731">Wien</pubPlace>, <publisher key="publ_1506">Haslinger</publisher> 15 Xr.</bibl>
</div>
<pb n="20"/>
<div id="hofm_1838_02_0020_div06"><head><hofClass key="hofCl_0205">Musik für die Guitarre.</hofClass></head>
<bibl id="hofm_1838_02_0020_01"><regNumber>4915</regNumber>. <composer key="compo_020014">Lanner (J.)</composer> <title><series>Beliebte Walzer und Galoppen f. d. Guitarre No. 28</series>, 3 Galoppen nach Motiven der Oper: Der Postillon von Lonjumeau. Op. <opus key="opus_0443">122</opus></title>. <pubPlace key="place_0731">Wien</pubPlace>, <publisher key="publ_2605">Mechetti</publisher> 30 Xr.</bibl>
<bibl id="hofm_1838_02_0020_02"><regNumber>4894</regNumber>. <composer key="compo_033569">Strauss (Joh.)</composer> <title><series>Lieblings-Walzer f. Guitarre. No. 36</series>, Bankett-Tänze. Op. <opus key="opus_4738">99</opus></title>. <pubPlace key="place_0731">Wien</pubPlace>, <publisher key="publ_1506">Haslinger</publisher> 30 Xr.</bibl>
</div><div id="hofm_1838_02_0020_div07"><head><hofClass key="hofCl_0167">Musik für das Pianoforte mit Begleitung.</hofClass></head>
<bibl id="hofm_1838_02_0020_03"><regNumber>4930</regNumber>. <composer key="compo_001131">Aulagnier</composer>, <title>Le Talisman. 2 Rondeaux sur des Motifs des Mélodies de F. Schubert p. Pfte av. Acc. de Violon ou Flûte non obligé. Oe. <opus key="opus_2408">34. No. 1. 2</opus></title>. <pubPlace key="place_0438">Mainz</pubPlace>, <publisher key="publ_3563">Schott</publisher> à 1 Fl. 12 Xr.</bibl>
<wip id="hofm_1838_02_0020_04"><composer key="compo_002077">Beethoven (L. v.)</composer> <title>3 Sonaten f. Pfte. u. Violine. Op. <opus key="opus_2136">30. No. 1–3</opus>, in <key>A</key>. <key>G</key>. <key>C</key></title>. <pubPlace key="place_0731">Wien</pubPlace>, <publisher key="publ_1506">Haslinger</publisher>. <title>No. 1, 2</title> à 1 Fl. 30 Xr. <title>No. 3</title>, 2 Fl. 30 Xr.</wip>
<bibl id="hofm_1838_02_0020_05"><regNumber>4906</regNumber>. <composer key="compo_002874">Bianchi</composer> e <composer key="compo_009599">Fontana</composer>, <title>6 Valts p. Pfte e Flauto</title>. <pubPlace key="place_0437">Milano</pubPlace>, <publisher key="publ_3241">Ricordi</publisher> 2 Fr. 50 Ct.</bibl>
<bibl id="hofm_1838_02_0020_06"><regNumber>4883</regNumber>. <composer key="compo_003588">Bohrer (Max)</composer> <title>Duo concertant p. Pfte et Violoncelle. Oe. <opus key="opus_1390">20</opus>, in <key>F</key></title>. <pubPlace key="place_0392">Leipzig</pubPlace>, <publisher key="publ_1746">Hofmeister</publisher> 1 Thlr. 8 Gr.</bibl>
<bibl id="hofm_1838_02_0020_07"><regNumber>4927</regNumber>. <composer key="compo_019130">Kummer (F.A.)</composer> <title>Amusements p. les Amateurs de Pfte (ou Harpe) et Violoncelle. Oe. <opus key="opus_2630">38</opus>. No. 8, Potpourri. No. 9, Divertimenti sur des Motifs de l’Opéra : Les Puritaines de Bellini</title>. <pubPlace key="place_0147">Dresden</pubPlace>, <publisher key="publ_2661">Meser</publisher> 18 Gr.</bibl>
<bibl id="hofm_1838_02_0020_08"><regNumber>4415</regNumber>. <composer key="compo_020014">Lanner (J.)</composer> <title>Viertes Panorama der beliebtesten Galoppen, enth. 3 Galoppen nach den beliebtesten Motiven der Oper: Der Postillon von Lonjumeau f. Violine m. Begl. d. Pfte. Op. <opus key="opus_0443">122</opus></title>. <pubPlace key="place_0731">Wien</pubPlace>, <publisher key="publ_2605">Mechetti</publisher> 45 Xr.</bibl>
<bibl id="hofm_1838_02_0020_09"><regNumber>4942</regNumber>. <composer key="compo_020817">Lickl (F.C.)</composer> et <composer key="compo_014559">L. Herz</composer> <title>Fantaisie et Variations sur des Motifs du 3ième Acte de l’Opéra : Giulietta e Romeo de Vaccay p. Pfte et Violon concertans</title>. Ebend. 1 Fl. 30 Xr.</bibl>
<bibl id="hofm_1838_02_0020_10"><regNumber>4900</regNumber>. <composer key="compo_026097">Perotti (L.)</composer> <title>Serenata p. Pfte, Violino e Violoncello (in <key>C</key>.)</title> <pubPlace key="place_0437">Milano</pubPlace>, <publisher key="publ_3241">Ricordi</publisher> 4 Fr. 50 Ct.</bibl>
<bibl id="hofm_1838_02_0020_11"><regNumber>4894</regNumber>. <composer key="compo_033569">Strauss (Joh.)</composer> <title><series>Walzer und Cotillons f. Violine u. Pfte. No. 63</series>, Bankett-Tänze. Op. <opus key="opus_4738">99</opus></title>. <pubPlace key="place_0731">Wien</pubPlace>, <publisher key="publ_1506">Haslinger</publisher> 45 Xr.</bibl>
</div><div id="hofm_1838_02_0020_div08"><head><hofClass key="hofCl_0171">Musik für das Pianoforte zu 4 Händen.</hofClass></head>
<bibl id="hofm_1838_02_0020_12"><regNumber>4475</regNumber>. <composer key="compo_000089">Adam (A.)</composer> <title>Le Postillon de Lonjumeau. Opéra comique en 3 Actes arr. p. Pfte à 4 Mains p. Ch. Rummel</title>. <pubPlace key="place_0438">Mainz</pubPlace>, <publisher key="publ_3563">Schott</publisher> geh. 6 Fl.</bibl>
<bibl id="hofm_1838_02_0020_13"><composer key="compo_002709">Bertini (H.)</composer> <title>Etuden zur Ausbildung des Taktes und des Rhythmus und zur Auffassung der musikal. Figuren f. Pfte zu 4 Händen. Op. <opus key="opus_4704">97</opus>. Cah. I</title>. <pubPlace key="place_0044">Berlin</pubPlace>, <publisher key="publ_0589">Challier u. Co</publisher>. 16 Gr.</bibl>
<bibl id="hofm_1838_02_0020_14"><regNumber>4910</regNumber>. <composer key="compo_005991">Coppola (P.A.)</composer> <title>Largo e Stretta del Finale 1mo nell’ Opéra: La bella Celeste degli Spadari <format>rid. p. Pfte a 4 Mani</format></title>. <pubPlace key="place_0437">Milano</pubPlace>, <publisher key="publ_3241">Ricordi</publisher> 3 Fr. 50 Ct.</bibl>
<bibl id="hofm_1838_02_0020_15"><regNumber>4949</regNumber>. <composer key="compo_006111">Cramer (J.B.)</composer> <title>Grand Duo brillant p. Pfte à 4 Mains. Oe. <opus key="opus_4518">88</opus>, in <key>B</key></title>. <pubPlace key="place_0731">Wien</pubPlace>, <publisher key="publ_0106">Artaria et Co</publisher>. 2 Fl. 30 Xr.</bibl>
<bibl id="hofm_1838_02_0020_16"><regNumber>4932</regNumber>. <composer key="compo_006306">Czerny (Ch.)</composer> <title>Divertissement sur un Motif de l’Opéra : Le Postillon de Lonjumeau d’Adam p. Pfte à 4 Mains. Oe. <opus key="opus_3092">476</opus></title>. <pubPlace key="place_0438">Mainz</pubPlace>, <publisher key="publ_3563">Schott</publisher> 1 Fl. 12 Xr.</bibl>
<bibl id="hofm_1838_02_0020_17"><regNumber>4931</regNumber>. – <title>Introduction et Variations brillantes sur un Motif de l’Opéra : Le Postillon de Lonjumeau p. Pfte à 4 Mains. Oe. <opus key="opus_3094">477</opus></title>. Ebend. 1 Fl. 12 Xr.</bibl>
<pb n="21"/>
<bibl id="hofm_1838_02_0021_01"><regNumber>4933</regNumber>. <composer key="compo_006306">Czerny (Ch.)</composer> Rondeau brillant sur un Motif de l’Opéra : Le Postillon de Lonjumeau p. Pfte à 4 Mains. Oe. <opus key="opus_3099">478</opus>. <pubPlace key="place_0438">Mainz</pubPlace>, <publisher key="publ_3563">Schott</publisher> 1 Fl. 30 Xr.</bibl>
<bibl id="hofm_1838_02_0021_02"><composer key="compo_008808">Fahrbach (Ph.)</composer> <title>Galopp nach beliebten Motiven aus der Oper: Der Postillon von Lonjumeau f. Pfte zu 4 Händen. Op. <opus key="opus_1731">24</opus>, (<series>Lieblings-Galoppen No. 60</series>.)</title> <pubPlace key="place_0731">Wien</pubPlace>, <publisher key="publ_1506">Haslinger</publisher> 15 Xr.</bibl>
<bibl id="hofm_1838_02_0021_03"><composer key="compo_013697">Haydn (Jos.)</composer> <title>Symphonien arr. f. Pfte zu 4 Händen von F. Brissler. No. 2, in <key>Es</key></title>. <pubPlace key="place_0044">Berlin</pubPlace>, <publisher key="publ_0589">Challier u. Co</publisher>. 1 Thlr.</bibl>
<bibl id="hofm_1838_02_0021_04">– Idem m. Begl. einer Violine. Ebend. 1 Thlr. 4 Gr.</bibl>
<bibl id="hofm_1838_02_0021_05"><regNumber>4879</regNumber>. <composer key="compo_019512">Küffner (Jos.)</composer> <title>Jubel-Gruss an den Rhein. Jubel-Walzer mit Introduction und Finale f. Pfte zu 4 Händen. Op. <opus key="opus_1960">274</opus></title>. <pubPlace key="place_0438">Mainz</pubPlace>, <publisher key="publ_3563">Schott</publisher> 1 Fl. 30 Xr.</bibl>
<bibl id="hofm_1838_02_0021_06"><regNumber>4915</regNumber>. <composer key="compo_020014">Lanner (Jos.)</composer> <title>Viertes Panorama der beliebtesten Galoppen enth. 3 Galoppen nach den beliebtesten Motiven der Oper: Der Postillon von Lonjumeau f. Pfte zu 4 Händen. Op. <opus key="opus_0443">122</opus></title>. <pubPlace key="place_0731">Wien</pubPlace>, <publisher key="publ_2605">Mechetti</publisher> 1 Fl.</bibl>
<bibl id="hofm_1838_02_0021_07"><regNumber>4908</regNumber>. <composer key="compo_020435">Leidesdorf (M.J.)</composer> <title>Esilio, Partenza, Ritorno. Fantasia caratteristica p. Pfte à 4 Mani</title>. <pubPlace key="place_0437">Milano</pubPlace>, <publisher key="publ_3241">Ricordi</publisher> 4 Fr.</bibl>
<bibl id="hofm_1838_02_0021_08"><regNumber>4919</regNumber>. <composer key="compo_024806">Nicolai (Gust.)</composer> <title>Bagatellen zu 4 Händen. Op. <opus key="opus_4300">8</opus></title>. <pubPlace key="place_0044">Berlin</pubPlace>, <publisher key="publ_0639">Crantz</publisher> 1 Thlr. 12 Gr.</bibl>
<bibl id="hofm_1838_02_0021_09"><composer key="compo_030415">Schlossbauer (A.)</composer> <title>Kieler-Badehaus-Galoppade f. Pfte. zu 4 Händen</title> (m. Vign.) <pubPlace key="place_0276">Hamburg</pubPlace>, <publisher key="publ_0540">Böhme</publisher> 4 Gr.</bibl>
<bibl id="hofm_1838_02_0021_10"><regNumber>4894</regNumber>. <composer key="compo_033569">Strauss (Joh.)</composer> <title>Bankett-Tänze f. d. Pfte zu 4 Händen. Op. <opus key="opus_4738">99</opus></title>. <pubPlace key="place_0731">Wien</pubPlace>, <publisher key="publ_1506">Haslinger</publisher> 1 Fl. 15 Xr.</bibl>
<album id="hofm_1838_02_0021_11"><title>Stücke (18) von <composer key="compo_002199">Bellini</composer>, <composer key="compo_014430">Herold</composer>, <composer key="compo_022762">Mehul</composer>, <composer key="compo_023884">Mozart</composer> u. A. f. Pfte zu 4 Händen mit stillstehender Hand</title>. <pubPlace key="place_0440">Mannheim</pubPlace>, <publisher key="publ_1534">Heckel</publisher> 1 Fl. 30 Xr.</album>
<bibl id="hofm_1838_02_0021_12"><regNumber>4813</regNumber>. <composer key="compo_034322">Thalberg (S.)</composer> <title>Grande Fantaisie sur les Airs nationaux anglais : God save the Queen et Rule Britannia, arr. p. Pfte à 4 Mains p. G.W. Marks. Oe. <opus key="opus_1932">27</opus></title>. <pubPlace key="place_0438">Mainz</pubPlace>, <publisher key="publ_3563">Schott</publisher> 3 Fl.</bibl>
</div><div id="hofm_1838_02_0021_div09"><head><hofClass key="hofCl_0272">Ouverturen für das Pianoforte zu 4 Händen.</hofClass></head>
<bibl id="hofm_1838_02_0021_13"><composer key="compo_002205">Bellini (V.)</composer> <title>Ouverture de l’Opéra : Il Pirata p. Pfte à 4 Mains</title>. <pubPlace key="place_0276">Hamburg</pubPlace>, <publisher key="publ_0540">Böhme</publisher> 10 Gr.</bibl>
<bibl id="hofm_1838_02_0021_14"><composer key="compo_011400">Gluck</composer>, <title>Ouverture aus der Oper: Armide, f. Pfte zu 4 Händen, gesetzt von C. Klage</title>. <pubPlace key="place_0044">Berlin</pubPlace>, <publisher key="publ_2028">Klage</publisher> 8 Gr.</bibl>
</div><div id="hofm_1838_02_0021_div10"><head><hofClass key="hofCl_0166">Musik für das Pianoforte allein.</hofClass></head>
<bibl id="hofm_1838_02_0021_15"><regNumber>4929</regNumber>. <composer key="compo_000018">Abel (C.)</composer> <title>Introduction und Rondo f. Pfte (in <key>G</key>.)</title> <pubPlace key="place_0438">Mainz</pubPlace>, <publisher key="publ_3563">Schott</publisher> 48 Xr.</bibl>
<album id="hofm_1838_02_0021_16"><title>Album du Pianiste. Compositions inédites, modernes et brillantes par <composer key="compo_002444">Berger</composer>, <composer key="compo_005613">Chopin</composer>, <composer key="compo_006098">Cramer</composer>, <composer key="compo_014250">Henselt</composer>, <composer key="compo_014555">Jac. Herz</composer>, <composer key="compo_016821">Kalkbrenner</composer>, <composer key="compo_022903">Mendelssohn-Bartholdy</composer>, <composer key="compo_023827">Moscheles</composer>, <composer key="compo_027979">Reissiger</composer>, <composer key="compo_034164">Taubert</composer>. Mit Fac Similes verschiedener Componisten</title>. <pubPlace key="place_0044">Berlin</pubPlace>, <publisher key="publ_3471">Schlesinger</publisher> n. 3 Thlr. 18 Gr.</album>
<bibl id="hofm_1838_02_0021_17"><regNumber>4941</regNumber>. <composer key="compo_001541">Baroni-Cavalcabo (Julie)</composer> <title>3ième Caprice p. Pfte. Oe. <opus key="opus_1165">18</opus></title>. <pubPlace key="place_0731">Wien</pubPlace>, <publisher key="publ_2605">Mechetti</publisher> 1 Fl. 15 Xr.</bibl>
<bibl id="hofm_1838_02_0021_18"><composer key="compo_002077">Beethoven (L. v.)</composer> <title>Sonata quasi una Fantasia p. Pfte. Oe. <opus key="opus_2577">37. No. 1</opus>, in <key>Es</key>. Métronomisée p. J. Moscheles</title>. <pubPlace key="place_0276">Hamburg</pubPlace>, <publisher key="publ_0640">Cranz</publisher> 16 Gr.</bibl>
<pb n="22"/>
<bibl id="hofm_1838_02_0022_01"><composer key="compo_005614">Chopin (Fréd.)</composer> <title>Impromptu p. Pfte. Oe. <opus key="opus_2066">29</opus>, in <key>As</key></title>. <pubPlace key="place_0392">Leipzig</pubPlace>, <publisher key="publ_0437">Br. et Härtel</publisher> 12 Gr.</bibl>
<bibl id="hofm_1838_02_0022_02">– <title>Quatre Mazurkas p. Pfte. Oe. <opus key="opus_2131">30</opus></title>. Ebend. 20 Gr.</bibl>
<bibl id="hofm_1838_02_0022_03">– <title>Scherzo p. Pfte. Oe. <opus key="opus_2187">31</opus>, in <key>Bm</key></title>. Ebend. 1 Thlr. 4 Gr.</bibl>
<wip id="hofm_1838_02_0022_04"><regNumber>4910</regNumber>. <composer key="compo_005991">Coppola (P.A.)</composer> <title>La bella Celeste degli Spadari. Melodramma comico <format>rid. p. Pfte</format></title>. <title>Coro di Lavoranti</title> 1 Fr. <title>Largo e Stretta del Finale 1mo</title> 2 Fr. <pubPlace key="place_0437">Milano</pubPlace>, <publisher key="publ_3241">Ricordi</publisher>.</wip>
<bibl id="hofm_1838_02_0022_05"><regNumber>4914</regNumber>. <composer key="compo_006044">Corticelli (G.)</composer> <title>Il Sogno dell’ Esule. Fantasia romantica p. Pfte. Op. <opus key="opus_3529">59</opus></title>. Ebend. 4 Fr.</bibl>
<bibl id="hofm_1838_02_0022_06"><regNumber>4951</regNumber>. <composer key="compo_006111">Cramer (J.B.)</composer> <title>All’ Amica lontana. Adagio et Rondeau p. Pfte. Oe. <opus key="opus_4542">89</opus>, in <key>As</key></title>. <pubPlace key="place_0731">Wien</pubPlace>, <publisher key="publ_0106">Artaria et Co</publisher>. 1 Fl.</bibl>
<wip id="hofm_1838_02_0022_07"><regNumber>4776</regNumber>. <composer key="compo_006306">Czerny (C.)</composer> <title><series>Musikalische Theater-Bibliothek für die Jugend</series>. Kleine Potpourris nach beliebten Motiven aus den neuesten Opern f. Pfte. Op. <opus key="opus_3048">463</opus></title>. <title>Heft 25–27, 1stes–3tes Potpourri nach beliebten Motiven aus der Donizetti’schen Oper: Lucia di Lammermoor</title>. <pubPlace key="place_0731">Wien</pubPlace>, <publisher key="publ_1506">Haslinger</publisher> à 30 Xr.</wip>
<bibl id="hofm_1838_02_0022_08"><regNumber>4934</regNumber>. – <title>2 Rondino’s brillants et non difficiles sur des Motifs de l’Opéra : L’Ambassadrice d’Auber p. Pfte. Oe. <opus key="opus_3051">464. No. 1, 2</opus></title>. <pubPlace key="place_0438">Mainz</pubPlace>, <publisher key="publ_3563">Schott</publisher> à 1 Fl. 12 Xr.</bibl>
<bibl id="hofm_1838_02_0022_09"><regNumber>1569</regNumber>. <composer key="compo_007199">Donizetti (G.)</composer> <title>Lucia di Lammermoor. Dramma tragico. <format>Riduzione p. Pfte solo</format></title>. <pubPlace key="place_0437">Milano</pubPlace>, <publisher key="publ_3241">Ricordi</publisher> 18 Fr.</bibl>
<bibl id="hofm_1838_02_0022_10"><composer key="compo_007573">Dussek (J.L.)</composer> <title>La Consolation. Andante p. Pfte. Op. <opus key="opus_3701">62</opus></title>. <pubPlace key="place_0044">Berlin</pubPlace>, <publisher key="publ_0589">Challier et Co</publisher>. 10 Gr.</bibl>
<wip id="hofm_1838_02_0022_11"><composer key="compo_019067">Kuhlau (F.)</composer> <title>3 Sonates faciles et brillantes p. Pfte. Oe. <opus key="opus_3529">59</opus>. <edition>Nouv. Edit</edition></title>. <title>No. 1</title>. 10 Gr. <title>No. 2, 3</title>, à 12 Gr. <pubPlace key="place_0276">Hamburg</pubPlace>, <publisher key="publ_0640">Cranz</publisher>.</wip>
<wip id="hofm_1838_02_0022_12"><regNumber>4945</regNumber>. <composer key="compo_020435">Leidesdorf (M.J.)</composer> <title>Tutti frutti. Divertissement p. Pfte</title>. <title>Cah. 1, 2</title>. <pubPlace key="place_0731">Wien</pubPlace>, <publisher key="publ_2605">Mechetti</publisher> à 45 Xr.</wip>
<bibl id="hofm_1838_02_0022_13"><composer key="compo_020558">Leo (D.T.)</composer> <title>6 leichte Handstücke mit Fingersetzung aus Auber’s Oper: Lestocq f. Pfte</title>. <pubPlace key="place_0044">Berlin</pubPlace>, <publisher key="publ_0589">Challier u. Co</publisher>. 10 Gr.</bibl>
<bibl id="hofm_1838_02_0022_14"><composer key="compo_020817">Lickl (F.C.)</composer> <title>Rapsodia p. Pfte. Op. <opus key="opus_2737">4</opus>, in <key>A</key></title>. <pubPlace key="place_0437">Milano</pubPlace>, <publisher key="publ_3241">Ricordi</publisher> 5 Fr. 50 Ct.</bibl>
<bibl id="hofm_1838_02_0022_15"><regNumber>4921</regNumber>. <composer key="compo_021137">Liszt (F.)</composer> <title>Reminiscences des Huguenots. Grande Fantaisie dramatique p. Pfte. Oe. <opus key="opus_0234">11</opus></title>. <pubPlace key="place_0392">Leipzig</pubPlace>, <publisher key="publ_1746">Hofmeister</publisher> 1 Thlr. 8 Gr.</bibl>
<bibl id="hofm_1838_02_0022_16"><composer key="compo_022385">Marxsen (Ed.)</composer> <title>Elegie den Manen J.N. Hummel’s geweiht f. Pfte. Op. <opus key="opus_1584">22</opus></title>. <pubPlace key="place_0276">Hamburg</pubPlace>, <publisher key="publ_0540">Böhme</publisher> 6 Gr.</bibl>
<bibl id="hofm_1838_02_0022_17"><title>Potpourri d’après des Thèmes de l’Opéra : Beatrice di Tenda p. Pfte</title>. Ebend. 12 Gr.</bibl>
<bibl id="hofm_1838_02_0022_18">– <title>aus der Oper: Die Gesandtin von Auber f. Pfte</title>. <pubPlace key="place_0044">Berlin</pubPlace>, <publisher key="publ_0588">Challier</publisher> 12 Gr.</bibl>
<bibl id="hofm_1838_02_0022_19">– <title>sur des Thèmes favoris de l’Opéra : Le Postillon de Lonjumeau p. Pfte</title>. <pubPlace key="place_0276">Hamburg</pubPlace>, <publisher key="publ_0540">Böhme</publisher> 14 Gr.</bibl>
<bibl id="hofm_1838_02_0022_20"><regNumber>4896</regNumber>. <composer key="compo_029119">Ruckgaber (J.)</composer> <title>Fantaisie ou Potpourri sur des Motifs de l’Opéra : Le Postillon de Lonjumeau d’Adam. p. Pfte. Oe. <opus key="opus_2630">38</opus></title>. <pubPlace key="place_0731">Wien</pubPlace>, <publisher key="publ_1506">Haslinger</publisher> 1 Fl. 15 Xr.</bibl>
<bibl id="hofm_1838_02_0022_21"><composer key="compo_030657">Schmitt (Jacq.)</composer> <title>Fantaisie sur des Motifs de l’Opéra : Les Huguenots de Meyerbeer p. Pfte. Oe. <opus key="opus_1949">270</opus></title>. <pubPlace key="place_0276">Hamburg</pubPlace>, <publisher key="publ_0540">Böhme</publisher> 12 Gr.</bibl>
<bibl id="hofm_1838_02_0022_22">– <title>Etudes mélodiques et caractéristiques p. Pfte. Oe. <opus key="opus_1973">275</opus>. Liv. 3</title>. Ebend. 16 Gr.</bibl>
<bibl id="hofm_1838_02_0022_23"><regNumber>4878</regNumber>. <composer key="compo_031364">Schunke (Ch.)</composer> <title>3 Morceaux brillants et d’une Forme progressive sur des Motifs favoris des Huguenots de Meyerbeer p. Pfte. Oe. <opus key="opus_3244">51</opus>. Liv. 3</title>. <pubPlace key="place_0438">Mainz</pubPlace>, <publisher key="publ_3563">Schott</publisher> 1 Fl. 21 Xr.</bibl>
<bibl id="hofm_1838_02_0022_24"><regNumber>4937</regNumber>. <composer key="compo_032683">Spamer (L.)</composer> <title>Souvenir d’Actéon. Fantaisie sur les plus jolis Motifs de cet Opéra p. Pfte. Oe. <opus key="opus_0927">16</opus></title>. Ebend. 1 Fl.</bibl>
<pb n="23"/>
<wip id="hofm_1838_02_0023_01"><regNumber>3187</regNumber>. <composer key="compo_034169">Taubert (Guill.)</composer> <title>Miniatures. Cah. 3. 4 cont. 6 Airs nationaux variés. Oe. <opus key="opus_2576">37</opus></title>. <title>Cah. 3, Air français, russe et suédois</title>. <title>Cah. 4, Air écossais, polonais et espagnol</title>. <pubPlace key="place_0044">Berlin</pubPlace>, <publisher key="publ_4370">Westphal</publisher> à 42 Gr.</wip>
</div><div id="hofm_1838_02_0023_div11"><head><hofClass key="hofCl_0292">Variationen für das Pianoforte.</hofClass></head>
<bibl id="hofm_1838_02_0023_02"><composer key="compo_004745">Burkhardt (S.)</composer> <title>Cavatine de l’Opéra : Robert le Diable de Meyerbeer variée p. Pfte. Oe. <opus key="opus_0806">15</opus></title>. <pubPlace key="place_0276">Hamburg</pubPlace>, <publisher key="publ_3607">Schuberth u. N</publisher>. 12 Gr.</bibl>
<bibl id="hofm_1838_02_0023_03"><regNumber>4950</regNumber>. <composer key="compo_006111">Cramer (J.B.)</composer> <title>Le Retour à Vienne. Grandes Variations brillantes p. Pfte. Oe. <opus key="opus_4460">85</opus>, in <key>D</key></title>. <pubPlace key="place_0731">Wien</pubPlace>, <publisher key="publ_0106">Artaria et Co</publisher>. 1 Fl. 30 Xr.</bibl>
<bibl id="hofm_1838_02_0023_04"><regNumber>770</regNumber>. <composer key="compo_006306">Czerny (C.)</composer> <title>Charmant-Variationen über den beliebten Charmant-Walzer von Joh. Strauss f. Pfte. Op. <opus key="opus_1791">249</opus>. <edition>2te Aufl</edition></title>. <pubPlace key="place_0731">Wien</pubPlace>, <publisher key="publ_1506">Haslinger</publisher> 1 Fl.</bibl>
<bibl id="hofm_1838_02_0023_05"><regNumber>4935</regNumber>. – <title>Fantaisie et Variations sur l’Air favori : Ah croyez à mon ardeur, de l’Opéra : Le Postillon de Lonjumeau d’Adam p. Pfte. Oe. <opus key="opus_3049">464</opus></title>. <pubPlace key="place_0438">Mainz</pubPlace>, <publisher key="publ_3563">Schott</publisher> 1 Fl. 30 Xr.</bibl>
<bibl id="hofm_1838_02_0023_06"><composer key="compo_010403">Füller (G.)</composer> <title>Variationen über das Thema: Schöne Minka, f. Pfte. Op. <opus key="opus_3565">6</opus></title>. <pubPlace key="place_0044">Berlin</pubPlace>, <publisher key="publ_0589">Challier u. Co</publisher>. 10 Gr.</bibl>
<bibl id="hofm_1838_02_0023_07"><composer key="compo_014550">Herz (H.)</composer> <title>Variations brillantes sur le Choeur fav. de l’Opéra : Il Crociato in Egitto p. Pfte. Op. <opus key="opus_1661">23</opus></title>. Ebend. 16 Gr.</bibl>
<bibl id="hofm_1838_02_0023_08"><composer key="compo_016826">Kalkbrenner (Fréd.)</composer> <title>Grande Fantaisie et Variations brillantes sur un Choeur de la Norma de Bellini p. Pfte. Oe. <opus key="opus_0706">140</opus>, in <key>G</key></title>. <pubPlace key="place_0392">Leipzig</pubPlace>. <publisher key="publ_0437">Br. et Härtel</publisher> 1 Thlr.</bibl>
<bibl id="hofm_1838_02_0023_09"><composer key="compo_017214">Kelz (J.F.)</composer> <title>Leichte Veränderungen über das beliebte Postillonslied aus Adam’s Oper: Der Postillon von Lonjumeau f. Pfte. Op. <opus key="opus_1344">199</opus></title>. <pubPlace key="place_0044">Berlin</pubPlace>, <publisher key="publ_0639">Crantz</publisher> 8 Gr.</bibl>
<bibl id="hofm_1838_02_0023_10"><regNumber>4936</regNumber>. <composer key="compo_025439">Osborne</composer> et de <composer key="compo_004899">Beriot</composer>, <title>Variations de Concert sur un Motif de l’Opéra : L’Ambassadrice p. Pfte et Violon (in <key>A</key>.)</title> <pubPlace key="place_0438">Mainz</pubPlace>, <publisher key="publ_3563">Schott</publisher> 2 Fl. 24 Xr.</bibl>
<bibl id="hofm_1838_02_0023_11"><regNumber>4903</regNumber>. <composer key="compo_034701">Tonassi (P.)</composer> <title>Variazioni concertanti sopra un tema originale p. Pfte e Violino (in <key>A</key>.)</title> <pubPlace key="place_0437">Milano</pubPlace>, <publisher key="publ_3241">Ricordi</publisher> 4 Fr.</bibl>
</div><div id="hofm_1838_02_0023_div12"><head><hofClass key="hofCl_0273">Ouverturen für das Pianoforte.</hofClass></head>
<bibl id="hofm_1838_02_0023_12"><composer key="compo_011411">Gläser (Fr.)</composer> <title>Ouverture aus der Oper: Der Rattenfänger von Hameln f. Pfte</title>. <pubPlace key="place_0044">Berlin</pubPlace>, <publisher key="publ_4067">Trautwein</publisher> 10 Gr.</bibl>
<bibl id="hofm_1838_02_0023_13"><composer key="compo_029260">Rustici (Gius.)</composer> <title>Ouverture nell’ Opera: Maria di Provenza p. Pfte</title>. <pubPlace key="place_0437">Milano</pubPlace>, <publisher key="publ_3241">Ricordi</publisher> 2 Fr. 50 Ct.</bibl>
</div><div id="hofm_1838_02_0023_div13"><head><hofClass key="hofCl_0288">Tänze für das Pianoforte.</hofClass></head>
<bibl id="hofm_1838_02_0023_14"><composer key="compo_001075">Auber</composer>, <title>Känguruh-Ländler aus der Oper: Die Gesandtin f. Pfte</title>. <pubPlace key="place_0044">Berlin</pubPlace>, <publisher key="publ_0589">Challier u. Co</publisher>. 2 Gr.</bibl>
<bibl id="hofm_1838_02_0023_15"><composer key="compo_004435">Brunner (C.T.)</composer> <title>3 schottische Walzer</title>. (Neueste Sammlung beliebter und tanzbarer schottischer Walzer f. Pfte. Heft 1.) <pubPlace key="place_0392">Leipzig</pubPlace>, <publisher key="publ_2039">Klemm</publisher> 4 Gr.</bibl>
<bibl id="hofm_1838_02_0023_16"><composer key="compo_004645">Bunke (F.E.)</composer> <title>24 neue Breslauer Lieblings-Tänze f. 1838 f. Pfte. (5 Galopps, 4 Recdowa, 4 Walzer, 3 Schottisch, 3 Ländler, 1 Mazurka, 1 Française, 2 Tempète, 1 Eccossaise à la Figaro, 1 Kegel-Quadrille.)</title> <pubPlace key="place_0082">Breslau</pubPlace>, <publisher key="publ_0640">Cranz</publisher> 12 Gr.</bibl>
<bibl id="hofm_1838_02_0023_17"><regNumber>4899</regNumber>. <composer key="compo_008808">Fahrbach (Ph.)</composer> <title>Galopp nach beliebten Motiven aus der Oper: Der Postillon von Lonjumeau f. Pfte. Op. <opus key="opus_1731">24</opus></title> (<series>Lieblings-Galoppen No. 60</series>.) <pubPlace key="place_0731">Wien</pubPlace>, <publisher key="publ_1506">Haslinger</publisher> 10 Xr.</bibl>
<pb n="24"/>
<bibl id="hofm_1838_02_0024_01"><regNumber>4899</regNumber>. <composer key="compo_008808">Fahrbach (Ph.)</composer> <title>Erinnerung an Fanny Elssler. Walzer f. Pfte. Op. <opus key="opus_1802">25</opus></title>. <pubPlace key="place_0731">Wien</pubPlace>, <publisher key="publ_1506">Haslinger</publisher> 45 Xr.</bibl>
<wip id="hofm_1838_02_0024_02"><series>Favorit-Tänze (neue Hamburger) f. Pfte</series>. <title>No. 164, Grosser Galopp aus der Oper: Der Postillon von Lonjumeau</title>. <title>No. 165, Canthal, Galopp aus der Oper: Anna Bolena von Donizetti</title>. <pubPlace key="place_0276">Hamburg</pubPlace>, <publisher key="publ_0540">Böhme</publisher> à 4 Gr.</wip>
<wip id="hofm_1838_02_0024_03"><composer key="compo_009531">Florestan</composer> und <composer key="compo_008683">Eusebius</composer>, <title>Davidsbündlertänze f. Pfte. Op. <opus key="opus_3565">6</opus></title>. <title>Heft 1. 2</title>. <pubPlace key="place_0392">Leipzig</pubPlace>, <publisher key="publ_1118">Friese</publisher> à n. 16 Gr.</wip>
<bibl id="hofm_1838_02_0024_04"><composer key="compo_011576">Golde (H.J.)</composer> <title>2 Tänze (Ressourse-Jubel-Galopp. Schottischer Walzer) f. Pfte</title>. 20ste Samml. <pubPlace key="place_0181">Erfurt</pubPlace>, <publisher key="publ_2681">Meyer</publisher> 4 Gr.</bibl>
<bibl id="hofm_1838_02_0024_05"><title>Gruss und Handschlag oder <composer key="compo_020014">Jos. Lanner</composer>, <composer key="compo_033569">Joh. Strauss</composer> und <composer key="compo_038177">S.A. Zimmermann</composer>. Walzer f. Pfte. No. 2</title>. <pubPlace key="place_0440">Mannheim</pubPlace>, <publisher key="publ_1534">Heckel</publisher> 54 Xr.</bibl>
<bibl id="hofm_1838_02_0024_06"><regNumber>4926</regNumber>. <composer key="compo_015707">Hänsel (Aug.)</composer> <title>Casino- und Gesellschafts-Tänze f. 1838 (2 Walzer, 5 Galoppen und 2 Schottische) f. Pfte. 9ter Jahrg. Op. <opus key="opus_2996">45</opus></title>. <pubPlace key="place_0147">Dresden</pubPlace>, <publisher key="publ_2661">Meser</publisher> 12 Gr.</bibl>
<wip id="hofm_1838_02_0024_07"><composer key="compo_013609">Hauschild (J.G.)</composer> <title>Eisenbahn-Tänze f. Pfte</title>. <title>No. 2, Der Blitz, schottischer Walzer</title>. <title>No. 3, Der Renner, schottischer Walzer</title> à 8 Gr. <title>No. 4, Die Windsbraut, Galoppe</title> 6 Gr. <pubPlace key="place_0392">Leipzig</pubPlace>, <publisher key="publ_3599">Schubert</publisher>.</wip>
<bibl id="hofm_1838_02_0024_08"><regNumber>4943</regNumber>. <composer key="compo_019654">Labitzky (Jos.)</composer> <title>Aurora-Walzer f. Pfte. Op. <opus key="opus_2403">34</opus></title>. <pubPlace key="place_0554">Prag</pubPlace>, <publisher key="publ_0282">Berra</publisher> 45 Xr.</bibl>
<listBibl><bibl id="hofm_1838_02_0024_09">– <title>Tourbillon-Galopp f. Pfte. Op. <opus key="opus_2458">35</opus></title>. Ebend. 10 Xr.</bibl>
<bibl id="hofm_1838_02_0024_10">– <title>Berliner-Galopp f. Pfte. Op. <opus key="opus_2509">36</opus></title>. Ebend. 10 Xr. (<series>Prager Lieblings-Galoppen No. 54. 55</series>.)</bibl>
</listBibl><bibl id="hofm_1838_02_0024_11"><regNumber>4915</regNumber>. <composer key="compo_020014">Lanner (Jos.)</composer> <title>Viertes Panorama der beliebtesten Galoppen, enth. drei Galoppen nach den beliebtesten Motiven der Oper: Der Postillon von Lonjumeau von Adam f. Pfte. Op. <opus key="opus_0443">122</opus></title>. <pubPlace key="place_0731">Wien</pubPlace>, <publisher key="publ_2605">Mechetti</publisher> 45 Xr.</bibl>
<bibl id="hofm_1838_02_0024_12"><title><series>Lieblings-Tänze (neueste Berliner) f. Pfte</series>. Heft 44, Thiele, Tänze a. d. Gesandtin u. a. d. Postillon von Lonjumeau</title>. <pubPlace key="place_0044">Berlin</pubPlace>, <publisher key="publ_3471">Schlesinger</publisher> 12 Gr.</bibl>
<bibl id="hofm_1838_02_0024_13"><composer key="compo_021177">Lochau (C.)</composer> <title>Zephir-Walzer f. Pfte</title>. <pubPlace key="place_0044">Berlin</pubPlace>, <publisher key="publ_0589">Challier u. Co</publisher>. 4 Gr.</bibl>
<bibl id="hofm_1838_02_0024_14"><regNumber>4028</regNumber>. <composer key="compo_021387">Lubomirski (Le Prince Casimir)</composer> <title>Galop sur des Motifs de l’Opéra : Le Postillon de Lonjumeau p. Pfte</title>. <pubPlace key="place_0147">Dresden</pubPlace>, <publisher key="publ_2661">Meser</publisher> 4 Gr.</bibl>
<bibl id="hofm_1838_02_0024_15"><composer key="compo_023478">Mirisch (J.)</composer> <title>Mathilden-Galopp f. Pfte. No. 43</title>. <pubPlace key="place_0082">Breslau</pubPlace>, <publisher key="publ_0640">Cranz</publisher> 2 Gr.</bibl>
<bibl id="hofm_1838_02_0024_16"><composer key="compo_023954">Musard</composer>, <title>Quadrille de Contredanses de l’Opéra : Le Postillon de Lonjumeau d’Adam p. Pfte</title>. <pubPlace key="place_0276">Hamburg</pubPlace>, <publisher key="publ_0540">Böhme</publisher> 6 Gr.</bibl>
<bibl id="hofm_1838_02_0024_17"><composer key="compo_025682">Panizza (Giac.)</composer> <title>Ballabille nell’ Ballo: Ettore Fieramosca <format>rid. p. Pfte</format></title>. <pubPlace key="place_0437">Milano</pubPlace>, <publisher key="publ_3241">Ricordi</publisher> 2 Fr. 50 Ct.</bibl>
<bibl id="hofm_1838_02_0024_18"><regNumber>4938</regNumber>. <composer key="compo_032683">Spamer (L.)</composer> <title>Die Gemüthlichen. Walzer mit Introduction und Coda f. Pfte. Op. <opus key="opus_1165">18</opus></title>. <pubPlace key="place_0438">Mainz</pubPlace>, <publisher key="publ_3563">Schott</publisher> 48 Xr.</bibl>
<bibl id="hofm_1838_02_0024_19"><regNumber>4894</regNumber>. <composer key="compo_033569">Strauss (Joh.)</composer> <title>Bankett-Tänze f. Pfte. Op. <opus key="opus_4738">99</opus></title>. <pubPlace key="place_0731">Wien</pubPlace>, <publisher key="publ_1506">Haslinger</publisher> 45 Xr.</bibl>
<bibl id="hofm_1838_02_0024_20"><composer key="compo_034262">Tengnagel (Fabr. v.)</composer> <title>Tänze nach Motiven aus der Oper: Die Botschafterin von Auber f. Pfte</title>. <pubPlace key="place_0044">Berlin</pubPlace>, <publisher key="publ_4067">Trautwein</publisher> 4 Gr.</bibl>
<bibl id="hofm_1838_02_0024_21">– <title>Tänze nach Motiven aus der Oper: Der Liebestrank von Donizetti f. Pfte</title>. Ebend. 4 Gr.</bibl>
<bibl id="hofm_1838_02_0024_22">– <title>Tänze nach Motiven aus den Opern: Der Liebestrank und der Postillon von Lonjumeau f. Pfte</title>. Ebend. 4 Gr.</bibl>
<pb n="25"/>
<bibl id="hofm_1838_02_0025_01"><composer key="compo_035904">Wagner (P.)</composer> <title>12 neue Breslauer Lieblings-Tänze f. 1838 f. Pfte. Op. <opus key="opus_0392">12</opus> (1 Walzer, 3 Länder, 3 Galopps, 2 Schottisch, 2 Recdowa und 1 Mazurka.)</title> <pubPlace key="place_0082">Breslau</pubPlace>, <publisher key="publ_0640">Cranz</publisher> 8 Gr.</bibl>
<bibl id="hofm_1838_02_0025_02">– <title>Jenny-Galopp f. Pfte. No. 42</title>. Ebend. 2 Gr.</bibl>
</div><div id="hofm_1838_02_0025_div14"><head><hofClass key="hofCl_0250">Märsche für das Pianoforte.</hofClass></head>
<listBibl><bibl id="hofm_1838_02_0025_03"><composer key="compo_015707">Hänsel (Aug.)</composer> <title><series>Dresdner Favorit-Marsch f. Pfte. No. 8</series></title>. <pubPlace key="place_0147">Dresden</pubPlace>, <publisher key="publ_2661">Meser</publisher> 2 Gr.</bibl>
<wip id="hofm_1838_02_0025_04">– Idem <series>No. 9. 10</series>, (<title>Ghelia-Marsch</title> – <title>Marsch über ein Thema aus dem alten Feldherrn</title>.) Ebend. 4 Gr.</wip>
</listBibl></div><div id="hofm_1838_02_0025_div15"><head><hofClass key="hofCl_0225">Musik für die Orgel.</hofClass></head>
<bibl id="hofm_1838_02_0025_05"><composer key="compo_001234">Bach (Joh.Seb.)</composer> <title>Grosse Fuge f. Orgel oder Pfte (in <key>Dm</key>.)</title> <pubPlace key="place_0044">Berlin</pubPlace>, <publisher key="publ_4067">Trautwein</publisher> 8 Gr.</bibl>
<bibl id="hofm_1838_02_0025_06">– <title>Toccata f. Orgel oder Pfte (in <key>Fism</key>.)</title> Ebend. 12 Gr.</bibl>
<bibl id="hofm_1838_02_0025_07"><composer key="compo_027686">Redecker (A.A.H.)</composer> <title>Fantasie und Fuge, Vorspiel, Choralvorspiel und sechsstimmiger Choral f. Orgel</title>. <pubPlace key="place_0276">Hamburg</pubPlace>, <publisher key="publ_0540">Böhme</publisher> 8 Gr.</bibl>
</div><div id="hofm_1838_02_0025_div16"><head><hofClass key="hofCl_0210">Musik für die Harfe.</hofClass></head>
<bibl id="hofm_1838_02_0025_08"><regNumber>4952</regNumber>. <composer key="compo_025767">Alvars (Parish)</composer> <title>Souvenir de Milan. Grande Fantaisie p. Harpe. Oe. <opus key="opus_2187">31</opus></title>. <pubPlace key="place_0731">Wien</pubPlace>, <publisher key="publ_0106">Artaria et Co</publisher>. 1 Fl. 30 Xr.</bibl>
<bibl id="hofm_1838_02_0025_09"><regNumber>4952</regNumber>. – <title>Introduction et Variations sur un Thème de V. Bellini p. Harpe. Oe. <opus key="opus_2268">32</opus></title>. Ebend. 45 Xr.</bibl>
<bibl id="hofm_1838_02_0025_10"><composer key="compo_003424">Bochsa (N.C.)</composer> <title>Rondo alla Barcarola sopra un Aria favorita nell’ Opera: Il Bravo <format>rid. p. Arpa</format></title>. <pubPlace key="place_0437">Milano</pubPlace>, <publisher key="publ_3241">Ricordi</publisher> 1 Fr. 75 Ct.</bibl>
<bibl id="hofm_1838_02_0025_11">– <title>Il faut chercher à plaire à tous ! Marche favorite de l’Opéra : I Capuleti e i Montecchi arr. p. Harpe</title>. Ebend. 1 Fr. 50 Ct.</bibl>
<bibl id="hofm_1838_02_0025_12">– <title>L’amo ah! l’amo! Aria nell’ Opéra: I Puritani <format>rid. p. Arpa e Pfte arr. Acc. de Flauto e Vcllo ad lib</format></title>. Ebend. 2 Fr. 50 Ct.</bibl>
<bibl id="hofm_1838_02_0025_13"><regNumber>4911</regNumber>. <composer key="compo_022190">Marcucci (F.)</composer> <title>Fantasia sopra diversi Motivi dell’ Opéra: Lucrezia Borgia del Mo. Donizetti per Arpa</title>. Ebend. 5 Fr.</bibl>
<bibl id="hofm_1838_02_0025_14"><composer key="compo_024421">Natalucci (Tib.)</composer> <title>Coro d'Introduzione nell’ Opéra: Beatrice di Tenda de Bellini <format>rid. p. Arpa</format> con Flauto ad lib</title>. Ebend. 2 Fr. 25 Ct.</bibl>
<bibl id="hofm_1838_02_0025_15">– <title>Gran Quintetto nell’ Opéra: Beatrice di Tenda <format>rid. p. Arpa e Pfte con Flauto e Vcllo ad lib</format></title>. Ebend. 6 Fr. 50 Ct.</bibl>
<bibl id="hofm_1838_02_0025_16">– <title>Variations sur un Thème de l’Opéra : Lucia di Lammermoor de Donizetti p. Harpe</title>. Ebend. 2 Fr. 50 Ct.</bibl>
<bibl id="hofm_1838_02_0025_17">– <title>Or che in Ciel alta è la Notte. Barcarola nell’ Opéra: Marino Falliero <format>rid. p. Arpa</format></title>. Ebend. 1 Fr. 75 Ct.</bibl>
<bibl id="hofm_1838_02_0025_18">– <title>Cavatine (Ah per sempre io ti perdei) de l’Opéra: I Puritani arr. p. Harpe</title>. Ebend. 2 Fr. 75 ct.</bibl>
</div><div id="hofm_1838_02_0025_div17"><head><hofClass key="hofCl_0068">Kirchenmusik.</hofClass></head>
<bibl id="hofm_1838_02_0025_19"><composer key="compo_005570">Cherubini (L.)</composer> <title>2ième Messe de Requiem p. Voix d’hommes (2 Tenori et 2 Bassi) av. Acc. à grand Orchestre ou Pfte. <format>Partitur</format></title>. <pubPlace key="place_0537">Paris</pubPlace>, <publisher key="publ_0133">Auteur</publisher> 60 Fr.</bibl>
<pb n="26"/>
<bibl id="hofm_1838_02_0026_01"><composer key="compo_013697">Haydn (Jos.)</composer> <title>Die Schöpfung. Grosses Oratorium. <format>Chorstimmen</format></title>. <pubPlace key="place_0731">Wien</pubPlace>, <publisher key="publ_1506">Haslinger</publisher> 3 Fl. (Diese Chorstimmen sind auch einzeln zu haben.)</bibl>
<bibl id="hofm_1838_02_0026_02"><composer key="compo_022349">Martini (Giambat)</composer> <title>Messe f. 2 Tenöre u. Bass, herausgegeben von F. Commer. <format>Partitur und Stimmen</format></title>. <pubPlace key="place_0044">Berlin</pubPlace>, <publisher key="publ_0639">Crantz</publisher> 2 Thlr.</bibl>
<bibl id="hofm_1838_02_0026_03"><regNumber>4922</regNumber>. <composer key="compo_030173">Schicht (J.G.)</composer> <title>Hingesunken unter Dank und Freude. Hymne f. Männerstimmen (ohne Begleitung) componirt f. d. Pauliner-Sängerverein in Leipzig. <format>Partitur und Stimmen</format></title> (m. Vign.) <pubPlace key="place_0392">Leipzig</pubPlace>, <publisher key="publ_1746">Hofmeister</publisher> 20 Gr.</bibl>
<bibl id="hofm_1838_02_0026_04"><regNumber>4895</regNumber>. <composer key="compo_031122">Schubert (Fr.)</composer> <title>Messe (in <key>B</key>.) f. 4 Singstimmen mit Begleitung des Orchesters. Op. <opus key="opus_0720">141</opus></title>. <pubPlace key="place_0731">Wien</pubPlace>, <publisher key="publ_1506">Haslinger</publisher> 8 Fl.</bibl>
</div><div id="hofm_1838_02_0026_div18"><head><hofClass key="hofCl_0102">Mehrstimmige Gesänge mit und ohne Pianoforte.</hofClass></head>
<bibl id="hofm_1838_02_0026_05"><regNumber>4909</regNumber>. <composer key="compo_007196">Donizetti</composer>, <title>Inno à 4 Voci con Cori con Acc. di Pfte (Questa luce augurata) <format>Partitur</format></title>. <pubPlace key="place_0437">Milano</pubPlace>, <publisher key="publ_3241">Ricordi</publisher> 5 Fr. 50 Ct.</bibl>
<album id="hofm_1838_02_0026_06"><title>Original-Bibliothek des deutschen Männergesanges, herausg. von <composer key="compo_008266">Elster</composer>, 1ster Band. Heft 5. (<composer key="compo_015737">Häser</composer>: Still sie schläft. <composer key="compo_005747">Claudius</composer>: Guckt nicht in Wasserquellen. <composer key="compo_008266">Elster</composer>: Tiefste der Ruhen. <composer key="compo_038339">Zöllner: (A.)</composer> Schönlieschen stand geschmückt zum Tanz. <composer key="compo_005747">Claudius</composer>: Ich bin nicht gern allein. <composer key="compo_000573">Anacker</composer>: Noch immer schmückt ihr meine Flur.)</title> <pubPlace key="place_0615">Schleusingen</pubPlace>, <publisher key="publ_1260">Glaser</publisher> 5 Gr.</album>
<bibl id="hofm_1838_02_0026_07"><regNumber>4918</regNumber>. <composer key="compo_027983">Reissiger (F.A.)</composer> <title>Duettini f. hohen und tiefen Sopran m. Begl. d. Pfte. Op. <opus key="opus_1932">27</opus>. (Die Fenster auf, die Herzen auf – Du blüh’nder Stern, du glänzend Licht – Du lieblicher Stern, du lauchtest so fern.)</title> <pubPlace key="place_0044">Berlin</pubPlace>, <publisher key="publ_0639">Crantz</publisher> 12 Gr.</bibl>
<bibl id="hofm_1838_02_0026_08"><composer key="compo_031572">Schäfer (H.)</composer> <title>6 vierstimmige Lieder f. Männerstimmen. 2tes Heft. <format>Partitur und Stimmen</format>. (Als ich zuerst dich hab’ gesehn – Hat uns nicht Mahomed schändlich betrogen – Was ziehen die Wolken am Himmel dahin – Als Gott der Herr vom Himmel sah – Schlafe wohl, geliebtes Leben – Ich hab’ voll innigem Verlangen.)</title> <pubPlace key="place_0276">Hamburg</pubPlace>, <publisher key="publ_0540">Böhme</publisher> 20 Gr.</bibl>
<bibl id="hofm_1838_02_0026_09"><regNumber>4916</regNumber>. <composer key="compo_031606">Schärtlich (J.C.)</composer> <title>Gesänge der Potsdammer Liedertafel f. 4 Männerstimmen. Heft 1. <format>Partitur und Stimmen</format>. (O Hoffnung dieses Lebens – Von woher des Weges – Ist das ein Tag – Schwebt ihr Töne – Es that vor vierthalb hundert Jahr – Herr Prasser ist ein muntres Haus.)</title> <pubPlace key="place_0044">Berlin</pubPlace>, <publisher key="publ_0639">Crantz</publisher> 1 Thlr.</bibl>
<bibl id="hofm_1838_02_0026_10"><composer key="compo_030576">Schmidt (J.P.)</composer> <title>Sternenhelle Nacht. Lied von Mahlmann f. 4. Männerstimmen. <format>Partitur und Stimmen</format>. (Gottes Pracht am Himmelsbogen.)</title> <pubPlace key="place_0044">Berlin</pubPlace>, <publisher key="publ_4067">Trautwein</publisher> 6 Gr.</bibl>
<bibl id="hofm_1838_02_0026_11"><composer key="compo_030809">Schnell (L.)</composer> <title>3 Trinklieder f. 2 Tenöre u. Bass. (Zu Rom und im Albaner Land – Die Welt scheint zur Freude gemacht – Trinken, warum sollt’ ich’s nicht.)</title> <pubPlace key="place_0044">Berlin</pubPlace>, <publisher key="publ_0588">Challier</publisher> 8 Gr.</bibl>
<bibl id="hofm_1838_02_0026_12"><composer key="compo_031326">Schumacher (C.A. v.)</composer> <title>Erlkönig. Gedicht von Göthe. Wechselgesang mit Chor. (Wer eilet so spät durch Nacht und Wind.) <format>Clavierauszug</format></title>. <pubPlace key="place_0276">Hamburg</pubPlace>, <publisher key="publ_0540">Böhme</publisher> 12 Gr.</bibl>
<bibl id="hofm_1838_02_0026_13"><composer key="compo_033809">Stümer (H.)</composer> <title>6 Gesänge f. 2 Tenor und 2 Bassstimmen. Op. <opus key="opus_1372">2</opus>. <format>Partitur und Stimmen</format>. (Süsse Stille, wenn zum Schlummer – Fischlein, du hast es so gut – Mein Liebchen hat ein schmuck Gesicht – Bist du das Land, wohin mich Sehnsucht zieht –Wenn deine Stern dir verglühen – Es grünet ein Kleeblatt auf sonnigen Auen.)</title> <pubPlace key="place_0044">Berlin</pubPlace>, <publisher key="publ_0639">Crantz</publisher> 1 Thlr.</bibl></div>
<pb n="27"/>
<div id="hofm_1838_02_0027_div19"><head><hofClass key="hofCl_0268">Opernmusik mit Pianofortebegleitung.</hofClass></head>
<bibl id="hofm_1838_02_0027_01"><composer key="compo_002205">Bellini (V.)</composer> <title>Die Unbekannte (La Straniera) Oper in 2 Akten. <format>Vollständiger Clavierauszug</format> mit deutschem und <sic>italieschem</sic> Texte</title>. <pubPlace key="place_0044">Berlin</pubPlace>, <publisher key="publ_3471">Schlesinger</publisher> n. 2 Thlr. 12 Gr.</bibl>
<wip id="hofm_1838_02_0027_02"><composer key="compo_002313">Benedict (Giul.)</composer> <title>Un Anno ed un Giorno</title>. <title>Farsa: Duettino: Vieni o Caro</title> 1 Fr. 50 Ct. <title>Terzetto: Ciel che intesi!</title> 4 Fr. 50 Ct. <pubPlace key="place_0437">Milano</pubPlace>, <publisher key="publ_3241">Ricordi</publisher>.</wip>
<wip id="hofm_1838_02_0027_03"><regNumber>4910</regNumber>. <composer key="compo_005991">Coppola (P.A.)</composer> <title>La bella Celeste degli Spadari. Melodramma comico</title>. <title>Rec. e. Duetto: Eh! non serve</title> 4 Fr. <title>Scena e Duetto: Non ci resta</title> 3 Fr. <title>Scena ed Aria: Ah! tu non sai</title> 2 Fr. 50 Ct. <title>Scena ed Aria: Jo l’amai</title> 3 Fr. Ebend.</wip>
<bibl id="hofm_1838_02_0027_04"><regNumber>3569</regNumber>. <composer key="compo_007199">Donizetti (G.)</composer> <title>Lucia di Lammermoor. Dramma tragico</title>. <pubPlace key="place_0437">Milano</pubPlace>, <publisher key="publ_3241">Ricordi</publisher> 30 Fr.</bibl>
<wip id="hofm_1838_02_0027_05"><composer key="compo_011411">Gläser (Fr.)</composer> <title>Der Rattenfänger von Hameln. Romantisch-komische Oper in 3 Akten von Berger</title>. <title>No. 3, Lied mit Chor: Der weiseste Rathsherr ist manchmal confus</title> 4 Gr. <title>No. 4, Rec. u. Arie: Ihn sollt’ ich meiden</title> 8 Gr. <title>No. 6(a) Romanze: Ich bin der Rattenfänger</title> 4 Gr. <title>No. 8, Lied mit Chor: Es war ein Männlein vidi, vidibum</title> 12 Gr. <title>No. 9, Lied: Es schützt vor der Schelle weder Würde noch Amt</title> 4 Gr. <title>No. 10, Rec. u. Arie: Dich soll ich sehn</title>, 8 Gr. <pubPlace key="place_0044">Berlin</pubPlace>, <publisher key="publ_4067">Trautwein</publisher>.</wip>
<bibl id="hofm_1838_02_0027_06"><composer key="compo_011400">Gluck</composer>, <title>Iphigenie in Tauris. Oper. <format>Vollständiger Clavierauszug</format> mit deutschem und französischem Texte v. F. Brisller. 2te. Lief</title>. <pubPlace key="place_0044">Berlin</pubPlace>, <publisher key="publ_0589">Challier u. Co</publisher>. 1 Thlr. 6 Gr.</bibl>
<bibl id="hofm_1838_02_0027_07"><composer key="compo_011850">Granara (A.)</composer> <title>Un ’Avventura teatrale. Melodramma giocoso. Rec. e Terzetto: Lascia che al sen ti stringa</title>. <pubPlace key="place_0437">Milano</pubPlace>, <publisher key="publ_3241">Ricordi</publisher> 5 Fr.</bibl>
<bibl id="hofm_1838_02_0027_08"><composer key="compo_011898">Graun (C.H.)</composer> <title>Aria (Mi paventi il Figlio indegno) nell’ Opera: Britannico coll Acc. di Pfte d. L. Hellwig</title>. <pubPlace key="place_0044">Berlin</pubPlace>, <publisher key="publ_4067">Trautwein</publisher> 10 Gr.</bibl>
<bibl id="hofm_1838_02_0027_09"><composer key="compo_013059">Halevy</composer>, <title>Romanze (No. 11) aus der Oper der Blitz, arr. in <key>C</key>. (Als dunkle Nacht mit ihrem Schleier – Quand de la Nuit.)</title> <pubPlace key="place_0044">Berlin</pubPlace>, <publisher key="publ_3471">Schlesinger</publisher> 6 Gr.</bibl>
<bibl id="hofm_1838_02_0027_10"><regNumber>4946</regNumber>. <composer key="compo_022297">Marschner (H.)</composer> <title>Das Scholl am Aetna. Grosse romantische Oper in 3 Akten von A. Klingemann. <format>Vollständiger Clavierauszug</format> vom Componisten. Op. <opus key="opus_4671">95</opus></title>. <pubPlace key="place_0392">Leipzig</pubPlace>, <publisher key="publ_4485">Wunder</publisher> geh. 6 Thlr.</bibl>
<bibl id="hofm_1838_02_0027_11">*<composer key="compo_023663">Monpou (H.)</composer> <title>Chansonette de l’Opéra : Le Luthier de Vienne. (Wie Mägdelein ein Mann allein – Pour un amant ma chère.)</title> <series>Choix No. 390</series>. <pubPlace key="place_0438">Mainz</pubPlace>, <publisher key="publ_3563">Schott</publisher> 18 Xr.</bibl>
<bibl id="hofm_1838_02_0027_12"><composer key="compo_024208">Müller (Friedr.)</composer> <title>Salerl, die schöne Wienerin. Zauberspiel No. 1, Stundenlied. (Gegen ein Uhr da.) No. 2, Lied (Ein Zeiger auf ein Wirthshaus.)</title> <pubPlace key="place_0731">Wien</pubPlace>, <publisher key="publ_1506">Haslinger</publisher> à 15 Xr.</bibl>
<wip id="hofm_1838_02_0027_13"><composer key="compo_025184">Obiols (M.)</composer> <title>Odio ed Amore. Opera</title>. <title>Duetto: Vuolmorir</title> 4 Fr. 50 Ct. <title>Terzetto: Evviva</title> 5 Fr. <pubPlace key="place_0437">Milano</pubPlace>, <publisher key="publ_3241">Ricordi</publisher>.</wip>
<bibl id="hofm_1838_02_0027_14"><composer key="compo_028195">Ricci</composer>, <title>Scena e Duetto nell’ Opera: Chiara di Rosembergh. (Kannst den liebenden Vater du fliehen – Perchè fuggi.)</title> <series>Aurora No. 242</series>. <pubPlace key="place_0731">Wien</pubPlace>, <publisher key="publ_2605">Mechetti</publisher> 1 Fl. 15 Xr.</bibl>
<bibl id="hofm_1838_02_0027_15"><composer key="compo_029260">Rustici (G.)</composer> <title>Cavatina nell’ Opera: Maria di Provenza (Ugo a me non vienne.)</title> <pubPlace key="place_0437">Milano</pubPlace>, <publisher key="publ_3241">Ricordi</publisher> 2 Fr. 25 Ct.</bibl></div>
<pb n="28"/>
<div id="hofm_1838_02_0028_div20"><head><hofClass key="hofCl_0040">Gesänge für eine Stimme mit Begleitung des Pianoforte.</hofClass></head>
<bibl id="hofm_1838_02_0028_01"><regNumber>4892</regNumber>. <composer key="compo_000289">Alberti (C.E.R.)</composer> <title>Der Liebe Lust und Leid. 6 Gesänge. 4te Samml. (In jedes Haus wo Liebe wohnt – Ich wollt ein Sträusslein binden – Und wüsstens die Blumen – Wohin ich geh’ und schaue – Ob ruhend am Ufer – Wie ist doch die Erde so schön.)</title> <pubPlace key="place_0044">Berlin</pubPlace>, <publisher key="publ_4370">Westphal</publisher> 12 Gr.</bibl>
<bibl id="hofm_1838_02_0028_02"><regNumber>4893</regNumber>. – <title>Von der Lorelei. (Es ist schon spät, es wird schon kalt.)</title> Ebend. 4 Gr.</bibl>
<bibl id="hofm_1838_02_0028_03">*<composer key="compo_001898">Bayer (Guill.)</composer> <title>Pleurs du Désir. Thränen der Sehnsucht. Romance</title> (<series>Choix No. 386</series>.) <pubPlace key="place_0438">Mainz</pubPlace>, <publisher key="publ_3563">Schott</publisher> 18 Xr.</bibl>
<bibl id="hofm_1838_02_0028_04"><composer key="compo_001927">Beauplan (A. de)</composer> <title>Les Pirates. Chanson (Manch reicher Fang an Christensöhnen – Nous emmenions.)</title> <series>Choix de Romances No. 119</series>. <pubPlace key="place_0044">Berlin</pubPlace>, <publisher key="publ_3471">Schlesinger</publisher> 4 Gr.</bibl>
<bibl id="hofm_1838_02_0028_05"><composer key="compo_002199">Bellini</composer>, <title>4 Ariette inedite. Fasc. 1. (Il fervido Desiderio – Dolente immagine di Fille mia.)</title> <pubPlace key="place_0437">Milano</pubPlace>, <publisher key="publ_3241">Ricordi</publisher> 2 Fr.</bibl>
<bibl id="hofm_1838_02_0028_06"><regNumber>4925</regNumber>. <composer key="compo_005687">Cicarelli (Aug.)</composer> <title>La Prière d’Angéle. Op. <opus key="opus_0234">11</opus></title>. (av. Vign.) <pubPlace key="place_0147">Dresden</pubPlace>, <publisher key="publ_2661">Meser</publisher> 4 Gr.</bibl>
<bibl id="hofm_1838_02_0028_07"><regNumber>4958</regNumber>. <composer key="compo_006428">Dammas (H.)</composer> <title>Klänge der Liebe in 6 Liedern. (Bächlein der Heimath – Muss dichten und singen – Vöglein im Hain – Un d’ fragst noch, w’ran i denke? – Soll i d’ Liebste mein di nennen – Ich ging im einsamen Walde.)</title> <pubPlace key="place_0044">Berlin</pubPlace>, <publisher key="publ_4370">Westphal</publisher> 12 Gr.</bibl>
<bibl id="hofm_1838_02_0028_08"><composer key="compo_006610">Decker (Const.)</composer> <title>9 Lieder. Op. <opus key="opus_3565">6</opus>. (Lebe wohl, mein Lieb – So soll ich nun dich meiden – Will ruhen nun unter den Bäumen hier – An jedem Abend geh’ ich aus – O Winter, schlimmer Winter – Liebchen! Frühlingslüfte weh’n – Nun schmückt der Mai mit Lust die Au’ – Frühling liebliche Zeit! – Liebchen, welche Lust im Dunkeln.)</title> <pubPlace key="place_0044">Berlin</pubPlace>, <publisher key="publ_0224">Bechtold u. H</publisher>. 16 Gr.</bibl>
<bibl id="hofm_1838_02_0028_09"><composer key="compo_006843">Dessauer (Jos.)</composer> <title>Der Wassermann. Sängers Trost. Zwei Särge. 3 Gedichte von J. Kerner. (Es war in des Maien mildern Glanz – Weint auch einst kein Liebchen – Zwei Särge stehen einsam.)</title> <pubPlace key="place_0731">Wien</pubPlace>, <publisher key="publ_0106">Artaria et Co</publisher>. 1 Fl. 15 Xr.</bibl>
<bibl id="hofm_1838_02_0028_10"><composer key="compo_007246">Dorn (H.)</composer> <title>Des Griechen Abschied. (Maid von Athen)</title>. <series>Lithorama No. 22</series> m. Vign. <pubPlace key="place_0392">Leipzig</pubPlace>, <publisher key="publ_1746">Hofmeister</publisher> 4 Gr.</bibl>
<bibl id="hofm_1838_02_0028_11">*<title>Dreispann (der) beliebtes russisches Lied. (Der Dreispann fuhr im leisen Trabe.)</title> <pubPlace key="place_0044">Berlin</pubPlace>, <publisher key="publ_0589">Challier u. Co</publisher>. 4 Gr.</bibl>
<bibl id="hofm_1838_02_0028_12">*<composer key="compo_010353">Föppl (C.A.)</composer> <title>Das Leben ein Traum. (Ich weilte in der Liebe Au’n.)</title> <series>Auswahl von Gesängen No. 389</series>. <pubPlace key="place_0438">Mainz</pubPlace>, <publisher key="publ_3563">Schott</publisher> 18 Xr.</bibl>
<listBibl><album id="hofm_1838_02_0028_13"><regNumber>4948</regNumber>. <title>Gesänge (auserwählte) der Loge: Minerva zu den drei Palmen in Leipzig. Heft 1. (<composer key="compo_031242">Schulz</composer>. Eintracht, die die eb’nen Pfade – Was schweigen die Sänger – Hoffe, Herz, nur mit Geduld, <composer key="compo_022496">Matthaei</composer>, Nord oder Sud, wenn nur – Durch drei mal drei, ihr Brüder [alte Melodie] <composer key="compo_022496">Matthaei</composer>, Siehst du dort die Blüthe prangen – Hoch Mittag ist’s.)</title> <pubPlace key="place_0392">Leipzig</pubPlace>, <publisher key="publ_2017">Kistner</publisher> 22 Gr. Broschirt 1 Thlr.</album>
<album id="hofm_1838_02_0028_14">– <title>Idem. Heft 2. (<composer key="compo_022496">Matthaei</composer>, Seht wie die Tage sich sonnig – <composer key="compo_031242">Schulz</composer>, Der Tag, der unsre Lust vermehret – Brüder, in den heil’gen Hallen – <composer key="compo_022496">Matthaei</composer>, Ehret die Frauen – <composer key="compo_031242">Schulz</composer>, Sankt Johannis Seele war – <composer key="compo_022496">Matthaei</composer>, Freude, holdes Götterkind – Euch gilt der Becher – Was ist’s, das unsterbliche Geister.)</title> Ebend. 22 Gr.</album>
</listBibl>
<pb n="29"/>
<wip id="hofm_1838_02_0029_01"><composer key="compo_012122">Grisar (Alb,)</composer> <title>Mon beau Rouet. Mein Rädchen. Romanze (Lauf Rädchen – Dévide)</title> und: <title>L’Arrivée du Regiment. Die Ankunft des Regiments. Romanze (Morgen früh – De ton Frère demain)</title> <series>Choix de Romances No. 103. 104</series>. <pubPlace key="place_0044">Berlin</pubPlace>, <publisher key="publ_3471">Schlesinger</publisher> 6 Gr.</wip>
<bibl id="hofm_1838_02_0029_02"><regNumber>4898</regNumber>. <composer key="compo_012875">Hackel (Ant.)</composer> <title>Das Lied von der Treue. Des Mädchens Blumentrost. Haidegang. Op. <opus key="opus_3029">46</opus>. (Es ruht ein See in Klippen – Was ich glaube, was ich hoffe – Ueber die Haide.)</title> <pubPlace key="place_0731">Wien</pubPlace>, <publisher key="publ_1506">Haslinger</publisher> 45 Xr.</bibl>
<bibl id="hofm_1838_02_0029_03">*<composer key="compo_014679">Heuschkel (J.P.)</composer> <title>Warnung. (Es sind die Augen Fenster)</title> <series>Auswahl No. 396</series>. <pubPlace key="place_0438">Mainz</pubPlace>, <publisher key="publ_3563">Schott</publisher> 18 Xr.</bibl>
<bibl id="hofm_1838_02_0029_04"><composer key="compo_019507">Kücken (Fr.)</composer> <title>2 Lieder. Op. <opus key="opus_1390">20</opus>. (O senke nicht den lieben Blick – Das Posthorn schmettert, die Peitsche knallt.)</title> <pubPlace key="place_0044">Berlin</pubPlace>, <publisher key="publ_3471">Schlesinger</publisher> 12 Gr.</bibl>
<bibl id="hofm_1838_02_0029_05">*<composer key="compo_019102">Kulenkamp (G.C.)</composer> <title>Lied von Heine. (Warum sind denn die Rosen so blass.)</title> <series>Auswahl No. 399</series>. <pubPlace key="place_0438">Mainz</pubPlace>, <publisher key="publ_3563">Schott</publisher> 18 Xr.</bibl>
<bibl id="hofm_1838_02_0029_06">*<composer key="compo_019684">Lachner (Fr.)</composer> <title>Lied des Minnesängers. (O Waldes Grün, verborgnes Thal.)</title> <series>Auswahl No. 387</series>. Ebend. 18 Xr.</bibl>
<album id="hofm_1838_02_0029_07"><title>Lieder-Tempel. Album f. Gesang mit Begl. d. Pfte mit Compositionen von <composer key="compo_000288">Alberti</composer>, <composer key="compo_001433">Banck</composer>, <composer key="compo_003282">Blum</composer>, <composer key="compo_006231">Curschmann</composer>, <composer key="compo_015659">Huth</composer>, <composer key="compo_019507">Kücken</composer>, <composer key="compo_021678">Löwe</composer>, <composer key="compo_022292">Marschner</composer>, <composer key="compo_024568">Neithard</composer>, <composer key="compo_025229">Oelschläger</composer>, <composer key="compo_027982">C. G. Reissiger</composer>, <composer key="compo_027983">F. A. Reissiger</composer>, <composer key="compo_030530">Schmidt</composer>, <composer key="compo_032802">Spontini</composer>, <composer key="compo_034164">Taubert</composer> etc</title>. <pubPlace key="place_0044">Berlin</pubPlace>, <publisher key="publ_4370">Westphal</publisher> 4 Thlr. 12 Gr.</album>
<bibl id="hofm_1838_02_0029_08"><regNumber>4897</regNumber>. <composer key="compo_021043">Lindpaintner (P.)</composer> <title>Variationen über das Thema von Himmel: An Alexis. (Quante volte, o fronde grate.) Op. <opus key="opus_3738">63</opus></title>. <pubPlace key="place_0731">Wien</pubPlace>, <publisher key="publ_1506">Haslinger</publisher> 45 Xr.</bibl>
<bibl id="hofm_1838_02_0029_09">*<composer key="compo_021681">Löwe (C.)</composer> <title>Wechsel. (Auf Kieseln im Bache.)</title> <series>Auswahl No. 394</series>. <pubPlace key="place_0438">Mainz</pubPlace>, <publisher key="publ_3563">Schott</publisher> 18 Xr.</bibl>
<wip id="hofm_1838_02_0029_10"><composer key="compo_022297">Marschner (H.)</composer> <title>6 Gesänge. Op. <opus key="opus_4654">94</opus></title>. <pubPlace key="place_0280">Hannover</pubPlace>, <publisher key="publ_2808">Nagel</publisher> 20 Gr. Dieselben einzeln: <title>No. 1, In die Ferne. (Siehst du im Abend die Wolken ziehn)</title> 5 Gr. <title>No. 2, Aufforderung. (Liebchen! lass uns kosen)</title> 6 Gr. <title>No. 3, Ständchen. (Wär’ ich jener Abendstern!)</title> 5 Gr. <title>No. 4, Nachtlied. (Lass klingen des Sängers Schlummerlied.)</title> <title>No. 5, Ueberfahrt. (Ich stieg in den leichten schwankenden Kahn.)</title> <title>No. 6, Bauernregel. (Im Sommer such ein Liebchen dir)</title> à 4 Gr.</wip>
<bibl id="hofm_1838_02_0029_11">– <title>Wanderlied. (Ich ging hinaus ins grüne Feld.)</title> <series>Lithorama No. 21</series>. m. Vign. <pubPlace key="place_0392">Leipzig</pubPlace>, <publisher key="publ_1746">Hofmeister</publisher> 4 Gr.</bibl>
<bibl id="hofm_1838_02_0029_12">*<composer key="compo_022421">Masini (F.)</composer> <title>Le Calme. Meerstille. Romanze (Sieh wie von Ruh umzogen – Voyez, la mer.)</title> <series>Choix No. 393</series>. <pubPlace key="place_0438">Mainz</pubPlace>, <publisher key="publ_3563">Schott</publisher> 18 Xr.</bibl>
<bibl id="hofm_1838_02_0029_13">* – <title>J’ai tant pleuré. Ich hab so viel geweint. Prière (Heil’ge Jungfrau – Bonne vierge.)</title> <series>Choix No. 400</series>. Ebend. 18 Xr.</bibl>
<bibl id="hofm_1838_02_0029_14"><composer key="compo_024806">Nicolai (Gust.)</composer> <title>Balladen und Romanzen von Uhland. Heft 3. Op. <opus key="opus_3181">5</opus>, Der Abschied. Das Reh. (Was klinget und singet die Strasse herauf – Es jagt ein Jäger früh am Tag.)</title> <pubPlace key="place_0044">Berlin</pubPlace>, <publisher key="publ_0639">Crantz</publisher> 12 Gr.</bibl>
<bibl id="hofm_1838_02_0029_15">– Idem. Heft 4. <title>Op. <opus key="opus_3565">6</opus>, Des Knaben Tod. Der Sieger. (Zeuch nicht den dunkeln Wald hinab – Anzuschauen das Turnei.)</title> Ebend. 12 Gr.</bibl>
<bibl id="hofm_1838_02_0029_16">– Idem. Heft 5. <title>Op. <opus key="opus_3967">7</opus>, Die Rache. Der Traum. Der gute Kamerad. (Der Knecht hat erstochen – Im schönsten Garten wallten – Ich hatt’ einen Kameraden.)</title> Ebend. 12 Gr.</bibl>
<pb n="30"/>
<bibl id="hofm_1838_02_0030_01"><regNumber>4905</regNumber>. <composer key="compo_024901">Nini (Ales.)</composer> <title>Assioma d’Amore. Romanza. (Amor non puoi.)</title> <pubPlace key="place_0437">Milano</pubPlace>, <publisher key="publ_3241">Ricordi</publisher> 1 Fr. 25 Ct.</bibl>
<bibl id="hofm_1838_02_0030_02">– <title>Ballata scandinava (Se del fiore amor.)</title> Ebend. 2 Fr. 75 Ct.</bibl>
<bibl id="hofm_1838_02_0030_03">– <title>Il Bacio d’Amore. (Delle palme cosi.)</title> Ebend. 1 Fr. 75 Ct.</bibl>
<bibl id="hofm_1838_02_0030_04">– <title>Messa notte. (Poco l’ora è omai.)</title> Ebend. 1 Fr. 50 Ct.</bibl>
<bibl id="hofm_1838_02_0030_05">*<composer key="compo_026611">Plantade (Ch.)</composer> <title>Les Chemins de Fer. Die Eisenbahn. Chansonette. (Vivat hoch die Eisenbahn – Vivent les Chemins de Fer.)</title> <series>Choix No. 393</series>. <pubPlace key="place_0438">Mainz</pubPlace>, <publisher key="publ_3563">Schott</publisher> 18 Xr.</bibl>
<bibl id="hofm_1838_02_0030_06">*<composer key="compo_027193">Puget (Louisa)</composer> <title>Je veux vous plaire. Ich will gefallen. (Ganz gewiss vor allen – Vous avez beau faire.)</title> <series>Choix No. 397</series>. Ebend. 18 Xr.</bibl>
<bibl id="hofm_1838_02_0030_07"><regNumber>4923</regNumber>. <composer key="compo_027982">Reissiger (C.G.)</composer> <title>Gesänge und Lieder f. Bass (oder Bariton) Op. <opus key="opus_0459">124</opus>, 35ste Liedersammlung. 10te Sammlung f. Bass. (Das Abendglöcklein tönt von ferne – Die Kost ist rauh und mager, – Ach es war so schöne Zeit – Ich liebt ein Mädel schön und jung – Wohlan! ich will wandern – Abends wo im Zimmer um uns Andre sind – Die Wolken fliehen so schaurig – Leb’ wohl, mein Mutterland.)</title> <pubPlace key="place_0392">Leipzig</pubPlace>, <publisher key="publ_1746">Hofmeister</publisher> 6 Gr.</bibl>
<bibl id="hofm_1838_02_0030_08">– <title>Lied der Nacht. (Im Windsgeräusch.)</title> <series>Lithorama No. 20</series>, m. Vign. Ebend. 4 Gr.</bibl>
<bibl id="hofm_1838_02_0030_09"><composer key="compo_028968">Rossini</composer>, <title>La Promessa. Das Versprechen. (Nein, nimmer werd’ ich mich entziehen – Ch’io mai oi possa.)</title> <series>Choix de Romances No. 128</series>. <pubPlace key="place_0044">Berlin</pubPlace>, <publisher key="publ_3471">Schlesinger</publisher> 6 Gr.</bibl>
<album id="hofm_1838_02_0030_10"><title>Sammlung von Musik-Stücken alter und neuer Zeit als Zulage zur neuen Zeitschrift f. Musik. 1stes Heft. (<composer key="compo_022903">Mendelssohn-Bartholdy</composer>, Das Waldschloss: Wo noch kein Wanderer gegangen – <composer key="compo_014250">Henselt</composer>, Rapsodie f. Pfte. – <composer key="compo_032794">Spohr</composer>, Lied: Was mir wohl übrig bliebe. – <composer key="compo_023827">Moscheles</composer>, Preludium und Fuge f. Pfte.)</title> <pubPlace key="place_0392">Leipzig</pubPlace>, <publisher key="publ_1118">Friese</publisher> 1 Thlr. </album>
<bibl id="hofm_1838_02_0030_11"><regNumber>4902</regNumber>. <composer key="compo_029789">Sauli (N.)</composer> <title>6 Romanze p. Soprano e Mezzo-Soprano</title>. <pubPlace key="place_0437">Milano</pubPlace>, <publisher key="publ_3241">Ricordi</publisher> 3 Fr.</bibl>
<bibl id="hofm_1838_02_0030_12"><composer key="compo_032802">Spontini</composer>, <title>Arietta von Metastasio und Romanze. (So heilig war mein Schwur – Es blühte ein Blümchen auf einsamer Au.)</title> <pubPlace key="place_0044">Berlin</pubPlace>, <publisher key="publ_3471">Schlesinger</publisher> 12 Gr.</bibl>
<bibl id="hofm_1838_02_0030_13">*<composer key="compo_033798">Stössel (N.)</composer> <title>Der nächtliche Ritter. (Komm, holdes Lieb’ herab.)</title> <series>Auswahl No. 391</series>. <pubPlace key="place_0438">Mainz</pubPlace>, <publisher key="publ_3563">Schott</publisher> 18 Xr.</bibl>
<bibl id="hofm_1838_02_0030_14">*<composer key="compo_034365">Thenard (Etien)</composer> <title>Les Regrets d’une vieille Fille. Egle’s Lied. Chansonette. (Sitzend in Harm – Assise à l’ombre.)</title> <series>Choix No. 379</series>. Ebend. 18 Xr.</bibl>
<bibl id="hofm_1838_02_0030_15"><regNumber>4917</regNumber>. <composer key="compo_034566">Tiehsen (Otto)</composer> <title>5 Gesänge von Heine und Müller. Op. <opus key="opus_1372">2</opus> (Dein Angesicht so lieb – Was soll ich erst kaufen – Wenn ich in deine Augen seh’ – Ich weiss nicht was es soll bedeuten – Es hat so grün gesäuselt.)</title> <pubPlace key="place_0044">Berlin</pubPlace>, <publisher key="publ_0639">Crantz</publisher> 12 Gr.</bibl>
<bibl id="hofm_1838_02_0030_16"><composer key="compo_034768">Trautmann (Ed.)</composer> <title>6 Lieder. (Ich sass im Grünen am klaren Bach – Drei Blümlein in meinem Garten – Wenn des Leben stürmend an die Brust dir schlägt – Es rauschen die Winde – Ueber Berge und Hügel – Schlaf Herzenssöhnchen.)</title> <pubPlace key="place_0044">Berlin</pubPlace>, <publisher key="publ_0589">Challier u. Co</publisher>. 12 Gr.</bibl>
<bibl id="hofm_1838_02_0030_17"><regNumber>4924</regNumber>. <composer key="compo_034893">Truhn (F.H.)</composer> <title>Lieder der Nacht. Op. <opus key="opus_1068">17</opus>, (Hast du das Scholss gesehen – Es ist schon spät es wird schon kalt – Wellen blinkten durch die Nacht – Es sang vor langen Jahren – Der Himmel hat erschlossen – Steh’ ich in finstrer Mitternacht – Der Tod das ist die kühle Nacht – Der laute Tag ist fort gezogen.)</title> m. Vign. <pubPlace key="place_0392">Leipzig</pubPlace>, <publisher key="publ_1746">Hofmeister</publisher> 20 Gr.</bibl>
<pb n="31"/>
<bibl id="hofm_1838_02_0031_01"><composer key="compo_034893">Truhn (F.H.)</composer> <title>Deutsche Lieder von Göthe, Simrock etc. Op. <opus key="opus_1482">21</opus>. (Freudvoll und leidvoll – Da drüben übern Walde – Was machst du mir von Liebchens Thür – Der Schäfer putzte sich zum Tanz – Mädchen als du kamst an’s Licht – Susette ist ’ne Zauberin – Sieh! es blüht schon der Flieder – Eh Gott das Weib gebildet.)</title> <pubPlace key="place_0044">Berlin</pubPlace>, <publisher key="publ_3851">Stackebrandt</publisher> 12 Gr.</bibl>
<bibl id="hofm_1838_02_0031_02">– <title>Liebeswunsch und Liebesleid. Op. <opus key="opus_1661">23</opus>, (O wär’ mein Leib’ die rothe Ros’ – Wie kann ich froh und lustig sein.)</title> Ebend. 10 Gr.</bibl>
<bibl id="hofm_1838_02_0031_03"><regNumber>4901</regNumber>. <title>Vera (Ed.)</title> <title>6 Romanze</title>. <pubPlace key="place_0437">Milano</pubPlace>, <publisher key="publ_3241">Ricordi</publisher> 4 Fr. 50 Ct.</bibl>
<bibl id="hofm_1838_02_0031_04">*<title>Volkslieder. No. 18, Untreue. (In einem kühlen Grunde.) Russisches Nationallied. (Gott seg’n den Kaiser.)</title> <pubPlace key="place_0280">Hannover</pubPlace>, <publisher key="publ_2808">Nagel</publisher> 4 Gr.</bibl>
<bibl id="hofm_1838_02_0031_05"><composer key="compo_037298">Witt (Fr. L.)</composer> <title>3 Lieder. Op. <opus key="opus_1372">2</opus>, (Wenn die Schwalben jubelnd jagen – Zartes Blümchen fühlest du Schmetz – Es blüht ein Blümlein wunderhold.)</title> <pubPlace key="place_0044">Berlin</pubPlace>, <publisher key="publ_0224">Bechtold u. H</publisher>. 12 Gr.</bibl>
</div><div id="hofm_1838_02_0031_div21"><head><hofClass key="hofCl_0047">Gesänge mit Begleitung der Guitarre.</hofClass></head>
<wip id="hofm_1838_02_0031_06"><composer key="compo_001075">Auber</composer>, <title>Le Cheval de Bronze (Das eherne Pferd) Opéra ferie av. Acc. de Guit. p. M. Carcassi</title> (<series>Auswahl von Arien No. 222–231</series>.) <pubPlace key="place_0438">Mainz</pubPlace>, <publisher key="publ_3563">Schott</publisher>. <title>No. 222, Air: Ausbund seltner Schönheit (Trésor de jeuneusse)</title> 27 Xr. <title>No. 223, Couplets: Mich umgeben auf der Reise (J’ai pour guides)</title> 9 Xr. <title>No. 224, Air: Eingewiegt in seelige Träume (Le sommeil fermait)</title> 27 Xr. <title>No. 225, Ballade Am Felsen dort (La bas sur ce rocher)</title> 18 Xr. <title>No. 226, Air: Mein Schwiegersohn (Mon noble gendre)</title> 27 Xr. <title>No. 227, Couplets: Ach welche Plagen (Quand on est fille )</title> 18 Xr. <title>No. 228, Air: Ach für ein liebend Herz (Ah ! pour un jeune coeur)</title> 27 Xr. <title>No. 229, Du : Wahrhaftig ein Wunder (Ah ciel en croirais-je)</title> 45 Xr. <title>No. 230, Couplets: Wie kann die Freude walten (Envain de mon)</title> 27 Xr. <title>No. 231, Couplets: Ruhig durch wandert (Tranquillement)</title> 9 Xr.</wip>
</div><div id="hofm_1838_02_0031_div22"><head><hofClass key="hofCl_0077">Lehrbücher für den Gesang.</hofClass></head>
<wip id="hofm_1838_02_0031_07"><composer key="compo_000626">Andrade (Aug.)</composer> <title>Neue Gesang-Schule, eingeführt in das Pariser Conservatorium. <edition>Neue Ausgabe von A. Gathy</edition></title>. <title>2ter Theil, enth. 8 Vorbereitungsstücke zur Erlangung einer grössern Fertigkeit in d. abwechs. Ausübung d. Tonleiter d. Doppelschlags, des Trillers u. d. Laufs. Stufenfolge kleiner Gesangstücke in d. üblichsten Stimmenumfang mit Anwendung zweckm. Figuren</title> 14 Gr. <title>3ter Theil, Auswahl vorzügligher Vocalisen aus der italienischen und französchen Schule. 1ster (leichtere Gesangstücke enthaltender) Cursus</title> 1 Thlr. 8 Gr. <title>4ter Theil. Idem. 2ter (schwerere Gesangstücke enthaltender) Cursus</title> 20 Gr. <title>Alle 4 Theile in einem Bande</title> 3 Thlr. 12 Gr. <pubPlace key="place_0276">Hamburg</pubPlace>, <publisher key="publ_0640">Cranz</publisher>.</wip>
<bibl id="hofm_1838_02_0031_08"><regNumber>4904</regNumber>. <composer key="compo_035236">Vaccaj (N.)</composer> <title>Metodo pratico di Canto italiano per Camera diviso in 15 Lecioni. Testo italiano e francese</title>. <pubPlace key="place_0437">Milano</pubPlace>, <publisher key="publ_3241">Ricordi</publisher> geh. 8 Fr.</bibl>
<pb n="32"/>
</div><div id="hofm_1838_02_0032_div23"><head><hofClass key="hofCl_0287">Theoretische Werke.</hofClass></head>
<bibl id="hofm_1838_02_0032_01"><author>Fétis</author>, <title>Biographie universelle des Musiciens et Bibiographie générale de la Musique. Tome 4</title>. gr. 8. <pubPlace key="place_0537">Paris</pubPlace> (<pubPlace key="place_0438">Mainz</pubPlace>, <publisher key="publ_3566">Schott in Comm</publisher>.) 2 Thlr. 8 Gr.</bibl>
</div><div id="hofm_1838_02_0032_div24"><head><hofClass key="hofCl_0248">Musikalische Zeitschriften.</hofClass></head>
<bibl id="hofm_1838_02_0032_02"><title>Anzeiger (allgemeiner musikalischer) Redacteur F. Castelli. 10ter Jahrg. 1838</title>. (52 Nrn. à ¼ Bogen) 8. <pubPlace key="place_0731">Wien</pubPlace>, <publisher key="publ_1506">Haslinger</publisher> 3 Fl.</bibl>
<wip id="hofm_1838_02_0032_03"><title>Cäcilia, eine Zeitschrift für die musikalische Welt, herausgegeben von Gottfr. Weber. 20ster Band</title>. <title>Heft 77–80</title>. 8. <pubPlace key="place_0438">Mainz</pubPlace>, <publisher key="publ_3563">Schott</publisher> geh. 3 Fl.</wip>
<bibl id="hofm_1838_02_0032_04"><title>France (la) musicale. 1re Année</title> (52. Nrn. Bogen) kl. Fol. <pubPlace key="place_0537">Paris</pubPlace>, <publisher key="publ_0514">Bureau du Journal</publisher> : rue Lafitte No. 38. 32 Fr. (Alle Monate eine musikalische Beilage und Portraits von Componisten.)</bibl>
<bibl id="hofm_1838_02_0032_05"><title>Iris, im Gebiete der Tonkunst. Redacteur L. Rellstab. 9ter Jahrg. 1838</title>. (52 Nrn. à ¼ Bogen) 8. <pubPlace key="place_0044">Berlin</pubPlace>, <publisher key="publ_4067">Trautwein</publisher> 1 Thlr. 12 Gr.</bibl>
<bibl id="hofm_1838_02_0032_06"><title>Revue et Gazette musicale de Paris. 5e Année</title> (52 Nrn. Bogen) 4to. <pubPlace key="place_0537">Paris</pubPlace>, <publisher key="publ_3471">Schlesinger</publisher> 38 Fr. (Alle Monate eine musikalische Beilage.)</bibl>
<bibl id="hofm_1838_02_0032_07"><title>Wochenblatt für Kunst- und Musikalienhändler f. 1838</title>. (52 Nrn. ¼ Bogen.) gr. 4. <pubPlace key="place_0392">Leipzig</pubPlace>, <publisher key="publ_3599">Schubert</publisher> 2 Thlr. baar.</bibl>
<bibl id="hofm_1838_02_0032_08"><title>Zeitschrift (neue) f. Musik, herausgegeben von R. Schumann. 5ter Jahrg. (Mit Musik-Beilagen) 1838</title>. (104 Nrn. à ½ Bogen.) gr. 4. <pubPlace key="place_0392">Leipzig</pubPlace>, <publisher key="publ_1118">Friese</publisher> 2 Bnde.(Band 8 u. 9.) à 2 Thlr. 8 Gr.</bibl>
<bibl id="hofm_1838_02_0032_09"><title>Zeitung (allgemeine musikalische) mit Kupfern, musikalischen Beilagen und Intelligenzblättern. Redacteur G.W. Fink. 40ster Jahrg. 1838</title>. (52 Nrn. Bogen) gr. 4. <pubPlace key="place_0392">Leipzig</pubPlace>, <publisher key="publ_0437">Br. u. Härtel</publisher> 5 Thlr. 8 Gr.</bibl>
<bibl id="hofm_1838_02_0032_10"><title>Zeitung (Hamburger musikalische) v. G.A. Gross</title>. (52 Nrn. à ½ Bogen) in gr. 4. <pubPlace key="place_0276">Hamburg</pubPlace>, <publisher key="publ_3607">Schuberth u. N</publisher>. 2 Thlr. 16 Gr.</bibl>
</div></body></text></TEI.2>