<?xml version="1.0" encoding="utf-8"?>
<!DOCTYPE TEI.2
  SYSTEM "../../dtd/tei/cch_tei.dtd">
<TEI.2 id="hofm_1838_01">
<teiHeader type="text"><fileDesc><titleStmt><title>Januar 1838</title></titleStmt><publicationStmt><p/></publicationStmt><sourceDesc><p/></sourceDesc></fileDesc><profileDesc><langUsage><language id="ger">German</language><language id="fre">French</language><language id="ita">Italian</language></langUsage></profileDesc>
<revisionDesc><change><date>2008-09-11</date><respStmt><name>EP</name></respStmt><item>&lt;seriesInfo&gt; element renamed into &lt;series&gt;</item></change><change><date>2007-09-20</date><respStmt><name>EP</name></respStmt><item>missing @id added</item></change>
    <change>
        <date>2007-08-15</date>
        <respStmt><name>ER</name></respStmt>
        <item>p. 6, Mechetti = publisher</item>
    </change><change>
        <date>2007-07-20</date>
        <respStmt><name>EP</name></respStmt>
        <item>curly at hofm_1838_01_0005_04 emended</item>
    </change>
    
    <change><date>2007-04-27</date><respStmt><name>RV</name></respStmt><item>Changed "biblGroup" elements in "listBibl"</item></change><change><date>2007-03-02</date><respStmt><name>EP</name></respStmt><item>Checked curly brackets</item></change><change><date>2007-02-26</date><respStmt><name>EP</name></respStmt><item>Encoded curly brackets</item></change><change><date>2006-12-19</date><respStmt><name>EP</name></respStmt><item>sic and unclear moved outside elements pubplaces, publisher, composer, hofclass, key, opus</item></change><change><date>2007-01-28</date><respStmt><name>Sarah</name></respStmt><item>Removed extra author tags.</item></change><change><date>2006-03-15</date><respStmt><name>Sarah</name></respStmt><item>Fixed Xrefs</item></change><change><date>2006-01-20</date><respStmt><name>Liz</name></respStmt><item>p. 12, just 'Herausgeber' tagged as publisher</item></change><change><date>2006-01-13</date><respStmt><name>Liz</name></respStmt><item>p. 2, publisher Lischke (not Lishcke)</item></change><change><date>2005-11-14</date><respStmt><name>Liz</name></respStmt><item>p. 2, publisher Berr, sic added (shd. be Birr)</item></change><change><date>2005-10-25</date><respStmt><name>Liz</name></respStmt><item>p. 8, Tänze fur das, corr. to für das</item></change><change><date>2005-05-12</date><respStmt><name>Sarah</name></respStmt><item>Corrections following checking pages. Adjusted album tagging.</item></change><change><date>2005-01-24</date><respStmt><name>Sarah</name></respStmt><item>Adjusted spacing following comments from Liz.</item></change><change><date>2005-01-13</date><respStmt><name>Sarah</name></respStmt><item>Corrections made following comments from Liz.</item></change><change><date>2005-01-12</date><respStmt><name>Sarah</name></respStmt><item>Added file title and fixed edition / format..</item></change><change><date>2004-11-30</date><respStmt><name>Sarah</name></respStmt><item>Corrections made following comments from Liz.</item></change><change><date>2004-11-24</date><respStmt><name>Sarah</name></respStmt><item>Corrections made following comments from Liz. Album tags redefined.</item></change><change><date>2004-11-12</date><respStmt><name>Sarah</name></respStmt><item>Corrected curly brackets following comments from Liz</item></change><change><date>2004-11-02</date><respStmt><name>Sarah</name></respStmt><item>Added TEI ID and Xref_____, coded curly brackets</item></change><change><date>2004-10-06</date><respStmt><name>Sarah</name></respStmt><item>Removed erroneous composer tag 06/10/2004.</item></change><change><date>2004-09-30</date><respStmt><name>Sarah</name></respStmt><item>Removed force and price tags 30/09/2004.</item></change><change><date>2004-08-24</date><respStmt><name>Sarah</name></respStmt><item>Corrections made to file 24/08/2004.</item></change></revisionDesc></teiHeader>
<text><body><pb n="2"/><head>Januar 1838.</head>
<div id="hofm_1838_01_0002_div01"><head><hofClass key="hofCl_0164">Musik für das Orchester.</hofClass></head>
<bibl id="hofm_1838_01_0002_01"><composer key="compo_014194">Henning (C.)</composer> <title>12 neue 8stim. Tänze als: 4 Walzer 4 Galop. u. 4 schott. Walzer f. 2 V. Cl. Fl. Ventil-Tromp. 2 Hörner u. Bass.</title> <pubPlace key="place_0723">Weissenfels</pubPlace>, <publisher key="publ_3966">Süss</publisher> n. 10 Gr.</bibl>
<bibl id="hofm_1838_01_0002_02"><regNumber>4859</regNumber>. <composer key="compo_020014">Lanner (Jos.)</composer> <title>Beliebte Walzer und Galoppen f. Orchester. <series>No. 29, Amors-Flügel</series>. Walzer. Op. <opus key="opus_0409">120</opus></title>. <pubPlace key="place_0731">Wien</pubPlace>, <publisher key="publ_2605">Mechetti</publisher> 3 Fl.</bibl>
<bibl id="hofm_1838_01_0002_03"><composer key="compo_027982">Reissiger (C.G.)</composer> <title>1ière Sinfonie pour l’Orchestre. Oe. <opus key="opus_0409">120</opus>, in <key>Es</key></title>. (déd. à Mr. Fr. Schneider.) <pubPlace key="place_0044">Berlin</pubPlace>, <publisher key="publ_3471">Schlesinger</publisher> 5 Thlr. 16 Gr.</bibl>
<bibl id="hofm_1838_01_0002_04"><composer key="compo_038164">Zimmermann (Carl)</composer> <title>6 Piecen für 3 Posaunen, 2 Trompeten und Paucken ad. lib. Op. <opus key="opus_0001">1</opus></title>. <pubPlace key="place_0757">Zittau</pubPlace>, <sic><publisher key="publ_0327">Berr</publisher></sic> 16 Gr.</bibl>
</div>
<div id="hofm_1838_01_0002_div02"><head><hofClass key="hofCl_0245">Musik für die Violine.</hofClass></head>
<bibl id="hofm_1838_01_0002_05"><regNumber>4858</regNumber>. <composer key="compo_002301">Bendl (Carl)</composer> <title>Tanz-Guirlanden. Walzer f. Violine m. Begl. d. Pfte. Op. <opus key="opus_0234">11</opus></title>. <pubPlace key="place_0731">Wien</pubPlace>, <publisher key="publ_0735">Diabelli u. Co</publisher>. 45 Xr.</bibl>
<bibl id="hofm_1838_01_0002_06"><composer key="compo_017214">Kelz (J.F.)</composer> <title>Fantaisie facile sur l’Air du Postillon de Lonjumeau p. Violon et Violoncelle. Oe. <opus key="opus_1450">207</opus></title>. <pubPlace key="place_0044">Berlin</pubPlace>, <publisher key="publ_2455">Lischke</publisher> 8 Gr.</bibl>
<bibl id="hofm_1838_01_0002_07"><regNumber>4859</regNumber>. <composer key="compo_020014">Lanner (Jos.)</composer> <title>Walzer f. 3 Violinen u. Bass. <series>No. 6, Amors-Flugel</series>. Op. <opus key="opus_0409">120</opus></title>. <pubPlace key="place_0731">Wien</pubPlace>, <publisher key="publ_2605">Mechetti</publisher> 1 Fl.</bibl>
<bibl id="hofm_1838_01_0002_08"><regNumber>4839</regNumber>. <composer key="compo_032798">Spohr (L.)</composer> <title>Quatuor brillant p. 2 Violons, Alto et Vclle. Oe. <opus key="opus_4639">93</opus>. in <key>A</key></title>. <pubPlace key="place_0731">Wien</pubPlace>, <publisher key="publ_1506">Haslinger</publisher> 2 Fl. 30 Xr.</bibl>
</div>
<div id="hofm_1838_01_0002_div03"><head><hofClass key="hofCl_0184">Musik für das Violoncelle.</hofClass></head>
<bibl id="hofm_1838_01_0002_09"><regNumber>4872</regNumber>. <composer key="compo_001711">Batta (Alex.)</composer> <title>Fantaisie sur des Motifs de l’Opéra : I Puritani pour Violoncelle av. Acc. de Pfte</title>. <pubPlace key="place_0438">Mainz</pubPlace>, <publisher key="publ_3563">Schott</publisher> 1 Fl. 48 Xr.</bibl>
<bibl id="hofm_1838_01_0002_10"><regNumber>4860</regNumber>. <composer key="compo_012189">Gross (J.C.)</composer> <title>Pièces lyriques p. Violoncelle av. Acc. de Pfte. (On a ajouté une partie de Violon pour remplacer celui de Violoncelle) Oe. <opus key="opus_1881">26</opus></title>. <pubPlace key="place_0392">Leipzig</pubPlace>, <publisher key="publ_1746">Hofmeister</publisher> 20 Gr.</bibl>
<bibl id="hofm_1838_01_0002_11"><regNumber>4835</regNumber>. <composer key="compo_022994">Merk (Jos.)</composer> <title>6 Etudes p. Violoncelle. Oe. <opus key="opus_1390">20</opus>. Continuation de l’Oe. <opus key="opus_0234">11</opus></title>. (déd. à Mr. J. B. Gross). <pubPlace key="place_0731">Wien</pubPlace>, <publisher key="publ_1506">Haslinger</publisher> 1 Fl.</bibl>
<bibl id="hofm_1838_01_0002_12"><regNumber>4882</regNumber>. – <title>Intr. et Variations sur une Valse favorite de Fr. Schubert (Trauer-Walzer) p. Violoncelle av. Acc. d’Orchestre. Oe. <opus key="opus_1482">21</opus>, in <key>D</key></title>. <pubPlace key="place_0731">Wien</pubPlace>, <publisher key="publ_2605">Mechetti</publisher> 3 Fl.</bibl>
<bibl id="hofm_1838_01_0002_13">– Idem av. Acc. de Quatuor 1 Fl. 30 Xr.</bibl>
<bibl id="hofm_1838_01_0002_14">– Idem av. Acc. de Pfte. 1 Fl.</bibl>
</div>
<div id="hofm_1838_01_0002_div04"><head><hofClass key="hofCl_0200">Musik für die Flöte.</hofClass></head>
<bibl id="hofm_1838_01_0002_15"><regNumber>4478</regNumber>. <composer key="compo_001079">Auber, (D.F.E)</composer> <title>Choix d’Airs de l’Opéra : L’Ambassadrice (Die Botschafterin) p. Flûte arr. p. Foreit</title> (<series>No. 18 de Choix</series>.) <pubPlace key="place_0438">Mainz</pubPlace>, <publisher key="publ_3563">Schott</publisher> 24 Xr.</bibl>
<pb n="3"/>
<wip id="hofm_1838_01_0003_01"><title>Auswahl beliebter Lieder und Arien aus Opern eing. f. Flöte oder Violine</title>. <title>Liv. 40, Auber, beliebte Stücke aus der Oper: Les Chaperons blancs</title>. <title>Liv. 41, Adam, beliebte Stücke a. d. Oper: Der Postillon von Lonjumeau</title>. <pubPlace key="place_0276">Hamburg</pubPlace>, <publisher key="publ_0640">Cranz</publisher> à 6 Gr.</wip>
<bibl id="hofm_1838_01_0003_02"><composer key="compo_001823">Baumann (J.)</composer> <title>Grand Divertissement p. Flûte av. Acc. de Pfte</title>. <pubPlace key="place_0392">Leipzig</pubPlace>, <publisher key="publ_4290">Weber</publisher> 10 Gr.</bibl>
<bibl id="hofm_1838_01_0003_03"><regNumber>4888</regNumber>.	<composer key="compo_010419">Fürstenau (A.B.)</composer> <title>Gage d’Amitie. Concertino p. Flûte av. Acc. d’Orchestre. Oe. <opus key="opus_0376">119</opus>. No. 11 de Concert, in <key>G</key></title>. (déd. à Mr. Lobe.) <pubPlace key="place_0044">Berlin</pubPlace>, <publisher key="publ_4370">Westphal</publisher> 2 Thlr.</bibl>
<bibl id="hofm_1838_01_0003_04">– Idem. av. Acc. de Pfte 1 Thlr.</bibl>
<bibl id="hofm_1838_01_0003_05"><regNumber>4859</regNumber>. <composer key="compo_020014">Lanner (Jos.)</composer> <title>Beliebte Walzer und Galoppen f. Flöte. <series>No. 41, Amors-Flügel</series>. Walzer. Op. <opus key="opus_0409">120</opus></title>. <pubPlace key="place_0731">Wien</pubPlace>, <publisher key="publ_2605">Mechetti</publisher> 15 Xr.</bibl>
<bibl id="hofm_1838_01_0003_06"><composer key="compo_020611">Leplus (Lud.)</composer> <title>Fantaisie et Variations brillantes sur la Romance de Grisar : La Folle p. Flûte av. Acc. de Pfte. Oe. <opus key="opus_3565">6</opus>, in <key>D</key></title>. <pubPlace key="place_0280">Hannover</pubPlace>, <publisher key="publ_2808">Nagel</publisher> 18 Gr.</bibl>
<bibl id="hofm_1838_01_0003_07"><regNumber>4862</regNumber>. <composer key="compo_032658">Soussmann (H.)</composer> <title>3 Solos p. Flûte. Op. <opus key="opus_2187">31</opus></title>. <pubPlace key="place_0392">Leipzig</pubPlace>, <publisher key="publ_1746">Hofmeister</publisher> 1 Thlr.</bibl>
<bibl id="hofm_1838_01_0003_08"><composer key="compo_035948">Walckiers (E.)</composer> <title>Collection progressive. Lettre C. 6 Duos brillantes p. 2 Flûtes déd. aux Amateurs. Oe. <opus key="opus_3454">57</opus>. Liv. 1</title>. <pubPlace key="place_0438">Mainz</pubPlace>, <publisher key="publ_3563">Schott</publisher> 2 Fl. 48 Xr.</bibl>
<bibl id="hofm_1838_01_0003_09"><composer key="compo_036346">Wehrle (Ferd.)</composer> <title>Variations sur un Thème du Calife de Bagdad p. Flûte av. Acc. d’Orchestre</title>. <pubPlace key="place_0392">Leipzig</pubPlace>, <publisher key="publ_4290">Weber</publisher> 1 Thlr. 12 Gr.</bibl>
<bibl id="hofm_1838_01_0003_10">– Idem av. Acc. de Pfte. Ebend. 16 Gr.</bibl>
</div><div id="hofm_1838_01_0003_div05"><head><hofClass key="hofCl_0205">Musik für die Guitarre.</hofClass></head>
<bibl id="hofm_1838_01_0003_11"><regNumber>4478</regNumber>. <composer key="compo_001079">Auber, (D.F.E.)</composer> <title>Choix d’Airs de l’Opéra : L’Ambassadrice (Die Botschafterin) p. Flûte av. Acc. de Guitarre arr. p. Foreit</title> (<series>No. 18 de Choix</series>.) <pubPlace key="place_0438">Mainz</pubPlace>, <publisher key="publ_3563">Schott</publisher> 48 Xr.</bibl>
<bibl id="hofm_1838_01_0003_12"><composer key="compo_007250">Dorn (J.)</composer> <title>Intr. et Variations brillantes p. Guitarre. Oe. <opus key="opus_2737">4</opus></title>. <pubPlace key="place_0392">Leipzig</pubPlace>, <publisher key="publ_4290">Weber</publisher> 4 Gr.</bibl>
<bibl id="hofm_1838_01_0003_13"><regNumber>4859</regNumber>. <composer key="compo_020014">Lanner (Jos.)</composer> <title>Beliebte Walzer und Galoppen f. Guitarre. <series>No. 27, Amors-Flügel</series>. Op. <opus key="opus_0409">120</opus></title>. <pubPlace key="place_0731">Wien</pubPlace>, <publisher key="publ_2605">Mechetti</publisher> 30 Xr.</bibl>
</div><div id="hofm_1838_01_0003_div06"><head><hofClass key="hofCl_0167">Musik für das Pianoforte mit Begleitung.</hofClass></head>
<bibl id="hofm_1838_01_0003_14"><regNumber>4861</regNumber>. <composer key="compo_003160">Blahetka (Leopoldine)</composer> <title>Second Quatuor p. Pfte, Violon, Alto et Vclle. Oe. <opus key="opus_2948">44</opus>, in <key>Es</key></title>. <pubPlace key="place_0392">Leipzig</pubPlace>, <publisher key="publ_1746">Hofmeister</publisher> 2 Thlr.</bibl>
<bibl id="hofm_1838_01_0003_15"><regNumber>4812</regNumber>. <composer key="compo_014550">Herz (H.)</composer> et <composer key="compo_007421">L. Drouet</composer>, <title>Duo concertant sur des Motifs du Postillon de Lonjumeau d’Adam p. Pfte et Flûte. Oe. <opus key="opus_4687">96</opus></title>. <pubPlace key="place_0438">Mainz</pubPlace>, <publisher key="publ_3563">Schott</publisher> 2 Fl. 24 Xr.</bibl>
<bibl id="hofm_1838_01_0003_16"><composer key="compo_017214">Kelz (J.F.)</composer> <title>Andante und Rondo über ein Thema aus der Oper: Der Liebestrank von Donizetti, f. Pfte. m. Begl. des Violoncello. Op. <opus key="opus_1441">205</opus></title>. <pubPlace key="place_0044">Berlin</pubPlace>, <publisher key="publ_2455">Lischke</publisher> 16 Gr.</bibl>
<bibl id="hofm_1838_01_0003_17">– Dasselbe m. Begl. d. Oboe. Ebend. 16 Gr.</bibl>
<bibl id="hofm_1838_01_0003_18">– Dasselbe m. Begl. d. Flöte. Ebend. 16 Gr.</bibl>
<bibl id="hofm_1838_01_0003_19">– Dasselbe m. Begl. d. Violine. Ebend. 16 Gr.</bibl>
<bibl id="hofm_1838_01_0003_20">– Dasselbe m. Begl. d. Bratsche. Ebend. 16 Gr.</bibl>
<bibl id="hofm_1838_01_0003_21"><composer key="compo_019507">Kücken (Fr.)</composer> <title>2 leichte und angenehme Sonatinen f. Pfte m. Begl. d. Violine. Op. <opus key="opus_0393">12, No. 1</opus>, in <key>B</key></title>. <pubPlace key="place_0276">Hamburg</pubPlace>, <publisher key="publ_3607">Schuberth u. N</publisher>. 20 Gr.</bibl>
<bibl id="hofm_1838_01_0003_22">– Idem. m. Begl. d. Flöte. Ebend. 20 Gr.</bibl>
<bibl id="hofm_1838_01_0003_23">– Idem. m. Begl. d. Violoncell. Ebend. 20 Gr.</bibl>
<pb n="4"/>
<bibl id="hofm_1838_01_0004_01"><composer key="compo_019507">Kücken (Fr.)</composer> <title>Deux Duos en Forme des Sonates p. Pfte et Violon concertant. Oe. <opus key="opus_0541">13, No. 1, in <key>A</key>. No. 2, in <key>C</key></opus></title>. (dédiés à Mr. Maurice Ganz). <pubPlace key="place_0276">Hamburg</pubPlace>, <publisher key="publ_3607">Schuberth u. N</publisher>. à 1 Thlr. 4 Gr.</bibl>
<bibl id="hofm_1838_01_0004_02">– Idem p. Pfte. et Violoncelle. Ebend à 1 Thlr. 4 Gr.</bibl>
<bibl id="hofm_1838_01_0004_02_m">– Idem p. Pfte et Flûte. Ebend. à 1 Thlr. 4 Gr.</bibl>
<bibl id="hofm_1838_01_0004_04"><regNumber>4859</regNumber>. <composer key="compo_020014">Lanner (Jos.)</composer> <title>Walzer f. Violine m. Begl. d. Pfte. <series>No. 6, Amors-Flügel</series>. Op. <opus key="opus_0409">120</opus></title>. <pubPlace key="place_0731">Wien</pubPlace>, <publisher key="publ_2605">Mechetti</publisher> 45 Xr.</bibl>
<bibl id="hofm_1838_01_0004_05"><regNumber>4863</regNumber>. <composer key="compo_032658">Soussmann (H.)</composer> <title>Trio concertant p. 2 Flûtes et Pfte. Op. <opus key="opus_2131">30</opus></title>. <pubPlace key="place_0392">Leipzig</pubPlace>, <publisher key="publ_1746">Hofmeister</publisher> 1 Thlr. 8 Gr.</bibl>
<bibl id="hofm_1838_01_0004_06"><regNumber>4810</regNumber>. <composer key="compo_032798">Spohr  (L.)</composer> <title>Nachklänge einer Reise nach Dresden und in die sächsische Schweiz. Duetto f. Pfte. u. Violine. Op. <opus key="opus_4687">96</opus>, in <key>F</key></title>. <pubPlace key="place_0069">Bonn</pubPlace>, <publisher key="publ_3791">Simrock</publisher> 7 Fr.</bibl>
</div><div id="hofm_1838_01_0004_div07"><head><hofClass key="hofCl_0171">Musik für das Pianoforte zu 4 Händen.</hofClass></head>

    <wip id="hofm_1838_01_0004_07"><regNumber>389</regNumber>. <composer key="compo_006306">Czerny (Ch.)</composer> <title><series>Souvenir théatral</series>. Collection périodique de Fantaisies élégantes sur les Motifs le plus fav. des nouv. Opéras. Oe. (<opus key="opus_1782">247</opus>.)</title> <pubPlace key="place_0731">Wien</pubPlace>, <publisher key="publ_0735">Diabelli et Co</publisher>.  
        <listBibl rend="curly"><bibl><seg><title type="begin"><series>Cah. 50, 2me</series></title></seg><seg rend="curly-left" id="hofm_1838_01_0004_07_1"> <title type="cont">Fantaisie sur les Motifs de l’Opéra : Beatrice di Tenda, de Bellini Oe. <opus key="opus_2425">342</opus></title>, à 2 Fl. </seg></bibl>
            <bibl><seg><title type="begin"><series>Cah. 51, 3me</series></title></seg><seg sameAs="hofm_1838_01_0004_07_1"/></bibl></listBibl></wip>
    
<bibl id="hofm_1838_01_0004_08"><regNumber>4881</regNumber>. – <title>Fantaisie et Variations sur un Thème fav. de l’Opéra : Le Cheval de Bronze d’Auber p. Pfte à 4 Mains. Oe. <opus key="opus_2717">395</opus>, in <key>D</key></title>. <pubPlace key="place_0438">Mainz</pubPlace>, <publisher key="publ_3563">Schott</publisher> 2 Fl. 6 Xr.</bibl>
<bibl id="hofm_1838_01_0004_09"><regNumber>4806</regNumber>. – <title>2 Quadrilles royales p. Pfte à 4 Mains. Oe. <opus key="opus_3022">459</opus>. No. 1, La Victoire. No. 2, L’Alexandrina</title>. <pubPlace key="place_0069">Bonn</pubPlace>, <publisher key="publ_3791">Simrock</publisher> à 2 Fr.</bibl>
<wip id="hofm_1838_01_0004_10"><regNumber>4807</regNumber>. – <title>3 Duos p. Pfte à 4 Mains. Oe. <opus key="opus_3044">461</opus></title>. <title>No. 1, Rondino : Non più andrai, de Figaro de Mozart</title>. <title>No. 2, Air tyrolien : A Schüsserl und a Reindl. av. Variations</title>. <title>No. 3, The blough boi av. Variations</title>. Ebend. à 1 Fr. 50 Ct.</wip>
<bibl id="hofm_1838_01_0004_11"><regNumber>545</regNumber>. <composer key="compo_006921">Diabelli (Ant.)</composer> <title>28 melodische Uebungsstücke im Umfang von 5 Noten bei stillstehender Hand, um allen Fingern beider Hände gleiche Kraft und Unabhängigkeit zu verschaffen, f. Pfte zu 4 Händen. Op. <opus key="opus_0792">149</opus>. <edition>Neue vermehrte Ausgabe</edition></title>. <pubPlace key="place_0731">Wien</pubPlace>, <publisher key="publ_0735">Diabelli u. Co</publisher>. 2 Fl. 30 Xr.</bibl>
<bibl id="hofm_1838_01_0004_12">– Dieselben in 4 Heften. Ebend. à 45 Xr.</bibl>
<wip id="hofm_1838_01_0004_13">– <title><series>Euterpe</series>. Eine Reihe moderner und vorzüglich beliebter Tonstücke f. Pfte zu 4 Händen</title>.<listBibl rend="curly"><bibl><seg><title type="begin"><series>No. 324</series>, Zweites</title></seg><seg id="hofm_1838_01_0004_13_first_1" rend="curly-left"><title type="cont">Potpourri nach Motiven d. Oper: Anna Bolena, von Donizetti</title>.</seg><seg id="hofm_1838_01_0004_13_second_1" rend="curly-left">à 1 Fl. 30 Xr. </seg></bibl><bibl><seg><title type="begin"><series>325</series>, Drittes</title></seg><seg sameAs="hofm_1838_01_0004_13_first_1"/><seg sameAs="hofm_1838_01_0004_13_second_1"/></bibl><bibl><seg><title type="begin"><series>327</series>, Erstes</title></seg><seg id="hofm_1838_01_0004_13_first_2" rend="curly-left"><title type="cont">Potpourri nach Motiven d. Oper: Die Ballnacht (Le Bal masqué) von Auber</title>.</seg><seg id="hofm_1838_01_0004_13_second_2" rend="curly-left">1 Fl. 15 Xr.  1 Fl. 30 Xr.</seg></bibl><bibl><seg><title type="begin"><series>328</series>, Zweites</title>.</seg><seg sameAs="hofm_1838_01_0004_13_first_2"/><seg sameAs="hofm_1838_01_0004_13_second_2"/></bibl><bibl><seg><title type="begin"><series>353</series>, 1stes</title></seg><seg id="hofm_1838_01_0004_13_first_3" rend="curly-left"><title type="cont">Potpourri nach Motiven der Oper: Der Postillon von Lonjumeau, von A. Adam</title>.</seg><seg id="hofm_1838_01_0004_13_second_3" rend="curly-left">à 1 Fl. 15 Xr. </seg></bibl><bibl><seg><title type="begin"><series>354</series>, 2tes</title></seg><seg sameAs="hofm_1838_01_0004_13_first_3"/><seg sameAs="hofm_1838_01_0004_13_second_3"/></bibl><bibl><seg><title type="begin"><series>355</series>, 3tes</title></seg><seg sameAs="hofm_1838_01_0004_13_first_3"/><seg sameAs="hofm_1838_01_0004_13_second_3"/></bibl></listBibl></wip>
<bibl id="hofm_1838_01_0004_14"><composer key="compo_009389">Fischer (H.)</composer> <title>Rondeau agréable et facile sur des Motifs de l’Opéra : Les Huguenots de Meyerbeer p. Pfte à 4 Mains</title>. <pubPlace key="place_0199">Frankfurt</pubPlace>, <publisher key="publ_1034">Fischer</publisher> 36 Xr.</bibl>
<bibl id="hofm_1838_01_0004_15"><composer key="compo_015945">Hünten (Franç.)</composer> <title>Galop de Paris, arr. p. Pfte à 4 Mains p. Ch. Czerny</title>. <pubPlace key="place_0069">Bonn</pubPlace>, <publisher key="publ_3791">Simrock</publisher> 1 Fr. 25 Ct.</bibl>
<bibl id="hofm_1838_01_0004_16"><composer key="compo_019067">Kuhlau (F.)</composer> <title>Divertissement p. Pfte à 4 Mains (in <key>B</key>.)</title> <pubPlace key="place_0276">Hamburg</pubPlace>, <publisher key="publ_3607">Schuberth u. N</publisher>. 12 Gr.</bibl>
<pb n="5"/>
<bibl id="hofm_1838_01_0005_01"><regNumber>4859</regNumber>. 	<composer key="compo_020014">Lanner (Jos.)</composer> <title>Amors-Flügel. Walzer f. Pfte zu 4 Händen. Op. <opus key="opus_0409">120</opus></title>. <pubPlace key="place_0731">Wien</pubPlace>, <publisher key="publ_2605">Mechetti</publisher> 1 Fl.</bibl>
<bibl id="hofm_1838_01_0005_02"><composer key="compo_022249">Marks (G.W.)</composer> <title>Mosaïque. Zusammenstellung der vorzüglichsten Musik-Stücke der neuesten Opern, f. Pfte zu 4 Händen. Op. <opus key="opus_3703">62. No. 12</opus>, Die bezauberte Rose. Die Botschafterin. Der Postillon von Lonjumeau</title>. <pubPlace key="place_0276">Hamburg</pubPlace>, <publisher key="publ_0640">Cranz</publisher> 16 Gr.</bibl>
<bibl id="hofm_1838_01_0005_03"><regNumber>4864</regNumber>. – <title>3 Fantaisies tirées des Opéras de V. Bellini p. Pfte à 4 Mains. Oe. <opus key="opus_3767">64</opus>, Suite de l’Oe. <opus key="opus_2268">32</opus>, (av. Vign.) No. 1, La Sonnambula. No. 2, La Norma. No. 3, I Puritani</title>. <pubPlace key="place_0392">Leipzig</pubPlace>, <publisher key="publ_1746">Hofmeister</publisher> à 16 Gr.</bibl>
    <wip id="hofm_1838_01_0005_04"><listBibl rend="curly"><bibl><seg><regNumber>1996</regNumber></seg><seg id="hofm_1838_01_0005_04_1" rend="curly-left"><composer key="compo_022904">Mendelssohn-Bartholdy (F.)</composer><title>Sechs Lieder ohne Worte f. Pfte zu 4 Händen arr. von C. Czerny</title><title>1stes Heft. Op. <opus key="opus_1271">19</opus></title>. <title>2tes Heft. Op. <opus key="opus_2131">30</opus></title>. <pubPlace key="place_0069">Bonn</pubPlace>, <publisher key="publ_3791">Simrock</publisher> à 4 Fr. 50 Ct.</seg></bibl><bibl><seg><regNumber>3139</regNumber></seg><seg sameAs="hofm_1838_01_0005_04_1"/></bibl></listBibl></wip>
<bibl id="hofm_1838_01_0005_05"><composer key="compo_023890">Mozart (W.A.)</composer> <title>Fantasie und Sonate arr. f. Pfte zu 4 Händen Op. <opus key="opus_0234">11</opus>, in <key>Cm</key></title>. <pubPlace key="place_0280">Hannover</pubPlace>, <publisher key="publ_2808">Nagel</publisher> 1 Thlr. 8 Gr.</bibl>
<bibl id="hofm_1838_01_0005_06"><regNumber>3602</regNumber>. <composer key="compo_025363">Onslow (G.)</composer> <title>Quatuor p. Violon No. 30, arr. p. Pfte à 4 Mains. Oe. <opus key="opus_3416">56</opus>, in <key>Cm</key></title>. <pubPlace key="place_0392">Leipzig</pubPlace>, <publisher key="publ_2017">Kistner</publisher> 1 Thlr. 4 Gr.</bibl>
<bibl id="hofm_1838_01_0005_07"><composer key="compo_030656">Schmitt (J.)</composer> <title>Vive la Jeunesse. Amusement p. Pfte à 4 Mains. Oe. <opus key="opus_1051">168</opus>, in <key>F</key></title>. <pubPlace key="place_0276">Hamburg</pubPlace>, <publisher key="publ_3607">Schuberth et N</publisher>. 8 Gr.</bibl>
</div><div id="hofm_1838_01_0005_div08"><head><hofClass key="hofCl_0272">Ouverturen für das Pianoforte zu 4 Händen.</hofClass></head>
<bibl id="hofm_1838_01_0005_08"><composer key="compo_007196">Donizetti</composer>, <title>Ouverture aus der Oper: Il Diluvio universale f. Pfte zu 4 Händen</title>. <pubPlace key="place_0554">Prag</pubPlace>, <publisher key="publ_0282">Berra</publisher> 1 Fl. 12 Xr.</bibl>
<bibl id="hofm_1838_01_0005_09"><regNumber>4865</regNumber>. <composer key="compo_022560">Maurer (Louis)</composer> <title>Ouverture sur l’Hymne national : Dieu garde l’Empereur arr. p. Pfte à 4 Mains p. Ch. Mayer (in <key>C</key>.)</title> <pubPlace key="place_0392">Leipzig</pubPlace>, <publisher key="publ_1746">Hofmeister</publisher> 20 Gr.</bibl>
</div><div id="hofm_1838_01_0005_div09"><head><hofClass key="hofCl_0166">Musik für das Pianoforte allein.</hofClass></head>
<bibl id="hofm_1838_01_0005_10"><composer key="compo_000389">Alkan (C.V.)</composer> <title>3 Improvisations dans le Style brillant p. Pfte. Oe. <opus key="opus_0392">12</opus></title>. <pubPlace key="place_0537">Paris</pubPlace>, <publisher key="publ_3222">Richault</publisher> 7 Fr. 50 Ct.</bibl>
<bibl id="hofm_1838_01_0005_11">– <title>3 Andantes romantiques p. Pfte. Oe. <opus key="opus_0531">13</opus></title>. Ebend. 9 Fr.</bibl>
<bibl id="hofm_1838_01_0005_12">– <title>3 Scherzi p. Pfte. Oe. <opus key="opus_0927">16</opus></title>. Ebend. 12 Fr.</bibl>
<bibl id="hofm_1838_01_0005_13"><regNumber>4478</regNumber>. <composer key="compo_001079">Auber, (D.F.E.)</composer> <title>Douze petites Pièces faciles tirées de l’Opéra : L’Ambassadrice (Die Botschafterin) p. J. Rummel</title>. <pubPlace key="place_0438">Mainz</pubPlace>, <publisher key="publ_3563">Schott</publisher> 1 Fl. 12 Xr.</bibl>
<bibl id="hofm_1838_01_0005_14">– <title>9 leichte Handstücke über Melodien aus der Oper: Die Gesandtin f. Pfte mit Fingersatz</title>. <pubPlace key="place_0044">Berlin</pubPlace>, <publisher key="publ_2455">Lischke</publisher> 12 Gr.</bibl>
<bibl id="hofm_1838_01_0005_15"><composer key="compo_002077">Beethoven (L. v.)</composer> <title>Sonate pathétique p. Pfte. Oe. <opus key="opus_0531">13</opus>. <edition>Soigneusement revue et corrigée, doigtée p. C. Czerny</edition>. Metronomisée p. Moscheles</title>. <pubPlace key="place_0276">Hamburg</pubPlace>, <publisher key="publ_0640">Cranz</publisher> 16 Gr.</bibl>
<bibl id="hofm_1838_01_0005_16"><composer key="compo_002205">Bellini (V.)</composer> <title>Beatrice di Tenda (Castell von Ursino) 3 kleine Potpourris f. Pfte von C. Czerny</title>. <pubPlace key="place_0731">Wien</pubPlace>, <publisher key="publ_1506">Haslinger</publisher> geh. 1 Fl. 30 Xr.</bibl>
<bibl id="hofm_1838_01_0005_17">– <title>I Montecchi e Capuleti. 3 kleine Potpourris f. Pfte von C. Czerny</title>. Ebend. geh. 1 Fl. 30 Xr.</bibl>
<bibl id="hofm_1838_01_0005_18">– <title>Norma. 3 kleine Potpourris f. Pfte. von C. Czerny</title>. Ebend. geh. 1 Fl. 30 Xr.</bibl>
<bibl id="hofm_1838_01_0005_19">– <title>Il Pirata. 3 kleine Potpourris f. Pfte von C. Czerny</title>. Ebend. geh. 1 Fl. 30 Xr.</bibl>
<bibl id="hofm_1838_01_0005_20">– <title>I Puritani. 3 kleine Potpourris f. Pfte von C. Czerny</title>. Ebend. geh. 1 Fl. 30 Xr.</bibl>
<bibl id="hofm_1838_01_0005_21">– <title>La Sonnambula. 3 kleine Potpourris f. Pfte von C. Czerny</title>. Ebend. geh. 1 Fl. 30 Xr.</bibl>
<pb n="6"/>
<bibl id="hofm_1838_01_0006_01"><composer key="compo_002205">Bellini (V.)</composer> <title>La Straniera (Die Unbekannte) 3 kleine Potpourris f. Pfte von C. Czerny</title>. <pubPlace key="place_0731">Wien</pubPlace>, <publisher key="publ_1506">Haslinger</publisher> geh. 1 Fl. 30 Xr.</bibl>
<bibl id="hofm_1838_01_0006_02"><composer key="compo_004998">Böhner (Louis)</composer> <title>Quatre Caprices en Forme de Valses p. Pfte. Oe. <opus key="opus_4096">74</opus></title>. <pubPlace key="place_0276">Hamburg</pubPlace>, <publisher key="publ_3607">Schuberth et N</publisher>. 12 Gr.</bibl>
<bibl id="hofm_1838_01_0006_03"><composer key="compo_004748">Burkhardt (Sal.)</composer> <title>Quatre Mazurkas p. Pfte. Oe. <opus key="opus_2268">32</opus></title> (Déd. à Mr. Mockwitz.) Ebend. 12 Gr.</bibl>
<bibl id="hofm_1838_01_0006_04"><regNumber>4830</regNumber>. <composer key="compo_005623">Chotek (Fr. Xav.)</composer> <title>Fantaisie sur des Motifs favoris de l’Opéra : Le Postillon de Lonjumeau d’A. Adam p. Pfte. Oe. <opus key="opus_1802">25</opus>, in <key>G</key></title>. <pubPlace key="place_0731">Wien</pubPlace>, <publisher key="publ_2605">Mechetti</publisher> 1 Fl.</bibl>
<bibl id="hofm_1838_01_0006_05"><regNumber>389</regNumber>. <composer key="compo_006306">Czerny (Ch.)</composer> <title><series>Souvenir théatral</series>. Collection periodique de Fantaisies élégantes sur les Motifs les plus fav. des nouveaux Opéras p. Pfte (Oe. <opus key="opus_1782">247</opus>) Cah. 31, 3me Fantaisie sur les Motifs de l’Opéra : Beatrice di Tenda, di Bellini. Oe. <opus key="opus_2425">342</opus></title>. <pubPlace key="place_0731">Wien</pubPlace>, <publisher key="publ_0735">Diabelli et Co</publisher>. 1 Fl. 15 Xr.</bibl>
<wip id="hofm_1838_01_0006_06">– <title>Quatre Sonatines faciles et progressives p. Pfte composées pour les Elèves avancées. Oe. <opus key="opus_2945">439</opus></title>. <title>No. 1, in <key>C</key></title>. 12 Gr. <title>No. 2, in <key>G</key></title>. 16 Gr. <title>No. 3, in <key>F</key></title>. 16 Gr. <title>No. 4, in <key>C</key></title>. 12 Gr. <pubPlace key="place_0044">Berlin</pubPlace>, <publisher key="publ_1146">Fröhlich et Co</publisher>.</wip>
<wip id="hofm_1838_01_0006_07"><regNumber>4804</regNumber>. – <title>24 petites Pièces en Rondeaux et Variations av. le Doigté à l’Usage de la Jeunesse p. Pfte. Oe. <opus key="opus_3013">455</opus></title>. <title>Liv. 1, Le vaillant Troubadour. Durandarte et Belerma. Ils ne sont plus. Rule Britania</title>. <title>Liv. 2, Portrait charmant. Donald. Air Suisse. Tic e tic e toc mio bel Moretto</title>. <title>Liv. 3, Robin Adair. Le Songe de Rousseau. The Moreen. God save the Queen</title>. <title>Liv. 4, Auld Robin gray. Sul margine d’un rio. My love she’s but a lassie yet. Le petit Tambour</title>. <title>Liv. 5, John Anderson my joe. The poor blind boy. The groves of blarney. La Biondina in Gondoletta</title>. <title>Liv. 6, Stanco di Pasolar le Pecorelle. Dernière Pensée de C.M. de Weber. Retour de la Tyrolienne. C’est une larme</title>. <pubPlace key="place_0069">Bonn</pubPlace>, <publisher key="publ_3791">Simrock</publisher> à 3 Fr.</wip>
<bibl id="hofm_1838_01_0006_08"><regNumber>4805</regNumber>. – <title>Rondeau brillant sur la Romance favorite : Son Nom. p. Pfte. Oe. <opus key="opus_3015">456</opus> in <key>B</key></title>. Ebend. 2 Fr. 50 Ct.</bibl>
<wip id="hofm_1838_01_0006_09"><regNumber>4776</regNumber>. – <title><series>Musikalische Theater-Bibliothek</series> für die Jugend f. Pfte mit Bezeichnung des Fingersatzes. Op. <opus key="opus_3048">463</opus></title>. <title>Heft 22–24, 3 kleine Potpourri nach beliebten Motiven aus der Donizetti’schen Oper: Anna Bolena</title>. <pubPlace key="place_0731">Wien</pubPlace>, <publisher key="publ_1506">Haslinger</publisher> à 30 Xr.</wip>
<bibl id="hofm_1838_01_0006_10"><regNumber>4808</regNumber>. – <title>Hommage à Beethoven. 6 Fantaisies en Forme de Rondeaux sur des Melodies choisies des Compositions vocales de L. v. Beethoven. Oe. <opus key="opus_3061">466</opus>. No. 1, Freudvoll und leidvoll. No. 2, Ich denke dein. No. 3, Ich liebe dich, so wie du mich. No. 4, Als mir noch die Thräne der Sehnsucht nicht floss. No. 5, O dass ich dir vom stillen Auge. No. 6, Schmeichelnd hold und lieblich klingen</title>. <pubPlace key="place_0069">Bonn</pubPlace>, <publisher key="publ_3791">Simrock</publisher> à 2 Fr.</bibl>
<bibl id="hofm_1838_01_0006_11"><regNumber>4855</regNumber>. – <title>Souvenir de mon second Voyage. Mon Séjour à Paris. Fantaisie brillante p. Pfte. Oe. <opus key="opus_3086">471</opus>, in <key>Gm</key></title>. <pubPlace key="place_0731">Wien</pubPlace>, <publisher key="publ_2605">Mechetti</publisher> 2 Fl.</bibl>
<bibl id="hofm_1838_01_0006_12"><composer key="compo_006921">Diabelli (Ant.)</composer> <title>Le Bouquetier. Quatre Sonatines p. Pfte. Oe. <opus key="opus_0840">151</opus>. <edition>Nouv. Edition, revue et augmentée p. l’Auteur</edition></title>. <pubPlace key="place_0731">Wien</pubPlace>, <publisher key="publ_0735">Diabelli et Co</publisher>. 1 Fl. 30 Xr.</bibl>
<bibl id="hofm_1838_01_0006_13">– Les Mêmes séparés à 30 Xr.</bibl>
<pb n="7"/>
<wip id="hofm_1838_01_0007_01"><regNumber>584</regNumber>. <composer key="compo_006921">Diabelli (Ant.)</composer> <title><series>Euterpe</series>. Eine Reihe moderner und vorzüglich beliebter Tonstücke f. Pfte</title>. <pubPlace key="place_0731">Wien</pubPlace>, <publisher key="publ_0735">Diabelli u. Co</publisher>.<listBibl rend="curly"><bibl><seg><title type="begin"><series>No. 353</series>, Erstes</title></seg><seg id="hofm_1838_01_0007_01_first_1" rend="curly-left"><title type="cont">Potpourri nach Motiven d. Oper: Der Postillon von Lonjumeau von A. Adam</title>.</seg><seg id="hofm_1838_01_0007_01_second_1" rend="curly-left">à 45 Xr</seg></bibl><bibl><seg>– <title type="begin"><series>354</series>, Zweites</title></seg><seg sameAs="hofm_1838_01_0007_01_first_1"/><seg sameAs="hofm_1838_01_0007_01_second_1"/></bibl><bibl><seg>– <title type="begin"><series>355</series>, Drittes</title></seg><seg sameAs="hofm_1838_01_0007_01_first_1"/><seg sameAs="hofm_1838_01_0007_01_second_1"/></bibl></listBibl></wip>
<bibl id="hofm_1838_01_0007_02"><composer key="compo_007289">Dotzauer (J.J.F.)</composer> <title>Rondoletto p. Pfte (in <key>Es</key>.)</title> <pubPlace key="place_0276">Hamburg</pubPlace>, <publisher key="publ_3607">Schuberth u. N</publisher>. 8 Gr.</bibl>
<bibl id="hofm_1838_01_0007_03"><regNumber>4833</regNumber>. <composer key="compo_013475">Haslinger (Carl)</composer> <title>Dampfschiff-Lustfahrt. Rondino f. Pfte. Op. <opus key="opus_0927">16</opus>, in <key>G</key></title>. <pubPlace key="place_0731">Wien</pubPlace>, <publisher key="publ_1506">Haslinger</publisher> 45 Xr.</bibl>
<bibl id="hofm_1838_01_0007_04"><composer key="compo_018855">Krollmann (A.)</composer> <title>Sonatine p. Pfte. Oe. <opus key="opus_2187">31</opus>, in <key>C</key></title>. <pubPlace key="place_0280">Hannover</pubPlace>, <publisher key="publ_2808">Nagel</publisher> 10 Gr.</bibl>
<wip id="hofm_1838_01_0007_05"><composer key="compo_019067">Kuhlau (F.)</composer> <title>3 Sonates faciles et brillantes p. Pfte. Oe. <opus key="opus_3029">46</opus>. <edition>Nouv. Edit</edition></title>. <title>No. 1</title>, 14 Gr.<title> No. 2</title>, 10 Gr. <title>No. 3</title>, 20 Gr. <pubPlace key="place_0276">Hamburg</pubPlace>, <publisher key="publ_0640">Cranz</publisher>.</wip>
<bibl id="hofm_1838_01_0007_06">– <title>3 Sonates faciles et brillantes p. Pfte. Oe. <opus key="opus_3529">59</opus>. <edition>Nouv. Edit</edition></title>. Ebend. 1 Thlr, 4 Gr.</bibl>
<bibl id="hofm_1838_01_0007_07"><regNumber>4886</regNumber>. <composer key="compo_020014">Lanner (Jos.)</composer> <title>Melodion. Grosses Potpourri f. Pfte. Op. <opus key="opus_0376">119</opus></title>. <pubPlace key="place_0731">Wien</pubPlace>, <publisher key="publ_2605">Mechetti</publisher> 1 Fl. 30 Xr.</bibl>
<bibl id="hofm_1838_01_0007_08"><composer key="compo_022249">Marks (G.W.)</composer> <title>3 petits Rondos sur des Motifs de l’Opéra : L’Ambassadrice d’Auber p. Pfte. Oe. <opus key="opus_3738">63</opus></title>. <pubPlace key="place_0276">Hamburg</pubPlace>, <publisher key="publ_0640">Cranz</publisher> 14 Gr.</bibl>
<bibl id="hofm_1838_01_0007_09"><regNumber>4866</regNumber>. <composer key="compo_022612">Mayer (Ch.)</composer> <title>Les Papillons. Rondeau brillant. Op. <opus key="opus_3316">53</opus></title>. <pubPlace key="place_0392">Leipzig</pubPlace>, <publisher key="publ_1746">Hofmeister</publisher> 20 Gr.</bibl>
<bibl id="hofm_1838_01_0007_10"><regNumber>4867</regNumber>. – <title>Grande Fantaisie dramatique p. Pfte. Oe. <opus key="opus_3351">54</opus></title>. Ebend. 1 Thlr.</bibl>
<bibl id="hofm_1838_01_0007_11"><regNumber>4836</regNumber>. <composer key="compo_024267">Müller (Rob.)</composer> <title>Rêveries d’un Barde caledonien. Fantaisie p. Pfte. Oe. <opus key="opus_0001">1</opus>, in <key>Am</key></title>. <pubPlace key="place_0731">Wien</pubPlace>, <publisher key="publ_1506">Haslinger</publisher> 1 Fl. 45 Xr.</bibl>
<bibl id="hofm_1838_01_0007_12"><composer key="compo_026118">Pesadori (Antoinette)</composer> <title>Introduction et Rondeau agréable p. Pfte (in <key>As</key>.)</title> <pubPlace key="place_0276">Hamburg</pubPlace>, <publisher key="publ_3607">Schuberth et N</publisher>. 12 Gr.</bibl>
<bibl id="hofm_1838_01_0007_13"><regNumber>4884</regNumber>. <composer key="compo_026588">Plachy (W.)</composer> <title>Fantaisie sur la Cantileno favorite : Jo soffrii Tortura, de l’Opéra : Beatrice di Tenda de Bellini. Oe. <opus key="opus_4416">83</opus></title>. <pubPlace key="place_0731">Wien</pubPlace>, <publisher key="publ_2605">Mechetti</publisher> 45 Xr.</bibl>
<bibl id="hofm_1838_01_0007_14"><composer key="compo_028394">Ries (Ferdinand)</composer> <title>Introduction et Rondeau à la Zingaresco p. Pfte. Oe. <opus key="opus_1187">181</opus>, in <key>Es</key></title>. <pubPlace key="place_0276">Hamburg</pubPlace>, <publisher key="publ_3607">Schuberth et N</publisher>. 12 Gr</bibl>
<bibl id="hofm_1838_01_0007_15"><composer key="compo_030657">Schmitt (Jac.)</composer> <title>Divertissement p. Pfte. Oe. <opus key="opus_4070">73</opus>, in <key>C</key></title>. Ebend. 8 Gr.</bibl>
<bibl id="hofm_1838_01_0007_16">– <title>3 Nocturnes p. Pfte. Oe. <opus key="opus_4354">81</opus></title>. Ebend. 12 Gr.</bibl>
<bibl id="hofm_1838_01_0007_17">– <title>3 Nocturnes p. Pfte. Oe. <opus key="opus_0477">125</opus></title>. Ebend. 12 Gr.</bibl>
<bibl id="hofm_1838_01_0007_18"><composer key="compo_031152">Schuberth (Louis)</composer> <title>L’Espérance. Sonate p. Pfte. Oe. <opus key="opus_1802">25</opus>, in <key>C</key></title>. Ebend. 1 Thlr.</bibl>
<bibl id="hofm_1838_01_0007_19"><composer key="compo_031364">Schunke (Ch.)</composer> <title>Rondo facile sur les Huguenots de Meyerbeer p. Pfte. Oe. <opus key="opus_2958">44. No. 2</opus></title>. <pubPlace key="place_0044">Berlin</pubPlace>, <publisher key="publ_3471">Schlesinger</publisher> 12 Gr.</bibl>
<wip id="hofm_1838_01_0007_20"><regNumber>4878</regNumber>.– <title>3 Morceaux brillants et d’une Forme progressive sur des Motifs fav. des Huguenots de Meyerbeer p. Pfte. Oe. <opus key="opus_3244">51</opus>.</title>. <title>Liv. 1. 2</title>.<pubPlace key="place_0044">Berlin</pubPlace>, <publisher key="publ_3471">Schlesinger</publisher> 12 Gr.</wip>
<bibl id="hofm_1838_01_0007_21"><composer key="compo_035758">Voss (Charl.)</composer> <title>Fantaisie, Variations brillantes et Rondeau sur un motif fav. du Prince Royal d’Hannovre. p. Pfte. Oe. <opus key="opus_2131">30</opus>, in <key>G</key></title>. <pubPlace key="place_0044">Berlin</pubPlace>, <publisher key="publ_4067">Trautwein</publisher> 14 Gr.</bibl>
</div><div id="hofm_1838_01_0007_div10"><head><hofClass key="hofCl_0292">Variationen für das Pianoforte.</hofClass></head>
<bibl id="hofm_1838_01_0007_22"><composer key="compo_002077">Beethoven (L. v.)</composer> <title>Variations instructives et doigtées sur le Thème fav. de la Molinora (Nel cor più non mi sento) p. Pfte</title>. <pubPlace key="place_0276">Hamburg</pubPlace>, <publisher key="publ_0640">Cranz</publisher> 8 Gr.</bibl>
<pb n="8"/>
<bibl id="hofm_1838_01_0008_01"><composer key="compo_003650">Bommer (W.)</composer> <title>Variations sur un Air russe p. Pfte (in <key>D</key>.)</title> <pubPlace key="place_0608">Petersburg</pubPlace>, <publisher key="publ_2973">Ch. Paez jun</publisher>. 12 Gr.</bibl>
<bibl id="hofm_1838_01_0008_02"><composer key="compo_004748">Burkhardt (Sal.)</composer> <title>Introd. et Variations sur une Cavatine de l’Opéra : Cenerentola de Rossini (in <key>C</key>.)</title> <pubPlace key="place_0276">Hamburg</pubPlace>, <publisher key="publ_3607">Schuberth et N</publisher>. 6 Gr.</bibl>
<bibl id="hofm_1838_01_0008_03"><regNumber>4399</regNumber>. <composer key="compo_006306">Czerny (Ch.)</composer> <title>Mélodies choisies avec Variations dans le Style brillant et moderne p. Pfte. Oe. <opus key="opus_2968">440, No. 4</opus>, Thème de la Sonnambula de Bellini</title>. <pubPlace key="place_0069">Bonn</pubPlace>, <publisher key="publ_3791">Simrock</publisher> 2 Fr.</bibl>
<bibl id="hofm_1838_01_0008_04"><regNumber>4868</regNumber>. <composer key="compo_022612">Mayer (Ch.)</composer> <title>Grandes Variations sur la Polonaise de l’Opéra : I Puritani de Bellini p. Pfte. Oe. <opus key="opus_3204">50</opus>, in <key>Es</key></title>. <pubPlace key="place_0392">Leipzig</pubPlace>, <publisher key="publ_1746">Hofmeister</publisher> 20 Gr.</bibl>
<bibl id="hofm_1838_01_0008_05"><composer key="compo_028374">Riehle (Jul.)</composer> <title>Variations sur l’Air russe nationale (Dieu garde l’Empereur) p. Pfte. Oe. <opus key="opus_0392">12</opus></title>. <pubPlace key="place_0608">Petersburg</pubPlace>, <publisher key="publ_2973">Ch. Paez jun</publisher>. 10 Gr.</bibl>
<bibl id="hofm_1838_01_0008_06"><composer key="compo_028393">Ries (F.)</composer> <title>Introd. et Variations sur un Air : Rhenal des Paysans, p. Pfte. Oe. <opus key="opus_1029">165</opus>, in <key>C</key></title>. <pubPlace key="place_0276">Hamburg</pubPlace>, <publisher key="publ_3607">Schuberth et N</publisher>. 8 Gr.</bibl>
<bibl id="hofm_1838_01_0008_07"><composer key="compo_029611">Salleneuve (E.)</composer> <title>Leichte Variationen über das beliebte Hobellied aus dem Zaubermährchen „Der Verschwender“ f. Pfte. Op. <opus key="opus_1661">23</opus> in <key>F</key></title>. <pubPlace key="place_0044">Berlin</pubPlace>, <publisher key="publ_3455">Schiele</publisher> 8 Gr.</bibl>
<bibl id="hofm_1838_01_0008_08"><composer key="compo_030657">Schmitt (Jac.)</composer> <title>Introd. et Variations brillantes p. Pfte. Oe. <opus key="opus_4580">90</opus>, in <key>A</key>. <edition>Neue verb. Aufl</edition></title>. <pubPlace key="place_0276">Hamburg</pubPlace>, <publisher key="publ_3607">Schuberth et N</publisher>. 1 Thlr.</bibl>
</div><div id="hofm_1838_01_0008_div11"><head><hofClass key="hofCl_0273">Ouverturen für das Pianoforte.</hofClass></head>
<bibl id="hofm_1838_01_0008_09"><composer key="compo_007196">Donizetti</composer>, <title>Introduction zur Oper: Der Liebestrank (L’Elisire d’Amore) p. Pfte</title>. <pubPlace key="place_0044">Berlin</pubPlace>, <publisher key="publ_3471">Schlesinger</publisher> 4 Gr.</bibl>
</div><div id="hofm_1838_01_0008_div12"><head><hofClass key="hofCl_0288">Tänze für das Pianoforte.</hofClass></head>
<bibl id="hofm_1838_01_0008_10"><regNumber>4858</regNumber>. <composer key="compo_002301">Bendl (Carl)</composer> <title>Tanz-Guirlanden. Walzer f. Pfte. Op. <opus key="opus_0234">11</opus></title>. <pubPlace key="place_0731">Wien</pubPlace>, <publisher key="publ_0735">Diabelli u. Co</publisher>. 45 Xr.</bibl>
<listBibl><bibl id="hofm_1838_01_0008_11"><composer key="compo_004998">Böhner (Louis)</composer> <title>3 Fantasie-Walzer f. Pfte</title>. <pubPlace key="place_0276">Hamburg</pubPlace>, <publisher key="publ_3607">Schuberth u. N</publisher>. 12 Gr.</bibl>
<bibl id="hofm_1838_01_0008_12"><composer key="compo_004748">Burkhardt (Sal.)</composer> <title>2 Braut-Galoppen f. Pfte</title>. Ebend. 6 Gr. <lb/>(<series>Hamburger Gesellschaftstänze. Heft 4. 10</series>.)</bibl>
</listBibl><listBibl><bibl id="hofm_1838_01_0008_13"><composer key="compo_005246">Canthal (Aug. M.)</composer> <title>Galopp aus des Oper: Die Jüdin f. Pfte. Op. <opus key="opus_3529">59</opus></title>. Ebend. 6 Gr.</bibl>
<bibl id="hofm_1838_01_0008_14">– <title>Braut-Tänze f. Pfte. Op. <opus key="opus_3658">61</opus></title>. Ebend. 12 Gr.</bibl>
<bibl id="hofm_1838_01_0008_15">– <title>Die Jahreszeiten. Frühlings- Sommer- Herbst- und Winter-Galopp f. Pfte. Op. <opus key="opus_3701">62</opus></title>. Ebend. 16 Gr.</bibl>
<bibl id="hofm_1838_01_0008_16"><composer key="compo_005672">Chwatal (F.X.)</composer> <title>Grosser Walzer f. Pfte. Op. <opus key="opus_2187">31</opus></title>. Ebend. 10 Gr.</bibl>
<bibl id="hofm_1838_01_0008_17"><composer key="compo_006220">Cunze (L.A.F.)</composer> <title>Amor-Walzer</title>. Ebend. 12 Gr.</bibl>
<bibl id="hofm_1838_01_0008_18"><composer key="compo_008692">Evers (C.)</composer> <title>Plait-il? Walzer f. Pfte. Op. <opus key="opus_0531">13</opus></title>. Ebend. 12 Gr. (<series>Hamburger Gesellschafts-Tänze. Heft 14. 15. 11. 9. 6</series>.)</bibl>
</listBibl><bibl id="hofm_1838_01_0008_19"><regNumber>4832</regNumber>. <composer key="compo_008808">Fahrbach (Ph.)</composer> <title>Herbst-Blüthen. Walzer f. Pfte. Op. <opus key="opus_1661">23</opus></title>. <pubPlace key="place_0731">Wien</pubPlace>, <publisher key="publ_1506">Haslinger</publisher> 45 Xr.</bibl>
<bibl id="hofm_1838_01_0008_20"><composer key="compo_008957">Fecher (Ign.)</composer> <title>Vive la Danse ! Walzer f. Pfte. Op. <opus key="opus_2737">4</opus></title>, (<series>Hamburger Gesellschafts-Tänze. Heft 12</series>.) <pubPlace key="place_0276">Hamburg</pubPlace>, <publisher key="publ_3607">Schuberth u. N</publisher>. 8 Gr.</bibl>
<bibl id="hofm_1838_01_0008_21"><composer key="compo_009631">Foreit (Ant.)</composer> <title>Der Postillon von Lonjumeau. Postillons-Walzer mit Intr. u. Coda nach Melodien dieser Oper f. Pfte</title>. <pubPlace key="place_0438">Mainz</pubPlace>, <publisher key="publ_3563">Schott</publisher> 48 Xr.</bibl>
<wip id="hofm_1838_01_0008_22"><title><series>Gesellschafts-Tänze(Hamburger)</series> f. Pfte</title>. <title>Heft 4–16</title>. <pubPlace key="place_0276">Hamburg</pubPlace>, <publisher key="publ_3607">Schuberth u. N</publisher>. à 6–12 Gr. Siehe: <xref type="external" from="hofm_1838_01_0008_11" to="DITTO" targOrder="U">Böhner</xref>, <xref type="external" from="hofm_1838_01_0008_12" to="DITTO" targOrder="U">Burkhardt</xref>, <xref type="external" from="hofm_1838_01_0008_13" to="DITTO" targOrder="U">Canthal</xref>, <xref type="external" from="hofm_1838_01_0008_16" to="DITTO" targOrder="U">Chwatal</xref>, <xref type="external" from="hofm_1838_01_0008_17" to="DITTO" targOrder="U">Cunze</xref>, <xref type="external" from="hofm_1838_01_0008_18" to="DITTO" targOrder="U">Evers</xref>, <xref type="external" from="hofm_1838_01_0008_20" to="DITTO" targOrder="U">Fecher</xref> und <xref type="external" from="hofm_1838_01_0009_17" to="DITTO" targOrder="U">Schütze</xref>.</wip>
<pb n="9"/>
<listBibl><bibl id="hofm_1838_01_0009_01"><composer key="compo_011519">Goerner (C.)</composer> <title>Tänze nach Themas aus der Oper: Die Botschafterin von Auber f. Pfte (Polonaise, Schottischer Poch-Galopp. Sultan Kängeruh Walzer.)</title> <pubPlace key="place_0044">Berlin</pubPlace>, <publisher key="publ_1146">Fröhlich u. Co</publisher>. 8 Gr.</bibl>
<bibl id="hofm_1838_01_0009_02">– <title>Französische Contretänze aus der Oper: Die Botschafterin f. Pfte</title>. Ebend. 8 Gr. <lb/>(<series>Le Carneval à Berlin</series>. No. 10. 11.)</bibl>
</listBibl><bibl id="hofm_1838_01_0009_03"><composer key="compo_013835">Heilmann (J.)</composer> <title>Huguenotten-Walzer mit Intr. u. Coda f. Pfte</title>. <pubPlace key="place_0199">Frankfurt</pubPlace>, <publisher key="publ_0819">Dunst</publisher> 45 Xr.</bibl>
<bibl id="hofm_1838_01_0009_04">– <title>Hugenotten-Galopp f. Pfte. No. 66</title>. Ebend. 8 Xr.</bibl>
<bibl id="hofm_1838_01_0009_05"><composer key="compo_014550">Herz (H.)</composer> <title>Quatre Valses à la Tyrol p. Pfte (Transposées et facilitées pour les petites Mains)</title>. <pubPlace key="place_0276">Hamburg</pubPlace>, <publisher key="publ_0640">Cranz</publisher> 4 Gr.</bibl>
<bibl id="hofm_1838_01_0009_06"><regNumber>4885</regNumber>. <composer key="compo_016573">Jullien, Francesca</composer>. <title>Grande Valse espagnole p. Pfte</title>. <pubPlace key="place_0731">Wien</pubPlace>, <publisher key="publ_2605">Mechetti</publisher> 30 Xr.</bibl>
<bibl id="hofm_1838_01_0009_07"><composer key="compo_017214">Kelz (J.F.)</composer> <title>6 Contretänze aus der Oper: Die Gesandtin von Auber f. Pfte</title>. <pubPlace key="place_0044">Berlin</pubPlace>, <publisher key="publ_2455">Lischke</publisher> 8 Gr.</bibl>
<bibl id="hofm_1838_01_0009_08">– <title>Walzer aus Auber’s Oper: Die Gesandtin f. Pfte</title>. Ebend. 4 Gr.</bibl>
<bibl id="hofm_1838_01_0009_09"><composer key="compo_018728">Kretschmer (Jos. Fr.)</composer> <title>Erinnerung an Teplitz. Walzer f. Pfte. Op. <opus key="opus_0684">14</opus></title>. <pubPlace key="place_0757">Zittau</pubPlace>, <publisher key="publ_0327">Birr</publisher> 8 Gr.</bibl>
<bibl id="hofm_1838_01_0009_10"><regNumber>4879</regNumber>. <composer key="compo_019512">Küffner (Jos.)</composer> <title>Jubel-Gruss an den Rhein. Jubel-Walzer mit Intr. u. Finale f. Pfte. Op. <opus key="opus_1960">274</opus></title>. <pubPlace key="place_0438">Mainz</pubPlace>, <publisher key="publ_3563">Schott</publisher> 1 Fl. 12 Xr.</bibl>
<bibl id="hofm_1838_01_0009_11"><regNumber>4859</regNumber>. <composer key="compo_020014">Lanner (Jos.)</composer> <title>Amors-Flügel. Walzer f. Pfte. Op. <opus key="opus_0409">120</opus></title>. <pubPlace key="place_0731">Wien</pubPlace>, <publisher key="publ_2605">Mechetti</publisher> 45 Xr.</bibl>
<wip id="hofm_1838_01_0009_12"><title><series>Lieblings-Galoppen</series> (Prager) f. Pfte</title>. <title>No. 48, <composer key="compo_034621">Titl (A.E.)</composer> Jeanetten-Galopp</title>. <title>No. 49, <composer key="compo_015461">Hoschek (F.)</composer> Nannetten-Galopp</title>. <title>No. 50, La Cachucha dansée</title> p. <composer key="compo_008249">Mlle Fanny Elsler</composer>. <title>No. 51, <composer key="compo_020899">Liehmann (J.)</composer> Carolinen-Galopp</title>. <title>No. 52, Polka</title>. <title>No. 53, <composer key="compo_034621">Titl (A. E.)</composer> Cachucha-Galoppe</title>. <pubPlace key="place_0554">Prag</pubPlace>, <publisher key="publ_0282">Berra</publisher> à 10 Xr.</wip>
<bibl id="hofm_1838_01_0009_13"><title><series>Lieblings-Tänze</series> (neueste Berliner) f. Pfte. 43stes Heft, Thiele, 3 Tänze aus dem Postillon von Lonjumeau. 4 Tänze aus dem Liebestrank von Donizetti. Hobelliedsgalopp</title>. <pubPlace key="place_0044">Berlin</pubPlace>, <publisher key="publ_3471">Schlesinger</publisher> 12 Gr.</bibl>
<bibl id="hofm_1838_01_0009_14"><regNumber>4834</regNumber>. <composer key="compo_021093">Lipinska (Natalie)</composer> <title>Deux Mazures p. Pfte. Oe. <opus key="opus_0001">1</opus></title>, (déd. à Mr. Chopin). <pubPlace key="place_0731">Wien</pubPlace>, <publisher key="publ_1506">Haslinger</publisher> 15 Xr.</bibl>
<bibl id="hofm_1838_01_0009_15"><composer key="compo_022379">Marx (M.)</composer> <title>Eisenbahn-Aktien. Walzer f. Pfte</title>. <pubPlace key="place_0392">Leipzig</pubPlace>, <publisher key="publ_4290">Weber</publisher> 12 Gr.</bibl>
<bibl id="hofm_1838_01_0009_16"><composer key="compo_024153">Müller (Ad.)</composer> <title>Cachucha-Walzer aus der Posse: Die Cachucha, oder: Er ist sie, und Sie ist er, f. Pfte</title>. <pubPlace key="place_0731">Wien</pubPlace>, <publisher key="publ_1506">Haslinger</publisher> 15 Xr.</bibl>
<bibl id="hofm_1838_01_0009_17"><composer key="compo_031756">Schütze (A.E.)</composer> <title>Louisen-Walzer f. Pfte. Op. <opus key="opus_2116">3</opus></title> (<series>Hamburger Gesellschafts-Tänze. Heft 8</series>.) <pubPlace key="place_0276">Hamburg</pubPlace>, <publisher key="publ_3607">Schuberth u. N</publisher>. 12 Gr.</bibl>
<bibl id="hofm_1838_01_0009_18"><regNumber>4877</regNumber>. <composer key="compo_032683">Spamer (L.)</composer> <title>Weissmützen-Walzer mit Intr. u. Coda nach Melodien dieser Oper f. Pfte. Op. <opus key="opus_1271">19</opus></title>. <pubPlace key="place_0438">Mainz</pubPlace>, <publisher key="publ_3563">Schott</publisher> 48 Xr.</bibl>
<bibl id="hofm_1838_01_0009_19"><composer key="compo_034405">Thiele (L.)</composer> <title>Tänze aus der Oper: Der Postillon von Lonjumeau von Adam. Lief. 2. f. Pfte</title>. <pubPlace key="place_0044">Berlin</pubPlace>, <publisher key="publ_3471">Schlesinger</publisher> 4 Gr.</bibl>
<bibl id="hofm_1838_01_0009_20">– <title>Tänze aus der Gesandtin von Auber f. Pfte</title>. Ebend. 4 Gr.</bibl>
<bibl id="hofm_1838_01_0009_21"><composer key="compo_034621">Titl (A.E.)</composer> <title>Naturforscher-Walzer f. Pfte</title>. <pubPlace key="place_0554">Prag</pubPlace>, <publisher key="publ_0282">Berra</publisher> 45 Xr.</bibl>
<bibl id="hofm_1838_01_0009_22"><regNumber>4870</regNumber>. <composer key="compo_035622">Vogt (A.)</composer> <title>7 Mazureks f. Pfte</title>. (<series>Le Carneval à Berlin No. 12</series>) <pubPlace key="place_0044">Berlin</pubPlace>, <publisher key="publ_1146">Fröhlich u. Co</publisher>. 8 Gr.</bibl>
</div>
<pb n="10"/>
<div id="hofm_1838_01_0010_div13"><head><hofClass key="hofCl_0250">Märsche für das Pianoforte.</hofClass></head>
<bibl id="hofm_1838_01_0010_01"><composer key="compo_004753">Burmeister (Fr.)</composer> <title>3 Trauermärsche, dem Andenken des Grossherzogs von Meklenburg-Schwerin Friedrich Franz gewidmet, f. Pfte</title>. <pubPlace key="place_0276">Hamburg</pubPlace>, <publisher key="publ_3607">Schuberth u. N</publisher>. 8 Gr.</bibl>
<bibl id="hofm_1838_01_0010_02"><composer key="compo_005623">Chotek (F.X.)</composer> <title>Freuden-Marsch nach Motiven von Bellini f. Pfte</title>. (<series>Beliebte Märsche No. 56</series>.) <pubPlace key="place_0731">Wien</pubPlace>, <publisher key="publ_0735">Diabelli u. Co</publisher>. 15 Xr.</bibl>
<bibl id="hofm_1838_01_0010_03"><composer key="compo_024596">Nemetz (And.)</composer> <title>Gyulai’s Abschieds-Marsch f. Pfte</title>. (<series>Beliebte Märsche No. 55</series>.) Ebend. 20 Xr.</bibl>
<wip id="hofm_1838_01_0010_04"><title>Sammlung der neuesten und beliebtesten Märsche f. Pfte</title>. <title>No. 35, <composer key="compo_022432">Massak</composer>, Cachucha-Marsch</title>. <title>No. 36, <composer key="compo_023337">Micheuz</composer>, Original-Marsch</title>. <pubPlace key="place_0731">Wien</pubPlace>, <publisher key="publ_1506">Haslinger</publisher> 12 Xr.</wip>
<bibl id="hofm_1838_01_0010_05"><regNumber>4891</regNumber>. <composer key="compo_030571">Schmidt (Herrm.)</composer> <title>Tournier-Marsch aus Udine f. Pfte</title>. (<series>Favorit-Märsche No. 11</series>.) <pubPlace key="place_0044">Berlin</pubPlace>, <publisher key="publ_4370">Westphal</publisher> 8 Gr.</bibl>
<bibl id="hofm_1838_01_0010_06"><title><series>Tivoli-Märsche (Wiener) f. Pfte</series></title>. <title>Heft 27, <composer key="compo_024594">Nemetz</composer>, Alpenhorn und Cachucha-Marsch. Marsch n. d. Pas de deux aus dem Ballet: Le Diable boiteux</title>. <pubPlace key="place_0731">Wien</pubPlace>, <publisher key="publ_0735">Diabelli u. Co</publisher>. 30 Xr.</bibl>
<bibl id="hofm_1838_01_0010_07"><composer key="compo_036037">Wallerstein (Ant.)</composer> <title>Kronprinzen-Marsch f. Pfte. Op. <opus key="opus_4562">9</opus></title>. <pubPlace key="place_0280">Hannover</pubPlace>, <publisher key="publ_2808">Nagel</publisher> 6 Gr.</bibl>
</div><div id="hofm_1838_01_0010_div14"><head><hofClass key="hofCl_0072">Lehrbücher für das Pianoforte.</hofClass></head>
<bibl id="hofm_1838_01_0010_08"><author>Herz (H.)</author> <title>Practische Pianoforte-Schule, bestehend in Tonleitern, Uebungen, Passagen, Vorspielen und kleinern Handstücken mit Fingersatz</title>. <pubPlace key="place_0276">Hamburg</pubPlace>, <publisher key="publ_0640">Cranz</publisher> 1 Thlr.</bibl>
</div><div id="hofm_1838_01_0010_div15"><head><hofClass key="hofCl_0225">Musik für die Orgel.</hofClass></head>
<bibl id="hofm_1838_01_0010_09"><composer key="compo_010862">Geissler (C.)</composer> <title>Neueste Orgelcompositionen verschiedenen Characters zum Studium und zum Gebrauch beim öffentlichen Gottesdienste. Op. <opus key="opus_3029">46</opus></title>. (<series>No. 12 der Orgelsachen</series>.) <pubPlace key="place_0044">Berlin</pubPlace>, <publisher key="publ_0639">Crantz</publisher> 1 Thlr.</bibl>
<wip id="hofm_1838_01_0010_10"><composer key="compo_019466">Körner (G. Will.)</composer> <title>Der angehende Organist, oder Sammlung von kurzen und ganz leichten Orgelstücken mit und ohne Pedal zu spielen durch die gebr. Dur- und Molltonarten. Op. <opus key="opus_0021">10</opus></title>. <title>Heft 1–5</title>. <pubPlace key="place_0392">Leipzig</pubPlace>, <publisher key="publ_3599">Schubert</publisher> Pr. f. 10 Hefte 2 Thlr. 12 Gr.</wip>
<bibl id="hofm_1838_01_0010_11"><composer key="compo_022833">Meister (J.G.)</composer> <title>6 Orgelstücke zum Gebrauch beim öffentlichen Gottesdienste. Op. <opus key="opus_0234">11</opus></title>. <pubPlace key="place_0615">Schleusingen</pubPlace>, <publisher key="publ_1260">Glaser</publisher> n. 6 Gr.</bibl>
<bibl id="hofm_1838_01_0010_12"><regNumber>4871</regNumber>. <composer key="compo_028447">Rinck (Ch. H.)</composer> <title>Uebungen in kurzen Sätzen durch die 12 Dur- und Molltonarten und 24 fugirte Orgelstücke aus allen Tonarten f. angehende wie für geübtere Orgelspieler. Op. <opus key="opus_0409">120</opus>, in 4 Lieferungen. 1ste Lieferung</title>. <pubPlace key="place_0438">Mainz</pubPlace>, <publisher key="publ_3563">Schott</publisher> n. 36 Xr.</bibl>
</div><div id="hofm_1838_01_0010_div16"><head><hofClass key="hofCl_0143">Musik für das Accordion.</hofClass></head>
<bibl id="hofm_1838_01_0010_13"><title>Accordion. Unterricht dasselbe spielen zu lernen. Auch für Diejenigen, welche keine Noten kennen, nebst einigen Melodien mit deutlicher Bezeichnung der Tasten (Direction fer plaing the Accordion)</title> 8. <pubPlace key="place_0276">Hamburg</pubPlace>, <publisher key="publ_3607">Schuberth u. N</publisher>. geh. 8 Gr.</bibl>
</div>
<pb n="11"/>
<div id="hofm_1838_01_0011_div17"><head><hofClass key="hofCl_0068">Kirchenmusik.</hofClass></head>
<bibl id="hofm_1838_01_0011_01"><composer key="compo_002535">Bergt</composer> und <composer key="compo_014327">Hering</composer>, <title>Neue Choralmelodien f. d. Budissiner-Dresdner und Zittauer Gesangbuch</title>. <pubPlace key="place_0757">Zittau</pubPlace>, <publisher key="publ_0327">Birr</publisher> 8 Gr.</bibl>
<bibl id="hofm_1838_01_0011_02"><composer key="compo_021967">Maier (Pet.)</composer> <title>Vierstimmiger Gesang m. Orgelbegl, bei der ersten Communion der Kinder (Lass die Kleinen zu mir kommen.)</title> <pubPlace key="place_0392">Leipzig</pubPlace>, <publisher key="publ_4290">Weber</publisher> 4 Gr.</bibl>
<bibl id="hofm_1838_01_0011_03"><regNumber>4874</regNumber>. <composer key="compo_024685">Neukomm (Sigism.)</composer> <title>Messe à 2 Voix égales av. Acc. d’Orgue <format>Partitur und Stimmen</format></title>.. <pubPlace key="place_0438">Mainz</pubPlace>, <publisher key="publ_3563">Schott</publisher> 3 Fl. (Die Singstimmen einzeln à 36 Xr.)</bibl>
<bibl id="hofm_1838_01_0011_04"><regNumber>4875</regNumber>. – <title>Messe à 3 Voix égales avec ou sans Acc. d’Orgue. <format>Partitur und Stimmen</format></title>. Ebend. 3 Fl. 36 Xr. (Die Singstimmen einzeln à 30 Xr.)</bibl>
<bibl id="hofm_1838_01_0011_05"><composer key="compo_025162">Obermaier</composer>, <title>Chorallehre von den gesammten katholischen Kirchen-Ritus. <edition>5te Aufl</edition></title>. gr. 4. <pubPlace key="place_0569">Regensburg</pubPlace>, <publisher key="publ_2562">Manz</publisher> 18 Gr.</bibl>
<bibl id="hofm_1838_01_0011_06"><composer key="compo_028178">Rheinboldt (S.)</composer> <title>Deutsche Messe f. 4 Singstimmen mit Orgelbegleitung</title>. <pubPlace key="place_0392">Leipzig</pubPlace>, <publisher key="publ_4290">Weber</publisher> 8 Gr.</bibl>
<bibl id="hofm_1838_01_0011_07"><regNumber>4837</regNumber>. <composer key="compo_032125">Seyfried (Ign. Ritter von)</composer> <title>5tes Graduale (Nudus eram) f. Bass solo, vierstimmigen Chor, mit Begl. d. ganzen Orchesters</title>. <pubPlace key="place_0731">Wien</pubPlace>, <publisher key="publ_1506">Haslinger</publisher> 2 Fl. 30 Xr.</bibl>
<bibl id="hofm_1838_01_0011_08"><regNumber>4838</regNumber>. – <title>5tes Offertorium (Cum sumpsiset) f. 4 Singstimmen und Chor mit Begl. d. ganzen Orchesters</title>. Ebend. 2 Fl.</bibl>
<bibl id="hofm_1838_01_0011_09"><composer key="compo_033776">Stöcklin (Leon)</composer> <title>Missa a Soprano, Alto, Tenore, Basso ac Organo obligato. <format>Partitur</format></title>. <pubPlace key="place_0392">Leipzig</pubPlace>, <publisher key="publ_4290">Weber</publisher> 1 Thlr. 8 Gr.</bibl>
</div><div id="hofm_1838_01_0011_div18"><head><hofClass key="hofCl_0021">Gesangstücke für Concertmusik mit Begleitung mehrerer Instrumente.</hofClass></head>
<bibl id="hofm_1838_01_0011_10"><regNumber>4856</regNumber>. <composer key="compo_018763">Kreutzer (Conr.)</composer> <title>Das Mühlrad. Gedicht von Uhland f. eine Singst. m. Begl. d. Pfte u. Waldhorn oder Violoncell (In jenem Thal dort unten)</title>. <pubPlace key="place_0731">Wien</pubPlace>, <publisher key="publ_0735">Diabelli u. Co</publisher>. 1 Fl.</bibl>
<bibl id="hofm_1838_01_0011_11"><regNumber>4854</regNumber>. <composer key="compo_035430">Vesque von Püttlingen (Joh.)</composer> <title>Die Wonne der Kindheit f. eine Singst. m. Begl. d. Pfte u. Flöte (od. Violine) Op. <opus key="opus_0927">16</opus>. (Unter Waldes Bäumen still ein Knabe lag.)</title> Ebend. 40 Xr.</bibl>
</div><div id="hofm_1838_01_0011_div19"><head><hofClass key="hofCl_0102">Mehrstimmige Gesänge mit und ohne Pianoforte.</hofClass></head>
<bibl id="hofm_1838_01_0011_12"><regNumber>4811</regNumber>. <composer key="compo_000666">André (Jul.)</composer> <title>An die Natur f. eine Singst. u. 4stimmigen Chor m. Begl. d. Pfte. Op. <opus key="opus_0021">10</opus>. (Süsse, heilige Natur)</title>. <pubPlace key="place_0519">Offenbach</pubPlace>, <publisher key="publ_0065">André</publisher> 36 Xr.</bibl>
<bibl id="hofm_1838_01_0011_13"><composer key="compo_006259">Cuvry (R. de)</composer> <title>6 Lieder f. Männerstimmen. Op. <opus key="opus_1372">2</opus>, (Wie lieblich hallt durch Buch und Wald – Ein Fichtenbaum steht einsam – Wenn man beim Wein sitzt – Es heult der Sturm, es braust das Meer – Es war einmal ein braver Koch – Still ist die Nacht). <format>Partitur und Stimmen</format></title>. <pubPlace key="place_0044">Berlin</pubPlace>, <publisher key="publ_1146">Fröhlich u. Co</publisher>. 18 Gr.</bibl>
<bibl id="hofm_1838_01_0011_14"><composer key="compo_013302">Hape (Ch. Fr.)</composer> <title>Das Waldhornlied f. Sopran u. Alt m. Begl. d. Pfte. (Wie lieblich schallt durch Busch und Wald)</title>. <series>Polyhymnia No. 16</series>. <pubPlace key="place_0044">Berlin</pubPlace>, <publisher key="publ_1146">Fröhlich u. Co</publisher>. 4 Gr.</bibl>
<bibl id="hofm_1838_01_0011_15"><composer key="compo_017214">Kelz (J.F.)</composer> <title>Altdeutsches Nachtwächterlied f. Männerstimmen. Op. <opus key="opus_1457">208</opus>. <format>Part. u. Stimmen</format>. (Hört ihr Herrn und lasst euch sagen)</title>. <pubPlace key="place_0044">Berlin</pubPlace>, <publisher key="publ_2455">Lischke</publisher> 8 Gr.</bibl>
<bibl id="hofm_1838_01_0011_16"><title>Lieder (zweistimmige) vermischten Inhalts f. Schulen</title>. <pubPlace key="place_0438">Mainz</pubPlace> <publisher key="publ_3563">Schott</publisher> 48 Xr.</bibl>
<pb n="12"/>
<album id="hofm_1838_01_0012_01"><regNumber>4844</regNumber>. <title>Liedertafel (Rigaer) 3tes Heft, enth. 6 Gesänge f. 4 Männerstimmen. <format>Partitur und Stimmen</format> (<composer key="compo_026746">Pohrt</composer>, Man sagt das Leben sei ein Traum – <composer key="compo_007238">Dorn</composer>, Ein jeder Mensch hat seine Weise – <composer key="compo_032092">Seuberlich</composer>, Es war ein König in Thule – <composer key="compo_007238">Dorn</composer>, Ein Fichtenbaum steht einsam im Norden – <composer key="compo_036565">Weitzmann</composer>, Zur Liedertafel ziehts mich bin – <composer key="compo_021863">Maczewsky</composer>, Vinum bibunt homines)</title>. <pubPlace key="place_0392">Leipzig</pubPlace>, <publisher key="publ_2017">Kistner</publisher> 1 Thlr. 8 Gr.</album> 
<bibl id="hofm_1838_01_0012_02">*<composer key="compo_022421">Masini (F.)</composer> <title>Le Lac de Genève. Der Genfer See. Nocturne à 2 Voix av. Acc. de Pfte od. d. Guit. (Schiffen wir zwei von Genfs beliebten Strande – Voquons tous deux)</title> <series>Choix d’Airs No. 392</series>. <pubPlace key="place_0438">Mainz</pubPlace>, <publisher key="publ_3563">Schott</publisher> 36 Xr.</bibl>
<bibl id="hofm_1838_01_0012_03"><composer key="compo_022699">Mazas (F.)</composer> <title>Inovocation à l’Harmonie. Chant lyrique p. une Voix principale av. des Choeurs et de Violon obligé av. Acc. d. Pfte. Oe. <opus key="opus_0927">16</opus>. <format>Partitur</format>. (Begeistre uns holde Göttin der Töne – Inspire nous ravissante harmonie)</title>. <pubPlace key="place_0392">Leipzig</pubPlace>, <publisher key="publ_4290">Weber</publisher> 1 Thlr. 16 Gr.</bibl>
<wip id="hofm_1838_01_0012_04"><composer key="compo_025541">Overweg (Carl)</composer> <title>Liederseegen. Gesänge für Canto, Alto, Tenore und Basso m. Begl. d. Pfte ad lib. Op. <opus key="opus_3181">5</opus>. <format>Partitur</format></title>. <title>Heft 1. 2</title>. 4to. <pubPlace key="place_0481">Naumburg</pubPlace>, beim <publisher key="publ_1611">Herausgeber</publisher>. (<pubPlace key="place_0392">Leipzig</pubPlace>, <publisher key="publ_1747">Hofmeister in Comm</publisher>.) 1 Thlr. 16 Gr.</wip><bibl id="hofm_1838_01_0012_05">– Idem <edition>Ausgabe auf besseres Papier</edition>. Heft 1. 2, Ebend. à 1 Thlr. 1 Gr. </bibl><bibl id="hofm_1838_01_0012_06">– Idem. In ausgesetzten Stimmen. 8vo. Heft 1, 1 Thlr. 2 Gr. Heft 2, 1 Thlr. 10 Gr.</bibl>
<bibl id="hofm_1838_01_0012_07"><regNumber>4887</regNumber>. <composer key="compo_027983">Reissiger (F.A.)</composer> <title>6 Gesänge f. Sopran, Alt, Tenor u. Bass. Op. <opus key="opus_1881">26</opus>. <format>Partitur u. Stimmen</format>. (In jedes Haus, wo Liebe wohnt – Und wenn an meinem Bette – Unter der Tremmle singen die Schwälmli – Wer hat zuerst Musik gemacht – Ja, wär’s nicht jetzo Frühling just – Meidli des Oberlands.)</title> <pubPlace key="place_0044">Berlin</pubPlace>, <publisher key="publ_4370">Westphal</publisher> 20 Gr.</bibl>
<bibl id="hofm_1838_01_0012_08"><composer key="compo_032713">Speier (W.)</composer> <title>Mailied von Hölty. Solo Quartett f. Männerstimmen (Schön im Feierschmucke lächelt.)</title> <pubPlace key="place_0199">Frankfurt</pubPlace>, <publisher key="publ_0819">Dunst</publisher> 1 Fl. 30 Xr.</bibl>
</div><div id="hofm_1838_01_0012_div20"><head><hofClass key="hofCl_0268">Opernmusik mit Pianofortebegleitung.</hofClass></head>
<bibl id="hofm_1838_01_0012_09"><composer key="compo_002199">Bellini</composer>, <title>Arie aus der Oper: Die Nachtwandlerin (Ach Gedanken nicht ermessen – Ah non giunge)</title> <series>Polyhymnia No. 15</series>. <pubPlace key="place_0044">Berlin</pubPlace>, <publisher key="publ_1146">Fröhlich u. Co</publisher>. 6 Gr.</bibl>
<bibl id="hofm_1838_01_0012_10"><composer key="compo_005246">Canthal (Aug. M.)</composer> <title>Lied des Florian aus der Zauberposse: Der Diamant des Geisterkönigs. (Die Männer sind schlimm.)</title> <pubPlace key="place_0276">Hamburg</pubPlace>, <publisher key="publ_3607">Schuberth u. N</publisher>. 4 Gr.</bibl>
<wip id="hofm_1838_01_0012_11"><composer key="compo_007196">Donizetti</composer>, <title>Der Liebestrank. (L’Elisir d’Amore)</title> <title>Romanza (Wohl drang aus ihrem Herzen – Una furtiva lagrima)</title> 4 Gr. <title>Cavatina (Tief von Isotta’s Reizen – Della crudele Isotta)</title> 6 Gr. <pubPlace key="place_0044">Berlin</pubPlace>, <publisher key="publ_3471">Schlesinger</publisher>.</wip>
<wip id="hofm_1838_01_0012_12"><composer key="compo_024153">Müller (Ad.)</composer> <title>Die Cachucha, oder: Er ist sie, und Sie ist er. Posse</title>. <title>No. 1, Frag und Antwort, – Duett (O Schatzerl, sag, es könnten sie)</title> 30 Xr. <title>No. 2, Lied über die Schmutzerei. (Was in der Welt man jetzt nur sieht)</title> 15 Xr. <pubPlace key="place_0731">Wien</pubPlace>, <publisher key="publ_1506">Haslinger</publisher>.</wip>
<wip id="hofm_1838_01_0012_13"><title><series>Polyhymnia</series>. Neustes Berliner Opern-Repertoir, enth. die beliebtesten Arien, Duette, Terzette und Quartette</title>. <title>No. 8, <composer key="compo_007196">Donizetti</composer>, 6 Gesänge a. L’Elisir d’Amore</title>. <pubPlace key="place_0044">Berlin</pubPlace>, <publisher key="publ_3471">Schlesinger</publisher> à 4–14 Gr.</wip>
</div><pb n="13"/>
<div id="hofm_1838_01_0013_div21"><head><hofClass key="hofCl_0040">Gesänge für eine Stimme mit Begleitung des Pianoforte.</hofClass></head>
<album id="hofm_1838_01_0013_01"><title>Album. No. 2. Neue Original-Compositionen f. Gesang und Pfte (mit franz., ital. u. deutschem Texte) von <composer key="compo_005278">Carafa</composer>, <composer key="compo_006231">Curschmann</composer>, <composer key="compo_007196">Donizetti</composer>, <composer key="compo_013059">Halevy</composer>, <composer key="compo_015659">Huth</composer>, <composer key="compo_019507">Kücken</composer>, <composer key="compo_021678">Löwe</composer>, <composer key="compo_022024">Mme. Malibran</composer>, <composer key="compo_022903">Mendelssohn-Bartholdy</composer>, <composer key="compo_023267">Meyerbeer</composer>, <composer key="compo_025697">Panseron</composer>, <composer key="compo_027979">Reissiger</composer>, <composer key="compo_034892">Truhn</composer></title>. <pubPlace key="place_0044">Berlin</pubPlace>, <publisher key="publ_3471">Schlesinger</publisher> cart. 3 Thlr. 18 Gr.</album>
<bibl id="hofm_1838_01_0013_02">*<composer key="compo_001927">Beauplan (A. de)</composer> <title>Die unsichtbare Jagd. (La Chasse invisible.) Ballade. (Louis, mein Edelknabe – Louis, mon petit Page)</title> <series>Choix d’Airs No. 377</series>. <pubPlace key="place_0438">Mainz</pubPlace>, <publisher key="publ_3563">Schott</publisher> 27 Xr.</bibl>
<bibl id="hofm_1838_01_0013_03"><composer key="compo_003056">Binzer (M. v.)</composer> <title>Wald- und Minne-Lieder, Heft 1. (Zum Wald, zum Wald da steht mein Sinn – Ich sass auf meinem Kämmerlein – Caro! ungestümes Thier – Klage, sanfte Laute klage.)</title> <pubPlace key="place_0276">Hamburg</pubPlace>, <publisher key="publ_3607">Schuberth u. N</publisher>. 12 Gr.</bibl>
<bibl id="hofm_1838_01_0013_04"><composer key="compo_003284">Blum (Carl)</composer> <title>Anacreontiche di Vitorelli. 3 Gesänge. Op. <opus key="opus_0578">132</opus>, (Sieh! lieblich schläft das Mondenlicht – Höre Geliebte die Träume – Reich sind bekränzt diese Hallen.)</title> <pubPlace key="place_0044">Berlin</pubPlace>, <publisher key="publ_3471">Schlesinger</publisher> 16 Gr.</bibl>
<bibl id="hofm_1838_01_0013_05"><composer key="compo_005027">Börner (A.)</composer> <title>4 Lieder f. Sopran od. Tenor. (So hab’ ich wirklich dich verloren – Armes Herz du konntest wähnen – Herz mein Herz was soll das geben – Kommt Brüder trinket froh mit mir.)</title> <pubPlace key="place_0044">Berlin</pubPlace>, <publisher key="publ_3455">Schiele</publisher> 8 Gr.</bibl>
<bibl id="hofm_1838_01_0013_06">*<composer key="compo_004662">Burbure (L. de)</composer> <title>Nenni. (Nein, nein) Chansonette (Du Schäfrin deren Sänge, Bergère si jolie)</title>. <series>Choix d’Airs No. 372</series>. <pubPlace key="place_0438">Mainz</pubPlace>, <publisher key="publ_3563">Schott</publisher> 18 Xr.</bibl>
<bibl id="hofm_1838_01_0013_07"><composer key="compo_004742">Burkhardt (L.)</composer> <title>Geistliche Gesänge. Op. <opus key="opus_2116">3</opus>. (O, auf Windesflügeln eilt ich gern zu Dir – Du hast den Tempel Dir erbaut – Meine Seele ist voll Freude – Ruhig und still in der Gegenwart Gottes – Wie wird mir sein wenn ich dich Jesu sehe.)</title> <pubPlace key="place_0044">Berlin</pubPlace>, <publisher key="publ_1146">Fröhlich u. Co</publisher>. 12 Gr.</bibl>
<album id="hofm_1838_01_0013_08"><regNumber>4869</regNumber>. <composer key="compo_004716">Burgmüller (Norb.)</composer> <title>6 Gesänge von Uhland, <composer key="compo_012712">Göthe</composer>, <composer key="compo_013864">Heine</composer>, <composer key="compo_026616">Platen</composer>. Op. <opus key="opus_2116">3</opus>, 1stes Heft d. Gesänge. (Bei einem Wirthe wundermild – Will ruhen unter den Baümen hier – Du bist wie eine Blume – Bei diesem kalten Wehen – Des Abendsterns ersehnter Schein – An die Thüren will ich schleichen.)</title> <pubPlace key="place_0392">Leipzig</pubPlace>, <publisher key="publ_1746">Hofmeister</publisher> 14 Gr.</album>
<bibl id="hofm_1838_01_0013_09"><composer key="compo_005350">Carstens (Carl)</composer> <title>Gesänge (Das Wasser rauscht – O gieb vom weichen Pfühle träumend – Tough from thy bank – You told me once – Ueber Todeshügeln – Im Frühlingsschatten fand ich sie – Es war ein König von Thule – Was wecken aus dem Schlummer.)</title> <pubPlace key="place_0276">Hamburg</pubPlace>, <publisher key="publ_3607">Schuberth u. N</publisher>. 12 Gr.</bibl>
<bibl id="hofm_1838_01_0013_10"><composer key="compo_005749">Claudius (Otto)</composer> <title>Gesänge und Lieder Op. <opus key="opus_1482">21</opus>. (Vier Räder knarren am Wagen – Im wunderschönen Monat Mai – Ich will meine Seele tauchen – Du bist wie eine Blume – Herz, mein Herz, sei nicht beklommen – Und wüssten’s die Blumen – Ich wollt’, meine Schmerzen ergössen – Je höher die Glocke, je heller der Klang.)</title> <pubPlace key="place_0615">Schleusingen</pubPlace>, <publisher key="publ_1260">Glaser</publisher> 16 Gr.</bibl>
<bibl id="hofm_1838_01_0013_11"><composer key="compo_005806">Cobelli (C.)</composer> <title>Das Hüttchen. (Zum Hüttchen wo mein Liebchen wohnt.)</title> <series>Singlust No. 24</series>. <pubPlace key="place_0276">Hamburg</pubPlace>, <publisher key="publ_3607">Schuberth u. N</publisher>. 3 Gr.</bibl>
<bibl id="hofm_1838_01_0013_12"><composer key="compo_006402">Dam (H.)</composer> <title>3 Lieder. (Nur ein Weilchen blüht der Mai, – Mädchen, welche Minne freut – Nacht und stummes Schweigen.)</title> <pubPlace key="place_0044">Berlin</pubPlace>, <publisher key="publ_3455">Schiele</publisher> 8 Gr.</bibl>
<pb n="14"/>
<bibl id="hofm_1838_01_0014_01"><regNumber>4876</regNumber>. <composer key="compo_007199">Donizetti (G.)</composer> <title>Nuits d’Eté à Pausilippe. Recueil de 6 Ariettes et 6 petits Duos</title>. <pubPlace key="place_0438">Mainz</pubPlace>, <publisher key="publ_3563">Schott</publisher> geh. 3 Fl. 36 Xr.</bibl>
<bibl id="hofm_1838_01_0014_02">*<composer key="compo_011066">Gernlein (K.)</composer> <title>Klänge aus der Nacht. Die schönsten Sterne. Liebchen und der Mond. Ständchen. 3 romantische Lieder, m. Pfte od. Guitarre</title>. <pubPlace key="place_0276">Hamburg</pubPlace>, <publisher key="publ_2544">Magazin für Buchhandel, Musik und Kunst</publisher> 8 Gr.</bibl>
<bibl id="hofm_1838_01_0014_03">*<composer key="compo_012590">Guérivière (Ed. de la)</composer> <title>Le Lai de la pauvre Louise. Romance. (Arme Loise – Pauvre Louise.)</title> <series>Choix d’Airs No. 375</series>. <pubPlace key="place_0438">Mainz</pubPlace>, <publisher key="publ_3563">Schott</publisher> 18 Xr.</bibl>
<listBibl><bibl id="hofm_1838_01_0014_04">*<composer key="compo_015741">Häser (F.)</composer> <title>Il primo Amore. Die erste Liebe. (Wie könnt ihr doch entzücken.)</title> Ebend. 18 Xr.</bibl>
<bibl id="hofm_1838_01_0014_05">* – <title>La Speranza. Die Hoffnung. (Wohl ist Hoffnung nur ein Träumbild – Só che un sogno.)</title> Ebend. 18 Xr. <lb/>(<series>Auswahl von Gesängen No. 378. 384</series>.)</bibl>
</listBibl><bibl id="hofm_1838_01_0014_06"><regNumber>4809</regNumber>. <composer key="compo_014659">Hetsch (L.)</composer> <title>Meine Ruh ist hin! aus der Tragödie: Faust von Göthe</title>. <pubPlace key="place_0069">Bonn</pubPlace>, <publisher key="publ_3791">Simrock</publisher> 1 Fr. 25 Ct.</bibl>
<bibl id="hofm_1838_01_0014_07">*<composer key="compo_016538">Josse (J.B.)</composer> <title>La Cloche. Die Glocke. Romance. (Hört der Glocke silberne Wellen – Ecoutez la Cloche)</title> <series>Choix d’Airs. No. 388</series>. <pubPlace key="place_0438">Mainz</pubPlace>, <publisher key="publ_3563">Schott</publisher> 18 Xr.</bibl>
<bibl id="hofm_1838_01_0014_08"><composer key="compo_018642">Krebs (Carl)</composer> <title>4 deutsche Lieder. Op. <opus key="opus_2850">42</opus>. (Rauschendes Bächlein so silbern und hell – Nur dich küssen, ist auf Erden meine Pflicht – Steh ich in finstrer Mitternacht – Am dunkeln Himmelsbogen.)</title> <pubPlace key="place_0276">Hamburg</pubPlace>, <publisher key="publ_3607">Schuberth u. N</publisher>. 12 Gr.</bibl>
<bibl id="hofm_1838_01_0014_09"><composer key="compo_018760">Kreutzer (Bernh.)</composer> <title>4 Lieder von Heine. Op. <opus key="opus_4562">9</opus>. (Dein Angesicht so lieb und schön – Mädchen mit dem rothen Mündchen – Die alten bösen Lieder – Lieb Liebchen leg’s Händchen auf’s Herze mein</title>.) Ebend. 14 Gr.</bibl>
<bibl id="hofm_1838_01_0014_10"><composer key="compo_019507">Kücken (Fr.)</composer> <title>Lieder und Gesänge f. Sopran od. Tenor. Op. <opus key="opus_1271">19</opus>. 7tes Liederheft. (Ave Maria! – Die linden Lüfte sind erwacht – Ich sass im Grünen am klaren Bach – Du bist wie eine Blume – Mi Schatz is jo schöni.)</title> Ebend. 18 Gr.</bibl>
<bibl id="hofm_1838_01_0014_11">*<composer key="compo_019510">Küffner (J.)</composer> <title>Die Kleine. (Mein Auge steht offen.)</title> <series>Auswahl von Gesängen No. 374</series>. <pubPlace key="place_0438">Mainz</pubPlace>, <publisher key="publ_3563">Schott</publisher> 18 Xr.</bibl>
<bibl id="hofm_1838_01_0014_12">*<composer key="compo_019644">Labarre (Th.)</composer> <title>La Rive étrangère. Der Schiffbrüchige. (Einstens schied ich vom Vaterlande – J’ai quitté pour ma belle Patrie.)</title> <series>Choix d’Airs No. 381</series>. Ebend 18 Xr.</bibl>
<bibl id="hofm_1838_01_0014_13"><regNumber>4889</regNumber>. <composer key="compo_021681">Löwe (C.)</composer> <title>Rückerts Gedichte. Op. <opus key="opus_3701">62</opus>, 1stes Heft. (Zeislein, wo ist dein Häuslein – Sei bescheiden nimm Fürliebe – O süsse Mutter ich kann nicht spinnen – Schäferin, ach, wie haben – Ein Liebchen hatt’ ich – Irrlichter, die Knaben.)</title> <pubPlace key="place_0044">Berlin</pubPlace>, <publisher key="publ_4370">Westphal</publisher> 16 Gr.</bibl>
<bibl id="hofm_1838_01_0014_14"><composer key="compo_022152">Mantius (Ed.)</composer> <title>Wiegenlied von C. Müchler. (Geschlossen sind die Aeugelein) <edition>2te Aufl</edition></title>. <pubPlace key="place_0044">Berlin</pubPlace>, <publisher key="publ_0916">Ende</publisher> 2 Gr.</bibl>
<bibl id="hofm_1838_01_0014_15"><composer key="compo_022379">Marx (M.)</composer> <title>Lied. (Was weckt mit seinen Klagen.)</title> <pubPlace key="place_0392">Leipzig</pubPlace>, <publisher key="publ_4290">Weber</publisher> 4 Gr.</bibl>
<bibl id="hofm_1838_01_0014_16">– <title>Lied. Die sterbende Mutter. (Es wallt in der Mitternachtsstunde.)</title> Ebend. 6 Gr.</bibl>
<bibl id="hofm_1838_01_0014_17"><composer key="compo_022421">Masini (F.)</composer> <title>2 Romances. Rives de la Mer. (Zeuge meiner Plagen – Lieux du me ramene)Pauvre étoile fidèle (Armer Stern, Bild der Treue.)</title> <series>Choix de Romances No. 109. 110</series>. <pubPlace key="place_0044">Berlin</pubPlace>, <publisher key="publ_3471">Schlesinger</publisher> 4 Gr.</bibl>
<bibl id="hofm_1838_01_0014_18">*<composer key="compo_026611">Plantade (Ch.)</composer> <title>Peut-être un jour. Einst vielleicht. Romance (Freundschaft allein – Au nom d’ami.)</title> <series>Choix d’Airs No. 382</series>. <pubPlace key="place_0438">Mainz</pubPlace>, <publisher key="publ_3563">Schott</publisher> 18 Xr.</bibl>
<pb n="15"/>
<bibl id="hofm_1838_01_0015_01"><regNumber>4852</regNumber>. <composer key="compo_027032">Preyer (Gottfr.)</composer> <title>Des Nachbars Nachtigall. Op. <opus key="opus_0001">1</opus>. (Beim Nachbar hör ich Tag für Tag.)</title> <pubPlace key="place_0731">Wien</pubPlace>, <publisher key="publ_0735">Diabelli u. Co</publisher>. 30 Xr.</bibl>
<bibl id="hofm_1838_01_0015_02">– <title>Mitternacht und Herbstlied. Op. <opus key="opus_1372">2</opus>, (Wie dunkle Träume stehen die Häuser – Feldeinwärts flog ein Vögelein.)</title> Ebend. 45 Xr.</bibl>
<bibl id="hofm_1838_01_0015_03"><composer key="compo_027077">Proch (H.)</composer> <title>Wanderlied. An Sie. Op. <opus key="opus_0684">14</opus>. (Die Wolken an des Himmels Plan – Le nubi in ciel s’adunano.)</title> Ebend. 45 Xr.</bibl>
<bibl id="hofm_1838_01_0015_04">– <title>Im Thale. (Es rauschen die Wasser, es knarret die Säge.) Op. <opus key="opus_0927">16</opus>. <edition>Neue umgearbeitete Ausgabe</edition></title>. Ebend. 45 Xr.</bibl>
<bibl id="hofm_1838_01_0015_05">– <title>Der blinde Fischer. Op. <opus key="opus_1068">17</opus>. (Still sitz’ ich hier, das Herz voll Weh’.)</title> Ebend. 30 Xr.</bibl>
<bibl id="hofm_1838_01_0015_06">– <title>Glockentöne. Op. <opus key="opus_1482">21</opus>. (Durch die kühle Morgenluft.)</title> Ebend. 30 Xr.</bibl>
<bibl id="hofm_1838_01_0015_07"><regNumber>4857</regNumber>. – <title>Liebesgabe. Die Sterbende. 2 Lieder. Op. <opus key="opus_2670">39</opus>. (Wenn der Frühling wiederkehret – Mutter! mein blasses Gesicht.)</title> Ebend. 45 Xr.</bibl>
<bibl id="hofm_1838_01_0015_08">– – <title>Das blinde Mädchen an ihre Mutter. Die Dämmerstunde. Op. <opus key="opus_2764">40</opus>. (Vom Himmelsblau und Sternenglanz – Sonst in trauter Dämmerstunde.)</title> Ebend. 45 Xr.</bibl>
<bibl id="hofm_1838_01_0015_09"><composer key="compo_027193">Puget (Loisa)</composer> <title>12 Romances mit deutschem und französischem Text (Je veux vous plaire. Si j’étais la brise du Soir. La boîte aux agnus. Ne quittez jamais votre mère. La Sonnambula. Son nom. Jeanette mire dans mes yeux tes yeux. Ma colombe. Ave Maria. A la grace de Dieu. Tout pour toi. Le plus beau de Seville.)</title> <pubPlace key="place_0044">Berlin</pubPlace>, <publisher key="publ_3471">Schlesinger</publisher> 1 Thlr. 6 Gr.</bibl>
<bibl id="hofm_1838_01_0015_10"><regNumber>4873</regNumber>. <composer key="compo_027536">Raper (Ch.)</composer> <title>Das Geisterschiff von Zedlitz. (Es rauschen die Winde.)</title> <pubPlace key="place_0438">Mainz</pubPlace>, <publisher key="publ_3563">Schott</publisher> 36 Xr.</bibl>
<bibl id="hofm_1838_01_0015_11"><composer key="compo_030287">Schindler (Ch.)</composer> <title>Lied von Göthe. (Zwischen Waizen und Korn.)</title> <pubPlace key="place_0392">Leipzig</pubPlace>, <publisher key="publ_4290">Weber</publisher> 2 Gr.</bibl>
<bibl id="hofm_1838_01_0015_12">– <title>Lied. (Worte such ich vergebens.)</title> Ebend. 2 Gr.</bibl>
<bibl id="hofm_1838_01_0015_13">*<composer key="compo_032123">Seyfried</composer>, <title>Die Verlassene. Romanze (Es sausste bang der Abendwind)</title> <series>Auswahl von Romanzen No. 371</series>.) <pubPlace key="place_0438">Mainz</pubPlace>, <publisher key="publ_3563">Schott</publisher> 18 Xr.</bibl>
<bibl id="hofm_1838_01_0015_14">*<composer key="compo_032670">Spaeth (A.)</composer> <title>A la Nuit. An die Nacht. (Stille Nacht dein süsser Frieden – Douce nuit)</title> <series>Choix d’Airs. No. 383</series>. Ebend. 18 Xr.</bibl>
<bibl id="hofm_1838_01_0015_15"><composer key="compo_034893">Truhn (F.H.)</composer> <title>Lieder von Glassbrenner, Lyser etc. Op. <opus key="opus_1390">20</opus>, Fräulein Fassmann zugeeign. (Ihr lieben Lerchen guten Tag – Der Frühling ist gezogen ein – Lebe wohl! ob nimmer auch verstanden – Es spielt die laue Lenzesluft – Kleine Veilchen süss und blass – Durch die Wellen, durch die Wogen.)</title> <pubPlace key="place_0044">Berlin</pubPlace>, <publisher key="publ_3455">Schiele</publisher> 12 Gr.</bibl>
<bibl id="hofm_1838_01_0015_16"><regNumber>4854</regNumber>. <composer key="compo_035430">Vesque von Püttlingen (Joh.)</composer> <title>Die Wonne der Kindheit. Op. <opus key="opus_0927">16</opus>. (Unter Waldes Bäumen still ein Knabe lag.)</title> <pubPlace key="place_0731">Wien</pubPlace>, <publisher key="publ_0735">Diabelli u. Co</publisher>. 30 Xr.</bibl>
<bibl id="hofm_1838_01_0015_17"><regNumber>4853</regNumber>. <composer key="compo_035615">Vogl (M.)</composer> <title>Der Rattenfänger von Göthe. (Ich bin der wohlbekannte Sänger.)</title> Ebend. 20 Xr.</bibl>
<bibl id="hofm_1838_01_0015_18"><composer key="compo_037642">Wunderlich (Jul.)</composer> <title>4 Blicke in die Nacht. f. Bariton (Hier steh’ ich vom Sturme <unclear>hin</unclear>rauschet – Stille still mit leisem Tritte, nah im Schein des Mondes mich – Hui! Hui! letzte Nacht und letzter Graus – Gute Nacht und gute Nacht Ihr guten Herrn.)</title> <pubPlace key="place_0436">Magdeburg</pubPlace>, <publisher key="publ_4250">Wagner u. R</publisher>. 12 Gr.</bibl>
<pb n="16"/>
<bibl id="hofm_1838_01_0016_01"><composer key="compo_038255">Zschiesche (H.A.)</composer> <title>Der kleine Sänger. Eine Sammlung von 50 einstimmigen Gesängen (ohne Begl.) f. Volksschulen <edition>2te Aufl</edition></title>. gr. 8. <pubPlace key="place_0383">Landsberg</pubPlace>, <publisher key="publ_4425">Wilmsen</publisher> geh. 6 Gr.</bibl>
</div><div id="hofm_1838_01_0016_div22"><head><hofClass key="hofCl_0077">Lehrbücher für den Gesang.</hofClass></head>
<bibl id="hofm_1838_01_0016_02"><author>Andrade (Aug.)</author> <title>Neue Gesang-Schule eingeführt in das Pariser Conservatorium. <edition>Neue Ausgabe von A. Gathy</edition>. Erster Theil, enthält die Schule, Tonleitern und 24 Uebungen</title>. <pubPlace key="place_0276">Hamburg</pubPlace>, <publisher key="publ_0640">Cranz</publisher> 1 Thlr. 12 Gr.</bibl>
<bibl id="hofm_1838_01_0016_03"><author>Anthes</author>, <title>Anleitung zum Gesang, nebst 20 Chorälen und 56 mehrstimmigen Liedern</title>, gr. 8. <pubPlace key="place_0734">Wiesbaden</pubPlace>, <publisher key="publ_3274">Ritter’sche Buchhandlung</publisher> 21 Gr.</bibl>
<wip id="hofm_1838_01_0016_04"><author>Claudius (Otto)</author> <title>Singstimme zu den Studien f. d. Gesang (insbesondere der Sopran- und Tenorstimmen)</title> <title>1ste u. 2te Lief</title>. <pubPlace key="place_0615">Schleusingen</pubPlace>, <publisher key="publ_1260">Glaser</publisher> à 4 Gr.</wip>
<bibl id="hofm_1838_01_0016_05"><author>Richter (E.)</author> <title>Unterrichtlich geordnete Sammlung von 1, 2, 3 und 4stimmigen Sätzen, Liedern, Canons und Chorälen f. Volksschulen. 2te Abth. 2tes Heft, enth. 76 Canons, Liedersätze und Lieder in den gebräuchlichen Tonarten</title>. 8. <pubPlace key="place_0082">Breslau</pubPlace>, <publisher key="publ_0640">Cranz</publisher> geh. 4 Gr.</bibl>
</div><div id="hofm_1838_01_0016_div23"><head><hofClass key="hofCl_0287">Theoretische Werke.</hofClass></head>
<bibl id="hofm_1838_01_0016_06"><author>Kuhmsted (Fr.)</author> <title>Theoretisch-praktische Harmonien- und Ausweichungs-Lehre für alle Diejenigen, welche, ohne den mündlichen Unterricht eines Meisters geniessen zu können, sich die nöthige praktische Fertigkeit im reinen Satz und harmonische Gewandtheit in kurzer Zeit aneignen wollen</title>. 4. <pubPlace key="place_0168">Eisenach</pubPlace>, <publisher key="publ_0160">Baerecke</publisher> 1 Thlr. 4 Gr.</bibl>
<bibl id="hofm_1838_01_0016_07"><author>Schärtlich (J.C.)</author> <title>Handbuch der Harmonie-Lehre f. Seminarien, höhere Lehranstalten und zum Selbstunterricht. 1ster Band. 2te Abtheilung</title>. 8. <pubPlace key="place_0553">Potsdam</pubPlace>, <publisher key="publ_3249">Riegel</publisher>. Pr. d. 1sten Bandes in 2 Abtheilungen 2 Thlr, (ein 2ter Band vom gleichen Umfange u. Preise beendigt das Werk.)</bibl>
<bibl id="hofm_1838_01_0016_08"><author>Steinmüller (Wilh.)</author> <title>Der Musik-Schüler. Ein Handbuch f. Sänger und Instrumentisten. Zum Gebrauch beim Unterricht, bei häuslicher Wiederholung, wie für den Selbstunterricht</title>. 8. <pubPlace key="place_0258">Gummersbach</pubPlace> (<pubPlace key="place_0632">Siegen</pubPlace>, <publisher key="publ_1111">Friedrich</publisher>) geh. 12 Gr.</bibl>
<wip id="hofm_1838_01_0016_09"><title>Universal-Lexicon der Tonkunst, redigirt von <author>G. Schilling</author>. Vter Band</title>. <title>5te und 6te Lieferung (Portamento-Ries)</title>. 8. <pubPlace key="place_0662">Stuttgart</pubPlace>, <publisher key="publ_2224">Köhler</publisher> 20 Gr.</wip>
<bibl id="hofm_1838_01_0016_10">– Idem. VIter Band. 1ste Lieferung. (Riesenharfe-Salomon.) Ebend. 10 Gr.</bibl>
<bibl id="hofm_1838_01_0016_11"><author>Weber</author>, <title>musikalische Schulgrammatik</title>. gr. 8. <pubPlace key="place_0767">Zürich</pubPlace>, <publisher key="publ_1815">Höhr</publisher> geh. 20 Gr.</bibl>
</div>
</body></text></TEI.2>