<?xml version="1.0" encoding="utf-8"?>
<!DOCTYPE TEI.2
  SYSTEM "../../dtd/tei/cch_tei.dtd">
<TEI.2 id="hofm_1838_04">
<teiHeader type="text"><fileDesc><titleStmt><title>April 1838</title></titleStmt><publicationStmt><p/></publicationStmt><sourceDesc><p/></sourceDesc></fileDesc><profileDesc><langUsage><language id="ger">German</language><language id="fre">French</language><language id="ita">Italian</language></langUsage></profileDesc><revisionDesc><change><date>2008-09-11</date><respStmt><name>EP</name></respStmt><item>&lt;seriesInfo&gt; element renamed into &lt;series&gt;</item></change><change><date>2007-09-20</date><respStmt><name>EP</name></respStmt><item>missing @id added</item></change><change><date>2007-05-11</date><respStmt><name>ER</name></respStmt><item>ID hofm_1838_04_0051_02
 added</item></change><change><date>2007-04-27</date><respStmt><name>RV</name></respStmt><item>Changed "biblGroup" elements in "listBibl"</item></change><change><date>2007-03-02</date><respStmt><name>EP</name></respStmt><item>Checked curly brackets</item></change><change><date>2007-02-26</date><respStmt><name>EP</name></respStmt><item>Encoded curly brackets</item></change><change><date>2006-12-19</date><respStmt><name>EP</name></respStmt><item>sic and unclear moved outside elements pubplaces, publisher, composer, hofclass, key, opus</item></change><change><date>2007-01-28</date><respStmt><name>Sarah</name></respStmt><item>Removed extra author tags.</item></change><change><date>2006-09-29</date><respStmt><name>Liz</name></respStmt><item>p. 51 key tagging adjusted</item></change><change><date>2006-03-15</date><respStmt><name>Sarah</name></respStmt><item>Fixed Xrefs</item></change><change><date>2006-02-22</date><respStmt><name>Liz</name></respStmt><item>p. 63 Textbuch tagging adjusted</item></change><change><date>2005-09-15</date><respStmt><name>Sarah</name></respStmt><item>Corrections following checking pages. Adjusted publisher tagging.</item></change><change><date>2005-05-12</date><respStmt><name>Sarah</name></respStmt><item>Corrections following checking pages. Adjusted album tagging.</item></change><change><date>2005-03-10</date><respStmt><name>Sarah</name></respStmt><item>Fixed incorrect edition tags.</item></change><change><date>2005-02-08</date><respStmt><name>Sarah</name></respStmt><item>Fixed HofClass headings.</item></change><change><date>2005-02-04</date><respStmt><name>Sarah</name></respStmt><item>Corrected Orell, Fussli u. Co.</item></change><change><date>2005-01-31</date><respStmt><name>Sarah</name></respStmt><item>Fixed pb tags.</item></change><change><date>2005-01-24</date><respStmt><name>Sarah</name></respStmt><item>Adjusted spacing following comments from Liz.</item></change><change><date>2005-01-14</date><respStmt><name>Sarah</name></respStmt><item>Added file title, TEI_ID, fixed album, xref, curly brackets 				and edition / format.</item></change><change><date>2004-09-30</date><respStmt><name>Sarah</name></respStmt><item>Removed force and price tags 30/09/2004.</item></change><change><date>2004-08-31</date><respStmt><name>Sarah</name></respStmt><item>First encoding.</item></change></revisionDesc></teiHeader>

<text><body><pb n="50"/><head>April 1838.</head>
<div id="hofm_1838_04_0050_div01"><head><hofClass key="hofCl_0164">Musik für das Orchester.</hofClass></head>
<bibl id="hofm_1838_04_0050_01"><regNumber>5106</regNumber>. <composer key="compo_002077">Beethoven (L. v.)</composer> <title>Ouverture zur Oper: Leonore, f. Orchester. Op. <opus key="opus_0658">138</opus>, in <key>C</key>. (componirt 1805.) Aus dem Nachlass</title>. <pubPlace key="place_0731">Wien</pubPlace>, <publisher key="publ_1506">Haslinger</publisher> 3 Fl.</bibl>
<bibl id="hofm_1838_04_0050_02">– – Idem. <format>Partitur</format>. Ebend. 3 Fl.</bibl>
<wip id="hofm_1838_04_0050_03"><regNumber>5040</regNumber>. <composer key="compo_020014">Lanner (Jos.)</composer> <title><series>Beliebte Walzer und Galoppen f. Orchester</series>. No. 32, Die Aelpler. Walzer. Op. <opus key="opus_0459">124</opus></title>. (3 Fl.) <title>No. 33, Tarantel-Galoppe. Op. <opus key="opus_0477">125</opus></title>. (1 Fl. 30 Xr.) <pubPlace key="place_0731">Wien</pubPlace>, <publisher key="publ_2605">Mechetti</publisher>.</wip>
<bibl id="hofm_1838_04_0050_04"><regNumber>4192</regNumber>. <composer key="compo_022904">Mendelssohn-Bartholdy (F.)</composer> <title>Ouverture de l’Oratorio : Paulus, à grand Orchestre. Oe. <opus key="opus_2509">36</opus></title>. <pubPlace key="place_0069">Bonn</pubPlace>, <publisher key="publ_3791">Simrock</publisher> 7 Fr. 50 Ct.</bibl>
<bibl id="hofm_1838_04_0050_05"><composer key="compo_024718">Neumann (H.)</composer> <title>Concertino p. Basson et Clarinette av. Acc. d’Orchestre. Oe. <opus key="opus_2576">37</opus></title>. <pubPlace key="place_0069">Bonn</pubPlace>, <publisher key="publ_2734">Mompour</publisher> 1 Thlr.</bibl>
<bibl id="hofm_1838_04_0050_06"><regNumber>5047</regNumber>. <composer key="compo_025363">Onslow (G.)</composer> <title>Ouverture de l’Opéra : Guise ou Les états de Blois, à grand Orchestre (in <key lang="ger">H</key>.)</title> <pubPlace key="place_0392">Leipzig</pubPlace>, <publisher key="publ_2017">Kistner</publisher> 2 Thlr. 8 Gr.</bibl>
</div><div id="hofm_1838_04_0050_div02"><head><hofClass key="hofCl_0245">Musik für die Violine.</hofClass></head>
<bibl id="hofm_1838_04_0050_07"><regNumber>4475</regNumber>. <composer key="compo_000088">Adam</composer>, <title>Airs du Postillon de Lonjumeau, arr. en Duos p. 2 Violons p. J. Strunz. Divisés en 2 Suites. Suite 2</title>. <pubPlace key="place_0438">Mainz</pubPlace>, <publisher key="publ_3563">Schott</publisher> 1 Fl. 30 Xr.</bibl>
<bibl id="hofm_1838_04_0050_08"><composer key="compo_000976">Artot (J.)</composer> <title>1ier Air varié p. Violon av. Acc. de Pfte (in <key>D</key>.)</title> <pubPlace key="place_0537">Paris</pubPlace>, <publisher key="publ_2638">Meissonier</publisher> 7 Fr. 50 Ct.</bibl>
<bibl id="hofm_1838_04_0050_09">– <title>2ième Air varié p. Violon av. Acc. de Pfte (in <key>E</key>.)</title> Ebend. 7 Fr. 50 Ct.</bibl>
<wip id="hofm_1838_04_0050_10"><composer key="compo_004899">Beriot (C. de)</composer> <title>12 Mélodies italiennes, arr. p. Violon av. Acc. de Pfte</title>. <title>Liv. 1, Non giova il Sospirar. Vanne al mio bene</title>. <title>Liv. 2, Al dolce guidami. A torto ti lagni</title>. <title>Liv. 3, E vezzoso si la roso. La verginella</title>. <title>Liv. 4, Mille Sospiri e lagrime. Deh! non voler costringere</title>. <title>Liv. 5, Come l’aurette placide. Stanca di pascolar</title>. <title>Liv. 6, Quel suono. Prendimi teco</title>. <pubPlace key="place_0069">Bonn</pubPlace>, <publisher key="publ_3791">Simrock</publisher> à 1 Fr. 50 Ct.</wip>
<bibl id="hofm_1838_04_0050_11"><regNumber>5105</regNumber>. <composer key="compo_003149">Blagrove (Henri)</composer> <title>Second Air varié p. Violon av. Acc. de Pfte. Oe. <opus key="opus_2116">3</opus>, in <key>E</key></title>. <pubPlace key="place_0731">Wien</pubPlace>, <publisher key="publ_1506">Haslinger</publisher> 1 Fl. 15 Xr.</bibl>
<bibl id="hofm_1838_04_0050_12"><regNumber>5097</regNumber>. <composer key="compo_004981">Böhmer (Ch.)</composer> <title>Variations brillantes sur un Thème de l’Opéra : Le Postillon de Lonjumeau, p. Violon av. Acc. d’un second Violon, Alto et Vclle. Oe. <opus key="opus_2131">30</opus>, in <key>E</key></title>. (déd. à Mr. Franç. Schubert.) <pubPlace key="place_0044">Berlin</pubPlace>, <publisher key="publ_4370">Westphal</publisher> 12 Gr.</bibl>
<bibl id="hofm_1838_04_0050_13">– – Idem av. Acc. de Pfte. Ebend. 10 Gr.</bibl>
<bibl id="hofm_1838_04_0050_14"><composer key="compo_008563">Ernst (H. Guill.)</composer> <title>3 Rondinos sur des Motifs favoris de Nathalie, Tentation et Robert le Diable, p. Violon av. Acc. de Pfte. Oe. <opus key="opus_2119">3, No. 1–3</opus></title>. <pubPlace key="place_0537">Paris</pubPlace>, <publisher key="publ_3471">Schlesinger</publisher> à 5 Fr.</bibl>
<bibl id="hofm_1838_04_0050_15">– <title>Introduction et Variations brillantes en Forme de Fantaisie sur le Quatuor fav. de Ludovic de F. Halevy, p. Violon av. Acc. de Pfte. Oe. <opus key="opus_3565">6</opus></title>. Ebend. 7 Fr. 50 Ct.</bibl>
<wip id="hofm_1838_04_0050_16">– <title>Trois Morceaux de Salon, p. Violon av. Acc. de Pfte</title> (av. Vignette.) <pubPlace key="place_0392">Leipzig</pubPlace>, <publisher key="publ_1746">Hofmeister</publisher>. <lb/><title>Liv. 1, Deux Nocturnes. Oe. <opus key="opus_4300">8</opus>, in <key>A</key></title>. 12 Gr. <lb/>– <title>2, Thème allemand varié. Oe. <opus key="opus_4562">9</opus>, in <key>E</key></title>. 12 Gr. <lb/>– <title>3, Elégie. Chant. Oe. <opus key="opus_0021">10</opus>, in <key>Cm</key></title>. 12 Gr.</wip>
<bibl id="hofm_1838_04_0050_17"><regNumber>5040</regNumber>. <composer key="compo_020014">Lanner (Jos.)</composer> <title><series>Walzer f. 3 Violinen u. Bass. No. 8</series>, Die Aelpler. Walzer. Op. <opus key="opus_0459">124</opus></title>. <pubPlace key="place_0731">Wien</pubPlace>, <publisher key="publ_2605">Mechetti</publisher> 1 Fl.</bibl>
<bibl id="hofm_1838_04_0050_18"><composer key="compo_021385">Lubin (Leon de St.)</composer> <title>Polonaise brillante p. Violon av. Acc. de Pfte. Oe. <opus key="opus_3967">7</opus>, in <key>E</key></title>. <pubPlace key="place_0392">Leipzig</pubPlace>, <publisher key="publ_1746">Hofmeister</publisher> 14 Gr.</bibl>
<pb n="51"/>
<bibl id="hofm_1838_04_0051_01"><regNumber>5070</regNumber>. <composer key="compo_022699">Mazas (F.)</composer> <title>Grande Fantaisie sur des Motifs du Postillon de Lonjumeau d’Adam p. Violon av. Acc. de Pfte. Oe. <opus key="opus_3529">59</opus>, in <key>D</key></title>. <pubPlace key="place_0438">Mainz</pubPlace>, <publisher key="publ_3563">Schott</publisher> 2 Fl. 6 Xr.</bibl>
<bibl id="hofm_1838_04_0051_02"><regNumber>5050</regNumber>. – <title>Quatre Airs variés faciles p. Violon av. Acc. de Pfte. No. 1, Chansonette tyrolienne. No. 2, Thème de Mercadante. No. 3, Thème de Donizetti. No. 4, Thème de Bellini</title>. <pubPlace key="place_0392">Leipzig</pubPlace>, <publisher key="publ_0437">Br. et Härtel</publisher> à 10 Gr.</bibl>
<bibl id="hofm_1838_04_0051_03"><composer key="compo_024718">Neumann (H.)</composer> <title>Second Duo p. 2 Violons. Oe. <opus key="opus_2509">36</opus>, in <key>G</key></title>. <pubPlace key="place_0069">Bonn</pubPlace>, <publisher key="publ_2734">Mompour</publisher> 14 Gr.</bibl>
<bibl id="hofm_1838_04_0051_04"><regNumber>5113</regNumber>. <composer key="compo_024958">Nohr (Fr.)</composer> <title>Quintett f. 2 Violinen, 2 Bratschen u. Vclle. Op. <opus key="opus_3967">7</opus>, in <key>F</key></title>. (Herrn G.W. Fink gewidmet.) <pubPlace key="place_0519">Offenbach</pubPlace>, <publisher key="publ_0065">André</publisher> 3 Fl.</bibl>
<bibl id="hofm_1838_04_0051_05"><composer key="compo_036249">Weber (C.M. de)</composer> <title>1ière Sinfonie, arr. p. 2 Violons, 2 Altos et Vclle p. Rahles (in <key>C</key>.)</title> Ebend. 2 Fl. 24 Xr.</bibl>
</div><div id="hofm_1838_04_0051_div03"><head><hofClass key="hofCl_0184">Musik für das Violoncelle.</hofClass></head>
<bibl id="hofm_1838_04_0051_06"><composer key="compo_001711">Batta (Alex.)</composer> <title>La Romanesca, fameaux Air de Danse de la Fin du 16e Siècle, arr. p. Violoncelle av. Acc. de 2 Violons, Alto, Basse et Guitarre obl. (ou Pfte)</title>. <pubPlace key="place_0537">Paris</pubPlace>, <publisher key="publ_3222">Richault</publisher> 6 Fr.</bibl>
<bibl id="hofm_1838_04_0051_07"><composer key="compo_007289">Dotzauer (J.J.F.)</composer> <title>Concertino p. Violoncelle av. Acc. d’Orchestre. Oe. <opus key="opus_0830">150</opus>, in <key>A</key>. (irrthümlich mit 112 bezeichnet.)</title> <pubPlace key="place_0275">Halle</pubPlace>, <publisher key="publ_1583">Helmuth</publisher> 2 Thlr.</bibl>
<bibl id="hofm_1838_04_0051_08">– Idem av. Acc. de Quatuor. Ebend. 1 Thlr. 12 Gr.</bibl>
<bibl id="hofm_1838_04_0051_09">– Idem av. Acc. de Pfte. Ebend. 1 Thlr.</bibl>
</div><div id="hofm_1838_04_0051_div04"><head><hofClass key="hofCl_0200">Musik für die Flöte.</hofClass></head>
<bibl id="hofm_1838_04_0051_10"><composer key="compo_010489">Gabrielsky (W.)</composer> <title>Neueste Berliner Lieblings-Tänze, arr. f. Flöte oder Violine. 14tes Heft</title>. <pubPlace key="place_0044">Berlin</pubPlace>, <publisher key="publ_3471">Schlesinger</publisher> 8 Gr.</bibl>
<bibl id="hofm_1838_04_0051_11"><regNumber>5112</regNumber>. <composer key="compo_019131">Kummer (G.)</composer> <title>Fantaisie sur des Motifs de l’Opéra : Norma, p. Flûte av. Acc. d’Orchestre. Oe. <opus key="opus_4639">93</opus>, in <key>G</key></title>. <pubPlace key="place_0519">Offenbach</pubPlace>, <publisher key="publ_0065">André</publisher> 3 Fl. 18 Xr.</bibl>
<bibl id="hofm_1838_04_0051_12">– – Idem av. Acc. de Quatuor (Contre-Basse ad lib.) Ebend. 2 Fl. 24 Xr.</bibl>
<bibl id="hofm_1838_04_0051_13">– – Idem av. Acc. de Pfte. Ebend. 1 Fl. 48 Xr.</bibl>
<listBibl><bibl id="hofm_1838_04_0051_14"><regNumber>4943</regNumber>. <composer key="compo_019651">Labitzky (J.)</composer> <title>Aurora-Walzer, eing. f. Flöte. Op. <opus key="opus_2403">34</opus></title>. <pubPlace key="place_0554">Prag</pubPlace>, <publisher key="publ_0282">Berra</publisher> 12 Xr.</bibl>
<bibl id="hofm_1838_04_0051_14_b">– <title>Die Nordländer, eing. f. Flöte. Op. <opus key="opus_2576">37</opus></title>. Ebend. 12 Xr. <lb/>(<series>Sammlung beliebter Tänze neuester Zeit. No. 21. 22.</series>)</bibl></listBibl>
<bibl id="hofm_1838_04_0051_16"><regNumber>5040</regNumber>. <composer key="compo_020014">Lanner (Jos.)</composer> <title><series>Beliebte Walzer und Galoppen f. Flöte. No. 44</series>, Die Aelpler. Walzer. Op. <opus key="opus_0459">124</opus></title>, <pubPlace key="place_0731">Wien</pubPlace>, <publisher key="publ_2605">Mechetti</publisher> 15 Xr.</bibl>
<bibl id="hofm_1838_04_0051_17"><regNumber>5125</regNumber>. <composer key="compo_024528">Negri (Giac.)</composer> <title>Gran Duetto p. 2 Flauti. Op. <opus key="opus_0392">12</opus>, in <key>F</key></title>. <pubPlace key="place_0437">Milano</pubPlace>, <publisher key="publ_3241">Ricordi</publisher> 5 Fr.</bibl>
</div><div id="hofm_1838_04_0051_div05"><head><hofClass key="hofCl_0131">Musik für verschiedene Blasinstrumente.</hofClass></head>
<bibl id="hofm_1838_04_0051_18"><regNumber>5075</regNumber>. <composer key="compo_024718">Neumann (H.)</composer> <title>Concertino p. l’Hautbois av. Acc. d’Orchestre. Oe. <opus key="opus_2630">38</opus></title>. <pubPlace key="place_0069">Bonn</pubPlace>, <publisher key="publ_2734">Mompour</publisher> 1 Thlr. 4 Gr.</bibl>
<bibl id="hofm_1838_04_0051_19">– – do. av. Acc. de Pfte. Ebend. 10 Gr.</bibl>
<bibl id="hofm_1838_04_0051_20"><regNumber>5076</regNumber>. – <title>Second Concertante p. Clarinette av. Acc. d’Orchestre. Oe. <opus key="opus_3105">48</opus></title>. Ebend. 1 Thlr. 12 Gr.</bibl>
<bibl id="hofm_1838_04_0051_21">– – do. av. Acc. de Pfte. Ebend. 12 Gr.</bibl>
<bibl id="hofm_1838_04_0051_22"><composer key="compo_035571">Vobaron (F.)</composer> <title>Fantaisie et Variations sur l’Air : Partant pour la Syrie, p. le Trombone av. Acc. d’Orchestre. Oe. <opus key="opus_2116">3</opus></title>. <pubPlace key="place_0537">Paris</pubPlace>, <publisher key="publ_3222">Richault</publisher> 7 Fr. 50 Ct.</bibl>
</div><div id="hofm_1838_04_0051_div06"><head><hofClass key="hofCl_0205">Musik für die Guitarre.</hofClass></head>
<bibl id="hofm_1838_04_0051_23"><regNumber>4999</regNumber>. <composer key="compo_005284">Carcassi (M.)</composer> <title>Vollständige Guitarreschule in 3 Abtheilungen. Op. <opus key="opus_3529">59</opus>, 2te Abth. enth. die nöthigsten Beispiele u. Uebungen. (Méthode complète p. la Guitare.)</title> <pubPlace key="place_0438">Mainz</pubPlace>, <publisher key="publ_3563">Schott</publisher> geh. 2 Fl. 24 Xr.</bibl>
<pb n="52"/>
<bibl id="hofm_1838_04_0052_01"><regNumber>5040</regNumber>. <composer key="compo_020014">Lanner (Jos.)</composer> <title><series>Beliebte Walzer und Galoppen f. Guitarre. No. 30</series>, Die Aelpler. Walzer. Op. <opus key="opus_0459">124</opus></title>. <pubPlace key="place_0731">Wien</pubPlace>, <publisher key="publ_2605">Mechetti</publisher> 30 Xr.</bibl>
<album id="hofm_1838_04_0052_02"><title>Lyra. Zusammenstellung des Schönsten und Anmuthingsten aus den neuesten Opern und andern Werken, eing. f. Guitarre. No. 63, Labitzky, Furioso-Galopp. Cachucha dansé p. <composer key="compo_008250">Mlle. Elsler</composer>. No. 64, Polka. No. 65, <composer key="compo_019648">Labitzky</composer>, Aurora-Walzer. No. 66, 67, 2 Potpourris a. d. Oper: Beatrice di Tenda v. <composer key="compo_002199">Bellini</composer>. No. 68, Potpourri aus der Oper: Robert der Teufel v. <composer key="compo_023267">Meyerbeer</composer>. No. 69, Potpourri a. d. Oper: Das Nachtlager in Granada v. <composer key="compo_018758">Kreutzer</composer>. No. 70, <composer key="compo_019648">Labitzky</composer>, Die Nordländer. Walzer. No. 71, 72, 2 Potpourris aus der Oper: Jessonda von <composer key="compo_032794">Spohr</composer></title>. <pubPlace key="place_0554">Prag</pubPlace>, <publisher key="publ_0282">Berra</publisher> à 12 Xr.</album>
</div><div id="hofm_1838_04_0052_div07"><head><hofClass key="hofCl_0167">Musik für das Pianoforte mit Begleitung.</hofClass></head>
<bibl id="hofm_1838_04_0052_03"><composer key="compo_001225">Bach (J.S.)</composer> <title>Concerto per Cembalo con Acc. di 2 Violini, Alto, Vcllo e Violone. No. 1, in <key>Dm</key>. <format>Partitur</format></title>. <pubPlace key="place_0392">Leipzig</pubPlace>, <publisher key="publ_2017">Kistner</publisher> (F. <publisher key="publ_4382">Whistling</publisher>) 2 Thlr.</bibl>
<bibl id="hofm_1838_04_0052_04"><composer key="compo_002077">Beethoven (L. v. )</composer> <title>Sonate f. Pfte und Vclle (Flöte oder Horn). Op. <opus key="opus_1068">17</opus>, in <key>F</key>. <edition>Neue Ausg</edition></title>. <pubPlace key="place_0731">Wien</pubPlace>, <publisher key="publ_1506">Haslinger</publisher> 1 Fl. 30 Xr.</bibl>
<bibl id="hofm_1838_04_0052_05"><regNumber>5124</regNumber>. <composer key="compo_005182">Calegari (L.A.)</composer> <title>Capriccio e Variazioni sopra alcuni Motivi dell’ Opera: Iginia d’Asti del Sgr. Levi, p. Pfte con Violino e Vclle (o Alto) ad lib. (in <key>C</key>.)</title> <pubPlace key="place_0437">Milano</pubPlace>, <publisher key="publ_3241">Ricordi</publisher> 7 Fr. 50 Ct.</bibl>
<bibl id="hofm_1838_04_0052_06"><regNumber>5123</regNumber>. <composer key="compo_006044">Corticelli (G.)</composer> <title>3 Fantasie sopra vari Tema di Rossini, Bellini e Auber p. Pfte e Clarinetto. No. 1, Guglielmo Tell. No. 2, Norma. No. 3, Muta di Portici</title>. Ebend. à 5 Fr.</bibl>
<bibl id="hofm_1838_04_0052_07"><regNumber>5102</regNumber>. <composer key="compo_008806">Fahrbach (Jos.)</composer> und <composer key="compo_013474">C. Haslinger</composer>, <title>Introduction und Variationen über die beliebte Melodie: Das Herzenlied, f. Flöte u. Pfte (in <key>D</key>.)</title> <pubPlace key="place_0731">Wien</pubPlace>, <publisher key="publ_1506">Haslinger</publisher> 1 Fl.</bibl>
<bibl id="hofm_1838_04_0052_08"><regNumber>5103</regNumber>. <composer key="compo_008808">Fahrbach (Ph.)</composer> <title>Walzer f. Violine u. Pfte. No. 5, Unter-Oesterreicher. Walzer. Op. <opus key="opus_1881">26</opus>. No. 6, Die Musen. Walzer. Op. <opus key="opus_1999">28</opus></title>. Ebend. à 45 Xr.</bibl>
<bibl id="hofm_1838_04_0052_09"><regNumber>5083</regNumber>. <composer key="compo_009155">Feska (Alex. E.)</composer> <title>Rondeau brillant mit Begl. d. Orchesters. Oe. <opus key="opus_0001">1</opus>, in <key>D</key></title>. <pubPlace key="place_0069">Bonn</pubPlace>, <publisher key="publ_3791">Simrock</publisher> 8 Fr.</bibl>
<bibl id="hofm_1838_04_0052_10"><regNumber>5062</regNumber>. <composer key="compo_015944">Hünten (Fr.)</composer> <title>Les jeunes Compagnes. 3 Quadrilles de Contredanses et 3 Valses p. Pfte av. Acc. de Flûte ou Violon ad lib. Oe. <opus key="opus_4671">95</opus>, Liv. 1–3</title>. <pubPlace key="place_0438">Mainz</pubPlace>, <publisher key="publ_3563">Schott</publisher> à 1 Fl.</bibl>
<bibl id="hofm_1838_04_0052_11"><composer key="compo_019507">Kücken (Fr.)</composer> <title>Sonate p. Pfte et Violon. Oe. <opus key="opus_0927">16</opus>, in <key>G</key></title>. <pubPlace key="place_0276">Hamburg</pubPlace>, <publisher key="publ_3607">Schuberth et N</publisher>. 1 Thlr. 4 Gr.</bibl>
<bibl id="hofm_1838_04_0052_12">– Idem p. Pfte et Violoncelle. Ebend. 1 Thlr. 4 Gr.</bibl>
<bibl id="hofm_1838_04_0052_13">– Idem p. Pfte et Flûte. Ebend. 1 Thlr. 4 Gr.</bibl>
<bibl id="hofm_1838_04_0052_14"><regNumber>5063</regNumber>. <composer key="compo_019512">Küffner (Jos.)</composer> <title>41ème Potpourri sur des Motifs de l’Opéra : Les Chaperons blancs d’Auber p. Pfte et Flûte ou Violon. Oe. <opus key="opus_1990">278</opus></title>. <pubPlace key="place_0438">Mainz</pubPlace>, <publisher key="publ_3563">Schott</publisher> 1 Fl. 48 Xr.</bibl>
<bibl id="hofm_1838_04_0052_15"><regNumber>5069</regNumber>. – <title>42ème Potpourri sur les Motifs les plus favoris des Soirées musicales de G. Rossini p. Pfte et Flûte (ou Violon). Oe. <opus key="opus_1991">279</opus></title>. Ebend. 1 Fl. 48 Xr.</bibl>
<bibl id="hofm_1838_04_0052_16"><regNumber>5109</regNumber>. <composer key="compo_019130">Kummer (F.A.)</composer> <title>Amusements p. les Amateurs de Pfte et Violoncelle. Oe. <opus key="opus_2764">40</opus>. No. 10, Divertissement sur des Motifs de l’Opéra : L’Ambassadrice. No. 11, Variations sur des Chansons russes</title>. <pubPlace key="place_0147">Dresden</pubPlace>, <publisher key="publ_2661">Meser</publisher> 18 Gr.</bibl>
<bibl id="hofm_1838_04_0052_17"><regNumber>5040</regNumber>. <composer key="compo_020014">Lanner (Jos.)</composer> <title><series>Walzer f. Violine m. Begl. d. Pfte. No. 8</series>, Die Aelpler. Walzer. Op. <opus key="opus_0459">124</opus></title>. <pubPlace key="place_0731">Wien</pubPlace>, <publisher key="publ_2605">Mechetti</publisher> 45 Xr.</bibl>
<bibl id="hofm_1838_04_0052_18"><regNumber>5045</regNumber>. <composer key="compo_032133">Seyler (Charl.)</composer> <title>Premier Trio p. Pfte, Violon et Vclle (in <key>Es</key>.)</title> Ebend. 3 Fl</bibl>
<pb n="53"/>
<bibl id="hofm_1838_04_0053_01"><regNumber>5099</regNumber>. <composer key="compo_033569">Strauss (Joh.)</composer> <title>Der Carneval in Paris. Op. <opus key="opus_0045">100</opus>. <series>Galoppen (beliebte) f. Violine u. Pfte. No. 28</series></title>. <pubPlace key="place_0731">Wien</pubPlace>, <publisher key="publ_1506">Haslinger</publisher> 15 Xr.</bibl>
<bibl id="hofm_1838_04_0053_02"><regNumber>4353</regNumber>. <composer key="compo_035421">Verroust (S.)</composer> et <composer key="compo_009162">A. Fessy</composer>, <title>Variations brillantes et concertantes sur des Motifs favoris de l’Opéra : La Norma de Bellini, p. Pfte. et Hautbois</title>. <pubPlace key="place_0392">Leipzig</pubPlace>, <publisher key="publ_1746">Hofmeister</publisher> 18 Gr.</bibl>
</div><div id="hofm_1838_04_0053_div08"><head><hofClass key="hofCl_0124">Musik für 2 Pianoforte.</hofClass></head>
<bibl id="hofm_1838_04_0053_03"><regNumber>5127</regNumber>. <composer key="compo_008859">Fanna (Ant.)</composer> <title>Gran Duetto concertante sopra una Melodia italiana cantate dalla Improvvisatrice Sgr. Taddei, p. 2 Pfte. Op. <opus key="opus_2458">35</opus>, in <key>E</key></title>. <pubPlace key="place_0437">Milano</pubPlace>, <publisher key="publ_3241">Ricordi</publisher> 6 Fr.</bibl>
</div><div id="hofm_1838_04_0053_div09"><head><hofClass key="hofCl_0171">Musik für das Pianoforte zu 4 Händen.</hofClass></head>
<bibl id="hofm_1838_04_0053_04"><regNumber>5129</regNumber>. <composer key="compo_001154">Austri (Gact.)</composer> <title>Valtzer p. Pfte a 4 Mani</title>. <pubPlace key="place_0437">Milano</pubPlace>, <publisher key="publ_3241">Ricordi</publisher> 2 Fr. 25 Ct.</bibl>
<bibl id="hofm_1838_04_0053_05"><composer key="compo_002077">Beethoven (L. v.)</composer> <title>Grande Sonate avec la Marche celèbre sur la Mort d’un Héros, arr. p. Pfte à 4 Mains. Oe. <opus key="opus_1881">26</opus>, in <key>As</key></title>. <pubPlace key="place_0276">Hamburg</pubPlace>, <publisher key="publ_0640">Cranz</publisher> 1 Thlr. 4 Gr.</bibl>
<bibl id="hofm_1838_04_0053_06"><composer key="compo_002418">Berg (C.)</composer> <title>1stes Rondo, arr. f. Pfte. zu 4 Händen von P. Horr. Op. <opus key="opus_3967">7</opus>, in <key>Es</key></title>. <pubPlace key="place_0519">Offenbach</pubPlace>, <publisher key="publ_0065">André</publisher> 1 Fl. 12 Xr.</bibl>
<bibl id="hofm_1838_04_0053_07"><regNumber>3694</regNumber>. <composer key="compo_005570">Cherubini (L.)</composer> <title>Quatuor p. Violon, arr. p. Pfte à 4 Mains p. F. Mockwitz. No. 3, in <key>Dm</key></title>. <pubPlace key="place_0392">Leipzig</pubPlace>, <publisher key="publ_2017">Kistner</publisher> 1 Thlr. 16 Gr.</bibl>
<bibl id="hofm_1838_04_0053_08"><composer key="compo_006306">Czerny (Ch.)</composer> <title>Grande Marche de Couronnement (Krönungs-Marsch) de S. M. Victoria, Reine de Bretagne, p. Pfte à 4 Mains</title>. <pubPlace key="place_0069">Bonn</pubPlace>, <publisher key="publ_3791">Simrock</publisher> 2 Fr.</bibl>
<bibl id="hofm_1838_04_0053_09"><regNumber>5051</regNumber>. <composer key="compo_007599">Duvernoy (J.B.)</composer> <title>Variations sur un Thème favori de Bellini (Choeur de la Norma) p. Pfte à 4 Mains. Oe. <opus key="opus_3988">70</opus>, in <key>F</key></title>. <pubPlace key="place_0392">Leipzig</pubPlace>, <publisher key="publ_0437">Br. et Härtel</publisher> 1 Thlr. 4 Gr.</bibl>
<wip id="hofm_1838_04_0053_10"><regNumber>5128</regNumber>. <composer key="compo_008859">Fanna (Ant.)</composer> <title>2 Divertimenti p. Pfte a 4 Mani. Op. <opus key="opus_2403">34</opus></title>, <title>No. 1, (in <key>F</key>.)</title> 4 Fr. 50 Ct. <title>No. 2, (in <key>C</key>.)</title> 3 Fr. <pubPlace key="place_0437">Milano</pubPlace>, <publisher key="publ_3241">Ricordi</publisher>.</wip>
<bibl id="hofm_1838_04_0053_11"><composer key="compo_015697">Händel</composer>, <title>6 grosse Chöre, arr. f. Pfte zu 4 Händen von C. Czerny. No. 1, Denn es ist uns ein Kind geboren, aus d. Messias. No. 2, Hoch thut euch auf, aus do. No. 3, Halleluja, aus do. No. 4, Hagel statt Regen fiel herab aus Israel in Egypten. No. 5, Der Herr ist König, aus do. No. 6, Ehret auf seinem ewigen Thron, aus Samson</title>. <pubPlace key="place_0069">Bonn</pubPlace> <publisher key="publ_3791">Simrock</publisher> à 1 Fr. 25 Ct.</bibl>
<bibl id="hofm_1838_04_0053_12"><composer key="compo_014550">Herz (H.)</composer> <title>Variations sur un Air tyrolien favori, arr. p. Pfte à 4 Mains. Oe. <opus key="opus_0531">13</opus></title>. Ebend. 4 Fr. 50 Ct.</bibl>
<bibl id="hofm_1838_04_0053_13">– <title>Sul margine d’un rio. Variations arr. p. Pfte à 4 Mains. Oe. <opus key="opus_2630">38</opus></title>. Ebend. 3 Fr.</bibl>
<bibl id="hofm_1838_04_0053_14">– <title>3 Airs variés, arr. p. Pfte à 4 Mains. Oe. <opus key="opus_2670">39</opus>. No. 1, Air français. No. 2, La Suissesse au Bord du Lac. No. 3, Air écossais</title>. Ebend. à 2 Fr. 50 Ct.</bibl>
<bibl id="hofm_1838_04_0053_15">– <title>Variations brillantes avec Introduction et Finale alla militare sur la Cavatine favorite de la Violette de Caraffa, arr. p. Pfte à 4 Mains. Oe. <opus key="opus_3105">48</opus></title>. Ebend. 4 Fr. 50 Ct.</bibl>
<wip id="hofm_1838_04_0053_16"><composer key="compo_015944">Hünten (Fr.)</composer> <title>Quatre Rondeaux, arr. p. Pfte à 4 Mains sur des Thèmes favoris. Oe. <opus key="opus_2131">30</opus></title>. <title>Liv. 1, Ricciardo e Zoraide. Le petit Tambour</title>. <title>Liv. 2, Cenerentola. Le Siège de Corinthe</title>. Ebend. à 2 Fr. 50 Ct.</wip>
<bibl id="hofm_1838_04_0053_17"><regNumber>5061</regNumber>. – <title>Airs favoris de Mlle. L. Puget p. Pfte à 4 Mains. Oe. <opus key="opus_4687">96</opus>. No. 1, Mire dans mes yeux les yeux. Rondeau in <key>C</key>. No. 2, Son Nom ! Variations (in <key>B</key>.) No. 3, Mon Rocher de St. Malo. Rondeau (in <key>A</key>.) No. 4, Ave Maria. Variations (in <key>A</key>.)</title> <pubPlace key="place_0438">Mainz</pubPlace>, <publisher key="publ_3563">Schott</publisher> à 1 Fl.</bibl>
<pb n="54"/>
<bibl id="hofm_1838_04_0054_01"><composer key="compo_017664">Klein (B.)</composer> <title>Sonate p. Pfte à 4 Mains (in <key>Gm</key>.) publiée p. Jos. Klein</title>. <pubPlace key="place_0069">Bonn</pubPlace>, <publisher key="publ_2734">Mompour</publisher> 1 Thlr. 2 Gr.</bibl>
<bibl id="hofm_1838_04_0054_02"><regNumber>5040</regNumber>. <composer key="compo_020014">Lanner (Jos.)</composer> <title>Die Aelpler. Walzer f. Pfte. zu 4 Händen. Op. <opus key="opus_0459">124</opus></title>. <pubPlace key="place_0731">Wien</pubPlace>, <publisher key="publ_2605">Mechetti</publisher> 1 Fl.</bibl>
<bibl id="hofm_1838_04_0054_03"><regNumber>4627</regNumber>. <composer key="compo_022904">Mendelssohn-Bartholdy (F.)</composer> <title>6 Lieder ohne Worte, arr. f. Pfte v. Ch. Czerny. Op. <opus key="opus_2630">38</opus>, 3tes Heft</title>. <pubPlace key="place_0069">Bonn</pubPlace>, <publisher key="publ_3791">Simrock</publisher> 4 Fr. 50 Ct.</bibl>
<bibl id="hofm_1838_04_0054_04"><regNumber>5046</regNumber>. <composer key="compo_032798">Spohr (L.)</composer> <title>Introduction et Rondeau p. Pfte à 4 Mains, arr. d’après le Rondeau p. Pfte et Violon p. Ch. Czerny. Oe. <opus key="opus_3029">46</opus>, in <key>E</key></title>. <pubPlace key="place_0731">Wien</pubPlace>, <publisher key="publ_2605">Mechetti</publisher> 1 Fl. 30 Xr.</bibl>
<bibl id="hofm_1838_04_0054_05"><composer key="compo_033761">Stöber (Th.)</composer> <title>Rondeau p. Pfte à 4 Mains</title>. <pubPlace key="place_0681">Tirnau</pubPlace>, <publisher key="publ_4246">Wachter</publisher> 45 Xr.</bibl>
<bibl id="hofm_1838_04_0054_06"><regNumber>5099</regNumber>. <composer key="compo_033569">Strauss (Joh.)</composer> <title><series>Der Carneval in Paris. Galopp. No. 22</series>, f. Pfte zu 4 Händen. Op. <opus key="opus_0045">100</opus></title>. <pubPlace key="place_0731">Wien</pubPlace>, <publisher key="publ_1506">Haslinger</publisher> 30 Xr.</bibl>
</div><div id="hofm_1838_04_0054_div10"><head><hofClass key="hofCl_0272">Ouverturen für das Pianoforte zu 4 Händen.</hofClass></head>
<bibl id="hofm_1838_04_0054_07"><regNumber>5106</regNumber>. <composer key="compo_002077">Beethoven (L. v.)</composer> <title>Ouverture zur Oper: Leonore (oder Fidelio). Op. <opus key="opus_0658">138</opus>, in <key>C</key>. (geschrieben 1805) f. Pfte zu 4 Händen, eing. v. C. Czerny</title>. <pubPlace key="place_0731">Wien</pubPlace>, <publisher key="publ_1506">Haslinger</publisher> 1 Fl.</bibl>
</div><div id="hofm_1838_04_0054_div11"><head><hofClass key="hofCl_0166">Musik für das Pianoforte allein.</hofClass></head>
<bibl id="hofm_1838_04_0054_08"><composer key="compo_000089">Adam (A.)</composer> <title>Auswahl beliebter Stücke aus der Oper: Die Schweizerhütte (Le Chalet) f. Pfte</title>. <pubPlace key="place_0276">Hamburg</pubPlace>, <publisher key="publ_0640">Cranz</publisher> 16 Gr.</bibl>
<bibl id="hofm_1838_04_0054_09"><regNumber>5066</regNumber>. – <title>Mélange sur les plus jolis Thèmes de l’Ambassadrice, Musique d’Auber p. Pfte</title>. <pubPlace key="place_0438">Mainz</pubPlace>, <publisher key="publ_3563">Schott</publisher> 1 Fl. 12 Xr.</bibl>
<bibl id="hofm_1838_04_0054_10"><regNumber>5136</regNumber>. <composer key="compo_000389">Alkan (C.V.)</composer> <title>Trois grandes Etudes dans le Genre pathétique p. Pfte. Oe. <opus key="opus_0806">15</opus></title>. (Déd. à Mr. F. Liszt.) <pubPlace key="place_0392">Leipzig</pubPlace>, <publisher key="publ_1746">Hofmeister</publisher> geh. 2 Thlr.</bibl>
<bibl id="hofm_1838_04_0054_11"><composer key="compo_002077">Beethoven (L. v.)</composer> <title>Sonate pastorale p. Pfte. Oe. <opus key="opus_1999">28</opus>. <edition>Soigneusement revue et corrigée</edition>. Metronomisée p. J. Moscheles</title>. <pubPlace key="place_0276">Hamburg</pubPlace>, <publisher key="publ_0640">Cranz</publisher> 20 Gr.</bibl>
<bibl id="hofm_1838_04_0054_12"><composer key="compo_002709">Bertini (H.)</composer> <title>25 leichte und fortschreitende Uebungen f. Pfte. Op. <opus key="opus_0045">100</opus></title>. <pubPlace key="place_0731">Wien</pubPlace>, <publisher key="publ_1506">Haslinger</publisher> 1 Fl. 30 Xr.</bibl>
<bibl id="hofm_1838_04_0054_13"><regNumber>5132</regNumber>. <composer key="compo_004435">Brunner (C.T.)</composer> <title>Klänge f. Kinder, oder erste Belehrungen f. kleine Anfänger auf d. Pfte. Eine Reihe der leichtesten Uebungsstücke zu 2 und zu 4 Händen. Op. <opus key="opus_0392">12</opus></title>, <edition>1stes Heft</edition>. <pubPlace key="place_0392">Leipzig</pubPlace>, <publisher key="publ_2039">Klemm</publisher> 12 Gr.</bibl>
<bibl id="hofm_1838_04_0054_14"><regNumber>5065</regNumber>. <composer key="compo_004712">Burgmüller (Frèd.)</composer> <title>Bolero sur un Motif favori de l’Opéra : Le Domino noir, p. Pfte. Oe. <opus key="opus_2630">38</opus>, in <key>C</key></title>. <pubPlace key="place_0438">Mainz</pubPlace>, <publisher key="publ_3563">Schott</publisher> 54 Xr.</bibl>
<bibl id="hofm_1838_04_0054_15">– – <title>Rondo-Valse sur un Motif de Piquillo, Opéra de Monpou p. Pfte. Oe. <opus key="opus_2670">39</opus>, in <key>A</key></title>. Ebend. 54 Xr.</bibl>
<bibl id="hofm_1838_04_0054_16"><composer key="compo_005773">Clementi (M.)</composer> 25 Präludien f. Pfte. <pubPlace key="place_0069">Bonn</pubPlace>, <publisher key="publ_2734">Mompour</publisher> 8 Gr.</bibl>
<album id="hofm_1838_04_0054_17"><regNumber>5087</regNumber>. <composer key="compo_006306">Czerny (Ch.)</composer> <title>18 Rondeaux et Variations sur des Thèmes favoris à l’Usage des Elèves avancés p. Pfte. Oe. <opus key="opus_3012">454</opus>. No. 1, Valse de Preziosa. No. 2, Zigeunertanz de do. No. 3, Anna Bolena. No. 4, 2 Thèmes de Zauberflöte. No. 5, Menuet de Don Juan. No. 6, Figaro (Will einst das Gräflein). No. 7, Zauberflöte (Das klinget so herrlich). No. 8, Don Juan (La ci darem). No. 9, Tancred (Di tanti palpiti). No. 10, Zampa. No. 11, La Muette de Portici. No. 12, La Muette de Portici (O seht, schon strahlt der Morgen!) No. 13, 14, Le Bal masqué. No. 15, <composer key="compo_022962">Mercadante</composer>, Soave immagine. No. 16, <composer key="compo_022962">Mercadante</composer>, Se m’abbandoni. No. 17, <composer key="compo_022345">Martini</composer>, Stanco di più. No. 18, <composer key="compo_028195">Ricci</composer>, Voi mirate</title>. <pubPlace key="place_0069">Bonn</pubPlace>, <publisher key="publ_3791">Simrock</publisher> à 1 Fr. 50 Ct.</album>
<pb n="55"/>
<bibl id="hofm_1838_04_0055_01"><regNumber>5088</regNumber>. <composer key="compo_006306">Czerny (Ch.)</composer> <title>3 Rondinos élégans sur des Motifs favoris de L. v. Beethoven p. Pfte. Oe. <opus key="opus_3019">458</opus>. No. 1, Der Wachtelschlag. No. 2, Das Glück der Freundschaft. No. 3, Was zieht mir das Herz so?</title> <pubPlace key="place_0069">Bonn</pubPlace>, <publisher key="publ_3791">Simrock</publisher> à 2 Fr.</bibl>
<bibl id="hofm_1838_04_0055_02"><regNumber>5089</regNumber>. – <title>Rondo élégant sur l’Air favori : Wo der Wiese grünes Band, de l’Opéra : Des Adlers Horst de Gläser, p. Pfte Oe. <opus key="opus_3043">460</opus></title>. Ebend. 2 Fr.</bibl>
<bibl id="hofm_1838_04_0055_03"><regNumber>5090</regNumber>. – <title>Souvenir du Rhin (Erinnerung an den Rhein). Fantaisie brillante p. Pfte. Oe. <opus key="opus_3084">470</opus></title>. Ebend. 3 Fr.</bibl>
<bibl id="hofm_1838_04_0055_04"><regNumber>5091</regNumber>. – <title>Rondeau élégant sur une Romance française p. Pfte. Oe. <opus key="opus_3089">473</opus></title>. Ebend. 2 Fr. 50 Ct.</bibl>
<bibl id="hofm_1838_04_0055_05"><regNumber>5092</regNumber>. – <title>Invitation à la Danse. Divertissement élégant p. Pfte. Oe. <opus key="opus_3123">482</opus></title>. Ebend. 2 Fr.</bibl>
<wip id="hofm_1838_04_0055_06"><regNumber>5093</regNumber>. – <title>2 Esquisses charactéristiques sur des Thèmes de Bellini p. Pfte. Oe. <opus key="opus_3126">483</opus></title>. <title>No. 1, Allegretto sentimentale</title>. 1 Fr. 50 Ct. <title>No. 2, Allegro passionate</title>. 2 Fr. Ebend.</wip>
<bibl id="hofm_1838_04_0055_07"><regNumber>5097</regNumber>. – <title>Rondeau brillant sur la Marche du Mariage du Duc d’Orleans de Rossini p. Pfte. Oe. <opus key="opus_3132">487</opus></title>. Ebend. 2 Fr. 50 Ct.</bibl>
<bibl id="hofm_1838_04_0055_08"><regNumber>5041</regNumber>. – <title>Rondeau brillant sur des Valses favorites de Jos. Lanner, p. Pfte. Oe. <opus key="opus_3158">491</opus></title>. Ebend. 2 Fr. 50 Ct. <pubPlace key="place_0731">Wien</pubPlace>, <publisher key="publ_2605">Mechetti</publisher> 45 Xr.</bibl>
<bibl id="hofm_1838_04_0055_09"><regNumber>5052</regNumber>. <composer key="compo_007599">Duvernoy (J.B.)</composer> <title>La Cachucha. Grande Valse espagnole p. Pfte. Oe. <opus key="opus_4354">81</opus>, in <key>C</key></title>. <pubPlace key="place_0392">Leipzig</pubPlace>, <publisher key="publ_0437">Br. et. Härtel</publisher> 16 Gr.</bibl>
<bibl id="hofm_1838_04_0055_10"><regNumber>5122</regNumber>. <composer key="compo_008859">Fanna (Ant.)</composer> <title>Fantasia brillante sopra alcuni Motivi dell’ Opéra del M. Al. Nini: Ida della Torre, p. Pfte. Op. <opus key="opus_2509">36</opus>, in <key>Es</key></title>. <pubPlace key="place_0437">Milano</pubPlace>, <publisher key="publ_3241">Ricordi</publisher> 5 Fr.</bibl>
<bibl id="hofm_1838_04_0055_11"><regNumber>5083</regNumber>. <composer key="compo_009155">Feska (Alex. E.)</composer> <title>Rondeau brillant p. Pfte. Oe. <opus key="opus_0001">1</opus>, in <key>D</key></title>. <pubPlace key="place_0069">Bonn</pubPlace>, <publisher key="publ_3791">Simrock</publisher> 3 Fr.</bibl>
<bibl id="hofm_1838_04_0055_12"><regNumber>5067</regNumber>. <composer key="compo_011662">Gomion (L.)</composer> <title>Le Départ du jeune Marin. Fantaisie sur la Romance favorite de C.P. Lafont p. Pfte (in <key>B</key>.)</title> <pubPlace key="place_0438">Mainz</pubPlace>, <publisher key="publ_3563">Schott</publisher> 1 Fl.</bibl>
<bibl id="hofm_1838_04_0055_13"><regNumber>5060</regNumber>. <composer key="compo_014550">Herz (H.)</composer> <title>Grande Fantaisie brillante sur un Motif favori de l’Opéra d’Ambr. Thomas : La double Echelle, p. Pfte. Oe. <opus key="opus_4722">98</opus>, in <key>B</key></title>. Ebend. 1 Fl. 30 Xr.</bibl>
<bibl id="hofm_1838_04_0055_14"><regNumber>5082</regNumber>. <composer key="compo_015947">Hünten (P.E.)</composer> <title>Rondeau sur une Valse favorite de J. Strauss : Das Leben ein Tanz, p. Pfte. Oe. <opus key="opus_3454">57</opus>, in <key>A</key></title>. <pubPlace key="place_0069">Bonn</pubPlace>, <publisher key="publ_3791">Simrock</publisher> 1 Fr. 50 Ct.</bibl>
<bibl id="hofm_1838_04_0055_15"><regNumber>5068</regNumber>. <composer key="compo_016826">Kalkbrenner (Frèd.)</composer> <title>Ricordanza. Mélange sur les plus jolis Thèmes de l’Ambassadrice p. Pfte. Oe. <opus key="opus_0666">139</opus>, in <key>A</key></title>. <pubPlace key="place_0438">Mainz</pubPlace>, <publisher key="publ_3563">Schott</publisher> 1 Fl. 30 Xr.</bibl>
<bibl id="hofm_1838_04_0055_16"><regNumber>5110</regNumber>. <composer key="compo_017572">Kittl (J.F.)</composer> <title>Sechs Idyllen f. Pfte. Op. <opus key="opus_1372">2</opus></title>. <pubPlace key="place_0554">Prag</pubPlace>, <publisher key="publ_0282">Berra</publisher> 1 Fl. 15 Xr.</bibl>
<bibl id="hofm_1838_04_0055_17"><composer key="compo_018761">Kreutzer (C.)</composer> <title>Auswahl beliebter Stücke aus der Oper: Das Nachtlager von Granada, f. Pfte</title>. <pubPlace key="place_0276">Hamburg</pubPlace>, <publisher key="publ_0640">Cranz</publisher> 16 Gr.</bibl>
<bibl id="hofm_1838_04_0055_18"><regNumber>5072</regNumber>. <composer key="compo_019131">Kummer (G.)</composer> <title>24 Musikstücke in allen Dur- und Molltonarten, nebst den 24 Tonleitern und den herrschenden Accorden f. Pfte Op. <opus key="opus_4654">94</opus></title>. <pubPlace key="place_0069">Bonn</pubPlace>, <publisher key="publ_2734">Mompour</publisher> 1 Thlr. 2 Gr.</bibl>
<bibl id="hofm_1838_04_0055_19"><regNumber>5073</regNumber>. – <title>Rondoletto brillant et facile p. Pfte. Oe. <opus key="opus_4671">95</opus>, in <key>G</key></title>. Ebend. 8 Gr.</bibl>
<bibl id="hofm_1838_04_0055_20">– – <title>Rondeau brillant p. Pfte. Oe. <opus key="opus_4687">96</opus>, in <key>Es</key></title>. Ebend. 12 Gr.</bibl>
<bibl id="hofm_1838_04_0055_21">– – <title>3 Rondeaux mignons p. Pfte. Oe. <opus key="opus_4722">98</opus></title>. Ebend. 8 Gr.</bibl>
<bibl id="hofm_1838_04_0055_22"><regNumber>5044</regNumber>. <composer key="compo_020014">Lanner (Jos.)</composer> <title>Musikalische Reisebilder. Potpourri über National-Melodien f. Pfte. Op. <opus key="opus_0427">121</opus></title>. <pubPlace key="place_0731">Wien</pubPlace>, <publisher key="publ_2605">Mechetti</publisher> 1 Fl. 15 Xr.</bibl>
<bibl id="hofm_1838_04_0055_23"><regNumber>5054</regNumber>. <composer key="compo_020067">Lasekk (O.)</composer> <title>3 Morceaux detachés p. Pfte</title>. <pubPlace key="place_0392">Leipzig</pubPlace>, <publisher key="publ_0437">Br. et Härtel</publisher> 16 Gr.</bibl>
<bibl id="hofm_1838_04_0055_24"><composer key="compo_022249">Marks (G.W.)</composer> <title>Pièces de Société p. les jeunes Personnes sur des Motifs de Beethoven, Moscheles, Weber, arr. p. Pfte. Oe. <opus key="opus_3801">65. No. 1–3</opus></title>. <pubPlace key="place_0276">Hamburg</pubPlace>, <publisher key="publ_0640">Cranz</publisher> à 10 Gr.</bibl>
<bibl id="hofm_1838_04_0055_25"><composer key="compo_023884">Mozart</composer>, <composer key="compo_015697">Händel</composer> und <composer key="compo_001198">Bach</composer>, <title>6 Fugen f. Pfte</title>. <pubPlace key="place_0069">Bonn</pubPlace>, <publisher key="publ_3791">Simrock</publisher> 3 Fr.</bibl>
<pb n="56"/>
<bibl id="hofm_1838_04_0056_01"><regNumber>5111</regNumber>. <composer key="compo_024177">Müller (C.F.)</composer> <title>Quatre petits Pièces caractéristiques p. Pfte. Oe. <opus key="opus_0094">102</opus></title>. <pubPlace key="place_0044">Berlin</pubPlace>, <publisher key="publ_4370">Westphal</publisher> 8 Gr.</bibl>
<wip id="hofm_1838_04_0056_02"><title><series>Pianiste (le jeune) Choix de Compositions amusantes p. Pfte</series></title>. <title>Cah. 1–4</title>. <pubPlace key="place_0392">Leipzig</pubPlace>, <publisher key="publ_1746">Hofmeister</publisher>. Siehe: <xref type="external" from="hofm_1838_04_0056_05" to="DITTO" targOrder="U">Vollweiler</xref>, <xref type="external" from="hofm_1838_04_0056_06" to="DITTO" targOrder="U">Weber</xref> und unter Variationen: <xref type="external" from="hofm_1838_04_0056_11" to="DITTO" targOrder="U">Burgmüller</xref>, <xref type="external" from="hofm_1838_04_0056_14" to="DITTO" targOrder="U">Deszczynski</xref>.</wip>
<bibl id="hofm_1838_04_0056_03"><regNumber>5114</regNumber>. <composer key="compo_030657">Schmitt (Jacq.)</composer> <title>Rondoletto p. Pfte. Oe. <opus key="opus_4326">80</opus>, in <key>Es</key></title>. <pubPlace key="place_0519">Offenbach</pubPlace>, <publisher key="publ_0065">André</publisher> 12 Gr.</bibl>
<bibl id="hofm_1838_04_0056_04"><composer key="compo_033761">Stöber (Th.)</composer> <title>Caprice et Variations p. Pfte</title>. <pubPlace key="place_0681">Tirnau</pubPlace>, <publisher key="publ_4246">Wachter</publisher> 45 Xr.</bibl>
<bibl id="hofm_1838_04_0056_05"><regNumber>5134</regNumber>. <composer key="compo_035727">Vollweiler (Ch.)</composer> <title>Rondino sur un Air russe p. Pfte (in <key>G</key>.)</title> (<series>Le jeune Pianiste. Choix de Compositions amusantes. Cah. 1</series>.) <pubPlace key="place_0392">Leipzig</pubPlace>, <publisher key="publ_1746">Hofmeister</publisher> 10 Gr.</bibl>
<bibl id="hofm_1838_04_0056_06"><regNumber>5135</regNumber>. <composer key="compo_036255">Weber (F.A.)</composer> <title>3 Rondinos p. Pfte. Oe. <opus key="opus_3181">5</opus>, in <key>C</key>. <key>F</key>. <key>B</key></title>. (<series>Le jeune Pianiste. Choix de Compositions amusantes. Cah. 2</series>.) Ebend. 14 Gr.</bibl>
</div><div id="hofm_1838_04_0056_div12"><head><hofClass key="hofCl_0292">Variationen für das Pianoforte.</hofClass></head>
<bibl id="hofm_1838_04_0056_07"><composer key="compo_002077">Beethoven (L. v.)</composer> <title>Variations favorites sur le Thème célèbre : God save the king, p. Pfte</title>. <pubPlace key="place_0276">Hamburg</pubPlace>, <publisher key="publ_0640">Cranz</publisher> 8 Gr.</bibl>
<bibl id="hofm_1838_04_0056_08">– <title>Variations favorites sur le Thème célèbre : Rule <sic>Brittania</sic>, p. Pfte</title>. Ebend. 8 Gr.</bibl>
<bibl id="hofm_1838_04_0056_09">– <title>Variations favorites sur le Thème célèbre : Menuetto à la Vigano, p. Pfte</title>. Ebend. 8 Gr.</bibl>
<bibl id="hofm_1838_04_0056_10"><regNumber>5130</regNumber>. <composer key="compo_002901">Bicci (Fr.)</composer> <title>Variations sur une Mazurka de Chopin p. Pfte (in <key>B</key>.)</title> <pubPlace key="place_0437">Milano</pubPlace>, <publisher key="publ_3241">Ricordi</publisher> 4 Fr. 50 Ct.</bibl>
<bibl id="hofm_1838_04_0056_11"><regNumber>5139</regNumber>. <composer key="compo_004712">Burgmüller (Frèd.)</composer> <title>2 Mélodies variées p. Pfte. Oe. <opus key="opus_1165">18</opus>. No. 1, Cavatine d’Aragonesi in Napoli. No. 2, Cavatine d’Anna Bolena</title>. (<series>Le jeune Pianiste. Choix de Compositions amusantes. Cah. 4</series>.) <pubPlace key="place_0392">Leipzig</pubPlace>, <publisher key="publ_1746">Hofmeister</publisher> 8 Gr.</bibl>
<bibl id="hofm_1838_04_0056_12"><regNumber>5096</regNumber>. <composer key="compo_006306">Czerny (Ch.)</composer> <title>Introduction et Variations brillantes sur le Galopp favori de l’Opéra : Lucia de Lammermoor de Donizetti, p. Pfte. Oe. <opus key="opus_3157">490</opus></title>. <pubPlace key="place_0069">Bonn</pubPlace>, <publisher key="publ_3791">Simrock</publisher> 3 Fr.</bibl>
<bibl id="hofm_1838_04_0056_13">– – <title>La Rose. Variations brillantes sur les Motifs des Rosa-Walzer de J. Strauss p. Pfte. Oe. <opus key="opus_3159">492</opus></title>. Ebend. 2 Fr. 50 Ct.</bibl>
<bibl id="hofm_1838_04_0056_14"><regNumber>5140</regNumber>. <composer key="compo_006854">Deszczynski (Jos.)</composer> <title>Variations sur un Thème original p. Pfte. Oe. <opus key="opus_1482">21</opus>, in <key>A</key></title>. (<series>Le jeune Pianiste. Choix de Compositions amusantes. Cah. 3</series>.) <pubPlace key="place_0392">Leipzig</pubPlace>, <publisher key="publ_1746">Hofmeister</publisher> 10 Gr.</bibl>
<bibl id="hofm_1838_04_0056_15"><regNumber>5081</regNumber>. <composer key="compo_015947">Hünten (P.E.)</composer> <title>Variations sur une Valse favorite de Strauss : Souvenir de Berlin, p. Pfte. Oe. <opus key="opus_3416">56</opus>, in <key>D</key></title>. <pubPlace key="place_0069">Bonn</pubPlace>, <publisher key="publ_3791">Simrock</publisher> 2 Fr.</bibl>
<bibl id="hofm_1838_04_0056_16"><regNumber>5082</regNumber>. – <title>Variations sur une Valse favorite de Strauss : Mein schönster Tag in Baden, p. Pfte. Oe. <opus key="opus_3490">58</opus>, in <key>C</key></title>. Ebend. 2 Fr.</bibl>
<bibl id="hofm_1838_04_0056_17"><regNumber>5115</regNumber>. <composer key="compo_019821">Lampert (E.)</composer> <title>Grandes Variations brillantes sur des Thèmes de l’Opéra : Hans Heiling de Marschner, p. Pfte. Oe. <opus key="opus_3565">6</opus>, in <key>A</key></title>. (Déd. à Mr. L. Spohr.) <pubPlace key="place_0519">Offenbach</pubPlace>, <publisher key="publ_0065">André</publisher> 1 Thlr.</bibl>
<bibl id="hofm_1838_04_0056_18"><composer key="compo_025440">Osborne (G.A.)</composer> <title>Thème favori d’Anna Bolena, varié p. Pfte. Oe. <opus key="opus_0927">16</opus>, in <key>A</key></title>. <pubPlace key="place_0069">Bonn</pubPlace>, <publisher key="publ_3791">Simrock</publisher> 3 Fr.</bibl>
<bibl id="hofm_1838_04_0056_19"><regNumber>5071</regNumber>. <composer key="compo_029119">Ruckgaber (J.)</composer> <title>Variations sur une Valse de Mr. le Comte de Gallenberg, p. Pfte. Oe. <opus key="opus_2131">30</opus>, in <key>As</key></title>. <pubPlace key="place_0438">Mainz</pubPlace>, <publisher key="publ_3563">Schott</publisher> 1 Fl. 30 Xr.</bibl>
</div><div id="hofm_1838_04_0056_div13"><head><hofClass key="hofCl_0273">Ouverturen für das Pianoforte.</hofClass></head>
<bibl id="hofm_1838_04_0056_20"><regNumber>5106</regNumber>. <composer key="compo_002077">Beethoven (L. v.)</composer> <title>Ouverture zur Oper: Leonore (oder Fidelio). Op. <opus key="opus_0658">138</opus>, in <key>C</key>. (geschrieben 1805) f. Pfte eing. v. C. Czerny</title>. <pubPlace key="place_0731">Wien</pubPlace>, <publisher key="publ_1506">Haslinger</publisher> 45 Xr.</bibl></div>
<pb n="57"/>
<div id="hofm_1838_04_0057_div14"><head><hofClass key="hofCl_0288">Tänze für das Pianoforte.</hofClass></head>
<bibl id="hofm_1838_04_0057_01"><regNumber>5103</regNumber>. <composer key="compo_008808">Fahrbach (Ph.)</composer> <title>Die Patrioten. Walzer f. Pfte. Op. <opus key="opus_1932">27</opus></title>. <pubPlace key="place_0731">Wien</pubPlace>, <publisher key="publ_1506">Haslinger</publisher> 45 Xr.</bibl>
<bibl id="hofm_1838_04_0057_02"><regNumber>5104</regNumber>. – <title>Die Musen. Walzer f. Pfte. Oe. <opus key="opus_1999">28</opus></title>. Ebend. 45 Xr.</bibl>
<bibl id="hofm_1838_04_0057_03"><composer key="compo_010401">Füller (Ed.)</composer> <title>Florinda-Galopp aus dem pantomimischen Ballet: Der hinkende Teufel, f. Pfte</title>. (<series>Neueste Berliner Lieblings-Galoppaden, No. 22</series>.) <pubPlace key="place_0044">Berlin</pubPlace>, <publisher key="publ_4370">Westphal</publisher> 4 Gr.</bibl>
<bibl id="hofm_1838_04_0057_04">– <title>Studenten-Walzer aus dem pantomimischen Ballet: Der hinkende Teufel, f. Pfte</title>. (<series>Neueste Berliner Lieblings-Walzer, No. 19</series>.) Ebend. 6 Gr.</bibl>
<wip id="hofm_1838_04_0057_05"><regNumber>5126</regNumber>. <composer key="compo_010585">Galzerani</composer>, <title>Pezzi scelti de Ballo: Ettore Fieramosca, <format>rid. p. Pfte</format> dal M.G. Panniza</title>, <title>Tarantella</title> 2 Fr. <title>Finale 1mo</title>. 2 Fr. <title>Preghiera</title> 75 Ct. <title>Dialogo</title> 1 Fr. 75 Ct. <title>Finale 2do</title>. 1 Fr. <title>Marzia</title> 1 Fr. 50 Ct. <title>Finale 4do</title>. 1 Fr. 75 Ct. <title>Principia dell’ Atto 5do</title>. 2 Fr. 50 Ct. <title>Compattimendo</title> 2 Fr. 50 Ct. <title>Finale ultimo</title> 1 Fr. <pubPlace key="place_0437">Milano</pubPlace>, <publisher key="publ_3241">Ricordi</publisher>.</wip>
<bibl id="hofm_1838_04_0057_06"><composer key="compo_011067">Gernlein (R.)</composer> <title>Der Kobold. Galopp f. Pfte</title>. <pubPlace key="place_0044">Berlin</pubPlace>, <publisher key="publ_3471">Schlesinger</publisher> 4 Gr.</bibl>
<bibl id="hofm_1838_04_0057_07"><composer key="compo_011116">Gervasi (L.)</composer> <title>Ballabile chinese nel Balleto: La bella Moglie del Marito vecchio p. Pfte</title>. <pubPlace key="place_0437">Milano</pubPlace>, <publisher key="publ_3241">Ricordi</publisher> 1 Fr. 75 Ct.</bibl>
<bibl id="hofm_1838_04_0057_08"><regNumber>5107</regNumber>. <composer key="compo_015707">Hänsel (Aug.)</composer> <title>Neue Ball-Freuden. Zwei Favorit-Schottische f. Pfte</title>. <pubPlace key="place_0147">Dresden</pubPlace>, <publisher key="publ_2661">Meser</publisher> 4 Gr.</bibl>
<bibl id="hofm_1838_04_0057_09"><regNumber>5059</regNumber>. <composer key="compo_013715">Hebenstreith (M.)</composer> <title>Mazur f. Pfte</title>. <pubPlace key="place_0731">Wien</pubPlace>, <publisher key="publ_2605">Mechetti</publisher> 15 Xr.</bibl>
<bibl id="hofm_1838_04_0057_10"><composer key="compo_013911">Heinrich (Aug.)</composer> <title>12 Mode-Tänze f. Pfte</title>. <pubPlace key="place_0392">Leipzig</pubPlace>, <publisher key="publ_2211">Kupfer</publisher> 9 Gr.</bibl>
<bibl id="hofm_1838_04_0057_11"><regNumber>5101</regNumber>. <composer key="compo_015568">Hubovsky (Ph. v.)</composer> <title>Erinnerung an Gräfenberg. Walzer f. Pfte. Op. <opus key="opus_1584">22</opus></title>. <pubPlace key="place_0731">Wien</pubPlace>, <publisher key="publ_1506">Haslinger</publisher> 45 Xr.</bibl>
<bibl id="hofm_1838_04_0057_12"><composer key="compo_017887">Kmoch (J.)</composer> <title>Carolinen-Walzer f. Pfte</title>. <pubPlace key="place_0681">Tirnau</pubPlace>, <publisher key="publ_4246">Wachter</publisher> 45 Xr.</bibl>
<bibl id="hofm_1838_04_0057_13"><regNumber>5116</regNumber>. <composer key="compo_019183">Kunze (Gust.)</composer> <title>Venus-Walzer f. Pfte</title>. <pubPlace key="place_0392">Leipzig</pubPlace>, <publisher key="publ_3599">Schubert</publisher> 12 Gr.</bibl>
<bibl id="hofm_1838_04_0057_14"><regNumber>5040</regNumber>. <composer key="compo_020014">Lanner (Jos.)</composer> <title>Die Aelpler. Walzer f. Pfte. Op. <opus key="opus_0459">124</opus></title>. <pubPlace key="place_0731">Wien</pubPlace>, <publisher key="publ_2605">Mechetti</publisher> 45 Xr.</bibl>
<bibl id="hofm_1838_04_0057_15"><regNumber>5121</regNumber>. <composer key="compo_020038">Lanza (D.F.)</composer> <title>Valzer nella lieta ricorrenza del giorno onomastico di S.M. Ferdinando Io. p. Pfte. Op. <opus key="opus_0927">16</opus></title>. <pubPlace key="place_0437">Milano</pubPlace>, <publisher key="publ_3241">Ricordi</publisher> 2 Fr. 50 Ct.</bibl>
<bibl id="hofm_1838_04_0057_16">– – <title>Valses passionées p. Pfte. Oe. <opus key="opus_1068">17</opus></title>. Ebend. 2 Fr.</bibl>
<bibl id="hofm_1838_04_0057_17">– – <title>Honi soit qui mal y pense. Valses p. Pfte. Oe. <opus key="opus_1165">18</opus></title>. Ebend. 2 Fr.</bibl>
<bibl id="hofm_1838_04_0057_18"><regNumber>5038</regNumber>. <composer key="compo_022434">Massak (Fr.)</composer> <title>Wieselburger Comitats-Ball-Tänze f. Pfte</title>. <pubPlace key="place_0731">Wien</pubPlace>, <publisher key="publ_2605">Mechetti</publisher> 45 Xr.</bibl>
<bibl id="hofm_1838_04_0057_19"><regNumber>5108</regNumber>. <composer key="compo_023225">Meyer (G.)</composer> <title>Saxonia-Galopp f. Pfte</title>. <pubPlace key="place_0147">Dresden</pubPlace>, <publisher key="publ_2661">Meser</publisher> 4 Gr.</bibl>
<bibl id="hofm_1838_04_0057_20">– – <title>Neueste Tanzlust. Zwei sehr beliebte Schottische f. Pfte</title>. Ebend. 4 Gr.</bibl>
<bibl id="hofm_1838_04_0057_21"><composer key="compo_024928">Niuny (J. v.)</composer> <title>Korompär-Walzer f. Pfte</title>. <pubPlace key="place_0681">Tirnau</pubPlace>, <publisher key="publ_4246">Wachter</publisher> 45 Xr.</bibl>
<bibl id="hofm_1838_04_0057_22">– <title>Mai-Walzer f. Pfte</title>. Ebend. 45 Xr.</bibl>
<bibl id="hofm_1838_04_0057_23"><composer key="compo_028250">Richter (C.)</composer> <title>Redouten-Tänze f. Pfte. 13te Lief. (Polonaise. Wachtelwalzer. Wiener Walzer. 2 Schottische. Ecossaise.)</title> <pubPlace key="place_0392">Leipzig</pubPlace>, <publisher key="publ_3599">Schubert</publisher> 8 Gr.</bibl>
<bibl id="hofm_1838_04_0057_24">– <title>Idem. 14te Lief. (Polonaise. Kuckuk-Walzer. Ländler. 2 Schottische. Ecossaise.)</title> Ebend. 8 Gr.</bibl>
<bibl id="hofm_1838_04_0057_25"><composer key="compo_030571">Schmidt (Herrm.)</composer> <title>Polonaise aus dem pantomimischen Ballet: Der hinkende Teufel</title>. <pubPlace key="place_0044">Berlin</pubPlace>, <publisher key="publ_4370">Westphal</publisher> 6 Gr.</bibl>
<bibl id="hofm_1838_04_0057_26"><regNumber>5099</regNumber>. <composer key="compo_033569">Strauss (Joh.)</composer> <title><series>Der Carneval in Paris. Galopp f. Pfte. No. 22</series>. Op. <opus key="opus_0045">100</opus></title>. <pubPlace key="place_0731">Wien</pubPlace>, <publisher key="publ_1506">Haslinger</publisher> 15 Xr.</bibl>
<pb n="58"/>
<bibl id="hofm_1838_04_0058_01"><composer key="compo_034395">Thiele (C.)</composer> <title>Sept Contredanses sur les Motifs favoris de l’Opéra : L’Ambassadrice (Die Gesandtin) d’Auber, arr. p. Pfte</title>. <pubPlace key="place_0044">Berlin</pubPlace>, <publisher key="publ_0589">Challier et Co</publisher>. 8 Gr.</bibl>
<bibl id="hofm_1838_04_0058_02"><composer key="compo_037406">Wohlfarth (H.)</composer> <title>Schneeglöckchen. Schottischer Walzer f. Pfte</title>. <pubPlace key="place_0392">Leipzig</pubPlace>, <publisher key="publ_2266">Künzel</publisher> 3 Gr.</bibl>
</div><div id="hofm_1838_04_0058_div15"><head><hofClass key="hofCl_0250">Märsche für das Pianoforte.</hofClass></head>
<bibl id="hofm_1838_04_0058_03"><regNumber>5095</regNumber>. <composer key="compo_006306">Czerny (Ch.)</composer> <title>Pas rédouble de S. M. Victoria, Reine de Brétagne, p. Pfte. Oe. <opus key="opus_3134">489</opus></title>. <pubPlace key="place_0069">Bonn</pubPlace>, <publisher key="publ_3791">Simrock</publisher> 1 Fr. 25 Ct.</bibl>
<bibl id="hofm_1838_04_0058_04">– <title>Grande Marche de Couronnement (Krönungs-Marsch) de S. M. Victoria, Reine de Brétagne, p. Pfte</title>. Ebend. 1 Fr. 25 Ct.</bibl>
</div><div id="hofm_1838_04_0058_div16"><head><hofClass key="hofCl_0072">Lehrbücher für das Pianoforte.</hofClass></head>
<wip id="hofm_1838_04_0058_05"><composer key="compo_015612">Hummel (J.N.)</composer> <title>Anweisung zum Pfte-Spiele. In monatlichen Lieferungen</title>. <title>Lief. 2. 3</title>. <pubPlace key="place_0731">Wien</pubPlace>, <publisher key="publ_1506">Haslinger</publisher> à 1 Fl. n.</wip>
</div><div id="hofm_1838_04_0058_div17"><head><hofClass key="hofCl_0225">Musik für die Orgel.</hofClass></head>
<wip id="hofm_1838_04_0058_06"><composer key="compo_019466">Körner (G.W.)</composer> <title>Der angehende Organist</title>. <title>7te und 8te Lief</title>. <pubPlace key="place_0392">Leipzig</pubPlace>, <publisher key="publ_3599">Schubert</publisher>. Pr. f. 12 Lieferungen 3 Thlr.</wip>
<bibl id="hofm_1838_04_0058_07"><composer key="compo_023735">Morandi (Gio.)</composer> <title>Nuova Pastorale p. Organo (in <key>F</key>.)</title> <pubPlace key="place_0437">Milano</pubPlace>, <publisher key="publ_3241">Ricordi</publisher> 1 Fr. 75 Ct.</bibl>
</div><div id="hofm_1838_04_0058_div18"><head><hofClass key="hofCl_0210">Musik für die Harfe.</hofClass></head>
<bibl id="hofm_1838_04_0058_08"><composer key="compo_022190">Marcucci (F.)</composer> <title>Aria finale: Qual cor tradisti, nell Opera: Norma di Bellini, <format>rid. con Intr. e Variazioni p. Arpa</format></title>. <pubPlace key="place_0437">Milano</pubPlace>, <publisher key="publ_3241">Ricordi</publisher> 3 Fr.</bibl>
<bibl id="hofm_1838_04_0058_09"><regNumber>5043</regNumber>. <composer key="compo_025767">Parish-Alvars,</composer> <title>Concertino p. <title>Harpe av. Acc. d’Orchestre</title>. Oe. <opus key="opus_2403">34</opus>, in <key>G</key></title>. <pubPlace key="place_0731">Wien</pubPlace>, <publisher key="publ_2605">Mechetti</publisher> 5 Fl. 30 Xr.</bibl>
<bibl id="hofm_1838_04_0058_10">– – Idem av. Acc. de Quatuor. Ebend. 3 Fl. 30 Xr.</bibl>
<bibl id="hofm_1838_04_0058_11">– – Idem p. Harpe solo. Ebend. 1 Fl. 30 Xr.</bibl>
</div><div id="hofm_1838_04_0058_div19"><head><hofClass key="hofCl_0068">Kirchenmusik.</hofClass></head>
<bibl id="hofm_1838_04_0058_12"><composer key="compo_002540">Bergt (Aug.)</composer> <title>Der Glaube. Cantate f. 4 Singstimmen mit Orchesterbegl. <format>Partitur</format></title>. (<series>Repertorium f. Deutschlands Kirchenmusik, 11ter Band. No. 1</series>.) <pubPlace key="place_0449">Meissen</pubPlace>, <publisher key="publ_1397">Gödsche</publisher> 1 Thlr.</bibl>
<bibl id="hofm_1838_04_0058_13"><composer key="compo_002770">Besler (S.)</composer> <title>Jehova der Herr ist der festeste Thurm. Gratulations-Hymnus (comp. 1624). In <format>Partitur</format> gesetzt und mit Anmerkungen versehen von E. Köhler</title>. <pubPlace key="place_0082">Breslau</pubPlace>, <publisher key="publ_0640">Cranz</publisher> 8 Gr.</bibl>
<bibl id="hofm_1838_04_0058_14"><composer key="compo_005893">Commer (F.)</composer> <title>Geistliche Gesänge f. 4 Männerstimmen. Op. <opus key="opus_1661">23</opus>, 6tes Heft. <format>Partitur und Stimmen</format>. (Psalm 4, Erhöre mich, wenn ich rufe. – Psalm 22, Mein Gott, warum hast du mich verlassen.)</title> <pubPlace key="place_0069">Bonn</pubPlace>, <publisher key="publ_2734">Mompour</publisher> 18 Gr.</bibl>
<bibl id="hofm_1838_04_0058_15"><composer key="compo_017665">Klein (Bernh.)</composer> <title>Psalm (Miserere mei Deus) f. 6 Singstimmen, herausgegeben von Jos. Klein</title>. Ebend. 1 Thlr. 2 Gr.</bibl>
<wip id="hofm_1838_04_0058_16"><regNumber>5080</regNumber>. <composer key="compo_022904">Mendelssohn-Bartholdy (F.)</composer> <title>3 Motetten f. weibliche Stimmen m. Begl. d. Orgel (comp. für die Nonnen auf Trinitá de Monti in Rom.) Part. Op. <opus key="opus_3529">59</opus></title>. <title>No. 1, Veni dontine (Herr erhöre uns) f. 2 Sopr. u. Alt</title>. 2 Fr. <title>No. 2, Laudate pueri (Ihr Kinder Israel) f. 2 Sopr. u. Alt</title>. 3 Fr. 50 Ct. <title>No. 3, Surrexit pastor bonus (Er ist ein guter Hirte) f. 2 Sopr. u. 2 Alte</title>. 4 Fr. <pubPlace key="place_0069">Bonn</pubPlace>, <publisher key="publ_3791">Simrock</publisher>.</wip>
<wip id="hofm_1838_04_0058_17">– – Die Singstimmen zu do. <title>No. 1</title>, 1 Fr. <title>No. 2</title>, 2 Fr. <title>No. 3</title>, 2 Fr. 50 Ct. Ebend.</wip>
<bibl id="hofm_1838_04_0058_18"><regNumber>5100</regNumber>. <composer key="compo_032125">Seyfried (Ign.)</composer> <title>Motette nach David’s 46sten Psalm f. Tenor-Solo, 4stimmigen Chor m. Begl. d. Orchesters. <format>Partitur</format> (Tönet ihr Lobgesänge.)</title> <pubPlace key="place_0731">Wien</pubPlace>, <publisher key="publ_1506">Haslinger</publisher> 1 Fl. 15 Xr.</bibl>
<pb n="59"/>
<bibl id="hofm_1838_04_0059_01"><regNumber>5077</regNumber>. <composer key="compo_032798">Spohr (L.)</composer> <title>Hymne (Gott du bist gross!) f. 4 Chor- und 4 Solo-Stimmen und grosses Orchester. Op. <opus key="opus_4722">98</opus>. <format>Partitur</format></title>. <pubPlace key="place_0069">Bonn</pubPlace>, <publisher key="publ_3791">Simrock</publisher> 12 Fr.</bibl>
<bibl id="hofm_1838_04_0059_02">– – do. <format>Klavierauszug</format>. Ebend. 5 Fr.</bibl>
<bibl id="hofm_1838_04_0059_03">– – do. <format>Chorstimmen</format>. Ebend. 3 Fr.</bibl>
</div><div id="hofm_1838_04_0059_div20"><head><hofClass key="hofCl_0102">Mehrstimmige Gesänge mit und ohne Pianoforte.</hofClass></head>
<bibl id="hofm_1838_04_0059_04"><composer key="compo_005279">Carafa (M.)</composer> <title>Duetto f. 2 Soprane od. Tenor u. Sopran mit Begl. d. Pfte. Dir allein schlägt dies Herz (Sempre più t’amo.)</title> <pubPlace key="place_0069">Bonn</pubPlace>, <publisher key="publ_3791">Simrock</publisher> 1 Fr.</bibl>
<bibl id="hofm_1838_04_0059_05"><composer key="compo_005726">Clapisson (L.)</composer> <title>Les Vedettes (Die Vorposten). Cantatille à deux Voix av. Pfte</title>. <pubPlace key="place_0438">Mainz</pubPlace>, <publisher key="publ_3563">Schott</publisher> 36 Xr.</bibl>
<bibl id="hofm_1838_04_0059_06"><composer key="compo_006234">Curschmann (Fr.)</composer> <title>Der Wald. Duo f. Sopran u. Tenor m. Begl. d. Pfte. Op. <opus key="opus_1068">17</opus>. (Ein Lusthaus ist der grüne Wald)</title>. <pubPlace key="place_0044">Berlin</pubPlace>, <publisher key="publ_3471">Schlesinger</publisher> 16 Gr.</bibl>
<bibl id="hofm_1838_04_0059_07"><regNumber>5117</regNumber>. <composer key="compo_007196">Donizetti</composer>, <composer key="compo_025592">Pacini</composer>, <composer key="compo_022962">Mercadante</composer>, <composer key="compo_005990">Coppola</composer> et <composer key="compo_035235">Vaccaj</composer> : <title>In Morte di M.F. Malibran de Beriot. Cantata. <format>Riduzione con Acc. de Pfte</format></title>. <pubPlace key="place_0437">Milano</pubPlace>, <publisher key="publ_3241">Ricordi</publisher> 18 Fr.</bibl>
<bibl id="hofm_1838_04_0059_08"><composer key="compo_019507">Kücken (F.)</composer> <title>Kriegsgesang f. 4 Männerstimmen m. Pfte. Op. <opus key="opus_3565">6</opus>. (Die Trommel ruft, die Fahnen winken)</title>. <pubPlace key="place_0044">Berlin</pubPlace>, <publisher key="publ_0224">Bechtold u. H</publisher>. 6 Gr.</bibl>
<bibl id="hofm_1838_04_0059_09"><composer key="compo_022904">Mendelssohn-Bartholdy (F.)</composer> <title>Volkslied No. 2, zweistimmig m. Pfte (Wenn ich auf dem Lager liege)</title> m. Vign. <pubPlace key="place_0044">Berlin</pubPlace>, <publisher key="publ_3471">Schlesinger</publisher> 8 Gr.</bibl>
<bibl id="hofm_1838_04_0059_10"><composer key="compo_024718">Neumann (H.)</composer> <title>Tafel-Lied von Reiff f. 4 Männerstimmen. Op. <opus key="opus_2458">35</opus>. (Muntre Freunde, brecht das Schweigen)</title>. <pubPlace key="place_0069">Bonn</pubPlace>, <publisher key="publ_2734">Mompour</publisher> 10 Gr.</bibl>
<album id="hofm_1838_04_0059_11"><title>Original-Bibliothek des deutschen Männergesanges, herausg. v. <composer key="compo_008266">Elster</composer>. 1ster Band, 6tes Heft. (Elster, Thüringen, du holdes Land. <composer key="compo_015738">Häser (A.F.)</composer> Mein Weib, die thut mir wehren. <composer key="compo_038339">Zöllner (A.)</composer> Einen Stern hab’ ich gesehen. <composer key="compo_000573">Anacker</composer>, In allen guten Stunden. <composer key="compo_005747">Claudius</composer>, Freunde lasst die Gläser klingen! <composer key="compo_013974">Heise</composer>, Wie selig, wer mit dem zufrieden. <composer key="compo_005747">Claudius</composer>, Eine Mühle seh’ ich blinken)</title>. <pubPlace key="place_0615">Schleusingen</pubPlace>, <publisher key="publ_1260">Glaser</publisher> 5 Gr.</album>
<bibl id="hofm_1838_04_0059_12"><composer key="compo_025698">Panseron (A.)</composer> <title>Nocturno. La Nuit s’est endormie. Der Tag erwacht, f. 2 Soprane m. Pfte</title>. <pubPlace key="place_0044">Berlin</pubPlace>, <publisher key="publ_3471">Schlesinger</publisher> 4 Gr.</bibl>
<bibl id="hofm_1838_04_0059_13"><regNumber>5131</regNumber>. <composer key="compo_026351">Philipp (B.E.)</composer> <title>6 Lieder f. gesellige Kreise f. Männerstimmen. Op. <opus key="opus_1661">23</opus>. <format>Partitur und Stimmen</format>. (Ich glaub’, es muss von meinem Wein – Die Heere blieben am Rheine stehn – Nicht geplaudert, nicht gezaudert – Die Frösch’ und die Unken und andre Hallunken – Omnes eramus hat Bruder Veit gesagt – Sind fröhliche Gesellen, vereint in guter Ruh’)</title>. <pubPlace key="place_0082">Breslau</pubPlace>, <publisher key="publ_0640">Cranz</publisher> 1 Thlr. 8 Gr.</bibl>
</div><div id="hofm_1838_04_0059_div21"><head><hofClass key="hofCl_0268">Opernmusik mit Pianofortebegleitung.</hofClass></head>
<bibl id="hofm_1838_04_0059_14"><regNumber>5013</regNumber>. <composer key="compo_001079">Auber (D.F.E.)</composer> <title>Der schwarze Domino (Le Domino noir). Komische Oper in 3 Akten nach d. Franz. des Scribe, deutsch bearb. v. Fr. v. Lichtenstein. <format>Klavierauszug</format> mit deutschem u. franz. Text</title>. <pubPlace key="place_0438">Mainz</pubPlace>, <publisher key="publ_3563">Schott</publisher> geh. 9 Fl.</bibl>
<bibl id="hofm_1838_04_0059_15"><regNumber>3569</regNumber>. <composer key="compo_007200">Donizetti (Gaet.)</composer> <title>Lucia von Lammermoor. Tragische Oper in 3 Akten. <format>Vollständiger Klavierauszug</format> mit deutschem und italienischem Texte</title>. <pubPlace key="place_0437">Mailand</pubPlace>, <publisher key="publ_3241">Ricordi</publisher> geh. 34 Fr.</bibl>
<wip id="hofm_1838_04_0059_16"><regNumber>5118</regNumber>. – <title>Roberto Devereux. Tragedia lirica</title>. <title>Gran Scena e Duetto: Un tenero core</title>. 3 Fr. 50 Ct. <title>Scena e Cavatina: Forse in quel cor</title>. 3 Fr. 25 Ct. <title>Scena e Duetto: Il vero intesi</title>. 4 Fr. 50 Ct. Ebend.</wip>
<pb n="60"/>
<bibl id="hofm_1838_04_0060_01"><composer key="compo_011400">Gluck (Chr.)</composer> <title>Orpheus. Oper in 5 Aufzügen. <format>Vollständiger Klavierauszug</format> mit italienischem und deutschem Texte von Fried. Brissler. Lief. 1</title>. <pubPlace key="place_0044">Berlin</pubPlace>, <publisher key="publ_0589">Challier u. Co</publisher>. Pr.- Pr. 20 Gr. n.</bibl>
<wip id="hofm_1838_04_0060_02"><regNumber>5119</regNumber>. <composer key="compo_022964">Mercadante (S.)</composer> <title>I Briganti</title>. <title>Scena e Duetto: Tu vivi?</title> 3 Fr. <title>Scena e Duetto: Squarcia oh!</title> 2 Fr. 75 Ct. <pubPlace key="place_0437">Milano</pubPlace>, <publisher key="publ_3241">Ricordi</publisher>.</wip>
<bibl id="hofm_1838_04_0060_03"><composer key="compo_036846">Weyse (C.E.F.)</composer> <title>Floribella. Oper in 3 Aufzügen, mit einem Zwischenakt. <format>Klavierauszug vom Componisten</format>. Mit dänischem und deutschem Texte.</title> <pubPlace key="place_0360">Copenhagen</pubPlace>, <publisher key="publ_2487">Lose u. Olsen</publisher> geh. 6 Thlr.</bibl>
</div><div id="hofm_1838_04_0060_div22"><head><hofClass key="hofCl_0040">Gesänge für eine Stimme mit Begleitung des Pianoforte.</hofClass></head>
<bibl id="hofm_1838_04_0060_04"><regNumber>5085</regNumber>. <composer key="compo_001434">Banck (C.)</composer> <title>Liebes-Glück und Schmerz. Op. <opus key="opus_2066">29</opus>. (Zwischen Blumen schlaf ich – Ist mir so still und bang – Komm zum Garten – Das Posthorn schmettert)</title>. <pubPlace key="place_0069">Bonn</pubPlace>, <publisher key="publ_3791">Simrock</publisher> 3 Fr. 50 Ct.</bibl>
<bibl id="hofm_1838_04_0060_05">– <title>Das Mädchen von Amalfi (Mein Liebster ist ein Fisch)</title> m. Vign. (<series>Lithorama No. 25</series>.) <pubPlace key="place_0392">Leipzig</pubPlace>, <publisher key="publ_1746">Hofmeister</publisher> 4 Gr.</bibl>
<bibl id="hofm_1838_04_0060_06"><regNumber>5055</regNumber>. <composer key="compo_001541">Baroni-Cavalcabo (Julie)</composer> <title>Der Jüngling und die Nymphe. Op. <opus key="opus_1482">21</opus>. (Sinnend stand er da, am Sprudel)</title>. <pubPlace key="place_0147">Dresden</pubPlace>, <publisher key="publ_2993">Paul</publisher> 12 Gr.</bibl>
<bibl id="hofm_1838_04_0060_07"><regNumber>5133</regNumber>. <composer key="compo_002014">Becker (Jul.)</composer> <title>Lorelei. Romanze und 4 Gedichte. Op. <opus key="opus_3967">7</opus>. (Es rudert ein schöner Knabe – Lass rauschen, Kind, die düstern Bäume – Die Blumen, die am grünen Strauch erblüh’n – Du hast Diamenten und Perlen – Der Regen strömt, die Sonne scheint)</title>. <pubPlace key="place_0392">Leipzig</pubPlace>, <publisher key="publ_2039">Klemm</publisher> 16 Gr.</bibl>
<bibl id="hofm_1838_04_0060_08"><composer key="compo_002205">Bellini (V.)</composer> <title>Romanzetta: Voga luna cho in argenti (Silbermond mit bleichen Strahlen)</title>. <pubPlace key="place_0069">Bonn</pubPlace>, <publisher key="publ_3791">Simrock</publisher> 65 Ct. (4 Gr.)</bibl>
<bibl id="hofm_1838_04_0060_09"><regNumber>5064</regNumber>. <composer key="compo_002552">Beriot (Marie Felicité Garcia de)</composer> <title>Dernières Pensées musicales (10 Balladen, Romanzen, Chansons etc. mit französischem und deutschem Texte)</title> mit Vignetten. <pubPlace key="place_0438">Mainz</pubPlace>, <publisher key="publ_3563">Schott</publisher> geh. 5 Fl. 24 Xr.</bibl>
<bibl id="hofm_1838_04_0060_10"><composer key="compo_005246">Canthal (A.M.)</composer> <title>Die nächtliche Heerschau f. Bass. (Nachts um die zwölfte Stunde)</title>. <pubPlace key="place_0276">Hamburg</pubPlace>, <publisher key="publ_0540">Böhme</publisher> 8 Gr.</bibl>
<bibl id="hofm_1838_04_0060_11"><composer key="compo_006234">Curschmann (Fr.)</composer> <title>Ruhe der Liebe und Wiegenlied. Lieder. Op. <opus key="opus_0935">16. No. 2</opus>, (Du bist die Ruh’, der Frieden – Schlaf mein Kind, schlaf ein)</title> m. Vign. <pubPlace key="place_0044">Berlin</pubPlace>, <publisher key="publ_3471">Schlesinger</publisher> 8 Gr.</bibl>
<bibl id="hofm_1838_04_0060_12"><regNumber>5086</regNumber>. <composer key="compo_006408">Damcke (B.)</composer> <title>6 Gesänge. Op. <opus key="opus_4562">9</opus>. (Du bist wie eine Blume – Wie fern ich von der Schönen – Wenn ich auf dem Lager liege – Ich denke dein, wenn mir der Sonne Schimmer – Mit deinen blauen Augen – Wie ist so ruhig, klar und rein)</title>. <pubPlace key="place_0069">Bonn</pubPlace>, <publisher key="publ_3791">Simrock</publisher> 2 Fr. 50 Ct.</bibl>
<bibl id="hofm_1838_04_0060_13">– – <title>6 Gesänge. Op. <opus key="opus_0234">11</opus>. (Wie unser Erlöser – Es war ein alter König – Wie des Mondes Abbild zittert – Der du von dem Himmel bist – Ueber allen Gipfeln ist Ruh – Küsset dir ein Lüftelein Wangen)</title>. Ebend. 2 Fr. 50 Ct.</bibl>
<bibl id="hofm_1838_04_0060_14"><regNumber>5058</regNumber>. <composer key="compo_006843">Dessauer (Jos.)</composer> <title>An das Röschen. Op. <opus key="opus_1166">18, No. 1</opus>. (Süsses Röschen freundlich lächelnd)</title>. <pubPlace key="place_0147">Dresden</pubPlace>, <publisher key="publ_2993">Paul</publisher> 10 Gr.</bibl>
<bibl id="hofm_1838_04_0060_15">– – <title>Der Torreador. Op. <opus key="opus_1173">18, No. 2</opus>. (Ha, wie sich die Schranken füllen!)</title> Ebend. 10 Gr.</bibl>
<bibl id="hofm_1838_04_0060_16">– – <title>Das Ständchen. Op. <opus key="opus_1175">18, No. 3</opus>. (Alles ruht wie abgeschieden)</title>. Ebend. 4 Gr.</bibl>
<bibl id="hofm_1838_04_0060_17"><regNumber>5059</regNumber>. – <title>Canzonetta di Metastasio, Op. <opus key="opus_1271">19</opus>. (Va, piu non dirmi)</title>. Ebend. 10 Gr.</bibl>
<bibl id="hofm_1838_04_0060_18"><composer key="compo_007457">Duchambge (Mme.)</composer> <title>2 Romances. Adieu donc mon Pays ! ou le Suisse au Régiment. Le Novice. Der Novize</title>. <series>Choix de Romances No. 133, 134</series>. <pubPlace key="place_0044">Berlin</pubPlace>, <publisher key="publ_3471">Schlesinger</publisher> 4 Gr.</bibl>
<pb n="61"/>
<bibl id="hofm_1838_04_0061_01"><regNumber>5120</regNumber>. <composer key="compo_008859">Fanna (Ant.)</composer> <title>Filomela. Raccolta di 6 Ariette italiane p. Soprano o Tenore e per Mezzo-Soprano o Baritono. Op. <opus key="opus_2347">33</opus></title>. <pubPlace key="place_0437">Milano</pubPlace>, <publisher key="publ_3241">Ricordi</publisher> 8 Fr.</bibl>
<bibl id="hofm_1838_04_0061_02"><regNumber>5053</regNumber>. <composer key="compo_014659">Hetsch (L.)</composer> <title>Gedichte von Fr. Rückert. 1stes Heft. (O mein Stern – Er ist gekommen – Dunkel ist die Nacht – Der Liebsten Herz ist aufgewacht – Wunderbar ist mir geschehn – Ich lag in stummer Lust – Ich dachte nicht, dich selbst zu haben)</title>. <pubPlace key="place_0392">Leipzig</pubPlace>, <publisher key="publ_0437">Br. u. Härtel</publisher> 16 Gr.</bibl>
<bibl id="hofm_1838_04_0061_03"><composer key="compo_015663">Huth (L.)</composer> <title>Romanze und 4 Lieder. Op. <opus key="opus_0684">14</opus> (Das Meer erglänzte weit hinaus, – Dort, wo die Sonne milder –Mein Grab sey unter Weiden – Es geht bei gedämpfter Trommel Klang – War einst ein Riese Goliath)</title> m. Vign. <pubPlace key="place_0044">Berlin</pubPlace>, <publisher key="publ_3471">Schlesinger</publisher> 16 Gr.</bibl>
<bibl id="hofm_1838_04_0061_04"><composer key="compo_018913">Krug (D.)</composer> <title>Wasserfahrt f. Bass. (Aug spiegelgeglätteten Wogen)</title>. <pubPlace key="place_0276">Hamburg</pubPlace>, <publisher key="publ_0640">Cranz</publisher> 5 Gr.</bibl>
<bibl id="hofm_1838_04_0061_05"><composer key="compo_021681">Löwe (C.)</composer> <title>2 Gesänge. Op. <opus key="opus_3738">63</opus>. (Ein Sternlein fiel vom Himmel her – Durch Schneegestöber und eisigen Wind)</title> mit Vign. <pubPlace key="place_0044">Berlin</pubPlace>, <publisher key="publ_3471">Schlesinger</publisher> 16 Gr.</bibl>
<bibl id="hofm_1838_04_0061_06"><regNumber>5056</regNumber>. – <title>Das vergessene Lied. Das Erkennen. Wittekind. 3 Balladen. Op. <opus key="opus_3798">65</opus>. (Maria sitzt und stimmet die Harfe – Ein Wanderbursch mit dem Stab in der Hand – Es steht der Sachsenführer)</title>. <pubPlace key="place_0147">Dresden</pubPlace>, <publisher key="publ_2993">Paul</publisher> 1 Thlr.</bibl>
<bibl id="hofm_1838_04_0061_07">– <title>Graf Eberstein. (Zu Speier im Saale, da hebt sich ein Klingen)</title> m. Vign. (<series>Lithorama No. 23</series>.) <pubPlace key="place_0392">Leipzig</pubPlace>, <publisher key="publ_1746">Hofmeister</publisher> 6 Gr.</bibl>
<bibl id="hofm_1838_04_0061_08">– <title>Gretchen aus Göthe’s Faust. (Meine Ruh’ ist hin, mein Herz ist schwer)</title> m. Vign. (<series>Lithorama No. 24</series>.) Ebend. 4 Gr.</bibl>
<bibl id="hofm_1838_04_0061_09"><composer key="compo_022024">Malibran (Mme.)</composer> <title>Tirana. El Contrabandista. Der Schmuggler</title>. <series>Choix de Romances No. 131</series>. <pubPlace key="place_0044">Berlin</pubPlace>, <publisher key="publ_3471">Schlesinger</publisher> 4 Gr.</bibl>
<bibl id="hofm_1838_04_0061_10"><composer key="compo_022294">Marschner (A.E.)</composer> <title>6 Lieder f. Bass oder Bariton. Op. <opus key="opus_2116">3</opus>. (Nun ist dein kleines Fensterlein – Der schönste Ort, davon ich weiss – Eine hohe Hahnenfeder – O trinken meine Lust! – Ruhe süss Liebchen im Schatten – Sollt’ ich einst von hinnen geh’n)</title>. <pubPlace key="place_0392">Leipzig</pubPlace>, <publisher key="publ_4382">Whistling</publisher> 14 Gr.</bibl>
<bibl id="hofm_1838_04_0061_11"><composer key="compo_023269">Meyerbeer (Giac.)</composer> <title>Gesammelte Romanzen und Lieder in 4 Lief. Lief. 1. (Winde tosen, das Licht entschwindet – Sonn’ will untergehn, soll sie wiedersehn).</title> <pubPlace key="place_0044">Berlin</pubPlace>, <publisher key="publ_3471">Schlesinger</publisher> 1 Thlr.</bibl>
<bibl id="hofm_1838_04_0061_12"><regNumber>5074</regNumber>. <composer key="compo_024718">Neumann (H.)</composer> <title>Rolands Geist. Melodrama bei Gelegenheit d. Jubelfahrt d. Kronprinzen v. Preussen auf d. Rheine im Oct. 1833. Op. <opus key="opus_1932">27</opus></title>. <pubPlace key="place_0069">Bonn</pubPlace>, <publisher key="publ_2734">Mompour</publisher> 6 Gr.</bibl>
<bibl id="hofm_1838_04_0061_13"><composer key="compo_024794">Nicola (C.)</composer> <title>Der alte Walzer f. Bariton. Op. <opus key="opus_4562">9</opus>. (In dem Kerker Lavalette’s)</title>. <pubPlace key="place_0280">Hannover</pubPlace>, <publisher key="publ_2808">Nagel</publisher> 12 Gr.</bibl>
<bibl id="hofm_1838_04_0061_14"><composer key="compo_027193">Puget (Loïsa)</composer> <title>Tout pour toi ! Alles für dich! Romance</title>. <series>Choix d’Airs No. 416</series>. <pubPlace key="place_0438">Mainz</pubPlace>, <publisher key="publ_3563">Schott</publisher> 18 Xr.</bibl>
<bibl id="hofm_1838_04_0061_15"><regNumber>5057</regNumber>. <composer key="compo_027982">Reissiger (C.G.)</composer> <title>Lieder und Gesänge f. Bass oder Bariton (oder Alt) m. Begl. d. Pfte. Op. <opus key="opus_0486">126</opus>, 36ste Liedersammlung. <series>11te Samml. d. Bassges</series>. (Ich wandelte einst in dunkler Nacht – Gute Nacht hat einen lieben Klang – Ich bin so trüb’, kann mich nicht fassen, – Stille, das sag’ ich dir! – Veilchen sah ich halb beschneit – Der Winter ist recht schlimm)</title>. <pubPlace key="place_0147">Dresden</pubPlace>, <publisher key="publ_2993">Paul</publisher> 16 Gr.</bibl>
<bibl id="hofm_1838_04_0061_16">– <title>Der Invalid der Wagramschlacht. (Dass Gott mit uns, und uns bewacht)</title> m. Vign. <pubPlace key="place_0044">Berlin</pubPlace>, <publisher key="publ_3471">Schlesinger</publisher> 12 Gr.</bibl>
<bibl id="hofm_1838_04_0061_17"><regNumber>5098</regNumber>. <composer key="compo_027983">Reissiger (F.A.)</composer> <title>Das blutende Herz. Gedicht von Vogl. Op. <opus key="opus_2268">32</opus>. (Und hast du verwundet mein Herz so tief)</title>. <pubPlace key="place_0044">Berlin</pubPlace>, <publisher key="publ_4370">Westphal</publisher> 8 Gr.</bibl>
<pb n="62"/>
<bibl id="hofm_1838_04_0062_01"><regNumber>5084</regNumber>. <composer key="compo_028421">Rietz (Jul.)</composer> <title>12 Gesänge. Op. <opus key="opus_4300">8</opus>. Heft 1. (Ueber die Berge steigt schon die Sonne – Der laute Tag ist fortgezogen – Wie rauschen die Bäume so winterlich – Nach diesen trüben Tagen – Spinn’, meine liebe Tochter – Wenn in bangen, trüben Stunden)</title>. <pubPlace key="place_0069">Bonn</pubPlace>, <publisher key="publ_3791">Simrock</publisher> 3 Fr.</bibl>
<bibl id="hofm_1838_04_0062_02">– – <title>Idem. Heft 2. (Die Sonne ruhig sinket – O Liebe, die am Kreuze rang – Ich wähnte mich an seiner Seite – Es geht bei gedämpfter Trommel Klang – O Sonnenschein, wie scheinst du mir – Da stürmts in Wald)</title>. Ebend. 3 Fr.</bibl>
<bibl id="hofm_1838_04_0062_03"><composer key="compo_033759">Stöber (G.)</composer> <title>Gedicht von G. Bürger m. Begl. des Pfte</title>. <pubPlace key="place_0681">Tirnau</pubPlace>, <publisher key="publ_4246">Wachter</publisher> 20 Xr.</bibl>
<bibl id="hofm_1838_04_0062_04"><regNumber>5042</regNumber>. <composer key="compo_033484">Storch (A.M.)</composer> <title>Der todte Müller. Der Reiter und Kindesheimkehr. Op. <opus key="opus_1372">2</opus>. (Die Sterne überm Thale stehn – Der Vater seufzt, die Mutter klagt – Kindlein war so arglos gut)</title>. <pubPlace key="place_0731">Wien</pubPlace>, <publisher key="publ_2605">Mechetti</publisher> 45 Xr.</bibl>
<bibl id="hofm_1838_04_0062_05">– <title>Des Jägers Haus. Lied. (Hier an dem grünen Walde)</title>. (<series>Aurora No. 243</series>.) Ebend. 30 Xr.</bibl>
<bibl id="hofm_1838_04_0062_06"><composer key="compo_034893">Truhn (F.H.)</composer> <title>Wanderschaft und Heimath. 6 Lieder f. eine tiefe Stimme. Op. <opus key="opus_1584">22</opus>. (Wo im veilchenblauen Scheine – Immer nur weiter – Zwischen Frankreich und dem Böhmerwald – Das Posthorn schmettert, die Peitsche knallt, – Kein schöner Land, als Heimath, – Frischer Muth, leichtes Blut)</title> m. Vign. <pubPlace key="place_0044">Berlin</pubPlace>, <publisher key="publ_3471">Schlesinger</publisher> 18 Gr.</bibl>
<bibl id="hofm_1838_04_0062_07"><composer key="compo_035430">Vesque v. Püttlingen (J.)</composer>, <composer key="compo_036911">Clara Wieck</composer> und <composer key="compo_002076">Beethoven</composer>, (<key>Fm</key> Sonate) <title>Gedicht v. Grillparzer. Mit Motiven obiger Sonate. (Ein Wundermann, der Welt, des Lebens satt)</title>. <pubPlace key="place_0731">Wien</pubPlace>, <publisher key="publ_0735">Diabelli u. Co</publisher>. 45 Xr.</bibl>
<bibl id="hofm_1838_04_0062_08">*<composer key="compo_037297">Witt (F.H.)</composer> <title>4 Lieder. (Wenn aus deinen sanften Blicken – So herzig wie mein Liesel – Ach, dass ich kein Blatt der Rose – Herz, warum das Sehnen?)</title> (Dem Fräulein P. Schätzel gew. mit deren Portrait.) <pubPlace key="place_0044">Berlin</pubPlace>, <publisher key="publ_0224">Bechtold u. H</publisher>. 12 Gr.</bibl>
</div><div id="hofm_1838_04_0062_div23"><head><hofClass key="hofCl_0047">Gesänge mit Begleitung der Guitarre.</hofClass></head>
<bibl id="hofm_1838_04_0062_09"><title>Apollo. Eine Sammlung von 25 der schönsten und beliebtesten Arien und Duetten aus Opern mit Begl. der Guitarre</title>. 4. geh. <pubPlace key="place_0279">Hanau</pubPlace>, <publisher key="publ_0881">Edler’sche Buchhandlung</publisher> 16 Gr.</bibl>
<bibl id="hofm_1838_04_0062_10"><regNumber>1957</regNumber>. <composer key="compo_026573">Pixis (J.P.)</composer> <title>Allemanisches Volkslied, variirt f. eine Singstimme m. Begl. d. Guit. eing. v. J.F. Petersen. (Jetzt geh’ i an’s Brünnele, trink aber nit)</title>. <pubPlace key="place_0392">Leipzig</pubPlace>, <publisher key="publ_1746">Hofmeister</publisher> 4 Gr.</bibl>
<bibl id="hofm_1838_04_0062_11"><composer key="compo_031901">Seidenstricker (C.)</composer> <title>60 ausgewählte deutsche Lieder mit Begl. der Guitarre</title>. gr. 12. geh. <pubPlace key="place_0279">Hanau</pubPlace>, <publisher key="publ_0881">Edler’sche Buchhandlung</publisher> 16 Gr.</bibl>
</div><div id="hofm_1838_04_0062_div24"><head><hofClass key="hofCl_0077">Lehrbücher für den Gesang.</hofClass></head>
<bibl id="hofm_1838_04_0062_12"><composer key="compo_028254">Richter (E.)</composer> <title>Unterrichtlich geordnete Sammlung von 1-, 2-, 3- und 4stimmigen Sätzen, Liedern, Canons und Chorälen f. Volksschulen. 2te Abtheil. 3tes Heft enth. 102 drei- und vierstimmige Liedersätze, Lieder und Choräle</title>. 8. <pubPlace key="place_0082">Breslau</pubPlace>, <publisher key="publ_0640">Cranz</publisher> geh. n. 4 Gr.</bibl>
<bibl id="hofm_1838_04_0062_13"><regNumber>5137</regNumber>. <composer key="compo_036445">Weinlig (Ch. Th.)</composer> <title>30 kurze Singübungen f. d. Tenorstimme m. Begl. d. Pfte, mit besonderer Rücksicht auf klare Anschauung der Intervalle entworfen</title>. <pubPlace key="place_0392">Leipzig</pubPlace>, <publisher key="publ_1746">Hofmeister</publisher> 1 Thlr. 12 Gr.</bibl>
<bibl id="hofm_1838_04_0062_14"><composer key="compo_036956">Wiegers (J.)</composer> <title>Kleine Singschule für Anfänger im Singen nach Noten</title>. gr. 8. geh. <pubPlace key="place_0044">Berlin</pubPlace>, <publisher key="publ_3591">Schröder</publisher> 4 Gr.</bibl></div>
<pb n="63"/>
<div id="hofm_1838_04_0063_div25"><head><hofClass key="hofCl_0287">Theoretische Werke.</hofClass></head>
<bibl id="hofm_1838_04_0063_01"><author>Gollmick (Carl)</author> <title>Musikalische Novellen und Silhuetten</title>. Mit einem Vorwort von Ed. Duller. 8. <pubPlace key="place_0753">Zeitz</pubPlace>, <publisher key="publ_3454">Schieferdecker</publisher> geh. 1 Thlr. 18 Gr.</bibl>
<bibl id="hofm_1838_04_0063_02"><author>Kahlert (Aug.)</author> <title>Tonleben. Novellen und vermischte Aufsätze</title>. 8. (22 Bogen.) <pubPlace key="place_0082">Breslau</pubPlace>, <publisher key="publ_0015">Aderholz</publisher> geh. 1 Thlr. 8 Gr.</bibl>
<bibl id="hofm_1838_04_0063_03"><author>Mompour (F.J.)</author> <title>Kurzer Inbegriff der allgemeinen Harmonielehre f. angehende Tonkünstler, mit ausführlichen Beispielen zum Selbstunterricht. <edition>2te Aufl</edition></title>. <pubPlace key="place_0069">Bonn</pubPlace>, <publisher key="publ_2734">Mompour</publisher> 1 Thlr. 8 Gr.</bibl>
<bibl id="hofm_1838_04_0063_04"><author>Nägeli’s (H.G.)</author> <title>Biographie</title>. gr. 4. (m. Portrait). <pubPlace key="place_0767">Zürich</pubPlace>, <publisher key="publ_2947">Orell, Füssli u. Co</publisher>. n. 14 Gr.</bibl>
<bibl id="hofm_1838_04_0063_05"><author>Planitzer (J.C.)</author> <title>Die Lehre von den Uebergängen. Ein Theil der theoretischen Musik; systematisch bearbeitet</title>, mit einer Vorrede von de la Motte Fouqué. 8. <pubPlace key="place_0392">Leipzig</pubPlace>, <publisher key="publ_2211">Kupfer</publisher> geh. 9 gr.</bibl>
<bibl id="hofm_1838_04_0063_06"><title>Universal-Lexicon der Tonkunst. Redigirt von <author>G. Schilling</author>. 6ster Band, 3te Lief. (Schramm – Singschulen.)</title> 8. <pubPlace key="place_0662">Stuttgart</pubPlace>, <publisher key="publ_2224">Köhler</publisher> geh. 10 Gr. n.</bibl>
</div><div id="hofm_1838_04_0063_div26"><head><hofClass key="hofCl_0281">Portraits.</hofClass></head>
<bibl id="hofm_1838_04_0063_07"><title>Portrait von <subject>Clara Wieck</subject>, k. k. österreichische Kammer-Virtuosin; gez. von Staub</title>. Chines. Papier 1 Fl. 30 Xr. ord. Papier 1 Fl. <pubPlace key="place_0731">Wien</pubPlace>, <publisher key="publ_0735">Diabelli u. Co</publisher>.</bibl>
</div><div id="hofm_1838_04_0063_div27"><head><hofClass key="hofCl_0284">Textbücher.</hofClass></head>
<bibl id="hofm_1838_04_0063_08"><title>Doppel-Leiter (die) Komische Oper in einem Aufzuge von Planard. Musik von Ambr. Thomas. Deutsche Bearbeitung von <author>K. Blum</author></title>. gr. 8. <pubPlace key="place_0438">Mainz</pubPlace>, <publisher key="publ_3563">Schott</publisher> 18 Xr.</bibl>
</div>
</body></text></TEI.2>