<?xml version="1.0" encoding="utf-8"?>
<!DOCTYPE TEI.2
  SYSTEM "../../dtd/tei/cch_tei.dtd">
<TEI.2 id="hofm_1839_06">
<teiHeader type="text"><fileDesc><titleStmt><title>Juni 1839</title></titleStmt><publicationStmt><p/></publicationStmt><sourceDesc><p/></sourceDesc></fileDesc><profileDesc><langUsage><language id="ger">German</language><language id="fre">French</language><language id="ita">Italian</language></langUsage></profileDesc><revisionDesc><change><date>2007-09-20</date><respStmt><name>EP</name></respStmt><item>missing @id added</item></change><change><date>2007-08-15</date><respStmt><name>ER</name></respStmt><item>p. 75, Westphal = publisher (not title)</item></change><change><date>2007-05-10</date><respStmt><name>ER</name></respStmt><item>p. 73, Lieder (not Leider)</item></change><change><date>2007-04-27</date><respStmt><name>RV</name></respStmt><item>Changed "biblGroup" elements in "listBibl"</item></change><change><date>2007-03-02</date><respStmt><name>EP</name></respStmt><item>Checked curly brackets</item></change><change><date>2007-02-26</date><respStmt><name>EP</name></respStmt><item>Encoded curly brackets</item></change><change><date>2006-12-19</date><respStmt><name>EP</name></respStmt><item>sic and unclear moved outside elements pubplaces, publisher, composer, hofclass, key, opus</item></change><change><date>2006-10-18</date><respStmt><name>Liz</name></respStmt> 
<item>p. 75 Truhn composer tagging adjusted</item></change><change><date>2006-03-15</date><respStmt><name>Liz</name></respStmt> 
<item>XRefs done</item></change><change><date>2006-02-21</date><respStmt><name>Liz</name></respStmt> 
<item>p.72 Rostosky (not Rotosky)</item></change><change><date>2006-02-08</date><respStmt><name>Liz</name></respStmt> 
<item>p.76 menschliche (not ruenschliche)</item></change><change><date>2006-01-19</date><respStmt><name>Liz</name></respStmt> 
<item>p.77 Trautwein (not Trautwien) and a few other adjustments; p. 75 Westphal (not Wesphal)</item></change><change><date>2005-07-21</date><respStmt><name>Mekala</name></respStmt> 
<item>Checking Screens and Final Revisions</item></change><change><date>2005-05-12</date><respStmt><name>Mekala</name></respStmt><item>Revised for &lt;album&gt; and Checking Screens </item></change><change><date>2005-02-08</date><respStmt><name>Mekala</name></respStmt><item>Revised one missed tag </item></change><change><date>2005-01-31</date><respStmt><name>Mekala</name></respStmt><item>Revisions following feedback Jan. 13, 14, &amp; 24, 2005</item></change><change><date>2004-12-20</date><respStmt><name>Mekala</name></respStmt><item>Revisions following feedback Dec.15,2004</item></change><change><date>2004-12-03</date><respStmt><name>Mekala</name></respStmt><item>Revisions following feedback Nov. 22, 2004, Nov. 29, 2004 and Dec. 1, 2004</item></change><change><date>2004-11-12</date><respStmt><name>Mekala</name></respStmt><item>removal of redundant &lt;pb/&gt; and corrections following feedback to  Nov. 11, 2004</item></change><change><date>2004-10-25</date><respStmt><name>Mekala</name></respStmt><item>revisions following Oct. 1839 changes</item></change><change><date>2004-10-19</date><respStmt><name>Mekala</name></respStmt><item>revisions following Oct. 19, 2004 changes</item></change><change><date>2004-09-27</date><respStmt><name>Mekala</name></respStmt><item>First Coding June 1839</item></change></revisionDesc></teiHeader>
<text><body><pb n="66"/><head>Juni 1839.</head><div id="hofm_1839_06_0066_div01"><head><hofClass key="hofCl_0164">Musik für das Orchester.</hofClass></head>
<bibl id="hofm_1839_06_0066_01"><composer key="compo_002572">Berlioz (Hect.)</composer> <title>Grande Ouverture de Waverly, à gr. Orchestre. Oe. <opus key="opus_0001">1</opus>. in <key>D</key>. <format>Partition</format></title>. <pubPlace key="place_0537">Paris</pubPlace>, <publisher key="publ_3222">Richault</publisher> 20 Fr.</bibl>
<bibl id="hofm_1839_06_0066_02"><composer key="compo_020014">Lanner (Jos.)</composer> <title>Beliebte Walzer und Galoppen f. Orchester. No. 44, Victoria-Walzer. Op. <opus key="opus_0658">138</opus></title>. <pubPlace key="place_0731">Wien</pubPlace>, <publisher key="publ_2605">Mechetti</publisher> 3 Fl.</bibl>
<wip id="hofm_1839_06_0066_03"><title>Sammlung von Märschen f. türkische Musik z. best. Gebr. der k. pr. Armee. <format>Partitur</format></title>. <title>No. 115, Haase, Geschwindmarsch des Grossfürsten Michael</title>. 1 Thlr 16 Gr. <title>No. 116, Neumann, Marsch aus dem Brauer von Preston, von Adam</title>. 18 Gr. <pubPlace key="place_0044">Berlin</pubPlace>, <publisher key="publ_3471">Schlesinger</publisher>.</wip>
<bibl id="hofm_1839_06_0066_04"><composer key="compo_036072">Walsch (J.H.)</composer> <title>24 neue Tänze f. Orchester. 19te Lief. (Contretanz, Polonaise, 7 Walzer, 6 Schottische, 7 Galopps u. 2 Ecossaisen.)</title> <pubPlace key="place_0392">Leipzig</pubPlace>, <publisher key="publ_3023">Peters</publisher> 2 Thlr.</bibl>
</div><div id="hofm_1839_06_0066_div02"><head><hofClass key="hofCl_0245">Musik für die Violine.</hofClass></head>
<bibl id="hofm_1839_06_0066_05"><composer key="compo_003342">Blumenthal (Jos. de)</composer> <title>3 grands Duos concertans p. Violon et Alto. Oe. <opus key="opus_4354">81</opus>. Liv. 2, in <key>D</key>. Liv. 3 in <key>F</key></title>. <pubPlace key="place_0392">Leipzig</pubPlace>, <publisher key="publ_1746">Hofmeister</publisher> à 14 Gr.</bibl>
<bibl id="hofm_1839_06_0066_05_b"><composer key="compo_007199">Donizetti (G.)</composer> <title>Roberto Devereux. Opera, <format>rid. p. 2 Violini, Alto e Vcllo</format> da P. Tonassi</title>. <pubPlace key="place_0437">Milano</pubPlace>, <publisher key="publ_3241">Ricordi</publisher> 15 Fr.</bibl>
<bibl id="hofm_1839_06_0066_07"><composer key="compo_016840">Kalliwoda (J.W.)</composer> <title>Variations concertantes p. 2 Violons av. Acc. de Pfte. Oe. <opus key="opus_4416">83</opus>, in <key>E</key></title>. <pubPlace key="place_0392">Leipzig</pubPlace>, <publisher key="publ_3023">Peters</publisher> 1 Thlr. 4 Gr.</bibl>
<bibl id="hofm_1839_06_0066_08">– <title>Second grand Rondeau p. Violon av. Acc. de Pfte. Oe. <opus key="opus_4436">84</opus>, in <key>D</key></title>. Ebend. 22 Gr.</bibl>
<bibl id="hofm_1839_06_0066_09">– <title>Variations brillantes sur un Thème original p. Violon av. Acc. de Pfte. Oe. <opus key="opus_4542">89</opus>, in <key>A</key></title>. Ebend. 18 Gr.</bibl>
<bibl id="hofm_1839_06_0066_10"><composer key="compo_019726">Lafont (C.P.)</composer> <title>Valsons, valsons encore. Romance-Valse, arr. p. Violon av. Acc. de Pfte (in <key>G</key>.)</title> <pubPlace key="place_0438">Mainz</pubPlace>, <publisher key="publ_3563">Schott</publisher> 1 Fl. 12 Xr.</bibl>
<bibl id="hofm_1839_06_0066_11"><composer key="compo_020014">Lanner (Jos.)</composer> <title>Walzer f. 3 Violinen u. Bass. No. 15, Victoria-Walzer. Op. <opus key="opus_0658">138</opus></title>. <pubPlace key="place_0731">Wien</pubPlace>, <publisher key="publ_2605">Mechetti</publisher> 1 Fl.</bibl>
<bibl id="hofm_1839_06_0066_12"><composer key="compo_022904">Mendelssohn-Bartholdy (F.)</composer> <title>3 grands Quatuors p. 2 Violons, Alto et Basse. Oe. <opus key="opus_2948">44</opus>. No. 1, in <key>D</key>. No. 2, in <key>Emoll</key>. No. 3, in <key>Es</key></title>. <pubPlace key="place_0392">Leipzig</pubPlace>, <publisher key="publ_0437">Br. et Härtel</publisher> à 2 Thlr. 4 Gr.</bibl>
<bibl id="hofm_1839_06_0066_13"><composer key="compo_028397">Ries (H.)</composer> <title>Second Concerto p. Violon av. Acc. d’Orch. Oe. <opus key="opus_0927">16</opus>, in <key>Am</key></title>. (Déd. à Mr. L. Sophr.) <pubPlace key="place_0044">Berlin</pubPlace>, <publisher key="publ_0393">Bote et B</publisher>. 2 Thlr. 8 Gr.</bibl>
<bibl id="hofm_1839_06_0066_14">– Idem av. Acc. de Quatuor. Ebend. 1 Thlr. 8 Gr.</bibl>
<bibl id="hofm_1839_06_0066_15">– Idem av. Acc. de Pfte. Ebend. 1 Thlr. 8 Gr.</bibl>
<bibl id="hofm_1839_06_0066_16">– <title>Trois Duos p. 2 Violons. Oe. <opus key="opus_1068">17</opus></title>. Ebend. 2 Thlr. (Einzeln: No. 1, in <key>Am</key>. No. 2, in <key>B</key>. No. 3, in <key>C</key>. – à 20 Gr.)</bibl>
<bibl id="hofm_1839_06_0066_17"><composer key="compo_034474">Thomas (Ambr.)</composer> <title>Airs du Perruquier de la Régence, arr. en Quatuor p. 2 Violons, Alto et Basse p. J. Küffner. Suite 1, 2</title>. <pubPlace key="place_0438">Mainz</pubPlace>, <publisher key="publ_3563">Schott</publisher> à 3 Fl. 36 Xr.</bibl>
<bibl id="hofm_1839_06_0066_18">– <title>Ouverture de do. arr. en Quatuor p. 2 Violons, Alto et Basse p. J. Küffner</title>. Ebend. 1 Fl. 30 Xr.</bibl>
<bibl id="hofm_1839_06_0066_19"><composer key="compo_034881">Troupenas (Jul.)</composer> <title>Douze Caprices ou Etudes p. Violon. Oe. <opus key="opus_0001">1</opus></title>. Ebend. 3 Fl. </bibl>
<bibl id="hofm_1839_06_0066_20"><title>Violinspieler (der junge) Sammlung beliebter Opern, für Anfänger bearbeitet. (12 Opern.)</title> <pubPlace key="place_0078">Braunschweig</pubPlace>, <publisher key="publ_3822">Spehr</publisher> geh. 3 Thlr.</bibl>
<album id="hofm_1839_06_0066_21">– Idem <title>No. 13, <composer key="compo_002199">Bellini</composer>, Die Puritaner. No. 14, <composer key="compo_011410">Gläser</composer>, Des Adlers Horst. No. 15, <composer key="compo_005570">Cherubini</composer>, Der Wasserträger</title>. Ebend. à 8 Gr.
</album></div><div id="hofm_1839_06_0066_div03"><head><hofClass key="hofCl_0186">Musik für den Contrabass.</hofClass></head>
<bibl id="hofm_1839_06_0066_22"><composer key="compo_032436">Slama (Ant.)</composer> <title>Contrabass-Schule in 30 leicht fasslichen und gründlichen Lectionen</title>. <pubPlace key="place_0731">Wien</pubPlace>, <publisher key="publ_1506">Haslinger</publisher> geb. 2 Fl. 30 Xr.</bibl>
<pb n="67"/>
</div><div id="hofm_1839_06_0067_div04"><head><hofClass key="hofCl_0200">Musik für die Flöte.</hofClass></head>
<bibl id="hofm_1839_06_0067_01"><composer key="compo_007199">Donizetti, (G.)</composer> <title>Roberto Devereux. Opera, <format>rid. p. Flauto, Violino, Alto e Vcllo</format> da P. Tonassi</title>. <pubPlace key="place_0437">Milano</pubPlace>, <publisher key="publ_3241">Ricordi</publisher> 15 Fr.</bibl>
<album id="hofm_1839_06_0067_02"><title>Flötenspieler (der junge) Sammlung der besten Opern f. Flöte. No. 41, <composer key="compo_000088">Adam</composer>, Der Postillon von Lonjumeau. No. 42, <composer key="compo_007196">Donizetti</composer>, Der Liebestrank</title>. <pubPlace key="place_0078">Braunschweig</pubPlace>, <publisher key="publ_3822">Spehr</publisher> à 8 Gr.</album>
<bibl id="hofm_1839_06_0067_03"><composer key="compo_010419">Fürstenau (A.B.)</composer> <title>Les Confidents. Deux Rondolettos faciles et agréables sur des Motifs de l’Opéra : Meerkönig und sein Liebchen, de C. Böhmer, p. 2 Flûtes av. Acc. de Pfte. Oe. <opus key="opus_0459">124</opus></title>. <pubPlace key="place_0044">Berlin</pubPlace>, <publisher key="publ_4370">Westphal</publisher> 1 Thlr. 10 Gr.</bibl>
<bibl id="hofm_1839_06_0067_04"><composer key="compo_019654">Labitzky (Jos.)</composer> <title>Walzer und Galoppen f. Flöte. No. 4, Brandhofen-Walzer. Op. <opus key="opus_3071">47</opus></title>. <pubPlace key="place_0554">Prag</pubPlace>, <publisher key="publ_1729">Hoffmann</publisher> 15 Xr.</bibl>
<bibl id="hofm_1839_06_0067_05"><composer key="compo_020014">Lanner (Jos.)</composer> <title>Beliebte Walzer und Galoppen f. Flöte. No. 52, Victoria-Walzer. Op. <opus key="opus_0658">138</opus></title>. <pubPlace key="place_0731">Wien</pubPlace>, <publisher key="publ_2605">Mechetti</publisher> 15 Xr.</bibl>
<bibl id="hofm_1839_06_0067_06"><composer key="compo_022964">Mercadante (S.)</composer> <title>Il Giuramento. Opera, rid. p. Flauto, Violino, Alto e Vcllo da L. Gervasi</title>. <pubPlace key="place_0437">Milano</pubPlace>, <publisher key="publ_3241">Ricordi</publisher> 15 Fr.</bibl>
</div><div id="hofm_1839_06_0067_div05"><head><hofClass key="hofCl_0131">Musik für verschiedene Blasinstrumente.</hofClass></head>
<bibl id="hofm_1839_06_0067_07"><composer key="compo_002660">Berr (F.)</composer> <title>48 Fantaisies, Airs variés, Rondeaux etc. de Adam, Bellini, Herz, Meyerbeer, Mercadante, Rossini etc., arr. p. Clarinette av. Acc. d’une seconde Clarinette ad lib. Suite 1. 2</title>. <pubPlace key="place_0537">Paris</pubPlace>, <publisher key="publ_3559">Schonenberger</publisher> à 7 Fr. 50 Ct.</bibl>
<bibl id="hofm_1839_06_0067_08"><composer key="compo_004325">Brod (H.)</composer> <title>Fantaisie et Variations p. Cor anglais av. Acc. de Quatuor ou Pfte</title>. Ebend. 6 Fr.</bibl>
</div><div id="hofm_1839_06_0067_div06"><head><hofClass key="hofCl_0205">Musik für die Guitarre.</hofClass></head>
<wip id="hofm_1839_06_0067_09"><composer key="compo_019654">Labitzky (Jos.)</composer> <title>Sammlung der beliebtesten Tänze f. Guitarre</title>. <title>No. 1, Zigeuner-Walzer. Op. <opus key="opus_3181">5</opus></title>. 15 Xr. <title>No. 4, Brandhofen-Walzer. Op. <opus key="opus_3071">47</opus></title>. 20 Xr. <pubPlace key="place_0554">Prag</pubPlace>, <publisher key="publ_1729">Hoffmann</publisher>.</wip>
<bibl id="hofm_1839_06_0067_10"><composer key="compo_020014">Lanner (Jos.)</composer> <title>Beliebte Walzer und Galoppen f. Guitarre. No. 38, Victoria-Walzer. Op. <opus key="opus_0658">138</opus></title>. <pubPlace key="place_0731">Wien</pubPlace>, <publisher key="publ_2605">Mechetti</publisher> 30 Xr.</bibl>
</div><div id="hofm_1839_06_0067_div07"><head><hofClass key="hofCl_0167">Musik für das Pianoforte mit Begleitung.</hofClass></head>
<bibl id="hofm_1839_06_0067_11"><composer key="compo_002205">Bellini (V.)</composer> <title>I Puritani. Opera, <format>rid. p. Violino e Pfte</format></title>. <pubPlace key="place_0437">Milano</pubPlace>, <publisher key="publ_3241">Ricordi</publisher> 22 Fr.</bibl>
<bibl id="hofm_1839_06_0067_12"><composer key="compo_002712">Bertini (H.J.)</composer> <title>Second Sextuor p. Pfte, 2 Violons, Alto, Vclle et Contre-Basse. Oe. <opus key="opus_4460">85</opus>, in <key>Es</key></title>. <pubPlace key="place_0392">Leipzig</pubPlace>, <publisher key="publ_0437">Br. et. Härtel</publisher> 3 Thlr.</bibl>
<bibl id="hofm_1839_06_0067_13"><composer key="compo_008502">Erkel (F.)</composer> et <composer key="compo_035476">H. Vieuxtemps</composer>, <title>Duo brillant en Forme de Fantaisie sur des Airs hongrois concertant p. Pfte et Violon (in <key>E</key>.)</title> <pubPlace key="place_0438">Mainz</pubPlace>, <publisher key="publ_3563">Schott</publisher> 2 Fl. 24 Xr.</bibl>
<bibl id="hofm_1839_06_0067_14"><composer key="compo_015612">Hummel (J.N.)</composer> <title>Dernière Concerto p. Pfte av. Acc. d’Orchestre. <opus key="opus_4777">Oe. posth. No. 1</opus>, in <key>F</key></title>. <pubPlace key="place_0392">Leipzig</pubPlace>, <publisher key="publ_0437">Br. et Härtel</publisher> 4 Thlr. 16 Gr.</bibl>
<bibl id="hofm_1839_06_0067_15">– Idem av. Acc. de Quatuor. Ebend. 3 Thlr. 6 Gr.</bibl>
<bibl id="hofm_1839_06_0067_15_f"><composer key="compo_019130">Kummer (F.A.)</composer> <title>Duo sur des Motifs de L. van Beethoven, p. Pfte et Vclle. Oe. <opus key="opus_3071">47</opus>, in <key>C</key></title>. <pubPlace key="place_0147">Dresden</pubPlace>, <publisher key="publ_2993">Paul</publisher> 1 Thlr.</bibl>
<bibl id="hofm_1839_06_0067_17"><composer key="compo_020014">Lanner (Jos.)</composer> <title>Walzer f. Violine m. Begl. d. Pfte. No. 15, Victoria Walzer. Op. <opus key="opus_0658">138</opus></title>. <pubPlace key="place_0731">Wien</pubPlace>, <publisher key="publ_2605">Mechetti</publisher> 45 Xr.</bibl>
<bibl id="hofm_1839_06_0067_18"><composer key="compo_020610">Leplus (L.)</composer> et <composer key="compo_014550">H. Herz</composer>, <title>Petite Fantaisie sur une Melodi écossaise p. Pfte et Flûte</title>. <pubPlace key="place_0537">Paris</pubPlace>, <publisher key="publ_3559">Schonenberger</publisher> 5 Fr.</bibl>
<bibl id="hofm_1839_06_0067_19">– –<title>Rondeau turc p. Pfte. et Flûte</title>. Ebend. 5 Fr.</bibl>
<bibl id="hofm_1839_06_0067_20"><composer key="compo_021359">Louis (N.)</composer> et <composer key="compo_014550">H. Herz</composer>, <title>Rondoletto sur un Thème d’Auber p. Pfte et Violon</title>. Ebend. 5 Fr.</bibl>
<bibl id="hofm_1839_06_0067_21">– – <title>Rondeau turc p. Pfte et Violon</title>. Ebend. 5 Fr.</bibl>
<pb n="68"/>
<bibl id="hofm_1839_06_0068_01"><composer key="compo_022964">Mercadante (S.)</composer> <title>Il Giuramento. Opera, <format>rid. p. Violino e Pfte</format></title>. <pubPlace key="place_0437">Milano</pubPlace>, <publisher key="publ_3241">Ricordi</publisher> 22 Fr.</bibl>
<bibl id="hofm_1839_06_0068_02">– Idem p. Flauto e Pfte. Ebend. 22 Fr.</bibl>
</div><div id="hofm_1839_06_0068_div08"><head><hofClass key="hofCl_0124">Musik für 2 Pianoforte.</hofClass></head>
<bibl id="hofm_1839_06_0068_03"><composer key="compo_015612">Hummel (J.N.)</composer> <title>Derniére Concerto p. Pfte av. Acc. d’un second Pfte. <opus key="opus_4777">Oe. posth. No. 1</opus>. in <key>F</key></title>. <pubPlace key="place_0392">Leipzig</pubPlace>, <publisher key="publ_0437">Br. et Härtel</publisher> 2 Thlr. 12 Gr.</bibl>
</div><div id="hofm_1839_06_0068_div09"><head><hofClass key="hofCl_0171">Musik für das Pianoforte zu 4 Händen.</hofClass></head>
<bibl id="hofm_1839_06_0068_04"><title>Album théâtral. Nouvelle Collections de Fantaisies élégantes, ou Potpourris brillans p. Pfte à 4 Mains. Cah. 1-3</title>. Siehe: <xref type="external" from="hofm_1839_06_0068_09" to="DITTO" targOrder="U">Czerny. Oe. 534</xref>.</bibl>
<bibl id="hofm_1839_06_0068_05"><composer key="compo_002205">Bellini (V.)</composer> <title>I Puritani. Opera seria, arr. p. Pfte à 4 Mains p. Jos. Rummel</title>. <pubPlace key="place_0438">Mainz</pubPlace>, <publisher key="publ_3563">Schott</publisher> geh.7 Fl. 12 Xr.</bibl>
<bibl id="hofm_1839_06_0068_06"><composer key="compo_005672">Chwatal (F.X.)</composer> <title>3 Sonatines faciles et agréables p. Pfte à 4 Mains. Oe. <opus key="opus_2764">40</opus></title>. <pubPlace key="place_0044">Berlin</pubPlace>, <publisher key="publ_0589">Challier et Co</publisher>. 1 Thlr.</bibl>
<wip id="hofm_1839_06_0068_07">– <title>Dieselben einzeln: No. 1, in <key>C</key>. No. 2, in <key>G</key>. à 8 Gr. No. 3, in <key>F</key></title>. 10 Gr. Ebend.</wip>
<bibl id="hofm_1839_06_0068_08">– <title>Rondino sur deux Thèmes fav. de l’Opéra : Norma, de Bellini, p. Pfte à 4 Mains. Oe. <opus key="opus_3105">48</opus>, in <key>Es</key></title>. Ebend. 10 Gr.</bibl>
<bibl id="hofm_1839_06_0068_09"><composer key="compo_006306">Czerny (C.)</composer> <title>Fantaisie sur les Motifs de l’Opéra : Robert Devereux, de G. Donizetti, p. Pfte à 4 Mains. Oe. <opus key="opus_3337">534, No. 1-3</opus></title>. (Album théâtral Cah. 1-3.) <pubPlace key="place_0437">Milano</pubPlace>, <publisher key="publ_3241">Ricordi</publisher> à 4 Fr. 50 Ct.</bibl>
<bibl id="hofm_1839_06_0068_10"><composer key="compo_007199">Donizetti (G.)</composer> <title>Marino Falliero. Opera, rid. p. Pfte a 4 Mani da G. Gerli</title>. Ebend. geh. 26 Fr.</bibl>
<bibl id="hofm_1839_06_0068_11"><composer key="compo_013060">Halevy (F.)</composer> <title>Guido et Ginevra oder die Pest in Florenz. Oper, arr. f. Pfte zu 4 Händen von F. L. Schubert</title>. <pubPlace key="place_0392">Leipzig</pubPlace>, <publisher key="publ_0437">Br. u. Härtel</publisher> 7 Thlr. 12 Gr.</bibl>
<bibl id="hofm_1839_06_0068_12"><composer key="compo_013697">Haydn (Jos.)</composer> <title>Sinfonieen f. d. Pfte zu 4 Händen, arr. v. F. Brissler. 2ter Cyclus. No. 15 in <key>Es</key>. (Op. <opus key="opus_3842">66, No. 3</opus>.)</title> <pubPlace key="place_0044">Berlin</pubPlace>, <publisher key="publ_0589">Challier et Co</publisher>. 1Thlr.</bibl>
<bibl id="hofm_1839_06_0068_13"><composer key="compo_016840">Kalliwoda (J.W.)</composer> <title>Grande Valse p. Pfte à 4 Mains. Oe. <opus key="opus_4639">93</opus>, in <key>D</key></title>. <pubPlace key="place_0392">Leipzig</pubPlace>, <publisher key="publ_3023">Peters</publisher> 20 Gr.</bibl>
<bibl id="hofm_1839_06_0068_14">– <title>Contredanses brillantes et faciles p. Pfte à 4 Mains. Oe. <opus key="opus_4671">95</opus></title>. Ebend. 1 Thlr. 4 Gr.</bibl>
<bibl id="hofm_1839_06_0068_15"><composer key="compo_020014">Lanner (Jos.)</composer> <title>Victoria-Walzer f. Pfte. zu 4 Händen. Op. <opus key="opus_0658">138</opus></title>. <pubPlace key="place_0731">Wien</pubPlace>, <publisher key="publ_2605">Mechetti</publisher> 1 Fl.</bibl>
<bibl id="hofm_1839_06_0068_16"><composer key="compo_022904">Mendelssohn-Bartholdy (F.)</composer> <title>Deuxième Concerto, arr. p. Pfte à 4 Mains p. C. Czerny. Oe. <opus key="opus_2764">40</opus>, in <key>Dm</key></title>. <pubPlace key="place_0392">Leipzig</pubPlace>, <publisher key="publ_0437">Br. u. Härtel</publisher> geh. 2 Thlr. 8 Gr.</bibl>
<bibl id="hofm_1839_06_0068_17"><composer key="compo_036249">Weber (C.M. de)</composer> <title>Sept Variations brillantes sur la Canzonette : Vien qua Dorina bella, arr. p. Pfte à 4 Mains. p. Ch. Czerny. Oe. <opus key="opus_3967">7</opus></title>. <pubPlace key="place_0078">Braunschweig</pubPlace>, <publisher key="publ_3822">Spehr</publisher> 1 Thlr.</bibl>
</div><div id="hofm_1839_06_0068_div10"><head><hofClass key="hofCl_0272">Ouverturen für das Pianoforte zu 4 Händen.</hofClass></head>
<bibl id="hofm_1839_06_0068_18"><composer key="compo_000092">Adam (Ad.)</composer> <title>Ouverture du Brasseur de Preston, arr. p. Pfte à 4 Mains p. V. Cornette</title>, <pubPlace key="place_0438">Mainz</pubPlace>, <publisher key="publ_3563">Schott</publisher> 1 Fl. 12 Xr.</bibl>
<bibl id="hofm_1839_06_0068_19"><composer key="compo_017707">Kleinwächter (L.)</composer> <title>Ouverture f. Orch., arr. f. Pfte zu 4 Händen. Op. <opus key="opus_0001">1</opus>, in <key>E</key></title>. <pubPlace key="place_0392">Leipzig</pubPlace>, <publisher key="publ_0437">Br. u. Härtel</publisher> 16 Gr.</bibl>
</div><div id="hofm_1839_06_0068_div11"><head><hofClass key="hofCl_0166">Musik für das Pianoforte allein.</hofClass></head><bibl id="hofm_1839_06_0068_20"><composer key="compo_000092">Adam (Ad.)</composer> <title>Le Brasseur de Preston. Opéra en 3 Actes, arr. p. Pfte par l’Auteur</title>. <pubPlace key="place_0438">Mainz</pubPlace>, <publisher key="publ_3563">Schott</publisher> geh. 4 Fl. 48 Xr.</bibl>
<pb n="69"/>
<bibl id="hofm_1839_06_0069_01"><title>Album théâtral. Nouvelle Collection de Fantaisies élégantes, ou Potpourris brillans p. Pfte. Cah. 1-6</title>. Siehe: <xref type="external" from="hofm_1839_06_0069_12" to="DITTO" targOrder="U">Czerny, Oe. 534</xref> und <xref type="external" from="hofm_1839_06_0069_09" to="DITTO" targOrder="U">Chotek. Oe. 28</xref>.</bibl>
<bibl id="hofm_1839_06_0069_02"><composer key="compo_001132">Aulagnier (A.)</composer> <title>Les deux Jumeaux. 2 petits Rondeaux faciles sur Faust et Pietro d’Abano, de Spohr, p. Pfte. Oe. <opus key="opus_2458">35</opus></title>. <pubPlace key="place_0438">Mainz</pubPlace>, <publisher key="publ_3563">Schott</publisher> 1 Fl.</bibl>
<bibl id="hofm_1839_06_0069_03"><composer key="compo_002709">Bertini (H.)</composer> <title>Etudes caractéristiques p. Pfte. Oe. <opus key="opus_3825">66</opus>, Liv. 3, 4</title>. (Déd. à l’Ecole royale de Musique à Paris.) <pubPlace key="place_0731">Wien</pubPlace>, <publisher key="publ_1506">Haslinger</publisher> à 1 Fl. 15 Xr.</bibl>
<bibl id="hofm_1839_06_0069_04"><composer key="compo_004301">Brissler (F.)</composer> <title>Fantasie quasi Potpourri über die beliebten Melodieen aus der Oper : Zum treuen Schäfer, von Adam, f. Pfte</title>. <pubPlace key="place_0044">Berlin</pubPlace>, <publisher key="publ_0589">Challier u. Co</publisher>. 12 Gr.</bibl>
<bibl id="hofm_1839_06_0069_05">– <title>Fantasie über die beliebtesten Themata aus der Oper : Czaar und Zimmermann, von Lortzing, f. Pfte</title>. Ebend. 12 Gr.</bibl>
<bibl id="hofm_1839_06_0069_06"><composer key="compo_004712">Burgmüller (Fréd.)</composer> <title>Souvenir de Schönbrann. Grande Valse brillante p. Pfte. Oe. <opus key="opus_2268">32</opus></title>. <pubPlace key="place_0078">Braunschweig</pubPlace>, <publisher key="publ_3822">Spehr</publisher> 12 Gr.</bibl>
<bibl id="hofm_1839_06_0069_07">– <title>Scherzo sur la Ronde de l’Opéra : Le Brasseur de Preston, d’Ad. Adam. p. Pfte. Oe. <opus key="opus_3071">47</opus>, in <key>F</key></title>. <pubPlace key="place_0438">Mainz</pubPlace>, <publisher key="publ_3563">Schott</publisher> 1 Fl.</bibl>
<bibl id="hofm_1839_06_0069_08"><composer key="compo_005452">Cavallo (P.)</composer> <title>Fantaisie ou Potpourri sur des Thèmes de l’Opéra : Lucrezia Borgia, de Donizetti, p. Pfte. Oe. <opus key="opus_4310">8, No. 1, 2</opus></title>. (Flore théâtrale Cah. 47, 48.) <pubPlace key="place_0731">Wien</pubPlace>, <publisher key="publ_1506">Haslinger</publisher> à 1 Fl.</bibl>
<bibl id="hofm_1839_06_0069_09"><composer key="compo_005623">Chotek (F.X.)</composer> <title>Fantaisie ou Potpourri sur des Motifs favoris de l’Opéra : L’Assedio di Calais, de G. Donizetti, p. Pfte. Oe. <opus key="opus_2006">28, No. 1-3</opus></title>. (Album théâtral Cah. 4-6.) <pubPlace key="place_0437">Milano</pubPlace>, <publisher key="publ_3241">Ricordi</publisher> à 4 Fr.</bibl>
<bibl id="hofm_1839_06_0069_10"><composer key="compo_005672">Chwatal (F.X.)</composer> <title>Le Voyage sur le Chemin de Fer (Die Fahrt auf der Eisenbahn). Rondeau caractéristique p. Pfte. Oe. <opus key="opus_3140">49</opus>, in <key>G</key></title>. <pubPlace key="place_0044">Berlin</pubPlace>, <publisher key="publ_0589">Challier et Co</publisher>. 10 Gr.</bibl>
<bibl id="hofm_1839_06_0069_11">– <title>Der Jugendfreund. Eine ausgew. Sammlung d. bel. Opernmelodieen f. Pfte mit Applicatur. Band 1, Leif. 11-17</title>. Ebend. Subscript.-Pr. à 2 Gr. n.</bibl>
<bibl id="hofm_1839_06_0069_12"><composer key="compo_006306">Czerny (C.)</composer> <title>Fantaisie sur les Motifs de l’Opéra : Robert Devereux, de G. Donizetti, p. Pfte. Oe. <opus key="opus_3337">534, No. 1-3</opus></title>. (Album théâtral Cah. 1-3.) <pubPlace key="place_0437">Milano</pubPlace>, <publisher key="publ_3241">Ricordi</publisher> à 3 Fr.</bibl>
<bibl id="hofm_1839_06_0069_13"><composer key="compo_007388">Dreyschock (Al.)</composer> <title>Souvenir (Lied ohne Worte) f. Pfte. Op. <opus key="opus_2737">4</opus>, in <key>C</key></title>. (Mit Dreyschock’s Portrait.) <pubPlace key="place_0082">Breslau</pubPlace>, <publisher key="publ_0640">Cranz</publisher> 12 Gr.</bibl>
<bibl id="hofm_1839_06_0069_14"><composer key="compo_007599">Duvernoy (J.B.)</composer> <title>4 Chansonnettes ou Morceaux faciles sur des Thèmes fav. de Mlle. L. Puget, p. Pfte. Oe. <opus key="opus_4542">89</opus>. Liv. 1, Tempête. Ta Voix. Liv. 2, La Reine des Fous. La Fidèle</title>. <pubPlace key="place_0438">Mainz</pubPlace>, <publisher key="publ_3563">Schott</publisher> à 54 Xr.</bibl>
<bibl id="hofm_1839_06_0069_15">– <title>Deux Cavatines de Donizetti, tirées de Roberto d’Evreux, variées p. Pfte. Oe. <opus key="opus_4654">94</opus>, No. 1, in <key>C</key>. No. 2, in <key>G</key></title>. <pubPlace key="place_0392">Leipzig</pubPlace>, <publisher key="publ_0437">Br. et Härtel</publisher> à 12 Gr.</bibl>
<bibl id="hofm_1839_06_0069_16"><title>Flore théâtrale. Nouvelle Collection de Fantaisies élégantes ou Potpourris brillans sur des Thèmes d’Opéras modernes et favoris p. Pfte. Cah. 41-52</title>. Siehe: <xref type="external" from="hofm_1839_06_0069_08" to="DITTO" targOrder="U">Cavallo, Op. 8</xref>, und <xref type="external" from="hofm_1839_06_0069_17" to="DITTO" targOrder="U">Haslinger, Op. 21</xref>. </bibl><bibl id="hofm_1839_06_0069_17"><composer key="compo_013474">Haslinger (C.)</composer> <title>10 Fantaisies ou Potpourris sur des Thèmes d’Opéras modernes et favoris p. Pfte. Oe. <opus key="opus_1482">21</opus>. No. 1, 2, Donizetti, Parisina. No. 3, 4, Bellini, Beatrice di Tenda. No. 5, 6, Donizetti, Marino Falliero. No. 7, 8, Donizetti, Anna Bolena. No. 9, 10, Halevy, Guido et Ginévra</title>. (Flore théâtrale Cah. 41–46 et 49–52.) <pubPlace key="place_0731">Wien</pubPlace>, <publisher key="publ_1506">Haslinger</publisher> à 1 Fl.</bibl>
<bibl id="hofm_1839_06_0069_18"><composer key="compo_014252">Henselt (Ad.)</composer> <title>Pensée fugitive p. Pfte. Oe. <opus key="opus_4300">8</opus>, in <key>Fm</key></title>. <pubPlace key="place_0392">Leipzig</pubPlace>, <publisher key="publ_0437">Br. u. Härtel</publisher> 6 Gr.</bibl>
<bibl id="hofm_1839_06_0069_19">– <title>Scherzo p. Pfte. Oe. <opus key="opus_4562">9</opus>, in <key lang="ger">Hm</key></title>. Ebend. 12 Gr.</bibl>
<pb n="70"/>
<bibl id="hofm_1839_06_0070_01"><composer key="compo_014252">Henselt (Ad.)</composer> <title>Romance p. Pfte. Oe. <opus key="opus_0021">10</opus>, in <key>Bm</key></title>. <pubPlace key="place_0392">Leipzig</pubPlace>, <publisher key="publ_0437">Br. et Härtel</publisher> 6 Gr.</bibl>
<bibl id="hofm_1839_06_0070_02"><composer key="compo_015612">Hummel (J.N.)</composer> <title>Dernière Concerto p. Pfte. <opus key="opus_4777">Oe. posth. No. 1</opus>, in <key>F</key></title>. Ebend. 1 Thlr. 18 Gr.</bibl>
<bibl id="hofm_1839_06_0070_03"><composer key="compo_021137">Liszt (Fr.)</composer> <title>Grande Fantaisie sur la Tyrolienne de l’Opéra : La Fiancée, d’Auber, p. Pfte. Oe. <opus key="opus_0001">1</opus>, in <key>A</key></title>. <pubPlace key="place_0731">Wien</pubPlace>, <publisher key="publ_2605">Mechetti</publisher> 1 Fl. 30 Xr.</bibl>
<bibl id="hofm_1839_06_0070_04">– <title>Nuits d’Ete à Pausilippe. 3 Amusemens sur les Motifs de Donizetti. p. Pfte</title>. <pubPlace key="place_0438">Mainz</pubPlace>, <publisher key="publ_3563">Schott</publisher> geh. 1 Fl. 48 Xr.</bibl>
<bibl id="hofm_1839_06_0070_05"><composer key="compo_021327">Lortzing (G.A.)</composer> <title>Czaar und Zimmermann oder die beiden Peter. Komische Oper, f. Pfte eing. von F.L. Schubert</title>. <pubPlace key="place_0392">Leipzig</pubPlace>, <publisher key="publ_0437">Br. u. Härtel</publisher> geh. 3 Thlr. 16 Gr.</bibl>
<bibl id="hofm_1839_06_0070_06"><title>Pianiste (le jeune) Choix de compositions amusantes. Cah. 7, 8</title>. Siehe unter Variationen: <xref type="external" from="hofm_1839_06_0070_22" to="DITTO" targOrder="U">Weber, Op. 3</xref>, und <xref type="external" from="hofm_1839_06_0070_17" to="DITTO" targOrder="U">Burgmüller, Op. 19</xref>.</bibl>
<bibl id="hofm_1839_06_0070_07"><composer key="compo_029861">Scarlatti (Dom.)</composer> <title>Sämmtliche Werke f. Pfte. Redigirt v. C. Czerny. 9te Lief</title>. <pubPlace key="place_0731">Wien</pubPlace>, <publisher key="publ_1506">Haslinger</publisher> 1 Fl. n.</bibl>
<bibl id="hofm_1839_06_0070_08"><composer key="compo_031123">Schubert (Franc.)</composer> <title>12 Mélodies, transcrites p. Pfte seul p. Fr. Liszt</title>. <pubPlace key="place_0537">Paris</pubPlace>, <publisher key="publ_3222">Richault</publisher> geh. 25 Ct.</bibl>
<bibl id="hofm_1839_06_0070_09"><composer key="compo_032127">Seyfried (J.v.)</composer> <title>Appenzeller Kuhreigen, f. Pfte</title>. <pubPlace key="place_0438">Mainz</pubPlace>, <publisher key="publ_3563">Schott</publisher> 18 Xr.</bibl>
<bibl id="hofm_1839_06_0070_10"><composer key="compo_034210">Tedesco (Ign.)</composer> <title>Serenade f. Pfte. Oe. <opus key="opus_4300">8</opus>, in <key>F</key></title>. <pubPlace key="place_0554">Prag</pubPlace>, <publisher key="publ_1729">Hoffmann</publisher> 1 Fl.</bibl>
<bibl id="hofm_1839_06_0070_11"><composer key="compo_035038">Töpfer (Th.)</composer> <title>4 Airs de l’Opéra : Le Brasseur de Preston de A. Adam en Forme de Rondinos p. Pfte</title>. (Le Délices de l’Opéra No. 86.) <pubPlace key="place_0044">Berlin</pubPlace>, <publisher key="publ_3471">Schlesinger</publisher> 12 Gr.</bibl>
<bibl id="hofm_1839_06_0070_12"><composer key="compo_037138">Wilsing (Fr. Ed.)</composer> <title>3 grandes Sonates p. Pfte. Oe. <opus key="opus_0001">1</opus>. No. 2, in <key>A</key>. No. 3, in <key>Es</key></title>. <pubPlace key="place_0044">Berlin</pubPlace>, <publisher key="publ_0393">Bote et B</publisher>. à 1 Thlr.</bibl>
<bibl id="hofm_1839_06_0070_13"><composer key="compo_037281">Wisocki (G.N.)</composer> <title>Quatre Krakowiaks p. Pfte. Oe. <opus key="opus_0001">1</opus>. Liv. 1. 2</title>. <pubPlace key="place_0392">Leipzig</pubPlace>, <publisher key="publ_0437">Br. et Härtel</publisher> à 14 Gr.</bibl>
<bibl id="hofm_1839_06_0070_14">– <title>Deux Rhapsodies. No. 1, Mazurca. No. 2, Krakowiak p. Pfte. Oe. <opus key="opus_1372">2</opus></title>. Ebend. 12 Gr.</bibl>
</div><div id="hofm_1839_06_0070_div12"><head><hofClass key="hofCl_0292">Variationen für das Pianoforte.</hofClass></head>
<bibl id="hofm_1839_06_0070_15"><composer key="compo_003028">Bimboni (G.)</composer> <title>Variazioni sopra un Tema nella Lucrezia Borgia p. Pfte e Trombone</title>. <pubPlace key="place_0437">Milano</pubPlace>, <publisher key="publ_3241">Ricordi</publisher> 5 Fr.</bibl>
<bibl id="hofm_1839_06_0070_16">– Idem p. Pfte e Clarinetto. Ebend. 5 Fr.</bibl>
<bibl id="hofm_1839_06_0070_17"><composer key="compo_004705">Burgmüller (Fr.)</composer> <title>Intr. et Variations brillantes sur la Romance favorite : La jeune Batelière, de Masini. Oe. <opus key="opus_1271">19</opus>, in <key>F</key></title>. (Le jeune Pianiste Cah. 8.) <pubPlace key="place_0392">Leipzig</pubPlace>, <publisher key="publ_1746">Hofmeister</publisher> 12 Gr.</bibl>
<bibl id="hofm_1839_06_0070_18"><composer key="compo_018276">Kontski (Ant. de)</composer> <title>Intr., Variations et Finale sur deux Thèmes favoris du Perruquier de la Régence, d’Ambr. Thomas, p. Pfte</title>. <pubPlace key="place_0537">Paris</pubPlace>, <publisher key="publ_3222">Richault</publisher> 7 Fr. 50 Ct.</bibl>
<bibl id="hofm_1839_06_0070_19"><composer key="compo_021359">Louis (N.)</composer> et <composer key="compo_014550">H. Herz</composer>, <title>Intr. et Variations faciles sur un Thème de Berton, p. Pfte et Violon</title>. <pubPlace key="place_0537">Paris</pubPlace>, <publisher key="publ_3559">Schonenberger</publisher> 5 Fr.</bibl>
<bibl id="hofm_1839_06_0070_20">– – <title>Variations non difficiles sur la célébre Valse du Désir, p. Pfte et Violon</title>. Ebend. 5 Fr.</bibl>
<bibl id="hofm_1839_06_0070_21"><composer key="compo_025060">Nowakowski (Jos.)</composer> <title>Air polonais varié p. Pfte. Oe. <opus key="opus_0531">13</opus>, in <key>B</key></title>. <pubPlace key="place_0392">Leipzig</pubPlace>, <publisher key="publ_0437">Br. et Härtel</publisher> 12 Gr.</bibl>
<bibl id="hofm_1839_06_0070_22"><composer key="compo_036255">Weber (F.A.)</composer> <title>Variations sur une Tyrolienne favorite. Oe. <opus key="opus_2116">3</opus>, in <key>G</key></title>. (Déd. à Mr. H. Nägeli.) (Le jeune Pianiste Cah. 7.) <pubPlace key="place_0392">Leipzig</pubPlace>, <publisher key="publ_1746">Hofmeister</publisher> 14 Gr.</bibl>
</div><div id="hofm_1839_06_0070_div13"><head><hofClass key="hofCl_0273">Ouverturen für das Pianoforte.</hofClass></head>
<bibl id="hofm_1839_06_0070_23"><composer key="compo_004979">Böhmer (C.)</composer> <title>Ouverture zu Meerkönig und sein Liebchen, f. Pfte arr. von J. P. Schmidt. Op. <opus key="opus_1932">27</opus></title>. <pubPlace key="place_0044">Berlin</pubPlace>, <publisher key="publ_4370">Westphal</publisher> 10 Gr.</bibl>
</div><div id="hofm_1839_06_0070_div14"><head><hofClass key="hofCl_0288">Tänze für das Pianoforte.</hofClass></head>
<bibl id="hofm_1839_06_0070_24"><composer key="compo_000062">Abt (Fr.)</composer> <title>Die Epikuräer. Walzer f. Pfte. Op. <opus key="opus_2737">4</opus></title>. <pubPlace key="place_0392">Leipzig</pubPlace>, <publisher key="publ_2266">Künzel</publisher> 8 Gr.</bibl>
<pb n="71"/>
<bibl id="hofm_1839_06_0071_01"><composer key="compo_001079">Auber (D.F.E.)</composer> <title>La Gitana. Spanischer Nationaltanz, ausgef. von Dlle. Marie Taglioni, f. Pfte</title>. <pubPlace key="place_0731">Wien</pubPlace>, <publisher key="publ_2605">Mechetti</publisher> 30 Xr.</bibl>
<bibl id="hofm_1839_06_0071_02"><composer key="compo_002826">Beyer (Ferd.)</composer> <title>Walzer über Themas aus der Oper: 1717 oder der Pariser Perruquier, v. A. Thomas, f. Pfte</title>. <pubPlace key="place_0438">Mainz</pubPlace>, <publisher key="publ_3563">Schott</publisher> 1 Fl.</bibl>
<bibl id="hofm_1839_06_0071_03"><title>Cachucha (la) Spanischer Nationaltanz. Eingelegt in das Ballet: Der hinkende Teufel, f. Pfte</title>. <pubPlace key="place_0044">Berlin</pubPlace>, <publisher key="publ_0393">Bote u. B</publisher>. 4 Gr.</bibl>
<bibl id="hofm_1839_06_0071_04"><composer key="compo_008808">Fahrbach (Ph.)</composer> <title>Die Anspruchlosen. Walzer f. Pfte. Op. <opus key="opus_2509">36</opus></title>. <pubPlace key="place_0731">Wien</pubPlace>, <publisher key="publ_1506">Haslinger</publisher> 45 Xr.</bibl>
<bibl id="hofm_1839_06_0071_05">– <title>Grazien-Huldigungs-Spenden. Mosaïk-Walzer f. Pfte. Op. <opus key="opus_2576">37</opus></title>. Ebend. 45 Xr.</bibl>
<bibl id="hofm_1839_06_0071_06"><composer key="compo_010403">Füller (G.)</composer> <title>Neuester Berliner Sehnsuchts-Walzer f. Pfte</title>. <pubPlace key="place_0044">Berlin</pubPlace>, <publisher key="publ_0589">Challier u. Co</publisher>. 2 Gr.</bibl>
<bibl id="hofm_1839_06_0071_07"><composer key="compo_012413">Grünwald (F.)</composer> <title>Infanterie-Signal-Galopp f. Pfte</title>. <pubPlace key="place_0082">Breslau</pubPlace>, <publisher key="publ_0640">Cranz</publisher> 4 Gr.</bibl>
<bibl id="hofm_1839_06_0071_08"><composer key="compo_013067">Hall (Gust.)</composer> <title>Schottischer Walzer nach beliebten Melodieen aus der Oper : Zum treuen Schäfer, von Adam, f. Pfte. Op. <opus key="opus_4562">9</opus></title>. <pubPlace key="place_0392">Leipzig</pubPlace>, <publisher key="publ_2266">Künzel</publisher> 6 Gr.</bibl>
<bibl id="hofm_1839_06_0071_09"><composer key="compo_015764">Häuser (J.E.)</composer> <title>Terpsichore, oder Museum der neuesten Modetänze f. mittlere Pftespieler. 11ter Jahrg. 2tes Heft</title>. <pubPlace key="place_0449">Meissen</pubPlace>, <publisher key="publ_1397">Gödsche</publisher> 6 Gr. n.</bibl>
<bibl id="hofm_1839_06_0071_10"><title>Laetitia. Sammlung der ausgewähltesten Tänze u. Märsche f. Pfte. No. 18, 3 Schottische. No. 19, Ländler u. 2 Schottische</title>. <pubPlace key="place_0280">Hannover</pubPlace>, <publisher key="publ_2808">Nagel</publisher> à 4 Gr.</bibl>
<bibl id="hofm_1839_06_0071_11"><composer key="compo_020014">Lanner (Jos.)</composer> <title>Victoria-Walzer f. Pfte. Op. <opus key="opus_0658">138</opus></title>. <pubPlace key="place_0731">Wien</pubPlace>, <publisher key="publ_2605">Mechetti</publisher> 45 Xr.</bibl>
<bibl id="hofm_1839_06_0071_12"><composer key="compo_020900">Liehmann (Jos.)</composer> <title>Walzer aus der Oper: Der Postillon von Lonjumeau, f. Pfte</title>. (Prager Favorit-Tänze über die beliebtesten Opern-Melodieen No. 1.) <pubPlace key="place_0554">Prag</pubPlace>, <publisher key="publ_1729">Hoffmann</publisher> 45 Xr.</bibl>
<bibl id="hofm_1839_06_0071_13"><composer key="compo_021641">Löschhorn (Alb.)</composer> <title>Schottischer Walzer über bel. Melodieen a. d. Oper: Der Brauer von Preston, von Adam, f. Pfte</title>. <pubPlace key="place_0044">Berlin</pubPlace>, <publisher key="publ_0589">Challier u. Co</publisher>. 2 Gr.</bibl>
<bibl id="hofm_1839_06_0071_14"><composer key="compo_022833">Meister (J.G.)</composer> <title>Sechs Walzer f. Pfte. Op. <opus key="opus_2116">3</opus></title>. <pubPlace key="place_0300">Hildburghausen</pubPlace>, <publisher key="publ_1987">Kesselring</publisher> 6 Gr. n.</bibl>
<bibl id="hofm_1839_06_0071_15"><composer key="compo_022865">Melchert (Jul.)</composer> <title>Adelaiden-Walzer f. Pfte</title>. <pubPlace key="place_0276">Hamburg</pubPlace>, <publisher key="publ_0640">Cranz</publisher> 8 Gr.</bibl>
<bibl id="hofm_1839_06_0071_16"><composer key="compo_024162">Müller (Albr.)</composer> <title>Wiener Walzer f. Pfte</title>. <pubPlace key="place_0438">Mainz</pubPlace>, <publisher key="publ_3563">Schott</publisher> 36 Xr.</bibl>
<bibl id="hofm_1839_06_0071_17"><composer key="compo_023954">Musard</composer>, <title>Quadrille de Contredanses sur les Motifs favoris de l’Opéra : Regine, d’Ad. Adam, p. Pfte</title>. Ebend. 36 Xr.</bibl>
<bibl id="hofm_1839_06_0071_18">– <title>Les Lilas. 3ième Recueil de Valses favorites p. Pfte (av. Acc. de Flûte ou Violon ou Flageolet ou Cornet à Piston ad lib.)</title> <pubPlace key="place_0537">Paris</pubPlace>, <publisher key="publ_3559">Schonenberger</publisher> 5 Fr.</bibl>
<bibl id="hofm_1839_06_0071_19"><composer key="compo_029119">Ruckgaber (J.)</composer> <title>9 Mazures p. Pfte. Oe. <opus key="opus_2670">39</opus></title>. <pubPlace key="place_0731">Wien</pubPlace>, <publisher key="publ_1506">Haslinger</publisher> 30 Xr.</bibl>
<bibl id="hofm_1839_06_0071_20"><composer key="compo_031117">Schubert (F.L.)</composer> <title>Contre-Tänze nach beliebten Melodieen der Oper: Czaar und Zimmermann, von Lortzing, f. Pfte</title>. <pubPlace key="place_0392">Leipzig</pubPlace>, <publisher key="publ_0437">Br. u. Härtel</publisher> 8 Gr.</bibl>
<bibl id="hofm_1839_06_0071_21"><composer key="compo_033377">Stimpel (F.M.)</composer> <title>Der Frühling im Wintergarten. Walzer f. Pfte</title>. <pubPlace key="place_0082">Breslau</pubPlace>, <publisher key="publ_2386">Leuckart</publisher> 8 Gr.</bibl>
<bibl id="hofm_1839_06_0071_22">– <title>Ressourcen-Galopp und 2 Schottische f. Pfte</title>. Ebend. 4 Gr.</bibl>
<bibl id="hofm_1839_06_0071_23"><composer key="compo_034395">Thiele (C.)</composer> <title>4 Dampf-Schottische f. Pfte</title>. <pubPlace key="place_0044">Berlin</pubPlace>, <publisher key="publ_0589">Challier u. Co</publisher>. 4 Gr.</bibl>
<bibl id="hofm_1839_06_0071_24"><composer key="compo_034621">Titl (A.E.)</composer> <title>Der Nordstern. Galopp f. Pfte</title>. (Prager Favorit-Galoppen No. 1) <pubPlace key="place_0554">Prag</pubPlace>, <publisher key="publ_1729">Hoffmann</publisher> 15 Xr.</bibl>
<bibl id="hofm_1839_06_0071_25"><composer key="compo_035945">Walch (J.H.)</composer> <title>24 neue Tänze f. Pfte. 19te Lief. (Contretanz, Polonaise, 7 Walzer, 6 Schottische, 7 Galopps u. 2 Ecossaisen.)</title> <pubPlace key="place_0392">Leipzig</pubPlace>, <publisher key="publ_3023">Peters</publisher> 20 Gr.</bibl>
<bibl id="hofm_1839_06_0071_26"><composer key="compo_036592">Weller (Frèd.)</composer> <title>Délices de Berlin (6 Contredanses) p. Pfte</title>. <pubPlace key="place_0044">Berlin</pubPlace>, <publisher key="publ_4370">Westphal</publisher> 8 Gr.</bibl>
</div><div id="hofm_1839_06_0071_div15"><head><hofClass key="hofCl_0250">Märsche für das Pianoforte.</hofClass></head>
<bibl id="hofm_1839_06_0071_27"><composer key="compo_005913">Conrad (C.E.)</composer> <title>Grosser Festmarsch zur 3ten Secularfeier der Reformation zu Leipzig, f. Pfte</title>. <pubPlace key="place_0392">Leipzig</pubPlace>, <publisher key="publ_3356">Rüdel</publisher> 4 Gr.</bibl>
<pb n="72"/>
<bibl id="hofm_1839_06_0072_01"><composer key="compo_036971">Wiemann, (A.)</composer> <title>Marsch über Themata aus der Oper: Der Brauer von Preston, f. Pfte</title>. <pubPlace key="place_0044">Berlin</pubPlace>, <publisher key="publ_0589">Challier u. Co</publisher>. 2 Gr.</bibl>
</div><div id="hofm_1839_06_0072_div16"><head><hofClass key="hofCl_0072">Lehrbücher für das Pianoforte.</hofClass></head>
<bibl id="hofm_1839_06_0072_02"><composer key="compo_006111">Cramer, (J.B.)</composer> <title>Praktische Pianoforte-Schule. <edition>Neueste verb. u. verm. Ausg</edition></title>. <pubPlace key="place_0044">Berlin</pubPlace>, <publisher key="publ_0393">Bote u. B</publisher>. geh. 1 Thlr. </bibl>
<bibl id="hofm_1839_06_0072_03"><composer key="compo_015612">Hummel, (J.N.)</composer> <title>Anweisung zum Pianoforte-Spiele. 17te Lief</title>. <pubPlace key="place_0731">Wien</pubPlace>, <publisher key="publ_1506">Haslinger</publisher> 1 Fl. n.</bibl>
</div><div id="hofm_1839_06_0072_div17"><head><hofClass key="hofCl_0225">Musik für die Orgel.</hofClass></head>
<bibl id="hofm_1839_06_0072_04"><title>Museum (neues vollständiges) f. Orgel. 7ter Jahrg. 2tes Heft</title>. <pubPlace key="place_0449">Meissen</pubPlace>, <publisher key="publ_1397">Gödsche</publisher>. Preis f. d. Jahrgang von 6 Heften 1 Thlr. 12 Gr. n.</bibl>
</div><div id="hofm_1839_06_0072_div18"><head><hofClass key="hofCl_0068">Kirchenmusik.</hofClass></head>
<bibl id="hofm_1839_06_0072_05"><composer key="compo_004498">Bröer (Ern.)</composer> <title>3 Gradualien f. Sopran, Alt, Tenor u. Bass. Op. 2. <format>Partitur u. Stimmen</format></title>. <pubPlace key="place_0082">Breslau</pubPlace>, <publisher key="publ_2386">Leuckart</publisher> 12 Gr.</bibl>
<bibl id="hofm_1839_06_0072_06"><title>Choral-Melodieen zu dem katholischen Gesang- und Gebetbuche f. d. öffentl. u. haüsl. Gottesdienst, zunächst zum Gebrauche d. kathol. Gemeinden im Königr. Sachsen</title>. qu. 8. <pubPlace key="place_0392">Leipzig</pubPlace>, <publisher key="publ_3309">Rostosky u. J. in Comm</publisher>. 2 Thlr. 12 Gr. n.</bibl>
<wip id="hofm_1839_06_0072_07"><composer key="compo_011157">Geyer (Fl.)</composer> <title>6 religiöse Gesänge nach den Worten der heiligen Schrift, f. Sopran u. Alt m. Begl. v. 2 Viol u. Bass (oder Pfte). Op. <opus key="opus_1372">2</opus></title>. <format>Partitur</format> 20 Gr. n. <format>Singstimmen</format> 20 Gr. n. <pubPlace key="place_0044">Berlin</pubPlace>, <publisher key="publ_2533">Lüderitz’sche Verlags-Buchhandlung</publisher>.</wip>
<bibl id="hofm_1839_06_0072_08"><composer key="compo_029524">Sachse</composer>, <title>Choralmelodieen zu den Liedern der gebräuchlichen Kirchengesangbücher</title>. 8. <pubPlace key="place_0275">Halle</pubPlace>, <publisher key="publ_2262">Kümmel</publisher> geh. 4 ½ Gr. n.</bibl>
<bibl id="hofm_1839_06_0072_09"><composer key="compo_030753">Schneider (Fr.)</composer> <title>Der 24ste Psalm nach Herder’s Uebersetzung. Klavier-Auszug. Op. <opus key="opus_4045">72</opus>. <edition>Neue Ausgabe</edition></title>. <pubPlace key="place_0392">Leipzig</pubPlace>, <publisher key="publ_1746">Hofmeister</publisher> 1 Thlr. (Die Singstimmen dazu 12 Gr.)</bibl>
</div><div id="hofm_1839_06_0072_div19"><head><hofClass key="hofCl_0021">Gesangstücke für Concertmusik mit Begleitung mehrerer Instrumente.</hofClass></head>
<bibl id="hofm_1839_06_0072_10"><composer key="compo_015663">Huth (L.)</composer> <title>Die Post. Mein Leben. Zueignung an Fräulein Sophie Löwe, f. eine Singst. m. Begl. d. Pfte u. Violoncell. Op. <opus key="opus_1661">23</opus>. (Von der strasse her in Posthorn klingt – Mein Leben ist der Rose gleich – Wozu der Vöglein Chöre)</title>. <pubPlace key="place_0044">Berlin</pubPlace>, <publisher key="publ_3471">Schlesinger</publisher> 20 Gr.</bibl>
<bibl id="hofm_1839_06_0072_11"><composer key="compo_016840">Kalliwoda (J.W.)</composer> <title>In die Ferne. Das Bächlein. Frühlingsahnen. 3 Gesänge f. Sopran m. Pfte. u. Violine. Op. <opus key="opus_4722">98</opus>. (Siehst du am Abend die Wolken eilen – Das Bächlein silberhell und klar – Frühlingsahnen, Frühlingswehen)</title>. <pubPlace key="place_0392">Leipzig</pubPlace>, <publisher key="publ_3023">Peters</publisher> 1 Thlr. 4 Gr.</bibl>
<bibl id="hofm_1839_06_0072_12"><composer key="compo_019686">Lachner (Ign.)</composer> <title>Ueberall du, f. Sopran od. Tenor m. Begl. d. Pfte u. Horn (od. Violoncell). Op. <opus key="opus_1068">17</opus>. (Wenn mich der dunkle Schatten)</title>. <pubPlace key="place_0554">Prag</pubPlace>, <publisher key="publ_1729">Hoffmann</publisher> 1 Fl.</bibl>
<bibl id="hofm_1839_06_0072_13"><composer key="compo_033488">Storch (Ant. M.)</composer> <title>Was ich möchte. Im Frühling. Wilde Rosen, f. eine Singst. m. Begl. d. Pfte u. Violoncell (od. Horn, od. Violine). Op. <opus key="opus_2116">3</opus>. (Möchte ein Vogel sein – Leise zicht durch mein Gemuth – Ein Bäumlein, das steht am Gitter)</title>. <pubPlace key="place_0731">Wien</pubPlace>, <publisher key="publ_2605">Mechetti</publisher> 1 Fl. 15 Xr.</bibl>
</div><div id="hofm_1839_06_0072_div20"><head><hofClass key="hofCl_0102">Mehrstimmige Gesänge mit und ohne Pianoforte.</hofClass></head>
<bibl id="hofm_1839_06_0072_14"><composer key="compo_000030">Abela (Carl)</composer> <title>Der Sängerbund. Lied f. Männerstimmen. <format>Part. u. Stimmen</format>. (Kennt ihr den Bund)</title>. <pubPlace key="place_0275">Halle</pubPlace>, <publisher key="publ_2069">Knapp</publisher> 6 Gr. n.</bibl>
<pb n="73"/>
<album id="hofm_1839_06_0073_01"><composer key="compo_008268">Elster (D.)</composer> <title>Original-Bibliothek des deutschen Männergesanges. 2ter Band</title>, <title>Heft 3: <composer key="compo_029377">Rörtsch</composer>, In’s stille Land. Elster, Es lobt sich der Prasser. <composer key="compo_038339">Zöllner (A.)</composer> Wir sind die Leute in der Welt. Claudius, Ein Posthorn klingt. <composer key="compo_000573">Anacker</composer>, Blühend wie Röschen. <composer key="compo_008266">Elster</composer>, Wer hat zuerst Musik gemacht. Anacker, Streckt auf den schwellenden Rasen – Da kommt ja die festliche Procession</title>. <title>Heft 4: <composer key="compo_008266">Elster</composer>, Im dunkeln Hain. <composer key="compo_038339">Zöllner (A.)</composer> Klang und Glanz des Tages schied. Elster, Ich treuer Bergman fahre. <composer key="compo_021543">Lux</composer>, Bist so trüb’, du stiller Quell – Du stilles Thal. <composer key="compo_015737">Häser</composer>, Wenn ich ein Blümlein schau. <composer key="compo_038339">Zöllner (A.)</composer> Sankt Niklas, gar ein heil’ger Tropf</title>. <pubPlace key="place_0615">Schleusingen</pubPlace>, <publisher key="publ_1260">Glaser</publisher>. Preis d. 2ten Bandes in 6 Heften 2 Thlr. n.</album>
<bibl id="hofm_1839_06_0073_02"><composer key="compo_008491">Erk</composer> und <composer key="compo_011932">Greef</composer>, <title>Liederkranz. 1stes Heft. (102 ein- und zweistimmige Lieder)</title>. gr. 12. <pubPlace key="place_0184">Essen</pubPlace>, <publisher key="publ_0533">Bädecker</publisher> 4 Gr. n.</bibl>
<bibl id="hofm_1839_06_0073_03"><composer key="compo_010955">Georg (Kronprinz von Hannover)</composer> <title>Hymne an die heilige Cäcilie, von E. Schulze, f. Männerstimmen. <format>Partitur u. Stimmen</format>. (Reizendste der Phantasieen)</title>. <pubPlace key="place_0280">Hannover</pubPlace>, <publisher key="publ_2808">Nagel</publisher> 1 Thlr. 6 Gr.</bibl>
<bibl id="hofm_1839_06_0073_04"><composer key="compo_023881">Moyana (de)</composer> <title>Alla Montagna fiocca. Duettino campestre con Pfte</title>. <pubPlace key="place_0437">Milano</pubPlace>, <publisher key="publ_3241">Ricordi</publisher> 1 Fr. 75 Ct.</bibl>
<wip id="hofm_1839_06_0073_05"><composer key="compo_025698">Panseron (A.)</composer> <title>Romances. (3 Notturnos f. 2 Stimmen m. Pfte.)</title> <title>No. 4, Es tönt der Morgenchor (On sonne l’Angelus)</title> 4 Gr. <title>No. 8, Am einsamen See (Loin des Hereux du Monde)</title> 4 Gr. <title>No. 12, Gondelfahrt (Le Lido)</title> 8 Gr. <pubPlace key="place_0392">Leipzig</pubPlace>, <publisher key="publ_0437">Br. et Härtel</publisher>.</wip>
<bibl id="hofm_1839_06_0073_06"><composer key="compo_027779">Reichardt (Gust.)</composer> <title>Volkslieder f. Sopran, Alt, Tenor u. Bass. Heft 4, 6 Lieder. Op. <opus key="opus_0927">16</opus>. <format>Partitur u. Stimmen</format>. (Im Wald, im dunkeln Wald – Mit Köcher und Bogen fliegt Amor daher – Müde bin ich, geh’ zur Ruh’, – Wie wonnig labt, umfangt der Abend – Des Abends Gluth entzücket nicht mich – Singt Schweizern in der Fremde nie)</title>. <pubPlace key="place_0392">Leipzig</pubPlace>, <publisher key="publ_1746">Hofmeister</publisher> 12 Gr.</bibl>
<bibl id="hofm_1839_06_0073_07"><composer key="compo_038339">Zöllner (A.)</composer> <title>Frühlings-Abend und Nacht. 6 Lieder von Storch, f. Männerchor. 1ster Anhang zur Original-Bibliothek des deutschen Männergesanges. (Der Tag ging still hinunter – Ei a! der Frühling ist da – Die Abendglocke läutet – Verlöscht ist und verglommen – Wir sind ein ehrenwerther Bund – Wir kommen, Herr, mit Dankbegier)</title>. <pubPlace key="place_0615">Schleusingen</pubPlace>, <publisher key="publ_1260">Glaser</publisher> 8 Gr. n. </bibl>
</div><div id="hofm_1839_06_0073_div21"><head><hofClass key="hofCl_0268">Opernmusik mit Pianofortebegleitung.</hofClass></head>
<bibl id="hofm_1839_06_0073_08"><composer key="compo_006061">Costamagna (A.)</composer> <title>Don Garcia. Opera. Scena e Preghiera: Ciel che vedi. 1 Fr. Scena ed Aria: Astro sarammi</title>. 3 Fr. 50 Ct. <pubPlace key="place_0437">Milano</pubPlace>, <publisher key="publ_3241">Ricordi</publisher>.</bibl>
<wip id="hofm_1839_06_0073_09">– <title>E Pazza. Melodramma semiserio</title>. <title>Cavatina: Per soave alma</title>. 2 Fr. 50 Ct. <title>Cavatina: Quella vergin</title>. 2 Fr. 75 Ct. <title>Scena ed Aria: Ciel pietoso</title>. 2 Fr. <title>Scena e Duetto: Triste o liete</title>. 3 Fr. 50 Ct. <title>Aria finale con Variazioni: Quando al seno</title>. 2 Fr. 50 Ct. Ebend.</wip>
<wip id="hofm_1839_06_0073_10"><composer key="compo_007199">Donizetti (G.)</composer> <title>Lucrezia Borgia. Oper in 3 Akten von F. Romani. <format>Vollständiger Klavier-Auszug</format> m. deutschem u. italienischem Texte</title>. <pubPlace key="place_0392">Leipzig</pubPlace>, <publisher key="publ_0437">Br. u. Härtel</publisher> geh. 6 Thlr. <lb/>Hieraus einzeln: <title>No. 1, Introduction: Heil dir, Venedig (Bella Venezia)</title> 22 Gr. <title>No. 2, Scene u. Romanze (Sopran): Sanft ist sein Schlummer (Tranquillo ei posa)</title> 8 Gr. <title>No. 3, Duett (Sopr. u. Tenor): Gott! Ha! was seh’ ich (Ciel, che vegg-’io)</title> 12 Gr. <title>No. 4, Rec. u. Chor: Ha! deine Freunde<pb n="74"/>(Gente apresso)</title> 6 Gr. <title>No. 5, Finale: Sieh’ Orsino in mir (Maffio Orsino)</title> 12 Gr. <title>No. 6, Rec. u. Cavatine (Bass): Freudig der Rache Wonne (Vieni la mia vendetta)</title> 12 Gr. <title>No. 7, Scene u. Chor: Still, nur still (Non far motto)</title> 12 Gr. <title>No. 8, Scene u. Duett (Sopr. u. Bass): Wir sind allein (Soli noi siamo)</title> 16 Gr. <title>No. 9, Terzett (Sopr., Ten. u. Bass): Vom Schwerte soll er sterben (Trafitto tosto)</title> 16 Gr. <title>No. 10, Introduction: Günsting ist unserm Plan (Rischiarata è la finestra)</title> 8 Gr. <title>No. 11, Scene u. Duett (Ten. u. Bariton): Mord bedroht hier mein (Minacciata a la mia vita)</title> 16 Gr. <title>No. 12, Chor der Söldner: Ha vortrefflich (Basta allora)</title> 6 Gr. <title>No. 13, Grosse Scence u. Chor: Hoch der Madera (Viva il madera)</title> 18 Gr. <title>No. 14, Lied mit Chor (Bariton) Um stets heiter (Il segreto)</title> 8 Gr. <title>No. 15, Finale: Gar übel ist geborgen (La gioja)</title> 20 Gr. <title>Hieraus Arie: Hör’ mein Flehen (M’odi, m’odi)</title> 14 Gr. <pubPlace key="place_0392">Leipzig</pubPlace>, <publisher key="publ_0437">Br. u. Härtel</publisher>. </wip>
<wip id="hofm_1839_06_0074_01"><composer key="compo_022964">Mercadante (Sav.)</composer> <title>Die Nebenbuhlerin (Le due illustri Rivali). Tragische Oper</title>. <title>No. 2, Rec. u. Terzett (Sopr., Ten. u. Bass):Wehe ihm, der dich geboren – Ah quel sangue</title>. 1Thlr. <title>No. 3, Duett (2 Sopr.): Im einsam stillen Thale – In solitaria valle</title>. 10 Gr. <title>No. 7, Quartettino (2 Sopr., Ten. u. Bass): Von Liebe umfangen – Felice momento</title>. 8 Gr. <title>No. 14, Scene u. Duett (2 Sopr.): Welche Stunde voll Leiden – Quale notte d’angosce</title>. 12 Gr. <title>No. 15, Scene u. Gebet (Sopr., Bass u. Chor): Sieh’ hier an deinem Grabe – O tu, che un padre in lagrime</title>. 8 Gr. <title>No. 17, Rec. u. Terzett ( 2 Ten. u. Bass): Alvaro! Ja ich selbst – Alvaro! eccoli oh! ràbbia</title>. 1 Thlr. <pubPlace key="place_0392">Leipzig</pubPlace>, <publisher key="publ_1746">Hofmeister</publisher>.</wip>
</div><div id="hofm_1839_06_0074_div22"><head><hofClass key="hofCl_0040">Gesänge für eine Stimme mit Begleitung des Pianoforte.</hofClass></head>
<bibl id="hofm_1839_06_0074_02"><composer key="compo_001395">Balfe (M.W.)</composer> <title>The light of other day’s (Das Licht bess’rer Tage). (Britannia No. 3)</title> <pubPlace key="place_0044">Berlin</pubPlace>, <publisher key="publ_0393">Bote u. B</publisher>. 6 Gr.</bibl>
<bibl id="hofm_1839_06_0074_03"><composer key="compo_002014">Becker (Jul.)</composer> <title>Lorelei. Romanze v. H. Heine. Op. <opus key="opus_1271">19</opus>. (Ich weiss nicht, was es mag bedeuten)</title>. <pubPlace key="place_0392">Leipzig</pubPlace>, <publisher key="publ_0437">Br. u. Härtel</publisher> 8 Gr.</bibl>
<bibl id="hofm_1839_06_0074_04">– <title>Die Fee. Romanze v. H. Heine. Op. <opus key="opus_1390">20</opus>. (Der Abend kommt gezogen)</title>. Ebend.10 Gr.</bibl>
<bibl id="hofm_1839_06_0074_05"><composer key="compo_002077">Beethoven (L. van)</composer> <title>Sehnsucht nach dem Rhein (Kennst du das Land, wo Lüftchen lieblich)</title>. <pubPlace key="place_0069">Bonn</pubPlace>, <publisher key="publ_0819">Dunst</publisher> 8 Gr. n.</bibl>
<bibl id="hofm_1839_06_0074_06"><composer key="compo_007199">Donizetti (G.)</composer> <title>Die Wahnsinnige von St. Helena (La Pazza di Sta. Elena). Canzonette</title>. <pubPlace key="place_0392">Leipzig</pubPlace>, <publisher key="publ_0437">Br. u. Härtel</publisher> 12 Gr.</bibl>
<bibl id="hofm_1839_06_0074_07"><composer key="compo_011689">Gordigiani (L.)</composer> <title>Quattro Romanze per Soprano</title>. <pubPlace key="place_0437">Milano</pubPlace>, <publisher key="publ_3241">Ricordi</publisher> 4 Fr. 50 Ct.</bibl>
<bibl id="hofm_1839_06_0074_08">*<title>Herzenload (das) Wie i bin verwichen</title> (Polyhymnia No. 20) <pubPlace key="place_0044">Berlin</pubPlace>, <publisher key="publ_0393">Bote u. B</publisher>. 4 Gr.</bibl>
<bibl id="hofm_1839_06_0074_09"><composer key="compo_015663">Huth (L.)</composer> <title>Die Post. Mein Leben. Zueignung an Fräulein Sophie Löwe. Op. <opus key="opus_1661">23</opus> (Von der Strasse her in ein Posthorn klingt – Mein Leben ist der Rose gleich – Wozu der Vöglein Chöre)</title>. <pubPlace key="place_0044">Berlin</pubPlace>, <publisher key="publ_3471">Schlesinger</publisher> 14 Gr.</bibl>
<bibl id="hofm_1839_06_0074_10"><composer key="compo_021074">Linley (G.)</composer> <title>The Corsairs <sic>Farewel</sic> (Des Corsars Lebewohl)</title>. (Britannia No. 4) <pubPlace key="place_0044">Berlin</pubPlace>, <publisher key="publ_0393">Bote u. B</publisher>. 6 Gr.</bibl>
<bibl id="hofm_1839_06_0074_11"><composer key="compo_022294">Marschner (A.E.)</composer> <title>Winterständchen. An die Einzige. Zwei Lieder. Op. 10. (Tod brüllt in des Nordwinds Brausen – Wenn ich dich seh’, seh’ ich dich nicht)</title>. <pubPlace key="place_0392">Leipzig</pubPlace>, <publisher key="publ_1746">Hofmeister</publisher> 8 Gr.</bibl>
<wip id="hofm_1839_06_0074_12"><title>Mosers Wiener Local-Gesänge. 1ste Abth</title>. <title>No. 1, Arie in einem Ton: Wie die Leut’ oft raisoniren. Musik v. Generali</title>. 1 Fl.<pb n="75"/><title>No. 2, Schuster-Romanze: Ich stand auf hohem Berge. Musik v. J.B. Moser</title>. 45 Xr. <title>No. 3, Lied an den Handelsstand: Weil Alles auf der ganzen Welt. Musik v. Jul. Hopp</title>. 45 Xr. <title>No. 4, Herzenload und Freundestrost: Ich hab’ a Diernderl g’liebt. Musik v. Jul. Hopp</title>. 45 Xr. <pubPlace key="place_0731">Wien</pubPlace>, <publisher key="publ_1506">Haslinger</publisher>.</wip>
<bibl id="hofm_1839_06_0075_01"><composer key="compo_025698">Panseron (A.)</composer> <title>Douze Romances. No. 1, Romanze: Bei deiner Mutter Leben (Si vous avez une Mère). No. 2, Tyrolerlied: Morgengruss (Ketty). No. 3, Romanze: Hat meiner er gedacht? (Te parle-t-il de moi?) No. 5, Romanze: Die Toscanerin und Carl VIII. (La jeune Fille toscanelle et Charles VIII.) No. 6, Lied: Der Tag vor den Ferien (La Veille des Vacanses). No. 7, Ballade: Des Sohnes Rückkehr (Notre Dame des Grèves). No. 9, Lied: Die Muthwillige (L’Espiègle). No. 10, Romanze: Die Erscheinung (L’Apparition). No. 11, Lied: Ach liebe mich (L’exigeant)</title>. <pubPlace key="place_0392">Leipzig</pubPlace>, <publisher key="publ_0437">Br. u. Härtel</publisher> à 4 Gr. <lb/>(NB. No. 4, 8 u. 12 siehe unter den <xref from="hofm_1839_06_0073_05" to="DITTO" targOrder="U" type="external">mehrstimmigen Gesängen</xref>.)</bibl>
<listBibl><bibl id="hofm_1839_06_0075_02">– <title>Au revoir Louise (Louise! leb’ wohl)</title> <pubPlace key="place_0044">Berlin</pubPlace>, <publisher key="publ_0393">Bote u. B</publisher>. 4 Gr.</bibl>
<bibl id="hofm_1839_06_0075_03">– <title>Appellez moi: je reviendrai (Mich rufe nur, ich kehr’ zurück)</title>. Ebend. 4 Gr. <lb/>(Polyhymnia No. 17, 18)</bibl></listBibl>
<bibl id="hofm_1839_06_0075_04"><composer key="compo_025794">Parry (J.)</composer> <title>Jenny Jones. Welsh Ballad, mit deutscher Uebersetzung</title>. (Britannia No. 5.) Ebend. 6 Gr.</bibl>
<bibl id="hofm_1839_06_0075_05"><composer key="compo_027982">Reissiger (C.G.)</composer> <title>Lieder und Gesänge f. Bass. Op. <opus key="opus_0706">140</opus>, 41ste Liedersammlung. 12te Sammlung der Bassgesänge. (Lasst mich, ob ich auch still verglüh’, – Möcht’ wissen, was sie schlagen – Glühwürmchen, steck’s Laternchen an – In dunkler Felsenbucht am Rhein – Komm in die stille Nacht – S’ist doch närrisch, wenn wir eben)</title>. <pubPlace key="place_0147">Dresden</pubPlace>, <publisher key="publ_2993">Paul</publisher> 16 Gr.</bibl>
<bibl id="hofm_1839_06_0075_06">– <title>Der Trompeter, von Kopisch, f. Bass oder Bariton. (Wenn dieser Siegesmarsch in das Ohr mir schallt)</title>. Ebend. 10 Gr.</bibl>
<bibl id="hofm_1839_06_0075_07"><composer key="compo_028970">Rossini (G.)</composer> <title>Cavatina: Deh tu pietoso Cielo (O Himmel, meine Lieben)</title>. (Aurora No. 262.) <pubPlace key="place_0731">Wien</pubPlace>, <publisher key="publ_2605">Mechetti</publisher> 15 Xr.</bibl>
<bibl id="hofm_1839_06_0075_08"><composer key="compo_030571">Schmidt (Herrm.)</composer> <title>Sängers Wandern. 5 Lieder v. Friedr. Schmidt. (Wird mir hier zu eng im Raume – In die tiefsten Felsengründe – In die Welt hat mich’s getrieben – An der Thüre meiner Lieben – Und der Arm der treuen Liebe)</title>. <pubPlace key="place_0044">Berlin</pubPlace>, <publisher key="publ_4370">Westphal</publisher> 14 Gr.</bibl>
<bibl id="hofm_1839_06_0075_09"><composer key="compo_033609">Street (H.)</composer> <title>When wafted by  <sic>thef</sic> <sic>coling</sic> Breeze (Wenn auf der See zum leichten Tanz)</title>. (Britannia No. 6.) <pubPlace key="place_0044">Berlin</pubPlace>, <publisher key="publ_0393">Bote u. B</publisher>. 16 Gr.</bibl>
<wip id="hofm_1839_06_0075_10"><composer key="compo_034168">Taubert (W.)</composer> <title>Stimmen der Völker in 10 Gesängen. Op. <opus key="opus_3029">46</opus></title>. <title>1stes Heft: Das Mädchen von Albano. Schottisches Lied. Tyroler-Lied</title>. 12 Gr. <title>2tes Heft: Italienisches Volkslied. Spänisches Lied. Sicilianisches Lied. Mährisch-Schlesisches Lied. Altes Lied aus Knaben Wunderhorn. Wanderlied. Kirmesslied</title>. 14 Gr. <pubPlace key="place_0044">Berlin</pubPlace>, <publisher key="publ_4370">Westphal</publisher>.</wip>
<bibl id="hofm_1839_06_0075_11"><composer key="compo_034893">Truhn (F. Hier.)</composer> <title>Lied der Sehnsucht. Op. <opus key="opus_1999">28</opus>. (Ach in die Ferne sehnt sich mein Herz)</title>. <pubPlace key="place_0044">Berlin</pubPlace>, <publisher key="publ_0589">Challier u. Co</publisher>. 8 Gr.</bibl>
<listBibl><bibl id="hofm_1839_06_0075_12"><composer key="compo_037138">Wilsing (Fr. Ed.)</composer> <title>Gruss aus der Ferne. (Weht ihr Winde)</title>. <pubPlace key="place_0044">Berlin</pubPlace>, <publisher key="publ_0393">Bote u. B</publisher>. 4 Gr.</bibl>
<bibl id="hofm_1839_06_0075_13">– <title>Wanderers Nachtlied. (Ueber allen Gipfeln ist Ruh’)</title>. Ebend. 4 Gr.</bibl>
<bibl id="hofm_1839_06_0075_14">– <title>Sehnsucht. (Nur wer die Sehnsucht kennt)</title>. Ebend. 4 Gr. <lb/>(Polyhymnia (No. 21-23.)</bibl></listBibl>
<pb n="76"/>
<bibl id="hofm_1839_06_0076_01"><composer key="compo_037569">Woltmann (Alb.)</composer> <title>Der lustige Vogel. (Jetzt weiss ich, warum es mir nirgend gefällt)</title>. (Polyhymnia No. 19.) <pubPlace key="place_0044">Berlin</pubPlace>, <publisher key="publ_0393">Bote u. B</publisher>. 4 Gr.</bibl>
</div><div id="hofm_1839_06_0076_div23"><head><hofClass key="hofCl_0047">Gesänge mit Begleitung der Guitarre.</hofClass></head>
<bibl id="hofm_1839_06_0076_02"><title>Herzensload (Als ich bin verwichen) und Lied am Grabe eines jungen Mädchens (Schlafe süsse Rose) m. Guit</title>. <pubPlace key="place_0078">Braunschweig</pubPlace>, <publisher key="publ_3822">Spehr</publisher> 2 Gr.</bibl>
<bibl id="hofm_1839_06_0076_03"><composer key="compo_019507">Kücken (Fr.)</composer> <title>Ernste und heitere Lieder mit Begl. d. Guit. arr. v. E. Salleneuve</title>. <title>1stes Heft. (Die Blumen und die Sterne – Im Maien ist’s lieblich – An jedem Abend geh’ ich aus)</title>. <title>2tes Heft. (Steiget hernieder auf gold’ner Spur – Flieg’, Vöglein, durch den Böhmerwald – O senke nicht den lieben Blick)</title>. <pubPlace key="place_0044">Berlin</pubPlace>, <publisher key="publ_3471">Schlesinger</publisher> à 8 Gr.</bibl>
<wip id="hofm_1839_06_0076_04"><composer key="compo_034474">Thomas (Ambr.)</composer> <title>Le Perruquier de la Règence (1717 oder der Pariser Perruquier). Opéra comique av. Acc. de Guitarre p. N. Coste</title>. <title>Air: Muss ich Berufgeschäften mein ganzes Leben weih’n (Si mes Devoirs)</title> 27 Xr. <title>Couplets: Wollt Ihr dereinst wie ich (Si vous voulez)</title> 18 Xr. <title>Compliment: Grosser Mann (Cher Patron)</title> 9 Xr. <title>Couplets: Ein Mann vom Bürgerstande (Tout Homme de Génie)</title> 9 Xr. <title>Romance: Obgleich verfolgt (Je fus, hélas)</title> 9 Xr. <title>Rondeau: Hoch möge Russland preissen (Ah! vive la Russie)</title> 18 Xr. <title>Cavatine: Nahen kindlich vertrauend (Vènez jeune Comtesse)</title> 18 Xr. <pubPlace key="place_0438">Mainz</pubPlace>, <publisher key="publ_3563">Schott</publisher>. (Choix d’Airs No. 254-260.)</wip>
<bibl id="hofm_1839_06_0076_05"><composer key="compo_036249">Weber (C.M.v.)</composer> <title>Letzter Gedanke, m. Guit. (Die Welt ist so schön)</title>. <pubPlace key="place_0078">Braunschweig</pubPlace>, <publisher key="publ_3822">Spehr</publisher> 2 Gr.</bibl>
</div><div id="hofm_1839_06_0076_div24"><head><hofClass key="hofCl_0077">Lehrbücher für den Gesang.</hofClass></head>
<bibl id="hofm_1839_06_0076_06"><composer key="compo_003727">Bordogni (M.)</composer> <title>36 Singübungen für Bass nach dem modernen Geschmack. (36 Vocalizes per Voce di Basso) In 3 Lief. Leif 1</title>. <pubPlace key="place_0044">Berlin</pubPlace>, <publisher key="publ_3471">Schlesinger</publisher> 2 Thlr.</bibl>
<bibl id="hofm_1839_06_0076_07"><composer key="compo_011636">Gollmick (C.)</composer> <title>Quodlibet als Solfeggien f. d. Alt – u. Bassstimme zur Belehrung in versch. Ton- und Taktarten melodisch bearbeitet</title>. <pubPlace key="place_0069">Bonn</pubPlace>, <publisher key="publ_2734">Mompour</publisher> 6 Gr.</bibl>
<bibl id="hofm_1839_06_0076_08">– <title>Kleine Vorschule der Singskunst f. Anfänger, nebst leichten Singübungen zum sichern Treffen der Noten in einer Octave, und Fact, melodisch bearbeitet</title>. Ebend. 4 Gr.</bibl>
<bibl id="hofm_1839_06_0076_09"><composer key="compo_024483">Nava (Gaet.)</composer> <title>24 leichte Solfeggien f. Alt oder Bass m. Begl. d. Pfte. 2tes Heft</title>. <pubPlace key="place_0044">Berlin</pubPlace>, <publisher key="publ_0589">Challier u. Co</publisher>. 12 Gr.</bibl>
</div><div id="hofm_1839_06_0076_div25"><head><hofClass key="hofCl_0287">Theoretische Werke.</hofClass></head>
<bibl id="hofm_1839_06_0076_10"><author>Häser (Dr. H.)</author> <title>Die menschliche Stimme, ihre Organe, ihre Ausbildung, Pflege und Erhaltung. Für Sänger, Lehrer und Freunde des Gesanges dargestellt. Mit 2 Tafeln lithographirter Abbildungen</title>. <pubPlace key="place_0044">Berlin</pubPlace>, <publisher key="publ_1705">Hirschwald</publisher> 14 Gr. n.</bibl>
<bibl id="hofm_1839_06_0076_11"><title>Jahrbücher des deutschen National-Vereins für Musik und ihre Wissenschaft. 1ster Jahrg</title>. (Vom April an jede Woche eine Nr. in gr. 4.) <pubPlace key="place_0339">Carlsruhe</pubPlace>, <publisher key="publ_1333">Groos</publisher>. Preis f. d. ersten 3 Quartale des ersten Jahrg. 4 Thlr. 12 Gr. n.</bibl>
<bibl id="hofm_1839_06_0076_12"><author>Kulenkamp (G.C.)</author> <title>Ueber Modulation, besonders zum Gebrauch für Pftespieler</title>. gr. 4. <pubPlace key="place_0392">Leipzig</pubPlace>, <publisher key="publ_2054">Klinkhardt</publisher> geh. 12 Gr. n.</bibl>
<pb n="77"/>
<bibl id="hofm_1839_06_0077_01"><author>Schilling (Dr. G.)</author> <title>Allgemeine Generalbasslehre, mit besonderer Rücksicht auf angehende Musiker und gebildete Dilletanten. 1stes Heft</title>. 8. <pubPlace key="place_0128">Darmstadt</pubPlace>, <publisher key="publ_2962">Pabst</publisher> Subscriptions-Preis geh. 14 Gr. <lb/>(Das Werk escheint in 4 Heften.)</bibl>
<bibl id="hofm_1839_06_0077_02"><author>Winterfeld (C.v.)</author> <title>Ueber K.C.F. Fasch geistliche Gesangwerke</title>. 4. <pubPlace key="place_0044">Berlin</pubPlace>, <publisher key="publ_4067">Trautwein</publisher>.</bibl>
</div><div id="hofm_1839_06_0077_div26"><head><hofClass key="hofCl_0281">Portraits.</hofClass></head>
<bibl id="hofm_1839_06_0077_03"><title><subject>Beriot (C.de)</subject> Gez. v. <artist>Grevedon</artist>. Lith. v. <artist>E. Meyer</artist></title>. Fol. <pubPlace key="place_0392">Leipzig</pubPlace>, <publisher key="publ_0437">Br. u. Härtel</publisher> 18 Gr.</bibl>
<bibl id="hofm_1839_06_0077_04"><title><subject>Herz (Henri)</subject> Gez. v. <artist>Grevedon</artist>. Lith. v. <artist>Remy</artist></title>. Fol. Ebend. 18 Gr.</bibl>
<bibl id="hofm_1839_06_0077_05"><title><subject>Liszt (F.)</subject> Lithogr. v. <artist>Kriehuber</artist></title>. Fol. <pubPlace key="place_0731">Wien</pubPlace>, <publisher key="publ_1506">Haslinger</publisher> 1 Fl. </bibl>
      </div></body></text></TEI.2>