<?xml version="1.0" encoding="utf-8"?>
<!DOCTYPE TEI.2
  SYSTEM "../../dtd/tei/cch_tei.dtd">
<TEI.2 id="hofm_1839_09">
<teiHeader type="text"><fileDesc><titleStmt><title>September 1839</title></titleStmt><publicationStmt><p/></publicationStmt><sourceDesc><p/></sourceDesc></fileDesc><profileDesc><langUsage><language id="ger">German</language><language id="fre">French</language><language id="ita">Italian</language></langUsage></profileDesc><revisionDesc><change><date>2007-06-26</date><respStmt><name>ER</name></respStmt><item>p. 119, Dieu (not Dien)</item></change><change><date>2007-04-27</date><respStmt><name>RV</name></respStmt><item>Changed "biblGroup" elements in "listBibl"</item></change><change><date>2007-03-02</date><respStmt><name>EP</name></respStmt><item>Checked curly brackets</item></change><change><date>2007-02-26</date><respStmt><name>EP</name></respStmt><item>Encoded curly brackets</item></change><change><date>2006-12-19</date><respStmt><name>EP</name></respStmt><item>sic and unclear moved outside elements pubplaces, publisher, composer, hofclass, key, opus</item></change><change><date>2006-10-20</date><respStmt><name>Liz</name></respStmt><item>p. 114 Lindblad (not Lindbald)</item></change><change><date>2006-09-29</date><respStmt><name>Liz</name></respStmt><item>p. 118 opus mis-tagging corrected</item></change><change><date>2006-03-15</date><respStmt><name>Liz</name></respStmt><item>final ___ query resolved</item></change><change><date>2006-01-16</date><respStmt><name>Liz</name></respStmt><item>p. 121. Prag, place (not publisher)</item></change><change><date>2005-10-25</date><respStmt><name>Liz</name></respStmt><item>p. 121. repetition of Lehrbücher heading removed</item></change><change><date>2005-10-04</date><respStmt><name>Mekala</name></respStmt><item>Final Check </item></change><change><date>2005-05-12</date><respStmt><name>Mekala</name></respStmt><item>Revised for &lt;album&gt; and Checking Screens </item></change><change><date>2005-04-14</date><respStmt><name>Mekala</name></respStmt><item>Revisions </item></change><change><date>2005-02-08</date><respStmt><name>Mekala</name></respStmt><item>Revisions following feedback Feb. 8, 2005</item></change><change><date>2005-01-31</date><respStmt><name>Mekala</name></respStmt><item>Revisions following feedback Jan. 13, 14, &amp; 24, 2005</item></change><change><date>2004-12-21</date><respStmt><name>Mekala</name></respStmt><item>Revisions following feedback Dec.15,2004</item></change><change><date>2004-12-07</date><respStmt><name>Mekala</name></respStmt><item>Revisions following feedback Dec. 7, 2004</item></change><change><date>2004-12-03</date><respStmt><name>Mekala</name></respStmt><item>Revisions following feedback Nov. 22, 2004 and Nov. 30, 2004</item></change><change><date>2004-11-12</date><respStmt><name>Mekala</name></respStmt><item>removal of redundant &lt;pb/&gt;</item></change><change><date>2004-10-25</date><respStmt><name>Mekala</name></respStmt><item>revisions following Oct. 1839 changes</item></change><change><date>2004-10-19</date><respStmt><name>Mekala</name></respStmt><item>revisions following Oct. 19, 2004 changes</item></change><change><date>2004-09-30</date><respStmt><name>Mekala</name></respStmt><item>First Coding September 1839</item></change></revisionDesc></teiHeader>

<text><body><pb n="114"/><head>September 1839.</head><div id="hofm_1839_09_0114_div01"><head><hofClass key="hofCl_0164">Musik für das Orchester.</hofClass></head>      


<bibl id="hofm_1839_09_0114_01"><composer key="compo_002313">Benedict (Jul.)</composer> <title>Ouverture de l'Opéra : The Gipsy's Warning (Der Zigeunerin Warnung) arr. p. Musique militaire p. J. Küffner</title>. <pubPlace key="place_0438">Mainz</pubPlace>, <publisher key="publ_3563">Schott</publisher> 4 Fl. 48 Xr.</bibl>
<bibl id="hofm_1839_09_0114_02"><composer key="compo_005915">Conrad (E.)</composer> <title>Der Tanzsaal. Sammlung von Original- und Operntanzen f. 7stimmiges Orchester. 4te Lief</title>. <pubPlace key="place_0392">Leipzig</pubPlace>, <publisher key="publ_3356">Rüdel</publisher> 1 Thlr.</bibl>
<bibl id="hofm_1839_09_0114_03"><composer key="compo_007057">Dietzsch (C.)</composer> <title>6-Piècen f. Militairmusik (à 13 Partien). Op. <opus key="opus_4562">9</opus></title>. <pubPlace key="place_0110">Chemnitz</pubPlace>, <publisher key="publ_1807">Häcker</publisher> 20 Gr.</bibl>
<bibl id="hofm_1839_09_0114_04"><composer key="compo_007099">Dittrich (C.)</composer> <title>Variationen über das Thema: Polens Hoffnung, f. 2 Clarinetten m. Begl. v. klein. Orch. Op. <opus key="opus_2116">3</opus></title>. Ebend. 10 Gr.</bibl>
<bibl id="hofm_1839_09_0114_05"><composer key="compo_007142">Dolch (A.G.)</composer> <title>Ouverture f. kleines Orchester</title>. Ebend. 8 Gr.</bibl>
<bibl id="hofm_1839_09_0114_06"><composer key="compo_013697">Haydn (Jos.)</composer> <title>Sinfonies en Partition. No. 2, in <key>B</key>. 8vo</title>. <pubPlace key="place_0044">Berlin</pubPlace>, <publisher key="publ_0393">Bote u. B</publisher>. Prix de Souscr. 1 Thlr. 4 Gr.</bibl>
<bibl id="hofm_1839_09_0114_07">— <title>Kindersinfonie f. 2 Viol., Bass und 7 Kinderinstrumente</title>. <pubPlace key="place_0044">Berlin</pubPlace>, <publisher key="publ_2455">Lischke</publisher> 12 Gr.</bibl>
<bibl id="hofm_1839_09_0114_08"><composer key="compo_017617">Klaus (C.)</composer> <title>5 Piècen f. Militairmusik</title>. <pubPlace key="place_0110">Chemnitz</pubPlace>, <publisher key="publ_1807">Häcker</publisher> 12 Gr.</bibl>
<wip id="hofm_1839_09_0114_09"><composer key="compo_019654">Labitzky (Jos.)</composer> <title>Beliebte Walzer und Galoppen f. Orchester</title>. <title>No. 3, Sophien-Walzer. Op. <opus key="opus_3244">51</opus></title>. 2 Thlr.<title> No. 4, Andenken an das Anitchkoffsche Palais in St. Petersburg. Walzer. Op. <opus key="opus_3316">53</opus></title>. 1 Thlr. 20 Gr. <pubPlace key="place_0392">Leipzig</pubPlace>, <publisher key="publ_1746">Hofmeister</publisher>. <pubPlace key="place_0554">Prag</pubPlace>, <publisher key="publ_1729">Hoffmann</publisher>.</wip>
<bibl id="hofm_1839_09_0114_10"><composer key="compo_020014">Lanner (Jos.)</composer> <title>Beliebte Walzer und Galoppen f. Orchester</title>. <title>No. 47, Tourbillon- und Gitana-Galoppe. Op. <opus key="opus_0727">142</opus></title>. <pubPlace key="place_0731">Wien</pubPlace>, <publisher key="publ_2605">Mechetti</publisher> 2 Fl. 30 Xr.</bibl>
<bibl id="hofm_1839_09_0114_11"><composer key="compo_020968">Lindblad (A.F.)</composer> <title>Sinfonie à grand Orchestre (in <key>C</key>.)</title> <pubPlace key="place_0392">Leipzig</pubPlace>, <publisher key="publ_0437">Br. u. Härtel</publisher> 5 Thlr.</bibl>
<bibl id="hofm_1839_09_0114_12"><composer key="compo_024337">Münzner (C.G.)</composer> <title>2te Sammlung kurzer Piècen f. Messing-Instrumente. Op. <opus key="opus_2116">3</opus></title>. <pubPlace key="place_0110">Chemnitz</pubPlace>, <publisher key="publ_1807">Häcker</publisher> 12 Gr.</bibl>
<bibl id="hofm_1839_09_0114_13"><composer key="compo_028270">Richter (H.)</composer> <title>12 Stück Harmonie-Musik f. 3 Clarinetten, Flöte, Ventil-Trompete, 2 Hörner u. Posaune. Op. <opus key="opus_1372">2</opus></title>. <pubPlace key="place_0723">Weissenfels</pubPlace>, <publisher key="publ_3966">Suess</publisher> 8 Gr.</bibl>
<bibl id="hofm_1839_09_0114_14"><title>Sammlung kurzer Piècen f. Militairmusik von Gränz, Nollau, B. Meyer, Prähl, Dietzsch u.A. Lief. 1–12</title>. <pubPlace key="place_0110">Chemnitz</pubPlace>, <publisher key="publ_1807">Häcker</publisher> à 10 Gr.</bibl>
<bibl id="hofm_1839_09_0114_15"><title>Tänze (neue) f. kleines Orchester von Pröhl, Weingarten, Dietzsch, Hanschild, Nollau, Urbich, Walther u. A. 2te Sammlung. 13 Hefte</title>. Ebend. à 8 Gr.</bibl>
<bibl id="hofm_1839_09_0114_16">— Idem 3te Sammlung. Heft 1—6. Ebend. à 8 Gr.</bibl>
<bibl id="hofm_1839_09_0114_17"><composer key="compo_034628">Tittmann (Fr.)</composer> <title>Zwei Polonaisen f. kleines Orchester</title>. Ebend. 6 Gr.</bibl>
</div><div id="hofm_1839_09_0114_div02"><head><hofClass key="hofCl_0245">Musik für die Violine.</hofClass></head>
<bibl id="hofm_1839_09_0114_18"><composer key="compo_002313">Benedict (Jul.)</composer> <title>Ouverture de l'Opéra: The Gipsy's Warning (Der Zigeunerin Warnung) arr. p. 2 Violons, Alto et Vclle p. J. Küffner</title>. <pubPlace key="place_0438">Mainz</pubPlace>, <publisher key="publ_3563">Schott</publisher> 1 Fl.</bibl>
<bibl id="hofm_1839_09_0114_19">— <title>Ouverture de l'Opéra : The Gipsy's Warning, arr. p. 2 Violons p. J. Küffner</title>. Ebend. 54 Xr.</bibl>
<bibl id="hofm_1839_09_0114_20"><composer key="compo_003342">Blumenthal (Jos. de)</composer> <title>Six grands Duos concertans p. 2 Violons. Oe. <opus key="opus_4326">80</opus>, Liv. 2. in <key>E</key>, <key>F</key>, <key>Gm</key></title>. <pubPlace key="place_0392">Leipzig</pubPlace>, <publisher key="publ_1746">Hofmeister</publisher> 1 Thlr. 8 Gr.</bibl>
<bibl id="hofm_1839_09_0114_21">— <title>Six Duos p. 2 Violons. Oe. <opus key="opus_4386">82, No. 1– 6</opus>, in <key>C</key>, <key>G</key>, <key>D</key>, <key>F</key>, <key>Am</key>. <key>C</key></title>. <pubPlace key="place_0392">Leipzig</pubPlace>, <publisher key="publ_3023">Peters</publisher> à 16 gr.</bibl>
<bibl id="hofm_1839_09_0114_22"><composer key="compo_012335">Gränz (W.)</composer> <title>Leichte Variationen f. Violine m. Begl. v. Viol., Alt u. Bass</title>. <pubPlace key="place_0110">Chemnitz</pubPlace>, <publisher key="publ_1807">Häcker</publisher> 5 Gr.</bibl>
<pb n="115"/>
<bibl id="hofm_1839_09_0115_01"><composer key="compo_013697">Haydn (Jos.)</composer> <title>Collection de Quatuors p. Violons, Alto et Vclle. Cah. 18, in <key>B</key>, <key>Es</key>, <key>D</key>, <key>G</key>. Cah. 19, in <key>B</key>, <key>C</key>, <key>A</key>, <key>E</key>. Cah. 20, in <key>Es</key>, <key>F</key>, <key>D</key>, <key>B</key></title>. <pubPlace key="place_0392">Leipzig</pubPlace>, <publisher key="publ_3023">Peters</publisher> à 2 Thlr. </bibl>
<bibl id="hofm_1839_09_0115_02"><composer key="compo_020014">Lanner (Jos.)</composer> <title>Walzer f. 2 Violinen u. Bass. No. 17, Taglioni-Walzer. Tourbillon- u. Gitana-Galoppe. Op. <opus key="opus_0720">141</opus>, <opus key="opus_0727">142</opus></title>. <pubPlace key="place_0731">Wien</pubPlace>, <publisher key="publ_2605">Mechetti</publisher> 1 Fl.</bibl>
<bibl id="hofm_1839_09_0115_03"><composer key="compo_022699">Mazas (F.)</composer> <title>L'Ecole du Violiniste. 1er Degré. 12 petits Duos progressifs p. 2 Violons à l'Usage des Commencens. Oe. <opus key="opus_3988">70</opus>, Divisés en 4 Livres. Liv. 2, in <key>C</key>, <key>D</key>, <key>Em</key>. Liv. 3, in <key>C</key>, <key>G</key>, <key>F</key></title>. <pubPlace key="place_0392">Leipzig</pubPlace>, <publisher key="publ_1746">Hofmeister</publisher> à 20 Gr.</bibl>
<bibl id="hofm_1839_09_0115_04"><composer key="compo_023303">Michaelis (F.A.)</composer> <title>Variations faciles sur le Thème favori (An Alexis send' ich dich) p. Violon av. Acc. de Pfte. Oe. <opus key="opus_3204">50</opus>, in <key>C</key></title>. <pubPlace key="place_0082">Breslau</pubPlace>, <publisher key="publ_4319">Weinhold</publisher> 10 Gr.</bibl>
<bibl id="hofm_1839_09_0115_05">— Idem p. Pfte seul. Ebend. 6 Gr.</bibl>
<bibl id="hofm_1839_09_0115_06">— <title>Practische Violinschule, in welcher die Anfangsgründe der Musik deutlich erklärt, und die vorzüglichsten Regeln der Haltung, Bogenführung, Fingersetzung etc. angegeben werden, nebst fortschreitenden Uebungsstücken und Vorspielen</title>. Ebend. 1 Thlr. 8 Gr.</bibl>
<bibl id="hofm_1839_09_0115_07"><composer key="compo_026907">Pott (Aug.)</composer> <title>Second Concerto p. Violon av. Acc. d'Orchestre. Oe. <opus key="opus_0806">15</opus>, in <key>D</key></title>. <pubPlace key="place_0392">Leipzig</pubPlace>, <publisher key="publ_2017">Kistner</publisher> 1 Thlr. 16 Gr.</bibl>
<bibl id="hofm_1839_09_0115_08">— Idem av. Acc. de Pfte (ad lib.) Ebend. 16 Gr.</bibl>
<bibl id="hofm_1839_09_0115_09"><composer key="compo_035366">Veit (W.H.)</composer> <title>3ième Quatuor p. 2 Violons, Alto et Vclle. Oe. <opus key="opus_3967">7</opus>, in <key>Es</key></title>. <pubPlace key="place_0392">Leipzig</pubPlace>, <publisher key="publ_0437">Br. et Härtel</publisher> 1 Thlr. 16 Gr.</bibl>
</div><div id="hofm_1839_09_0115_div03"><head><hofClass key="hofCl_0184">Musik für das Violoncelle.</hofClass></head>
<bibl id="hofm_1839_09_0115_10"><composer key="compo_017214">Kelz (J.F.)</composer> <title>Rondeau brillant sur un Motif de l'Opéra : La Brasseur de Preston, p. Violoncelle av. Acc. de Pfte. Oe. <opus key="opus_1637">225</opus>, in <key>G</key></title>. <pubPlace key="place_0044">Berlin</pubPlace>, <publisher key="publ_2455">Lischke</publisher> 12 Gr.</bibl>
<bibl id="hofm_1839_09_0115_11">— <title>Rhapsodies p. Violoncelle. Oe. <opus key="opus_1648">227</opus></title>. Ebend. 12 Gr.</bibl>
</div><div id="hofm_1839_09_0115_div04"><head><hofClass key="hofCl_0200">Musik für die Flöte.</hofClass></head>
<bibl id="hofm_1839_09_0115_12"><composer key="compo_002312">Benedict (J.)</composer> <title>Ouverture de l'Opéra : The Gipsy's Warning (Der Zigeunerin Warnung) arr. p. Flûte, Violon, Alto et Vclle p. J. Küffner</title>. <pubPlace key="place_0438">Mainz</pubPlace>, <publisher key="publ_3563">Schott</publisher> 1 Fl.</bibl>
<bibl id="hofm_1839_09_0115_13"><composer key="compo_002387">Berbiguier (T.)</composer> <title>L'Art de la Flûte. Cours complet, théorique et pratique pour l'Etude de la Flûte, suivi d'un Appendice pour la Flûte en Ut d'un Traité des Sons harmoniques. Neue theoretisch-practische Flötenschule. Op. <opus key="opus_0706">140</opus></title>. <pubPlace key="place_0392">Leipzig</pubPlace>, <publisher key="publ_1746">Hofmeister</publisher> geh. 3 Thlr. </bibl><bibl id="hofm_1839_09_0115_14"><title>Hieraus besonders abgedruckt: Griff- und Trillertabelle der C-Klappenflöte</title>. Ebend. 6 Gr.</bibl>
<bibl id="hofm_1839_09_0115_15"><composer key="compo_010099">Frisch (Rob.)</composer> <title>Réminiscenses à Herold. Grande Fantaisie sur des Motifs de l'Opéra : Zampa, p. Flûte av. Acc. de Pfte. Oe. <opus key="opus_0684">14</opus>, in <key>A</key></title>. Ebend. 18 Gr.</bibl>
<bibl id="hofm_1839_09_0115_16"><composer key="compo_020014">Lanner (Jos.)</composer> <title>Beliebte Walzer und Galoppen f. Flöte. No. 54, Taglioni-Walzer. Tourbillon- und Gitana-Galoppe. Op. <opus key="opus_0720">141</opus>, <opus key="opus_0727">142</opus></title>. <pubPlace key="place_0731">Wien</pubPlace>, <publisher key="publ_2605">Mechetti</publisher> 15 Xr.</bibl>
</div><div id="hofm_1839_09_0115_div05"><head><hofClass key="hofCl_0131">Musik für verschiedene Blasinstrumente.</hofClass></head>
<bibl id="hofm_1839_09_0115_17"><composer key="compo_007099">Dittrich (C.)</composer> <title>Divertissement f. Bass-Posaune mit kl. Orch. Op. <opus key="opus_4300">8</opus></title>. <pubPlace key="place_0110">Chemnitz</pubPlace>, <publisher key="publ_1807">Häcker</publisher> 8 Gr.</bibl>
<bibl id="hofm_1839_09_0115_18"><composer key="compo_012335">Gränz (W.)</composer> <title>Potpourri f. Fagott m. Begl. v. kleinen Orch. Op. <opus key="opus_1482">21</opus></title>. Ebend. 12 Gr.</bibl>
<pb n="116"/>
<bibl id="hofm_1839_09_0116_01"><composer key="compo_012055">Griebel (H.)</composer> <title>Introduction et Variations sur le Thème : La ci darem la mano, de Mozart, p. Hautbois av. Acc. de grand Orchestre. Oe. <opus key="opus_1372">2</opus>, in <key>C</key></title>. <pubPlace key="place_0392">Leipzig</pubPlace>, <publisher key="publ_2017">Kistner</publisher> 1 Thlr. 12 Gr.</bibl>
<bibl id="hofm_1839_09_0116_02">— Idem av. Acc. de Pfte. Ebend. 20 Gr.</bibl>
</div><div id="hofm_1839_09_0116_div06"><head><hofClass key="hofCl_0205">Musik für die Guitarre.</hofClass></head>
<bibl id="hofm_1839_09_0116_03"><composer key="compo_019510">Küffner (J.)</composer> <title>Choix d'Airs de l'Opéra : The Gipsy's Warning, de J. Benedict, p. Guitarre</title>. <pubPlace key="place_0438">Mainz</pubPlace>, <publisher key="publ_3563">Schott</publisher> 36 Xr.</bibl>
<bibl id="hofm_1839_09_0116_04"><composer key="compo_020014">Lanner (Jos.)</composer> <title>Beliebte Walzer und Galoppen f. Guitarre. No. 40, Taglioni-Walzer. Tourbillon- und Gitana-Galoppe. Op. <opus key="opus_0720">141</opus>, <opus key="opus_0727">142</opus></title>. <pubPlace key="place_0731">Wien</pubPlace>, <publisher key="publ_2605">Mechetti</publisher> 30 Xr.</bibl>
</div><div id="hofm_1839_09_0116_div07"><head><hofClass key="hofCl_0167">Musik für das Pianoforte mit Begleitung.</hofClass></head>
<bibl id="hofm_1839_09_0116_05"><composer key="compo_002709">Bertini (H.)</composer> <title>3ième Sextour p. Pfte, 2 Violons, Alto, Vclle et CBasse. Oe. <opus key="opus_4580">90</opus>, in <key>E</key></title>. <pubPlace key="place_0069">Bonn</pubPlace>, <publisher key="publ_3791">Simrock</publisher> 12 Fr. <pubPlace key="place_0392">Leipzig</pubPlace>, <publisher key="publ_0437">Br. et Härtel</publisher> 3 Thlr. 4 Gr.</bibl>
<bibl id="hofm_1839_09_0116_06"><composer key="compo_013697">Haydn (Jos.)</composer> <title>Kindersinfonie f. Pfte und 7 Kinderinstrumente</title>. <pubPlace key="place_0044">Berlin</pubPlace>, <publisher key="publ_2455">Lischke</publisher> 10 Gr.</bibl>
<bibl id="hofm_1839_09_0116_07"><composer key="compo_017214">Kelz (J.F.)</composer> <title>Potpourri über Melodieen aus Bellini's Oper: Norma, f. Pfte mit Begl. d. Violone. Op. <opus key="opus_1628">223</opus></title>. Ebend. 20 Gr.</bibl>
<bibl id="hofm_1839_09_0116_08">— Idem mit Begl. d. Violoncells. Ebend. 20 Gr.</bibl>
<bibl id="hofm_1839_09_0116_09">— Idem mit Begl. d. Bratsche. Ebend. 20 Gr.</bibl>
<bibl id="hofm_1839_09_0116_10">— Idem mit Begl. d. Flöte. Ebend. 20 Gr.</bibl>
<bibl id="hofm_1839_09_0116_11"><composer key="compo_020014">Lanner (Jos.)</composer> <title>Walzer f. Violine mit Begl. d. Pfte. No. 17, Taglioni-Walzer. Tourbillon- und Gitana-Galoppe. Op. <opus key="opus_0720">141</opus>, <opus key="opus_0727">142</opus></title>. <pubPlace key="place_0731">Wien</pubPlace>, <publisher key="publ_2605">Mechetti</publisher> 45 Xr.</bibl>
<bibl id="hofm_1839_09_0116_12"><composer key="compo_023890">Mozart (W.A.)</composer> <title>Quatre Sonates p. Pfte, Violon et Vclle. No. 1, in <key>B</key>. No. 2, in <key>C</key>. No. 3, in <key>E</key>. No. 4 in <key>G</key></title>. <pubPlace key="place_0392">Leipzig</pubPlace>, <publisher key="publ_0437">Br. et Härtel</publisher> à 1 Thlr.</bibl>
<bibl id="hofm_1839_09_0116_13">— <title>6 Sonates p. Pfte. av. Acc. d'un Violon</title>. (Oeuvres Cah. 3.) <pubPlace key="place_0044">Berlin</pubPlace>, <publisher key="publ_2455">Lischke</publisher> 3 Thlr.</bibl>
<wip id="hofm_1839_09_0116_14">— <title>Sonates favorites p. Pfte et Violon</title>. <title>No. 16, in <key>F</key></title>. 18 Gr. <title>No. 17, in <key>G</key></title>. 16 Gr. <title>No. 18, in <key>Es</key></title>. 20 Gr. <title>No. 19, in <key>C</key></title>. 20 Gr. Ebend.</wip>
<bibl id="hofm_1839_09_0116_15"><composer key="compo_027982">Reissiger (C.G.)</composer> <title>12ième Trio p. Pfte, Violon et Vclle. Oe. <opus key="opus_0651">137</opus>, in <key>F</key></title>. (Déd. à Mlle Charlotte Finck.) <pubPlace key="place_0392">Leipzig</pubPlace>, <publisher key="publ_3023">Peters</publisher> 1 Thlr. 20 Gr.</bibl>
<bibl id="hofm_1839_09_0116_16"><composer key="compo_036484">Weise (C.)</composer> <title>Variationen f. Pfte, Viol. u. Violoncelle. Op. <opus key="opus_1068">17</opus></title>. <pubPlace key="place_0255">Guben</pubPlace>, <publisher key="publ_0268">Berger</publisher> 14 Gr. n.</bibl>
</div><div id="hofm_1839_09_0116_div08"><head><hofClass key="hofCl_0124">Musik für 2 Pianoforte.</hofClass></head>
<bibl id="hofm_1839_09_0116_17"><composer key="compo_014550">Herz (H.)</composer> <title>Grand Duo du Couronnement, p. 2 Pftes. Oe. <opus key="opus_0137">104</opus>, in <key>B</key></title>. <pubPlace key="place_0438">Mainz</pubPlace>, <publisher key="publ_3563">Schott</publisher> 2 Fl. 24 Xr.</bibl>
</div><div id="hofm_1839_09_0116_div09"><head><hofClass key="hofCl_0171">Musik für das Pianoforte zu 4 Händen.</hofClass></head>
<bibl id="hofm_1839_09_0116_18"><composer key="compo_002077">Beethoven (L.v.)</composer> <title>Fantasie f. Pfte, Orchester u. Chor, arr. f. Pfte zu 4 Händen. Op. <opus key="opus_4326">80</opus>, in <key>Cm</key></title>. <pubPlace key="place_0392">Leipzig</pubPlace>, <publisher key="publ_0437">Br. u. Härtel</publisher> 1 Thlr. 8 Gr.</bibl>
<bibl id="hofm_1839_09_0116_19">— <title>Feierlicher Marsch und Chor zu dem Schauspiel: Die Ruinen von Athen, eing. f. Pfte zu 4 Händen (in <key>Es</key>.)</title> <pubPlace key="place_0276">Hamburg</pubPlace>, <publisher key="publ_0540">Böhme</publisher> 8 Gr.</bibl>
<wip id="hofm_1839_09_0116_20"><composer key="compo_002709">Bertini (H.)</composer> <title>25 Etudes musicales p. Pfte à 4 Mains. Oe. <opus key="opus_4704">97</opus></title>. <pubPlace key="place_0044">Berlin</pubPlace>, <publisher key="publ_2455">Lischke</publisher> 1 Thlr. 12 Gr. <pubPlace key="place_0392">Leipzig</pubPlace>, <publisher key="publ_3023">Peters</publisher> <title>Liv. 1, 2</title>. à 20 Gr.</wip>
<bibl id="hofm_1839_09_0116_21"><composer key="compo_006306">Czerny (Ch.)</composer> <title>Deux Duos élégans p. Pfte à 4 Mains. Oe. <opus key="opus_3404">552</opus>. No. 1, Quant è più bella. No. 2, Le Songe de Rousseau</title>. <pubPlace key="place_0069">Bonn</pubPlace>, <publisher key="publ_3791">Simrock</publisher> à 2 Fr.</bibl>
<pb n="117"/>
<bibl id="hofm_1839_09_0117_01"><composer key="compo_006306">Czerny (Ch.)</composer> <title>Trios Rondinos p. Pfte à 4 Mains. Oe. <opus key="opus_3435">561</opus>. No. 1, Les Cloches de St. Petersbourg. No. 2, Wiegenlied von C.M. v. Weber. No. 3, Benedetta sia la madre</title>. <pubPlace key="place_0069">Bonn</pubPlace>, <publisher key="publ_3791">Simrock</publisher> à 1 Fr. 50 Ct.</bibl>
<bibl id="hofm_1839_09_0117_02"><composer key="compo_007388">Dreyschock (Alex.)</composer> <title>Polonaise p. Pfte à 4 Mains. Op. <opus key="opus_3181">5</opus>, in <key>C</key></title>. <pubPlace key="place_0438">Mainz</pubPlace>, <publisher key="publ_3563">Schott</publisher> 18 Xr.</bibl>
<bibl id="hofm_1839_09_0117_03"><composer key="compo_013697">Haydn (Jos.)</composer> <title>Kindersinfonie f. Pfte zu 4 Händen und 7 Kinderinstrumente</title>. <pubPlace key="place_0044">Berlin</pubPlace>, <publisher key="publ_2455">Lischke</publisher> 14 Gr.</bibl>
<bibl id="hofm_1839_09_0117_04"><composer key="compo_013923">Heinrich (J.G.)</composer> <title>Rondino f. Anfänger, f. Pfe zu 4 Händen. Op. <opus key="opus_2738">4, No. 1</opus></title>. <pubPlace key="place_0255">Guben</pubPlace>, <publisher key="publ_0268">Berger</publisher> 12 Gr. n.</bibl>
<bibl id="hofm_1839_09_0117_05"><composer key="compo_014550">Herz (H.)</composer> <title>Variations sur un Air tyrolien favori, arr. p. Pfte à 4 Mains. Oe. <opus key="opus_0531">13</opus>, in <key>F</key></title>. <pubPlace key="place_0044">Berlin</pubPlace>, <publisher key="publ_2455">Lischke</publisher> 1 Thlr.</bibl>
<wip id="hofm_1839_09_0117_06"><composer key="compo_019654">Labitzky (Jos.)</composer> <title>Tänze und Potpourri f. Pfte zu 4 Händen</title>. <title>No. 7, Sophien-Wlazer. Op. <opus key="opus_3244">51</opus></title>. 1 Fl. 15 Xr. <title>No. 8, Andenken an das Anitchkoff'sche Palai in St. Petersburg. Walzer. Op. <opus key="opus_3316">53</opus></title>. 1 Fl. <pubPlace key="place_0554">Prag</pubPlace>, <publisher key="publ_1729">Hoffmann</publisher>.</wip>
<bibl id="hofm_1839_09_0117_07"><composer key="compo_020014">Lanner (Jos.)</composer> <title>Sammlung d. neuest. u. bel. Galoppen f. Pfte zu 4 Händen. No. 7, Tourbillon- und Gitana-Galoppe. Op. <opus key="opus_0727">142</opus></title>. <pubPlace key="place_0731">Wien</pubPlace>, <publisher key="publ_2605">Mechetti</publisher> 45 Xr.</bibl>
<bibl id="hofm_1839_09_0117_08"><title>Potpourri sur des Thèmes favoris de l'Opéra : Les Treize, de <composer key="compo_013060">F. Halevy</composer>, p. Pfte à 4 Mains</title>. <pubPlace key="place_0392">Leipzig</pubPlace>, <publisher key="publ_0437">Br. et Härtel</publisher> 20 Gr.</bibl>
<bibl id="hofm_1839_09_0117_09"><composer key="compo_032798">Spohr (L.)</composer> <title>Duo concertant p. Pfte et Violon, arr. p. Pfte à 4 Mains. Oe. <opus key="opus_4671">95</opus>, in <key>G</key></title>. Ebend. 1 Thlr. 12 Gr.</bibl>
</div><div id="hofm_1839_09_0117_div10"><head><hofClass key="hofCl_0272">Ouverturen für das Pianoforte zu 4 Händen.</hofClass></head>
<bibl id="hofm_1839_09_0117_10"><composer key="compo_002077">Beethoven (L.v.)</composer> <title>Ouverture de l'Opéra : Léonore, p. Pfte à 4 Mains (in <key>C</key>.)</title> <pubPlace key="place_0392">Leipzig</pubPlace>, <publisher key="publ_0437">Br. et Härtel</publisher> 1 Thlr.</bibl>
<bibl id="hofm_1839_09_0117_11"><composer key="compo_013060">Halevy (F.)</composer> <title>Ouverture de l'Opéra : Les Treize, p. Pfte à 4 Mains</title>. Ebend. 16 Gr.</bibl>
</div><div id="hofm_1839_09_0117_div11"><head><hofClass key="hofCl_0166">Musik für das Pianoforte allein.</hofClass></head>
<bibl id="hofm_1839_09_0117_12"><composer key="compo_001075">Auber</composer>, <title>Auswahl beliebter Stücke aus der Oper: Der schwarze Domino, f. Pfte</title>. <pubPlace key="place_0276">Hamburg</pubPlace>, <publisher key="publ_0540">Böhme</publisher> 16 Gr.</bibl>
<bibl id="hofm_1839_09_0117_13"><composer key="compo_002205">Bellini (V.)</composer> <title>Auswahl beliebter Stücke aus der Oper: Bianca e Fernando, f. Pfte</title>. Ebend. 12 Gr.</bibl>
<bibl id="hofm_1839_09_0117_14"><composer key="compo_002709">Bertini (H.)</composer> <title>Episode d'un Bal. Rondo caractéristique p. Pfte. Oe. <opus key="opus_4722">98</opus></title>. <pubPlace key="place_0044">Berlin</pubPlace>, <publisher key="publ_2455">Lischke</publisher> 16 Gr.</bibl><wip id="hofm_1839_09_0117_15">– <title>Choix d'Etudes progressives p. Pfte</title>. <edition>Nouvelle Edition, revue, corrigée et doigtée</edition> (av. Portrait de Mr. Bertini.) <title>Liv. 1, 2, Douze petits Morceaux</title>. à 8 Gr. <title>Liv. 3, 4, 25 Etudes musicales à 4 Mains. Oe. <opus key="opus_4704">97</opus></title>. à 20 Gr. <title>Liv. 5, 6, 25 Etudes faciles. Oe. <opus key="opus_0045">100</opus></title>. à 12 Gr. <title>Liv. 7, 8, 48 Etudes. Oe. <opus key="opus_2066">29</opus> et <opus key="opus_2268">32</opus></title>. à 1 Thlr. <pubPlace key="place_0392">Leipzig</pubPlace>, <publisher key="publ_3023">Peters</publisher>.</wip>

<bibl id="hofm_1839_09_0117_16"><composer key="compo_004712">Burgmüller (Fréd.)</composer> <title>Intr. et Polonaise brillante p. Pfte. Oe. <opus key="opus_2116">3</opus></title>. <pubPlace key="place_0044">Berlin</pubPlace>, <publisher key="publ_2455">Lischke</publisher> 10 Gr. </bibl>
<bibl id="hofm_1839_09_0117_17">— <title>Valse pastorale en Forme de Rondeau p. Pfte. Oe. <opus key="opus_1731">24</opus></title>. <pubPlace key="place_0069">Bonn</pubPlace>, <publisher key="publ_3791">Simrock</publisher> 2 Fr.</bibl>
<bibl id="hofm_1839_09_0117_18">— <title>Galop du Lac des Fées, Opéra d'Auber, arr. p. Pfte. Oe. <opus key="opus_3316">53</opus>, in <key>G</key></title>. <pubPlace key="place_0392">Leipzig</pubPlace>, <publisher key="publ_0437">Br. et Härtel</publisher> 12 Gr.</bibl>
<bibl id="hofm_1839_09_0117_19">— <title>Petits Airs faciles sur des Thèmes des meilleurs Auteurs suivis de 6 Préludes. Suite de Exercices instructifs p. Pfte. 2e Livr</title>. <pubPlace key="place_0069">Bonn</pubPlace>, <publisher key="publ_3791">Simrock</publisher> 3 Fr.</bibl>
<bibl id="hofm_1839_09_0117_20"><composer key="compo_005614">Chopin (Fréd.)</composer> <title>24 Préludes p. Pfte. Oe. <opus key="opus_1999">28</opus></title>. <pubPlace key="place_0392">Leipzig</pubPlace>, <publisher key="publ_0437">Br. et Härtel</publisher> geh. 2 Thlr.</bibl>
<bibl id="hofm_1839_09_0117_21"><title>Choralgesänge (bekannte) f. Pfte einger. 6tes Heft</title>. <pubPlace key="place_0044">Berlin</pubPlace>, <publisher key="publ_2455">Lischke</publisher> 16 Gr.</bibl>
<pb n="118"/>
<bibl id="hofm_1839_09_0118_01"><composer key="compo_006106">Cramer (H.)</composer> <title>Le Désir. Pensée romantique p. Pfte. Oe. <opus key="opus_0684">14</opus>, in <key>A</key></title>. <pubPlace key="place_0519">Offenbach</pubPlace>, <publisher key="publ_0065">André</publisher> 27 Xr.</bibl>
<bibl id="hofm_1839_09_0118_02"><composer key="compo_006306">Czerny (Ch.)</composer> <title>Trois Rondinos p. Pfte. Oe. <opus key="opus_3435">561</opus>. No. 1, Les Cloches de St. Petersbourg. No. 2, Wiegenlied von C.M. v. Weber. No. 3, Benedetta sia la madre</title>. <pubPlace key="place_0069">Bonn</pubPlace>, <publisher key="publ_3791">Simrock</publisher> à 1 Fr.</bibl>
<bibl id="hofm_1839_09_0118_03"><composer key="compo_007599">Duvernoy (J.B.)</composer> <title>Deux Divertissements sur des Motifs de l'Opéra : Le Lac de Fées, d'Auber, p. Pfte. Oe. <opus key="opus_4674">95, No. 1, 2</opus></title>. <pubPlace key="place_0392">Leipzig</pubPlace>, <publisher key="publ_0437">Br. u. Härtel</publisher> à 12 Gr.</bibl>
<bibl id="hofm_1839_09_0118_04"><composer key="compo_008310">Enckhausen (H.)</composer> <title>Zweites Rondo giocoso f. Pfte. Op. <opus key="opus_3282">52</opus>, in <key>A</key></title>. <pubPlace key="place_0280">Hannover</pubPlace>, <publisher key="publ_2808">Nagel</publisher> 12 Gr.</bibl>
<bibl id="hofm_1839_09_0118_05"><composer key="compo_009162">Fessy (A.)</composer> <title>Fantaisie brillante sur des Motifs de l'Opéra : Le Lac des Fées, d'Auber, p. Pfte. Oe. <opus key="opus_3385">55</opus>, in <key>C</key></title>. <pubPlace key="place_0392">Leipzig</pubPlace>, <publisher key="publ_0437">Br. u. Härtel</publisher> 16 Gr.</bibl>
<bibl id="hofm_1839_09_0118_06"><composer key="compo_009243">Field (J.)</composer> <title>4ième Notturno p. Pfte (in <key>A</key>.)</title> <pubPlace key="place_0044">Berlin</pubPlace>, <publisher key="publ_2455">Lischke</publisher> 8 Gr.</bibl>
<bibl id="hofm_1839_09_0118_07"><composer key="compo_011662">Gomion (L.)</composer> <title>Souvenir de Robert Devereux, Musique de Donizetti, p. Pfte. Oe. <opus key="opus_3029">46</opus></title>. (Sammlung beliebter Potpourris aus Opern.) Ebend. 12 Gr.</bibl>
<bibl id="hofm_1839_09_0118_08"><composer key="compo_011951">Gregoir (J.)</composer> <title>Grande Fantaisie sur des Motifs de l'Opéra : Les Puritains, de Bellini, p. Pfte (in <key>Es</key>.)</title> <pubPlace key="place_0438">Mainz</pubPlace>, <publisher key="publ_3563">Schott</publisher> 1 Fl. 12 Xr.</bibl>
<bibl id="hofm_1839_09_0118_09"><composer key="compo_012055">Griebel (H.)</composer> <title>Intr. et Rondo alla Polacca p. Pfte. Op. <opus key="opus_2116">3</opus>, in <key>Es</key></title>. <pubPlace key="place_0044">Berlin</pubPlace>, <publisher key="publ_2455">Lischke</publisher> 12 Gr.</bibl>
<bibl id="hofm_1839_09_0118_10"><composer key="compo_013422">Hartmann (J.P.E.)</composer> <title>Deux Pièces caractéristiques p. Pfte. Oe. <opus key="opus_1802">25</opus>, in <key>Fm</key>, <key>F</key></title>. <pubPlace key="place_0392">Leipzig</pubPlace>, <publisher key="publ_1746">Hofmeister</publisher> 16 Gr.</bibl>
<bibl id="hofm_1839_09_0118_11"><composer key="compo_013474">Haslinger (C.)</composer> <title>Fantaisie ou Potpourri sur des Thèmes favoris de l'Opéra : Turandot, Princesse de Schiras, Musique de Hoven, p. Pfte. Oe. <opus key="opus_1486">21, No. 11, 12</opus></title>. (Flore théâtral Cah. 53, 54.) <pubPlace key="place_0731">Wien</pubPlace>, <publisher key="publ_1506">Haslinger</publisher> à 1 Fl.</bibl>
<bibl id="hofm_1839_09_0118_12"><composer key="compo_014051">Heller (St.)</composer> <title>Rondoletto sur la Cracovienne du Ballet : La Gipsy, p. Pfte. Oe. <opus key="opus_0392">12</opus>, in <key>E</key></title>. <pubPlace key="place_0392">Leipzig</pubPlace>, <publisher key="publ_0437">Br. et Härtel</publisher> 12 Gr.</bibl>
<bibl id="hofm_1839_09_0118_13">— <title>Rondino brillant sur la Cavatine : Pauvre Couturière, dans l'Opéra : Les Treize, de F. Halevy, p. Pfte. Oe. <opus key="opus_0806">15</opus>, in <key>G</key></title>. Ebend. 12 Gr.</bibl>
<bibl id="hofm_1839_09_0118_14"><composer key="compo_014550">Herz (H.)</composer> <title>Fantaisie du Couronnement, p. Pfte. Oe. <opus key="opus_0137">104</opus>, in <key>B</key></title>. <pubPlace key="place_0438">Mainz</pubPlace>, <publisher key="publ_3563">Schott</publisher> 1 Fl. 36 Xr.</bibl>
<bibl id="hofm_1839_09_0118_15"><composer key="compo_015944">Hünten (Fr.)</composer> <title>30 petites Récréations faciles et doigtées p. Pfte. Liv. 1, 2</title>. Ebend. à 1 Fl.</bibl>
<bibl id="hofm_1839_09_0118_16"><composer key="compo_016461">John (Ch.)</composer> <title>Sonate facile. Oe. <opus key="opus_0392">12</opus>, in <key>G</key></title>. <pubPlace key="place_0044">Berlin</pubPlace>, <publisher key="publ_2455">Lischke</publisher> 8 Gr.</bibl>
<bibl id="hofm_1839_09_0118_17"><composer key="compo_016826">Kalkbrenner (F.)</composer> <title>Fantaisie en Forme de Rondeau sur les Airs de Danse du Lac des Fées, Opéra d'Auber. Oe. <opus key="opus_0830">150</opus>, in <key>C</key></title>. <pubPlace key="place_0392">Leipzig</pubPlace>, <publisher key="publ_0437">Br. u. Härtel</publisher> 18 Gr.</bibl>
<bibl id="hofm_1839_09_0118_18"><composer key="compo_016972">Karr (H.)</composer> <title>Fantaisie sur des Motifs du Lac des Fées, d'Auber, p. Pfte (in <key>B</key>.)</title> Ebend. 12 Gr.</bibl>
<bibl id="hofm_1839_09_0118_19"><composer key="compo_017214">Kelz (J.F.)</composer> <title>Leichtes Rondo über ein Thema aus Auber's Oper: Der schwarze Domino, f. Pfte. Op. <opus key="opus_1643">226</opus></title>. <pubPlace key="place_0044">Berlin</pubPlace>, <publisher key="publ_2455">Lischke</publisher> 8 Gr.</bibl>
<bibl id="hofm_1839_09_0118_20">—<title>Divertissement über Melodieen aus Adam's Oper: Der Postillon von Lonjumeau, f. Pfte. Op. <opus key="opus_1652">228</opus></title>. Ebend. 8 Gr.</bibl>
<bibl id="hofm_1839_09_0118_21">— <title>Fantaisie über die beliebtesten Melodieen aus der Oper: Der Brauer von Preston, von Adam, f. Pfte</title>. Ebend. 18 Gr.</bibl>
<bibl id="hofm_1839_09_0118_22"><composer key="compo_018276">Kontski (Ant. de)</composer> <title>3 Méditations p. Pfte. Oe. <opus key="opus_2630">38</opus></title>. (Déd à Mr. Cherubini.) <pubPlace key="place_0438">Mainz</pubPlace>, <publisher key="publ_3563">Schott</publisher> 1 Fl. 21 Xr.</bibl>
<bibl id="hofm_1839_09_0118_23"><composer key="compo_022384">Marxsen (E.)</composer> <title>Lied ohne Worte. Op. <opus key="opus_2576">37</opus>, in <key>H</key></title>. (Thalberg gew.) <pubPlace key="place_0276">Hamburg</pubPlace>, <publisher key="publ_3605">Schuberth u. Co</publisher>. 12 Gr.</bibl>
<pb n="119"/>
<bibl id="hofm_1839_09_0119_01"><composer key="compo_023890">Mozart (W.A.)</composer> <title>Fantasie und Sonate f. Pfte. Op. <opus key="opus_0234">11</opus></title>. <pubPlace key="place_0280">Hannover</pubPlace>, <publisher key="publ_2808">Nagel</publisher> 16 Gr.</bibl>
<bibl id="hofm_1839_09_0119_02"><composer key="compo_025440">Osborne (G.A.)</composer> <title>Fantaisie brillante sur la Valse de l'Opéra : Les Treize, de Halevy, p. Pfte. Oe. <opus key="opus_2268">32</opus>, in <key>E</key></title>. <pubPlace key="place_0392">Leipzig</pubPlace>, <publisher key="publ_0437">Br. et Härtel</publisher> 18 Gr.</bibl>
<wip id="hofm_1839_09_0119_03"><composer key="compo_025935">Pax (C.E.)</composer> <title>Systematisch instructive Uebungsstücke beim ersten Elementar-Unterricht d. Pfte. Op. <opus key="opus_1482">21</opus></title>. <title>No. 7</title>, 8 Gr. <title>No. 8</title>, 16 Gr. <pubPlace key="place_0044">Berlin</pubPlace>, <publisher key="publ_2455">Lischke</publisher>.</wip>
<bibl id="hofm_1839_09_0119_04"><composer key="compo_026556">Pitschner (Fr.)</composer> <title>Silberblicke aus Jenny Lutzer's Rollen. Fantasie f. Pfte</title>. <pubPlace key="place_0276">Hamburg</pubPlace>, <publisher key="publ_0640">Cranz</publisher> 12 Gr.</bibl>
<bibl id="hofm_1839_09_0119_05">— <title>sur le Thèmes favoris de l'Opéra : Actéon, d' Auber, p. Pfte</title>. <pubPlace key="place_0276">Hamburg</pubPlace>, <publisher key="publ_0540">Böhme</publisher> 14 Gr.</bibl>
<bibl id="hofm_1839_09_0119_06">— <title>nach Melodieen aus der Oper: Ein Besuch in St. Cyr. Musik von Jos. Dessauer, f. Pfte</title>. <pubPlace key="place_0392">Leipzig</pubPlace>, <publisher key="publ_1746">Hofmeister</publisher> 14 Gr.</bibl>
<bibl id="hofm_1839_09_0119_07">— <title>d'après des Thèmes favoris de l'Opéra : Guido et Ginévra, de Halevy, p. Pfte</title>. <pubPlace key="place_0276">Hamburg</pubPlace>, <publisher key="publ_0540">Böhme</publisher> 14 Gr.</bibl>
<bibl id="hofm_1839_09_0119_08"><composer key="compo_027879">Reinecke (C.)</composer> <title>Zwei Character-Stücke und eine Fuge f. d. linke Hand. Op. <opus key="opus_0001">1</opus></title>. <pubPlace key="place_0276">Hamburg</pubPlace>, <publisher key="publ_0640">Cranz</publisher> 10 Gr.</bibl>
<bibl id="hofm_1839_09_0119_09"><composer key="compo_028854">Rosellen (H.)</composer> <title>La Grace de Dieu. Fantaisie alla Savoyarda sur la Romance de Mlle Loïse Puget, p. Pfte. Oe. <opus key="opus_0392">12</opus>, in <key>A</key></title>. <pubPlace key="place_0069">Bonn</pubPlace>, <publisher key="publ_3791">Simrock</publisher> 2 Fr.</bibl>
<bibl id="hofm_1839_09_0119_10">— <title>Fantaisie brillante sur des Motifs favoris du Ballet : La Volière, p. Pfte. Oe. <opus key="opus_1390">20</opus>, in <key>D</key></title>. Ebend. 2 Fr. 25 Ct.</bibl>
<album id="hofm_1839_09_0119_11"><title>Sammlung von Musik-Stücken alter und neuer Zeit. 5tes Heft, <composer key="compo_001225">Bach (J.S.)</composer> Fuge f. Klavier od. Orgel. — <composer key="compo_035416">Verhulst (J.J.H.)</composer> Religioso a.d. 147sten Psalm f. 4 Stimmen. — <composer key="compo_014659">Hetsch (L.)</composer> Abschied f. eine Singst. m. Pfte. — <composer key="compo_031356">Schumann (R.)</composer> Gigue f. Pfte</title>. <pubPlace key="place_0392">Leipzig</pubPlace>, <publisher key="publ_1118">Friese</publisher> 16 Gr.</album>
<album id="hofm_1839_09_0119_12">— Idem 6tes Heft. <title><composer key="compo_002077">Beethoven (L.v.)</composer> Gesang der Mönche aus Schiller's Wilhelm Tell, f. 2 Ten. u. Bass. — <composer key="compo_031122">Schubert (Fr.)</composer> Chor der Engel aus Göthe's Faust, f. 4 Stimmen. —  <composer key="compo_036249">Weber (C.M.v.)</composer> 6 Fugetten. Op. <opus key="opus_0001">1</opus> — <composer key="compo_031800">Sechter (S.)</composer> Studien f. Orgel od. Klavier</title>. Ebend. 16 Gr.</album>
<bibl id="hofm_1839_09_0119_13"><composer key="compo_029861">Scarlatti (Dom.)</composer> <title>Sämmtliche Werke, f. Pfte redigirt von C. Czerny. 12te Lief</title>. <pubPlace key="place_0731">Wien</pubPlace>, <publisher key="publ_1506">Haslinger</publisher> 1 Fl. n.</bibl>
<bibl id="hofm_1839_09_0119_14"><composer key="compo_030656">Schmitt (J.)</composer> <title>Fantaisie p. Pfte. Oe. <opus key="opus_1920">268</opus>, in <key>F</key></title>. <pubPlace key="place_0276">Hamburg</pubPlace>, <publisher key="publ_0540">Böhme</publisher> 10 Gr.</bibl>
<bibl id="hofm_1839_09_0119_15">— <title>Die Fuchs-Jagd. Fantasie f. Pfte. Op. <opus key="opus_2021">280</opus></title>. Ebend. 18 Gr.</bibl>
<bibl id="hofm_1839_09_0119_16">— <title>Intr., Romance et Polacca p. Pfte. Oe. <opus key="opus_2037">285</opus>, in <key>G</key></title>. Ebend. 10 Gr.</bibl>
<bibl id="hofm_1839_09_0119_17">— <title>Potpourri d'après des Thèmes de l'Opéra : La Perruquier de la Régence, p. Pfte</title>. Ebend. 12 Gr.</bibl>
<bibl id="hofm_1839_09_0119_18"><composer key="compo_031357">Schumann (Rob.)</composer> <title>Kinderscenen. Leichte Stücke f. Pfte. Op. <opus key="opus_0806">15</opus></title>. <pubPlace key="place_0392">Leipzig</pubPlace>, <publisher key="publ_0437">Br. u. Härtel</publisher> 20 Gr.</bibl>
<bibl id="hofm_1839_09_0119_19"><composer key="compo_034685">Tomaschek (W.J.)</composer> <title>3 Allegri capricciosi di Bravura. Op. <opus key="opus_3282">52</opus> <edition>2d Ediz</edition></title>. <pubPlace key="place_0392">Leipzig</pubPlace>, <publisher key="publ_1746">Hofmeister</publisher> geh. 1 Thlr. 4 Gr.</bibl>
<bibl id="hofm_1839_09_0119_20"><title>Unterhaltungen (angenehme u. leichte) am Pfte. von verschiedenen Componisten.) Heft 1–7</title>. <pubPlace key="place_0110">Chemnitz</pubPlace>, <publisher key="publ_1807">Häcker</publisher> à 6 Gr.</bibl>
<bibl id="hofm_1839_09_0119_21"><composer key="compo_037492">Wolff (Ed.)</composer> <title>Impromptû brillant sur des Motifs de l'Opéra : Les Treize, de F. Halvey, p. Pfte. Oe. <opus key="opus_1661">23</opus>, in <key>E</key></title>. <pubPlace key="place_0392">Leipzig</pubPlace>, <publisher key="publ_0437">Br. et Härtel</publisher> 12 Gr.</bibl>
<pb n="120"/>

</div><div id="hofm_1839_09_0120_div12"><head><hofClass key="hofCl_0292">Variationen für das Pianoforte.</hofClass></head><bibl id="hofm_1839_09_0120_01"><composer key="compo_005609">Chollet (L.)</composer> <title>Variations brillantes sur des Motifs du Lac des Fées, Opéra d'Auber, p. Pfte. Oe. <opus key="opus_2576">37</opus>, in <key>D</key></title>. <pubPlace key="place_0392">Leipzig</pubPlace>, <publisher key="publ_0437">Br. et Härtel</publisher> 16 Gr.</bibl>
<bibl id="hofm_1839_09_0120_02"><composer key="compo_015441">Horwitz (L.)</composer> <title>Variationen über ein beliebtes Thema von L.v. Beethoven, f. Pfte. Op. <opus key="opus_2187">31</opus>, in <key>Am</key></title>. <pubPlace key="place_0044">Berlin</pubPlace>, <publisher key="publ_2455">Lischke</publisher> 10 Gr.</bibl>
<bibl id="hofm_1839_09_0120_03">— <title>Variationen über den beliebten Festmarsch aus dem Ballet: Don Quixotte, f. Pfte. Op. <opus key="opus_2268">32</opus>, in <key>F</key></title>. Ebend. 8 Gr.</bibl>
<bibl id="hofm_1839_09_0120_04"><composer key="compo_017214">Kelz (J.F.)</composer> <title>6 leichte Variationen über ein Thema aus der Oper: Der Brauer von Preston, f. Pfte. Op. <opus key="opus_1631">224</opus>, in <key>C</key></title>. Ebend. 8 Gr.</bibl>
<bibl id="hofm_1839_09_0120_05"><composer key="compo_020817">Lickl (F.C.)</composer> et <composer key="compo_014559">L. Herz</composer>, <title>Fantaisie et Variations sur des Motifs du 3ième Acte de l'Opéra : Guilietta e Romeo, de Vaccay, p. Pfte et Violon concertans (in <key>E</key>.)</title> <pubPlace key="place_0731">Wien</pubPlace>, <publisher key="publ_2605">Mechetti</publisher> 1 Fl. 30 Xr.</bibl>
<bibl id="hofm_1839_09_0120_06"><composer key="compo_028854">Rosellen (H.)</composer> <title>Pensées italiennes. 3 Cavatines variées p. Pfte. Oe. <opus key="opus_0927">16</opus>, No. 1, La Norma, de Bellini. No. 2, Anna Bolena, de Donizetti. No. 3, La Straniera, de Bellini</title>. <pubPlace key="place_0069">Bonn</pubPlace>, <publisher key="publ_3791">Simrock</publisher> à 2 Fr.</bibl>
<bibl id="hofm_1839_09_0120_07">— <title>Fantaisie et Variations sur deux Cavatines de l'Opéra : Parisina, de Donizetti, p. Pfte. Oe. <opus key="opus_1165">18</opus>, in <key>G</key></title>. Ebend. 2 Fr. 50 Ct.</bibl>
<bibl id="hofm_1839_09_0120_08">— <title>Morceau de Concert. Grandes Variations di Bravura sur 2 Cavatines favorites de Donizetti, p. Pfte. Oe. <opus key="opus_1584">22</opus>, in <key>G</key></title>. Ebend. 3 Fr.</bibl>
<bibl id="hofm_1839_09_0120_09"><composer key="compo_029611">Salleneuve (E.)</composer> <title>Leichte Variationen über das beliebte Hobellied aus dem Verschwender, f. Pfte. Op. <opus key="opus_1661">23</opus>, in <key>F</key></title>. <pubPlace key="place_0044">Berlin</pubPlace>, <publisher key="publ_2455">Lischke</publisher> 8 Gr.</bibl>
</div><div id="hofm_1839_09_0120_div13"><head><hofClass key="hofCl_0273">Ouverturen für das Pianoforte.</hofClass></head>
<bibl id="hofm_1839_09_0120_10"><composer key="compo_006842">Dessauer (J.)</composer> <title>Ouverture zu der komischen Oper: Ein Besuch in St. Cyr, f. Pfte</title>. <pubPlace key="place_0392">Leipzig</pubPlace>, <publisher key="publ_1746">Hofmeister</publisher> 12 Gr.</bibl>
<bibl id="hofm_1839_09_0120_11"><composer key="compo_034469">Thomas (A.)</composer> <title>Ouverture zur Oper: Der Blumenkorb (Le Panier fleuri) f. Pfte</title>. <pubPlace key="place_0392">Leipzig</pubPlace>, <publisher key="publ_0437">Br. u. Härtel</publisher> 12 Gr.</bibl>
</div><div id="hofm_1839_09_0120_div14"><head><hofClass key="hofCl_0288">Tänze für das Pianoforte.</hofClass></head>
<bibl id="hofm_1839_09_0120_12"><composer key="compo_000089">Adam (A.)</composer> <title>3 Schottische Tänze über Melodieen aus der Oper: Der Brauer von Preston, f. Pfte</title>. <pubPlace key="place_0044">Berlin</pubPlace>, <publisher key="publ_2455">Lischke</publisher> 4 Gr.</bibl>
<bibl id="hofm_1839_09_0120_13">— <title>Walzer über Melodieen aus do. f. Pfte</title>. Ebend. 4 Gr.</bibl>
<listBibl><bibl id="hofm_1839_09_0120_14"><composer key="compo_002825">Beyer (F.)</composer> <title>Walzer und Galopp a.d. Oper: Die Fremde (La Straniera) von Bellini, f. Pfte</title>. <pubPlace key="place_0438">Mainz</pubPlace>, <publisher key="publ_3563">Schott</publisher> à 8 Xr.</bibl>
<bibl id="hofm_1839_09_0120_15">— <title>2 Walzer und Galopp a. d. Oper: Der Nachtwandlerin (La Sonnambula) von Bellini, f. Pfte</title>. Ebend. à 8 Xr.</bibl>
<bibl id="hofm_1839_09_0120_16">— <title>Walzer und Galopp a. d. Oper: Norma, von Bellini, f. Pfte</title>. Ebend. à 8 Xr.</bibl>
<bibl id="hofm_1839_09_0120_17">— <title>Walzer und Galopp a. d. Oper: Die Puritaner, von Bellini, f. Pfte</title>. Ebend. à 8 Xr.</bibl>
<bibl id="hofm_1839_09_0120_18">— <title>Telegraphen-Galopp f. Pfte</title>. Ebend. 8 Xr. <lb/>(Valses favorites No. 513–521. 523)</bibl></listBibl>
<bibl id="hofm_1839_09_0120_19"><composer key="compo_005246">Canthàl (Aug. M.)</composer> <title>Hamburg-Bergedorfer Eisenbahn-Galopp f. Pfte. Op. <opus key="opus_3798">65</opus></title>. <pubPlace key="place_0276">Hamburg</pubPlace>, <publisher key="publ_0540">Böhme</publisher> 8 Gr.</bibl>
<bibl id="hofm_1839_09_0120_20"><composer key="compo_007057">Dietzsch (C.)</composer> <title>6 Schottische ohne Namen f. Pfte</title>. <pubPlace key="place_0110">Chemnitz</pubPlace>, <publisher key="publ_1807">Häcker</publisher> 6 Gr.</bibl>
<bibl id="hofm_1839_09_0120_21"><composer key="compo_008233">Ellissen (C.W.)</composer> <title>Marien-Walzer f. Pfte</title>. <pubPlace key="place_0280">Hannover</pubPlace>, <publisher key="publ_4480">Woltmann</publisher> 8 Gr.</bibl>
<pb n="121"/>
<bibl id="hofm_1839_09_0121_01"><composer key="compo_011092">Gerstenberger (A.)</composer> <title>Galopp aus Adam's Oper: Der Brauer von Preston, f. Pfte. Op. <opus key="opus_0001">1</opus></title>. <pubPlace key="place_0007">Altenburg</pubPlace>, <publisher key="publ_1261">Gleich</publisher> 6 Gr.</bibl>
<bibl id="hofm_1839_09_0121_02"><composer key="compo_013415">Hartmann (G.)</composer> <title>Frühlingsblumen. Walzer f. Pfte. Op. <opus key="opus_3565">6</opus></title>. <pubPlace key="place_0110">Chemnitz</pubPlace>, <publisher key="publ_1807">Häcker</publisher> 8 Gr.</bibl>
<bibl id="hofm_1839_09_0121_03"><composer key="compo_015894">Hübner (J.B.)</composer> <title>Die fliegende Fähre. Walzer f. Pfte</title>. Ebend. 8 Gr.</bibl>
<bibl id="hofm_1839_09_0121_04"><composer key="compo_017214">Kelz (J.F.)</composer> <title>6 Contretänze aus Adam's Oper: Der Brauer von Preston, f. Pfte</title>. <pubPlace key="place_0044">Berlin</pubPlace>, <publisher key="publ_2455">Lischke</publisher> 8 Gr.</bibl>
<bibl id="hofm_1839_09_0121_05"><composer key="compo_019019">Kubisch (R.)</composer> <title>Reise nach der Heimath. Walzer f. Pfte</title>. <pubPlace key="place_0255">Guben</pubPlace>, <publisher key="publ_0268">Berger</publisher> 10 Gr. n.</bibl>
<listBibl><bibl id="hofm_1839_09_0121_06"><composer key="compo_019654">Labitzky (Jos.)</composer> <title>Contredanses françaises p. Pfte. Oe. <opus key="opus_3140">49</opus></title>. <pubPlace key="place_0554">Prag</pubPlace>, <publisher key="publ_1729">Hoffmann</publisher> 20 Xr. <pubPlace key="place_0608">St. Petersburg</pubPlace>, <publisher key="publ_1759">Holtz</publisher> 8 Gr.</bibl>
<bibl id="hofm_1839_09_0121_07">— <title>Mazurka p. Pfte. Oe. <opus key="opus_3204">50</opus></title>. <pubPlace key="place_0554">Prag</pubPlace>, <publisher key="publ_1729">Hoffmann</publisher> 15 Xr. <pubPlace key="place_0608">St. Petersburg</pubPlace>, <publisher key="publ_1759">Holtz</publisher> 4 Gr. <lb/>(Collections des Quadrilles, Françaises, Galops etc. No. 1, 2.)</bibl></listBibl>
<bibl id="hofm_1839_09_0121_08"><composer key="compo_020014">Lanner (Jos.)</composer> <title>Tourbillon- und Gitana-Galoppe f. Pfte. Op. <opus key="opus_0727">142</opus></title>. <pubPlace key="place_0731">Wien</pubPlace>, <publisher key="publ_2605">Mechetti</publisher> 30 Xr.</bibl>
<bibl id="hofm_1839_09_0121_09"><composer key="compo_020376">Lehmann (Lor.)</composer> <title>Jagd-Galopp f. Pfte</title>. <pubPlace key="place_0044">Berlin</pubPlace>, <publisher key="publ_2455">Lischke</publisher> 4 Gr.</bibl>
<bibl id="hofm_1839_09_0121_10"><composer key="compo_023574">Mohs (Fr.)</composer> <title>Tänze f. Pfte</title>. (Schottischer Walzer, Masurka u. Flora-Galopp.) Ebend. 4 Gr.</bibl>
<bibl id="hofm_1839_09_0121_11"><composer key="compo_023954">Musard</composer>, <title>Le Tourbillon (Der Wirbelwind). Galop p. Pfte</title>. Ebend. 4 Gr.</bibl>
<bibl id="hofm_1839_09_0121_12"><composer key="compo_025706">Pantke (C.)</composer> <title>Breslauer Casino-Lieblings-Tänze f. Pfte. Op. <opus key="opus_0001">1</opus></title>. <pubPlace key="place_0082">Breslau</pubPlace>, <publisher key="publ_4319">Weinhold</publisher> 10 Gr.</bibl>
<bibl id="hofm_1839_09_0121_13"><composer key="compo_026121">Pescatore</composer>, <title>Erinnerung an Crefeld. Galopp f. Pfte. No. 526</title>. <pubPlace key="place_0438">Mainz</pubPlace>, <publisher key="publ_3563">Schott</publisher> 8 Xr.</bibl>
<bibl id="hofm_1839_09_0121_14"><composer key="compo_028584">Roch (F.W.)</composer> <title>Neue und leichte Tänze f. Pfte. No. 1</title>. <pubPlace key="place_0255">Guben</pubPlace>, <publisher key="publ_0268">Berger</publisher> 4 Gr. n.</bibl>
<bibl id="hofm_1839_09_0121_15"><composer key="compo_031251">Schulz (C.J.)</composer> <title>14 Tänze f. Pfte</title>. Ebend. 16 Gr. n.</bibl>
<bibl id="hofm_1839_09_0121_16"><composer key="compo_034535">Thys (A.)</composer> <title>El Zapateado. Pas éspagnol, dansé p. Mlle Noblet et Mdme A. Dupont, p. Pfte</title>. <pubPlace key="place_0069">Bonn</pubPlace>, <publisher key="publ_3791">Simrock</publisher> 75 Ct.</bibl>
<bibl id="hofm_1839_09_0121_17"><composer key="compo_038235">Zogbaum (Gust.)</composer> <title>Mazurka nationale p. Pfte. Oe. <opus key="opus_0684">14</opus></title>. <pubPlace key="place_0044">Berlin</pubPlace>, <publisher key="publ_2455">Lischke</publisher> 4 Gr. </bibl>
</div><div id="hofm_1839_09_0121_div15"><head><hofClass key="hofCl_0250">Märsche für das Pianoforte.</hofClass></head>
<listBibl><bibl id="hofm_1839_09_0121_18"><composer key="compo_002205">Bellini (V.)</composer> <title>Marsch aus der Oper: Die Fremde (La Straniera) f. Pfte v. F. Beyer</title>. <pubPlace key="place_0438">Mainz</pubPlace>, <publisher key="publ_3563">Schott</publisher> 8 Xr.</bibl>
<bibl id="hofm_1839_09_0121_19">— <title>Marsch aus der Oper: Die Nachtwandlerin (La Sonnambula) f. Pfte v. F. Beyer</title>. Ebend. 8 Xr.</bibl>
<bibl id="hofm_1839_09_0121_20">— <title>Marsch aus der Oper: Norma, f. Pfte v. F. Beyer</title>. Ebend. 8 Xr.</bibl>
<bibl id="hofm_1839_09_0121_21">— <title>Marsch aus der Oper: Die Puritaner, f. Pfte v. F. Beyer</title>. Ebend. 8 Xr. <lb/>(Märsche f. Pfte No. 36-39.)</bibl></listBibl>
<bibl id="hofm_1839_09_0121_22"><composer key="compo_030549">Schmidt (E.)</composer> <title>Festmarsch f. Militairmusik zur Vermählung der Prinzessin Elisabeth v. Preussen, f. Pfte einger</title>. <pubPlace key="place_0044">Berlin</pubPlace>, <publisher key="publ_2455">Lischke</publisher> 6 Gr.</bibl>
<bibl id="hofm_1839_09_0121_23"><composer key="compo_030656">Schmitt (J.)</composer> <title>Marche triomphale p. Pfte (in <title>Es</title>.)</title> <pubPlace key="place_0276">Hamburg</pubPlace>, <publisher key="publ_0540">Böhme</publisher> 4 Gr.</bibl>
</div><div id="hofm_1839_09_0121_div16"><head><hofClass key="hofCl_0072">Lehrbücher für das Pianoforte.</hofClass></head>
<bibl id="hofm_1839_09_0121_24"><composer key="compo_014550">Herz (H.)</composer> <title>Méthode de Pfte. Klavierschule. Op. <opus key="opus_0045">100</opus>. 4tes und 5tes Heft</title>. <pubPlace key="place_0438">Mainz</pubPlace>, <publisher key="publ_3563">Schott</publisher> Subscript.-Pr. à 1 Fl. 12 Xr. n.</bibl>
<bibl id="hofm_1839_09_0121_25"><composer key="compo_015612">Hummel (Joh. N.)</composer> <title>Anweisung zum Pftespiel. 2te Aufl. 20ste und letzte Lief. (Mit Titeln, Portraits, Dedication, Inhalt und Vorrede.)</title> <pubPlace key="place_0731">Wien</pubPlace>, <publisher key="publ_1506">Haslinger</publisher> 1 Fl. n.</bibl>
<pb n="122"/>
</div><div id="hofm_1839_09_0122_div17"><head><hofClass key="hofCl_0225">Musik für die Orgel.</hofClass></head>
<bibl id="hofm_1839_09_0122_01"><composer key="compo_009915">Freudenberg (C.)</composer> <title>4 Präludien zu den Liedern. Wie gross ist – Eine feste Burg – Herzlich lieb'– O Traurigkeit, f. Orgel. Op. <opus key="opus_2737">4</opus></title>. <pubPlace key="place_0082">Breslau</pubPlace>, <publisher key="publ_2386">Leuckart</publisher> 8 Gr.</bibl>
<bibl id="hofm_1839_09_0122_02"><composer key="compo_028447">Rinck (C.H.)</composer> <title>Die drei ersten Monate auf der Orgel, eigen componirt, als eine leichte Einleitung, dieses erhabene Instrument spielen zu lernen. Op. <opus key="opus_0427">121</opus></title>. <pubPlace key="place_0069">Bonn</pubPlace>, <publisher key="publ_3791">Simrock</publisher> 5 Fr. 50 Ct.</bibl>
</div><div id="hofm_1839_09_0122_div18"><head><hofClass key="hofCl_0210">Musik für die Harfe.</hofClass></head>
<bibl id="hofm_1839_09_0122_03"><composer key="compo_014550">Herz (H.)</composer> et <composer key="compo_019644">Th. Labarre</composer>, <title>Grand Duo du Couronnement, p. Harpe et Pfte. Oe. <opus key="opus_0137">104</opus>, in <key>B</key></title>. <pubPlace key="place_0438">Mainz</pubPlace>, <publisher key="publ_3563">Schott</publisher> 2 Fl. 24 Xr.</bibl>
</div><div id="hofm_1839_09_0122_div19"><head><hofClass key="hofCl_0068">Kirchenmusik.</hofClass></head>
<bibl id="hofm_1839_09_0122_04"><composer key="compo_004586">Buck (J.F.)</composer> und <composer key="compo_035867">C.W.L. Wagner</composer>, <title>Choralbuch der protestantischen Kirchengemeinde des Königreichs Baiern, f. 4 Männerstimmen, zum Gebrauche f. Schullehrer-Seminarien, Gymnasien etc</title>. <pubPlace key="place_0037">Bayreuth</pubPlace>, <publisher key="publ_4141">Verfasser</publisher> 3 Fl. 36 Xr. n.</bibl>
<bibl id="hofm_1839_09_0122_05"><composer key="compo_009428">Fischer (W.)</composer> <title>333 Choral Melodieen f. höhere u. niedere Schulklassen als auch zum kirchl. u. häusl. Gebrauche (einstimmig) nebst 12 Begräbniss-Arien f. Disc., 2 Alte (od. Alt und Ten.) u. Bass. 8vo. (5 Bogen.)</title> <pubPlace key="place_0083">Brieg</pubPlace>, <publisher key="publ_4477">Wollmann</publisher> geh. 4 Gr. n.</bibl>
<bibl id="hofm_1839_09_0122_06"><composer key="compo_015045">Hoffmann (C.J.A.H.)</composer> <title>Messe f. Sopr., Alt, Ten. u. Bass, 2 Viol., Alt, Flöte, 2 Clar., 2 Hörner, 2 Tromp., Pauken (3 Posaunen ad lib.), Vclle, Bass u. Orgel. Op. <opus key="opus_0927">16</opus></title>. <pubPlace key="place_0082">Breslau</pubPlace>, <publisher key="publ_2386">Leuckart</publisher> 2 Thlr. 6 Gr.</bibl>
<bibl id="hofm_1839_09_0122_07"><composer key="compo_033665">Strube (Ch.)</composer> <title>Choralbuch. 2te Lief</title>. <pubPlace key="place_0742">Wolfenbüttel</pubPlace>, <publisher key="publ_1756">Holle</publisher> Subscript.-Preis 6 Gr. n.</bibl>
</div><div id="hofm_1839_09_0122_div20"><head><hofClass key="hofCl_0102">Mehrstimmige Gesänge mit und ohne Pianoforte.</hofClass></head>
<bibl id="hofm_1839_09_0122_08"><composer key="compo_001435">Banck (Carl)</composer> <title>Meeresfahrt. Gedichte von O.L.B. Wolff. 6 Duetten f. Gesang m. Begl. d. Pfte. Op. <opus key="opus_2458">35</opus>. Heft. 1, Morgen (Die Segel stolz sich blähen — Die Sonne taucht empor), Heft 2, Mittag (Dem Vogel gleich im Flug — Sanfte Lüfte tragen). Heft 3, Abend und Nacht (Glühend sinkt die Sonne — Tiefes Dunkel ruhet auf dem Meer)</title>. <pubPlace key="place_0392">Leipzig</pubPlace>, <publisher key="publ_1746">Hofmeister</publisher> à 14 Gr.</bibl>
<bibl id="hofm_1839_09_0122_09"><composer key="compo_003173">Blangini (Fel.)</composer> <title>Notturno a 2 Voci c. Pfte: Da quel sembiante (Von deinen holden Blicken</title>). <pubPlace key="place_0044">Berlin</pubPlace>, <publisher key="publ_2455">Lischke</publisher> 4 Gr.</bibl>
<bibl id="hofm_1839_09_0122_10">– <title>Notturno a 2 Voci c. Pfte: Come fugace (Selige Zeit)</title>. Ebend. 4 Gr.</bibl>
<bibl id="hofm_1839_09_0122_11"><composer key="compo_011085">Gersbach's (Jos. + 1830)</composer> <title>Liedernachlass. Mehrstimmige Gesänge für gemischten Chor und Männerstimmen, herausgegeben durch Ant. Gersbach. <format>Partitur</format>. (48 Bogen.)</title> quer 4to. <pubPlace key="place_0199">Frankfurt</pubPlace>, <publisher key="publ_3395">Sauerländer</publisher> geh. 1 Thlr. 12 Gr. n.</bibl>
<bibl id="hofm_1839_09_0122_12"><composer key="compo_016840">Kalliwoda (J.W.)</composer> <title>6 Gesänge f. Sopran, Alt, Tenor u. Bass mit willk. Begl. d. Pfte. Op. <opus key="opus_4738">99</opus>. <format>Partitur u. Stimmen</format>. (Kommt! lasst uns ausspazieren — Ein Lied in Ehren — Ueber die hellen funkelnden Wellen — Die Abendglocke schallet, — Zum Reigen herbei — Wie geht so klar und munter</title>). <pubPlace key="place_0392">Leipzig</pubPlace>, <publisher key="publ_3023">Peters</publisher> 1 Thlr. 8 Gr.</bibl>
<bibl id="hofm_1839_09_0122_13"><composer key="compo_032275">Silcher (F.)</composer> <title>12 Volkslieder, gesammelt u. für 4 Männerstimmen gesetzt. Op. <opus key="opus_2187">31</opus>. 6tes Heft</title>. <pubPlace key="place_0693">Tübingen</pubPlace>, <publisher key="publ_2311">Laupp</publisher> 1 Fl. 12 Xr. n.</bibl>
<pb n="123"/>

</div><div id="hofm_1839_09_0123_div21"><head><hofClass key="hofCl_0268">Opernmusik mit Pianofortebegleitung.</hofClass></head><bibl id="hofm_1839_09_0123_01"><composer key="compo_000089">Adam (A.)</composer> <title>Regine. Komische Oper in 2 Acten nach d. Franz. d. Scribe. <format>Vollständiger Klavier-Auszug</format> mit deutschem u. französischem Texte</title>. <pubPlace key="place_0438">Mainz</pubPlace>, <publisher key="publ_3563">Schott</publisher> geh, 9 Fl.</bibl>
<wip id="hofm_1839_09_0123_02"><composer key="compo_002077">Beethoven (L.v.)</composer> <title>Fidelio, Oper</title>. <title>No.1, Duett: Jetzt Schätzchen</title>, 10 Gr. <title>No.2, Arie: O wär' ich schon</title>, 6 Gr. <title>No. 3, Quartett: Mir ist so wunderbar</title>, 6 Gr. <title>No. 4, Arie: Hat man nicht auch Gold</title>, 4 Gr. <title>No. 5, Terzett: Gut, Söhnchen</title>, 12 Gr. <title>No. 6 u. 7, Marsch u. Arie mit Chor: Ha! welch ein Augenblick</title>, 8 Gr. <title>No. 8, Duett: Jetzt, Alter, jetzt</title>. 8 Gr. <title>No. 9, Rec. u. Arie: Komm Hoffnung</title>, 8 Gr. <title>No. 10, Finale: O welche Lust</title>, 1 Thlr. 8 Gr. <title>No. 11, Introduction: Gott! welch Dunkel</title>, 8 Gr. <title>No. 12, Melodramma u. Duett: Nur hurtig fort</title>, 8 Gr. <title>No. 13, Terzett: Euch werde Lohn</title>, 8 Gr. <title>No. 14, Quartett: Er sterbe</title>, 12 Gr. <title>No. 15, Duett: O namelose Freude</title>, 6 Gr. <title>No. 16, Finale: Heil! sei dem Tag</title>, 1 Thlr. <pubPlace key="place_0392">Leipzig</pubPlace>, <publisher key="publ_0437">Br. u. Härtel</publisher>.</wip><wip id="hofm_1839_09_0123_03"><composer key="compo_006842">Dessauer (J.)</composer> <title>Ein Besuch in St. Cyr, komische Oper</title>. <title>No. 1, Introduction (Tenor, Bass u. Männerchor): Wir biethen mit fröhlicher Weise</title>, 18 Gr. <title>No. 6, Introduction (Mädchenchor): Brava! Brava! das fiel ganz vortrefflich aus</title>, 10 Gr. <title>No. 7, Terzett (3 Soprane): Ja, ihr offenes Benehmen</title>, 20 Gr. <title>No. 14. Duett (Sopran u. Tenor): Selige Stunde! himmlische Kunde</title>, 12 Gr. <title>No. 15, Arie (Sopran): Habe das Mündchen an rechter Stelle</title>, 8 Gr. <title>No. 16, Duett (Sopran u. Bass): Glauben Sie, in ganz Europa</title>, 12 Gr. <pubPlace key="place_0392">Leipzig</pubPlace>, <publisher key="publ_1746">Hofmeister</publisher>.</wip>
<wip id="hofm_1839_09_0123_04"><composer key="compo_034469">Thomas (A.)</composer> <title>Der Blumenkorb (Le Panier fleuri). Komische Oper in einem Acte</title>. <title>No. 1, Chor der Trinker: Ha! wie schön ist's hier (Au Panier fleuri)</title> 6 Gr. <title>No. 2, Lied: Es traf mein Herz (Je n'ai pas encore)</title> 6 Gr. <title>No. 3, Lied: Beruh'ge dich (Rassurez vous)</title> 6 Gr. <title>No. 4, Duett: Ich müsste dich, mein Freund (J'ai bien appris)</title> 16 Gr. <title>No. 5, Rec. u. Menuett: Sei mir gegrüsst (Salut à vous)</title> 6 Gr. <title>No. 6, Terzett: Sagt, ihr Herren (Que desirez vous)</title> 1 Thlr. <title>No. 7, Arie: Ihr guten Herren, (Mes beaux Seigneurs)</title> 10 Gr. <title>No. 8, Quartett (Finale): Du lausches sorgsam (A la Consigne)</title> 20 Gr. <pubPlace key="place_0392">Leipzig</pubPlace>, <publisher key="publ_0437">Br. u. Härtel</publisher>. </wip>

</div><div id="hofm_1839_09_0123_div22"><head><hofClass key="hofCl_0040">Gesänge für eine Stimme mit Begleitung des Pianoforte.</hofClass></head>
<wip id="hofm_1839_09_0123_05"><composer key="compo_001435">Banck (Carl)</composer> <title>Halle der Völker. Poësieen verschiedener Nationen, deutsch von O.L.B. Wolff. Op. <opus key="opus_2576">37</opus></title>. <title>No. 1, Pater und Nönnchen. Spott-und Walzlied. Holländisch, f. Bass oder Bariton. (Es ging ein Paterchen an den Rand)</title> 6 Gr. <title>No. 2, Der Ostergang zum Liebchen: Deutsch. (Schwarz-braunes Babeli)</title> 4 Gr. <title>No. 3, Weltlich Recht. Deutsch. (Joseph, lieber Joseph)</title> 6 Gr. <title>No. 4, Der Ungarknabe. Ungarisch. (Nun Wirthin, hübsches Vögelchen)</title> 4 Gr. <title>No. 5, Liebesschmerz. Portuguesisch. (Grausames Sehnen glühender Liebe)</title> 6 Gr. <title>No. 6, Der kleine Bootsmann und die Königstochter. Dänisch. (Jungfrau sass im Kämmerlein)</title> 4 Gr. <pubPlace key="place_0392">Leipzig</pubPlace>, <publisher key="publ_1746">Hofmeister</publisher>.</wip>
<pb n="124"/>
<bibl id="hofm_1839_09_0124_01"><composer key="compo_001435">Banck (Carl)</composer> <title>3 Lieder</title>. <pubPlace key="place_0276">Hamburg</pubPlace>, <publisher key="publ_3605">Schuberth u. Co</publisher>. 14 Gr.</bibl>
<wip id="hofm_1839_09_0124_02">— Dieselben einzeln: <title>No. 1, Beim Wandern (Der Mai ist auf dem Wege)</title> 6 Gr. <title>No. 2, Beim Becher (Als ich zum Trinken mich gesetzt)</title> 6 Gr. <title>No. 3, Matrosenlust (Lustiger Matrosensang)</title> 4 Gr. Ebend.</wip>
<bibl id="hofm_1839_09_0124_03"><composer key="compo_002077">Beethoven (L.v.)</composer> <title>An Sie, gesungen v. Jul. Egersdorff. (O Du, nach der sich alle meine Wünsche lenken)</title>. <pubPlace key="place_0280">Hannover</pubPlace>, <publisher key="publ_4480">Woltmann</publisher> 2 Gr.</bibl>
<bibl id="hofm_1839_09_0124_04"><composer key="compo_004123">Braune (F.W. Otto)</composer> <title>Der Exerciermeister. Launiges Gedicht. Op. <opus key="opus_1999">28</opus>. (Ich habe tüchtig exerciert)</title>. <pubPlace key="place_0044">Berlin</pubPlace>, <publisher key="publ_2455">Lischke</publisher> 10 Gr.</bibl>
<bibl id="hofm_1839_09_0124_05"><composer key="compo_006720">Dellmer (F.)</composer> <title>Das Schneeglöckchen am Grabe, gesungen von Jul. Egersdorff. (Schraut doch, was hebt sich in Lilien-Pracht!)</title> <pubPlace key="place_0280">Hannover</pubPlace>, <publisher key="publ_4480">Woltmann</publisher> 6 Gr.</bibl>
<bibl id="hofm_1839_09_0124_06"><composer key="compo_009923">Freudenthal (Jul.)</composer> <title>3 Balladen f. Bass oder Bariton. Op. <opus key="opus_2458">35</opus>. (Nirgends Ruhe, nirgends Rast – Nach Frankreich zogen zwei Grenadier' – Der Förster ging zu Fest und Schmaus,)</title> <pubPlace key="place_0392">Leipzig</pubPlace>, <publisher key="publ_0437">Br. u. Härtel</publisher> 20 Gr.</bibl>
<bibl id="hofm_1839_09_0124_07"><composer key="compo_018432">Kotte (K.G.)</composer> <title>5 Lieder. (Wenn die Abendröthe – Holdes Liebchen, gute Nacht! – Liebchen lass dich küssen – Die Mutter wird mich fragen –  So herzig wie mein Liesel)</title>. <pubPlace key="place_0276">Hamburg</pubPlace>, <publisher key="publ_0540">Böhme</publisher> 10 Gr.</bibl>
<bibl id="hofm_1839_09_0124_08"><unclear><composer key="compo_019507">Kücken (Fr.)</composer></unclear> <title>3 Gesänge. Op. <opus key="opus_1584">22</opus>. (Des Morgens, wenn die Hähne krähen – Ruhe, süss Liebchen, im Schatten – Hinaus in des Waldes Grün)</title>. <pubPlace key="place_0276">Hamburg</pubPlace>, <publisher key="publ_3605">Schuberth u.Co</publisher>. 12 Gr.</bibl>
<bibl id="hofm_1839_09_0124_09"><composer key="compo_021681">Löwe (C.)</composer> <title>Kleiner Haushalt. Lyrische Fantasie von Fr. Rückert. Op. <opus key="opus_4018">71. No. 1</opus> der lyrischen Fantasien. (Eisen Haushalt klein und fein)</title> m. Vign. <pubPlace key="place_0082">Breslau</pubPlace>, <publisher key="publ_0640">Cranz</publisher> 12 Gr.</bibl>
<bibl id="hofm_1839_09_0124_10"><composer key="compo_022385">Marxsen (Ed.)</composer> <title>Der traurende Rabbi, f. Bariton. (Weinest schon so lange)</title>. <pubPlace key="place_0276">Hamburg</pubPlace>, <publisher key="publ_0540">Böhme</publisher> 4 Gr.</bibl>
<wip id="hofm_1839_09_0124_11"><title>Moser's Wiener Local-Gesänge. 1ste Abth</title>. <title>No. 8, Moser (J.B.) Alt und neue Zeit. (Von Jahr zu Jahr ändern sich die Zeiten)</title> 45 Xr. <title>No. 9, Moser (J.B.) Alt und neue Welt. Die Welt steht itzt doch schon)</title> 45 Xr. <title>No. 10 Auber, La Gitana. (In der Welt, die so gross)</title> 1 Fl. 15 Xr. 2te Abth. <title>No. 11, Hopp (Jul.) Heirathen. (Heirathen, o bei Lieb')</title> 30 Xr. <pubPlace key="place_0731">Wien</pubPlace>, <publisher key="publ_1506">Haslinger</publisher>.</wip>
<bibl id="hofm_1839_09_0124_12"><composer key="compo_027982">Reissiger (C.G.)</composer> <title>Cytherens Schmiedemeister. In die Höh'! Scheneidermuth. Der erste Rausch. Trinklied. In's Weinhaus. Sechs komische Lieder f. Bass oder Bariton. Op. <opus key="opus_0754">145</opus>, 45ste Liedersammlung. 15te Sammlung f. Bass. (Kommt und hört den Meister an, — Viel Essen macht viel breiter — Und als die Schneider revoltirt — Als sich Noah vom ersten Wein — Alles in der Welt ist eitel — In's Weinhaus treibt mich diess und das)</title>. <pubPlace key="place_0392">Leipzig</pubPlace>, <publisher key="publ_1746">Hofmeister</publisher> 10 Gr.</bibl>
<bibl id="hofm_1839_09_0124_13"><composer key="compo_031606">Schärtlich (J.C.)</composer> <title>4 Gesänge der Potsdamer Liedertafel f. Sopran od. Tenor arr. Op. <opus key="opus_4300">8</opus>. (Wenn ich dich, Bärbel, seh' — Ich freu' mich, dass es 'n Strassel giebt — Ich kenne ein Plätzchen — O Hoffnung, theures Kleinòd)</title>. <pubPlace key="place_0553">Potsdam</pubPlace>, <publisher key="publ_1779">Horvath</publisher> 12 Gr. n.</bibl>
<bibl id="hofm_1839_09_0124_14"><composer key="compo_031845">Seemann (Ad.)</composer> <title>Mein Verlust. (Als die Maid noch auf mich schaute)</title>. <pubPlace key="place_0280">Hannover</pubPlace>, <publisher key="publ_4480">Woltmann</publisher> 6 Gr.</bibl>
<wip id="hofm_1839_09_0124_15"><composer key="compo_032803">Spontini (Gasp.)</composer> <title>6 Oeuvres nouvelles</title>. <title>No, 1, Il fant mourir. Es entflieht der Liebe Glück. Romance</title>. 4 Gr. <title>No. 2, Le Depart. Der Abschied</title>. 8 Gr. <pubPlace key="place_0392">Leipzig</pubPlace>, <publisher key="publ_0437">Br. et Härtel</publisher>. </wip>
<bibl id="hofm_1839_09_0124_16"><composer key="compo_034574">Tietz (Ph.)</composer> <title>4 Lieder f. Sopran od. Tenor. (Wiege mich ein, du Mutter süssen Trostes — Heiter blick' ich ohne Reue — Auf eines Berges Gipfel —Siehst du am Abend die Wolken zieh'n)</title>. <pubPlace key="place_0280">Hannover</pubPlace>, <publisher key="publ_4480">Woltmann</publisher> 14 Gr.</bibl>
<pb n="125"/>
<bibl id="hofm_1839_09_0125_01"><composer key="compo_034574">Tietz (Ph.)</composer> <title>Zecher's Reiselied f. Tenor. (Wie reis' ich weit in einer Stunde)</title> <pubPlace key="place_0280">Hannover</pubPlace>, <publisher key="publ_4480">Woltmann</publisher> 4 Gr.</bibl>
<bibl id="hofm_1839_09_0125_02"><title>Volkslied (allemannisches) vorgetragen v. Max. Stark aus Pesth. (Mei Dirnderl is harb auf mi,)</title> <pubPlace key="place_0044">Berlin</pubPlace>, <publisher key="publ_0224">Bechtold u. H</publisher>. 4 Gr.</bibl>
<bibl id="hofm_1839_09_0125_03"><composer key="compo_036037">Wallerstein (Ant.)</composer> <title>Lieder aus meinem Tagebuche. 1stes Heft. Op. <opus key="opus_0021">10</opus></title>. <pubPlace key="place_0280">Hannover</pubPlace>, <publisher key="publ_2808">Nagel</publisher> 18 Gr.</bibl>
<wip id="hofm_1839_09_0125_04">— Heiraus einzeln: <title>No. 1, Liebessprache (An deinem Herzen ruh' ich still)</title> 6 Gr. <title>No. 2, Lied von Rückert (Herz nun so alt)</title> 3 Gr. <title>No. 3, Immer mehr' (Ich möchte sie wohl sehen)</title> 3 Gr. <title>No. 4, Herbstlied (Sieh' die Schwalben vor dem Fenster)</title> 4 Gr. <title>No. 5, An die Erwählte (Hand in Hand)</title> 8 Gr. <title>No. 6, Lied v. Bulwer (Gehabt euch wohl denn)</title> 4 Gr. Ebend.</wip>
<wip id="hofm_1839_09_0125_05"><composer key="compo_036519">Weiss (Jul.)</composer> <title>Die Liebe der Blumen. Op. <opus key="opus_3565">6</opus></title>. <title>No. 1, Waldröslein. (Waldröslein stand an der Quelle)</title> 8 Gr. <title>No. 2, Blümlein und Johanniswurm. (Es stand im Wiesengrunde)</title> 6 Gr. <title>No. 3, Nachtviole. (Es stieg aus heil'gen Tiefen)</title> 8 Gr. <pubPlace key="place_0044">Berlin</pubPlace>, <publisher key="publ_2455">Lischke</publisher>.</wip>
<bibl id="hofm_1839_09_0125_06"><composer key="compo_037276">Wiseneder (Caroline)</composer> <title>Mein Wunsch und Gretchens Beichte. Zwei Gedichte. (Wär' ich eine Nachtigall — Wieder ist es lange zehn)</title>. <pubPlace key="place_0280">Hannover</pubPlace>, <publisher key="publ_4480">Woltmann</publisher> 4 Gr.</bibl>
</div><div id="hofm_1839_09_0125_div23"><head><hofClass key="hofCl_0047">Gesänge mit Begleitung der Guitarre.</hofClass></head>
<bibl id="hofm_1839_09_0125_07"><composer key="compo_001079">Auber (D.F.E.)</composer> <title>Aragonaise de l'Opéra : Le Domino noir, arr. av. Acc. de Guit. p. Carcassi. (Ines so schön — La belle Inès)</title>. Auswahl No. 261. <pubPlace key="place_0438">Mainz</pubPlace>, <publisher key="publ_3563">Schott</publisher> 18 Xr.</bibl>
<wip id="hofm_1839_09_0125_08"><composer key="compo_022297">Marschner (H.)</composer> <title>Lieder u. Gesänge m. Begl. d. Guit</title>. <title>No. 3. Liebchen wo bist du (Zaubrer bin ich)</title> 6 Gr. <title>No. 4, Der Verlust (Gieb mir meine Selle wieder)</title> 3 Gr. <title>No. 5, Ueberfahrt (Ich stieg in den leichten schwankenden Kahn)</title> 3 Gr. <pubPlace key="place_0280">Hannover</pubPlace>, <publisher key="publ_2808">Nagel</publisher>.</wip>
</div><div id="hofm_1839_09_0125_div24"><head><hofClass key="hofCl_0077">Lehrbücher für den Gesang.</hofClass></head>
<bibl id="hofm_1839_09_0125_09"><composer key="compo_006234">Curschmann (Fr.)</composer> <title>6 Solfeggien f. Sopran oder Tenor m. Begl. d. Pfte. Op. <opus key="opus_1390">20</opus>, 1stes Heft</title>. <pubPlace key="place_0276">Hamburg</pubPlace>, <publisher key="publ_3605">Schuberth u. Co</publisher>. 1 Thlr.</bibl>
<bibl id="hofm_1839_09_0125_10"><composer key="compo_015266">Holtsch (C.)</composer> <title>Gesangschule. 1stes Heft</title>. quer 4to. <pubPlace key="place_0255">Guben</pubPlace>, <publisher key="publ_0268">Berger</publisher> 10 Gr. n.</bibl>
<bibl id="hofm_1839_09_0125_11"><composer key="compo_022135">Mannstein (H.F.)</composer> <title>Die gesammte Praktik der classischen Gesangkunst</title>. gr. 4to. <pubPlace key="place_0147">Dresden</pubPlace>, <publisher key="publ_0096">Arnold</publisher> geh. 1 Thlr. n.</bibl>
<bibl id="hofm_1839_09_0125_12"><composer key="compo_028254">Richter (E.)</composer> <title>Unterrichtlich geordnete Sammlung von ein-, zwei-, drei- und vierstimmigen Sätzen, Liedern, Canons und Chorälen f. Volksschulen in 2 Abth. 1ste Abth. enth. Singstoff f. d. allerersten Gesangunterricht in 119 Sätzen, Liedern und Chorälen. 3te verb. u. verm. Auflage. 8vo</title>. <pubPlace key="place_0082">Breslau</pubPlace>, <publisher key="publ_0640">Cranz</publisher> geh. 4 Gr. n.</bibl>
<bibl id="hofm_1839_09_0125_13"><composer key="compo_031606">Schärtlich (J.C.)</composer> <title>Erste Stimme zu dem zweiten Theile der umfassenden Gesangsschule. 8vo</title>. <pubPlace key="place_0553">Potsdam</pubPlace>, <publisher key="publ_1779">Horvath</publisher> 6 Gr. n.</bibl>
</div><div id="hofm_1839_09_0125_div25"><head><hofClass key="hofCl_0287">Theoretische Werke.</hofClass></head>
<bibl id="hofm_1839_09_0125_14"><author>Becker (C.F.)</author> <title>Systematisch-chronologische Darstellung der musikalischen Literatur von der frühesten bis auf die neuste Zeit. Nachtrag. 4to</title>. <pubPlace key="place_0392">Leipzig</pubPlace>, <publisher key="publ_1118">Friese</publisher> geh. 1 Thlr. 8 Gr. n.</bibl>
<pb n="126"/>
<bibl id="hofm_1839_09_0126_01"><author>Becker (C.F.)</author> <title>Die Hausmusik in Deutschland in dem 16ten, 17ten und 18ten Jahrhunderte. Materialien zu einer Geschichte desselben, nebst einer Reihe Vocal- und Intrumental- Stücke zur nähren Erläuterung. 4to</title>. <pubPlace key="place_0392">Leipzig</pubPlace>, <publisher key="publ_1010">Fest</publisher> geh. 2 Thlr. n.</bibl>
<bibl id="hofm_1839_09_0126_02"><author>Planitzer (J.C.)</author> <title>Die Lehre von den Uebergängen. Ein Theil der theoretischen Musik, möglichst systematisch bearbeitet. <edition>2te Ausg</edition>. 8vo</title>. <pubPlace key="place_0392">Leipzig</pubPlace>, <publisher key="publ_1118">Friese</publisher> 6 Gr.</bibl>
<bibl id="hofm_1839_09_0126_03"><title>Vocabulaire de Locutions et des Mots italiens, usités dans la Musique. 8vo</title>. <pubPlace key="place_0438">Mainz</pubPlace>, <publisher key="publ_3563">Schott</publisher> 9 Xr. n.</bibl>
<bibl id="hofm_1839_09_0126_04"><title>Wörterbuch (kurzgefasstes) der in der Musik gebräuchlichten italienischen Wörter und Redensarten. 8vo</title>. <pubPlace key="place_0438">Mainz</pubPlace>, <publisher key="publ_3563">Schott</publisher> 9 Xr. n.</bibl>
</div><div id="hofm_1839_09_0126_div26"><head><hofClass key="hofCl_0284">Textbuch.</hofClass></head>
<bibl id="hofm_1839_09_0126_05"><title>Regine, oder zwei Nächte. Komische Oper nach dem Französischen des Scribe vom <author>Freiherrn von Lichtenstein</author>. Musik von A. Adam. 8vo</title>. <pubPlace key="place_0438">Mainz</pubPlace>, <publisher key="publ_3563">Schott</publisher> 12 Xr. n.</bibl>
</div></body></text></TEI.2>