<?xml version="1.0" encoding="utf-8"?>
<!DOCTYPE TEI.2
  SYSTEM "../../dtd/tei/cch_tei.dtd">
<TEI.2 id="hofm_1839_05">
<teiHeader type="text"><fileDesc><titleStmt><title>Mai 1839</title></titleStmt><publicationStmt><p/></publicationStmt><sourceDesc><p/></sourceDesc></fileDesc><profileDesc><langUsage><language id="ger">German</language><language id="fre">French</language><language id="ita">Italian</language></langUsage></profileDesc><revisionDesc><change><date>2007-04-27</date><respStmt><name>RV</name></respStmt><item>Changed "biblGroup" elements in "listBibl"</item></change><change><date>2007-03-02</date><respStmt><name>EP</name></respStmt><item>Checked curly brackets</item></change><change><date>2007-02-26</date><respStmt><name>EP</name></respStmt><item>Encoded curly brackets</item></change><change><date>2006-12-19</date><respStmt><name>EP</name></respStmt><item>sic and unclear moved outside elements pubplaces, publisher, composer, hofclass, key, opus</item></change><change><date>2007-03-28</date><respStmt><name>Liz</name></respStmt> 
<item>p. 54, Peters = publisher (not composer)</item></change><change><date>2006-01-16</date><respStmt><name>Liz</name></respStmt> 
<item>p. 53 Offenbach place (not publisher)</item></change><change><date>2006-01-13</date><respStmt><name>Liz</name></respStmt> 
<item>p. 61, Natan n - n moved to outside publisher tags</item></change><change><date>2005-10-21</date><respStmt><name>Liz</name></respStmt> 
<item>very last entry, * outside opening tag</item></change><change><date>2005-07-21</date><respStmt><name>Mekala</name></respStmt> 
<item>Checking Screens and Final Revisions</item></change><change><date>2005-05-12</date><respStmt><name>Mekala</name></respStmt><item>Revised for &lt;album&gt; and Checking Screens </item></change><change><date>2005-02-10</date><respStmt><name>Mekala</name></respStmt><item>revisions following feed back Feb. 10, 2005</item></change><change><date>2005-02-08</date><respStmt><name>Mekala</name></respStmt><item>Revisions following feedback Feb. 8, 2005</item></change><change><date>2005-01-31</date><respStmt><name>Mekala</name></respStmt><item>Revisions following feedback Jan. 13, 14, &amp; 24, 2005</item></change><change><date>2004-12-20</date><respStmt><name>Mekala</name></respStmt><item>Revisions following feedback Dec.15,2004</item></change><change><date>2004-12-07</date><respStmt><name>Mekala</name></respStmt><item>Revisions following feedback Dec. 7</item></change><change><date>2004-12-03</date><respStmt><name>Mekala</name></respStmt><item>Revisions following feedback Nov. 30, 2004</item></change><change><date>2004-11-12</date><respStmt><name>Mekala</name></respStmt><item>removal of redundant &lt;pb/&gt;</item></change><change><date>2004-10-25</date><respStmt><name>Mekala</name></respStmt><item>revisions following Oct. 1839 changes</item></change><change><date>2004-10-19</date><respStmt><name>Mekala</name></respStmt><item>revisions following Oct. 19, 2004 changes</item></change><change><date>2004-09-22</date><respStmt><name>Mekala</name></respStmt><item>First Coding May 1839-removed price tags</item></change></revisionDesc></teiHeader>

<text><body><pb n="50"/><head>Mai 1839.</head><div id="hofm_1839_05_0050_div01"><head><hofClass key="hofCl_0164">Musik für das Orchester.</hofClass></head>
<bibl id="hofm_1839_05_0050_01"><composer key="compo_002348">Bennett (W. Sterndale)</composer> <title>Die Waldnymphe. Ouverture f. grosses Orchester. Op. <title>20</title>, in <title>F</title></title>. <pubPlace key="place_0392">Leipzig</pubPlace>. <publisher key="publ_2017">Kistner</publisher> 3 Thlr. 16 Gr.</bibl>
<wip id="hofm_1839_05_0050_02"><composer key="compo_020014">Lanner (Jos.)</composer> <title>Beliebte Walzer und Galoppen f. Orchester</title>. <title>No. 42, Roccoco-Walzer. Op. <opus key="opus_0641">136</opus></title>. 3 Fl. <title>No. 43. Quadrille. Op. <opus key="opus_0651">137</opus></title>. 2 Fl. <pubPlace key="place_0731">Wien</pubPlace>, <publisher key="publ_2605">Mechetti</publisher>.</wip>
<bibl id="hofm_1839_05_0050_03"><composer key="compo_022904">Mendelssohn-Bartholdy (F.)</composer> <title>Ouverture f. Harmoniemusik (4 Clarinetti, 2 Oboi, Flauto, Piccolo, 2 Corni di Basetto, 2 Fagotti, 4 Corni, Contrafagotto, engl. Basshorn (Od. Ophicleïde) 2 Clarini, 3 Tromboni u. Janitscharen.) Op. <opus key="opus_1731">24</opus>, in <key>C</key></title>. <pubPlace key="place_0069">Bonn</pubPlace>, <publisher key="publ_3791">Simrock</publisher> 15 Fr.</bibl>
<bibl id="hofm_1839_05_0050_04"><composer key="compo_025955">Pearsall (R.L.)</composer> <title>Grosse characteristische Ouverture zu Shakespear’s Macbeth, als Einleitung zu den berhühmten Hexenchören in dieser Tragödie, f. grosses Orchester. Op. <opus key="opus_1802">25</opus>, in <key>Dm</key></title>. <pubPlace key="place_0438">Mainz</pubPlace>, <publisher key="publ_3563">Schott</publisher> 3 Fl.</bibl>
<bibl id="hofm_1839_05_0050_05"><composer key="compo_027032">Preyer (Gottfr.)</composer> <title>Erste Sinfonie f. Orchester. Op. <opus key="opus_0927">16</opus>, in <key>Dm</key>. <format>Partitur</format></title>. <pubPlace key="place_0731">Wien</pubPlace>, <publisher key="publ_0735">Diabelli u. Co</publisher>. 7 Fl. 30 Xr.</bibl>
<bibl id="hofm_1839_05_0050_06">– Idem. In <format>Auflagestimmen</format>. Ebend. 12 Fl. 30 Xr.</bibl>
<bibl id="hofm_1839_05_0050_07"><composer key="compo_033566">Strauss (J.)</composer> <title>Galoppen f. Orchester. No. 10, Versailler-Galopp. Op. <opus key="opus_0182">107</opus></title>. <pubPlace key="place_0731">Wien</pubPlace>, <publisher key="publ_1506">Haslinger</publisher> 1 Fl. 30 Xr.</bibl>
<bibl id="hofm_1839_05_0050_08"><composer key="compo_033607">Streck (P.)</composer> <title>6 Augsburger Lagermärsche, für Militairmusik. <format>Partitur</format></title>. <pubPlace key="place_0475">München</pubPlace> (<pubPlace key="place_0392">Leipzig</pubPlace>, <publisher key="publ_1746">Hofmeister</publisher>) 5 Fl.</bibl>
<bibl id="hofm_1839_05_0050_09">– <title>Feld-Manöver (grosses musikalisches); militairisches Potpourri, f. Militairmusik</title>. <format>Partitur</format>. Ebend. 7 Fl.</bibl>
<bibl id="hofm_1839_05_0050_10">– <title>Militairische Märsche (8) f. Militairmusik. <format>Partitur</format></title>. Ebend. 6 Fl.</bibl>
<bibl id="hofm_1839_05_0050_11">– <title>Schlacht bei Waterloo, grosses militairisches Potpourri, f. Militairmusik. <format>Partitur</format></title>. Ebend. 7 Fl.</bibl>
<bibl id="hofm_1839_05_0050_12">– Idem. <edition>Prachtausgabe</edition>. Ebend. 8 Fl.</bibl>
<bibl id="hofm_1839_05_0050_13">– <title>Walpurgisnacht, grosses Potpourri aus der Oper: Die Hugenotten, von Meyerbeer, f. Militairmusik. <format>Partitur</format></title>. Ebend. 6 Fl.</bibl>
<bibl id="hofm_1839_05_0050_14"><composer key="compo_035416">Verhulst (J.J.H.)</composer> <title>Ouverture f. Orchester No. 1 Herausgegeben von dem Vereine zur Beförderung der Tonkunst in Rotterdam</title>. <pubPlace key="place_0592">Rotterdam</pubPlace>, <publisher key="publ_2976">Paling</publisher> (<pubPlace key="place_0392">Leipzig</pubPlace>, <publisher key="publ_3023">Peters</publisher>) 2 Thlr. 16 Gr.</bibl>
<bibl id="hofm_1839_05_0050_15">– <title>Ouverture à grand Orchestre. No. 2, in <key>Cm</key></title>. Ebend. 3 Thlr.</bibl>
</div><div id="hofm_1839_05_0050_div02"><head><hofClass key="hofCl_0245">Musik für die Violine.</hofClass></head>
<bibl id="hofm_1839_05_0050_16"><composer key="compo_000092">Adam (Ad.)</composer> <title>Air choisies de l’Opéra : Le fidèle Berger arr. p. Violon</title>. <pubPlace key="place_0438">Mainz</pubPlace>, <publisher key="publ_3563">Schott</publisher> 24 Xr.</bibl>
<bibl id="hofm_1839_05_0050_17"><composer key="compo_003342">Blumenthal (Jos. de)</composer> <title>Trois grands Duos concertans p. Violon et Alto. Oe. <opus key="opus_4354">81</opus>. Liv. 1, in <key>C</key></title>. <pubPlace key="place_0392">Leipzig</pubPlace>, <publisher key="publ_1746">Hofmeister</publisher> 14 Gr.</bibl>
<bibl id="hofm_1839_05_0050_18"><composer key="compo_008564">Ernst (H.W.)</composer> <title>3 Rondinos brillans sur des Motifs favoris p. Violon av. Acc. d’un second Violon. Oe. <opus key="opus_3181">5</opus>. No. 3, Le Tentation de Halevy</title>. <pubPlace key="place_0044">Berlin</pubPlace>, <publisher key="publ_3471">Schlesinger</publisher> 12 Gr.</bibl>
<bibl id="hofm_1839_05_0050_19">– Idem. av. Acc. de Pfte. Ebend. 16 Gr.</bibl>
<bibl id="hofm_1839_05_0050_20"><composer key="compo_018771">Kreutzer (R.)</composer> <title>40 Etudes ou Caprices p. Violon av. Acc. d’un second Violon, arr. p. Ch. Eichheim. En 3 Livraisons, Liv. 3</title>. <pubPlace key="place_0392">Leipzig</pubPlace>, <publisher key="publ_1746">Hofmeister</publisher> 20 Gr.</bibl>

<pb n="51"/><bibl id="hofm_1839_05_0051_01"><composer key="compo_018771">Kreutzer (R.)</composer> <title>Accompagnement d’un second Violon aux 40 Etudes ou Caprices p. Violon, ajouté p. Ch. Eichheim</title>. <pubPlace key="place_0392">Leipzig</pubPlace>, <publisher key="publ_1746">Hofmeister</publisher> 1 Thlr.</bibl>
<bibl id="hofm_1839_05_0051_02"><composer key="compo_020014">Lanner (Jos.)</composer> <title>Walzer f. 3 Violinen und Bass. No. 14, Roccoco-Walzer. Op. <opus key="opus_0641">136</opus></title>. <pubPlace key="place_0731">Wien</pubPlace>, <publisher key="publ_2605">Mechetti</publisher> 1 Fl.</bibl>
</div><div><head><hofClass key="hofCl_0184">Musik für das Violoncell.</hofClass></head>
<bibl id="hofm_1839_05_0051_03"><composer key="compo_003588">Bohrer (Max)</composer> <title>Rondo di Bravura (alla Polacca) p. Violoncelle av. Acc. de Pfte. Oe. <opus key="opus_1661">23</opus>, in <key>A</key></title>. <pubPlace key="place_0392">Leipzig</pubPlace>, <publisher key="publ_1746">Hofmeister</publisher> 20 Gr.</bibl>
<bibl id="hofm_1839_05_0051_04"><composer key="compo_009719">Franchomme (Aug.)</composer> <title>Caprice sur des Airs espagnols p. Violoncelle av. Acc. de 2 Violons, Alto et Basse. Oe. <opus key="opus_0927">16</opus>, in <key>C</key></title>. Ebend. 14 Gr.</bibl>
<bibl id="hofm_1839_05_0051_05">– Idem av. Acc. de Pfte. Ebend. 16 Gr.</bibl>
<bibl id="hofm_1839_05_0051_06"><composer key="compo_020307">Lee (Seb.)</composer> <title>Souvenir de Paris. Introduction et Rondo p. Violoncelle av. Acc. d’Orchestre. Oe. <opus key="opus_3181">5</opus>, in <key>G</key></title>. <pubPlace key="place_0276">Hamburg</pubPlace>, <publisher key="publ_0540">Böhme</publisher> 1 Thlr. 8 Gr.</bibl>
<bibl id="hofm_1839_05_0051_07">– Idem av. Acc. de Quatuor. Ebend. 1 Thlr.</bibl>
<bibl id="hofm_1839_05_0051_08">– Idem av. Acc. de Pfte. Ebend. 18 Gr.</bibl>
<bibl id="hofm_1839_05_0051_09"><composer key="compo_028763">Romberg (Bern.)</composer> <title>Introduzione e Rondo alla Mazurka p. Violoncello con Acc. di 2 Viol., Alto e Basso (Flauto, 2 Oboe, 2 Corni, e 2 Fagotti ad lib.) Oe. <opus key="opus_3868">67</opus>, in <key>G</key></title>. <pubPlace key="place_0392">Leipzig</pubPlace>, <publisher key="publ_1746">Hofmeister</publisher> 1 Thlr. 18 Gr.</bibl>
<bibl id="hofm_1839_05_0051_10">– Idem con Acc. di Pfte. Ebend. 1 Thlr. </bibl>
<bibl id="hofm_1839_05_0051_11"><composer key="compo_036682">Werkal (G.)</composer> <title>Variations sur une Valse tirolienne p. Vclle av. Acc. de Pfte (in <key>G</key>.)</title> <pubPlace key="place_0731">Wien</pubPlace>, <publisher key="publ_0735">Diabelli et Co</publisher>. 1 Fl.</bibl>
</div><div id="hofm_1839_05_0051_div04"><head><hofClass key="hofCl_0200">Musik für die Flöte.</hofClass></head>
<bibl id="hofm_1839_05_0051_12"><composer key="compo_000092">Adam (Ad.)</composer> <title>Choix d’Airs du Brasseur de Preston p. Flûte arr. p. A. Foreit (22me Choix)</title>. <pubPlace key="place_0438">Mainz</pubPlace>, <publisher key="publ_3563">Schott</publisher> 24 Xr.</bibl>
<bibl id="hofm_1839_05_0051_13"><composer key="compo_002387">Berbiguier (T.)</composer> <title>Grandes Etudes caractéristiques p. Flûte (Dédiés aux Artistes). Oe. <opus key="opus_0658">138</opus></title>. <pubPlace key="place_0392">Leipzig</pubPlace>, <publisher key="publ_1746">Hofmeister</publisher> geh. 1 Thlr. 16 Gr.</bibl>
<wip id="hofm_1839_05_0051_14"><composer key="compo_010419">Fürstenau (A.B.)</composer> <title>Les Delices de l’Opéra. Rondos, Fantaisies etc. p. Flûte. Oe. <opus key="opus_0486">126</opus></title>. <title>No. 1, Mosaïque sur des Motifs du Postillon de Lonjumeau d’Adam</title>. 6 Gr. <title>No. 15, Rondoletto sur des Motifs de l’Opéra : L’Elisire d’Amore de Donizetti</title>. 8 Gr. <title>No. 20, Mosaïque sur des Motifs de l’Opéra : Guido et Ginevra de Halevy</title>. 6 Gr. <pubPlace key="place_0044">Berlin</pubPlace>, <publisher key="publ_3471">Schlesinger</publisher>.</wip>
<bibl id="hofm_1839_05_0051_15">– <title>Reminiscences des Huguenots. Fantaisie gracieuse et brillante p. Flûte et Pfte. Oe. <opus key="opus_0511">129</opus>, in <key>F</key></title>. <pubPlace key="place_0392">Leipzig</pubPlace>, <publisher key="publ_1746">Hofmeister</publisher> 16 Gr.</bibl>
<bibl id="hofm_1839_05_0051_16"><composer key="compo_019135">Kummer (Gasp.)</composer> <title>3 Quatuors p. Flûte, Violon, Alto et Vclle. Oe. <opus key="opus_4748">99. No. 2, in <key>D</key>. No. 3, in <key>C</key></opus></title>. <pubPlace key="place_0069">Bonn</pubPlace>, <publisher key="publ_2734">Mompour</publisher> à 20 Gr.</bibl>
<bibl id="hofm_1839_05_0051_17"><composer key="compo_020014">Lanner (Jos.)</composer> <title>Beliebte Walzer und Galoppen f. Flöte. No. 37, Roccoco-Walzer. Op. <opus key="opus_0641">136</opus></title>. <pubPlace key="place_0731">Wien</pubPlace>, <publisher key="publ_2605">Mechetti</publisher> 15 Xr.</bibl>
<bibl id="hofm_1839_05_0051_18"><composer key="compo_034980">Tulou</composer>, <title>3 Bagatelles sur des Motifs de l’Opéra : Guise, ou les Etats de Blois de G. Onslow, p. Flûte av. Acc. de Pfte. Oe. <opus key="opus_4157">76. No. 1, in <key>G</key>. No. 2, in <key>C</key>. No. 3, in <key>F</key></opus></title>. <pubPlace key="place_0392">Leipzig</pubPlace>, <publisher key="publ_2017">Kistner</publisher> à 12 Gr.</bibl>
</div><div id="hofm_1839_05_0051_div05"><head><hofClass key="hofCl_0131">Musik für verschiedene Blasinstrumente.</hofClass></head>
<bibl id="hofm_1839_05_0051_19"><composer key="compo_002663">Berr (Fréd.)</composer> <title>Deux Airs variés p. Cornet à Pistons av. Acc. de Pfte. No. 1. 2</title>. <pubPlace key="place_0537">Paris</pubPlace>, <publisher key="publ_3559">Schonenberger</publisher> à 7 Fr. 50 Ct.</bibl>
<pb n="52"/>
<bibl id="hofm_1839_05_0052_01"><composer key="compo_002663">Berr (Frèd.)</composer> <title>Trois Morceaux de Salon p. Cornet à Pistons av. Acc. de Pfte. No. 1. 2. 3</title>. <pubPlace key="place_0537">Paris</pubPlace>, <publisher key="publ_3559">Schonenberger</publisher> à 6 Fr.</bibl>
<bibl id="hofm_1839_05_0052_02"><composer key="compo_004325">Brod (H.)</composer> <title>Souvenir d’Elisa et Claudio de Mercadante p. Hautbois et Pfte. Oe. <opus key="opus_3140">49</opus></title>. Ebend. 7 Fr. 50 Ct.</bibl>
<bibl id="hofm_1839_05_0052_03">– <title>Souvenir musical. 42 Fantaisies, Airs variés, Rondos etc. de Bellini, Adam, Mercadante, Meyerbeer, H. Herz et Rossini p. 2 Hautbois. Quatre Suites</title>. Ebend. à 6 Fr.</bibl>
<bibl id="hofm_1839_05_0052_04"><composer key="compo_010555">Galley</composer>, <title>20 Melodies gracieuses de Adam, Bellini, Rossini, Weber etc., arr. p. Cor. Deux Suites</title>. Ebend. à 6 Fr.</bibl>
</div><div id="hofm_1839_05_0052_div06"><head><hofClass key="hofCl_0205">Musik für die Guitarre.</hofClass></head>
<bibl id="hofm_1839_05_0052_05"><composer key="compo_000092">Adam (Ad.)</composer> <title>Choix d’Airs du Brasseur de Preston p. Flûte av. Acc. de Guitarre, arr. p. A. Foreit. (22me Choix.)</title> <pubPlace key="place_0438">Mainz</pubPlace>, <publisher key="publ_3563">Schott</publisher> 48 Xr.</bibl>
<bibl id="hofm_1839_05_0052_06"><composer key="compo_020014">Lanner (Jos.)</composer> <title>Beliebte Walzer und Galoppen f. Guitarre. No. 37, Roccoco-Walzer. Op. <opus key="opus_0641">136</opus></title>. <pubPlace key="place_0731">Wien</pubPlace>, <publisher key="publ_2605">Mechetti</publisher> 30 Xr.</bibl>
</div><div id="hofm_1839_05_0052_div07"><head><hofClass key="hofCl_0167">Musik für das Pianoforte mit Begleitung.</hofClass></head>
<bibl id="hofm_1839_05_0052_07"><composer key="compo_002348">Bennett (W. Sterndale)</composer> <title>4ième Concerto p. Pfte av. Acc. d’Orchestre. Oe. <opus key="opus_1271">19</opus>, in <key>Fm</key></title>. <pubPlace key="place_0392">Leipzig</pubPlace>, <publisher key="publ_2017">Kistner</publisher> 3 Thlr. 16 Gr.</bibl>
<bibl id="hofm_1839_05_0052_08">– Idem av. Acc. de Quatuor. Ebend. 2 Thlr. 12 Gr.</bibl>
<bibl id="hofm_1839_05_0052_09"><composer key="compo_002660">Berr (F.)</composer> et <composer key="compo_009162">A. Fessy</composer>, <title>13e Fantaisie sur des Motifs de Gustave ou le Bal masqué de D.F.E. Auber, p. Pfte et Clarinette</title>. <pubPlace key="place_0438">Mainz</pubPlace>, <publisher key="publ_3563">Schott</publisher> 1 Fl. 30 Xr.</bibl>
<bibl id="hofm_1839_05_0052_10">– <title>14me Fantaisie sur des Motifs de Lestocq de D.F.E. Auber p. Pfte et Clarinette</title>. Ebend. 1 Fl. 30 Xr.</bibl>
<bibl id="hofm_1839_05_0052_11">– <title>16me Fantaisie sur des Motifs de Cheval de Bronce de D.F.E. Auber p. Pfte et Clarinette</title>. Ebend. 1 Fl. 30 Xr.</bibl>
<wip id="hofm_1839_05_0052_12"><composer key="compo_006921">Diabelli (Ant.)</composer> <title>Musikalische Morgenstunden einer Woche. 7 Sonatinen f. Pfte mit willkührlicher Begleitung einer Violine. Op. <opus key="opus_1051">168</opus></title>. <pubPlace key="place_0731">Wien</pubPlace>, <publisher key="publ_0735">Diabelli u. Co</publisher>. 3 Fl. 20 Xr. Dieselben einzeln: <title>No.1, in <key>F</key></title>. <title>No. 2, in <key>G</key></title>. <title>No. 3, in <key>C</key></title>. à 35 Xr. <title>No. 4, in <key>B</key></title>. <title>No. 5, in <key>D</key></title>. <title>No. 6, in <key>G</key></title>. <title>No. 7, in <key>Am</key></title>. à 45 Xr.</wip>
<bibl id="hofm_1839_05_0052_13"><composer key="compo_009630">Foreit (A.)</composer> et <composer key="compo_009161">Fessy</composer>, <title>Fantaisie sur des Motifs du Cheval de Bronze de D.F.E. Auber p. Pfte et Hautbois</title>. <pubPlace key="place_0438">Mainz</pubPlace>, <publisher key="publ_3563">Schott</publisher> 1 Fl. 30 Xr.</bibl>
<bibl id="hofm_1839_05_0052_14">– <title>Fantaisie sur des Motifs de Gustave ou le Bal masqué de D.F.E. Auber, p. Pfte et Hautbois</title>. Ebend. 1 Fl. 30 Xr.</bibl>
<bibl id="hofm_1839_05_0052_15">– <title>Fantaisie sur des Motifs de Lestocq de D.F.E. Auber p. Pfte et Hautbois</title>. Ebend. 1 Fl. 30 Xr.</bibl>
<bibl id="hofm_1839_05_0052_16"><composer key="compo_013105">Halm (Ant.)</composer> <title>Grosses Trio concertant f. Pfte, Violine u. Vclle. Op. <opus key="opus_3490">58</opus>, in <key>D</key></title>. <pubPlace key="place_0731">Wien</pubPlace>, <publisher key="publ_0735">Diabelli u. Co</publisher>. 4 Fl. 30 Xr.</bibl>
<bibl id="hofm_1839_05_0052_17"><composer key="compo_019726">Lafont (Ch. Ph.)</composer> <title>2e grande Fantaisie sur la Prière du Domino noir p. Violon av. Acc. de Pfte (in <key>D</key>.)</title> <pubPlace key="place_0438">Mainz</pubPlace>, <publisher key="publ_3563">Schott</publisher> 2 Fl. 24 Xr.</bibl>
<bibl id="hofm_1839_05_0052_18"><composer key="compo_020014">Lanner (Jos.)</composer> <title>Walzer f. Violine m. Begl. d. Pfte. No. 14, Roccoco-Walzer. Op. <opus key="opus_0641">136</opus></title>. <pubPlace key="place_0731">Wien</pubPlace>, <publisher key="publ_2605">Mechetti</publisher> 45 Xr.</bibl>
<bibl id="hofm_1839_05_0052_19"><composer key="compo_021359">Louis (N.)</composer> <title>Souvenirs de la Figurante. 3 Nocturnes concertans p. Pfte et Violon. Oe. <opus key="opus_4021">71. No. 1, in <key>F</key>. No. 2, in <key>C</key>. No. 3, in <key>B</key></opus></title>. <pubPlace key="place_0438">Mainz</pubPlace>, <publisher key="publ_3563">Schott</publisher> à 1 Fl. 12 Xr.</bibl>
<bibl id="hofm_1839_05_0052_20"><composer key="compo_022904">Mendelssohn-Bartholdy (F.)</composer> <title>Sonate f. Pfte u. Violine eing. v. F. David. Op. <opus key="opus_2996">45</opus>, in <key>B</key></title>. <pubPlace key="place_0392">Leipzig</pubPlace>, <publisher key="publ_2017">Kistner</publisher> 2 Thlr.</bibl>
<pb n="53"/>
<bibl id="hofm_1839_05_0053_01"><composer key="compo_029206">Rummel (Chr.)</composer> <title>Nocturne p. Cor à Pistons ou Cor de Bassette et Pfte. Oe. <opus key="opus_4502">87</opus>, in <key>F</key></title>. <pubPlace key="place_0438">Mainz</pubPlace>, <publisher key="publ_3563">Schott</publisher> 54 Xr.</bibl>
<bibl id="hofm_1839_05_0053_02"><composer key="compo_033566">Strauss (J.)</composer> <title>Beliebte Galoppen f. Violine u. Pfte. No. 30, Versailler-Galopp. Op. <opus key="opus_0182">107</opus></title>. <pubPlace key="place_0731">Wien</pubPlace>, <publisher key="publ_1506">Haslinger</publisher> 20 Xr.</bibl>
</div><div id="hofm_1839_05_0053_div08"><head><hofClass key="hofCl_0171">Musik für das Pianoforte zu 4 Händen.</hofClass></head>
<bibl id="hofm_1839_05_0053_03"><composer key="compo_002077">Beethoven (L. van)</composer> <title>Sonate arr. p. Pfte à Mains. Oe. <opus key="opus_1661">23</opus>, in <key>A</key></title>. <pubPlace key="place_0276">Hamburg</pubPlace>, <publisher key="publ_0640">Cranz</publisher> 1 Thlr. 6 Gr.</bibl>
<bibl id="hofm_1839_05_0053_04"><composer key="compo_004706">Burgmüller (F.)</composer> <title>La Cracovienne du Ballet : La Gipsy, dansée p. Mlle. Fanny Elsler, arr. p. Pfte à Mains</title>. <pubPlace key="place_0438">Mainz</pubPlace>, <publisher key="publ_3563">Schott</publisher> 27 Xr.</bibl>
<bibl id="hofm_1839_05_0053_05">– <title>Galop favori des Corsaires. Dansé dans le Ballet de Benowsky p. Pfte à 4 Mains</title>. Ebend. 27 Xr.</bibl>
<bibl id="hofm_1839_05_0053_06"><composer key="compo_005623">Chotek (F.X.)</composer> <title>Variationen über das beliebte Lied: An die Sterne, von H. Proch, f. Pfte zu 4 Händen. Op. <opus key="opus_2066">29</opus>, in <key>B</key></title>. <pubPlace key="place_0731">Wien</pubPlace>, <publisher key="publ_0735">Diabelli u. Co</publisher>. 1 Fl.</bibl>
<bibl id="hofm_1839_05_0053_07"><composer key="compo_006306">Czerny (C.)</composer> <title>Le Gout moderne. Nouveau Recueil des Rondeaux, Variations et Impromptus sur les Thèmes des nouveaux Opera p. Pfte à 4 Mains. Oe. <opus key="opus_2720">398</opus></title>. <title>Cah. 11, Rondino sur les Thèmes fav. de l’Opéra : Lucrezia Borgia de Donizetti</title>. <title>Cah. 12, Rondino sur les Thèmes fav. de l’Opéra : Roberto Devereux de Donizetti</title>. Ebend. à 1 Fl. 15 Xr.</bibl>
<bibl id="hofm_1839_05_0053_08"><composer key="compo_006921">Diabelli (Ant.)</composer> <title>Euterpe. Eine Reihe moderner u. bel. Tonstücke f. Pfte zu 4 Händen. No. 364, 3 Favorit-Tänze a. d. pantomimischen Ballet: Der hinkende Teufel</title>. Ebend. 1 Fl.</bibl>
<bibl id="hofm_1839_05_0053_09"><composer key="compo_013474">Haslinger (C.)</composer> <title>Fantasie oder Potpourri über beliebte Motive aus der Oper: Die Genueserin v. P. Lindpaintner f. Pfte zu 4 Händen. Op. <opus key="opus_1593">22. No. 1–3</opus></title>. (Flore théatrale No. 1–3.) <pubPlace key="place_0731">Wien</pubPlace>, <publisher key="publ_1506">Haslinger</publisher> à 1 Fl.</bibl>
<bibl id="hofm_1839_05_0053_10"><composer key="compo_013697">Haydn (Jos.)</composer> <title>Sinfonien f. d. Pfte zu 4 Händen, arr. v. F. Brissler. 2ter Cyclus. No. 14, in <key>D</key></title>. <pubPlace key="place_0044">Berlin</pubPlace>, <publisher key="publ_0589">Challier u. Co</publisher>. 1 Thlr.</bibl>
<bibl id="hofm_1839_05_0053_11"><composer key="compo_020014">Lanner (Jos.)</composer> <title>Roccoco-Walzer f. Pfte zu 4 Händen. Op. <opus key="opus_0641">136</opus></title>. <pubPlace key="place_0731">Wien</pubPlace>, <publisher key="publ_2605">Mechetti</publisher> 1 Fl.</bibl>
<bibl id="hofm_1839_05_0053_12"><composer key="compo_022249">Marks (G.W.)</composer> <title>Potpourri sur des Thèmes favoris de l’Opéra : Guido et Ginevra ou la Peste de Florence, de F. Halevy p. Pfte à 4 Mains. Oe. <opus key="opus_3825">66</opus></title>. <pubPlace key="place_0276">Hamburg</pubPlace>, <publisher key="publ_0640">Cranz</publisher> 1 Thlr. 8 Gr.</bibl>
<bibl id="hofm_1839_05_0053_13"><composer key="compo_022612">Mayer (Ch.)</composer> <title>Variations sur un Air russe p. Pfte à 4 Mains. Oe. <opus key="opus_3105">48</opus>, in <key>C</key></title>. <pubPlace key="place_0392">Leipzig</pubPlace>, <publisher key="publ_1746">Hofmeister</publisher> 1 Thlr.</bibl>
<bibl id="hofm_1839_05_0053_14"><composer key="compo_022904">Mendelssohn-Bartholdy (F.)</composer> <title>Presto, arr. p. Pfte à 4 Mains p. Ch. Czerny (de l’Oe. <opus key="opus_1999">28</opus>, in <key>Fism</key>.)</title> <pubPlace key="place_0069">Bonn</pubPlace>, <publisher key="publ_3791">Simrock</publisher> 3 Fr.</bibl>
<bibl id="hofm_1839_05_0053_15"><composer key="compo_027334">Quilling (J.C.)</composer> <title>6 Pièces pour la Jeunesse p. Pfte à 4 Mains. Oe. <opus key="opus_3565">6</opus></title>. <pubPlace key="place_0519">Offenbach</pubPlace>, <publisher key="publ_0065">André</publisher> 1 Fl. 6 Xr.</bibl>
<bibl id="hofm_1839_05_0053_16"><composer key="compo_033566">Strauss (J.)</composer> <title>Versailler-Galopp f. Pfte zu 4 Händen. Oe. <opus key="opus_0182">107</opus>. (No. 24)</title> <pubPlace key="place_0731">Wien</pubPlace>, <publisher key="publ_1506">Haslinger</publisher> 30 Xr.</bibl>
<bibl id="hofm_1839_05_0053_17"><composer key="compo_034323">Thalberg (Sig.)</composer> <title>Grand Divertissement, arr. p. Pfte à 4 Mains p. G. Lickl. Oe. <opus key="opus_3967">7</opus>, in <key>F</key></title>. <pubPlace key="place_0731">Wien</pubPlace>, <publisher key="publ_0735">Diabelli u. Co</publisher>. 2 Fl. 15 Xr.</bibl>
<bibl id="hofm_1839_05_0053_18"><composer key="compo_036249">Weber (C.M. de)</composer> <title>Sept Variations sur la Chansonette : Vien qua Dorina bella, arr. p. Pfte à 4 Mains. Oe. <opus key="opus_0392">12</opus>. <edition>Nouv. Edit</edition></title>. <pubPlace key="place_0078">Braunschweig</pubPlace>, <publisher key="publ_2681">Meyer</publisher> 20 Gr.</bibl>
</div><div id="hofm_1839_05_0053_div09"><head><hofClass key="hofCl_0272">Ouverturen für das Pianoforte zu 4 Händen.</hofClass></head>
<bibl id="hofm_1839_05_0053_19"><composer key="compo_002348">Bennett (W. Sterndale)</composer> <title>Die Waldnymphe. Ouverture f. Pfte zu 4 Händen eing. Op. <opus key="opus_1390">20</opus>, in <key>F</key></title>. <pubPlace key="place_0392">Leipzig</pubPlace>, <publisher key="publ_2017">Kistner</publisher> 22 Gr.</bibl>
<pb n="54"/>
<bibl id="hofm_1839_05_0054_01"><composer key="compo_012615">Gährich (W.)</composer> <title>Ouverture aus dem komischen Ballet: Don Quixotte f. Pfte zu 4 Händen</title>. <pubPlace key="place_0044">Berlin</pubPlace>, <publisher key="publ_4370">Westphal</publisher> 10 Gr.</bibl>
<bibl id="hofm_1839_05_0054_02"><composer key="compo_022904">Mendelssohn-Bartholdy (F.)</composer> <title>Ouverture f. Harmoniemusik, arr. f. Pfte zu 4 Händen. Op. <opus key="opus_1731">24</opus>, in <key>C</key></title>. <pubPlace key="place_0069">Bonn</pubPlace>, <publisher key="publ_3791">Simrock</publisher> 3 Fr. 50 Ct.</bibl>
<bibl id="hofm_1839_05_0054_03"><composer key="compo_024718">Neumann (H.)</composer> <title>Ouverture à la Chasse p. Musique militaire, arr. p. Pfte à 4 Mains. Oe. <opus key="opus_2948">44</opus>, in <key>F</key></title>. <pubPlace key="place_0069">Bonn</pubPlace>, <publisher key="publ_2734">Mompour</publisher> 10 Gr.</bibl>
</div><div id="hofm_1839_05_0054_div10"><head><hofClass key="hofCl_0166">Musik für das Pianoforte allein.</hofClass></head>
<bibl id="hofm_1839_05_0054_04"><composer key="compo_002077">Beethoven (L. van)</composer> <title>Première Sinfonie, arrangée p. Pfte seul par Frèd. Kalkbrenner. Oe. <opus key="opus_1482">21</opus>, in <key>C</key></title>. <pubPlace key="place_0392">Leipzig</pubPlace>, <publisher key="publ_3023">Peters</publisher> 1 Thlr.</bibl>
<bibl id="hofm_1839_05_0054_05"><composer key="compo_002348">Bennett (W. Sterndale)</composer> <title>4ième Concerto p. Pfte. Oe. <opus key="opus_1271">19</opus>, in <key>Fm</key></title>. <pubPlace key="place_0392">Leipzig</pubPlace>, <publisher key="publ_2017">Kistner</publisher> 1 Thlr. 12 Gr.</bibl>
<bibl id="hofm_1839_05_0054_06"><composer key="compo_002531">Bergson (Mich.)</composer> <title>4 Mazurkas p. Pfte. Oe. <opus key="opus_0001">1</opus></title>. <pubPlace key="place_0044">Berlin</pubPlace>, <publisher key="publ_3471">Schlesinger</publisher> 16 Gr.</bibl>
<bibl id="hofm_1839_05_0054_07"><composer key="compo_002709">Bertini (H.)</composer> <title>Etudes caractéristiques p. Pfte. Oe. <opus key="opus_3825">66</opus>, Liv. 1. 2</title>. (déd. à l’Ecole royale de Musique de Paris). <pubPlace key="place_0731">Wien</pubPlace>, <publisher key="publ_1506">Haslinger</publisher> à 1 Fl. 15 Xr.</bibl>
<bibl id="hofm_1839_05_0054_08">– <title>Premières Lecons arrangées et soigneusement doigtées p. les petits Mains p. Pfte. Suite 1, 2</title>. <pubPlace key="place_0537">Paris</pubPlace>, <publisher key="publ_3559">Schonenberger</publisher> à 9 Fr.</bibl>
<bibl id="hofm_1839_05_0054_09">– <title>50 Leçons progressives arrangées et doigtées p. Pfte. Faisant Suite aux premières Leçons. Suite 1. 2</title>. Ebend. à 10 Fr.</bibl>
<bibl id="hofm_1839_05_0054_10">– <title>50 Leçons récréatives, choisies dans les meilleurs Ouvrages de Beethoven, Bertini, Czerny, Herz, Thalberg,Weber etc., arrangées et tres soigneusement doigtées. Suite 1. 2</title>. Ebend. à 12 Fr.</bibl>
<bibl id="hofm_1839_05_0054_11"><composer key="compo_002825">Beyer (F.)</composer> <title>Souvenir de 1717. Potpourri sur des Motifs de l’Opéra : Le Perruquier de la Regence d’A. Thomas p. Pfte</title>. <pubPlace key="place_0438">Mainz</pubPlace>, <publisher key="publ_3563">Schott</publisher> 1 Fl. 15 Xr.</bibl>
<bibl id="hofm_1839_05_0054_12"><composer key="compo_004716">Burgmüller (Norb.)</composer> <title>Sonate f. Pfte. Op. <opus key="opus_4300">8</opus>, in <key>Fm</key></title>. <pubPlace key="place_0392">Leipzig</pubPlace>, <publisher key="publ_1746">Hofmeister</publisher> 1 Thlr.</bibl>
<bibl id="hofm_1839_05_0054_13">– <title>Rapsodie p. Pfte. Oe. <opus key="opus_0531">13</opus>, in <key>D</key></title>. Ebend. 6 Gr.</bibl>
<bibl id="hofm_1839_05_0054_14"><composer key="compo_020257">Carpentier (Ad. le)</composer> <title>7ième Bagatelle sur des Thèmes favoris de l’Opéra : Parisina de Donizetti p. Pfte</title>. <pubPlace key="place_0731">Wien</pubPlace>, <publisher key="publ_2605">Mechetti</publisher> 30 Xr.</bibl>
<bibl id="hofm_1839_05_0054_15"><composer key="compo_005452">Cavallo (P.)</composer> <title>Rondino über die Barcarole aus der Oper: Die Genueserin f. Pfte. Op. <opus key="opus_3967">7</opus>, in <key>F</key></title>. <pubPlace key="place_0731">Wien</pubPlace>, <publisher key="publ_1506">Haslinger</publisher> 1 Fl.</bibl>
<bibl id="hofm_1839_05_0054_16"><composer key="compo_005614">Chopin (Fréd.)</composer> <title>Premier Rondo p. Pfte. Oe. <opus key="opus_0001">1</opus>, in <key>Cm</key>. <edition>Nouv. Edition</edition></title>. <pubPlace key="place_0392">Leipzig</pubPlace>, <publisher key="publ_1746">Hofmeister</publisher> 12 Gr.</bibl>
<bibl id="hofm_1839_05_0054_17"><composer key="compo_006306">Czerny (Ch.)</composer> <title>Impromptu sentimental, sur le Thème : „Oh nume benefico“ de l’Opéra : La Gazza ladra, de Rossini p. Pfte. Oe. <opus key="opus_3305">523</opus>, in <key>As</key></title>. <pubPlace key="place_0069">Bonn</pubPlace>, <publisher key="publ_3791">Simrock</publisher> 2 Fr.</bibl>
<bibl id="hofm_1839_05_0054_18">– <title>Bijoux théâtrals, ou nouvelle Collection des Rondeaux, Variations et Impromptus sur les Motifs fav. des nouveaux Opéras p. Pfte. Oe. <opus key="opus_2719">397</opus>. Cah. 11, Rondino sur les Motifs fav. de l’Opéra : Lucrezia Borgia de Donizetti. Cah. 12, Rondino sur les Motifs fav. de l’Opéra : Roberto Devereux de Donizetti</title>. <pubPlace key="place_0731">Wien</pubPlace>, <publisher key="publ_0735">Diabelli et Co</publisher>. à 45 Xr.</bibl>
<wip id="hofm_1839_05_0054_19"><composer key="compo_006921">Diabelli (Ant.)</composer> <title>Musikalische Morgenstunden einer Woche. 7 Sonatinen f. Pfte. Op. <opus key="opus_1051">168</opus></title>. Ebend. geh. 2 Fl. 20 Xr. Dieselben einzeln: <title>No. 1, in <key>F</key></title>. <title>No.2, in <key>G</key></title>. <title>No. 3, in <key>C</key></title>. à 20 Xr. <title>No. 4, in <key>B</key></title>. <title>No. 5, in <key>D</key></title>. <title>No. 6, in <key>G</key></title>. <title>No. 7 in Am</title>. à 30 Xr. [Hierzu eine Violine (zur willk. Begl.) 1 Fl. Einzeln à 15 Xr.]</wip>
<pb n="55"/>
<bibl id="hofm_1839_05_0055_01"><composer key="compo_006921">Diabelli (Ant.)</composer> <title>Euterpe. Eine Reihe moderner u. bel. Tonstücke f. Pfte. No. 364, 3 Favorit-Tänze a. d. pantomimischen Ballet: Der hinkende Teufel</title>. <pubPlace key="place_0731">Wien</pubPlace>, <publisher key="publ_0735">Diabelli u. Co</publisher>. 30 Xr.</bibl>
<bibl id="hofm_1839_05_0055_02"><composer key="compo_007124">Dobrzynski (J.F.)</composer> <title>Deux Nocturnes p. Pfte. Oe. <opus key="opus_1731">24</opus>, in <key>Fm</key>. <key>Des</key></title>. <pubPlace key="place_0392">Leipzig</pubPlace>, <publisher key="publ_1746">Hofmeister</publisher> 8 Gr.</bibl>
<bibl id="hofm_1839_05_0055_03"><composer key="compo_007639">Döhler (Th.)</composer> <title>Grande Fantaisie et Variations sur les Thèmes favoris de l’Opéra : Guillaume Tell de Rossini p. Pfte. Oe. <opus key="opus_1999">28</opus>, in <key>As</key></title>. <pubPlace key="place_0438">Mainz</pubPlace>, <publisher key="publ_3563">Schott</publisher> 1 Fl. 48 Xr.</bibl>
<bibl id="hofm_1839_05_0055_04"><composer key="compo_007388">Dreyschock (Alex.)</composer> <title>3 Andantes et 4 Impromptus caractéristiques p. Pfte. Op. <opus key="opus_2116">3</opus></title>. <pubPlace key="place_0276">Hamburg</pubPlace>, <publisher key="publ_0640">Cranz</publisher> 18 Gr.</bibl>
<bibl id="hofm_1839_05_0055_05"><composer key="compo_009143">Fesca (Alex.)</composer> <title>Intr. et Rondeau brillant p. Pfte. Oe. <opus key="opus_1372">2</opus>, in <key>C</key></title>. <pubPlace key="place_0078">Braunschweig</pubPlace>, <publisher key="publ_2681">Meyer</publisher> 16 Gr.</bibl>
<bibl id="hofm_1839_05_0055_06">– <title>Intr. et grand Rondeau. Oe. <opus key="opus_2116">3</opus>, in <key>D</key></title>. Ebend. 18 Gr.</bibl>
<bibl id="hofm_1839_05_0055_07"><composer key="compo_011028">Gerke (Oth.)</composer> <title>Sonate p. Pfte. Oe. <opus key="opus_2268">32</opus>, in <key>C</key></title>. <pubPlace key="place_0069">Bonn</pubPlace>, <publisher key="publ_2734">Mompour</publisher> 1 Thlr.</bibl>
<bibl id="hofm_1839_05_0055_08"><composer key="compo_011661">Gomion</composer>, <title>Souvenir de Roberto Devereux. Potpourri sur les Motifs favoris de l’Opéra de Donizetti p. Pfte. Oe. <opus key="opus_3029">46</opus></title>. <pubPlace key="place_0438">Mainz</pubPlace>, <publisher key="publ_3563">Schott</publisher> 1 Fl. 12 Xr.</bibl>
<bibl id="hofm_1839_05_0055_09"><composer key="compo_013474">Haslinger (C.)</composer> <title>Fantasie oder Potpourri über beliebte Motive aus der Oper: Die Genueserin v. P. Lindpaintner f. Pfte. Op. <opus key="opus_1394">20, No. 1. 2</opus></title>. (Flore théatrale No. 39. 40.) <pubPlace key="place_0731">Wien</pubPlace>, <publisher key="publ_1506">Haslinger</publisher> à 1 Fl.</bibl>
<bibl id="hofm_1839_05_0055_10"><composer key="compo_014550">Herz (H.)</composer> <title>Grand Galop fav. du Brasseur de Preston, Musique d’Ad. Adam, p. Pfte</title>. <pubPlace key="place_0438">Mainz</pubPlace>, <publisher key="publ_3563">Schott</publisher> 1 Fl.</bibl>
<bibl id="hofm_1839_05_0055_11"><composer key="compo_015945">Hünten (Franç.)</composer> <title>Deux Rondeaux sur des Airs favoris de Mlle. L. Puget: Mire dans mes Yeux. Mon Rocher de St. Malo, arr. p. Pfte de l’ Oe. <opus key="opus_4687">96</opus> p. L. Farrenc</title>. Ebend. 1 Fl.</bibl>
<bibl id="hofm_1839_05_0055_12">– <title>Les Plaisirs de Londres. Deux Compositions brillantes p. Pfte. No. 1, in <key>Es</key>. No. 2, in <key>Es</key></title>. <pubPlace key="place_0069">Bonn</pubPlace>, <publisher key="publ_3791">Simrock</publisher> à 2 Fr.</bibl>
<bibl id="hofm_1839_05_0055_13"><composer key="compo_020503">Lemoine (H.)</composer> <title>Souvenirs de Vienne. 3 petites Pièces en Forme de Rondos sur deux Valses et un Galop de Strauss p. Pfte. Oe. <opus key="opus_2268">32</opus></title>. <pubPlace key="place_0438">Mainz</pubPlace>, <publisher key="publ_3563">Schott</publisher> 1 Fl. 12 Xr.</bibl>
<bibl id="hofm_1839_05_0055_14"><composer key="compo_021137">Liszt (F.)</composer> <title>Soirées italiennes. 6 Amusements sur des Motifs de Mercadante p. Pfte</title>. Ebend. geh. 4 Fl. 12 Xr.</bibl>
<wip id="hofm_1839_05_0055_15"><composer key="compo_022904">Mendelssohn-Bartholdy (F.)</composer> <title>Paulus. Oratorium. <format>Klavierauszug</format> ohne Text</title>. <title>No. 2, Chor: Herr, der du bist</title>. 1 Fr. <title>No. 3, 4, 5, Choral, Rec. u. Chor: Dieser Mensch</title>. 1 Fr. 25 Ct. <title>No. 6, Rec. u. Chor: Weg mit dem</title> 1 Fr. <title>No. 7, Aria: Jerusalem</title>. 75 Ct. <title>No. 8, Rec. u. Chor: Steiniget ihn</title>. 75 Ct. <title>No. 9, 10, 11, Rec. u. Chor: Siehe, wir preisen</title> 1 Fr. <title>No. 12, Rec. u. Aria: Vertilge sie</title>. 1 Fr. <title>No. 13, Rec. u. Arioso: Doch der Herr</title> 75 Ct. <title>No. 14, Rec. u. Chor: Saul</title>. 75 Ct. <title>No. 15, Chor: Mache dich auf</title>. 1 Fr. 25 Ct. <title>No. 16, 17, 18, Choral, Rec. u. Aria: Gott sei mir gnädig</title>, 1 Fr. <title>No. 19, 20, Rec. u. Aria m. Chor: Ich danke dir</title>. 1 Fr. <title>No. 21, 22, Rec. u. Schlusschor: O welch eine Tiefe</title>. 1 Fr. <title>No. 23, Chor: Der Erdkreis</title>. 1 Fr. <title>No. 24, 25, Rec. u. Duett: So sind wir nun</title> 75 Ct. <title>No. 26, Chor: Wie lieblich sind</title> 75 Ct. <title>No. 27, 28, Rec., Arioso u. Chor: Lasst uns singen</title>. 75 Ct. <title>No. 29, 30, Rec., Chor u. Choral: Ich das nicht der</title> 1 Fr. <title>No. 31, Duett: Denn also hat</title> 75 Ct. <title>No. 32, 33, Rec. u. Chor: Die Götter sind</title> 75 Ct. <title>No. 34, 35, Rec. u. Chor: Sei uns gnädig</title>. 75 Ct. <title>No. 36, Rec., Aria u. Chor: Wisset ihr nicht</title> 1 Fr. 25 Ct. <title>No. 37, 38, Rec. u. Chor: Hier ist des Herrn Tempel</title>. 75 Ct. <title>No. 39, 40, Rec. u. Cavatine: Sei getreu</title> 75 Ct. <title>No. 41, 42, Rec u. Chor: Schone doch</title> 75 Ct. <title>No. 43, Chor: Sehet, welch<pb n="56"/> eine Liebe!</title> 75 Ct. <title>No. 44, 45, Rec. u. Schlusschor : Nicht aber ihm</title> 1 Fr. <pubPlace key="place_0069">Bonn</pubPlace>, <publisher key="publ_3791">Simrock</publisher>.</wip>
<bibl id="hofm_1839_05_0056_01"><composer key="compo_027154">Prume (F.)</composer> <title>La Melancolie, arr. p. Pfte</title> (av. Portrait de M. Prume.) <pubPlace key="place_0199">Frankfurt</pubPlace>, <publisher key="publ_0819">Dunst</publisher> 1 Fl. 12 Xr.</bibl>
<bibl id="hofm_1839_05_0056_02"><composer key="compo_027982">Reissiger (C.G.)</composer> <title>Lieder f. Pfte übertragen von G.M. Schmidt. 1stes Heft, Der Sehnsucht Schmerzen. Lied: Als ich sie sah zum erstenmal. Mailied: Wo geht’s Liebchen. Liebesunmuth. 2tes Heft, Der Sänger in der Ferne. Das Gefühl der ersten Liebe. Das Veilchen. Jägers Wegzeiger. Neue Liebe, neues Leben. Lied: Ich lieb eine Blume. Der Abschiedsabend. Duett: Mio ben ricordati</title>. <pubPlace key="place_0392">Leipzig</pubPlace>, <publisher key="publ_1746">Hofmeister</publisher> à 14 Gr.</bibl>
<album id="hofm_1839_05_0056_03"><title>Réunion dramatique. Mélanges p. Pfte par <composer key="compo_028968">Rossini</composer>, <composer key="compo_023267">Meyerbeer</composer>, <composer key="compo_002199">Bellini</composer> et <composer key="compo_022962">Mercadante</composer> formant douze Livres. No. 1, L’Italiana in Algieri. No. 2, Zelmira. No. 3, Otello. No. 4, Pirata. No. 5, Elisa et Claudio. No. 6, Anna Boleno. No. 7, Turco in Italia. No. 8, Cenerentola. No. 9, Corradino. No. 10, Crociato in Egito. No. 11, Norma. No. 12, Straniera</title>. <pubPlace key="place_0537">Paris</pubPlace>, <publisher key="publ_3559">Schonenberger</publisher> à 5 Fr.</album>
<bibl id="hofm_1839_05_0056_04"><composer key="compo_028887">Rosenhain (Jacq.)</composer> <title>12 Etudes caractéristiques. Oe. <opus key="opus_1068">17</opus>. (Ces Etudes sont adoptées par Mr. le Directeur du Conservatoire royal de France à l’Usage de cet Etablissement.)</title> <pubPlace key="place_0392">Leipzig</pubPlace>, <publisher key="publ_1746">Hofmeister</publisher> geh. 2 Thlr.</bibl>
<bibl id="hofm_1839_05_0056_05"><composer key="compo_029861">Scarlatti (Dom.)</composer> <title>Sämmtliche Werke f. Pfte. Redigirt v. C. Czerny. 8te Lief</title>. <pubPlace key="place_0731">Wien</pubPlace>, <publisher key="publ_1506">Haslinger</publisher> 1 Fl. n.</bibl>
<bibl id="hofm_1839_05_0056_06"><composer key="compo_030657">Schmitt (Jacq.)</composer> <title>Fantaisie p. Pfte. Oe. <opus key="opus_1922">269</opus>, in <key>Es</key></title>. <pubPlace key="place_0276">Hamburg</pubPlace>, <publisher key="publ_0640">Cranz</publisher> 14 Gr.</bibl>
<bibl id="hofm_1839_05_0056_07">– <title>3 Lieder ohne Worte f. Pfte. Oe. <opus key="opus_1949">270</opus></title>. <pubPlace key="place_0276">Hamburg</pubPlace>, <publisher key="publ_3607">Schuberth u. N</publisher>. 12 Gr.</bibl>
<bibl id="hofm_1839_05_0056_08"><composer key="compo_031151">Schuberth (L.)</composer> <title>Grande Sonate p. Pfte. Oe. <opus key="opus_1584">22</opus>, in <key>A</key>. No. 2 des Sonates</title>. Ebend. 1 Thlr.</bibl>
<wip id="hofm_1839_05_0056_09"><composer key="compo_031122">Schubert (Fr.)</composer> <title>Lieder f. Pfte übertragen v. C. Czerny</title>. <title>No. 1, Die Forelle</title> 45 Xr. <title>No. 2, Drang in Ferne</title> 30 Xr. <title>No. 3, Gruppe aus dem Tartarus</title> 45 Xr. <title>No. 4, Der blinde Knabe</title>. 30 Xr. <title>No. 5, Norman’s Gesang</title> 45 Xr. <title>No. 6, Lied gefangenen Jägers</title> 45 Xr. <title>No. 7, Schäfers Klagelied</title> 30 Xr. <title>No. 8, Jägers Abendlied</title> 30 Xr. <pubPlace key="place_0731">Wien</pubPlace>, <publisher key="publ_0735">Diabelli u. Co</publisher>.</wip>
<bibl id="hofm_1839_05_0056_10"><composer key="compo_034322">Thalberg (S.)</composer> <title>Grand Concerto p. Pfte. Oe. <opus key="opus_3181">5</opus>, in <key>Fm</key>. <edition>Seconde Edition</edition></title>. <pubPlace key="place_0731">Wien</pubPlace>, <publisher key="publ_2605">Mechetti</publisher> 2 Fl.</bibl>
<bibl id="hofm_1839_05_0056_11">– <title>Grand Divertissement, arr. p. Pfte p. G. Lickl. Oe. <opus key="opus_3967">7</opus>, in <key>F</key></title>. <pubPlace key="place_0731">Wien</pubPlace>, <publisher key="publ_0735">Diabelli et Co</publisher>. 1 Fl. 45 Xr.</bibl>
</div><div id="hofm_1839_05_0056_div11"><head><sic><hofClass key="hofCl_0292">Variationen für das Pianofote.</hofClass></sic></head>
<bibl id="hofm_1839_05_0056_12"><composer key="compo_005623">Chotek (F.X.)</composer> <title>Variationen über das beliebte Lied: An die Sterne von H. Proch. f. Pfte. Oe. <opus key="opus_2066">29</opus>, in <key>B</key></title>. <pubPlace key="place_0731">Wien</pubPlace>, <publisher key="publ_0735">Diabelli u. Co</publisher>. 30 Xr.</bibl>
<bibl id="hofm_1839_05_0056_13"><composer key="compo_006306">Czerny (Ch.)</composer> <title>Die Heimath (Was soll ich in der Fremde thun). Thema mit Variationen im leichten Style f. Pfte. Op. <opus key="opus_3369">541. No. 1</opus>, in <key>D</key></title>. <pubPlace key="place_0044">Berlin</pubPlace>, <publisher key="publ_3471">Schlesinger</publisher> 10 Gr.</bibl>
<bibl id="hofm_1839_05_0056_14">– <title>Preussens Vaterland (Ich bin ein Preusse, kennt ihr meine Farben?) Thema mit Variationen im leichten Style f. Pfte. Op. <opus key="opus_3370">541. No. 2</opus>, in <key>B</key></title>. Ebend. 10 Gr. </bibl>
<bibl id="hofm_1839_05_0056_15">– <title>Variationen und Finale auf dem Wechselgesang aus dem Singspiel: Der alte Feldherr (Denkst du daran) f. Pfte. Op. <opus key="opus_3371">542</opus>, in <key>Es</key></title>. Ebend. 10 Gr. <lb/>(Nouveaux Amusements de Salon. No. 4, 5, 6.)</bibl>
<pb n="57"/>
<bibl id="hofm_1839_05_0057_01"><composer key="compo_007124">Dobrzynski (J.F.)</composer> <title>Thème original varié p. Pfte. Oe. <opus key="opus_1584">22</opus>, in <key>B</key></title>. <pubPlace key="place_0392">Leipzig</pubPlace>, <publisher key="publ_1746">Hofmeister</publisher> 18 Gr.</bibl>
<bibl id="hofm_1839_05_0057_02"><composer key="compo_015808">Höllerer (F.X.)</composer> <title>Variations sur un Motif de l’Opéra: Le Bal masqué p. Pfte. Oe. <opus key="opus_3565">6</opus>, in <key>D</key></title>. <pubPlace key="place_0475">München</pubPlace>, <publisher key="publ_0996">Falter</publisher> 54 Xr.</bibl>
<bibl id="hofm_1839_05_0057_03"><composer key="compo_015944">Hünten (Fr.)</composer> <title>Deux Airs variés sur des Motifs favoris de Mlle. L. Puget: Son Nom. Ave Maria, arr. p. Pfte de l’Oe. <opus key="opus_4687">96</opus> p. L. Farrenc</title>. <pubPlace key="place_0438">Mainz</pubPlace>, <publisher key="publ_3563">Schott</publisher> 1 Fl. </bibl><bibl id="hofm_1839_05_0057_04">– <title>Trois Cavatines italiennes de Bellini, Donizetti et Meyerbeer variées p. Pfte. Tiré de l’Oe. <opus key="opus_4704">97</opus> p. L. Farrenc. No. 1, Anna Bolena. No. 2, La Norma. No. 3, Il Crociato</title>. Ebend. à 54 Xr.</bibl>
<bibl id="hofm_1839_05_0057_05"><composer key="compo_026877">Posch (J.)</composer> <title>Variations brillantes sur le Thème: La Melancolie de F. Prume, arr. p. Pfte et Violon</title>. <pubPlace key="place_0199">Frankfurt</pubPlace>, <publisher key="publ_0819">Dunst</publisher> 18 Gr.</bibl>
<bibl id="hofm_1839_05_0057_06"><composer key="compo_037346">Wittmann (Ch.)</composer> <title>Variations p. Pfte (in <key>As</key>.)</title> <pubPlace key="place_0731">Wien</pubPlace>, <publisher key="publ_2605">Mechetti</publisher> 45 Xr.</bibl>
</div><div id="hofm_1839_05_0057_div12"><head><hofClass key="hofCl_0273">Ouverturen für das Pianoforte.</hofClass></head>
<bibl id="hofm_1839_05_0057_07"><composer key="compo_000089">Adam (A.)</composer> <title>Ouverture de Micheline ou l’Heure de l’Esprit (Die Geisterstunde) p. Pfte</title>. <pubPlace key="place_0069">Bonn</pubPlace>, <publisher key="publ_3791">Simrock</publisher> 1 Fr. 50 Ct.</bibl>
<bibl id="hofm_1839_05_0057_08">– <title>Ouverture de Regine, arr. p. Pfte p. Cornette</title>. <pubPlace key="place_0438">Mainz</pubPlace>, <publisher key="publ_3563">Schott</publisher> 36 Xr.</bibl>
<bibl id="hofm_1839_05_0057_09">– Idem av Acc. de Violon ad lib. Ebend. 45 Xr.</bibl>
<bibl id="hofm_1839_05_0057_10"><composer key="compo_022904">Mendelssohn-Bartholdy (F.)</composer> <title>Ouverture f. Harmoniemusik, arr. f. Pfte v. C. Czerny. Op. <opus key="opus_1731">24</opus>, in <key>C</key></title>. <pubPlace key="place_0069">Bonn</pubPlace>, <publisher key="publ_3791">Simrock</publisher> 2 Fr. 50 Ct.</bibl>
<bibl id="hofm_1839_05_0057_11"><composer key="compo_024718">Neumann (H.)</composer> <title>Ouverture sur un Thème national holandais p. Musique militaire, arr. p. Pfte. Oe. <opus key="opus_3204">50</opus>, in <key>F</key></title>. <pubPlace key="place_0069">Bonn</pubPlace>, <publisher key="publ_2734">Mompour</publisher> 10 Gr.</bibl>
</div><div id="hofm_1839_05_0057_div13"><head><hofClass key="hofCl_0288">Tänze für das Pianoforte.</hofClass></head>
<bibl id="hofm_1839_05_0057_12"><composer key="compo_000092">Adam (Ad.)</composer> <title>Beliebte Stücke aus dem Ballete: Die Tochter des Donaustromes (La Fille du Danube) von Ph. Taglioni f. Pfte</title>. <pubPlace key="place_0731">Wien</pubPlace>, <publisher key="publ_2605">Mechetti</publisher> 1 Fl. 30 Xr.</bibl>
<bibl id="hofm_1839_05_0057_13"><title>Aragonaise, spanischer Nationaltanz, eingelegt in das Ballet: Don Quixotte f. Pfte</title>. <pubPlace key="place_0044">Berlin</pubPlace>, <publisher key="publ_3471">Schlesinger</publisher> 2 Gr.</bibl>
<bibl id="hofm_1839_05_0057_14"><composer key="compo_001079">Auber (D.F.E.)</composer> <title>Jaleo de Xeres. Spanischer Nationaltanz ausgef. in den Ballet: Der hinkende Teufel f. Pfte</title>. <pubPlace key="place_0731">Wien</pubPlace>, <publisher key="publ_2605">Mechetti</publisher> 20 Xr.</bibl>
<bibl id="hofm_1839_05_0057_15"><composer key="compo_002301">Bendl (Carl)</composer> <title>Alexander-Walzer f. Pfte. Op. <opus key="opus_1390">20</opus></title>. <pubPlace key="place_0731">Wien</pubPlace>, <publisher key="publ_0735">Diabelli u. Co</publisher>. 45 Xr.</bibl>
<bibl id="hofm_1839_05_0057_16"><composer key="compo_003680">Bonn (Herm.)</composer> <title>Faschings-Abschied-Galopp f. Pfte. No. 10</title>. <pubPlace key="place_0475">München</pubPlace>, <publisher key="publ_0028">Aibl</publisher> 18 Xr.</bibl>
<bibl id="hofm_1839_05_0057_17">– <title>Ball-Sträusschen. Galopp f. Pfte. No. 11</title>. Ebend. 18 Xr.</bibl>
<bibl id="hofm_1839_05_0057_18">– <title>Chinesen-Galopp f. Pfte. No. 12</title>. Ebend. 18 Xr.</bibl>
<bibl id="hofm_1839_05_0057_19"><composer key="compo_004706">Burgmüller (F.)</composer> <title>La Cracovienne du Ballet: La Gipsy, dansèe p. Mlle Fanny Elsler, arr. p. Pfte</title>. <pubPlace key="place_0438">Mainz</pubPlace>, <publisher key="publ_3563">Schott</publisher> 18 Xr.</bibl>
<bibl id="hofm_1839_05_0057_20">– <title>Galop favori des Corsaires. Dansé dans le Ballet de Benowsky, p. Pfte</title>. Ebend. 18 Xr.</bibl>
<bibl id="hofm_1839_05_0057_21"><title>Cachucha, eingelegt in das Ballet: Don Quichotte, f. Pfte</title>. <pubPlace key="place_0044">Berlin</pubPlace>, <publisher key="publ_3471">Schlesinger</publisher> 2 Gr.</bibl>
<bibl id="hofm_1839_05_0057_22"><composer key="compo_005895">(Commer) Francesco</composer>, <title>6 Contretänze nach beliebten Motiven aus der Oper: Der Brauer von Preston, f. Pfte</title>. <pubPlace key="place_0044">Berlin</pubPlace>, <publisher key="publ_4370">Westphal</publisher> 8 Gr.</bibl>
<bibl id="hofm_1839_05_0057_23"><composer key="compo_007007">Diethe (Fr.)</composer> <title>Schottischer-Walzer aus Guido und Ginevra, oder die Pest in Florenz, f. Pfte</title>. <pubPlace key="place_0392">Leipzig</pubPlace>, <publisher key="publ_2266">Künzel</publisher> 6 Gr.</bibl>
<pb n="58"/>
<bibl id="hofm_1839_05_0058_01"><composer key="compo_007470">Dufrène</composer>, <title>Victoria et Alexandrina. 2 Quadrilles de Contredanses p. Pfte (av. Viol., Flûte, Flageol. ou Piston ad lib.) No. 1–3</title>. <pubPlace key="place_0537">Paris</pubPlace>, <publisher key="publ_3559">Schonenberger</publisher> à 4 Fr. 50 Ct.</bibl>
<wip id="hofm_1839_05_0058_02"><composer key="compo_012615">Gährich (W.)</composer> <title>Don Quixotte. Komisches Ballet in 2 Abth. v. P. Taglioni, f. Pfte</title>. <pubPlace key="place_0044">Berlin</pubPlace>, <publisher key="publ_4370">Westphal</publisher> 1 Thlr. 12 Gr. <lb/>Hieraus einzeln: <title>No. 2, Marsch des Gamacho</title> 4 Gr. <title>No. 3, Marsch des Don Quixotte</title> 4 Gr. <title>No. 4, Sancho-Galopp</title> 6 Gr. <title>No. 5, Pas de Cinq</title> 8 Gr. <title>No. 6, Introd. (Walzer)</title> 4 Gr. <title>No. 7, Festmarsch</title> 4 Gr. <title>No. 8. 9, Arlequin-Galopp u. Aragonaise</title> 4 Gr. <title>No. 10 Ballabile</title> 8 Gr. <title>No. 11, Schnellwalzer</title> 4 Gr.</wip>
<bibl id="hofm_1839_05_0058_03"><composer key="compo_011662">Gomion (L.)</composer> <title>La Cachucha, dansèe p. Mlle Fanny Elsler, p. Pfte</title>. <pubPlace key="place_0438">Mainz</pubPlace>, <publisher key="publ_3563">Schott</publisher> 18 Xr.</bibl>
<bibl id="hofm_1839_05_0058_04"><composer key="compo_014556">Herz (Jacq.)</composer> <title>Aragonaise eingelegt in das Ballet: Don Quixotte, et la Cracovienne du Ballet: La Gipsy arr. f. Pfte</title>. <pubPlace key="place_0044">Berlin</pubPlace>, <publisher key="publ_3471">Schlesinger</publisher> 8 Gr.</bibl>
<bibl id="hofm_1839_05_0058_05"><composer key="compo_015944">Hünten (Fr.)</composer> <title>Souvenir de la Suisse et du Tirol. 12 Valses favorites f. Pfte. Liv. 1. 2</title>. <pubPlace key="place_0069">Bonn</pubPlace>, <publisher key="publ_3791">Simrock</publisher> à 1 Fr. 25 Ct.</bibl>
<bibl id="hofm_1839_05_0058_06"><title>Jota andalouse. (La) Spanischer Nationaltanz aus dem Ballete. Der hinkende Teufel, f. Pfte. 3tes Heft</title>. <pubPlace key="place_0731">Wien</pubPlace>, <publisher key="publ_2605">Mechetti</publisher> 15 Xr.</bibl>
<bibl id="hofm_1839_05_0058_07"><composer key="compo_020014">Lanner (Jos.)</composer> <title>Roccoco-Walzer f. Pfte. Op. <opus key="opus_0641">136</opus></title>. Ebend. 45 Xr.</bibl>
<bibl id="hofm_1839_05_0058_08">– <title>Walzer-Bouquet. Auswahl der beliebtesten Walzer f. Pfte. im leichten Style, mit Hinweglassung der Octaven, f. d. Jugend eingerichtet v. C. Czerny. No. 1. 2</title>. Ebend. à 1 Fl. 15 Xr.</bibl>
<bibl id="hofm_1839_05_0058_09"><composer key="compo_022249">Marks (G.W.)</composer> <title>Die junge Tänzerin. Eine ausgewählte Sammlung der schönsten Tänze im beliebtesten Arrangement f. Pfte. 15tes–17tes Heft</title>. <pubPlace key="place_0276">Hamburg</pubPlace>, <publisher key="publ_0640">Cranz</publisher> à 10 Gr.</bibl>
<bibl id="hofm_1839_05_0058_10"><composer key="compo_022435">Massak (Frz.)</composer> <title>Syringen-Laute. Walzer f. Pfte. 5tes Heft</title>. <pubPlace key="place_0731">Wien</pubPlace>, <publisher key="publ_2605">Mechetti</publisher> 45 Xr.</bibl>
<bibl id="hofm_1839_05_0058_11"><title>Melodie-Tänze f. Pfte, arr. vom Verleger. 1stes Heft</title>. <pubPlace key="place_0392">Leipzig</pubPlace>, <publisher key="publ_3356">Rüdel</publisher> 16 Gr.</bibl>
<bibl id="hofm_1839_05_0058_12"><composer key="compo_023462">Miné (Ad.)</composer> <title>Le petits Coquettes, 3 Recueils de Contredanses très faciles sur les plus jolis Motifs de <sic>Mercandante</sic>, Donizetti, Meyerbeer, Bellini, Rossini etc. p. Pfte (av. Viol., Flûte, Flag. ou Basse ad lib.) No. 1–3</title>. <pubPlace key="place_0537">Paris</pubPlace>, <publisher key="publ_3559">Schonenberger</publisher> à 4 Fr. 50 Ct.</bibl>
<bibl id="hofm_1839_05_0058_13">– <title>Les petites Elégantes. 3 Recueils de Contredanses faciles sur des Motifs de Bellini, Donizetti, Mercadante et Rossini, p. Pfte (av. Viol., Flûte ou Basse ad lib.)</title> Ebend. à 4 Fr. 50 Ct.</bibl>
<bibl id="hofm_1839_05_0058_14"><composer key="compo_023954">Musard</composer>, <title>Concerts Musard. 2 Quadrilles de Contre-Danses sur des Motifs de l’Opéra : La Figurante, p. Pfte. No. 1. 2</title>. <pubPlace key="place_0438">Mainz</pubPlace>, <publisher key="publ_3563">Schott</publisher> à 36 Xr.</bibl>
<bibl id="hofm_1839_05_0058_15">– <title>L’Elisire d’Amore. Opéra bouffe de Donizetti. Quadrille de Contredanses p. Pfte (av. Violon, Flûte, Flag. ou Piston ad lib.)</title> <pubPlace key="place_0537">Paris</pubPlace>, <publisher key="publ_3559">Schonenberger</publisher> 4 Fr. 50 Ct.</bibl>
<bibl id="hofm_1839_05_0058_16">– <title>Marquise, Opéra d’Ad. Adam. 2 Quadrilles de Contredanses, une Valse et un Galop p. Pfte. (av. Violon, Flûte, Flag. ou Piston ad lib.) No. 1. 2</title>. Ebend. à 4 Fr. 50 Ct.</bibl>
<bibl id="hofm_1839_05_0058_17">– <title>Roberto Devereux. Opéra seria de Donizetti. Quadrille de Contredanses p. Pfte (av. Viol., Flûte, Flag. ou Piston ad lib.)</title> Ebend. 4 Fr. 50 Ct.</bibl>
<bibl id="hofm_1839_05_0058_18">– <title>La Princesse de Grenada. 2 Quadrilles de Contredanses p. Pfte (av. Viol., Flûte, Flag. ou Piston ad lib.) No. 1. 2</title>. Ebend. à 4 Fr. 50 Ct.</bibl>
<bibl id="hofm_1839_05_0058_19"><composer key="compo_026239">Petzmayer (Joh.)</composer> <title>Nilfahrt. Walzer f. Pfte</title>. <pubPlace key="place_0475">München</pubPlace>, <publisher key="publ_0996">Falter</publisher> 36 Xr.</bibl>
<pb n="59"/>
<bibl id="hofm_1839_05_0059_01"><title>Steyrer-Tänze (5) aus dem Divertissement: Der Maskenball, f. Pfte</title>. <pubPlace key="place_0475">München</pubPlace>, <publisher key="publ_0996">Falter</publisher> 18 Xr.</bibl>
<bibl id="hofm_1839_05_0059_02"><composer key="compo_033569">Strauss (Joh.)</composer> <title>Versailler-Galopp f. Pfte. Op. <opus key="opus_0182">107</opus>. (No. 24)</title> <pubPlace key="place_0731">Wien</pubPlace>, <publisher key="publ_1506">Haslinger</publisher> 15 Xr.</bibl>
<bibl id="hofm_1839_05_0059_03"><composer key="compo_033607">Streck (P.)</composer> <title>Bavariens Jubeltöne, Walzer f. Pfte</title>. <pubPlace key="place_0475">München</pubPlace>, <publisher key="publ_0996">Falter</publisher> 45 Xr.</bibl>
<bibl id="hofm_1839_05_0059_04">– <title>Hugenotten-Galopp f. Pfte</title>. Ebend. 18 Xr.</bibl>
<bibl id="hofm_1839_05_0059_05"><title>Sylvain, Les Provencales. 2 Quadrilles de Contredanses et 2 Valses p. Pfte (av. Viol., Flag. ou Piston ad lib.) No. 1. 2</title>. <pubPlace key="place_0537">Paris</pubPlace>, <publisher key="publ_3559">Schonenberger</publisher> à 4 Fr. 50 Ct.</bibl>
<bibl id="hofm_1839_05_0059_06"><composer key="compo_034663">Tolbecque (Ch.)</composer> <title>Carneval des Variétés. 2 Quadrilles de Contredanses, Valse et Galop p. Pfte (av. Viol., Flag. ou Piston ad lib.) No. 1. 2</title>. <pubPlace key="place_0537">Paris</pubPlace>, <publisher key="publ_3559">Schonenberger</publisher> à 4 Fr. 50 Ct.</bibl>
<bibl id="hofm_1839_05_0059_07">– <title>Les Françaises. 2 Quadrilles de Contredanses, Valse et Galop sur des Motifs favoris de H. Herz, Herold, Gambaro etc., p. Pfte (av. Viol., Flag. ou Piston ad lib.) No. 1. 2</title>. Ebend. à 4 Fr. 50 Ct.</bibl>
<bibl id="hofm_1839_05_0059_08"><composer key="compo_036590">Weller (Fr.)</composer> <title>6 Contretänze, nach beliebten Motiven aus Don Quixotte, von w. Gährich, f. Pfte</title>. <pubPlace key="place_0044">Berlin</pubPlace>, <publisher key="publ_4370">Westphal</publisher> 8 Gr. </bibl>
<bibl id="hofm_1839_05_0059_09"><title>Würfel (Der) als Compositeur. Ein musikalischer Scherz f. Pfte</title>. <pubPlace key="place_0475">München</pubPlace>, <publisher key="publ_0028">Aibl</publisher> 30 Xr.</bibl>
</div><div id="hofm_1839_05_0059_div14"><head><hofClass key="hofCl_0250">Märsche für das Pianoforte.</hofClass></head>
<bibl id="hofm_1839_05_0059_10"><composer key="compo_020014">Lanner (Jos.)</composer> <title>Fest-Marsch zur Ankunft S. k. H. d. Grossf. Thronf. v. Russland, Alex. Nicolaewitsch, f. Pfte. Op. <opus key="opus_0666">139</opus></title>. <pubPlace key="place_0731">Wien</pubPlace>, <publisher key="publ_2605">Mechetti</publisher> 15 Xr.</bibl>
</div><div id="hofm_1839_05_0059_div15"><head><hofClass key="hofCl_0072">Lehrbücher für das Pianoforte.</hofClass></head>
<bibl id="hofm_1839_05_0059_11"><composer key="compo_006306">Czerny (C.)</composer> <title>Vollständige theoretisch-practische Pianoforte-Schule, von dem ersten Anfange bis zur höchsten Ausbildung fortschreitend, mit zahlreichen Beispielen, in 3 Theilen. Op. <opus key="opus_3224">500</opus>. Erster Theil</title>. (Mit. d. Portr. und Facsimile v. C. Czerny.) <pubPlace key="place_0731">Wien</pubPlace>, <publisher key="publ_0735">Diabelli u. Co</publisher>. geh. 10 Fl. 30 Xr.</bibl>
<bibl id="hofm_1839_05_0059_12"><composer key="compo_015612">Hummel (J.N.)</composer> <title>Anweisung zum Pfte-Spiele. 16te Lief</title>. <pubPlace key="place_0731">Wien</pubPlace>, <publisher key="publ_1506">Haslinger</publisher> 1 Fl. n.</bibl>
<bibl id="hofm_1839_05_0059_13"><composer key="compo_015944">Hünten (Fr.)</composer> <title>Méthode p. le Pfte. (Clavierschule.) Oe. <opus key="opus_3586">60</opus>. 2ième Edition. Ornée d’une belle Lithographie avec le Portrait de l’Auteur</title>. <pubPlace key="place_0438">Mainz</pubPlace>, <publisher key="publ_3563">Schott</publisher> 5 Fl. 24 Xr.</bibl>
</div><div id="hofm_1839_05_0059_div16"><head><hofClass key="hofCl_0168">Musik für Pianoforte zu einer Hand.</hofClass></head>
<bibl id="hofm_1839_05_0059_14"><composer key="compo_022385">Marxsen (Ed.)</composer> <title>Hommage à Dreyschock. 3 Impromptus p. Pfte p. la Main gauche. Oe. <opus key="opus_2347">33</opus></title>. <pubPlace key="place_0276">Hamburg</pubPlace>, <publisher key="publ_0640">Cranz</publisher> 14 Gr.</bibl>
</div><div id="hofm_1839_05_0059_div17"><head><hofClass key="hofCl_0225">Musik für die Orgel.</hofClass></head>
<bibl id="hofm_1839_05_0059_15"><composer key="compo_013370">Hartig (X.L.)</composer> <title>300 kurze Vorspiele, Zwischenspiele und Fugetten verschiedener Art, f. angehende Orgelspieler. Op. <opus key="opus_4562">9</opus>, 2tes Heft</title>. <pubPlace key="place_0438">Mainz</pubPlace>, <publisher key="publ_3563">Schott</publisher> 48 Xr.</bibl>
</div><div id="hofm_1839_05_0059_div18"><head><hofClass key="hofCl_0068">Kirchenmusik.</hofClass></head>
<bibl id="hofm_1839_05_0059_16"><composer key="compo_000218">Aiblinger (K.)</composer> <composer key="compo_006506">F. Danzi</composer>, <composer key="compo_037233">P. v. Winter</composer>, <composer key="compo_035616">Vogler</composer> u. <composer key="compo_022646">S. Mayer</composer>, <title>6 Salve Regina f. 4 Singst. u. Orgel</title>. <pubPlace key="place_0475">München</pubPlace>, <publisher key="publ_0996">Falter</publisher> 1 Fl. 30 Xr.</bibl>
<pb n="60"/>
<bibl id="hofm_1839_05_0060_01"><composer key="compo_000596">Anderl (Quir.)</composer> <title>Weihnachts-Gesang f. 2 Soprane, Bass u. Orgel, z. Gebr. f. Landkirchen</title>. <pubPlace key="place_0475">München</pubPlace>, <publisher key="publ_0996">Falter</publisher> 36 Xr.</bibl>
<bibl id="hofm_1839_05_0060_02"><composer key="compo_005787">Closner (J.M.)</composer> <title>Solennes Offertorium (Ave maris stella) f. 4 Singst. 2 Viol., Alto, 2 Tromp., Pauken, Orgel u. C Bass. Op. <opus key="opus_0021">10</opus></title>. Ebend. 2 Fl. 24 Xr.</bibl>
<bibl id="hofm_1839_05_0060_03">– <title>Cantate zur Auferstehung Christi, f. 4 Singst., 2 Viol., Alto, 2 Clar., 2 Hörner, 2 Tromp., Pauken, Orgel u. C-Bass. Op. <opus key="opus_0234">11</opus></title>. Ebend. 3 Fl. 36 Xr.</bibl>
<bibl id="hofm_1839_05_0060_04"><composer key="compo_006507">Danzi (Fr.)</composer> <title>Messe f. Sopr., Alt, Ten. u. Bass, 2 Viol., Alto, 2 Hörner u. Orgel (in <key>G</key>.)</title> Ebend. 2 Fl. 12 Xr.</bibl>
<wip id="hofm_1839_05_0060_05"><composer key="compo_007407">Drobisch (C.L.)</composer> <title>6 Offertoria f. 4 Singstimmen mit unterlegten deutschem Texte. Op. <opus key="opus_2268">32</opus>. <format>Partitur u. Stimmen</format></title> 3 Fl. <format>Partitur</format> allein 1 Fl. 30 Xr. <format>Stimmen</format> allein 1 Fl. 45 Xr. Ebend.</wip>
<bibl id="hofm_1839_05_0060_06"><composer key="compo_019334">Köhler (E.)</composer> <title>Motette: Wie lieblich ist doch, Herr, die Stätte, f. Sopr. Alt, Tenor u. Bass, m. Begl. v. Flöte, 2 Clarin., 2 Oboen, 2 Hörner, 2 Fagotte (Tromp. u. Pauken ad lib.) u. Orgel od. Pfte. Op. <opus key="opus_3658">61</opus>. <format>Partitur</format></title>. <pubPlace key="place_0082">Breslau</pubPlace>, <publisher key="publ_0640">Cranz</publisher> 1 Thlr.</bibl>
<bibl id="hofm_1839_05_0060_07"><composer key="compo_020547">Lenz (Leop.)</composer> <title>12 deutsche Kirchenlieder f. Sopran, Alt, Tenor, Bass u. Orgel. Op. <opus key="opus_0001">1</opus>, <edition>Vermehrte u. verbesserte Auflage</edition></title>. <pubPlace key="place_0475">München</pubPlace>, <publisher key="publ_0996">Falter</publisher> 1 Fl. 30 Xr.</bibl>
<bibl id="hofm_1839_05_0060_08"><composer key="compo_020556">Leo</composer>, <title>Psalm 110 (Dixit Dominus) f. 2 Sopr., Alt, Ten. u. Bass, Klavier-Auszug und Chorstimmen (Sammlung von Musikwerken der vorzüglichsten Kirchencomponisten früherer Zeit, Liv. 3.)</title> <pubPlace key="place_0275">Halle</pubPlace>, <publisher key="publ_2262">Kümmel</publisher> 3 Thlr. n.</bibl>
<bibl id="hofm_1839_05_0060_09"><composer key="compo_021624">Löhle (Frz.)</composer> <title>3 lateinische Messen f. 4 Singstimmen u. Orgel. No. 2, in <key>Es</key>. No. 3, in <key>D</key></title>. <pubPlace key="place_0475">München</pubPlace>, <publisher key="publ_0996">Falter</publisher> à 1 Fl. 48 Xr.</bibl>
<bibl id="hofm_1839_05_0060_10"><composer key="compo_023890">Mozart (W.A.)</composer> <title>2 Offertorien f. Sopran, Alt, Tenor u. Bass, 2 Violinen, Alto, 2 Hörner u. Orgel</title>. Ebend. 50 Xr.</bibl>
<bibl id="hofm_1839_05_0060_11"><composer key="compo_030753">Schneider (Fr.)</composer> <title>Gethsemane und Golgatha. Charfreitags-Oratorium von Wilh. Schubert. <format>Partitur</format></title>. <pubPlace key="place_0754">Zerbst</pubPlace>, <publisher key="publ_2202">Kummer</publisher> 8 Thlr. n. </bibl>
<bibl id="hofm_1839_05_0060_12">– Idem. <format>Klavierauszug</format>. Ebend. 2 Thlr. 12 Gr. n.</bibl>
<bibl id="hofm_1839_05_0060_13">–<title> Die 4 Chorstimmen</title>. Ebend. 1 Thlr. n. (jede einzelne Stimme 6 Gr. n.)</bibl>
<bibl id="hofm_1839_05_0060_14"><composer key="compo_033723">Stuntz (J.H.)</composer> <title>Grabgesang v. C. v. Reger, f. 4 Singstimmen, 4 Hörner u. 3 Posaunen (Hier über stillen Gräbern)</title>. <pubPlace key="place_0475">München</pubPlace>, <publisher key="publ_0996">Falter</publisher> 36 Xr.</bibl>
<bibl id="hofm_1839_05_0060_15"><composer key="compo_037233">Winter (P. v.)</composer> <title>Lateinische Messe f. Sopr., Alt, Ten. u. Bass, 2 Viol., Alto u. Orgel obl., 2 Flöten, 2 Hörner, 2 Trompeten u. Pauken ad lib. (in <key>D</key>.)</title> Ebend. 3 Fl.</bibl>
<bibl id="hofm_1839_05_0060_16">– <title>Te Deum laudamus f. Sopr., Alt, Ten. u. Bass, 2 Viol., Alto, Ten. u. Bass, 2 Viol., Alt u. Orgel obl., 2 Hörner, 2 Trompeten, Pauken u. Bass-Posaune ad lib</title>. Ebend. 1 Fl. 30 Xr.</bibl>
<bibl id="hofm_1839_05_0060_17"><composer key="compo_037233">Winter (P. v.)</composer> <composer key="compo_006506">F. Danzi</composer> u. <composer key="compo_000218">K. Aiblinger</composer>, <title>5 Ave Regina f. Sopr., Alt, Ten., Bass u. Orgel und Danzi (F.) Alma Redemptoris f. 4 Singst., 2 Viol., Alto, Orgel, 2 Hörner (Flöte, 2 Clar., Tromp. u. Pauken ad lib.)</title> Ebend. 1 Fl. 30 Xr.</bibl>
</div><div id="hofm_1839_05_0060_div19"><head><hofClass key="hofCl_0021">Gesangstücke für Concertmusik mit Begleitung mehrerer Instrumente.</hofClass></head>
<bibl id="hofm_1839_05_0060_18"><composer key="compo_017798">Klingenberg (Wilh.)</composer> <title>Der Troubadour, f. eine Singst. mit Pfte u. Violoncello. Op. <opus key="opus_3967">7</opus> (Meiner Lyra goldne Saiten)</title>. <pubPlace key="place_0082">Breslau</pubPlace>, <publisher key="publ_4319">Weinhold</publisher> 8 Gr.</bibl>
<bibl id="hofm_1839_05_0060_19">– <title>Gute Nacht, f. eine Singst. m. Pfte u. Violoncello. Op. <opus key="opus_4300">8</opus> (Der helle Tag hat müde sich ergangen)</title>. Ebend. 8 Gr.</bibl>
<pb n="61"/>
</div><div id="hofm_1839_05_0061_div20"><head><hofClass key="hofCl_0102">Mehrstimmige Gesänge mit und ohne Pianoforte.</hofClass></head>
<bibl id="hofm_1839_05_0061_01"><composer key="compo_004979">Böhmer (C.)</composer> <title>Soldatenlied. Nachtlied. Venetianer Trias. 3 Gesänge f. 4 Männerstimmen. Op. <opus key="opus_2066">29</opus>. <format>Part. u. Stimmen</format> (Wenn man bei Wein sitzt – Der Mond kommt still gegangen – Ich wollt, wenn das Wünschen hülf’)</title>. <pubPlace key="place_0044">Berlin</pubPlace>, <publisher key="publ_4370">Westphal</publisher> 14 Gr.</bibl>
<bibl id="hofm_1839_05_0061_02"><composer key="compo_007199">Donizetti (G.)</composer> <title>Duett: Qui dove mercè (Hier wo du flohst) f. Sopr. u. Tenor m. Pfte</title>. <pubPlace key="place_0078">Braunschweig</pubPlace>, <publisher key="publ_2681">Meyer</publisher> 6 Gr.</bibl>
<bibl id="hofm_1839_05_0061_03">– <title>Duett: Sara più fida Irene (Wohl treuer wär’ Irene) f. 2 Singst. m. Pfte</title>. Ebend. 6 Gr. <lb/>(Euterpe. Sammlung auserl. Duettinos. No. 9. 10.)</bibl>
<bibl id="hofm_1839_05_0061_04"><composer key="compo_010862">Geissler (C.)</composer> <title>100 Jugend- und Volkslieder f. Schule und Haus, zweistimmig bearbeitet</title>. <pubPlace key="place_0449">Meissen</pubPlace>, <publisher key="publ_1397">Goedsche</publisher> 8 Gr. n. </bibl>
<bibl id="hofm_1839_05_0061_05"><composer key="compo_019037">Kufferath (Joh. Herm.)</composer> <title>Jubel-Cantate ter Gelegeheid van het tweede Eeuwfeest der Utrechtsche Hoogeschool door M.C. van Hall. Klavierauszug vom Componisten mit unterlegten deutschem Texte. Op. <opus key="opus_0001">1</opus></title>. <pubPlace key="place_0698">Utrecht</pubPlace>, <publisher key="publ_2817">Natan</publisher> n. 8 Thlr.</bibl>
<bibl id="hofm_1839_05_0061_06"><composer key="compo_021681">Löwe (C.)</composer> <title>6 vierstimmige Gesänge f. Männerstimmen, d. Mainzer Liedertafel gewidm. <format>Part. u Stimmen</format> (Weil’ auf mir du dunkles Auge – O freundliche Nacht – Ehret die Frauen! – Mein hochgebornes Schätzelein – Sie liebte ihn, Er liebte sie, – Wer soll Braut sein?)</title> <pubPlace key="place_0438">Mainz</pubPlace>, <publisher key="publ_3563">Schott</publisher> 2 Fl. 24 Xr.</bibl>
<bibl id="hofm_1839_05_0061_07"><composer key="compo_022894">Mendel (J.)</composer> <title>Vierstimmige Lieder für den Männerchor. Op. <opus key="opus_0021">10</opus>, 2tes Heft der Männerchöre</title>. <pubPlace key="place_0050">Bern</pubPlace>, <publisher key="publ_0676">Dalp</publisher> 10 Gr. n.</bibl>
<bibl id="hofm_1839_05_0061_08">– <title>Der Schüler-Chor, oder drei- und vierstimmige Lieder für Knaben und Jünglinge gesammelt und für Sopran, Alt, Dritte oder tiefe Alt-Stimme (auch gebrochene oder jugendliche Tenorstimme) und Bassstimme bearbeitet. 1stes Heft</title>. Ebend. 10 Gr. n.</bibl>
<bibl id="hofm_1839_05_0061_09">– <title>Dasselbe <format>Partitur</format></title>. Ebend. 6 Gr. n.</bibl>
<bibl id="hofm_1839_05_0061_10"><composer key="compo_026351">Philipp (B.E.)</composer> <title>6 Lieder f. Männerstimmen. Op. <opus key="opus_2131">30</opus>. <format>Part. u. Stimmen</format> (Die Erde trinkt des Meeres Düfte – Kleines stilles Dörfchen – Ein Thaler nach dem andern – Heut wo die Becher klingen – Was Liebe giebt – Das Glas in der Rechten)</title>. <pubPlace key="place_0082">Breslau</pubPlace>, <publisher key="publ_4319">Weinhold</publisher> 20 Gr.</bibl>
<bibl id="hofm_1839_05_0061_11"><composer key="compo_027031">Preyer (G.)</composer> <title>Streit zwischen den Magern und Fetten. Ein Schwank v. F. Castelli, f. Tenor u. Bass, m. Begl. d. Pfte. Op. <opus key="opus_1390">20</opus> (So geh’ der Herr doch einmal auf die Seite)</title>. <pubPlace key="place_0731">Wien</pubPlace>, <publisher key="publ_0735">Diabelli u. Co</publisher>. 1 Fl. 15 Xr.</bibl>
<bibl id="hofm_1839_05_0061_12"><composer key="compo_028259">Richter (Ern.)</composer> <title>5 Lieder f. ein u. zwei Männerchöre. Op. <opus key="opus_0684">14</opus>. <format>Part. u. Stimmen</format> (Der Mensch hat nichts so eigen – Ein frohes Lied im frohen Kreis – Vor allen Wünschen in der Welt – Ehrwürd’ge Herrn – Wir spatzieren auf der trügerischen Fluth)</title>. <pubPlace key="place_0082">Breslau</pubPlace>, <publisher key="publ_0640">Cranz</publisher> 1 Thlr.</bibl>
<bibl id="hofm_1839_05_0061_13"><composer key="compo_032275">Silcher (Fr.)</composer> <title>12 Volkslieder f. 4 Männerstimmen. Op. <opus key="opus_1881">26</opus>, 5tes Heft</title> <pubPlace key="place_0693">Tübingen</pubPlace>, <publisher key="publ_2311">Laupp</publisher> 16 Gr. n.</bibl>
<bibl id="hofm_1839_05_0061_14"><composer key="compo_032798">Spohr (L.)</composer> <title>Duetto f. Alt und Tenor m. Pfte (Betet an der Liebe Kinder) aus Op. <opus key="opus_4722">98</opus></title>. <pubPlace key="place_0069">Bonn</pubPlace>, <publisher key="publ_3791">Simrock</publisher> 1 Fr. 25 Ct.</bibl>
<bibl id="hofm_1839_05_0061_15">– <title>3 Duetten f. Sopran und Tenor m. Pfte. Op. <opus key="opus_0182">107</opus>. (Sag wie kann man Lieb’ erkennen? – Wer lässt hier so lieblich – Wenn im Lenze rings um alles lacht)</title>. Ebend. 3 Fr. 50 Ct.</bibl>
<bibl id="hofm_1839_05_0061_16">– <title>3 Duetten f. 2 Soprane m. Pfte. Op. <opus key="opus_0198">108</opus> (Die stille Nacht – Es sehnt sich das Herz – Wenn im letzten Dämmrungsstrahle)</title>. Ebend. 3 Fr. 50 Ct.</bibl>
<bibl id="hofm_1839_05_0061_17"><composer key="compo_033595">Strebel (J.V.)</composer> <title>Liederlust. Sammlung von 130 mehrstimmigen Lie-<pb n="62"/>dern f. d. männliche Jugend. 8</title>. <pubPlace key="place_0662">Stuttgart</pubPlace>, <publisher key="publ_2672">Metzler’sche Buchhdl</publisher>. 1 Thlr. n.</bibl>
</div><div id="hofm_1839_05_0062_div21"><head><hofClass key="hofCl_0268">Opernmusik mit Pianofortebegleitung.</hofClass></head>
<wip id="hofm_1839_05_0062_01"><composer key="compo_000092">Adam (Ad.)</composer> <title>Der Brauer von Preston (La Brasseur de Preston). Komische Oper in 3 Acten. Mit deutschem und französischem Texte. <format>Vollständiger Klavier-Auszug</format></title>. <pubPlace key="place_0438">Mainz</pubPlace>, <publisher key="publ_3563">Schott</publisher> 13 Fl. 30 Xr. <lb/>Hieraus einzeln: <title>No. 1, Choeur: Auf lustig lebendig! (Allons à l’Ouvrage)</title> 45 Xr. <title>No. 2, Air: Wenn ich glücklich bin (Quand je suis heureux)</title> 45 Xr. <title>No. 3, Air: Ihm fehlt zwar der Muth (Monsieur Robinson)</title> 27 Xr. <title>No. 4, Duettino: Verzeih’, Verzeih’ (Pardon, Pardon)</title> 18 Xr. <title>No. 5, Ronde: Brauer heran (Joli Brasseur)</title> 27 Xr. <title>No. 6, Duo: Ein Mittel müssen wir (Il faut pourtant)</title> 1 Fl. 21 Xr. <title>No. 6. (B) Irlandaise: Mädchen von Irlands Höhen (Montagnarde jolie)</title> 18 Xr. <title>No. 7, Choeur de Soldats: Auf Kamraden zur Parade (Voici l’Heure)</title> 1 Fl. 3 Xr. <title>No. 8 (B.) Chanson militaire: Gevatter John (Un bon Luron)</title> 36 Xr. <title>No. 9, Trio: Ihr müsst euch als Soldat (Il faut d’un vrai)</title> 1 Fl. 48 Xr. <title>No. 10, Choeur: Greift zur Muskete (Le Clairon sonne)</title> 54 Xr. <title>No. 11, Air: Von Kriegern umgeben (La bas dans la Plaine)</title> 45 Xr. <title>No 12, Air du Cheval: Kaum hatt’ Toby’s Faust (Tout à l’Heure)</title> 27 Xr. <title>No. 13, Quatuor: Lohn für euren Muth (Pour recompenser)</title> 18 Xr. <title>No. 14, Choeur: Ehre und Ruhm (Honneur, Honneur)</title> 36 Xr. <title>No. 15 (B) Couplets: Käm’ ich zum König (Si j’avais à parler)</title> 18 Xr. <title>No. 16 (B) Romance: Retten, ihn zu retten (Pour sauver)</title> 18 Xr. <title>No. 17, Duettino: Es lächelt das Geschick (Ah! pour nous)</title> 36 Xr.</wip>
<wip id="hofm_1839_05_0062_02"><composer key="compo_006842">Dessauer (J.)</composer> <title>Ein Besuch in St. Cyr. Komische Oper in 3 Acten von Bauernfeld</title>. <title>No. 2, Scene u. Arie f. Sopran: Ich bin der süsse Friede</title> 10 Gr. <title>No. 3, Duett f. 2 Soprane: Lass mich wissen</title> 12 Gr. <title>No. 4, Quartett f. 3 Soprane u. Bass: Neue Kleider schickt der Schneider</title> 16 Gr. <title>No. 8, Romanze f. Tenor: Mir schwebt ein holdes Bild</title> 6 Gr. <title>No 9, Duett f. Tenor u. Bass: Könnt ich das Liebeln nur lassen</title> 8 Gr. <title>No. 11, Arie f. Bass: Ein Liebender muss seufzen, schmachten</title> 8 Gr. <pubPlace key="place_0392">Leipzig</pubPlace>, <publisher key="publ_1746">Hofmeister</publisher>. <lb/>(NB. Der complette Klavier-Auszug ist noch unter der Presse.)</wip>
<bibl id="hofm_1839_05_0062_03"><composer key="compo_007199">Donizetti (G.)</composer> <title>Romanza: Perche dell’ aure (Ach, wenn mein Geist dich umschwebt) nell’ Opera: Torquato Tasso</title>. (Aurora No. 258.) <pubPlace key="place_0731">Wien</pubPlace>, <publisher key="publ_2605">Mechetti</publisher> 15 Xr.</bibl>
<wip id="hofm_1839_05_0062_04"><composer key="compo_021043">Lindpaintner (P.)</composer> <title>Einzelne Gesänge aus der grossen romantischen Oper: Die Genueserin</title>. <title>No. 1, Romanze: Es zieht der Schwan nach Süden</title> 15 Xr. <title>No. 2, Duett: Dich darf ich drücken an diese trunke Brust</title> 45 Xr. <title>No. 3, Bass-Arie: Nein, nein, das kann Venedig nicht</title> 45 Xr. <title>No. 4, Terzett: Nicht der Strahl der Edelsteine</title> 15 Xr. <title>No. 5, Barcarole: Ihr Liebchen, keine Zeit verloren</title> 20 Xr. <title>No. 6, Marsch und Tanz der Russen: In Russlands dunkeln Wäldern</title> 30 Xr. <title>No. 7, Lied und Tanz der Tiroler: Es prangen die Matten</title> 30 Xr. <title>No. 8, Scene u. Arie: O Gott! ich bin allein</title> 1 Fl. <title>No. 9, Duett: So leicht schloss ich noch nie die schweren Thüren</title> 1 Fl. <title>No. 10, Preghiera: Nicht Menschenhände öffnen diese Pforte</title> 15 Xr. <pubPlace key="place_0731">Wien</pubPlace>, <publisher key="publ_1506">Haslinger</publisher></wip>
<pb n="63"/>
<wip id="hofm_1839_05_0063_01"><composer key="compo_027077">Proch (H.)</composer> <title>24 Stunden jung – 68 Jahr alt, Zauberspiel. Lied: Ich kann’s auf Ehre selbst nicht glauben. Lied: Der Eh’stand ist beim Licht beseh’n. Lied: Die Welt hat sich g’ändert</title> à 20 Xr. <title>Quodlibet: Es gibt nix Schöners auf der Welt</title> 45 Xr. (Neueste Samml. kom. Theater-Gesänge No. 352–355.) <pubPlace key="place_0731">Wien</pubPlace>, <publisher key="publ_0735">Diabelli u. Co</publisher>.</wip>
</div><div id="hofm_1839_05_0063_div22"><head><hofClass key="hofCl_0040">Gesänge für eine Stimme mit Begleitung des Pianoforte.</hofClass></head>
<bibl id="hofm_1839_05_0063_02"><composer key="compo_002119">Behrens (H.)</composer> <title>Gesänge und Lieder f. Bass oder Bariton. Op. <opus key="opus_4300">8</opus>, 2tes Heft d. Bassges. (Es stand ein greiser König – Das Vöglein hat ein schönes Loos – Leb’ wohl, du süsse Maid! – In der Flasche kein Wein – Dämmrung walt so still herüber – In Grün will ich mich kleiden.)</title> <pubPlace key="place_0078">Braunschweig</pubPlace>, <publisher key="publ_2681">Meyer</publisher> 16 Gr.</bibl>
<bibl id="hofm_1839_05_0063_03"><composer key="compo_006224">Curci (Guis.)</composer> <title>L’Ombra. Der Schatten. Romanza</title> (Aurora No. 259.) <pubPlace key="place_0731">Wien</pubPlace>, <publisher key="publ_2605">Mechetti</publisher> 30 Xr.</bibl>
<bibl id="hofm_1839_05_0063_04"><composer key="compo_006610">Decker (Const.)</composer> <title>Der treue Krieger. Romanze. Op. <opus key="opus_0927">16</opus>. (Die Feder auf dem Hute)</title>. <pubPlace key="place_0044">Berlin</pubPlace>, <publisher key="publ_0639">Crantz</publisher> 8 Gr.</bibl>
<bibl id="hofm_1839_05_0063_05"><composer key="compo_007199">Donizetti (G.)</composer> <title>4 Gesänge f. Sopran od. Tenor mit deutschem und italienischem Texte. (L’Amante spagnuolo. La Lontananza. Amore e Morte. Canzone Napolitana.)</title> <pubPlace key="place_0078">Braunschweig</pubPlace>, <publisher key="publ_2681">Meyer</publisher> 16 Gr.</bibl>
<bibl id="hofm_1839_05_0063_06"><composer key="compo_009922">Freudenthal (J.)</composer> <title>4 Gesänge f. Sopran oder Tenor. Op. <opus key="opus_2403">34</opus>. (Das Vöglein hat ein schönes Loos – Ein Blich war’s – Siehst du am Abend die Wolken zieh’n – Wenn der Abend sinkt)</title>. <pubPlace key="place_0078">Braunschweig</pubPlace>, <publisher key="publ_2681">Meyer</publisher> 16 Gr.</bibl>
<bibl id="hofm_1839_05_0063_07"><composer key="compo_010525">Gagliardi</composer>, <title>Cavatine: Ja dein Lohn sei meine Treue (Vanne pur fra i prodi)</title>. Ebend. 12 Gr.</bibl>
<bibl id="hofm_1839_05_0063_08"><composer key="compo_015697">Händel</composer>, <title>Heilig, Heilig! (Holy, Holy!) eingelegt in das Oratorium: Der Messias</title>. <pubPlace key="place_0044">Berlin</pubPlace>, <publisher key="publ_3471">Schlesinger</publisher> 4 Gr.</bibl>
<bibl id="hofm_1839_05_0063_09"><composer key="compo_013412">Hartmann (Fr.)</composer> <title>6 Gesänge f. Sopran oder Tenor. Op. <opus key="opus_2670">39</opus>. (Sag’ an, o Alter! – Du fragst, was ich so bang’ – Einsam auf des Berges Rücken – Liebchen ist hinausgezogen – Eisblumen starr – Frühling ist’s)</title>. <pubPlace key="place_0078">Braunschweig</pubPlace>, <publisher key="publ_2681">Meyer</publisher> 16 Gr.</bibl>
<bibl id="hofm_1839_05_0063_10"><composer key="compo_015093">Hoffmeister (H.)</composer> <title>Neueste Liedercompositionen. 2te Lief. (Der Holdseligen sonder Wank – Vorwärts fort und immer fort! – Das Leben ist so lustig)</title>. <pubPlace key="place_0436">Magdeburg</pubPlace>, <publisher key="publ_3225">Richter</publisher> 4 Gr.</bibl><wip id="hofm_1839_05_0063_11"><composer key="compo_018763">Kreutzer (Conr.)</composer> <title>Klänge der Schwermuth. 6 Balladen. 3tes Heft, Beruf. Wer da? (m. Vclle). Spott. (Dass mein Liebchen mich betrogen – Ich hatte einmal einen Posten – Man gab mir bald ein Band)</title> 1 Fl. 15 Xr. <title>4tes Heft, Bleiben. Ihr Grab. Wachfeuer. (Ich könnt aus meine Compagnie – Ich stürmte über Feld und Haide – Sie sitzen da beisammen)</title> 1 Fl. 6 Xr. <pubPlace key="place_0731">Wien</pubPlace>, <publisher key="publ_4074">Trentsensky</publisher>.</wip>

<bibl id="hofm_1839_05_0063_12"><composer key="compo_019507">Kücken (Fr.)</composer> <title>Wenn du wärst mein eigen. Gedicht v. d. Gräfin Hahn-Hahn, aus Op. <opus key="opus_1068">17</opus> abgedruckt</title>. <pubPlace key="place_0044">Berlin</pubPlace>, <publisher key="publ_4067">Trautwein</publisher>, 4 Gr.</bibl>
<bibl id="hofm_1839_05_0063_13"><composer key="compo_019726">Lafont (Ch. Ph.)</composer> <title>Le Départ du jeune Marin. Seeman’s Abreise</title>. Choix de Romances No. 172. <pubPlace key="place_0044">Berlin</pubPlace>, <publisher key="publ_3471">Schlesinger</publisher> 6 Gr.</bibl>
<bibl id="hofm_1839_05_0063_14"><composer key="compo_020547">Lenz (Leop.)</composer> <title>5 Gesänge. Op. <opus key="opus_1802">25</opus></title>. <pubPlace key="place_0475">München</pubPlace>, <publisher key="publ_0028">Aibl</publisher> 3 Fl. <lb/>Dieselben einzeln: <title>No.1, Nur Du (Wenn das Abendroth zerronnen)</title> 27 Xr. <title>No. 2, Zum Geburtsfest der Geliebten (Blüth und Ranken weh’n)</title> 36 Xr. <title>No. 3, Seefahrers Abschied (Die du fliegst in hohen Lüften)</title> 1 Fl. 21 Xr. <title>No.<pb n="64"/> 4, Mein. (Bächlein lass dein Rauschen sein)</title> 45 Xr. <title>No. 5, Nachts in der Cajüte (Das Meer hat seine Perlen)</title> 45 Xr.</bibl>
<bibl id="hofm_1839_05_0064_01"><composer key="compo_021207">Loewe (C.)</composer> <title>4 Fabellieder. Op. <opus key="opus_3767">64</opus>, 2tes Heft. Der Kukuk. Die Katzenkönigin. Der Bär. (Einmal in einem tiefen Thal – S’war mal’ne Katzenkönigin – Mach’ auf, deine Thür)</title>. <pubPlace key="place_0044">Berlin</pubPlace>, <publisher key="publ_3471">Schlesinger</publisher> 1 Thlr.</bibl>
<bibl id="hofm_1839_05_0064_02"><composer key="compo_021766">Lütgen (P.)</composer> <title>Trennung. Perlenschnur. Spätes Erkennen. 3 Gedichte. Op. <opus key="opus_0806">15</opus>. (Mein Herz du shclägst so bange [mit Vclle] – Tröpfchen silberlicht – Ach, wär’ ich fern geblieben)</title>. <pubPlace key="place_0069">Bonn</pubPlace>, <publisher key="publ_3791">Simrock</publisher> 3 Fr.</bibl>
<bibl id="hofm_1839_05_0064_03"><composer key="compo_022472">Mathieux (J.)</composer> <title>6 Lieder. Op. <opus key="opus_0021">10</opus>. (Wenn die Reben wieder blühen – Ich will meine Seele tauchen – So wahr die Sonne scheinet – O du hast es gar zu gut – Als ich auf dem Euphrat schiffte – Die Mühle die dreht ihre Flügel)</title>. <pubPlace key="place_0044">Berlin</pubPlace>, <publisher key="publ_4067">Trautwein</publisher> 16 Gr.</bibl>
<bibl id="hofm_1839_05_0064_04"><composer key="compo_023268">Meyerbeer (G.)</composer> <title>Blümlein all’ in dem duftigen Thale (Marguerite de mes Prairies). Romanze</title>. <pubPlace key="place_0044">Berlin</pubPlace>, <publisher key="publ_3471">Schlesinger</publisher> 8 Gr.</bibl>
<bibl id="hofm_1839_05_0064_05"><composer key="compo_025698">Panseron (A.)</composer> <title>Valsons encore (Walzerlust). Chansonette</title>. Choix de Romances No. 181. Ebend. 4 Gr.</bibl>
<bibl id="hofm_1839_05_0064_06"><composer key="compo_026261">Pezzoli (F.)</composer> <title>Der Abschied. La Partenza</title>. <pubPlace key="place_0078">Braunschweig</pubPlace>, <publisher key="publ_2681">Meyer</publisher> 8 Gr.</bibl>
<bibl id="hofm_1839_05_0064_07"><composer key="compo_026351">Philipp (B.E.)</composer> <title>Schneller Entschluss. (Ja wenn’s nicht geht, so geht es nicht)</title>. <pubPlace key="place_0082">Breslau</pubPlace>, <publisher key="publ_0640">Cranz</publisher> 4 Gr.</bibl>
<bibl id="hofm_1839_05_0064_08"><composer key="compo_027032">Preyer (Gottfr.)</composer> <title>Der Schmied v. Uhland, f. Sopr. od. Tenor. Op. <opus key="opus_1165">18</opus>. (Ich hör’ meinen Schatz)</title>. <pubPlace key="place_0731">Wien</pubPlace>, <publisher key="publ_0735">Diabelli u. Co</publisher>. 30 Xr.</bibl>
<bibl id="hofm_1839_05_0064_09">– Idem, f. Alt oder Bariton. Ebend. 30 Xr.</bibl>
<bibl id="hofm_1839_05_0064_10">– <title>Klagebrief. Gedicht v. Saphir, f. Sopr. od Tenor. Op. <opus key="opus_1271">19</opus>. (Ich möchte gerne sprechen)</title>. <pubPlace key="place_0731">Wien</pubPlace>, <publisher key="publ_0735">Diabelli u. Co</publisher>. 30 Xr.</bibl>
<bibl id="hofm_1839_05_0064_11">– Idem, f. Alt oder Bariton. Ebend. 30 Xr.</bibl>
<bibl id="hofm_1839_05_0064_12"><composer key="compo_027077">Proch (H.)</composer> <title>Meine Klage. Lied f. Sopr. od. Tenor. Op. <opus key="opus_3385">55</opus>. (Aufgegeben und zerronnen)</title>. Ebend. 30 Xr.</bibl>
<bibl id="hofm_1839_05_0064_13">– Idem, f. Alt oder Bariton, Ebend. 30 Xr.</bibl>
<bibl id="hofm_1839_05_0064_14">– <title>Des Liedes Verwandlung, von M.G. Saphir. Op. <opus key="opus_3416">56</opus>. (Ein Stern war mir mein Lied)</title>. Ebend. 30 Xr.</bibl>
<album id="hofm_1839_05_0064_15"><title>Rhein-Sagen und Lieder, 3tes Heft. <composer key="compo_022473">Mathieux [Johanna]</composer> Die beiden Brüder. <composer key="compo_016840">Kalliwoda (J.W.)</composer> Gisela. <composer key="compo_022297">Marschner (H.)</composer> Die Rache. <composer key="compo_004979">Böhmer (C.)</composer> Kaiser Wenzel. <composer key="compo_017673">Klein (J.)</composer> Korporal Spohn. Mit Stahlstich</title>. <pubPlace key="place_0069">Bonn</pubPlace>, <publisher key="publ_0819">Dunst</publisher>. Subscr.-Pr. 16 Gr.</album>
<bibl id="hofm_1839_05_0064_16"><composer key="compo_030285">Schindler (A.)</composer> <title>Lieder und Gesänge, 3tes Liederheft. (Oft in stiller Mitternacht – In die Saiten greif’ ich kühn – Einen schlimmen Weg ging gestern ich – Willkommen zur Laube – Mein Herz ist schwer – Hätt’ ich was ich oft verlangte)</title>. <pubPlace key="place_0069">Bonn</pubPlace>, <publisher key="publ_2734">Mompour</publisher> 22 Gr.</bibl>
<bibl id="hofm_1839_05_0064_17"><composer key="compo_030778">Schneider (L.)</composer> <title>Jocosus. Sammlung komischer u. launiger Lieder, Arien und Gesänge. No. 17, Der lustige Postillon. No. 18, Madame Schickedanz aus Perleberg in Elisium</title>. <pubPlace key="place_0044">Berlin</pubPlace>, <publisher key="publ_4067">Trautwein</publisher> à 6 Gr.</bibl>
<bibl id="hofm_1839_05_0064_18"><composer key="compo_032713">Speier (W.)</composer> <title>Die Perlen im Champagner. Historia von Noah. 2 scherzhafte Gedichte f. eine od. zwei Bassstimmen ad lib. Op. <opus key="opus_2066">29</opus>. (Ein grosser Monarche – Als Noah aus dem Kasten war)</title>. <pubPlace key="place_0519">Offenbach</pubPlace>, <publisher key="publ_0065">André</publisher> 54 Xr.</bibl>
<bibl id="hofm_1839_05_0064_19">*<composer key="compo_033723">Stuntz (Jos. Hartm.)</composer> <title>Heldengesang in Walhalla. (Helden lasst die Waffen ruhn)</title>. <pubPlace key="place_0475">München</pubPlace>, <publisher key="publ_0996">Falter</publisher> 18 Xr.</bibl>
      </div></body></text></TEI.2>