<?xml version="1.0" encoding="utf-8"?>
<!DOCTYPE TEI.2
  SYSTEM "../../dtd/tei/cch_tei.dtd">
<TEI.2 id="hofm_1840_11">
<teiHeader type="text"><fileDesc><titleStmt><title>November 1840</title></titleStmt><publicationStmt><p/></publicationStmt><sourceDesc><p/></sourceDesc></fileDesc><profileDesc><langUsage><language id="ger">German</language><language id="fre">French</language><language id="ita">Italian</language></langUsage></profileDesc><revisionDesc><change><date>2008-09-11</date><respStmt><name>EP</name></respStmt><item>&lt;seriesInfo&gt; element renamed into &lt;series&gt;</item></change><change><date>2007-09-20</date><respStmt><name>EP</name></respStmt><item>missing @id added</item></change><change><date>2007-04-27</date><respStmt><name>RV</name></respStmt><item>Changed "biblGroup" elements in "listBibl"</item></change><change><date>2007-03-02</date><respStmt><name>EP</name></respStmt><item>Checked curly brackets</item></change><change><date>2007-02-26</date><respStmt><name>EP</name></respStmt><item>Encoded curly brackets</item></change><change><date>2006-12-19</date><respStmt><name>EP</name></respStmt><item>sic and unclear moved outside elements pubplaces, publisher, composer, hofclass, key, opus</item></change><change><date>2007-01-28</date><respStmt><name>Sarah</name></respStmt><item>Removed extra author tags.</item></change><change><date>2006-03-15</date><respStmt><name>Sarah</name></respStmt><item>Fixed Xrefs</item></change><change><date>2005-06-07</date><respStmt><name>Sarah</name></respStmt><item>Corrections following checking pages. Adjusted album tagging.</item></change><change><date>2005-02-08</date><respStmt><name>Sarah</name></respStmt><item>Fixed HofClass headings.</item></change><change><date>2005-01-31</date><respStmt><name>Sarah</name></respStmt><item>Fixed pb tags.</item></change><change><date>2005-01-24</date><respStmt><name>Sarah</name></respStmt><item>Adjusted spacing following comments from Liz.</item></change><change><date>2005-01-20</date><respStmt><name>Sarah</name></respStmt><item>Added file title, fixed edition / format.</item></change><change><date>2004-12-02</date><respStmt><name>Sarah</name></respStmt><item>Revised coding based on feedback from Liz</item></change><change><date>2004-11-01</date><respStmt><name>Sarah</name></respStmt><item>First encoding 01/11/2004</item></change></revisionDesc></teiHeader>
<text><body><head>November 1840.</head><pb n="146"/>
<div id="hofm_1840_11_0146_div01"><head><hofClass key="hofCl_0164">Musik für das Orchester.</hofClass></head>
<bibl id="hofm_1840_11_0146_01"><composer key="compo_001079">Auber (D.F.E.)</composer> <title>Ouverture de l’Opera : Zanetta à grand Orchestre</title>. <pubPlace key="place_0438">Mainz</pubPlace>, <publisher key="publ_3563">Schott</publisher> 5 Fl. 24 Xr.</bibl>
<bibl id="hofm_1840_11_0146_02"><composer key="compo_004516">Brückner (Fr.)</composer> <title>Tänze f. 14stimmiges Orchester (auch 7 oder 5stimmig.) Op. <opus key="opus_3181">5</opus></title>. <pubPlace key="place_0181">Erfurt</pubPlace>, <publisher key="publ_2240">Körner</publisher> 10 Gr.</bibl>
<bibl id="hofm_1840_11_0146_03">– <title>Tänze f. d. elegante Welt f. 14stimmiges Orchester (auch 7 oder 5stimmig.) Op. <opus key="opus_3565">6</opus></title>. Ebend. 12 Gr.</bibl>
<bibl id="hofm_1840_11_0146_04"><composer key="compo_014623">Hesse (Ad.)</composer> <title>Sinfonie No. 5, f. Orchester. Op. <opus key="opus_3767">64</opus>, in <key>Cm</key></title>. <pubPlace key="place_0392">Leipzig</pubPlace>, <publisher key="publ_0437">Br. u. Härtel</publisher> 4 Thlr. 12 Gr.</bibl>
<bibl id="hofm_1840_11_0146_05"><composer key="compo_018252">Koning (D.)</composer> <title>Ouverture à grand Orchestre. Oe. <opus key="opus_3967">7</opus>, in <key lang="ger">Hm</key></title>. <pubPlace key="place_0592">Rotterdam</pubPlace>, <publisher key="publ_2977">Paling et Co</publisher>. 7 Fl.</bibl>
<bibl id="hofm_1840_11_0146_06"><composer key="compo_020014">Lanner (Jos.)</composer> <title><series>Beliebte Walzer und Galoppen f. Orchester. No. 60</series>. Hoffnungs-Strahlen. Walzer. Op. <opus key="opus_0911">158</opus></title>. <pubPlace key="place_0731">Wien</pubPlace>, <publisher key="publ_2605">Mechetti</publisher> 3 Fl.</bibl>
<wip id="hofm_1840_11_0146_07"><title>Tänze (neue) f. kleines Orchester. 4te Sammlung</title>. <title>10tes Heft von J.G. Nollau</title>. <title>11tes Heft, v. C. Krug</title>. <pubPlace key="place_0110">Chemnitz</pubPlace>, <publisher key="publ_1807">Häcker</publisher> à 8 Gr.</wip>
</div><div id="hofm_1840_11_0146_div02"><head><hofClass key="hofCl_0245">Musik für die Violine.</hofClass></head>
<bibl id="hofm_1840_11_0146_08"><composer key="compo_004899">Beriot (Ch. de)</composer> <title>Le Trémolo. Caprice sur un Thème de Beethoven p. Violon av. Acc. d’Orchestre. Oe. <opus key="opus_2131"><unclear>3</unclear>0</opus>, in <key>D</key></title>. <pubPlace key="place_0438">Mainz</pubPlace>, <publisher key="publ_3563">Schott</publisher> 3 Fr. 12 Xr.</bibl>
<bibl id="hofm_1840_11_0146_09"><composer key="compo_008564">Ernst (H.W.)</composer> <title>Concertino p. Violon av. Acc. de grand Orchestre (ou de Quatuor.) Oe. <opus key="opus_0392">12</opus>, in <key>D</key></title>. (Déd. à Mr. Habeneck.) <pubPlace key="place_0078">Braunschweig</pubPlace>, <publisher key="publ_2681">Meyer</publisher> 4 Thlr.</bibl>
<bibl id="hofm_1840_11_0146_10"> – Idem av. Acc. de Pfte. Ebend. 1 Thlr. 18 Gr.</bibl>
<bibl id="hofm_1840_11_0146_11"><composer key="compo_013573">Hauman (Th.)</composer> <title>Prémier Concerto p. Violon av. Acc. de Pfte. Oe. <opus key="opus_4562">9</opus>, in <key>D</key></title>. <pubPlace key="place_0392">Leipzig</pubPlace>, <publisher key="publ_1746">Hofmeister</publisher> 20 Gr.</bibl>
<bibl id="hofm_1840_11_0146_12"><composer key="compo_020014">Lanner (Jos.)</composer> <title><series>Walzer f. 3 Violinen u. Bass. No. 25</series>. Hoffnungs-Strahlen. Op. <opus key="opus_0911">158</opus></title>. <pubPlace key="place_0731">Wien</pubPlace>, <publisher key="publ_2605">Mechetti</publisher> 1 Fl.</bibl>
<bibl id="hofm_1840_11_0146_13"><composer key="compo_021099">Lipinski (C.)</composer> <title>Variations p. Violon av. Acc. de Pfte. Oe. <opus key="opus_3181">5</opus>, in <key>Gm</key></title>. <pubPlace key="place_0392">Leipzig</pubPlace>, <publisher key="publ_0437">Br. et Härtel</publisher> 16 Gr.</bibl>
<bibl id="hofm_1840_11_0146_14"><composer key="compo_027982">Reissiger (C.G.)</composer> <title>Quatuor No. 4, p. 2 Violons, Alto et Violoncelle. Oe. <opus key="opus_0883">155</opus>, in <key>Fm</key></title>. (Déd. à Mr. Lipinski.) <pubPlace key="place_0147">Dresden</pubPlace>, <publisher key="publ_2993">Paul</publisher> 2 Thlr. 8 Gr.</bibl>
<bibl id="hofm_1840_11_0146_15"><composer key="compo_030862">Schoen (M.)</composer> <title>Zwei Duetten für 2 Violinen zum Studium und zur Unterhaltung f. geübtere Spieler. Op. <opus key="opus_3565">6</opus></title>. <pubPlace key="place_0082">Breslau</pubPlace>, <publisher key="publ_2386">Leuckart</publisher> 16 Gr.</bibl>
</div><div id="hofm_1840_11_0146_div03"><head><hofClass key="hofCl_0200">Musik für die Flöte.</hofClass></head>
<bibl id="hofm_1840_11_0146_16"><composer key="compo_020014">Lanner (Jos.)</composer> <title><series>Walzer für Flöte mit Begl. d. Pfte. No. 9</series>, Hoffnungs-Strahlen. Walzer. Op. <opus key="opus_0911">158</opus></title>. <pubPlace key="place_0731">Wien</pubPlace>, <publisher key="publ_2605">Mechetti</publisher> 45 Xr.</bibl>
<bibl id="hofm_1840_11_0146_17">– <title><series>Beliebte Walzer u. Galoppen f. Flöte. No. 63</series>, Hoffnungs-Strahlen. Walzer. Op. <opus key="opus_0911">158</opus></title>. Ebend. 15 Xr.</bibl>
</div><div id="hofm_1840_11_0146_div04"><head><hofClass key="hofCl_0205">Musik für die Guitarre.</hofClass></head>
<bibl id="hofm_1840_11_0146_18"><composer key="compo_020014">Lanner (Jos.)</composer> <title>Beliebte Walzer und Galoppen f. Guitarre. No. 49, Hoffnungs-Strahlen. Walzer. Op. <opus key="opus_0911">158</opus></title>. <pubPlace key="place_0731">Wien</pubPlace>, <publisher key="publ_2605">Mechetti</publisher> 30 Xr.</bibl></div>
<pb n="147"/>
<div id="hofm_1840_11_0147_div05"><head><hofClass key="hofCl_0167">Musik für das Pianoforte mit Begleitung.</hofClass></head>
<bibl id="hofm_1840_11_0147_01"><composer key="compo_009143">Fesca (Alex.)</composer> <title>Premier grand Trio p. Pfte, Violon et Violoncelle Oe. <opus key="opus_0234">11</opus>, in <key>B</key></title>. <pubPlace key="place_0078">Braunschweig</pubPlace>, <publisher key="publ_2681">Meyer</publisher> 1 Thlr. 16 Gr.</bibl>
<bibl id="hofm_1840_11_0147_01_b"><composer key="compo_017214">Kelz (J.F.)</composer> <title>Alla Polacca sur un Motif de l’Opéra : Le Domino noir, de D.F.E. Auber p. Violoncelle et Pfte. Oe. <opus key="opus_1782">247</opus>, in <key>C</key></title>. <pubPlace key="place_0044">Berlin</pubPlace>, <publisher key="publ_2455">Lischke</publisher> 16 Gr.</bibl>
<bibl id="hofm_1840_11_0147_03"><composer key="compo_020014">Lanner (Jos.)</composer> <title><series>Walzer f. Violine m. Begl. d. Pfte. No. 25</series>, Hoffnungs-Strahlen. Walzer. Op. <opus key="opus_0911">158</opus></title>. <pubPlace key="place_0731">Wien</pubPlace>, <publisher key="publ_2605">Mechetti</publisher> 45 Xr.</bibl>
<bibl id="hofm_1840_11_0147_04"><composer key="compo_025440">Osborne (G.A.)</composer> et <composer key="compo_004899">C. de Beriot</composer>, <title>Duo brillant sur un Thème original arr. p. Pfte et Flûte par Tulou. (<series>16e Liv. de Duos</series>.) Oe. <opus key="opus_1802">25</opus> de Beriot</title>. <pubPlace key="place_0438">Mainz</pubPlace>, <publisher key="publ_3563">Schott</publisher> 2 Fl. 24 Xr.</bibl>
<bibl id="hofm_1840_11_0147_05">– – <title>Duo concertant sur le Domino noir, de D.F.E. Auber p. Pfte et Violon. <series>18e Livr. de Duos</series> (Oe. <opus key="opus_2187">31</opus> de Beriot.)</title> Ebend. 2 Fl.</bibl>
<bibl id="hofm_1840_11_0147_06"><composer key="compo_027658">Reber (H.)</composer> <title>2ième Trio p. Pfte, Violon et Vclle. Oe. <opus key="opus_0392">12</opus>, in <key>Es</key></title>. Ebend. 4 Fl. 12 Xr.</bibl>
</div><div id="hofm_1840_11_0147_div06"><head><sic><hofClass key="hofCl_0124">Musik für zwei Pinoforte.</hofClass></sic></head>
<bibl id="hofm_1840_11_0147_07"><composer key="compo_002205">Bellini (V.)</composer> <title>Soirées musicales. Ariettes et Romances, transcrites p. 2 Pfte</title>. Siehe <xref type="external" from="hofm_1840_11_0151_03" to="DITTO" targOrder="U">Physharmonica</xref>.</bibl>
<bibl id="hofm_1840_11_0147_08"><composer key="compo_008564">Ernst (H.W.)</composer> <title>Elégie p. 2 Pfte. Oe. <opus key="opus_0021">10</opus></title>, siehe <xref type="external" from="hofm_1840_11_0151_04" to="DITTO" targOrder="U">Physharmonica</xref>.</bibl>
</div><div id="hofm_1840_11_0147_div07"><head><hofClass key="hofCl_0171">Musik für das Pianoforte zu 4 Händen.</hofClass></head>
<bibl id="hofm_1840_11_0147_09"><composer key="compo_002077">Beethoven (L. v.)</composer> <title>Christus am Oelberge. Oratorium für Pfte. zu 4 Händen eing. v. E.F. Richter</title>. <pubPlace key="place_0392">Leipzig</pubPlace>, <publisher key="publ_0437">Br. u. Härtel</publisher> geh. 2 Thlr. 12 Gr.</bibl>
<bibl id="hofm_1840_11_0147_10"><composer key="compo_004191">Breitung (C.)</composer> <title>Die beiden kleinen Clavier-Schüler. Sammlung d. leichtesten u. anziehensten vierhändigen Clavierstücke f. d. ersten Unterricht. Op. <opus key="opus_3967">7</opus></title>. <pubPlace key="place_0170">Eisleben</pubPlace>, <publisher key="publ_3181">Reichardt</publisher> 12 Gr. n.</bibl>
<bibl id="hofm_1840_11_0147_11"><composer key="compo_005672">Chwatal (F.X.)</composer> <title>Petite Soirée musicale. Sammlung leichter u. brillanter Rondos, Sonaten u. Variationen f. Pfte zu 4 Händen. (Op. <opus key="opus_2764">40</opus>, 3 Sonaten. Op. <opus key="opus_2850">42</opus>. Variationen über den Sehnsuchtswalzer v. Beethoven. Op. <opus key="opus_3105">48</opus>. Rondo über ein Thema aus Norma. Op. <opus key="opus_3140">49</opus>. Eisenbahn-Rondo. Op. <opus key="opus_3204">50</opus>. Variationen über den letzten Walzer von Weber.)</title> <pubPlace key="place_0044">Berlin</pubPlace>, <publisher key="publ_0589">Challier u. Co</publisher>. geh. 2 Thlr.</bibl>
<bibl id="hofm_1840_11_0147_12"><composer key="compo_007599">Duvernoy (J.B.)</composer> <title>Deux Airs suisses variés, arr. p. Pfte. à 4 Mains. Oe. <opus key="opus_2403">34</opus></title>. <pubPlace key="place_0392">Leipzig</pubPlace>, <publisher key="publ_0437">Br. et Härtel</publisher> 16 Gr.</bibl>
<bibl id="hofm_1840_11_0147_13"><composer key="compo_014550">Herz (H.)</composer> <title>Variations brillantes sur la Cavatine : O dolce Concento, suivies d’un Rondo sur un Air français arr. p. Pfte. à 4 Mains p. Fessy. Oe. <opus key="opus_0927">16</opus></title>. <pubPlace key="place_0438">Mainz</pubPlace>, <publisher key="publ_3563">Schott</publisher> 2 Fl. 24 Xr.</bibl>
<bibl id="hofm_1840_11_0147_14"><composer key="compo_014623">Hesse (Ad.)</composer> <title>Sinfonie No. 5, f. Pfte. zu 4 Händen eing. v. Componisten. Op. <opus key="opus_3767">64</opus>, in <key>Cm</key></title>. <pubPlace key="place_0392">Leipzig</pubPlace>, <publisher key="publ_0437">Br. u. Härtel</publisher> 1 Thlr. 16 Gr.</bibl>
<bibl id="hofm_1840_11_0147_15"><composer key="compo_016826">Kalkbrenner (F.)</composer> <title>La Femme du Marin. Pensée fugitive arr. p. Pfte. à 4 Mains</title>. Ebend. 8 Gr.</bibl>
<bibl id="hofm_1840_11_0147_16"><composer key="compo_019654">Labitzky (Jos.)</composer> <title><series>Tänze u. Potpourri f. Pfte. zu. 4 Händen. No. 16</series>. Lilien-Walzer. Op. <opus key="opus_3658">61</opus></title>. <pubPlace key="place_0554">Prag</pubPlace>, <publisher key="publ_1729">Hoffmann</publisher> 1 Fl.</bibl>
<bibl id="hofm_1840_11_0147_17"><composer key="compo_020014">Lanner (Jos.)</composer> <title>Hoffnungs-Strahlen. Walzer f. Pfte. zu 4 Händen. Op. <opus key="opus_0911">158</opus></title>. <pubPlace key="place_0731">Wien</pubPlace>, <publisher key="publ_2605">Mechetti</publisher> 1 Fl.</bibl>
<bibl id="hofm_1840_11_0147_17_j"><composer key="compo_022904">Mendelssohn-Bartholdy (F.)</composer> <title>Der 42ste Psalm f. Pfte. zu 4 Händen eing. v. E.F. Richter. Op. <opus key="opus_2850">42</opus></title>. <pubPlace key="place_0392">Leipzig</pubPlace>, <publisher key="publ_0437">Br. u. Härtel</publisher> 1 Thlr. 4 Gr.</bibl>
<bibl id="hofm_1840_11_0147_19"><title><series>Opern f. Pfte. zu 4 Händen, 7te Lief</series>. <composer key="compo_023890">Mozart (W.A.)</composer> Figaro’s Hochzeit arr. v. F.L. Schubert</title>. <pubPlace key="place_0392">Leipzig</pubPlace>, <publisher key="publ_0642">Crayen</publisher> 2 Thlr. 12 Gr. n.</bibl>
<pb n="148"/>
<bibl id="hofm_1840_11_0148_01"><composer key="compo_028855">Rosellen (Henr.)</composer> <title>2 Mélodies de Donizetti variées p. Pfte. à 4 Mains. Oe. <opus key="opus_2071">29. No. 2</opus>, in <key>F</key></title>. <pubPlace key="place_0438">Mainz</pubPlace>, <publisher key="publ_3563">Schott</publisher> 1 Fl. 12 Xr.</bibl>
</div><div id="hofm_1840_11_0148_div08"><head><hofClass key="hofCl_0166">Musik für das Pianoforte allein.</hofClass></head>
<bibl id="hofm_1840_11_0148_02"><composer key="compo_002205">Bellini (V.)</composer> <title>Soirées musicales. Ariettes et Romances, transcrites p. Pfte p. Ch. Czerny. Cah. 3</title>. <pubPlace key="place_0731">Wien</pubPlace>, <publisher key="publ_2605">Mechetti</publisher> 1 Fl.</bibl>
<bibl id="hofm_1840_11_0148_03"><composer key="compo_002709">Bertini (H.)</composer> <title>Le Répos. Erheiterung und Balehrung. Sammlung von 24 d. verschiedenart. fortschr. Tonstücke für Anfänger im Pftespiel. Op. <opus key="opus_0065">101</opus></title>. <pubPlace key="place_0044">Berlin</pubPlace>, <publisher key="publ_0589">Challier u. Co</publisher>. geh. 1 Thlr. 12 Gr.</bibl>
<bibl id="hofm_1840_11_0148_04"><composer key="compo_004712">Burgmüller (Fréd.)</composer> <title>Fantaisie sur la Romance favorite : Mère et Soeur d’Ed. Bruguière p. Pfte. Oe. <opus key="opus_1390">20</opus></title>. <pubPlace key="place_0438">Mainz</pubPlace>, <publisher key="publ_3563">Schott</publisher> 54 Xr.</bibl>
<bibl id="hofm_1840_11_0148_05">– <title>Rondeau brillant precédé d’une Introduction p. Pfte. Oe. <opus key="opus_1482">21</opus></title>. Ebend. 48 Xr.</bibl>
<bibl id="hofm_1840_11_0148_06">– <title>Boléro sur Rosine. Romance favorite de Masini p. Pfte. Oe. <opus key="opus_1584">22</opus></title>. Ebend. 54 Xr.</bibl>
<bibl id="hofm_1840_11_0148_07">– <title>Encouragement aux jeunes Pianistes. 3 Morceaux faciles p. Pfte. Oe. <opus key="opus_1802">25</opus></title>. Ebend. 42 Xr.</bibl>
<bibl id="hofm_1840_11_0148_07_g">– <title>Rondeau sur un Thème favori de l’Opéra : L’Elisire d’Amore de Donizetti p. Pfte. Oe. <opus key="opus_1999">28</opus></title>. <pubPlace key="place_0519">Offenbach</pubPlace>, <publisher key="publ_0065">André</publisher> 36 Xr.</bibl>
<bibl id="hofm_1840_11_0148_09"><composer key="compo_005614">Chopin (Fréd.)</composer> <title>3ème Scherzo p. Pfte. Oe. <opus key="opus_2670">39</opus>, in <key>Cism</key></title>. <pubPlace key="place_0392">Leipzig</pubPlace>, <publisher key="publ_0437">Br. et Härtel</publisher> 20 Gr.</bibl>
<bibl id="hofm_1840_11_0148_10"><composer key="compo_006920">Diabelli (Ad.)</composer> <title>Der Kinder-Freund. Sammlung der beliebtesten Melodien f. Pfte im leichten Style mit Hinweglasung der Octaven f. d. Jugend</title>. <pubPlace key="place_0044">Berlin</pubPlace>, <publisher key="publ_0589">Challier u. Co</publisher>. 18 Gr.</bibl>
<bibl id="hofm_1840_11_0148_11"><composer key="compo_007639">Döhler (Th.)</composer> <title>Andantino p. Pfte. Oe. <opus key="opus_2268">32</opus>, in <key>Am</key></title>. (Déd. à Mdme Belleville-Oury.) <pubPlace key="place_0438">Mainz</pubPlace>, <publisher key="publ_3563">Schott</publisher> 1 Fl. 12 Xr.</bibl>
<bibl id="hofm_1840_11_0148_12">– <title>Trois Rondeaux sur des Airs favoris de l’Opéra : Les Martyrs de G. Donizetti p. Pfte. No. 1, in <key>E</key>. No. 2 in <key>As</key>. No. 3, in <key>E</key></title>. Ebend. à 1 Fl. 12 Xr.</bibl>
<wip id="hofm_1840_11_0148_13"><composer key="compo_007199">Donizetti (G.)</composer> <title>Soirées de Paris. Album d’Ariettes et de Nocturnes italiens transcris p. Pfte. p. Ch. Czerny</title>. <title>Cah. 1. 2</title>. <pubPlace key="place_0731">Wien</pubPlace>, <publisher key="publ_2605">Mechetti</publisher> à 45 Xr.</wip>
<bibl id="hofm_1840_11_0148_14"><composer key="compo_011038">Gerlach (G.)</composer> <title>Kunst, schottische Tänze zu componiren, ohne musikalische zu sein, dargestellt in einer Notentabelle nebst Anleitung</title>. <pubPlace key="place_0044">Berlin</pubPlace>, <publisher key="publ_2456">Lischke (in Commission)</publisher> 12 Gr.</bibl>
<bibl id="hofm_1840_11_0148_15"><composer key="compo_011661">Gomion</composer>, <title>Souvenir de Teresa de F. Masini p. Pfte. Oe. <opus key="opus_3738">63</opus></title>. <pubPlace key="place_0438">Mainz</pubPlace>, <publisher key="publ_3563">Schott</publisher> 1 Fl.</bibl>
<bibl id="hofm_1840_11_0148_16">– <title>Souvenir de Ines di Castro de Persiani. Mélange p. Pfte. Oe. <opus key="opus_3767">64</opus></title>. Ebend. 1 Fl. 12 Xr.</bibl>
<bibl id="hofm_1840_11_0148_17"><composer key="compo_012716">Goethe (Walth de)</composer> <title>Rêveries p. Pfte. Oe. <opus key="opus_2737">4</opus></title>. <pubPlace key="place_0280">Hannover</pubPlace>, <publisher key="publ_2808">Nagel</publisher> 10 Gr.</bibl>
<bibl id="hofm_1840_11_0148_18"><composer key="compo_017214">Kelz (J.F.)</composer> <title>Introduction und alla Polacca über ein Thema aus der Oper: Die beiden Schützen von G.A. Lortzing f. Pfte. Op. <opus key="opus_1688">232</opus>, in <key>G</key></title>. <pubPlace key="place_0044">Berlin</pubPlace>, <publisher key="publ_3835">Spindler</publisher> (<publisher key="publ_2455">Lischke</publisher>) 12 Gr.</bibl>
<bibl id="hofm_1840_11_0148_19"><composer key="compo_019334">Köhler (E.)</composer> <title>Fest-Polonaise zur Geburts- und Huldigungs-Feier S. M. d. Königs Friedrich Wilhelm IV. f. Pfte. Op. <opus key="opus_3767">64</opus>, in <key>D</key></title>. <pubPlace key="place_0082">Breslau</pubPlace>, <publisher key="publ_0640">Cranz</publisher> 8 Gr.</bibl>
<bibl id="hofm_1840_11_0148_20"><composer key="compo_020014">Lanner (Jos.)</composer> <title>Der Soirée-Plauderer. Grosses Potpourri f. Pfte. Op. <opus key="opus_0792">149</opus></title>. <pubPlace key="place_0731">Wien</pubPlace>, <publisher key="publ_2605">Mechetti</publisher> 1 Fl. 30 Xr.</bibl>
<bibl id="hofm_1840_11_0148_21"><composer key="compo_020503">Lemoine (H.)</composer> <title>Bagatelle sur les Motifs de la Fille du Régiment de G. Donizetti p. Pfte</title>. <pubPlace key="place_0438">Mainz</pubPlace>, <publisher key="publ_3563">Schott</publisher> 45 Xr.</bibl>
<bibl id="hofm_1840_11_0148_22"><composer key="compo_022253">Markull (F.W.)</composer> <title>Characterstücke f. Pfte Op. <opus key="opus_1372">2</opus></title>. (m. Vign.) <pubPlace key="place_0392">Leipzig</pubPlace>, <publisher key="publ_1746">Hofmeister</publisher> 16 Gr.</bibl>
<bibl id="hofm_1840_11_0148_23"><composer key="compo_023890">Mozart (W.A.)</composer> <title>Sonate f. Pfte. Op. <opus key="opus_3577">6. No. 2</opus>, in <key>F</key>. <edition>Neue Ausg</edition></title>. <pubPlace key="place_0519">Offenbach</pubPlace>, <publisher key="publ_0065">André</publisher> 1 Fl. 12 Xr.</bibl>
<pb n="149"/>
<bibl id="hofm_1840_11_0149_01"><composer key="compo_023890">Mozart (W.A.)</composer> <title><series>Opern f. Pfte. No. 1</series>, Don Juan eing. v. E.F. Richter</title>. <pubPlace key="place_0392">Leipzig</pubPlace>, <publisher key="publ_0437">Br. u. Härtel</publisher> geh. 3 Thlr.</bibl>
<bibl id="hofm_1840_11_0149_02"><composer key="compo_025935">Pax (C.E.)</composer> <title>Systematisch-instructive Uebungsstücke beim ersten Elementar-Unterricht zur Erleichterung f. Anfänger aufgesetzt. Op. <opus key="opus_1485">21. No. 10</opus></title>. <pubPlace key="place_0044">Berlin</pubPlace>, <publisher key="publ_2455">Lischke</publisher> 14 Gr.</bibl>
<bibl id="hofm_1840_11_0149_03"><composer key="compo_026573">Pixis (J.P.)</composer> <title>Souvenir de la Sicile. Capriccio sur des Thèmes nationaux siciliens p. Pfte. Oe. <opus key="opus_0706">140</opus>, in <key>Es</key></title>. (av. Vign.) <pubPlace key="place_0392">Leipzig</pubPlace>, <publisher key="publ_1746">Hofmeister</publisher> 1 Thlr.</bibl>
<bibl id="hofm_1840_11_0149_04"><composer key="compo_026588">Plachy (W.)</composer> <title>Frühlingsblumen. 30 systematisch geordnete melodische Sätze zur Uebung im Notenlesen und im richtigen Fingersatze f. Anfänger f. Pfte. Op. <opus key="opus_4617">92</opus></title>. <pubPlace key="place_0731">Wien</pubPlace>, <publisher key="publ_2605">Mechetti</publisher> 1 Fl. 15 Xr.</bibl>
<bibl id="hofm_1840_11_0149_05">– <title>Deux Amusements sur des Motifs favoris de l’Opéra : La Sonnambula de V. Bellini p. Pfte. Oe. <opus key="opus_4639">93</opus>. No. 1, Cavatina: Come per me seréno. No. 2. Cavatina: Vi ravviso o luoghi ameni</title>. Ebend. à 45 Xr.</bibl>
<bibl id="hofm_1840_11_0149_06"><composer key="compo_028855">Rosellen (Henr.)</composer> <title>Trois Réveries p. Pfte. Oe. <opus key="opus_1999">28</opus>. Liv. 1</title>. <pubPlace key="place_0438">Mainz</pubPlace>, <publisher key="publ_3563">Schott</publisher> 1 Fl. 12 Xr.</bibl>
<bibl id="hofm_1840_11_0149_07"><composer key="compo_028887">Rosenhain (Jacq.)</composer> <title>Romances p. Pfte. Oe. <opus key="opus_1802">25</opus>. Cah. 1</title>. Ebend. 1 Fl. 21 Xr.</bibl>
<bibl id="hofm_1840_11_0149_08"><composer key="compo_031117">Schubert (F.L.)</composer> <title>Fantaisie sur la Romance favorite : Pendant la Fête une Inconnue, de l’Opéra : Guido et Ginevra de F. Halevy p. Pfte. Oe. <opus key="opus_2630">38</opus></title>. <pubPlace key="place_0392">Leipzig</pubPlace>, <publisher key="publ_0437">Br. et Härtel</publisher> 16 Gr.</bibl>
<bibl id="hofm_1840_11_0149_09"><composer key="compo_031138">Schubert (P.)</composer> <title>Trois Rondos brillants et non difficiles p. Pfte. Oe. <opus key="opus_2131">30</opus>. No. 1, in <key>G</key>. No. 2, in <key>F</key>. No. 3, in <key>C</key></title>. <pubPlace key="place_0438">Mainz</pubPlace>, <publisher key="publ_3563">Schott</publisher> à 1 Fl. 12 Xr.</bibl>
<bibl id="hofm_1840_11_0149_10"><composer key="compo_036911">Wieck (Clara)</composer> <title>Trois Romances p. Pfte. Oe. <opus key="opus_0234">11</opus></title>. (Déd. à Mr. R. Schumann.) <pubPlace key="place_0731">Wien</pubPlace>, <publisher key="publ_2605">Mechetti</publisher> 45 Xr.</bibl>
<bibl id="hofm_1840_11_0149_11"><composer key="compo_037492">Wolff (Ed.)</composer> <title>Divertissement sur Oberon de C.M. de Weber p. Pfte. Oe. <opus key="opus_2268">32</opus>, in <key>E</key></title>. <pubPlace key="place_0438">Mainz</pubPlace>, <publisher key="publ_3563">Schott</publisher> 1 Fl.</bibl>
</div><div id="hofm_1840_11_0149_div09"><head><hofClass key="hofCl_0292">Variationen für das Pianoforte.</hofClass></head>
<bibl id="hofm_1840_11_0149_12"><composer key="compo_032217">Siegel (D.S.)</composer> <title>Variationen über ein Thema der Oper: Zampa von Herold f. Pfte. Oe. <opus key="opus_3988">70</opus></title>. <pubPlace key="place_0392">Leipzig</pubPlace>, <publisher key="publ_0437">Br. u. Härtel</publisher> 14 Gr.</bibl>
<bibl id="hofm_1840_11_0149_13"><composer key="compo_037125">Willmers (R.)</composer> <title>„For Norge Kjaempers Fòdeland.“ varieret f. Pfte. (Apollo, en Samling af originale Compositioner, norske Fieldmelodier og et Udvalg af utlandets meest yudede Musik.) No. 1, in <key>Es</key></title>. <pubPlace key="place_0043">Bergen</pubPlace>, <publisher key="publ_3095">Prahl</publisher> 12 Gr. n.</bibl>
</div><div id="hofm_1840_11_0149_div10"><head><hofClass key="hofCl_0288">Tänze für das Pianoforte.</hofClass></head>
<bibl id="hofm_1840_11_0149_14"><composer key="compo_000092">Adam (Ad.)</composer> <title>Ländler nach Melodien aus der Oper: Königin für einen Tag f. Pfte. No. 535</title>. <pubPlace key="place_0438">Mainz</pubPlace>, <publisher key="publ_3563">Schott</publisher> 8 Xr.</bibl>
<bibl id="hofm_1840_11_0149_15">– <title>Galopp nach Melodien aus do. No. 536</title>. Ebend. 8 Xr.</bibl>
<bibl id="hofm_1840_11_0149_16"><title>Ballabend (der) am Pfte. Ein Album f. Freunde der Tanzmusik. Enth. alle gebr. Tänze in d. neuest. u. ausgez. Composit. d. beliebt. Tanzcomponisten, 4ter Jahrg. f. 1841</title>. <pubPlace key="place_0044">Berlin</pubPlace>, <publisher key="publ_0589">Challier u. Co</publisher>. 16 Gr.</bibl>
<bibl id="hofm_1840_11_0149_17"><composer key="compo_003679">Bonn (H.)</composer> <title>Galoppen f. Pfte. No. 13. Winterblüthen. No. 14, Alpenrosen</title>. <pubPlace key="place_0475">München</pubPlace>, <publisher key="publ_0028">Aibl</publisher> à 18 Xr.</bibl>
<bibl id="hofm_1840_11_0149_18"><composer key="compo_004644">Bunke (F.D.)</composer> <title>24 neue Breslauer Lieblingstänze f. Pfte f. 1841 (6 Schottische, 3 Galoppen, 3 Ländler, 2 Polka, 2 Redowa, 2 Walzer, 1 Polonaise, Tempête, Kegel-Quadrille, Ecossaise à la Figaro, Masurka u. Française.)</title> <pubPlace key="place_0082">Breslau</pubPlace>, <publisher key="publ_0640">Cranz</publisher> 12 Gr.</bibl>
<pb n="150"/>
<bibl id="hofm_1840_11_0150_01"><composer key="compo_006920">Diabelli (Ad.)</composer> <title>Der Kinderball. Album der Tanzmusik f. Kinder, enth. die schönsten aller jetzt gebr. Tänze in leichter Spielart u. m. bes. Rücksicht für solche Kinder welche noch keine Octave spannen können f. Pfte. 2tes Heft</title>. <pubPlace key="place_0044">Berlin</pubPlace>, <publisher key="publ_0589">Challier u. Co</publisher>. 16 Gr.</bibl>
<bibl id="hofm_1840_11_0150_02"><composer key="compo_013609">Hauschild (J.G.)</composer> <title>Waffentanz zu dem Vaudeville: Vierzehn Mädchen in Uniform f. Pfte. Liv. 63</title> (m. Vign.) <pubPlace key="place_0392">Leipzig</pubPlace>, <publisher key="publ_3599">Schubert</publisher> 6 Gr.</bibl>
<bibl id="hofm_1840_11_0150_03"><composer key="compo_019654">Labitzky (Jos.)</composer> <title>Souvenir à Theresienbrunn. 10 Quadrilles arr. d’après des Melodies bohemiennes p. Pfte. Suite de l’Oe. <opus key="opus_3140">49</opus>. No. 1, Sylphide. No. 2, Victoir. No. 3, Diane</title>. <pubPlace key="place_0554">Prag</pubPlace>, <publisher key="publ_1729">Hoffmann</publisher> à 30 Xr.</bibl>
<bibl id="hofm_1840_11_0150_04"><composer key="compo_020014">Lanner (Jos.)</composer> <title>Hoffnungs-Strahlen. Walzer f. Pfte. Op. <opus key="opus_0911">158</opus></title>. <pubPlace key="place_0731">Wien</pubPlace>, <publisher key="publ_2605">Mechetti</publisher> 45 Xr.</bibl>
<bibl id="hofm_1840_11_0150_05">– <title>Der Kinder-Ball. Album der beliebtesten Walzer im leichtesten Style, mit Hinweglassung der Octaven f. d. Jugend. 11tes Heft, Hoffnungs-Strahlen. Walzer. Op. <opus key="opus_0911">158</opus></title>. Ebend. 30 Xr.</bibl>
<bibl id="hofm_1840_11_0150_06">– <title>Air de Ballet. p. Pfte. Oe. <opus key="opus_0915">159</opus>. Cah. 7</title>. <pubPlace key="place_0731">Wien</pubPlace> <publisher key="publ_2605">Mechetti</publisher> 45 Xr.</bibl>
<wip id="hofm_1840_11_0150_07"><composer key="compo_023954">Musard</composer>, <title>2 Quadrilles sur l’Opéra : Les Martyrs p. Pfte</title>. <title>Liv. 1. 2</title>. <pubPlace key="place_0438">Mainz</pubPlace>, <publisher key="publ_3563">Schott</publisher> à 36 Xr.</wip>
<bibl id="hofm_1840_11_0150_08"><composer key="compo_028250">Richter (C.)</composer> <title>Louisen-Walzer f. Pfte</title>. <pubPlace key="place_0392">Leipzig</pubPlace>, <publisher key="publ_4382">Whistling</publisher> 8 Gr.</bibl>
<wip id="hofm_1840_11_0150_09"><composer key="compo_029888">Schacht (M.)</composer> <title>Lieblings-Tänze f. Pfte</title>. <title>No. 1, Schwarzbacher Galopp</title>. <title>No. 2, Germinal-Galopp</title> à 4 Gr. <title>No. 3, Festin-Walzer</title> 8 Gr. <title>No. 4, Drei Schottische Tänze</title>. <title>No. 5, Die Tanzlust</title>. Galopp à 4 Gr. <pubPlace key="place_0280">Hannover</pubPlace>, <publisher key="publ_2808">Nagel</publisher>.</wip>
</div><div id="hofm_1840_11_0150_div11"><head><hofClass key="hofCl_0250">Märsche für das Pianoforte.</hofClass></head>
<bibl id="hofm_1840_11_0150_10"><composer key="compo_003806">Bosch (H.)</composer> <title>3 Märsche a. d. Zeiten Friedrichs des Grossen f. Pfte. (Marsch von Friedrich den Grossen. Hohenfriedberger Marsch. Dessauer Marsch.)</title> Mit Portrait Friedrichs des Grossen. <pubPlace key="place_0044">Berlin</pubPlace>, <publisher key="publ_3247">Riefensthal</publisher> 6 Gr.</bibl>
<bibl id="hofm_1840_11_0150_11"><composer key="compo_012828">Haase (C.F.)</composer> <title>Trauer-Marsch f. Pfte</title>. <pubPlace key="place_0044">Berlin</pubPlace>, <publisher key="publ_3835">Spindler</publisher> (<publisher key="publ_2455">Lischke</publisher>) 4 Gr.</bibl>
<bibl id="hofm_1840_11_0150_12"><composer key="compo_016641">Jäger (C.)</composer> <title>Zwei Trauer-Marsch f. Pfte. No. 1, in <key>Fm</key>. No. 2, in <key>Cm</key></title>. <pubPlace key="place_0044">Berlin</pubPlace>, <publisher key="publ_2455">Lischke</publisher> à 4 Gr.</bibl>
<bibl id="hofm_1840_11_0150_13"><composer key="compo_020014">Lanner (Jos.)</composer> <title>3 Märsche f. d. löbl. 2te Wiener Bürger-Regiment f. Pfte. Op. <opus key="opus_0902">157</opus>, 2tes Heft</title>. <pubPlace key="place_0731">Wien</pubPlace>, <publisher key="publ_2605">Mechetti</publisher> 30 Xr.</bibl>
<bibl id="hofm_1840_11_0150_14"><composer key="compo_032604">Sommerlatt (B.)</composer> <title>Preussen-Marsch f. Pfte</title>. <pubPlace key="place_0044">Berlin</pubPlace>, <publisher key="publ_3835">Spindler</publisher> (<publisher key="publ_2455">Lischke</publisher>) 4 Gr.</bibl>
</div><div id="hofm_1840_11_0150_div12"><head><hofClass key="hofCl_0072">Lehrbücher für das Pianoforte.</hofClass></head>
<bibl id="hofm_1840_11_0150_15"><composer key="compo_011034">Gerlach (C.)</composer> <title>Neue practische Pianoforte-Schule auf fünf Töns oder in den verschiedenen Quintenlagen beider Hände begründet</title>. qu. 4to. <pubPlace key="place_0392">Leipzig</pubPlace>, <publisher key="publ_0642">Crayen</publisher> geh. 1 Thlr. n.</bibl>
<bibl id="hofm_1840_11_0150_16"><composer key="compo_015764">Haeuser (J.E.)</composer> <title>Der instructive Lehrmeister f. Anfänger im Pftespiel. In methodisch fortschreitenden Uebungsstücken. Op. <opus key="opus_4738">99</opus>. 1stes Heft (136 Uebungsstücke)</title> qu. 4to. <pubPlace key="place_0561">Quedlinburg</pubPlace>, <publisher key="publ_0194">Basse</publisher> geh. 22 Gr. n.</bibl>
</div><div id="hofm_1840_11_0150_div13"><head><hofClass key="hofCl_0225">Musik für die Orgel.</hofClass></head>
<bibl id="hofm_1840_11_0150_17"><composer key="compo_009915">Freudenberg (C.)</composer> <title>Der 7. Juni 1840. Trauerklänge f. Orgel. (Den Manen des Hochs. Königs gew.) Op. <opus key="opus_3565">6</opus></title>. <pubPlace key="place_0082">Breslau</pubPlace> <publisher key="publ_2386">Leuckart</publisher> 6 Gr.</bibl>
<bibl id="hofm_1840_11_0150_18"><composer key="compo_013920">Heinrich (G.)</composer> <title>Ausgesetzte Choräle mit den gebräuchlichsten Abweichungen und einer Auswahl kirchlicher Zwischenspiele. Für angehende Orgelspieler bearbeitet. 3tes Heft</title>. <pubPlace key="place_0625">Schwiebus</pubPlace> (<pubPlace key="place_0044">Berlin</pubPlace>, <publisher key="publ_2456">Lischke in Comm</publisher>.) 8 Gr. n.</bibl>
<bibl id="hofm_1840_11_0150_19"><composer key="compo_022894">Mendel (J.)</composer> <title>12 leichte Orgel-Praeludien zum Gebrauch beim öffentlichen Gottesdienste. Op. <opus key="opus_0234">11</opus></title>. <series>No. 2 der Orgelpraeludien</series> <pubPlace key="place_0050">Bern</pubPlace>. <publisher key="publ_0676">Dalp</publisher>. 12 Gr. n.</bibl>
<pb n="151"/>
<wip id="hofm_1840_11_0151_01"><composer key="compo_024143">Mühling (Jul.)</composer> <title>Preludien und Fantasien zum Gebrauch beim öffentlichen Gottesdienst und im Concert, f. Orgel</title>. <title>1tes Heft. Op. <opus key="opus_0001">1</opus></title>. <title>2tes Heft. Op. <opus key="opus_2116">3</opus></title>. <pubPlace key="place_0436">Magdeburg</pubPlace>, <publisher key="publ_0991">Fabricius</publisher> à 14 Gr. n.</wip>
</div><div id="hofm_1840_11_0151_div14"><head><hofClass key="hofCl_0210">Musik für die Harfe.</hofClass></head>
<bibl id="hofm_1840_11_0151_02"><composer key="compo_007580">Dutertre (V.)</composer> <title>Fantaisie et Variations sur un Thème original p. Harpe</title>. <pubPlace key="place_0438">Mainz</pubPlace>, <publisher key="publ_3563">Schott</publisher> 1 Fl. 12 Xr.</bibl>
</div><div id="hofm_1840_11_0151_div15"><head><hofClass key="hofCl_0238">Musik für die Physharmonica.</hofClass></head>
<wip id="hofm_1840_11_0151_03"><composer key="compo_002205">Bellini (V.)</composer> <title>Soirées musicales. Ariettes et Romances, transcrites p. Physharmonica av. Acc. de Pfte. (ou p. 2 Pftes.) par C.G. Lickl</title>. <title>Cah. 1. 2</title>. <pubPlace key="place_0731">Wien</pubPlace>, <publisher key="publ_2605">Mechetti</publisher> à 1 Fl. 30 Xr.</wip>
<bibl id="hofm_1840_11_0151_04"><composer key="compo_008564">Ernst (H.W.)</composer> <title>Elégie, transcrite p. Physharmonica av. Acc. de Pfte. (ou p. 2 Pftes.) p. C.G. Lickl. Oe. <opus key="opus_0021">10</opus></title>. Ebend. 45 Xr.</bibl>
</div><div id="hofm_1840_11_0151_div16"><head><hofClass key="hofCl_0068">Kirchenmusik.</hofClass></head>
<bibl id="hofm_1840_11_0151_05"><title>Choralbuch für Schulen, sowohl dreistimmig für Töchter- und Landschulen, als auch vierstimmig für Bürgerschulen</title>. <pubPlace key="place_0666">Tangermünde</pubPlace>, <publisher key="publ_0780">Döger’sche Buchhndl</publisher>. 5 Gr. n.</bibl>
<bibl id="hofm_1840_11_0151_06"><composer key="compo_009381">Fischer (G.A.)</composer> <title>Psalmus CVII: „Paratum cor meum, Deus“ pro Canto, Alto, Tenore et Basso. <format>Partitura</format></title>. <pubPlace key="place_0044">Berlin</pubPlace>, <publisher key="publ_2455">Lischke</publisher> 16 Gr.</bibl>
<bibl id="hofm_1840_11_0151_07"><composer key="compo_023890">Mozart (W.A.)</composer> <title>Requiem. <format>Klavierauszug</format> von C. Klage. 2te Hälfte</title>. <pubPlace key="place_0044">Berlin</pubPlace>, <publisher key="publ_3471">Schlesinger</publisher> cpl. 1 Thlr. n.</bibl>
<bibl id="hofm_1840_11_0151_08"><composer key="compo_027670">Rechenberg (E.)</composer> <title>Allgemeines Choralbuch mit Vor- und Zwischenspielen f. Pfte. n. d. Werken von Bach, Hesse, Kühn etc. bearbeitet</title>. <pubPlace key="place_0044">Berlin</pubPlace>, <publisher key="publ_0589">Challier u. Co</publisher>. geh. 1 Thlr. 12 Gr.</bibl>
<bibl id="hofm_1840_11_0151_09"><composer key="compo_030991">Schramm (W.)</composer> <title>Mustersammlung f. Choralspieler enth. die gangbarsten mit sehr vielen der Kirche angemessenen Zwischenspielen versehene Choräle, vierstimmig gesetzt nach : Seb. Bach, Doles, Fischer, Hiller, Kallenbach u. andem vorzüglichen Choral-Componisten älterer und neuerer Zeit. Ein Hülfsbuch f. Organisten und die es werden wollen. <edition>2te verbesserte u. vermehrte Aufl</edition></title>. qu. 8. <pubPlace key="place_0392">Leipzig</pubPlace>, <publisher key="publ_1080">Franke</publisher> geh. 2 Thlr. 8 Gr. n. (Hat auch den Titel: Choralbuch.)</bibl>
<bibl id="hofm_1840_11_0151_10"><composer key="compo_035859">Wagner</composer> und <composer key="compo_030191">Schieffer</composer>. <title>Die katholische Schuljugend im Tempel Gottes, oder Mess-Andachten und Choral-Gesänge</title>. 8. <pubPlace key="place_0001">Aachen</pubPlace>, <publisher key="publ_0645">Cremer</publisher> 4 Gr. n.</bibl>
<bibl id="hofm_1840_11_0151_11"><composer key="compo_037452">Wolf (J. Fr.)</composer> <title>Melodien der katholischen Lieder und Litaneien, welche im Laufe des Kirchen-Jahres in der Cathedrale zu Breslau gesungen werden. 4stimmig f. d. Orgel bearbeitet</title>. <pubPlace key="place_0082">Breslau</pubPlace>, <publisher key="publ_0640">Cranz</publisher> 12 Gr.</bibl>
</div><div id="hofm_1840_11_0151_div17"><head><hofClass key="hofCl_0021">Gesangstücke für Concertmusik mit Begleitung mehrerer Instrumente.</hofClass></head>
<bibl id="hofm_1840_11_0151_12"><composer key="compo_010419">Fürstenau (A.B.)</composer> <title>Stille der Nacht. Gedicht v. O.L.B. Wolff, f. eine Singstimme m. Flöte u. Pfte. Op. <opus key="opus_0569">131</opus>. (Traute Stille, süsses Träumen.)</title> <pubPlace key="place_0147">Dresden</pubPlace>, <publisher key="publ_2993">Paul</publisher> 8 Gr.</bibl>
</div><div id="hofm_1840_11_0151_div18"><head><hofClass key="hofCl_0102">Mehrstimmige Gesänge mit und ohne Pianoforte.</hofClass></head>
<bibl id="hofm_1840_11_0151_13"><composer key="compo_003679">Bonn (H.)</composer> <title>Skaldenlied: Die Herrmanns-Schlacht f. 4 Männerstimmen</title>. 8vo. <pubPlace key="place_0475">München</pubPlace>, <publisher key="publ_0028">Aibl</publisher> 27 Xr.</bibl>
<bibl id="hofm_1840_11_0151_14"><composer key="compo_007699">Duerck (J.)</composer> <title>Drei Duette f. Sopran und Alt m. Begl. d. Pfte. Op. <opus key="opus_1372">2</opus></title>. <pubPlace key="place_0044">Berlin</pubPlace>, <publisher key="publ_0393">Bote u. Bock</publisher> 12 Gr.</bibl>
<bibl id="hofm_1840_11_0151_15"><composer key="compo_008381">Engelmann, (G.F.A.)</composer> <title>Der Singfreund. 1tes Heftchen. <edition>3te Aufl</edition></title>. qu. 16. <pubPlace key="place_0392">Leipzig</pubPlace>, <publisher key="publ_3081">Polet</publisher> 4 Gr. n.</bibl>
<pb n="152"/>
<bibl id="hofm_1840_11_0152_01"><composer key="compo_010493">Gabussi (C.M.)</composer> <title>Duetto: Deh t’arrendi (Hab’ Erbarmen) p. Soprano e Contralto c. Pfte</title> (<series>Lyra d’Italia. Collection de Duos No. 7</series>.) <pubPlace key="place_0438">Mainz</pubPlace>, <publisher key="publ_3563">Schott</publisher> 45 Xr.</bibl>
<album id="hofm_1840_11_0152_02"><title>Gesänge (mehrstimmige) 1stes Heft. <composer key="compo_014251">Henselt (A.)</composer> Der Dombau f. Chor (Zu Köllen, wo vom breiten Strom.) <composer key="compo_018393">Kossmaly (C.)</composer> Von dir so ferne, f. Männerstimmen. (Ach dass ich muss so ferne.) <composer key="compo_034893">Truhn (F.H.)</composer> An die Kunstgenossen (Ausgehalten! kämpft sie nieder.) <composer key="compo_031356">Schumann (R.)</composer> Rastlose Liebe f. Männerchor. (Dem Schnee, dem Regen.)</title> <series>Sammlung von Musik-Stücken alter und neuer Zeit zur neuen Zeitschrift f. Musik. Heft 11</series>. <pubPlace key="place_0392">Leipzig</pubPlace>, <publisher key="publ_1118">Friese</publisher> 16 Gr.</album>
<bibl id="hofm_1840_11_0152_03"><composer key="compo_014659">Hetsch (L.)</composer> <title>15 leichte Lieder f. vierstimmigen Männerchor. Op. <opus key="opus_3967">7</opus>. <format>Partitur und Stimmen</format></title>. qu. 8. <pubPlace key="place_0662">Stuttgart</pubPlace>, <publisher key="publ_4536">Zumsteeg</publisher> 1 Fl. 3 Xr. (Die <format>Partitur</format> apart 18 Xr. Jede einzelne <format>Stimme</format> 12 Xr.)</bibl>
<bibl id="hofm_1840_11_0152_04"><composer key="compo_017214">Kelz (J.F.)</composer> <title>König Friedrich Wilhelm III. auf dem Paradebette, von K. Grumbach f. 4stimmigen Männerchor. Op. <opus key="opus_1781">246. b</opus>. <format>Partitur und Stimmen</format></title>. 8. <pubPlace key="place_0044">Berlin</pubPlace>, <publisher key="publ_2455">Lischke</publisher> 6 Gr.</bibl>
<bibl id="hofm_1840_11_0152_05"><composer key="compo_022894">Mendel (J.)</composer> <title>Vierstimmige Lieder f. d. Männerchor. Op. <opus key="opus_4562">9</opus></title>, <series>1stes Heft d. Männerchore</series>. 4 <pubPlace key="place_0050">Bern</pubPlace>, <publisher key="publ_0676">Dalp</publisher> 10 Gr. n.</bibl>
<wip id="hofm_1840_11_0152_06">– Idem in <format>Partitur</format>. <title>1stes Heft. Op. <opus key="opus_4562">9</opus></title>, <title>2tes Heft. Op. <opus key="opus_0021">10</opus></title>. 4. Ebend. à 8 Gr.</wip>
<bibl id="hofm_1840_11_0152_07">– <title>Der Schüler-Chor, oder 3- und 4stimmige Lieder f. Schule u. Haus f. Sopr., Alt, 3te oder tiefe Altstimme (auch gebrochene od. jugendliche Tenorstimme) u. Bassstimme. 2tes Heft</title>. qu. 8. Ebend. 10 Gr. n.</bibl>
<bibl id="hofm_1840_11_0152_08">– Idem in <format>Partitur</format>. Ebend. 8 Gr. n.</bibl>
<bibl id="hofm_1840_11_0152_09"><title>Orpheus. Sammlung auserlesener mehrstimmiger Gesänge (f. Männerst.) ohne Begleitung 8ter Band</title>. <pubPlace key="place_0392">Leipzig</pubPlace>, <publisher key="publ_0642">Crayen</publisher> 1 Thlr.</bibl>
<bibl id="hofm_1840_11_0152_10"><composer key="compo_027352">Raab</composer>, <title>30 zweistimmige Lieder f. d. Jugend (Schullieder.) Op. <opus key="opus_0001">1</opus></title>. qu. 8. <pubPlace key="place_0076">Brandenburg</pubPlace>, <publisher key="publ_2779">Müller</publisher> geh. 6 Gr. n.</bibl>
<bibl id="hofm_1840_11_0152_11"><composer key="compo_030849">Schoch (J.J.)</composer> <title>Zwölf 3stimmige Kinderlieder. Heft 5</title>. <pubPlace key="place_0606">St. Gallen</pubPlace>,<publisher key="publ_3429">Scheitlin und Zollikofer</publisher> 4½ Gr. n. (Jede Stimme einzeln 1½ Gr. n.)</bibl>
<bibl id="hofm_1840_11_0152_12"><composer key="compo_032275">Silcher (Fr.)</composer> <title>12 leichte 4stimmige Lieder f. Männerchor oder Quartettgesang. Op. <opus key="opus_2403">34</opus>, 1stes Heft. <format>Partitur u. Stimmen</format></title>. qu. 8. <pubPlace key="place_0662">Stuttgart</pubPlace>, <publisher key="publ_4536">Zumsteeg</publisher> 1 Fl. 3 Xr. (Jede <format>Stimme</format> einzeln 12 Xr.)</bibl>
<bibl id="hofm_1840_11_0152_13"><composer key="compo_034168">Taubert (W.)</composer> <title>Guttenberg-Lieder f. 4 Männerstimmen. Op. <opus key="opus_3244">51</opus>. (Zwar hat der edle deutsche Rhein – Die Presse, die heut’ Alles preisst.)</title> 8. <pubPlace key="place_0044">Berlin</pubPlace>, <publisher key="publ_3471">Schlesinger</publisher> 12 Gr. n.</bibl>
<wip id="hofm_1840_11_0152_14"><composer key="compo_036358">Weickert</composer>, <title>Kinder-Gärtlein (Scherz und Ernst in Liedern and Ammenmährchen) mit Singweisen</title>. <title>4te–8te Lieferung (Schluss)</title> 16. <pubPlace key="place_0279">Hanau</pubPlace>, <publisher key="publ_2232">König</publisher> geh. à 4 Gr. n. – Complett mit 1 Stahlstich und in einem Bande carton. 1 Thlr. 12 Gr. n.</wip>
<bibl id="hofm_1840_11_0152_15"><composer key="compo_038339">Zöllner (A.)</composer> <title>Der deutsche Männerchor, leicht ausführbare <sic>Orginal</sic>-Compositionen f. 4 Männerstimmen. 2tes Heft. (Heimath, friedenvolles Land – An dich richte ich Gedichte – Liebe Freunde, setzt euch nieder – So viel am Himmelkreise – Es brausst ein Strom)</title> <pubPlace key="place_0615">Schleusingen</pubPlace>, <publisher key="publ_1260">Glaser</publisher>, Subscr. Pr. f. 6 Hefte 1 Thlr. (Jede Stimme einzeln à 6 Gr.)</bibl>
</div><div id="hofm_1840_11_0152_div19"><head><hofClass key="hofCl_0268">Opernmusik mit Pianofortebegleitung.</hofClass></head>
<bibl id="hofm_1840_11_0152_16"><composer key="compo_007196">Donizetti</composer>, <title>Marie, oder die Regiments-Tochter (La Fille du Régiment) Komische Oper in 2 Aufzügen n. d. Franz. des St. Georges u. Bayard v. C. Gollmick. <format>Vollständiger Clavierauszug</format> mit deutschem u. französischem Texte</title>. <pubPlace key="place_0438">Mainz</pubPlace>, <publisher key="publ_3563">Schott</publisher> geh. 12 Fl. 36 Xr.</bibl>
<pb n="153"/>
<bibl id="hofm_1840_11_0153_01"><composer key="compo_013422">Hartmann (J.P.E.)</composer> <title>Der Rabe (Ravnen) Zauberoper in drei Akten v. A.C. Andersen. <format>Klavierauszug</format> vom Componisten mit dänischem und deutschem Texte. Op. <opus key="opus_0392">12</opus></title>. <pubPlace key="place_0360">Kopenhagen</pubPlace>, <publisher key="publ_2761">Musikverein</publisher> (<publisher key="publ_2487">Lose u. Olsen</publisher>, <pubPlace key="place_0392">Leipzig</pubPlace>, <publisher key="publ_2018">Kistner in Comm</publisher>.) geh. 6 Thlr.</bibl>
<bibl id="hofm_1840_11_0153_02"><composer key="compo_020046">Lappe (J.)</composer> <title>Vaterlandslied mit Chor aus der Oper: Die Obotriten, von C. Dehn</title>. <pubPlace key="place_0624">Schwerin</pubPlace>. <publisher key="publ_2268">Kürschner</publisher> (<pubPlace key="place_0044">Berlin</pubPlace>, <publisher key="publ_0394">Bote u. B. in Comm</publisher>.) 8 Gr.</bibl>
</div><div id="hofm_1840_11_0153_div20"><head><hofClass key="hofCl_0040">Gesänge für eine Stimme mit Begleitung des Pianoforte.</hofClass></head>
<bibl id="hofm_1840_11_0153_03"><composer key="compo_000131">Adhemar (Ab. d’)</composer> <title>Le Torréador. (Der Toreador.) Romance</title>. <series>Choix No. 487</series>. <pubPlace key="place_0438">Mainz</pubPlace>, <publisher key="publ_3563">Schott</publisher> 18 Xr.</bibl>
<listBibl><bibl id="hofm_1840_11_0153_04"><composer key="compo_001311">Badiale (Ces.)</composer> <title>Il Giuramento (Der Schwur.) Romanza p. Mezzo-Soprano o p. Baritono</title>. <pubPlace key="place_0731">Wien</pubPlace>, <publisher key="publ_2605">Mechetti</publisher> 30 Xr.</bibl>
<bibl id="hofm_1840_11_0153_05">– <title>L’Ombra. (Der Schatten.) Romanze p. Mezzo-Soprano o p. Baritono</title>. Ebend. 15 Xr. <lb/>(<series>L’Aurora d’Italia No. 278. 279</series>.)</bibl>
</listBibl><bibl id="hofm_1840_11_0153_06"><composer key="compo_005726">Clapisson (L.)</composer> <title>Espère (Hoffe!) Romance</title>. <series>Choix No. 495</series>. <pubPlace key="place_0438">Mainz</pubPlace>, <publisher key="publ_3563">Schott</publisher> 18 Xr.</bibl>
<bibl id="hofm_1840_11_0153_07"><composer key="compo_012716">Göthe (Walth. v.)</composer> <title>Vier Gesänge. Op. <opus key="opus_3181">5</opus>. (Zu Augsburg in den hohen Saal – Ich will ja nicht zum Garten geh’n – Ein Fichtenbaum steht einsam – Schlaf sanft und wohl.)</title> <pubPlace key="place_0280">Hannover</pubPlace>, <publisher key="publ_2808">Nagel</publisher> 10 Gr.</bibl>
<bibl id="hofm_1840_11_0153_08"><composer key="compo_017214">Kelz (J.F.)</composer> <title>König Friedrich Wilhem III. auf dem Paradebette, von K. Grumbach. Op. <opus key="opus_1780">246. a</opus></title>. <pubPlace key="place_0044">Berlin</pubPlace>, <publisher key="publ_2455">Lischke</publisher> 4 Gr.</bibl>
<bibl id="hofm_1840_11_0153_09">*<composer key="compo_019507">Kücken (Fr.)</composer> <title>Maurisches Ständchen. Op. <opus key="opus_2188">31. No. 1</opus>. (Ich will vor deiner Thüre steh’n.)</title> <pubPlace key="place_0044">Berlin</pubPlace>, <publisher key="publ_0224">Bechtold u. H</publisher>. 8 Gr. n.</bibl>
<bibl id="hofm_1840_11_0153_10"><composer key="compo_019684">Lachner (Fr.)</composer> <title>Die Grillen. Lied. (Ich sass und schrieb im Grase.)</title> <pubPlace key="place_0594">Rudolstadt</pubPlace>, <publisher key="publ_2779">Müller</publisher> 4 Gr.</bibl>
<bibl id="hofm_1840_11_0153_11"><composer key="compo_021681">Löwe (C.)</composer> <title>Legenden f. eine Alt-Stimme</title>. <pubPlace key="place_0392">Leipzig</pubPlace>, <publisher key="publ_0437">Br. u. Härtel</publisher> à 18 Gr. <title>Op. <opus key="opus_4130">75</opus>. Das Grab zu Ephesus. Der Weichdorn. Der heilige Franziskus. Das Wunder auf der Flucht. (Es ziehet ein Pilgrim rastlos fort – Als Maria heut’ entwich – Franziskus einst, der Heil’ge – Auf jener Flucht.) Op. <opus key="opus_4153">76</opus>. Die Einladung. Scholastica [mit Chor.] (Ein frommer Landmann in der Kirche sass – Bleib, mein Bruder.)</title></bibl>
<bibl id="hofm_1840_11_0153_12">– <title>Die Glocken zu Speier. Ballade aus Op. <opus key="opus_3868">67</opus>. (Zu Lüttich im letzten Häuselein.)</title> <series>Sängers Lieblingslieder No. 10</series>. <pubPlace key="place_0147">Dresden</pubPlace>, <publisher key="publ_2993">Paul</publisher> 6 Gr.</bibl>
<bibl id="hofm_1840_11_0153_13"><composer key="compo_022096">Mangold (C.A.)</composer> <title>Monat Mai. Aennchen von Tharau. Sternenschein. 3 Lieder f. Sopran oder Tenor. Op. <opus key="opus_0392">12</opus>. (Im wunderschönen Monat Mai – Aennchen von Tharau ist’s – In der Sterne sanftem Scheine.)</title> <pubPlace key="place_0128">Darmstadt</pubPlace>, <publisher key="publ_2962">Pabst</publisher> 10 Gr. n.</bibl>
<bibl id="hofm_1840_11_0153_14">– <title>Liebes-Trost. Op. <opus key="opus_0545">13. No. 2</opus>. (Wenn Dir das Herz im Busen.)</title> Ebend. 6 Gr. n.</bibl>
<bibl id="hofm_1840_11_0153_15">– <title>Andenken. Meiden. Lieben. 3 Lieder f. Mezzo-Sopran, Alt oder Bariton. Op. <opus key="opus_0684">14</opus>. (Auf geheimen Waldes Pfaden – Drüben ging die Sonne scheiden – So wahr die Sonne scheinet.)</title> Ebend. 10 Gr. n.</bibl>
<bibl id="hofm_1840_11_0153_16">– <title>Wünsche. Die Sennin. Verlangen. 3 Lieder f. Mezzo-Sopran, Alt oder Bariton. Op. <opus key="opus_1165">18</opus>. (Ach wenn ich nur der Schemel wär, – Alpenröslein, du blühest – Ach wenn ich doch ein einzig’s Mal.)</title> Ebend. 10 Gr.</bibl>
<pb n="154"/>
<bibl id="hofm_1840_11_0154_01"><composer key="compo_022297">Marschner (H.)</composer> <title>Frühlingsliebe von Fr. Rückert f. Sopran oder Tenor. Op. <opus key="opus_0163">106</opus></title>. <pubPlace key="place_0280">Hannover</pubPlace>, <publisher key="publ_2808">Nagel</publisher> 1 Thlr.</bibl>
<wip id="hofm_1840_11_0154_02">– Idem einzeln <title>No. 1, Mein auf allen Wegen. (Er ist gekommen in Sturm und Regen.)</title> 7 Gr. <title>No. 2, Du hast mir hell in’s Herz geblickt</title>. 4 Gr. <title>No. 3, Du liebst mich. (So wahr die Sonne scheinet.)</title> 4 Gr. <title>No. 4. Mein bessres Ich. (Du meine Seele, du mein Herz.)</title> 5 Gr. <title>No. 5, Liebespredigt. (Was singt ihr und was sagt ihr mir.)</title> 5 Gr. <title>No. 6. An die schöne Müllerin. (Die Mühle wogt wohl Tag und Nacht.)</title> 8 Gr.</wip>
<bibl id="hofm_1840_11_0154_03"><composer key="compo_022421">Masini (F.)</composer> <title>Isolina. Ariette</title>. <series>Choix d’Airs No. 481</series>. <pubPlace key="place_0438">Mainz</pubPlace>, <publisher key="publ_3563">Schott</publisher> 18 Xr.</bibl>
<bibl id="hofm_1840_11_0154_04"><composer key="compo_023658">Moniuszko (S.)</composer> <title>Rozmowa. Romance (mit polnischem und deutschem Texte.)</title> <series>Polyhymnia No. 25</series>. <pubPlace key="place_0044">Berlin</pubPlace>, <publisher key="publ_0393">Bote u. B</publisher>. 6 Gr.</bibl>
<bibl id="hofm_1840_11_0154_05">– <title>Trzech Budrysów. Die drei Budrisse. Littauische Ballade</title>. Ebend. 16 Gr.</bibl>
<bibl id="hofm_1840_11_0154_06"><composer key="compo_025950">Paër (F.)</composer> <title>Exil et Patrie. (Exil und Vaterland.) Romanze</title>. <series>Choix No. 494</series>. <pubPlace key="place_0438">Mainz</pubPlace>, <publisher key="publ_3563">Schott</publisher> 27 Xr.</bibl>
<bibl id="hofm_1840_11_0154_07"><composer key="compo_025935">Pax (C.E.)</composer> <title>Lied: Ich möchte dir so gerne sagen</title>. <pubPlace key="place_0044">Berlin</pubPlace>, <publisher key="publ_3835">Spindler</publisher> (<publisher key="publ_2455">Lischke</publisher>) 2 Gr.</bibl>
<bibl id="hofm_1840_11_0154_08"><composer key="compo_026687">Pocci (F. Graf. v.)</composer> <title>Geschichten und Lieder mit Bildern. (Als Fortsetzung des Fest-Kalenders.) Heft 1</title>. gr. 8. <pubPlace key="place_0475">München</pubPlace>, <publisher key="publ_2459">literarisch-artistische Anstalt</publisher> 3½ Gr. n.</bibl>
<bibl id="hofm_1840_11_0154_09"><composer key="compo_027193">Puget (Loïsa)</composer> <title>Je veux t’aimer sans de le dire. (Stumme Liebe.)</title> <series>Choix d’Airs No. 493</series>. <pubPlace key="place_0438">Mainz</pubPlace>, <publisher key="publ_3563">Schott</publisher> 27 Xr.</bibl>
<bibl id="hofm_1840_11_0154_10"><composer key="compo_027982">Reissiger (C.G.)</composer> <title>Lieder zur häuslichen Erbauung aus Spitta’s Psalter u. Harfe f. tiefen Sopr., od. Alt oder Bariton, mit Pfte (oder Physharmonica.) Op. <opus key="opus_0874">154. No. 1</opus>, <series>47ste Liedersammlung</series>. (Es zieht ein stiller Engel – Es giebt ein Lied der Lieder – Was kann es Schönres geben – Bleibt bei ihm.)</title> <pubPlace key="place_0147">Dresden</pubPlace>, <publisher key="publ_2993">Paul</publisher> 10 Gr.</bibl>
<listBibl><bibl id="hofm_1840_11_0154_11">– <title>Soldatenlied f. Bass oder Bariton aus Op. <opus key="opus_0427">121</opus>. (Wenn man bei Wein sitzt.)</title> <pubPlace key="place_0147">Dresden</pubPlace>, <publisher key="publ_2993">Paul</publisher> 4 Gr.</bibl>
<bibl id="hofm_1840_11_0154_12">– <title>Besonderer Fall. Lied f. Sopran oder Tenor aus Op. <opus key="opus_0182">107</opus>. Es stand eine Weid’ an einem Bach.)</title> Ebend. 4 Gr. <lb/>(<series>Sängers Lieblingslieder No. 8, 9</series>.)</bibl>
</listBibl><bibl id="hofm_1840_11_0154_13"><composer key="compo_030945">Schott (Arth.)</composer> <title>Trommel-Lied von Fr. Rückert. (O wie ruft die Trommel so laut.)</title> <pubPlace key="place_0662">Stuttgart</pubPlace>, <publisher key="publ_4536">Zumsteeg</publisher> 3 Gr.</bibl>
<bibl id="hofm_1840_11_0154_14"><composer key="compo_031258">Schulz (F.A.)</composer> <title>Die Sprache der Liebe, von E. Busse. Op. <opus key="opus_2850">42</opus></title>. <pubPlace key="place_0078">Braunschweig</pubPlace>, <publisher key="publ_4321">Weinholtz</publisher> 4 Gr.</bibl>
<bibl id="hofm_1840_11_0154_15"><composer key="compo_032544">Sola</composer>, <title>Soave Speme. (Süsse Hoffnung.) Canzonetta</title>. <series>Choix No. 480</series> <pubPlace key="place_0438">Mainz</pubPlace>, <publisher key="publ_3563">Schott</publisher> 18 Xr.</bibl>
<bibl id="hofm_1840_11_0154_16"><composer key="compo_032798">Spohr (L.)</composer> <title>Mitternacht. Gesange f. Tenor oder Sopr. (Die Wolken ziehen schwarz.)</title> <series>Sängers Lieblingslieder No. 7</series>. <pubPlace key="place_0147">Dresden</pubPlace>, <publisher key="publ_2993">Paul</publisher> 8 Gr.</bibl>
<bibl id="hofm_1840_11_0154_17"><composer key="compo_033823">Succo (F.A.)</composer> <title>5 deutsche Lieder von Freiligrath, Uhland, Heine u. Schirmer. Op. <opus key="opus_2116">3</opus></title>. <pubPlace key="place_0044">Berlin</pubPlace>, <publisher key="publ_0393">Bote u. B</publisher>. 12 Gr.</bibl>
<bibl id="hofm_1840_11_0154_18"><composer key="compo_034168">Taubert (W.)</composer> <title>Guttenberg-Lieder. Op. <opus key="opus_3244">51</opus>. (Zwar hat der edle deutsche Rhein – Die Presse, die heut’s Alles preisst.)</title> <pubPlace key="place_0044">Berlin</pubPlace>, <publisher key="publ_3471">Schlesinger</publisher> 8 Gr. n.</bibl>
<pb n="155"/>
<bibl id="hofm_1840_11_0155_01">*<title>Volkslied (preussisches) zur Huldigungsfeier. (Heil Dir im Friedenskrauz.)</title> <pubPlace key="place_0044">Berlin</pubPlace>, <publisher key="publ_0589">Challier u. Co</publisher>. 4 Gr.</bibl>
<bibl id="hofm_1840_11_0155_02"><composer key="compo_037138">Wilsing (F.E.)</composer> <title>5 Lieder. Op. <opus key="opus_3181">5</opus></title>. <pubPlace key="place_0044">Berlin</pubPlace>, <publisher key="publ_0393">Bote u. B</publisher>. 10 Gr.</bibl>
<bibl id="hofm_1840_11_0155_03"><composer key="compo_038279">Zundel (J.)</composer> <title>6 Lieder aus Psalter und Harfe von Spitta f. Mezzo-Sopran oder Bariton. Op. <opus key="opus_2116">3</opus>. (Der du in der Nacht – Sehet, welche Liebe – Herr, des Tages Mühen – Was macht ihr, dass ihr weinet – Kehre wieder – O Jesu, meine Sonne.)</title> <pubPlace key="place_0662">Stuttgart</pubPlace>, <publisher key="publ_4536">Zumsteeg</publisher> 36 Xr.</bibl>
</div><div id="hofm_1840_11_0155_div21"><head><hofClass key="hofCl_0047">Gesänge mit Begleitung der Guitarre.</hofClass></head>
<bibl id="hofm_1840_11_0155_04"><composer key="compo_019507">Kücken (Fr.)</composer> <title>Maurisches Ständchen, eing. von Salleneuve. Op. <opus key="opus_2188">31. No. 1</opus>. (Ich will vor Deiner Thüre steh’n.)</title> <pubPlace key="place_0044">Berlin</pubPlace>, <publisher key="publ_0224">Bechtold u. H</publisher>. 4 Gr.</bibl>
<wip id="hofm_1840_11_0155_05"><composer key="compo_029266">Ruthardt (F.)</composer> <title>Choralmelodien des Würtembergischen Gesangbuchs</title>. <title>Heft. 1. 2</title>. <pubPlace key="place_0662">Stuttgart</pubPlace>, <publisher key="publ_4536">Zumsteeg</publisher> à 27 Xr.</wip>
<bibl id="hofm_1840_11_0155_06"><composer key="compo_034348">Thebes (G.)</composer> <title>Saitenklänge. Sammlung der beliebtesten Lieder und Arien aus Opern. (Als Fortsetzung der Lieder von Stein und Seidenstricker.)</title> gr. 12. <pubPlace key="place_0279">Hanau</pubPlace>, <publisher key="publ_0880">Edler</publisher> geh. 16 Gr. n.</bibl>
</div><div id="hofm_1840_11_0155_div22"><head><hofClass key="hofCl_0077">Lehrbücher für den Gesang.</hofClass></head>
<bibl id="hofm_1840_11_0155_07"><composer key="compo_000741">Anthes</composer>, <title>Anleitung zum Gesange, nebst 21 Chorälen und 57 mehrstimmigen Liedern. <edition>2te Aufl</edition>. mit einem Anhang</title>. qu. gr. 4. <pubPlace key="place_0734">Wiesbaden</pubPlace>, <publisher key="publ_3272">Ritter</publisher> 21 Gr. n.</bibl>
<bibl id="hofm_1840_11_0155_08"><composer key="compo_008758">Faber (C.)</composer> <title>Vollständiger Gesangkursus f. Volksschulen, oder karze Anweisung z. zweckm. Gesang-Unterricht in Volksschulen, nebst einer Sammlung von Kinder- u. Jugendliedern, Volkliedern und Chorälen. 3te Abth. enth. 100 zweistimmig gesetzte Volkslieder</title>. qu. 4. <pubPlace key="place_0392">Leipzig</pubPlace>, <publisher key="publ_0437">Br. u. Härtel</publisher> 12 Gr. n.</bibl>
<bibl id="hofm_1840_11_0155_09"><title>Schul-Gesangbuch für Bürgerschulen (enthaltend 60 Choralmelodien) herausgegeben von den Lehrern der höheren Bürgerschule zu Lippstadt</title>. 8. <pubPlace key="place_0416">Lippstadt</pubPlace>, <publisher key="publ_2290">Lange</publisher> geh. 4 Sgr. n.</bibl>
</div><div id="hofm_1840_11_0155_div23"><head><hofClass key="hofCl_0287">Theoretische Werke.</hofClass></head>
<wip id="hofm_1840_11_0155_10"><title>Conversations-Handlexicon (musikalisches) enthaltend die vollständigste Erklärung aller musikalischen Realien, wie zugleich die Biographien aller um die Tonkunst nur irgend verdienter oder sich darin ausgezeichneter Personen, Componisten, Virtuosen, Sänger, Schriftsteller etc. und zwar von den ältesten bis auf die neuesten Zeiten, wie aller Länder und Völker. Herausgegeben von Hofr. Dr. G. Schilling, in 2 Bänden zu 4 Lieferungen. 1ster Band</title>. <title>1ste u. 2te Lief. (A–Dreiklaug)</title> gr. 8. <pubPlace key="place_0453">Mergentheim</pubPlace>, <publisher key="publ_2847">neue Buch- und Kunsthandlung</publisher> geh. à 10 Gr. n.</wip>
<bibl id="hofm_1840_11_0155_11"><author>Elsner</author>, <title>Neue Fahrten eines alten Musikanten; (Theaterleben. Die beiden verrückten Kapellmeister.) 2 Bnde</title>. 8. <pubPlace key="place_0110">Chemnitz</pubPlace>, <publisher key="publ_0324">Binder</publisher> geh. 2 Thlr. 12 Gr. n.</bibl>
</div><div id="hofm_1840_11_0155_div24"><head><hofClass key="hofCl_0281">Portraits.</hofClass></head>
<bibl id="hofm_1840_11_0155_12"><title><subject>Beethoven (Ludw. van)</subject> Gem. v. <artist>Schimon</artist>. Gest. v. <artist>Ed. Eichens</artist></title>. Fol. <pubPlace key="place_0477">Münster</pubPlace>, <publisher key="publ_0112">Aschendorff</publisher>. 12 Gr. n.</bibl>
<bibl id="hofm_1840_11_0155_13"><title><subject>Ernst (H.W.)</subject> lith. v. <artist>Kriehuber</artist></title>. Fol. <pubPlace key="place_0731">Wien</pubPlace>, <publisher key="publ_1506">Haslinger</publisher> 1 Fl. n. auf chines. Papier 1 Fl. 30 Xr. n.</bibl></div>
<pb n="156"/>
<div id="hofm_1840_11_0156_div25"><head><hofClass key="hofCl_0284">Textbücher.</hofClass></head>
<bibl id="hofm_1840_11_0156_01"><title>Blumenkorb (der) Komische Oper in einem Akte nach dem Französichen des von Leuwen u. Brunswick frei bearbeitet v. <author>J. Franke</author>. Musik von A. Thomas</title> 8. <pubPlace key="place_0392">Leipzig</pubPlace>, <publisher key="publ_0437">Br. u. Härtel</publisher> geh. 8 Gr. n.</bibl>
<bibl id="hofm_1840_11_0156_02"><title>Dreizehn (die) Komische Oper in 3 Acten, nach dem Französischen des Scribe u. Duport frei bearbeitet v. <author>J. Franke</author>. Musik von F. Halevy</title>. 8. Ebend. geh. 8 Gr. n.</bibl>
<bibl id="hofm_1840_11_0156_03"><title>Feensee (der) Grosse romantische Oper in 5 Acten von Scribe u. Melesville übersetzt v. <author>J.C. Grünbaum</author>. Musik von D.F.E. Auber</title>. 8. Ebend. geh. 8 Gr. n.</bibl>
<bibl id="hofm_1840_11_0156_04"><title>Marie oder: Die Regiments-Tochter, Komische Oper in 2 Aufzügen, nach d. Französischen des Saint-Georges u. Bayard von <author>C. Gollmick</author>. Musik v. G. Donizetti</title>. gr. 8. <pubPlace key="place_0438">Mainz</pubPlace>, <publisher key="publ_3563">Schott</publisher> geh. 12 Gr. n.</bibl>
</div></body></text></TEI.2>