<?xml version="1.0" encoding="utf-8"?>
<!DOCTYPE TEI.2
  SYSTEM "../../dtd/tei/cch_tei.dtd">
<TEI.2 id="hofm_1840_06">
<teiHeader type="text"><fileDesc><titleStmt><title>Juni, Juli 1840</title></titleStmt><publicationStmt><p/></publicationStmt><sourceDesc><p/></sourceDesc></fileDesc><profileDesc><langUsage><language id="ger">German</language><language id="fre">French</language><language id="ita">Italian</language></langUsage></profileDesc><revisionDesc><change><date>2008-09-11</date><respStmt><name>EP</name></respStmt><item>&lt;seriesInfo&gt; element renamed into &lt;series&gt;</item></change><change><date>2007-09-20</date><respStmt><name>EP</name></respStmt><item>missing @id added</item></change><change><date>2007-04-27</date><respStmt><name>RV</name></respStmt><item>Changed "biblGroup" elements in "listBibl"</item></change><change><date>2007-03-02</date><respStmt><name>EP</name></respStmt><item>Checked curly brackets</item></change><change><date>2007-02-26</date><respStmt><name>EP</name></respStmt><item>Encoded curly brackets</item></change><change><date>2006-12-19</date><respStmt><name>EP</name></respStmt><item>sic and unclear moved outside elements pubplaces, publisher, composer, hofclass, key, opus</item></change><change><date>2006-10-20</date><respStmt><name>Liz</name></respStmt><item>p. 86 Lindpaintner (not Lindpainter)</item></change><change><date>2006-09-29</date><respStmt><name>Liz</name></respStmt><item>p. 86 key tagging adjusted</item></change><change><date>2006-03-15</date><respStmt><name>Sarah</name></respStmt><item>Fixed Xrefs</item></change><change><date>2005-06-03</date><respStmt><name>Sarah</name></respStmt><item>Corrections following checking pages. Adjusted album tagging.</item></change><change><date>2005-02-08</date><respStmt><name>Sarah</name></respStmt><item>Fixed HofClass headings.</item></change><change><date>2005-01-24</date><respStmt><name>Sarah</name></respStmt><item>Adjusted spacing following comments from Liz.</item></change><change><date>2005-01-19</date><respStmt><name>Sarah</name></respStmt><item>Added file title, fixed edition / format.</item></change><change><date>2004-10-30</date><respStmt><name>Sarah</name></respStmt><item>Corrections made following comments from Liz. &lt;album&gt; tags and {} fixed.</item></change><change><date>2004-10-22</date><respStmt><name>Sarah</name></respStmt><item>First encoding 22/10/2004</item></change></revisionDesc></teiHeader>
<text><body><head>Juni, Juli 1840.</head><pb n="82"/>
<div id="hofm_1840_06_0082_div01"><head><hofClass key="hofCl_0164">Musik für das Orchester.</hofClass></head>
<bibl id="hofm_1840_06_0082_0101"><composer key="compo_003679">Bonn (H.)</composer> <title><series>Cassino, die Musikgesellschaft auf dem Lande</series>. Sammlung von Potpourris aus den beliebtesten Opern f. achtstimmiges Orchester, als: 2 Violinen, Alt, Bass, Flöte, Clarinette u. 2 Hörner. No. 1, Die Hugenotten, von Meyerbeer</title>. <pubPlace key="place_0475">München</pubPlace>, <publisher key="publ_0028">Aibl</publisher>. 2 Fl. 42 Xr.</bibl>
<wip id="hofm_1840_06_0082_0202"><composer key="compo_008808">Fahrbach (Ph.)</composer> <title>Walzer f. Orchester</title>. <title>No. 4, Döbler’s Zauber-Walzer, oder Floras Blumenspende. Op. <opus key="opus_2764">40</opus></title>. 3 Fl. <title>No. 5, Die Correspondenten, Walzer. Op. <opus key="opus_2804">41</opus></title>. 2 Fl. 30 Xr. <pubPlace key="place_0731">Wien</pubPlace>, <publisher key="publ_1506">Haslinger</publisher>.</wip>
<wip id="hofm_1840_06_0082_0303"><composer key="compo_013609">Hauschild (J.G.)</composer> <title>Guttenbergs-Fest-Tänze</title>. <title>Lief. 61, 62, Guttenberg, Schottischer Walzer, und Fust, Galoppe, f. Orchester</title>. <pubPlace key="place_0392">Leipzig</pubPlace>, <publisher key="publ_3599">Schubert</publisher>. 18 Gr.</wip>
<bibl id="hofm_1840_06_0082_0404"><composer key="compo_019654">Labitzky (Jos.)</composer> <title><series>Beliebte Walzer und Galoppen f. Orchester. No. 9</series>, Andenken an Pawlowsky. Tremolo-Walzer. Op. <opus key="opus_3586">60</opus></title>. <pubPlace key="place_0392">Leipzig</pubPlace>, <publisher key="publ_1746">Hofmeister</publisher>. <pubPlace key="place_0554">Prag</pubPlace>, <publisher key="publ_1729">Hoffmann</publisher>. 2 Thlr.</bibl>
<wip id="hofm_1840_06_0082_0505"><composer key="compo_020014">Lanner (Jos.)</composer> <title><series>Beliebte Walzer und Galoppen f. Orchester</series></title>. <title>No. 49, Vier Mazuren. Op. <opus key="opus_0744">144</opus></title>. 2 Fl. <title>No. 55, Quadrille. Lief. 4. Op. <opus key="opus_0851">152</opus></title>. 2 Fl. <title>No. 56, Nymphen-Galoppe. Op. <opus key="opus_0860">153</opus></title>. 1 Fl. 30 Xr. <pubPlace key="place_0731">Wien</pubPlace>, <publisher key="publ_2605">Mechetti</publisher>.</wip>
<bibl id="hofm_1840_06_0082_0606"><composer key="compo_023890">Mozart (W.A.)</composer> <title>Ouvertures à grand Orchestre. <format>Partitur</format>. No. 3, Figaro. No. 5, Cosi fan tutte (Weibertreue)</title>. 8vo. <pubPlace key="place_0044">Berlin</pubPlace>, <publisher key="publ_3471">Schlesinger</publisher>. Pr. de Souscr. à 12 Gr. n. Pr. ord. à 1 Thlr.</bibl>
<bibl id="hofm_1840_06_0082_0707"><composer key="compo_028421">Rietz (Jul.)</composer> <title>Concert-Ouverture f. grosses Orchester. Op. <opus key="opus_3967">7</opus>, in <key>A</key></title>. <pubPlace key="place_0392">Leipzig</pubPlace>, <publisher key="publ_2017">Kistner</publisher>. 2 Thlr. 12 Gr.</bibl>
<bibl id="hofm_1840_06_0082_0808"><composer key="compo_035416">Verhulst (J.J.H.)</composer> <title>Gruss aus der Ferne. Intermezzo f. Orchester. Op. <opus key="opus_3967">7</opus>, in <key>A</key></title>. <pubPlace key="place_0392">Leipzig</pubPlace>, <publisher key="publ_0437">Br. u. Härtel</publisher>. 1 Thlr.</bibl>
<bibl id="hofm_1840_06_0082_0909">– <title>3ième Ouverture à grand Orchestre. Oe. <opus key="opus_4300">8</opus>, in <key>Dm</key></title>. Ebend. 2 Thlr.</bibl>
</div><div id="hofm_1840_06_0082_div02"><head><hofClass key="hofCl_0245">Musik für die Violine.</hofClass></head>
<bibl id="hofm_1840_06_0082_1010"><composer key="compo_004899">Beriot (Ch. de)</composer> <title>Le Trémolo. Caprice sur un Thème de Beethoven. p. Violon av. Acc. de Pfte. Oe. <opus key="opus_2131">30</opus>, in <key>D</key></title>. <pubPlace key="place_0438">Mainz</pubPlace>, <publisher key="publ_3563">Schott</publisher> 1 Fl. 48 Xr.</bibl>
<bibl id="hofm_1840_06_0082_1111"><composer key="compo_008564">Ernst (H.W.)</composer> <title>Morceau de Salon. Elégie. Chant p. Violon av. Acc. de Pfte. Oe. <opus key="opus_0021">10</opus></title>. Ebend. 54 Xr.</bibl>
<bibl id="hofm_1840_06_0082_1212"><composer key="compo_009750">Franco-Mendes (Jacq. et Jos.)</composer> <title>Fantaisie et Variations sur des Motifs de Zampa de Herold, p. Violon et Violoncelle. Oe. <opus key="opus_2066">29</opus>, in <key>D</key></title>. Ebend. 1 Fl. 12 Xr.</bibl>
<bibl id="hofm_1840_06_0082_1313"><composer key="compo_013574">Haumann (Th.)</composer> <title>Fantaisie brillante avec Variations sur la Romance : Ma Céline, de Lambert, p. Violon av. Acc. de Pfte. Oe. <opus key="opus_2116">3</opus></title>. Ebend. 1 Fl. 30 Xr.</bibl>
<bibl id="hofm_1840_06_0082_1414"><composer key="compo_013697">Haydn (Jos.)</composer> <title>Partition des Quatuors p. 2 Violons, Alto et Vclle. <edition>Nouv. Edition</edition>. No. 6, in <key>G</key></title>. 8vo. <pubPlace key="place_0044">Berlin</pubPlace>, <publisher key="publ_4067">Trautwein</publisher> geh. 12 Gr. n. (Subscr.-Pr. 8 Gr. n.)</bibl>
<bibl id="hofm_1840_06_0082_1515"><composer key="compo_025692">Panofka (Henri)</composer> <title>Réminiscences de la Juive. Divertissement brillant p. Violon av. Acc. de Pfte. Oe. <opus key="opus_1999">28</opus>, in <key>A</key></title>. <pubPlace key="place_0392">Leipzig</pubPlace>, <publisher key="publ_1746">Hofmeister</publisher>. 16 Gr.</bibl>
<bibl id="hofm_1840_06_0082_1616"><composer key="compo_026907">Pott (Aug.)</composer> <title>Les Adieux de Copenhague. Grand Concerto p. Violon av. Acc. de Pfte. Oe. <opus key="opus_0021">10</opus>, in <key>A</key></title>. Ebend. 1 Thlr. 16 Gr.</bibl>
<bibl id="hofm_1840_06_0082_1717"><composer key="compo_035020">Täglichsbeck (Th.)</composer> <title>Variations brillantes sur un Thème original p. Violon avec Acc. d’Orchestre. Oe. <opus key="opus_1068">17</opus>, in <key>E</key></title>. Ebend. 1 Thlr. 16 Gr.</bibl>
<bibl id="hofm_1840_06_0082_1818">– Idem av. Acc. de Quatuor. Ebend. 20 Gr.</bibl>
<bibl id="hofm_1840_06_0082_1919">– Idem av. Acc. de Pfte. Ebend. 12 Gr.</bibl></div>
<pb n="83"/>
<div id="hofm_1840_06_0082_div03"><head><hofClass key="hofCl_0184">Musik für das Violoncelle.</hofClass></head>
<bibl id="hofm_1840_06_0082_2020"><composer key="compo_007317">Drasenberger (J.)</composer> <title>Divertissement p. Violoncelle et Pfte (in <key>D</key>.)</title> <pubPlace key="place_0731">Wien</pubPlace>, <publisher key="publ_2605">Mechetti</publisher>. 1 Fl.</bibl>
<bibl id="hofm_1840_06_0082_2121"><composer key="compo_017214">Kelz (J.F.)</composer> <title>Fantaise sur la Tyrolienne de l’Opéra : Guillaume Tell, de Rossini, p. Violoncelle av. Acc. de Pfte. Oe. <opus key="opus_1717">238</opus>, in <key>G</key></title>. <pubPlace key="place_0044">Berlin</pubPlace>, <publisher key="publ_2455">Lischke</publisher>. 10 Gr.</bibl>
<wip id="hofm_1840_06_0082_2222">– <title>Deux Pièces p. Violoncelle av. Acc. de Pfte. Oe. <opus key="opus_1723">239</opus></title>. <title>No. 1, Variations sur un Motif de C.M. de Weber (in <key>F</key>.)</title> 10 Gr. <title>No. 2, Variations sur un Motifs de l’Opéra : Le Brasseur de Preston, d’A. Adam (in <key>C</key>.)</title> Ebend. 12 Gr.</wip>
<bibl id="hofm_1840_06_0082_2323"><composer key="compo_021559">Lvoff (Alex.)</composer> <title>Divertimento p. Violoncelle et Violon av. Acc. de Pfte (ou petite Orgue) in <key>C</key></title>. <pubPlace key="place_0044">Berlin</pubPlace>, <publisher key="publ_3471">Schlesinger</publisher>. 16 Gr.</bibl>
<bibl id="hofm_1840_06_0082_2424"><composer key="compo_028761">Romberg (B.)</composer> <title>Potpourri p. Violoncelle av. Acc. de Pfte. Oe. <opus key="opus_2737">4</opus>, in <key>G</key></title>. <pubPlace key="place_0731">Wien</pubPlace>, <publisher key="publ_2605">Mechetti</publisher>. 1 Fl.</bibl>
<wip id="hofm_1840_06_0082_2525"><composer key="compo_034701">Tonassi (P.)</composer> <title>3 Rondino sopra alcuni Motivi dell’ Opera : Il Bravo, di Mercadante, p. Violoncello con Acc. de Pfte</title>. <title>No. 1</title>, 3 Fr. 50 Ct. <title>No. 2</title>, 3 Fr. <title>No. 3,</title> 2 Fr. 75 Ct. <pubPlace key="place_0437">Milano</pubPlace>, <publisher key="publ_3241">Ricordi</publisher>.</wip>
<bibl id="hofm_1840_06_0082_2626">– <title>2 Rondino sopra alcuni Motivi dell’ Opera: Elena da Feltre, di Mercadante, p. do. No. 1, 2</title>. Ebend. à 3 Fr. 25 Ct.</bibl>
</div><div id="hofm_1840_06_0082_div04"><head><hofClass key="hofCl_0186">Musik für den Contra-Bass.</hofClass></head>
<bibl id="hofm_1840_06_0082_2727"><composer key="compo_024170">Müller (Aug.)</composer> <title>Intr. und Variationen über Himmel’s Lied: An Alexis, f. Contra-Bass mit obl. Begl. d. Pfte (in <key>B</key>.)</title> <pubPlace key="place_0438">Mainz</pubPlace>, <publisher key="publ_3563">Schott</publisher>. 1 Fl. 30 Xr.</bibl>
</div><div id="hofm_1840_06_0082_div05"><head><hofClass key="hofCl_0200">Musik für die Flöte.</hofClass></head>
<bibl id="hofm_1840_06_0082_2828"><composer key="compo_002387">Berbiguier (T.)</composer> <title>Cavatine en Terzetto p. 3 Flûtes. Oe. <opus key="opus_0255">110</opus>, in <key>As</key></title>. <pubPlace key="place_0078">Braunschweig</pubPlace>, <publisher key="publ_3822">Spehr</publisher>. 14 Gr.</bibl>
<bibl id="hofm_1840_06_0082_2828_b">– <title>2me grande Sinfonie concertante p. 2 Flûtes av. Acc. de Pfte. Oe. <opus key="opus_0873">154</opus>, in <key lang="ger">Hm</key></title>. <pubPlace key="place_0437">Milano</pubPlace>, <publisher key="publ_3241">Ricordi</publisher>. 10 Fr.</bibl>
<bibl id="hofm_1840_06_0082_3030"><composer key="compo_010034">Frédéric (le Grand)</composer> <title>Deux Marches p. Flûte (ou Violon)</title>. <pubPlace key="place_0044">Berlin</pubPlace>, <publisher key="publ_3471">Schlesinger</publisher>. 4 Gr.</bibl>
<bibl id="hofm_1840_06_0082_3131"><composer key="compo_020014">Lanner (Jos.)</composer> <title>Walzer f. Flöte m. Begl. d. Pfte. No. 1, Die Flotten. Op. <opus key="opus_0706">140</opus>. No. 2, Marien-Walzer. Op. <opus key="opus_0738">143</opus>. No. 3, Die Osmanen. Op. <opus key="opus_0768">146</opus>. No. 4, Themis-Strahlen. Op. <opus key="opus_0776">147</opus>. No. 15, Liebes-Träume. Brünner Walzer. Op. <opus key="opus_0830">150</opus>. No. 6, Die Vaterländischen. Harmonie-Ball-Tänze. Op. <opus key="opus_0873">154</opus></title>. <pubPlace key="place_0731">Wien</pubPlace>, <publisher key="publ_2605">Mechetti</publisher> à 45 Xr.</bibl>
</div><div id="hofm_1840_06_0082_div06"><head><hofClass key="hofCl_0131">Musik für verschiedene Blasinstrumente.</hofClass></head>
<bibl id="hofm_1840_06_0082_3232"><composer key="compo_002878">Bianchi (Fr.)</composer> <title>Preludio e Variazioni sopra un Tema dell’ Opera: Anna Bolena, p. Clarinetto con Acc. de Pfte</title>. <pubPlace key="place_0437">Milano</pubPlace>, <publisher key="publ_3241">Ricordi</publisher>. 4 Fr. 50 Ct.</bibl>
<bibl id="hofm_1840_06_0082_3333"><composer key="compo_034193">Taveggia (Al.)</composer> <title>Adagio e Variazioni sopra un Tema di Bellini, p. Clarinetto con Acc. di Flauto, 2 Violini, Alto e Vcllo</title>. Ebend. 5 Fr.</bibl>
<bibl id="hofm_1840_06_0082_3434"><composer key="compo_035625">Vogt (G.)</composer> <title>4ième Concertino p. Clarinette av. Acc. de Pfte</title>. 9 Fr. <format>Parties d’Orchestre</format> 12 Fr. <pubPlace key="place_0537">Paris</pubPlace>, <publisher key="publ_3222">Richault</publisher>.</bibl>
<bibl id="hofm_1840_06_0082_3535">– <title>4ième Concertino p. Hautbois av. Acc. de Pfte</title>. 9 Fr. <format>Parties d’Orchestre</format>. 12 Fr. Ebend.</bibl>
</div><div id="hofm_1840_06_0082_div07"><head><hofClass key="hofCl_0205">Musik für die Guitarre.</hofClass></head>
<bibl id="hofm_1840_06_0082_3636"><composer key="compo_011303">Giuliani (M.)</composer> <title>4 Variazioni e Finale sul Tema fav. napoletano: La Riccioletta, p. Chitarra. Op. <opus key="opus_0720">141</opus></title>. <pubPlace key="place_0437">Milano</pubPlace>, <publisher key="publ_3241">Ricordi</publisher>. 1 Fr. 25 Ct.</bibl>
<pb n="84"/>
<bibl id="hofm_1840_06_0084_01"><composer key="compo_011303">Giuliani (M.)</composer> <title>4 Variazioni e Finale sul Tema fav. napoletano: Si tu Nenna m’amave, p. Chitarra. Op. <opus key="opus_0727">142</opus></title>. <pubPlace key="place_0437">Milano</pubPlace>, <publisher key="publ_3241">Ricordi</publisher>. 1 Fr. 25 Ct.</bibl>
<bibl id="hofm_1840_06_0084_02">– <title>Gran Sonata eroica p. Chitarra. Op. <opus key="opus_0830">150</opus></title>. Ebend. 3 Fr.</bibl>
<bibl id="hofm_1840_06_0084_03"><composer key="compo_019510">Küffner (J.)</composer> <title>Amusement du Guitariste. No. 2, 6 Airs favoris du Brasseur de Preston, d’A. Adam. No. 3, 6 Airs de Régine, d’A. Adam</title>. <pubPlace key="place_0438">Mainz</pubPlace>, <publisher key="publ_3563">Schott</publisher> à 36 Xr.</bibl>
</div><div id="hofm_1840_06_0084_div08"><head><hofClass key="hofCl_0167">Musik für das Pianoforte mit Begleitung.</hofClass></head>
<bibl id="hofm_1840_06_0084_04"><composer key="compo_002077">Beethoven (L. v.)</composer> <title>Sinfonie in <key>Cm</key>., arr. f. Pfte und Violine (Violoncelle ad lib.) v. Jul. André. Op. <opus key="opus_3868">67</opus></title>. <pubPlace key="place_0519">Offenbach</pubPlace>, <publisher key="publ_0065">André</publisher>. 4 Fl. 48 Xr. <pubPlace key="place_0392">Leipzig</pubPlace>, <publisher key="publ_0437">Br. u. Härtel</publisher>. 2 Thlr. 16 Gr.</bibl>
<bibl id="hofm_1840_06_0084_05"><composer key="compo_004899">Beriot</composer> et <composer key="compo_019640">Labarre</composer>, <title>Fantaisie sur la Muette de Portici, p. Violon av. Acc. de Pfte</title>. (<series>8 Compositions brillantes No. 6</series>.) <pubPlace key="place_0044">Berlin</pubPlace>, <publisher key="publ_3471">Schlesinger</publisher>. 16 Gr.</bibl>
<bibl id="hofm_1840_06_0084_06"><composer key="compo_002660">Berr (F.)</composer> et <composer key="compo_009162">A. Fessy</composer>, <title>20e Fantaisie sur les Motifs d’Actéon, p. Pfte et Clarinette</title>. <pubPlace key="place_0438">Mainz</pubPlace>, <publisher key="publ_3563">Schott</publisher>. 1 Fl. 48 Xr.</bibl>
<bibl id="hofm_1840_06_0084_07"><composer key="compo_009630">Foreit (A.)</composer> et <composer key="compo_009162">A. Fessy</composer>, <title>20e Fantaisie sur les Motifs d’Actéon, p. Pfte et Hautbois</title>. Ebend. 1 Fl. 48 Xr.</bibl>
<bibl id="hofm_1840_06_0084_08"><composer key="compo_013412">Hartmann (Fr.)</composer> <title>Fantaisie sur des Motifs de l’Opéra : I Montecchi ed i Capuleti, p. Pfte et Violon. Oe. <opus key="opus_2458">35</opus></title>. <pubPlace key="place_0078">Braunschweig</pubPlace>, <publisher key="publ_3822">Spehr</publisher>. 16 Gr.</bibl>
<bibl id="hofm_1840_06_0084_09"><composer key="compo_014252">Henselt (Ad.)</composer> <title>Variations de Concert sur l’Air favori : Quand je quittai la Normandie, de l’Opéra : Robert le Diable, de Meyerbeer, p. Pfte av. Acc. de Quatuor. Oe. <opus key="opus_0531">13</opus>, in <key>B</key></title>. <pubPlace key="place_0392">Leipzig</pubPlace>, <publisher key="publ_0437">Br. et Härtel</publisher>. 2 Thlr. 4 Gr.</bibl>
<bibl id="hofm_1840_06_0084_10"><composer key="compo_016826">Kalkbrenner (F.)</composer> <title>Le Rève. Grande Fantaisie p. Pfte av. Acc. d’Orchestre. Oe. <opus key="opus_0299">113</opus>, in <key>A</key>. <edition>Nouv. Edit. revue et corrigée</edition></title>. <pubPlace key="place_0392">Leipzig</pubPlace>, <publisher key="publ_2017">Kistner</publisher>. 2 Thlr. 12 Gr.</bibl>
<bibl id="hofm_1840_06_0084_11"><composer key="compo_019512">Küffner (Jos.)</composer> <title>54me Potpourri sur des Motifs de l’Opéra : La Reine d’un Jour, Musique d’A. Adam, p. Pfte et Flûte (ou Violon). Oe. <opus key="opus_2088">294</opus></title>. <pubPlace key="place_0438">Mainz</pubPlace>, <publisher key="publ_3563">Schott</publisher>. 2 Fl.</bibl>
<bibl id="hofm_1840_06_0084_12"><composer key="compo_020014">Lanner (Jos.)</composer> <title>4 Mazuren f. Violone m. Begl. d. Pfte. Op. <opus key="opus_0744">144</opus></title>. <pubPlace key="place_0731">Wien</pubPlace>, <publisher key="publ_2605">Mechetti</publisher>. 30 Xr.</bibl>
<bibl id="hofm_1840_06_0084_13"><composer key="compo_021359">Louis (N.)</composer> <title>Variations et Fant. finale sur l’Opéra : La Reine d’un Jour, Musique d’Adam, p. Pfte et Violon. Oe. <opus key="opus_4354">81</opus>, in <key>A</key></title>. <pubPlace key="place_0438">Mainz</pubPlace>, <publisher key="publ_3563">Schott</publisher>. 2 Fl.</bibl>
<bibl id="hofm_1840_06_0084_14"><composer key="compo_027881">Reinecke (George)</composer> <title>Caractères extraits des Hugenots de Meyerbeer (Raoul et Valentine) p. Pfte et Violon. No. 1, 2</title>. <pubPlace key="place_0392">Leipzig</pubPlace>, <publisher key="publ_0437">Br. et Härtel</publisher> à 1 Thlr.</bibl>
<bibl id="hofm_1840_06_0084_15"><composer key="compo_032798">Spohr (L.)</composer> <title>3ième grand Duo concertant p. Pfte et Violon. Oe. <opus key="opus_0281">112</opus>, in <key>E</key></title>. <pubPlace key="place_0147">Dresden</pubPlace>, <publisher key="publ_2993">Paul</publisher>. 2 Thlr. 8 Gr.</bibl>
</div><div id="hofm_1840_06_0084_div09"><head><hofClass key="hofCl_0171">Musik für das Pianoforte zu 4 Händen.</hofClass></head>
<bibl id="hofm_1840_06_0084_16"><composer key="compo_000666">André (Jul.)</composer> <title>Rondeau pastoral av. Introduction p. Pfte à 4 Mains. Oe. <opus key="opus_1584">22</opus>, in <key>F</key></title>. <pubPlace key="place_0519">Offenbach</pubPlace>, <publisher key="publ_0065">André</publisher>. 1 Fl. 12 Xr.</bibl>
<bibl id="hofm_1840_06_0084_17"><composer key="compo_006306">Czerny (C.)</composer> <title>Intr. et Variations brill. et non diffic. sur une Valse fav. de Mr. le Comte de Gallenberg, p. Pfte à 4 Mains. Oe. <opus key="opus_4502">87</opus>, in <key>As</key>. <edition>Nouv. Edit., revue, corr. et augm. p. l’Auteur</edition></title>. <pubPlace key="place_0392">Leipzig</pubPlace>, <publisher key="publ_2017">Kistner</publisher>. 16 Gr.</bibl>
<bibl id="hofm_1840_06_0084_18"><composer key="compo_007172">Dombrowsky (M.)</composer> <title>3 Mazurka’s p. Pfte à 4 Mains</title>. <pubPlace key="place_0392">Leipzig</pubPlace>, <publisher key="publ_2039">Klemm</publisher>. 8 Gr.</bibl>
<bibl id="hofm_1840_06_0084_18_d"><composer key="compo_008859">Fanna (Ant.)</composer> <title>Variazioni sopra una Melodia italiana p. Pfte a 4 Mani. Op. <opus key="opus_2458">35</opus>, in <key>E</key></title>. <pubPlace key="place_0437">Milano</pubPlace>, <publisher key="publ_3241">Ricordi</publisher>. 6 Fr. 50 Ct.</bibl>
<bibl id="hofm_1840_06_0084_20"><composer key="compo_009042">Felix (C.)</composer> <title>Les petites Aimables. Contredanses suivies d’une Galopade, p. Pfte à 4 Mains</title>. <pubPlace key="place_0392">Leipzig</pubPlace>, <publisher key="publ_2039">Klemm</publisher>. 12 Gr.</bibl>
<pb n="85"/>
<bibl id="hofm_1840_06_0085_01"><composer key="compo_009042">Felix (C.)</composer> <title>Erholung für die Jugend. Eine Sammlung beliebter Tänze im leichtesten Arrangement f. Pfte zu 4 Händen. No. 1</title>. <pubPlace key="place_0392">Leipzig</pubPlace>, <publisher key="publ_2039">Klemm</publisher>. 8 Gr.</bibl>
<bibl id="hofm_1840_06_0085_02"><composer key="compo_013697">Haydn (Jos.)</composer> <title>Collection complète des Sinfonies, arr. p. Pfte à 4 Mains p. Fr. Mockwitz. No. 8, in <key>D</key></title>. <pubPlace key="place_0044">Berlin</pubPlace>, <publisher key="publ_3247">Riefenstahl</publisher>. 1 Thlr. 4 Gr.</bibl>
<bibl id="hofm_1840_06_0085_03"><composer key="compo_019654">Labitzky (Jos.)</composer> <title><series>Tänze und Potpourris f. Pfte zu 4 Händen. No. 14</series>, Hommage à S. A. R. Prince Albert. Galops. Oe. <opus key="opus_3529">59</opus></title>. <pubPlace key="place_0554">Prag</pubPlace>, <publisher key="publ_1729">Hoffmann</publisher>. 54 Xr.</bibl>
<bibl id="hofm_1840_06_0085_04"><composer key="compo_020014">Lanner (Jos.)</composer> <title><series>Sammlung der neuesten u. beliebtesten Galoppen f. Pfte zu 4 Händen. No. 9</series>, Nymphen-Galoppe. Op. <opus key="opus_0860">153</opus></title>. <pubPlace key="place_0731">Wien</pubPlace>, <publisher key="publ_2605">Mechetti</publisher>. 15 Xr.</bibl>
<bibl id="hofm_1840_06_0085_05"><composer key="compo_021359">Louis (N.)</composer> <title>Variations brillantes sur les Motifs de l’Opéra : Lucie de Lammermoor, de Donizetti, p. Pfte à 4 Mains. Oe. <opus key="opus_4214">78</opus>, in <key>G</key></title>. <pubPlace key="place_0438">Mainz</pubPlace>, <publisher key="publ_3563">Schott</publisher>. 1 Fl. 21 Xr.</bibl>
<bibl id="hofm_1840_06_0085_06"><composer key="compo_026588">Plachy (W.)</composer> <title>Air russe varié p. Pfte à 4 Mains. Oe. <opus key="opus_4601">91</opus>, in <key>Am</key></title>. <pubPlace key="place_0731">Wien</pubPlace>, <publisher key="publ_2605">Mechetti</publisher>. 45 Xr.</bibl>
<bibl id="hofm_1840_06_0085_07"><composer key="compo_031117">Schubert (F.L.)</composer> <title>Marsch zum Festzuge der vierten Säcularfeier der Erfindung der Buchdruckerkunst zu Leipzig, f. Pfte zu 4 Händen</title>. <pubPlace key="place_0392">Leipzig</pubPlace>, <publisher key="publ_0437">Br. u. Härtel</publisher>. 6 Gr.</bibl>
<bibl id="hofm_1840_06_0085_08"><composer key="compo_034169">Taubert (Guill.)</composer> <title>La Campanella. Pièce concertant, arr. p. Pfte à 4 Mains p. F. Mockwitz. Oe. <opus key="opus_2805">41. No. 1</opus></title>. <pubPlace key="place_0044">Berlin</pubPlace>, <publisher key="publ_3471">Schlesinger</publisher>. 16 Gr.</bibl>
</div><div id="hofm_1840_06_0085_div10"><head><hofClass key="hofCl_0272">Ouverturen für das Pianoforte zu 4 Händen.</hofClass></head>
<bibl id="hofm_1840_06_0085_09"><composer key="compo_028421">Rietz (Jul.)</composer> <title>Concert-Ouverture f. Pfte zu 4 Händen arr. Op. <opus key="opus_3967">7</opus>, in <key>A</key></title>. <pubPlace key="place_0392">Leipzig</pubPlace>, <publisher key="publ_2017">Kistner</publisher>. 20 Gr.</bibl>
</div><div id="hofm_1840_06_0085_div11"><head><hofClass key="hofCl_0166">Musik für das Pianoforte allein.</hofClass></head>
<bibl id="hofm_1840_06_0085_10"><composer key="compo_002077">Beethoven (L. v.)</composer> <title>3 Sonates p. Pfte. Oe. <opus key="opus_1378">2. No. 1–3</opus>, in <key>Fm</key>. <key>A</key>. <key>C</key></title>. <pubPlace key="place_0371">Cöln</pubPlace>, <publisher key="publ_0864">Eck et Co</publisher>. à 16 Gr.</bibl>
<wip id="hofm_1840_06_0085_11"><composer key="compo_002709">Bertini (H.)</composer> <title>Studien f. Pfte. III. Le Repos. 24 leichte, belehrende und angenehme Stücke. Op. <opus key="opus_0065">101</opus></title>. <title>Liv. 1. 2</title>. <pubPlace key="place_0044">Berlin</pubPlace>, <publisher key="publ_3471">Schlesinger</publisher>. Subscr.-Pr. à 10 Gr. n.</wip>
<bibl id="hofm_1840_06_0085_12">– <title>Grande Fantaisie sur l’Opéra : L’Elisire d’Amore, de Donizetti, p. Pfte. Oe. <opus key="opus_0495">127</opus>, in <key>Es</key></title>. <pubPlace key="place_0438">Mainz</pubPlace>, <publisher key="publ_3563">Schott</publisher>. 1 Fl. 21 Xr.</bibl>
<bibl id="hofm_1840_06_0085_13"><composer key="compo_005614">Chopin (Fréd.)</composer> <title>Deux Nocturnes p. Pfte. Oe. <opus key="opus_2576">37</opus></title>. <pubPlace key="place_0392">Leipzig</pubPlace>, <publisher key="publ_0437">Br. et Härtel</publisher>. 16 Gr.</bibl>
<bibl id="hofm_1840_06_0085_14"><composer key="compo_006306">Czerny (Ch.)</composer> <title>3 Rondos sur des Airs russes p. Pfte. Oe. <opus key="opus_2824">412</opus>. No. 1, in <key>F</key>. No. 2, in <key>B</key>. No. 3, in <key>A</key>. <edition>Nouv. Edit</edition></title>. <pubPlace key="place_0392">Leipzig</pubPlace>, <publisher key="publ_1746">Hofmeister</publisher> à 16 Gr.</bibl>
<wip id="hofm_1840_06_0085_15">– <title><series>Musikalische Theater-Bibliothek f. die Jugend f. Pfte mit Bezeichnung des Fingersatzes</series>. Op. <opus key="opus_3048">463</opus></title>. <pubPlace key="place_0731">Wien</pubPlace>, <publisher key="publ_1506">Haslinger</publisher> à 30 Xr. <listBibl rend="curly"><bibl><seg><title>Heft 37, 1stes</title></seg><seg id="hofm_1840_06_0085_15_1" rend="curly-left"><title>Potpourri nach beliebten Motiven aus der Donizetti’schen Oper: Lucrezia Borgia</title>. </seg></bibl><bibl><seg>– <title>38, 2tes</title></seg><seg sameAs="hofm_1840_06_0085_15_1"/></bibl><bibl><seg>– <title>39, 3tes</title></seg><seg sameAs="hofm_1840_06_0085_15_1"/></bibl><bibl><seg>– <title>40, 1stes</title></seg><seg rend="curly-left" id="hofm_1840_06_0085_15_2"><title>Potpourri nach beliebten Motiven aus der Mercadante’schen Oper: Il Bravo</title>. </seg></bibl><bibl><seg>– <title>41, 2tes</title></seg><seg sameAs="hofm_1840_06_0085_15_2"/></bibl><bibl><seg>– <title>42, 3tes</title></seg><seg sameAs="hofm_1840_06_0085_15_2"/></bibl></listBibl></wip>
<bibl id="hofm_1840_06_0085_16"><composer key="compo_007639">Döhler (Th.)</composer> <title>Deux Nocturnes p. Pfte. Oe. <opus key="opus_2187">31</opus></title>. (<series>No. 4, 5 des Noct.</series> <pubPlace key="place_0438">Mainz</pubPlace>, <publisher key="publ_3563">Schott</publisher>. 1 Fl. 12 Xr.</bibl>
<bibl id="hofm_1840_06_0085_17"><composer key="compo_007199">Donizetti (G.)</composer> <title>Lucrezia Borgia. 3 kleine Potpourris f. Pfte m. Bezeichnung d. Fingersatzes v. C. Czerny. (Op. <opus key="opus_3048">463</opus>.)</title> <pubPlace key="place_0731">Wien</pubPlace>, <publisher key="publ_1506">Haslinger</publisher>. 1 Fl. 30 Xr.</bibl>
<pb n="86"/>
<bibl id="hofm_1840_06_0086_01"><composer key="compo_007599">Duvernoy (J.B.)</composer> <title>Fantaisie sur la Romanesca p. Pfte. Oe. <opus key="opus_0065">101</opus>, in <key>C</key></title>. <pubPlace key="place_0392">Leipzig</pubPlace>, <publisher key="publ_0437">Br. et Härtel</publisher>. 14 Gr.</bibl>
<album id="hofm_1840_06_0086_02"><title><series>L’Echo de l’Opéra</series>, ou Collection de Potpourris brillants sur des Thêmes les plus favoris des nouveaux Opéras, arr. p. Pfte p. <composer key="compo_002395">P. Berchtold</composer>. No. 4, <composer key="compo_001075">Auber</composer>, Der schwarze Domino. No. 5, <composer key="compo_021040">Lindpaintner</composer>, Die Genueserin. No. 6, <composer key="compo_000088">Adam</composer>, Königin für einen Tag</title>. <pubPlace key="place_0475">München</pubPlace>, <publisher key="publ_0028">Aibl</publisher> à 1 Fl. 12 Xr.</album>
<wip id="hofm_1840_06_0086_03"><title><series>Flore théâtrale</series>. Nouvelle Collection de Fantaisies élégantes en Potpourris brillants sur des Thêmes d’Opéras modernes et favoris p. Pfte p. C. Haslinger. Oe. <opus key="opus_1488">21. (No. 13–18.)</opus></title> <pubPlace key="place_0731">Wien</pubPlace>, <publisher key="publ_1506">Haslinger</publisher> à 1 Fl. <lb/><title>Cah. 55, 56, Il Pirata, de Bellini</title>. <lb/><title>– 57, 58, Olivo e Pasquale, de Donizetti</title>. <lb/><title>– 59, 60, Il Bravo, de Mercadante</title>.</wip>
<bibl id="hofm_1840_06_0086_04"><composer key="compo_011662">Gomion (L.)</composer> <title>Morceau brillant et faciles sur l’Air : Mon petit Marl, du Postillon de Lonjumeau, d’A. Adam, p. Pfte</title>. <pubPlace key="place_0438">Mainz</pubPlace>, <publisher key="publ_3563">Schott</publisher>. 1 Fl.</bibl>
<bibl id="hofm_1840_06_0086_05"><composer key="compo_013474">Haslinger (C.)</composer> <title>Fantaisies. Oe. <opus key="opus_1488">21. No. 13–18</opus></title>. Siehe <xref type="external" from="hofm_1840_06_0086_03" to="DITTO" targOrder="U">Flore théâtrale</xref>.</bibl>
<wip id="hofm_1840_06_0086_06"><composer key="compo_014052">Heller (Steph.)</composer> <title>24 Etudes dans tous les Modes majeurs et mineurs p. Pfte. Oe. <opus key="opus_0927">16</opus>, en 4 livr</title>. <title>Liv. 3, 4</title>. <pubPlace key="place_0044">Berlin</pubPlace>, <publisher key="publ_3471">Schlesinger</publisher> à 18 Gr.</wip>
<bibl id="hofm_1840_06_0086_07"><composer key="compo_014529">Hertzberg (Rod. de)</composer> <title>Divertissement p. Pfte. Oe. <opus key="opus_0234">11</opus>, in <key>C</key></title>. <pubPlace key="place_0392">Leipzig</pubPlace>, <publisher key="publ_2039">Klemm</publisher>. 6 Gr.</bibl>
<bibl id="hofm_1840_06_0086_08"><composer key="compo_014550">Herz (H.)</composer> <title>Sammlung von Tonleitern, Uebungen, Passagen, Vorspielen und kleinen Handstücken f. Pfte mit Fingersatz. (Collection de Gammes etc.) <edition>Neue verb. Ausgabe</edition></title>. <pubPlace key="place_0392">Leipzig</pubPlace>, <publisher key="publ_2017">Kistner</publisher>. 16 Gr.</bibl>
<bibl id="hofm_1840_06_0086_09"><composer key="compo_015449">Horzalka (J.E.)</composer> <title>Fantaisie sur plusieurs Motifs de l’Opéra : Lucia di Lammermoor, de Donizetti, p. Pfte. Oe. <opus key="opus_3029">46</opus>, in <key>G</key></title>. <pubPlace key="place_0731">Wien</pubPlace>, <publisher key="publ_2605">Mechetti</publisher>. 45 Xr.</bibl>
<bibl id="hofm_1840_06_0086_10"><composer key="compo_015612">Hummel (J.N.)</composer> <title>La Galante. Rondeau agréable et brillant p. Pfte. Oe. <opus key="opus_0409">120</opus>, in <key>Es</key>. <edition>Nouv. Edit</edition></title>. <pubPlace key="place_0392">Leipzig</pubPlace>, <publisher key="publ_2017">Kistner</publisher>. 16 Gr.</bibl>
<bibl id="hofm_1840_06_0086_11"><composer key="compo_015943">Hünten (F.)</composer> <title>Les Charmes de Varsovie. Polonaise élégante p. Pfte. Oe. <opus key="opus_2116">3</opus>, in <key>G</key></title>. <pubPlace key="place_0044">Berlin</pubPlace>, <publisher key="publ_2455">Lischke</publisher>. 8 Gr.</bibl>
<bibl id="hofm_1840_06_0086_12">– <title>Polonaise, arr. p. Pfte. Oe. <opus key="opus_1584">22</opus>, in <key>A</key></title>. Ebend. 10 Gr.</bibl>
<bibl id="hofm_1840_06_0086_13"><composer key="compo_016826">Kalkbrenner (F.)</composer> <title>La Mélancolie et la Gaité. Romance suivie d’un Rondeau brillant p. Pfte. Oe. <opus key="opus_4687">96</opus>, in <key>E</key>. <edition>Nouv. Edit. revue et corrigée</edition></title>. <pubPlace key="place_0392">Leipzig</pubPlace>, <publisher key="publ_2017">Kistner</publisher>. 10 Gr.</bibl>
<bibl id="hofm_1840_06_0086_14">– <title>Le Rève. Grande Fantaisie p. Pfte. Oe. <opus key="opus_0299">113</opus>, in <key>A</key>. <edition>Nouv. Edit. revue et corrigée</edition></title>. Ebend. 16 Gr.</bibl>
<bibl id="hofm_1840_06_0086_15"><composer key="compo_020257">Le Carpentier (Ad.)</composer> <title>6 Airs faciles de l’Opéra : Le Perruquier de la Régence, d’Ambr. Thomas, p. Pfte</title>. <pubPlace key="place_0731">Wien</pubPlace>, <publisher key="publ_2605">Mechetti</publisher>. 30 Xr.</bibl>
<bibl id="hofm_1840_06_0086_16"><composer key="compo_021137">Liszt (F.)</composer> <title>Allegro di Bravura p. Pfte. Oe. <opus key="opus_2737">4</opus>, in <key>Es</key>. <edition>Nouv. Edit. revue et corrigée</edition></title>. <pubPlace key="place_0392">Leipzig</pubPlace>, <publisher key="publ_2017">Kistner</publisher>. 16 Gr.</bibl>
<bibl id="hofm_1840_06_0086_17"><composer key="compo_022612">Mayer (Ch.)</composer> <title>Fantaisie sur des Airs russes p. Pfte. Oe. <opus key="opus_3140">49</opus>, in <key>A</key>. <edition>Nouv. Edit</edition></title>. <pubPlace key="place_0392">Leipzig</pubPlace>, <publisher key="publ_1746">Hofmeister</publisher>. 16 Gr.</bibl>
<bibl id="hofm_1840_06_0086_18"><composer key="compo_022962">Mercadante</composer>, <title>Il Bravo. 3 kleine Potpourris f. Pfte m. Bezeichnung d. Fingersatzes v. C. Czerny. (Op. <opus key="opus_3048">463</opus>.)</title> <pubPlace key="place_0731">Wien</pubPlace>, <publisher key="publ_1506">Haslinger</publisher>. 1 Fl. 30 Xr.</bibl>
<bibl id="hofm_1840_06_0086_19"><composer key="compo_023828">Moscheles (I.)</composer> <title>Bouquet de Mélodies. Fantaisie sur des Airs favoris p. Pfte</title>. <pubPlace key="place_0438">Mainz</pubPlace>, <publisher key="publ_3563">Schott</publisher>. 1 Fl. 12 Xr.</bibl>
<bibl id="hofm_1840_06_0086_20"><composer key="compo_023890">Mozart (W.A.)</composer> <title>Sonate f. Pfte. Op. <opus key="opus_3566">6. No. 1</opus>, in <key>F</key>. (<edition>Neue Ausgabe mit wesentlichen Abänderungen</edition>.)</title> <pubPlace key="place_0519">Offenbach</pubPlace>, <publisher key="publ_0065">André</publisher>. 1 Fl. 12 Xr.</bibl>
<pb n="87"/>
<bibl id="hofm_1840_06_0087_01"><composer key="compo_028854">Rosellen (H.)</composer> <title>Les Charmes de Naples. 3 Fantaisies sur les Opéras de Donizetti, p. Pfte. Oe. <opus key="opus_1802">25</opus>. No. 1, L’Elisire d’Amore. No. 2, Roberto Devereux. No. 3, Belisario</title>. <pubPlace key="place_0438">Mainz</pubPlace>, <publisher key="publ_3563">Schott</publisher> à 1 Fl. 12 Xr.</bibl>
<bibl id="hofm_1840_06_0087_02"><composer key="compo_028886">Rosenhain (J.)</composer> <title>Esquisses de l’Opéra italien. 3 Impromptu p. Pfte. No. 1, Anna Bolena. No. 2, Norma. No. 3, Torquato Tasso</title>. Ebend. à 54 Xr.</bibl>
<wip id="hofm_1840_06_0087_03"><composer key="compo_029861">Scarlatti (Dom.)</composer> <title>Sämmtliche Werke f. Pfte, redigirt v. C. Czerny</title>. <title>21ste u. 22ste Lief</title>. <pubPlace key="place_0731">Wien</pubPlace>, <publisher key="publ_1506">Haslinger</publisher> Abonn.-Pr. à 1 Fl. n.</wip>
<bibl id="hofm_1840_06_0087_04"><composer key="compo_031357">Schumann (Rob.)</composer> <title>Nachtstücke f. Pfte. Op. <opus key="opus_1661">23</opus></title>. <pubPlace key="place_0731">Wien</pubPlace>, <publisher key="publ_2605">Mechetti</publisher>. 1 Fl. 15 Xr.</bibl>
<bibl id="hofm_1840_06_0087_05"><title>Trauer-Choräle (6) ausgeführt bei der Bestattung des hochs. Königs Maj. Friedrich Wilhelm III. f. Pfte od. Orgel</title>. <pubPlace key="place_0044">Berlin</pubPlace>, <publisher key="publ_3471">Schlesinger</publisher>. 2 Gr.
</bibl></div><div id="hofm_1840_06_0087_div12"><head><hofClass key="hofCl_0292">Variationen für das Pianoforte.</hofClass></head>
<bibl id="hofm_1840_06_0087_06"><composer key="compo_004712">Burgmüller (Fréd.)</composer> <title>Variations brillantes et faciles sur le Nocturne favori de l’Opéra : La Symphonie, de L. Clapisson, p. Pfte. Oe. <opus key="opus_3490">58</opus>, in <key>C</key></title>. <pubPlace key="place_0438">Mainz</pubPlace>, <publisher key="publ_3563">Schott</publisher>. 1 Fl. 12 Xr.</bibl>
<bibl id="hofm_1840_06_0087_07"><composer key="compo_014550">Herz (H.)</composer> <title>Grande Fantaisie et Variations brillantes sur des Motifs de l’Opéra : L’Elisire d’Amore, de Donizetti, p. Pfte. Oe. <opus key="opus_0281">112</opus>, in <key>Es</key></title>. <pubPlace key="place_0392">Leipzig</pubPlace>, <publisher key="publ_0437">Br. et Härtel</publisher>. 1 Thlr. 8 Gr.</bibl>
<bibl id="hofm_1840_06_0087_08"><composer key="compo_015944">Hünten (Fr.)</composer> <title>Thème allemand (An Alexis send’ ich dich) varié p. Pfte. Oe. <opus key="opus_1881">26</opus></title>. <pubPlace key="place_0438">Mainz</pubPlace>, <publisher key="publ_3563">Schott</publisher>. 1 Fl.</bibl>
<bibl id="hofm_1840_06_0087_09"><composer key="compo_016826">Kalkbrenner (F.)</composer> <title>Variations brillantes sur une Mazurka de F. Chopin, p. Pfte. Oe. <opus key="opus_0409">120</opus>, in <key>B</key>. <edition>Nouv. Edit. revue et corrigée</edition></title>. <pubPlace key="place_0392">Leipzig</pubPlace>, <publisher key="publ_2017">Kistner</publisher>. 20 Gr.</bibl>
<bibl id="hofm_1840_06_0087_10"><composer key="compo_026351">Philipp (B.E.)</composer> <title>Leichte Variationen über das beliebte russische Nationallied (Seht ihr drei Rosse vor dem Wagen) f. Pfte. Op. <opus key="opus_2458">35</opus></title>. <pubPlace key="place_0082">Breslau</pubPlace>, <publisher key="publ_0640">Cranz</publisher>. 8 Gr.</bibl>
<bibl id="hofm_1840_06_0087_11"><composer key="compo_028374">Riehle (Jul.)</composer> <title>Variations sur un Air russe p. Pfte. Oe. <opus key="opus_0927">16</opus>, in <key>G</key></title>. <pubPlace key="place_0392">Leipzig</pubPlace>, <publisher key="publ_2039">Klemm</publisher>. 12 Gr.</bibl>
<bibl id="hofm_1840_06_0087_12">– <title>Variations sur un Air russe p. Pfte. Oe. <opus key="opus_1271">19</opus>, in <key>F</key></title>. Ebend. 12 Gr.</bibl>
<bibl id="hofm_1840_06_0087_13">– <title>Variations sur un Air russe p. Pfte. Oe. <opus key="opus_1731">24</opus>, in <key>A</key></title>. Ebend. 10 Gr.</bibl>
</div><div id="hofm_1840_06_0087_div13"><head><hofClass key="hofCl_0273">Ouverturen für das Pianoforte.</hofClass></head>
<bibl id="hofm_1840_06_0087_14"><composer key="compo_007196">Donizetti</composer>, <title>Ouverture de l’Opéra : La Fille du Régiment, p. Pfte arr. p. Potier</title>. <pubPlace key="place_0438">Mainz</pubPlace>, <publisher key="publ_3563">Schott</publisher> 48 Xr.</bibl>
</div><div id="hofm_1840_06_0087_div14"><head><hofClass key="hofCl_0288">Tänze für das Pianoforte.</hofClass></head>
<bibl id="hofm_1840_06_0087_15"><composer key="compo_000062">Abt (Fr.)</composer> <title>Faschingsfreuden. Schottischer Walzer f. Pfte. Op. <opus key="opus_1482">21</opus></title>. (<series>Neueste Sammlung bel. u. tanzb. Schottischer Walzer No. 7</series>.) <pubPlace key="place_0392">Leipzig</pubPlace>, <publisher key="publ_2039">Klemm</publisher>. 6 Gr.</bibl>
<bibl id="hofm_1840_06_0087_16">– <title>Die Uebermüthigen. Grosse Galoppe f. Pfte. Op. <opus key="opus_1584">22</opus></title>. (<series>Neueste Sammlung bel. u. tanzb. Rutscher No. 10</series>.) Ebend. 6 Gr.</bibl>
<bibl id="hofm_1840_06_0087_17"><composer key="compo_008808">Fahrbach (Ph.)</composer> <title>Döbler’s Zauber-Walzer, oder Flora’s Blumenspende. f. Pfte. Op. <opus key="opus_2764">40</opus></title>. <pubPlace key="place_0731">Wien</pubPlace>, <publisher key="publ_1506">Haslinger</publisher>. 45 Xr.</bibl>
<bibl id="hofm_1840_06_0087_18">– <title>Die Correspondenten. Walzer f. Pfte. Op. <opus key="opus_2804">41</opus></title>. Ebend. 45 Xr.</bibl>
<bibl id="hofm_1840_06_0087_19"><composer key="compo_009042">Felix (C.)</composer> <title>Erholung für die Jugend. Eine Sammlung beliebter Tänze im leichtesten Arrangement f. Pfte. No. 1</title>. <pubPlace key="place_0392">Leipzig</pubPlace>, <publisher key="publ_2039">Klemm</publisher>. 6 Gr.</bibl>
<bibl id="hofm_1840_06_0087_20">– <title>La Rose. Contredanses p. Pfte</title>. Ebend. 8 Gr.</bibl>
<bibl id="hofm_1840_06_0087_21"><composer key="compo_009366">Fischer (Carl)</composer> <title>4 neue beliebte Polka f. Pfte. Op. <opus key="opus_4300">8</opus></title>. <pubPlace key="place_0082">Breslau</pubPlace>, <publisher key="publ_0640">Cranz</publisher>. 4 Gr.</bibl>
<pb n="88"/>
<bibl id="hofm_1840_06_0088_01"><composer key="compo_010213">Fröhlich (F.)</composer> <title>Festen i Albano, idyllisk Ballet <unclear>af</unclear>. A. Bournonville. (Das Fest in Albano, idyllisches Ballet.) <format>Klavierauszug</format></title>. <pubPlace key="place_0360">Copenhagen</pubPlace>, <publisher key="publ_2487">Lose u. Olsen</publisher>. 1 Thlr. 8 Gr.</bibl>
<bibl id="hofm_1840_06_0088_02"><composer key="compo_010454">Gaal (Gust. de)</composer> <title>Quadrille de Contredanses p. Pfte. Oe. <opus key="opus_2737">4</opus></title>. <pubPlace key="place_0438">Mainz</pubPlace>, <publisher key="publ_3563">Schott</publisher>. 42 Xr.</bibl>
<bibl id="hofm_1840_06_0088_03"><composer key="compo_011349">Gleich (F.)</composer> <title>Guttenbergs-Walzer zur Feier des vierhundertjährigen Jubiläums der Erfindung der Buchdruckerkunst, f. Pfte. Op. <opus key="opus_0684">14</opus></title>. <pubPlace key="place_0392">Leipzig</pubPlace>, <publisher key="publ_3961">Sturm u. Koppe</publisher>. 12 Gr.</bibl>
<wip id="hofm_1840_06_0088_04"><composer key="compo_013609">Hauschild (J.G.)</composer> <title><series>Guttenbergs-Fest-Tänze f. Pfte</series></title>. <pubPlace key="place_0392">Leipzig</pubPlace>, <publisher key="publ_3599">Schubert</publisher> à 4 Gr. <lb/><title>Lief. 61, Guttenberg. Schottischer Walzer</title>. <lb/>– <title>62, Fust. Galoppe</title>.</wip>
<bibl id="hofm_1840_06_0088_05"><composer key="compo_016495">Jonas (R.)</composer> <title>Helenen-Walzer f. Pfte. Op. <opus key="opus_0001">1</opus></title>. <pubPlace key="place_0082">Breslau</pubPlace>, <publisher key="publ_0640">Cranz</publisher>. 12 Gr.</bibl>
<bibl id="hofm_1840_06_0088_06"><composer key="compo_017908">Knauff (P.A.)</composer> <title>Erinnerung an die Bergstrasse. 1er Favorit-Walzer f. Pfte</title>. <pubPlace key="place_0339">Carlsruhe</pubPlace>, <publisher key="publ_1761">Holtzmann</publisher>. 18 Xr.</bibl>
<bibl id="hofm_1840_06_0088_07"><composer key="compo_018221">Kollonitsch (G.)</composer> <title>Bataille-Galoppe p. Pfte</title>. <pubPlace key="place_0437">Milano</pubPlace>, <publisher key="publ_3241">Ricordi</publisher>. 75 Ct.</bibl>
<bibl id="hofm_1840_06_0088_08"><composer key="compo_019654">Labitzky (Jos.)</composer> <title>Tremolo-Walzer zur Erinnerung an Pawlowsky, f. Pfte. Op. <opus key="opus_3586">60</opus></title>. <pubPlace key="place_0554">Prag</pubPlace>, <publisher key="publ_1729">Hoffmann</publisher>. 45 Xr.</bibl>
<bibl id="hofm_1840_06_0088_09"><composer key="compo_020014">Lanner (Jos.)</composer> <title>4 Mazuren f. Pfte. Op. <opus key="opus_0744">144</opus></title>. <pubPlace key="place_0731">Wien</pubPlace>, <publisher key="publ_2605">Mechetti</publisher>. 20 Xr.</bibl>
<bibl id="hofm_1840_06_0088_10">– <title>Nymphen-Galopp f. Pfte. Op. <opus key="opus_0860">153</opus></title>. Ebend. 15 Xr.</bibl>
<bibl id="hofm_1840_06_0088_11"><composer key="compo_023573">Mohs (F.)</composer> <title>Vier schottische Tänze f. Pfte</title>. <pubPlace key="place_0044">Berlin</pubPlace>, <publisher key="publ_2455">Lischke</publisher>. 8 Gr.</bibl>
<bibl id="hofm_1840_06_0088_12"><composer key="compo_023580">Mokelott (Alex.)</composer> <title>Gutenberg-Salon-Walzer, aufgef. bei Gelegenheit der 4ten Säcularfeier d. Erfindung d. Buchdruckerkunst in Leipzig, f. Pfte. Op. <opus key="opus_0021">10</opus></title> (mit Vign.) <pubPlace key="place_0392">Leipzig</pubPlace>, <publisher key="publ_4382">Whistling</publisher>. 10 Gr.</bibl>
<bibl id="hofm_1840_06_0088_13">– <title>Gutenberg-Salon-Galopp f. Pfte. Op. <opus key="opus_0234">11</opus></title>. Ebend. 6 Gr.</bibl>
<bibl id="hofm_1840_06_0088_14">– <title>Cupido’s Pfeile. Schottischer Walzer f. Pfte</title>. Ebend. 4 Gr.</bibl>
<bibl id="hofm_1840_06_0088_15"><composer key="compo_023959">Musard (P.)</composer> <title>Quadrille de Contredanses sur des Thèmes favoris de l’Opéra : Norma, de Bellini, suivi d’un Galop p. Pfte</title>. <pubPlace key="place_0438">Mainz</pubPlace>, <publisher key="publ_3563">Schott</publisher>. 42 Xr.</bibl>
<bibl id="hofm_1840_06_0088_16"><composer key="compo_025328">Olbrich (F.)</composer> <title>Erinnerung an Schlawentzitz. Walzer f. Pfte. Op. <opus key="opus_1661">23</opus></title>. <pubPlace key="place_0082">Breslau</pubPlace>, <publisher key="publ_0640">Cranz</publisher>. 8 Gr.</bibl>
<bibl id="hofm_1840_06_0088_17"><composer key="compo_029537">Sachsse (F.)</composer> <title>Tyrolienne f. Pfte</title>. <pubPlace key="place_0280">Hannover</pubPlace>, <publisher key="publ_2808">Nagel</publisher>. 2 Gr.</bibl>
<bibl id="hofm_1840_06_0088_18"><composer key="compo_032847">Staab (J.)</composer> <title>7 schottische Tänze f. Pfte</title>. <pubPlace key="place_0438">Mainz</pubPlace>, <publisher key="publ_3563">Schott</publisher>. 45 Xr.</bibl>
<bibl id="hofm_1840_06_0088_19"><composer key="compo_034094">Taglioni (Ph.)</composer> <title>Mazurka, getanzt v. Mlle. Marie Taglioni in dem Balette: Gitana, f. Pfte. (Heft 5.)</title> <pubPlace key="place_0731">Wien</pubPlace>, <publisher key="publ_2605">Mechetti</publisher>. 15 Xr.</bibl>
<bibl id="hofm_1840_06_0088_20"><composer key="compo_036398">Weihe (E.)</composer> <title>Dorotheen-Walzer f. Pfte</title>. <pubPlace key="place_0436">Magdeburg</pubPlace>, <publisher key="publ_0560">Bühler</publisher>. 8 Gr. n.</bibl>
</div><div id="hofm_1840_06_0088_div15"><head><hofClass key="hofCl_0250">Märsche für das Pianoforte.</hofClass></head>
<bibl id="hofm_1840_06_0088_21"><composer key="compo_015697">Händel</composer>, <title>Trauermarsch, dem Andenken des hochs. Königs Maj. Friedrich Wilhelm III. geweiht, und Beethoven, Trauermarsch auf den Tod eines Helden, f. Pfte</title>. <pubPlace key="place_0044">Berlin</pubPlace>, <publisher key="publ_3471">Schlesinger</publisher>. 4 Gr.</bibl>
<bibl id="hofm_1840_06_0088_22"><composer key="compo_013474">Haslinger (C.)</composer> <title><series>Neueste Parade-Märsche f. Pfte. No. 3</series>, Parade-Marsch zum Geburtsfeste S. M. des Kaisers Ferdinand I</title>. <pubPlace key="place_0731">Wien</pubPlace>, <publisher key="publ_1506">Haslinger</publisher>. 15 Xr.</bibl>
<bibl id="hofm_1840_06_0088_23"><composer key="compo_031117">Schubert (F.L.)</composer> <title>Marsch zum Festzuge der vierten Säcularfeier der Erfindung der Buchdruckerkunst zu Leipzig für Pfte</title>. <pubPlace key="place_0392">Leipzig</pubPlace>, <publisher key="publ_0437">Br. u. Härtel</publisher>. 4 Gr.</bibl>
<bibl id="hofm_1840_06_0088_24"><title><series>Tivoli-Märsche (Wiener) f. Pfte</series>. 37stes Heft, <composer key="compo_027077">Proch (H.)</composer> Marsch, Waffentanz und Shawltanz a. d. Posse: Die schlimmen Frauen im Serail</title>. <pubPlace key="place_0731">Wien</pubPlace>, <publisher key="publ_0735">Diabelli u. Co</publisher>. 30 Xr.</bibl></div>
<pb n="89"/>
<div id="hofm_1840_06_0089_div16"><head><hofClass key="hofCl_0072">Lehrbücher für das Pianoforte.</hofClass></head>
<bibl id="hofm_1840_06_0089_01"><composer key="compo_019176">Kunz (Konr. Max.)</composer> <title>Praktische Pianoforte-Schule f. den allerersten Anfang in 200 leichten progressiven Handstücken nebst den nöthigsten mechanischen Vorübungen, mit steter Berücksichtigung ganz kleiner Spieler, welche die Octave noch nicht spannen können. Mit Fingersatz. Op. <opus key="opus_1372">2</opus></title>. <pubPlace key="place_0475">München</pubPlace>, <publisher key="publ_1027">Finsterlin</publisher>. 7 Fl. 12 Xr.</bibl>
</div><div id="hofm_1840_06_0089_div17"><head><hofClass key="hofCl_0225">Musik für die Orgel.</hofClass></head>
<bibl id="hofm_1840_06_0089_02"><composer key="compo_000666">André (Jul.)</composer> <title>12 Orgelstücke zum Gebrauch beim öffentlichen Gottesdienste. Op. <opus key="opus_1482">21</opus></title>. <series>No. 6 der Orgelsachen</series>. <pubPlace key="place_0731">Wien</pubPlace>, <publisher key="publ_1506">Haslinger</publisher>. 1 Fl.</bibl>
<bibl id="hofm_1840_06_0089_03"><composer key="compo_010862">Geissler (C.)</composer> <title>8 Orgelstücke verschiedenen Charakters zum Studium und Gebrauche beim öffentlichen Gottesdienste. Op. <opus key="opus_3454">57</opus></title>, <series>No. 24 der Orgelsachen</series> (Herrn Dr. F. Mendelssohn-Bartholdy zugeeignet). <pubPlace key="place_0392">Leipzig</pubPlace>, <publisher key="publ_1746">Hofmeister</publisher>. 14 Gr.</bibl>
<wip id="hofm_1840_06_0089_04"><composer key="compo_013923">Heinrich (J.G.)</composer> <title>Ausgestzte Choräle mit den gebräuchlichsten Abweichungen u. einer Auswahl Organisten</title>. <title>Heft 1. 2</title>. <pubPlace key="place_0625">Schwiebus</pubPlace> (<pubPlace key="place_0044">Berlin</pubPlace>, <publisher key="publ_2455">Lischke</publisher>) à 8 Gr. n.</wip>
<bibl id="hofm_1840_06_0089_05"><composer key="compo_028447">Rinck (Ch. H.)</composer> <title>Neue Reihe von Studien f. d. Choralspiel, als Supplement des Choralfreundes. 1ster Suppl. Band 4tes Heft</title>. <pubPlace key="place_0438">Mainz</pubPlace>, <publisher key="publ_3563">Schott</publisher>. 18 Xr. n.</bibl>
</div><div id="hofm_1840_06_0089_div18"><head><hofClass key="hofCl_0210">Musik für die Harfe.</hofClass></head>
<bibl id="hofm_1840_06_0089_06"><composer key="compo_019644">Labarre (Th.)</composer> et <composer key="compo_034980">Tulou</composer>, <title>3 Duos de Salon sur des Thèmes favoris de Donizetti, p. Harpe et Flûte (ou Violon, ou Violoncelle) No. 1, Torquato Tasso. No. 2, Elisire d’Amore. No. 3, Roberto (Les Parties de Violon et de Vclle sont composées p. N. Louis et A. Batta)</title>. <pubPlace key="place_0438">Mainz</pubPlace>, <publisher key="publ_3563">Schott</publisher> à 2 Fl. 24 Xr.</bibl>
<bibl id="hofm_1840_06_0089_07"><composer key="compo_025768">Parish-Alvars (E.)</composer> <title>Grande Fantaisie et Variations de Bravoure sur des Motifs de L. Ricci p. Harpe av. Acc. d’Orchestre (in <key>Es</key>)</title>. <pubPlace key="place_0437">Milano</pubPlace>, <publisher key="publ_3241">Ricordi</publisher>. 14 Fr.</bibl>
</div><div id="hofm_1840_06_0089_div19"><head><hofClass key="hofCl_0068">Kirchenmusik.</hofClass></head>
<wip id="hofm_1840_06_0089_08"><composer key="compo_009869">Frech (J.F.)</composer> <title>Polymelia. Sammlung vierstimmiger Lieder religiösen Inhalts z. Gebrauche bei kirchlichen Festen u. a. feierlichen Veranlassungen f. gemischte als auch f. Männerstimmen</title>. <title>2tes Heft, 13 Lieder. Op. <opus key="opus_1731">24</opus></title>. 12 Gr. n. <title>3tes Heft, 14 Lieder. Op. <opus key="opus_1932">27</opus></title>. 16 Gr. n. <pubPlace key="place_0662">Stuttgart</pubPlace>, <publisher key="publ_2669">Metzler</publisher>.</wip>
<bibl id="hofm_1840_06_0089_09"><composer key="compo_012993">Hahn (Bern.)</composer> <title>Graduale (Diffusa est) u. Offertorium (Gloria et honore) f. 4 Solo u. 4 Chorstimmen. No. 2</title>. <pubPlace key="place_0082">Breslau</pubPlace>, <publisher key="publ_2386">Leuckart</publisher>. 8 Gr.</bibl>
<bibl id="hofm_1840_06_0089_10"><composer key="compo_013292">Hanssens (C.L.)</composer> <title>Grande Messe de Requiem à 4 Voix avec Choeur et Orchestre. <format>Partition</format> (in <key>Am</key>.)</title> <pubPlace key="place_0392">Leipzig</pubPlace>, <publisher key="publ_4383">Whistling (in Commission)</publisher> 10 Thlr. n.</bibl>
<bibl id="hofm_1840_06_0089_11"><composer key="compo_017797">Klingenberg (W.)</composer> <title>Fest-Cantate (Meine Zeit steht in Deinen Händen, nach Psalm 31, Vers 10.) f. 4 Singstimmen u. Orchester. Op. <opus key="opus_0927">16</opus>. <format>Partitur</format></title>. <pubPlace key="place_0082">Breslau</pubPlace>, <publisher key="publ_2386">Leuckart</publisher>. 1 Thlr. 4 Gr.</bibl>
<bibl id="hofm_1840_06_0089_12"><composer key="compo_019334">Köhler (E.)</composer> <title>Cantate (Gott Deine Güte reicht so weit) f. vierstimmigen Chor mit Begl. d. Orchesters (oder Orgel od. Pfte) 
<pb n="90"/>zum Gebrauch bei öffentlicher Sonn- und Festtagsfeier. Op. <opus key="opus_3738">63</opus></title>, <series>No. 7 der Motetten u. Cantaten</series>. <format>Partitur</format>. <pubPlace key="place_0082">Breslau</pubPlace>, <publisher key="publ_0640">Cranz</publisher>. 1 Thlr. 4 Gr.</bibl>
<bibl id="hofm_1840_06_0090_01"><title>Lieder und Litanien f. d. Lauf des Kirchenjahres</title>. gr. 12 <pubPlace key="place_0082">Breslau</pubPlace>, <publisher key="publ_1706">Hirt</publisher>. n. 5 Gr.</bibl>
<bibl id="hofm_1840_06_0090_02"><composer key="compo_028260">Richter (E.F.)</composer> <title>Heilig und hehr ist der Name des Herrn. Hymne f. Chor u. Orchester</title>. Aufgeführt am 24sten Juni 1840 bei der kirchlichen Feier der Erfindung der Buchdruckerkunst in <pubPlace key="place_0392">Leipzig</pubPlace>. <format>Klavierauszug</format>. Op. <opus key="opus_4300">8</opus>. <publisher key="publ_0437">Br. u. Härtel</publisher>. 20 Gr.</bibl>
<bibl id="hofm_1840_06_0090_03"><composer key="compo_032125">Seyfried (Ign. R. v.)</composer> <title>Drei Trauer-Motetten f. vierstimmigen Chor, Orgel, 2 Violinen, Contrabass u. 3 Posaunen (unobligat) <format>Partitur</format></title>. <pubPlace key="place_0082">Breslau</pubPlace>, <publisher key="publ_2386">Leuckart</publisher>. 16 Gr.</bibl>
<bibl id="hofm_1840_06_0090_04"><composer key="compo_036249">Weber (C.M.)</composer> <title>Grablied f. Sopran, 2 Tenore u. Bass mit 9 Blasinstrumenten od. Pfte ad lib. <format>Partitur u. Singstimmen</format> (Leis’ wandeln wir)</title>. <series>Nachgelassenes Werk No. 6</series>. <pubPlace key="place_0044">Berlin</pubPlace>, <publisher key="publ_3471">Schlesinger</publisher>. 8 Gr.</bibl>
<bibl id="hofm_1840_06_0090_05">– Idem <format>Klavierauszug und Singstimmen</format>. Ebend. 8 Gr.</bibl>
</div><div id="hofm_1840_06_0090_div20"><head><hofClass key="hofCl_0021">Gesangstücke für Concertmusik mit Begleitung mehrerer Instrumente.</hofClass></head>
<listBibl><bibl id="hofm_1840_06_0090_06"><composer key="compo_012080">Grill (Joh.)</composer> <title>Die Bergstimme. Romanze v. H. Heine f. Gesang, Violoncell u. Pfte (Ein Reiter durch das Bergthal zieht)</title>. <pubPlace key="place_0438">Mainz</pubPlace>, <publisher key="publ_3563">Schott</publisher>. 45 Xr.</bibl>
<bibl id="hofm_1840_06_0090_07">– <title>Loreley. Romanze v. Heine f. Gesang, Violoncell u. Pfte. (Ich weiss nicht was es soll bedeuten.)</title> Ebend. 45 Xr.</bibl>
<bibl id="hofm_1840_06_0090_08">– <title>Der Zaubergarten. Romanze v. H. Heine f. Gesang, Violoncell u. Pfte. (Es leuchtet meine Liebe.)</title> Ebend. 45 Xr.</bibl>
<bibl id="hofm_1840_06_0090_09">– <title>Das Zauberland. Romanze v. H. Heine f. Gesang, Violoncell u. Pfte. (Aus allen Märchen winkt es hervor.)</title> Ebend. 45 Xr. (<series>2te Liedersammlung No. 25–28</series>.)</bibl>
</listBibl><bibl id="hofm_1840_06_0090_10"><composer key="compo_025697">Panseron</composer>, <title>Le Cor (Das Waldhorn) Romance av. Acc. de Cor (ou Vclle ou Flûte) et Pfte</title>. <series>Choix d’Airs No. 474</series>. Ebend. 36 Xr.</bibl>
<bibl id="hofm_1840_06_0090_11"><composer key="compo_026380">Piatti (Alfr.)</composer> <title>La Sera. Notturno p. Soprano e Violoncello con Acc. di Pfte</title>. <pubPlace key="place_0437">Milano</pubPlace>, <publisher key="publ_3241">Ricordi</publisher>. 3 Fr.</bibl>
<bibl id="hofm_1840_06_0090_12"><composer key="compo_026775">Pollack (Ernst)</composer> <title>Bergmanngruss v.) Freih. v. Eberle f. 4 Männerstimmen mit Pftebegl. (In des Schachtes dunkle Tiefen.) <format>Klavierauszug u. Singstimmen</format></title>. <pubPlace key="place_0438">Mainz</pubPlace>, <publisher key="publ_3563">Schott</publisher>. 54 Xr.</bibl>
<bibl id="hofm_1840_06_0090_13">– Harmoniebegleitung zu do. Ebend. 54 Xr.</bibl>
</div><div id="hofm_1840_06_0090_div21"><head><hofClass key="hofCl_0102">Mehrstimmige Gesänge mit und ohne Pianoforte.</hofClass></head>
<bibl id="hofm_1840_06_0090_14"><composer key="compo_001434">Banck (C.)</composer> <title>Bachus evoe! 6 Weinlieder f. 4 Männerstimmen. Op. <opus key="opus_2630">38</opus>, 2tes Heft. <format>Partitur u. Stimmen</format> (Wer will mein Kamerade sein? – Mein Weib die thut mir wehren. – Soll alte Treu’ vergessen sein)</title>. <pubPlace key="place_0044">Berlin</pubPlace>, <publisher key="publ_3471">Schlesinger</publisher>. 18 Gr.</bibl>
<bibl id="hofm_1840_06_0090_15"><composer key="compo_010955">Georg (Kronprinz v. Hannover)</composer> <title>6 Gedichte v. Ernst Schulze f. 4 Männerstimmen. 3te Sammlung. <format>Part. u. Stimmen</format> (Wer je die Macht der keuschen Lieb’ erfuhr. – Schon in der Kindbeit frühen Morgenstunden. – Wenn mir des Scharz aus deinen holden Blicken. – Du Blüthenbain, der duftend sie umfangen. – Die Schönheit die dein ganzes Wesen füllt. – Wie in den Quell, den reines Silber füllt.)</title> <pubPlace key="place_0280">Hannover</pubPlace>, <publisher key="publ_2808">Nagel</publisher>. 1 Thlr. 4 Gr.</bibl>
<pb n="91"/>
<bibl id="hofm_1840_06_0091_01"><composer key="compo_012875">Hackel (Ant.)</composer> <title>Glockenstimmen. Gedicht von Vogl f. Sopran u. Alt (oder Tenor u. Bass) mit Begl. d. Pfte. Op. <opus key="opus_2996">45</opus>. (Zwei ferne Glocken klingen.)</title> <pubPlace key="place_0731">Wien</pubPlace>, <publisher key="publ_1506">Haslinger</publisher>. 30 Xr.</bibl>
<bibl id="hofm_1840_06_0091_02"><composer key="compo_022904">Mendelssohn-Bartholdy (F.)</composer> <title>6 Lieder f. vierstimmigen <sic>Männer-Männerchor</sic>. Op. <opus key="opus_3204">50</opus>. <format>Partitur u. Stimmen</format> (Setze mir nicht, du Grobian, – Wer hat dich du schöner Wald, – Wie Feld und Au so blinkend, – Am fernen Horizonte, – Was quälte dir dein armes Herz, – Vom Grund bis zu den Gipfeln.)</title> <pubPlace key="place_0392">Leipzig</pubPlace>, <publisher key="publ_2017">Kistner</publisher>. 2 Thlr.</bibl>
<bibl id="hofm_1840_06_0091_03">– <title>Ersatz für Unbestand. Gedicht v. Fr. Rückert f. 4 Männerstimmen. <format>Partitur u. Stimmen</format> (Lieblich mundet der Becher Wein)</title>. Ebend. 12 Gr.</bibl>
<bibl id="hofm_1840_06_0091_04">– <title>Festgesange zur Eröffnung der am ersten Tage der Säcularfeier der Erfindung der Buchdruckerkunst auf dem Markt zu Leipzig statt findenden Feierlichkeiten, für Männerchor. <format>Klavier-Auszug</format> (Begeht mit heil’gem Lobgesang)</title>. <pubPlace key="place_0392">Leipzig</pubPlace>, <publisher key="publ_0437">Br. u. Härtel</publisher>. 1 Thlr.</bibl>
<bibl id="hofm_1840_06_0091_05"><composer key="compo_024913">Nitsche</composer>, <title>zweistimmige Lieder für Schulen</title>. <pubPlace key="place_0254">Grünberg</pubPlace>, <publisher key="publ_2397">Levisohn u. S</publisher>. n. 1½ Gr.</bibl>
<bibl id="hofm_1840_06_0091_06"><composer key="compo_026775">Pollack (Ernst)</composer> <title>Bergmannsgruss für 4 Männerstimmen</title>, siehe : <xref type="external" from="hofm_1840_06_0090_12" to="DITTO" targOrder="U">Gesangstücke f. Concertmusik</xref></bibl>
<bibl id="hofm_1840_06_0091_07"><composer key="compo_027982">Reissiger (C.G.)</composer> <title>Deutsches Lied zur vierten Säcular-Feier des Gutenberg-Festes f. Sopran, Alt, Ten. u. Bass mit Chor, od. f. eine Singst. mit Pfte (Die Sonne bricht durch dunkler Wolken Schleier)</title>. <pubPlace key="place_0392">Leipzig</pubPlace> (<publisher key="publ_1747">Hofmeister in Comm</publisher>.) 4 Gr. n.</bibl>
<bibl id="hofm_1840_06_0091_08"><composer key="compo_032916">Stahr (A.)</composer> <title>Schön-Rohtraut. Gedicht v. C. Moericke f. Männerstimmen einger. v. A. Rösler. <format>Part. u. Stimmen</format>. (Wie heisst Königs Ringangs Töchterlein?)</title> <pubPlace key="place_0522">Oldenburg</pubPlace>, <publisher key="publ_3654">Schulzesche Buchhdl</publisher>. 8 Gr. n.</bibl>
<bibl id="hofm_1840_06_0091_09"><composer key="compo_033438">Stolle (Ed.)</composer> <title>Der Lanzenknechte Trinklied für 4 Männerstimmen (Der Tafel süsse Freuden)</title>. <pubPlace key="place_0475">München</pubPlace>, <publisher key="publ_0028">Aibl</publisher>. 24 Xr.</bibl>
<bibl id="hofm_1840_06_0091_10">– <title>Des Weisen Spruch. Lied f. 4 Männerstimmen (Wie der Kette Eisenglieder)</title>. Ebend. 24 Xr.</bibl>
<bibl id="hofm_1840_06_0091_11"><composer key="compo_034893">Truhn (F. Hier.)</composer> <title>Ernst u. Laune. 6 Lieder f. 4 Männerstimmen. Op. <opus key="opus_2347">33</opus>. <format>Partitur u. Stimmen</format> (Der König ist mein Lobgesang, – Leert die Gläser, – Wo die helle Freude winket, – In dem Himmel ruht die Erde, – Vor des Friedhofs dunkler Pforte, – Weinwirthschaft von Hans Theuerlich)</title>. <pubPlace key="place_0392">Leipzig</pubPlace>, <publisher key="publ_2039">Klemm</publisher>. 1 Thlr. 12 Gr.</bibl>
<bibl id="hofm_1840_06_0091_12"><composer key="compo_035366">Veit (H.W.)</composer> <title>6 Gesänge f. 4 Männerstimmen. Op. <opus key="opus_0392">12</opus>. <format>Partitur und Stimmen</format> (Es reden und träumen die Menschen viel, – Ich wollt meine Schmerzen ergössen sich all’, – Schlafe wohl, mein Augentrost, – O Ruhestatt des Müden, – Weg mit den Grillen und Sorgen, – Was wir sehen, muss vergehen)</title>. <pubPlace key="place_0392">Leipzig</pubPlace>, <publisher key="publ_1746">Hofmeister</publisher>. 1 Thlr.</bibl>
</div><div id="hofm_1840_06_0091_div22"><head><hofClass key="hofCl_0268">Opernmusik mit Pianofortebegleitung.</hofClass></head>
<wip id="hofm_1840_06_0091_13"><composer key="compo_000092">Adam (Ad.)</composer> <title>La Reine d’un Jour. Königin von einen Tag. Komische Oper in 3 Akten, nach dem Franz. des Scribe u. St. Georges v. Frieh. v. Lichtenstein. <format>Vollständiger Klavierauszug</format></title>. <pubPlace key="place_0438">Mainz</pubPlace>, <publisher key="publ_3563">Schott</publisher> geh. 14 Fl. 24 Xr. <lb/>Hieraus einzeln <title>No. 2 bis, Air (transp. en F.) Ach ein hold Gebilde (Une douce Image)</title> 54 Xr. <title>No. 3 bis, Duettino: Auf Putz darf man wohl Geld verwenden (Croismoi <pb n="92"/>le Luxe)</title>. 27 Xr. <title>No. 3 ter, Air: Pferd und Wagen so schön (Il me faut les chevaux)</title>. 36 Xr. <title>No. 8 bis, Couplets transp. en D.) Tra la tra la</title>. 36 Xr. <title>No. 11, Romance (transp. en C.) O Gott ist’s ein Traum (Est-ce elle)</title>. 36 Xr. <title>No. 12 bis, Nocturne: Was soll des Herzens Schlagen (Comme mon coeur)</title>. 18 Xr. <title>No. 14 bis, Couplets (p. Tenor) For <unclear>t</unclear> in die Schlacht (Le vaillant Puritain</title>. 36 Xr. <title>No. 15 bis, <sic>Cavative</sic>: Die Geliebte mir zu erwerben (Pour sauver ma gentille)</title>. 27 Xr.</wip>
<wip id="hofm_1840_06_0092_01"><composer key="compo_005812">Coccia (C.)</composer> <title>Giovanna II, Regina di Napoli. Melodramma d. G. Rossi</title>. <title>Romanza: Qual nostr’ alma</title>. 75 Ct. <title>Rec. e. Terzetto: Quale sguardo</title>. 5 Fr. <title>Aria finale: Oh! qual nuovo tumulto</title>. 1 Fr. 25 Ct. <pubPlace key="place_0437">Milano</pubPlace>, <publisher key="publ_3241">Ricordi</publisher>.</wip>
<bibl id="hofm_1840_06_0092_02">– <title>La Solitaria delle Asturie. Melodramma de F. Romani</title>. <format>Riduzione p. Canto con Acc. di Pfte</format>. Ebend. geh. 30 Fr.</bibl>
<bibl id="hofm_1840_06_0092_03"><composer key="compo_022964">Mercadante (Sav.)</composer> <title>Le due illustri Rivali: Die Nebenbuhlerin. Tragische Oper in 3 Acten v. G. Rossi</title>. <format><sic>Klavierauszung</sic></format> mit italienischem und deutschem Texte. <pubPlace key="place_0392">Leipzig</pubPlace>, <publisher key="publ_1746">Hofmeister</publisher> geh. 5 Thlr.</bibl>
<wip id="hofm_1840_06_0092_04">– <title>La Vestale. Dramma tragico</title>. <title>Scena e Duetto: Di conforto</title>. 3 Fr. 50 Ct. <title>Sc. e Duetto: E la patria</title>. 3 Fr. 25 Ct. <title>Intr. e Preghiera: Se fino al cielo</title>. 75 Ct. <title>Sc. e Duetto: Ah! mira gl’ incensi</title>. 3 Fr. 50 Ct. <title>Sc. e Duetto: Nò l’acciar</title>. 3 Fr. 25 Ct. <title>Coro: Ah questa cittima</title>. 1 Fr. 25 Ct. <title>Coro, Sc. ed Aria) Se non potra</title>. 5 Fr. <pubPlace key="place_0437">Milano</pubPlace>, <publisher key="publ_3241">Ricordi</publisher>.</wip>
<listBibl><bibl id="hofm_1840_06_0092_05"><composer key="compo_024153">Müller (Ad.)</composer> <title>Die Verwandlungen. Lied a. d. Posse: Drei Jahre, oder der Wucherer u. sein Erbe (Wenn a Faulenzer reich ist.)</title> <pubPlace key="place_0731">Wien</pubPlace>, <publisher key="publ_0735">Diabelli u. Co</publisher>. 20 Xr.</bibl>
<bibl id="hofm_1840_06_0092_06">– <title>Lied a. d. Posse: Der Stephansthurm, das rothe Haus und die Spinnerin am Kreutz (Es kommt alles auf die Einbildung an)</title>. Ebend. 20 Xr.</bibl>
<bibl id="hofm_1840_06_0092_07">– <title>Jägerlied a. d. Posse: Der Tanzmeister Pauxl (Mach auf du lieb’s Schatzerl mein)</title>. Ebend. 30 Xr.</bibl>
<bibl id="hofm_1840_06_0092_08">– <title>Der Färber und sein Zwillingsbruder, Posse. Lied: Das werns doch erlaub’n. Lied: Da bringt man auf Ehre sein Geld nicht heraus. Lied: Ich bin a Färber und hab Geld</title>. Ebend. à 20 Xr. <lb/>(<series>Neueste Sammlung komischer Theatergesänge No. 365–367. 370–372</series>.)</bibl>
</listBibl><bibl id="hofm_1840_06_0092_09"><composer key="compo_027077">Proch (H.)</composer> <title>Die schlimmen Frauen im Serail. Posse. Trinklied: Füllet die Becher. Lied: Kennt ihr das Land</title>. <lb/>(<series>Neueste Sammlung komischer Theatergesänge. No. 368. 369</series>.) <pubPlace key="place_0731">Wien</pubPlace>, <publisher key="publ_0735">Diabelli u. Co</publisher>. à 20 Xr.</bibl>
<bibl id="hofm_1840_06_0092_10"><composer key="compo_028198">Ricci (Feder.)</composer> <title>Canzonetta (Wiegenlied) nell’ Opera: La Prigione di Edimburgo: Dormi bel bambino (Schlummre holder Knabe)</title>. <series>Aurora No. 275</series>. <pubPlace key="place_0731">Wien</pubPlace>, <publisher key="publ_2605">Mechetti</publisher>. 30 Xr.</bibl>
<wip id="hofm_1840_06_0092_11"><composer key="compo_032553">Solera (Temist.)</composer> <title>Ildegonda. Dramma</title>. <title>Rec. e Cavatina: Quai memorie</title>. 3 Fr. <title>Rec. e Duetto: Solo un alba</title>. 4 Fr. 50 Ct. <title>Scena ed Aria con Cori: O mia Sposa</title>. 3 Fr. 75 Ct. <pubPlace key="place_0437">Milano</pubPlace>, <publisher key="publ_3241">Ricordi</publisher>.</wip>
</div><div id="hofm_1840_06_0092_div23"><head><hofClass key="hofCl_0040">Gesänge für eine Stimme mit Begleitung des Pianoforte.</hofClass></head>
<bibl id="hofm_1840_06_0092_12"><composer key="compo_000089">Adam (A.)</composer> <title>Clary. Scene</title>. <series>Choix de Romances No. 202</series>. <pubPlace key="place_0044">Berlin</pubPlace>, <publisher key="publ_3471">Schlesinger</publisher>. 10 Gr.</bibl>
<bibl id="hofm_1840_06_0092_13">– <title>Soirées francaises. Romances, Airs et Scène. Liv. 1, Le Bolero. Romance : Plus je vous vois. Clary</title>. <pubPlace key="place_0044">Berlin</pubPlace>, <publisher key="publ_3471">Schlesinger</publisher>. 18 Gr.</bibl>
<pb n="93"/>
<bibl id="hofm_1840_06_0093_01"><composer key="compo_000653">André (Ant.)</composer> <title>2 Psalme nach J.A. Cramer’s Uebersetzung. Op. <opus key="opus_3738">63</opus></title>. <pubPlace key="place_0519">Offenbach</pubPlace>, <publisher key="publ_0065">André</publisher>. 54 Xr.</bibl>
<bibl id="hofm_1840_06_0093_02"><composer key="compo_001434">Banck (C.)</composer> <title>Halle der Völker. Poesieen verschiedener Nationen. Deutsch v. O.L.B. Wolff. Op. <opus key="opus_2576">37</opus>. No. 13, Das Haus der Liebe. Italienisch (Im Meere, tief im Meere). No. 14, Untreue Liebe. Deutsch, f. tiefe Stimme (Wo ist das Thal). No. 15, Das verschlossene Herz. Französisch (Am Ufer von der Seine). No. 16, Muttersorge. Litthauisch (Als ich spät nach Hause kam). No. 17, Der Ritter und sein Liebchen. Neiderländisch (Es sollt ein Reiter frühmorgens ausreiten). No. 18, Die Spinnerin. Deutsch (Was hat der Rocken dir gethan)</title>. <pubPlace key="place_0392">Leipzig</pubPlace>, <publisher key="publ_1746">Hofmeister</publisher> à 4 Gr.</bibl>
<bibl id="hofm_1840_06_0093_03">– <title>Evan Evoe! 6 Weinlieder f. Bariton. Op. <opus key="opus_2630">38</opus>, 2tes Heft (Wer will mein Kamerade sein? – Mein Weib die thut mir wehren, – Soll alte Treu’ vergessen sein)</title>. <pubPlace key="place_0044">Berlin</pubPlace>, <publisher key="publ_3471">Schlesinger</publisher>. 12 Gr.</bibl>
<bibl id="hofm_1840_06_0093_04"><composer key="compo_002490">Berggreen (A.P.)</composer> <title>Melodier til de af „Selakabet for Trykkefribedens rette Brug“ udgivne faedrelandhistoriske Digte (Melodien zu dem von dem Verein zum rechten Gebrauch der Presfreiheit herausgegebenen Gedicht)</title>. qu. 4. <pubPlace key="place_0360">Copenhagen</pubPlace>, <publisher key="publ_2487">Lose u. Olsen</publisher> geb. 1 Thlr.</bibl>
<bibl id="hofm_1840_06_0093_05">*<composer key="compo_002732">Bertrand</composer>’s <title>Abschied: Adieu Français (Leb’ wohl du theures Land)</title>. <pubPlace key="place_0280">Hannover</pubPlace>, <publisher key="publ_2808">Nagel</publisher>. 4 Gr.</bibl>
<bibl id="hofm_1840_06_0093_06"><composer key="compo_006223">Curci (Gius.)</composer> <title>Liebesrausch (L’Estasi d’Amore)</title>. <series>Aurora. No. 272</series>. <pubPlace key="place_0731">Wien</pubPlace>, <publisher key="publ_2605">Mechetti</publisher>. 45 Xr.</bibl>
<bibl id="hofm_1840_06_0093_07"><composer key="compo_007196">Donizetti</composer>, <title>Le Renégat (Der Renegat)</title>. <series>2te Liedersamml. No. 19</series>. <pubPlace key="place_0438">Mainz</pubPlace>, <publisher key="publ_3563">Schott</publisher>. 54 Xr.</bibl>
<bibl id="hofm_1840_06_0093_08"><composer key="compo_010716">Gassner (F.S.)</composer> <title>In die Ferne. Lied v. Kletke f. Sopran oder Tenor (Siehst du am Abend die Wolken zieh’n)</title>. <pubPlace key="place_0339">Carlsruhe</pubPlace>, <publisher key="publ_1761">Holtzmann</publisher>. 36 Xr.</bibl>
<bibl id="hofm_1840_06_0093_09"><composer key="compo_010896">Gelen (Al.)</composer> <title>Volkshymnen zur Krönung I. I. M. M. d. Königs u. d. Königin v. Böhmen (Nàrodoi Hymny), Heil Ferdinand! – Gott erhöre unser Flehen, – Ich bin ein Böhm! (Die beiden ersten auch f. 4 Singst.)</title> <pubPlace key="place_0554">Prag</pubPlace> (<publisher key="publ_1729">Hoffmann</publisher>) geb. n. 1 Fl. 42 Xr.</bibl>
<bibl id="hofm_1840_06_0093_10">*<composer key="compo_011303">Giuliani (M.)</composer> <title>Ode di Anacreonte p. Soprano Op. <opus key="opus_0849">151 bis</opus> (Te delle Dee Regina)</title>. <pubPlace key="place_0437">Milano</pubPlace>, <publisher key="publ_3241">Ricordi</publisher>. 75 Ct.</bibl>
<bibl id="hofm_1840_06_0093_11"><composer key="compo_011609">Goldschmidt (Sigm.)</composer> <title>Der Pilger v. W. Scott, deutsch v. F. Freiligrath f. Bass oder Bariton. Op. <opus key="opus_1372">2</opus>. (Barmherzigkeit Macht auf das Thor.)</title> <pubPlace key="place_0554">Prag</pubPlace>, <publisher key="publ_1729">Hoffmann</publisher>. 54 Xr.</bibl>
<bibl id="hofm_1840_06_0093_12"><composer key="compo_014531">Hertzberg (Rud. v.)</composer> <title>6 Gesänge f. Alt oder Bariton. Op. <opus key="opus_4562">9</opus>. (Wenig ist was ich begehre, – Singet die Nachtigall im <sic>dunklen</sic> Wald, – Schneeglöckchen thut läuten, – Was wecken aus dem Schlummer, – Des Abendsterns ersehnter Schein, – Du aller Rosen Rose.)</title> <pubPlace key="place_0392">Leipzig</pubPlace>, <publisher key="publ_2039">Klemm</publisher>. 16 Gr.</bibl>
<bibl id="hofm_1840_06_0093_13">*<composer key="compo_015482">Hoven (J.)</composer> <title>Ständchen v. Körner Op. <opus key="opus_1731">24</opus>. (Alles wiegt die Nacht, – Tutto in volve nel sopor)</title>. <pubPlace key="place_0731">Wien</pubPlace>, <publisher key="publ_2605">Mechetti</publisher>. 30 Xr.</bibl>
<bibl id="hofm_1840_06_0093_14"><composer key="compo_016567">Julius (B.)</composer> <title>4 Lieder (Als der Frühling vergangen war, – Wenn die Morgensonne lächelt, – Was gehst du so spät, – Die Wolken ziehen fort)</title>. <pubPlace key="place_0339">Carlsruhe</pubPlace>, <publisher key="publ_1761">Holtzmann</publisher>. 36 Xr.</bibl>
<bibl id="hofm_1840_06_0093_15"><composer key="compo_017576">Kittl (Joh. Fr.)</composer> <title>Der Vogelsteller. Gedicht v. F.E. Scherer. Op. <opus key="opus_0392">12</opus> mit Vign. (Sass der Knabe emsig spähend)</title>. <pubPlace key="place_0392">Leipzig</pubPlace>, <publisher key="publ_1746">Hofmeister</publisher>. 8 Gr.</bibl>
<bibl id="hofm_1840_06_0093_16">– <title>3 Lieder v. Uhland u. Birnatzky. Op. <opus key="opus_0531">13</opus> (Die linden Lüfte sind erwacht, – Klagst du der Rose nach, – Was wecken aus dem Schlummer)</title>. Ebend. 8 Gr.</bibl>
<pb n="94"/>
<bibl id="hofm_1840_06_0094_01"><composer key="compo_018918">Krug (Friedr.)</composer> <title>Abschiedslied von K. Neumann. Op. <opus key="opus_3181">5</opus> (So ist sie endlich doch gekommen)</title>. <pubPlace key="place_0339">Carlsruhe</pubPlace>, <publisher key="publ_1761">Holtzmann</publisher>. 36 Xr.</bibl>
<bibl id="hofm_1840_06_0094_02"><composer key="compo_019507">Kücken (Fr.)</composer> <title>4 Lieder. Op. <opus key="opus_1999">28</opus> (Vöglein flieg fort, – Der Frühling schon sein Recht beginnt, – Wenn der West durch Blüthen weht, – Hinaus in die See)</title>. <pubPlace key="place_0044">Berlin</pubPlace>, <publisher key="publ_3471">Schlesinger</publisher>. 1 Thlr.</bibl>
<bibl id="hofm_1840_06_0094_03">– <title>Maurisches Ständchen f. eine tiefe Stimme (Ich will vor deiner Thüre stehen)</title>. <pubPlace key="place_0044">Berlin</pubPlace>, <publisher key="publ_0224">Bechtold u. H</publisher>. 8 Gr.</bibl>
<bibl id="hofm_1840_06_0094_04"><composer key="compo_022096">Mangold (C.A.)</composer> <title>Der wandernde Knabe f. Mezzo-Sopran (Alt oder Bariton). Op. <opus key="opus_1068">17</opus> (Wenn der Windersturm pfeifet)</title>. <pubPlace key="place_0128">Darmstadt</pubPlace>, <publisher key="publ_2962">Pabst</publisher>. 10 Gr. u.</bibl>
<bibl id="hofm_1840_06_0094_05"><composer key="compo_022294">Marschner (A.E.)</composer> <title>4 Lieder. Op. <opus key="opus_0392">12</opus> (Einsam wandle ich so gerne, – Nicht frage mehr was mich bewegt, – Es bebt das Herz, – Ich bin einmal etwas hinaus spaziert</title>. <pubPlace key="place_0392">Leipzig</pubPlace>, <publisher key="publ_4382">Whistling</publisher>. 10 Gr.</bibl>
<bibl id="hofm_1840_06_0094_06">*<composer key="compo_022421">Masini (F.)</composer> <title>Laisse-moi prier! (Lass mich beten). Romanze</title>. <series>Choix d’Airs No. 478</series>. <pubPlace key="place_0438">Mainz</pubPlace>, <publisher key="publ_3563">Schott</publisher>. 18 Xr.</bibl>
<bibl id="hofm_1840_06_0094_07"><composer key="compo_024153">Müller (Ad.)</composer> <title>Des Hammerknechts Liebe. Gedict v. Vogl, für Bass oder Alt. Op. <opus key="opus_2403">34</opus> (Die Nacht ist schwarz)</title>. <pubPlace key="place_0731">Wien</pubPlace>, <publisher key="publ_1506">Haslinger</publisher> 45 Xr.</bibl>
<bibl id="hofm_1840_06_0094_08"><composer key="compo_024215">Müller (Georg)</composer> <title>Gesänge und Lieder f. Sopran oder Tenor. Op. <opus key="opus_1165">18</opus>, 2tes Heft. <series>3te Samml. d. Sopran-Ges</series>. (Legt die Nacht mit ihrem weichen Thau, – Ich liebt’ ein treu, – Moosröslein blüht am Morgenstrahl, – Es blüht ein schönes Blümchen)</title>. <pubPlace key="place_0078">Braunschweig</pubPlace>, <publisher key="publ_2681">Meyer</publisher>. 16 Gr.</bibl>
<bibl id="hofm_1840_06_0094_09"><composer key="compo_024830">Niedermeyer (L.)</composer> <title>L’Automne. (Der Herbst) Méditation poëtique</title>. <series>2te Liedersamml. No. 20</series>. <pubPlace key="place_0438">Mainz</pubPlace>, <publisher key="publ_3563">Schott</publisher>. 45 Xr.</bibl>
<bibl id="hofm_1840_06_0094_10"><composer key="compo_027193">Puget (Mlle Loïsa)</composer> <title>La Retraite. Der Zapfenstreich</title>. <series>Choix de Romances No. 225</series>. <pubPlace key="place_0044">Berlin</pubPlace>, <publisher key="publ_3471">Schlesinger</publisher>. 4 Gr.</bibl>
<bibl id="hofm_1840_06_0094_11"><composer key="compo_027982">Reissiger (C.G.)</composer> <title>Deutsches Lied zur 4ten Säcular-Feier der Buchdruckerkunst</title> siehe: <xref type="external" from="hofm_1840_06_0091_07" to="DITTO" targOrder="U">Mehrstimmige Gesänge</xref>.</bibl>
<bibl id="hofm_1840_06_0094_12"><composer key="compo_029407">Röther (Wilh.)</composer> <title>4 Lieder von schäbischen Dichtern (Die linden Lüfte sind erwacht, – Wer bei diesen blauen Tagen, – Endlich rauscht des Stromes Welle, – Ein Alphorn hör’ ich schallen)</title>. <pubPlace key="place_0339">Carlsruhe</pubPlace>, <publisher key="publ_1761">Holtzmann</publisher>. 36 Xr.</bibl>
<bibl id="hofm_1840_06_0094_13"><composer key="compo_032713">Speier (Wilh.)</composer> <title>Der Trompeter. Gedicht v. Kopisch f. Bariton. Op. <opus key="opus_2187">31</opus> (Wenn dieser Siegesmarsch)</title>. <pubPlace key="place_0199">Frankfurt</pubPlace>, <publisher key="publ_0819">Dunst</publisher>. 36 Xr.</bibl>
<bibl id="hofm_1840_06_0094_14"><composer key="compo_034893">Truhn (F. Hier.)</composer> <title>Der Phönix mit Gesanges-Grüssen an Clara Wieck und Pauline Garcia, nach Poesieen v. <sic>Götheu</sic>. Heine. Op. <opus key="opus_2403">34</opus> (Es kommt ein Vogel geflogen, – Kennst du das Land? wo die Citronen blüh’n)</title>. <pubPlace key="place_0392">Leipzig</pubPlace>, <publisher key="publ_2039">Klemm</publisher>. 16 Gr.</bibl>
<bibl id="hofm_1840_06_0094_15"><composer key="compo_035576">Vogel (Ad.)</composer> <title>Der gefallene Engel (L’Ange déchu). Romanze f. Bass</title>. <sic><pubPlace key="place_0392">zig</pubPlace></sic>, <publisher key="publ_0437">Br. u. Härtel</publisher>. 4 Gr.</bibl>
<bibl id="hofm_1840_06_0094_16"><composer key="compo_036846">Weyse (C.E.F.)</composer> <title>Halvtredsindstyve gamle Kämpevise Melodier harmonisk bearbeidede (Funfzig alte Bardengesänge harmonisch bearbeitet)</title> m. Vign. <pubPlace key="place_0360">Copenhagen</pubPlace>, <publisher key="publ_2487">Lose u. Olsen</publisher>. 1 Thlr. 12 Gr.</bibl>
</div><div id="hofm_1840_06_0094_div24"><head><hofClass key="hofCl_0047">Gesänge mit Begleitung der Guitarre.</hofClass></head>
<bibl id="hofm_1840_06_0094_17"><composer key="compo_011303">Giuliani (M.)</composer> <title>Romance ; Près d’un Volkan, av. Acc. de Guit. Op. <opus key="opus_0840">151</opus></title>. <pubPlace key="place_0437">Milano</pubPlace>, <publisher key="publ_3241">Ricordi</publisher>. 75 Ct.</bibl>
</div><div id="hofm_1840_06_0094_div25"><head><hofClass key="hofCl_0077">Lehrbücher für den Gesang.</hofClass></head>
<bibl id="hofm_1840_06_0094_18"><composer key="compo_025698">Panseron (A.)</composer> <title>Neueste, vollständige, theoretisch-praktische Gesangschule (Méthode de Vocalisation). 5te Lief</title>. <pubPlace key="place_0371">Cöln</pubPlace>, <unclear><publisher key="publ_0864">Eck u. Co</publisher></unclear>. Subscr. Pr. 16 Gr. n.</bibl></div>
<pb n="95"/>
<div id="hofm_1840_06_0095_div26"><head><hofClass key="hofCl_0287">Theoretische Werke.</hofClass></head>
<bibl id="hofm_1840_06_0095_01"><author>Krieger</author>, <title>Versuch einer Theorie der Töne und ihrer Anwendung zur Erklärung der Modification der Harmonie der Musik</title>. gr. 8. <pubPlace key="place_0557">Pressburg</pubPlace>, <publisher key="publ_4404">Wigand</publisher>. geh. n. 8 Gr.</bibl>
<bibl id="hofm_1840_06_0095_02"><author>Schindelmeisser</author>, <title>Ein Wort über meine Musik-Unterrichts-Anstalt</title>. 8. <pubPlace key="place_0044">Berlin</pubPlace>, <publisher key="publ_4241">Voss’sche Buchhdlg</publisher>. geh. n. 8 Gr.</bibl>
<bibl id="hofm_1840_06_0095_03"><author>Schindler (Ant.)</author> <title>Biographie von Ludwig van Beethoven. (Mit Portrait u. 2 Facsimiles)</title>. 8. <pubPlace key="place_0477">Münster</pubPlace>, <publisher key="publ_0113">Aschendorff’sche Buchhdlg</publisher>. geb. 2 Thlr. 16 Gr. n.</bibl>
</div><div id="hofm_1840_06_0095_div27"><head><hofClass key="hofCl_0281">Portraits.</hofClass></head>
<bibl id="hofm_1840_06_0095_04"><title><subject>Burgmüller (Norbert)</subject> lithogr. von <artist>J. Becker</artist></title>. Fol. <pubPlace key="place_0392">Leipzig</pubPlace>, <publisher key="publ_1746">Hofmeister</publisher>. 12 Gr. n.</bibl>
<bibl id="hofm_1840_06_0095_05"><title><subject>Mozart (W.A.)</subject> nach dem Relief von <artist>Bosch</artist>, gestochen von Tha<unclear>e</unclear>ler</title>. Fol. <pubPlace key="place_0392">Leipzig</pubPlace>, <publisher key="publ_0437">Br. u. Härtel</publisher>. 18 Gr. (Chin. Pap. 1 Thlr.)</bibl>
</div></body></text></TEI.2>