<?xml version="1.0" encoding="utf-8"?>
<!DOCTYPE TEI.2
  SYSTEM "../../dtd/tei/cch_tei.dtd">
<TEI.2 id="hofm_1840_04">
<teiHeader type="text"><fileDesc><titleStmt><title>April 1840</title></titleStmt><publicationStmt><p/></publicationStmt><sourceDesc><p/></sourceDesc></fileDesc><profileDesc><langUsage><language id="ger">German</language><language id="fre">French</language><language id="ita">Italian</language></langUsage></profileDesc><revisionDesc><change><date>2008-09-11</date><respStmt><name>EP</name></respStmt><item>&lt;seriesInfo&gt; element renamed into &lt;series&gt;</item></change><change><date>2007-04-27</date><respStmt><name>RV</name></respStmt><item>Changed "biblGroup" elements in "listBibl"</item></change><change><date>2007-03-02</date><respStmt><name>EP</name></respStmt><item>Checked curly brackets</item></change><change><date>2007-02-26</date><respStmt><name>EP</name></respStmt><item>Encoded curly brackets</item></change><change><date>2006-12-19</date><respStmt><name>EP</name></respStmt><item>sic and unclear moved outside elements pubplaces, publisher, composer, hofclass, key, opus</item></change><change><date>2006-03-15</date><respStmt><name>Sarah</name></respStmt><item>Fixed Xrefs</item></change><change><date>2006-01-18</date><respStmt><name>Liz</name></respStmt><item>p. 59 Schumann in Comm (not Schuman in Commn)</item></change><change><date>2005-06-01</date><respStmt><name>Sarah</name></respStmt><item>Corrections following checking pages. Adjusted album tagging.</item></change><change><date>2005-02-08</date><respStmt><name>Sarah</name></respStmt><item>Fixed HofClass headings.</item></change><change><date>2005-01-24</date><respStmt><name>Sarah</name></respStmt><item>Adjusted spacing following comments from Liz.</item></change><change><date>2005-01-18</date><respStmt><name>Sarah</name></respStmt><item>Added file title, fixed album, xref, curly brackets and edition / format.</item></change><change><date>2004-10-18</date><respStmt><name>Sarah</name></respStmt><item>First encoding 18/10/2004</item></change></revisionDesc></teiHeader>
<text><body><head>April 1840.</head><pb n="50"/>
<div id="hofm_1840_04_0050_div01"><head><hofClass key="hofCl_0164">Musik für das Orchester.</hofClass></head>
<bibl id="hofm_1840_04_0050_01"><composer key="compo_000092">Adam (Ad.)</composer> <title>Le Brasseur de Preston. Airs arr. en Harmonie p. Louis en 3 Suites</title>. <pubPlace key="place_0438">Mainz</pubPlace>, <publisher key="publ_3563">Schott</publisher> à 7 Fl. 30 Xr.</bibl>
<bibl id="hofm_1840_04_0050_02">– <title>Ouverture de l’Opéra comique : La Reine d’un Jour, à grand Orchestre. (in <key>E</key>.)</title> Ebend. 5 Fl.</bibl>
<bibl id="hofm_1840_04_0050_03"><composer key="compo_001079">Auber (D.F.E.)</composer> <title>Ouverture de l’Opéra : Le Lac des Fées, à grand Orchestre (in <key>G</key>.)</title> <pubPlace key="place_0392">Leipzig</pubPlace>, <publisher key="publ_0437">Br. et Härtel</publisher>. 3 Thlr.</bibl>
<bibl id="hofm_1840_04_0050_04"><composer key="compo_007199">Donizetti (G.)</composer> <title>Ouverture de Roberto Devereux, à grand Orchestre (in <key>D</key>.)</title> Ebend. 2 Thlr. 12 Gr.</bibl>
<bibl id="hofm_1840_04_0050_05"><composer key="compo_008808">Fahrbach (Ph.)</composer> <title><series>Walzer f. Orchester. No. 3</series>, Pfaufedern. Walzer. Op. <opus key="opus_2670">39</opus></title>. <pubPlace key="place_0731">Wien</pubPlace>, <publisher key="publ_1506">Haslinger</publisher>. 2 Fl. 30 Xr.</bibl>
<bibl id="hofm_1840_04_0050_06"><title>Harmonie-Musik (achtstimmige) 1ste Samml. 1stes Heft, von <composer key="compo_027171">Pröhl (J.G.)</composer> nach Melodien aus Lestocq, von Auber</title>. <pubPlace key="place_0110">Chemnitz</pubPlace>, <publisher key="publ_1807">Häcker</publisher>. 12 Gr.</bibl>
<bibl id="hofm_1840_04_0050_07"><composer key="compo_020014">Lanner (Jos.)</composer> <title><series>Beliebte Walzer und Galoppen f. Orchester. No. 52</series>, Malapou- und Amazonen-Galoppe. Op. <opus key="opus_0783">148</opus></title>. <pubPlace key="place_0731">Wien</pubPlace>, <publisher key="publ_2605">Mechetti</publisher>. 2 Fl. 30 Xr.</bibl>
<wip id="hofm_1840_04_0050_08"><title>Militair-Musik zu 7 oder 14 Parthien</title>. <title>15te Lief. von <composer key="compo_002150">C.G. Belcke</composer></title>. <title>16te Lief. von <composer key="compo_033797">Fr. Störr</composer></title>. <pubPlace key="place_0110">Chemnitz</pubPlace>, <publisher key="publ_1807">Häcker</publisher> à 12 Gr.</wip>
<bibl id="hofm_1840_04_0050_09"><composer key="compo_023784">Moritz v. Nassau (Prinz)</composer> <title>Parade-Marsch f. Militair-Musik eing</title>. <pubPlace key="place_0438">Mainz</pubPlace>, <publisher key="publ_3563">Schott</publisher>. 1 Fl. 48 Xr.</bibl>
<bibl id="hofm_1840_04_0050_10"><composer key="compo_024337">Münzner (C.G.)</composer> <title>6 Piècen nach Melodien aus der Oper: Meerkönig und sein Liebchen, v. C. Böhmer, f. Harmonie-Musik. Op. <opus key="opus_3565">6</opus></title>. <pubPlace key="place_0110">Chemnitz</pubPlace>, <publisher key="publ_1807">Häcker</publisher>. 12 Gr.</bibl>
<bibl id="hofm_1840_04_0050_11"><title><series>Sammlung von Märschen und Fanfaren für Trompetenmusik, zum bestimmten Gebrauch der K. Preuss. Cavallerie. No. 23</series>, Danckelmann, Cavallerie-Marsch. <format>Partitur</format></title>. <pubPlace key="place_0044">Berlin</pubPlace>, <publisher key="publ_3471">Schlesinger</publisher>. 1 Thlr. 6 Gr.</bibl>
<bibl id="hofm_1840_04_0050_12"><title>Schottische (neue) f. kleines Orchester. 2tes Heft, von <composer key="compo_027171">J.G. Pröhl</composer></title>. <pubPlace key="place_0110">Chemnitz</pubPlace>, <publisher key="publ_1807">Häcker</publisher>. 10 Gr.</bibl>
<wip id="hofm_1840_04_0050_13"><title>Tänze (neue) f. kleines Orchester. 4te Samml</title>. <title>Heft. 1–5, von Berthold, R. Meyer, Hübner, Nollau u. Bachmann</title>. <pubPlace key="place_0110">Chemnitz</pubPlace>, <publisher key="publ_1807">Häcker</publisher> à 8 Gr.</wip>
</div><div id="hofm_1840_04_0050_div02"><head><hofClass key="hofCl_0245">Musik für die Violine.</hofClass></head>
<wip id="hofm_1840_04_0050_14"><composer key="compo_013697">Haydn (Jos.)</composer> <title>Collection de Quatuors p. 2 Violons, Alto et Vclle</title>. <title>Cah. 23, 3 Quatuors in <key lang="ger">Hm</key>., <key>Es</key>, <key>C</key></title>. <title>Cah. 24, 3 Quatuors in <key>B</key>, <key>G</key>, <key>D</key></title>. <title>Cah. 25, Les dernièrs sept Paroles du Sauveur, et le dernier Quatuor non-achevé, c’est à-dire le 83me. (in <key>B</key>.)</title> <pubPlace key="place_0392">Leipzig</pubPlace>, <publisher key="publ_3023">Peters</publisher>. à 2 Thlr.</wip>
<bibl id="hofm_1840_04_0050_15"><composer key="compo_020014">Lanner (Jos.)</composer> <title>Sammlung der neuesten und beliebtesten Galoppen f. 3 Violinen und Bass (die 3tes Viol. ad lib.) 8tes Heft, Malapou- und Amazonen-Galopp. Op. <opus key="opus_0783">148</opus></title>. <pubPlace key="place_0731">Wien</pubPlace>, <publisher key="publ_2605">Mechetti</publisher>. 45 Xr.</bibl>
<bibl id="hofm_1840_04_0050_16"><composer key="compo_021099">Lipinski (Ch.)</composer> <title>Réminiscences des Puritains. Grande Fantaisie sur des Motifs de l’Opéra : I Puritani, de V. Bellini, p. Violon av. Acc. d’Orch. Oe. <opus key="opus_1999">28</opus>, in <key>D</key></title>. <pubPlace key="place_0392">Leipzig</pubPlace>, <publisher key="publ_0437">Br. et Härtel</publisher>. 3 Thlr.</bibl>
<bibl id="hofm_1840_04_0050_17">– Idem av. Acc. de Pfte. Ebend. 1 Thlr. 4 Gr.</bibl>
<pb n="51"/>
<bibl id="hofm_1840_04_0051_01"><composer key="compo_024179">Müller (C.G.)</composer> <title>Leichte Uebungsstücke in allen Dur- und Moll-Tonarten f. Violine mit Begl. einer zweiten Violine. Op. <opus key="opus_0806">15</opus>. 2tes Heft in der zweiten Lage</title>. <pubPlace key="place_0392">Leipzig</pubPlace>, <publisher key="publ_1746">Hofmeister</publisher>. 1 Thlr.</bibl>
<bibl id="hofm_1840_04_0051_02"><composer key="compo_025691">Panofka (H.)</composer> <title>Capriccio sur un Motif inédit de Mercadante, p. Violon av. Acc. de Pfte. Oe. <opus key="opus_1802">25</opus>, in <key>C</key></title>. <pubPlace key="place_0392">Leipzig</pubPlace>, <publisher key="publ_0437">Br. et Härtel</publisher>. 16 Gr.</bibl>
<bibl id="hofm_1840_04_0051_03"><composer key="compo_027154">Prume (Franç.)</composer> <title>6 grandes Études p. Violon. Oe. <opus key="opus_1372">2</opus>. (Le Staccato. Duetto. La Romantique. Sonata. La Turque. Le petit Savoyard.)</title> <pubPlace key="place_0044">Berlin</pubPlace>, <publisher key="publ_3471">Schlesinger</publisher>. 1 Thlr. 6 Gr.</bibl>
<bibl id="hofm_1840_04_0051_04"><composer key="compo_033569">Strauss (Joh.)</composer> <title><series>Walzer und Cotillons f. 2 Violinen (3te Viol. ad lib.) u. Bass. No. 71</series>, Wiener Gemüths-Walzer. Op. <opus key="opus_0335">116</opus></title>. <pubPlace key="place_0731">Wien</pubPlace>, <publisher key="publ_1506">Haslinger</publisher>. 1 Fl.</bibl>
</div><div id="hofm_1840_04_0051_div03"><head><hofClass key="hofCl_0193">Musik für die Bratsche.</hofClass></head>
<bibl id="hofm_1840_04_0051_05"><composer key="compo_022848">Mejo (W.)</composer> <title>Concertino f. Alto mit Begl. v. 2 Violinen, Alt und Vclle (in <key>C</key>.)</title> <pubPlace key="place_0110">Chemnitz</pubPlace>, <publisher key="publ_1807">Häcker</publisher>. 16 Gr.</bibl>
</div><div id="hofm_1840_04_0051_div04"><head><hofClass key="hofCl_0184">Musik für das Violoncelle.</hofClass></head>
<bibl id="hofm_1840_04_0051_06"><composer key="compo_009719">Franchomme (Aug.)</composer> <title>Variations p. Violoncelle av. Acc. de 2 Violons, Alto et Basse. Oe. <opus key="opus_2737">4</opus>, in <key>G</key></title>. <pubPlace key="place_0392">Leipzig</pubPlace>, <publisher key="publ_1746">Hofmeister</publisher>. 14 Gr.</bibl>
<bibl id="hofm_1840_04_0051_07">– <title>3 Nocturnes p. Violoncelle av. Acc. d’un second Violoncelle. Op. <opus key="opus_0806">15</opus>. Liv. 2, in <key>Cm</key>, <key>E</key>, <key>As</key></title>. Ebend. 12 Gr.</bibl>
<bibl id="hofm_1840_04_0051_08"><composer key="compo_019130">Kummer (F.A.)</composer> <title>La Mélancolie. Pièce caractéristique p. Violoncelle av. Acc. d’Orchestre. Oe. <opus key="opus_3738">63</opus>, in <key>G</key></title>. <pubPlace key="place_0078">Braunschweig</pubPlace>, <publisher key="publ_2681">Meyer</publisher>. 1 Thlr. 16 Gr.</bibl>
<bibl id="hofm_1840_04_0051_09">– Idem av. Acc. de Quatuor. Ebend. 1 Thlr.</bibl>
<bibl id="hofm_1840_04_0051_10">– Idem av. Acc. de Pfte. Ebend. 20 Gr.</bibl>
<bibl id="hofm_1840_04_0051_11">– <title>Adagio et Thème varié p. Violoncelle av. Acc. de Quatuor. Oe. <opus key="opus_3798">65</opus>, in <key>A</key></title>. Ebend. 20 Gr.</bibl>
<bibl id="hofm_1840_04_0051_12">– Idem av. Acc. de Pfte. Ebend. 12 Gr.</bibl>
<bibl id="hofm_1840_04_0051_13"><composer key="compo_020305">Lee (S.)</composer> <title>Divertissement sur les Motifs du Lac des Fées, p. Violoncelle av. Acc. de Pfte. Oe. <opus key="opus_0684">14</opus>, in <key>A</key></title>. <pubPlace key="place_0392">Leipzig</pubPlace>, <publisher key="publ_0437">Br. et Härtel</publisher>. 18 Gr.</bibl>
<wip id="hofm_1840_04_0051_14"><composer key="compo_028763">Romberg (Bern.)</composer> <title>Amusements des Amateurs en Forme de Nocturnes p. Violoncelle av. Acc. de Pfte</title>. <title>Liv. 1, in <key>Es</key></title>. <title>Liv. 2, in <key>D</key></title>. <pubPlace key="place_0069">Bonn</pubPlace>, <publisher key="publ_3791">Simrock</publisher> à 2 Fr.</wip>
<bibl id="hofm_1840_04_0051_15">– <title>La Cachucha. Danse favorite éspagnole av. Intr. p. Violoncelle av. Acc. de Pfte (in <key>G</key>.)</title> Ebend. 2 Fr. 50 Ct.</bibl>
</div><div id="hofm_1840_04_0051_div05"><head><hofClass key="hofCl_0200">Musik für die Flöte.</hofClass></head>
<bibl id="hofm_1840_04_0051_16"><composer key="compo_019512">Küffner (Jos.)</composer> <title>Fantaisie et Variations sur des Motifs d’Auber, Bellini et Rossini, p. Flûte av. Acc. de Pfte. Oe. <opus key="opus_2085">293</opus>, in <key>D</key></title>. <pubPlace key="place_0438">Mainz</pubPlace>, <publisher key="publ_3563">Schott</publisher>. 2 Fl.</bibl>
<bibl id="hofm_1840_04_0051_17"><composer key="compo_020014">Lanner (Jos.)</composer> <title><series>Beliebte Walzer und Galoppen f. Flöte. No. 58</series>, Malapou- und Amazonen-Galopp. Op. <opus key="opus_0783">148</opus></title>. <pubPlace key="place_0731">Wien</pubPlace>, <publisher key="publ_2605">Mechetti</publisher>. 15 Xr.</bibl>
<bibl id="hofm_1840_04_0051_18"><composer key="compo_032658">Soussmann (H.)</composer> <title>Intr. et Variations brillantes sur un Thème de l’Opéra : La Muette de Portici, p. Flûte av. Acc. de l’Orchestre. Oe. <opus key="opus_2268">32</opus>, in <key>C</key></title>. <pubPlace key="place_0276">Hamburg</pubPlace>, <publisher key="publ_3605">Schuberth et Co</publisher>. 1 Thlr. 8 Gr.</bibl>
<bibl id="hofm_1840_04_0051_19">– Idem av. Acc. de Quatuor. Ebend. 20 Gr.</bibl>
<bibl id="hofm_1840_04_0051_20">– Idem av. Acc. de Pfte. Ebend. 20 Gr.</bibl>
<bibl id="hofm_1840_04_0051_21"><composer key="compo_033569">Strauss (Joh.)</composer> <title><series>Lieblings-Walzer f. Flöte. No. 64</series>, Wiener Gemüths-Walzer. Op. <opus key="opus_0335">116</opus></title>. <pubPlace key="place_0731">Wien</pubPlace>, <publisher key="publ_1506">Haslinger</publisher>. 20 Xr.</bibl>
<pb n="52"/>
<bibl id="hofm_1840_04_0052_01"><composer key="compo_035948">Walckiers (E.)</composer> <title>Fantaisie sur des Motifs du Brasseur de Preston, d’A. Adam, p. Flûte av. Acc. de 2 Violons, Alto et Basse. Oe. <opus key="opus_4096">74</opus>, in <key>A</key></title>. <pubPlace key="place_0438">Mainz</pubPlace>, <publisher key="publ_3563">Schott</publisher>. 1 Fl. 48 Xr.</bibl>
<bibl id="hofm_1840_04_0052_02">– Idem av. Acc. de Pfte. Ebend. 2 Fl.</bibl>
</div><div id="hofm_1840_04_0052_div06"><head><hofClass key="hofCl_0131">Musik für verschiedene Blasinstrumente.</hofClass></head>
<bibl id="hofm_1840_04_0052_03"><composer key="compo_024684">Neukirchner (W.W.)</composer> <title>Theoretisch-practische Anleitung zum Fagottspiel, oder allgemeine Fagottschule, nach dem heutigen Standpunkte der Kunst und deren Zeitbedürfnissen. Nebst einem einleitenden Vorworte v. Hofr. Dr. G. Schilling</title>. (Dem Conservatorium der Musik in Prag gewidmet.) <pubPlace key="place_0392">Leipzig</pubPlace>, <publisher key="publ_1746">Hofmeister</publisher> geh. 2 Thlr. 12 Gr.</bibl>
<bibl id="hofm_1840_04_0052_04"><composer key="compo_027171">Pröhl (J.G.)</composer> <title>Variations sur <unclear>d</unclear>e Thème : An Alexis send’ ich dich, p. Cor av. Acc. de 2 Viol., Alto, Basse, Flûte, Hautb., Clarinette, Basson et 2 Cors. Oe. <opus key="opus_0001">1</opus></title>. <pubPlace key="place_0110">Chemnitz</pubPlace>, <publisher key="publ_1807">Häcker</publisher>. 18 Gr.</bibl>
<bibl id="hofm_1840_04_0052_05"><composer key="compo_027982">Reissiger (C.G.)</composer> <title>Fantaisie p. Clarinette av. Acc. de l’Orchestre. Oe. <opus key="opus_0768">146</opus>, in <key>Fm</key></title>. (Composé pour Mr. Kotte.) <pubPlace key="place_0392">Leipzig</pubPlace>, <publisher key="publ_1746">Hofmeister</publisher>. 2 Thlr.</bibl>
<bibl id="hofm_1840_04_0052_06">– Idem av. Acc. de Quatuor. Ebend. 20 Gr.</bibl>
<bibl id="hofm_1840_04_0052_07">– Idem av. Acc. de Pfte. Ebend. 18 Gr.</bibl>
<bibl id="hofm_1840_04_0052_08"><composer key="compo_033569">Strauss (Joh.)</composer> <title><series>Lieblings-Walzer f. Csakan. No. 64</series>, Wiener Gemüths-Walzer. Op. <opus key="opus_0335">116</opus></title>. <pubPlace key="place_0731">Wien</pubPlace>, <publisher key="publ_1506">Haslinger</publisher>. 20 Xr.</bibl>
</div><div id="hofm_1840_04_0052_div07"><head><hofClass key="hofCl_0205">Musik für die Guitarre.</hofClass></head>
<bibl id="hofm_1840_04_0052_09"><composer key="compo_020014">Lanner (Jos.)</composer> <title><series>Beliebte Walzer und Galoppen f. Guitarre. No. 44</series>, Malapou- und Amazonen-Galopp. Op. <opus key="opus_0783">148</opus></title>. <pubPlace key="place_0731">Wien</pubPlace>, <publisher key="publ_2605">Mechetti</publisher>. 30 Xr.</bibl>
<wip id="hofm_1840_04_0052_10"><composer key="compo_024689">Neuland (W.)</composer> <title>8 Duos sur des Motifs favoris et choisis p. Guitarre et Pfte</title>. <title>No. 1, Non più mesta</title>. 2 Fr. <title>No. 2, Air tyrolien</title>. 2 Fr. 50 Ct. <title>No. 3, Air national allemand</title>. 1 Fr. 50 Ct. <title>No. 4, Sicilienne de Robert le Diable, de Meyerbeer (O Fortune)</title>. 2 Fr. <title>No. 5, Air de Robert le Diable, de Meyerbeer (Jadis regnait)</title>. 2 Fr. 25 Ct. <title>No. 6, Valse du Comte de Gallenberg</title>. 2 Fr. 25 Ct. <title>No. 7, Air favori de Bellini (L’amo, ah l’amo)</title> 2 Fr. 50 Ct. <title>No. 8, Buona Notte, Amato bene</title>. 2 Fr. 25 Ct. <pubPlace key="place_0069">Bonn</pubPlace>, <publisher key="publ_3791">Simrock</publisher>.</wip>
<bibl id="hofm_1840_04_0052_11"><composer key="compo_033569">Strauss (Joh.)</composer> <title><series>Lieblings-Walzer f. Guitarre. No. 45</series>, Wiener Gemüths-Walzer. Op. <opus key="opus_0335">116</opus></title>. <pubPlace key="place_0731">Wien</pubPlace>, <publisher key="publ_1506">Haslinger</publisher> 30 Xr.</bibl>
</div><div id="hofm_1840_04_0052_div08"><head><hofClass key="hofCl_0167">Musik für das Pianoforte mit Begleitung.</hofClass></head>
<wip id="hofm_1840_04_0052_12"><composer key="compo_000655">André (Aug.)</composer> <title>6 Fantaisies sur des Thèmes favoris p. Pfte et Violon (ou Flûte, ou Clarinette)</title>. <title>Liv. 1, Norma, de Bellini</title>. <title>Liv. 2, Postillon, d’Adam</title>. <title>Liv. 3, Somnambule, de Bellini</title>. <title>Liv. 4, Guillaume Tell, de Rossini</title>. <title>Liv. 5, Straniera, de Bellini</title>. <title>Liv. 6, Brasseur de Preston, d’Adam</title>. <pubPlace key="place_0519">Offenbach</pubPlace>, <publisher key="publ_0065">André</publisher> à 54 Xr. <lb/>(NB. Liv. 1–3 av. V. ou Flûte. Liv. 4–6 av. V. ou Clarinette.)</wip>
<bibl id="hofm_1840_04_0052_13"><composer key="compo_002077">Beethoven (L. v.)</composer> <title>3 Trios p. Pfte, Violine u. Vclle. Op. <opus key="opus_0001">1</opus>. No. 1, in <key>Es</key>. No. 2, in <key>G</key>. No. 3, in <key>Cm</key>. <edition>Neue Ausg</edition></title>. <pubPlace key="place_0731">Wien</pubPlace>, <publisher key="publ_1506">Haslinger</publisher> à 2 Fl.</bibl>
<bibl id="hofm_1840_04_0052_14">– <title>4tes Trio f. Pfte, Violine (od. Clarinette) u. Vclle. Op. <opus key="opus_0234">11</opus>, in <key>B</key>. <edition>Neue Ausg</edition></title>. Ebend. 1 Fl. 30 Xr.</bibl>
<pb n="53"/>
<bibl id="hofm_1840_04_0053_01"><composer key="compo_002077">Beethoven (L. v.)</composer> <title>Sonate p. Pfte av. Acc. de Flûte. Oe. <opus key="opus_1068">17</opus>, in <key>F</key></title>. <pubPlace key="place_0069">Bonn</pubPlace>, <publisher key="publ_3791">Simrock</publisher>. 3 Fr.</bibl>
<bibl id="hofm_1840_04_0053_02"><composer key="compo_002312">Benedict (J.) </composer>et <composer key="compo_004899">C. de Beriot</composer>, <title>Fantaisie concertante sur la Norma, de Bellini, p. Pfte et Violon. <series>17e Livr. de Duos</series>, in <key>E</key>. (De Beriot, Oe. <opus key="opus_1999">28</opus>.)</title> <pubPlace key="place_0438">Mainz</pubPlace>, <publisher key="publ_3563">Schott</publisher>. 2 Fl.</bibl>
<bibl id="hofm_1840_04_0053_03"><composer key="compo_004899">Beriot (Ch. de)</composer> <title>4 Fantaisies brillantes et concertantes p. Pfte et Violon. No. 1, Moïse, de Rossini</title>. <pubPlace key="place_0371">Cöln</pubPlace>, <publisher key="publ_0864">Eck et Co</publisher>. 16 Gr.</bibl>
<bibl id="hofm_1840_04_0053_04"><composer key="compo_005246">Canthal (Aug. M.)</composer> <title>3 Amusements sur des Motifs de l’Opéra : La Sonnambula, de Bellini, p. Flûte et Pfte. Oe. <opus key="opus_3825">66</opus></title>. <pubPlace key="place_0276">Hamburg</pubPlace>, <publisher key="publ_0540">Böhme</publisher>. 20 Gr.</bibl>
<bibl id="hofm_1840_04_0053_05"><composer key="compo_009152">Fesch (Alex.)</composer> <title>Grand Sextuor p. Pfte, 2 Violons, Alto, Vclle et Basse. Oe. <opus key="opus_4300">8</opus>, in <key>B</key></title>. <pubPlace key="place_0392">Leipzig</pubPlace>, <publisher key="publ_1746">Hofmeister</publisher>. 2 Thlr. 8 Gr.</bibl>
<bibl id="hofm_1840_04_0053_06"><composer key="compo_013412">Hartmann (Fr.)</composer> <title>Trois Rondeaux d’après des Motifs favoris de Beethoven, Spontini et Cherubini, p. Pfte et Violon. Oe. <opus key="opus_2764">40</opus>. No. 1, in <key>F</key>. No. 2, in <key>D</key>. No. 3, in <key>Es</key></title>. (<series>4me Livr. des Rondeaux p. Pfte et Viol</series>.) <pubPlace key="place_0078">Braunschweig</pubPlace>, <publisher key="publ_2681">Meyer</publisher> à 12 Gr.</bibl>
<bibl id="hofm_1840_04_0053_07"><composer key="compo_014252">Henselt (Ad.)</composer> <title>Variations de Concert sur l’Air favori : Quand je quittai la Normandie, de l’Opéra : Robert le Diable, de Meyerbeer, p. Pfte av. Acc. d’Orchestre. Oe. <opus key="opus_0234">11</opus>, in <key>B</key></title>. <pubPlace key="place_0392">Leipzig</pubPlace>, <publisher key="publ_0437">Br. et Härtel</publisher>. 3 Thlr. 12 Gr.</bibl>
<bibl id="hofm_1840_04_0053_08"><composer key="compo_019130">Kummer (F.A.)</composer> <title>2 Morceaux sur des Motifs de Bellini et Donizetti, p. Pfte et Violoncelle. Oe. <opus key="opus_3702">62. No. 1</opus>, Intr. et Variations sur un Thème de Bellini (in <key>A</key>.)</title> <pubPlace key="place_0280">Hannover</pubPlace>, <publisher key="publ_2808">Nagel</publisher>. 10 Gr.</bibl>
<bibl id="hofm_1840_04_0053_09">– <title>Intr., Rondeau et Divertissement sur des Motifs de l’Opéra : Lucrezia Borgia, de Donizetti, p. Pfte et Violoncelle. Oe. <opus key="opus_3767">64</opus></title>. <pubPlace key="place_0078">Braunschweig</pubPlace>, <publisher key="publ_2681">Meyer</publisher>. 18 Gr.</bibl>
<bibl id="hofm_1840_04_0053_10">– <title>Pièce sérieuse sur des Mélodies de Mozart p. les Amateurs de Violoncelle et Pfte. Oe. <opus key="opus_3825">66</opus>, in <key>D</key></title>. <pubPlace key="place_0392">Leipzig</pubPlace>, <publisher key="publ_0437">Br. et Härtel</publisher>. 20 Gr.</bibl>
<bibl id="hofm_1840_04_0053_11"><composer key="compo_020014">Lanner (Jos.)</composer> <title><series>Sammlung der neuesten und beliebtesten Galoppen f. Violine mit Begl. des Pfte</series>. 8tes Heft, Malapou- und Amazonen-Galopp. Op. <opus key="opus_0783">148</opus></title>. <pubPlace key="place_0731">Wien</pubPlace>, <publisher key="publ_2605">Mechetti</publisher>. 45 Xr.</bibl>
<bibl id="hofm_1840_04_0053_12"><composer key="compo_021359">Louis (N.)</composer> <title>10e Sérénade sur des Motifs de l’Opéra : Lucia de Lammermoor, de Donizetti, p. Pfte et Violon. Oe. <opus key="opus_4241">79</opus></title>. <pubPlace key="place_0438">Mainz</pubPlace>, <publisher key="publ_3563">Schott</publisher>. 1 Fl. 48 Xr.</bibl>
<bibl id="hofm_1840_04_0053_13"><composer key="compo_022904">Mendelssohn-Bartholdy (F.)</composer> <title>Grand Trio p. Pfte, Violon et Vclle. Oe. <opus key="opus_3140">49</opus>, in <key>Dm</key></title>. <pubPlace key="place_0392">Leipzig</pubPlace>, <publisher key="publ_0437">Br. et Härtel</publisher>. 3 Thlr.</bibl>
<bibl id="hofm_1840_04_0053_14"><composer key="compo_033569">Strauss (Joh.)</composer> <title><series>Walzer und Cotillons f. Violine und Pfte. No. 72</series>, Wiener Gemüths-Walzer. Op. <opus key="opus_0335">116</opus></title>. <pubPlace key="place_0731">Wien</pubPlace>, <publisher key="publ_1506">Haslinger</publisher>. 45 Xr.</bibl>
<bibl id="hofm_1840_04_0053_15"><composer key="compo_034980">Tulou</composer> et <composer key="compo_030843">Schoberlechner</composer>, <title>Duo brillante sur les Motifs de l’Opéra : Il Giuramento, p. Flûte et Pfte</title>. <pubPlace key="place_0069">Bonn</pubPlace>, <publisher key="publ_3791">Simrock</publisher>. 3 Fr.</bibl>
</div><div id="hofm_1840_04_0053_div09"><head><hofClass key="hofCl_0171">Musik für das Pianoforte zu 4 Händen.</hofClass></head>
<wip id="hofm_1840_04_0053_16"><composer key="compo_002709">Bertini (H.)</composer> <title>25 Studien f. Pfte zu 4 Händen. (Etudes musicales.) Op. <opus key="opus_4704">97</opus></title>. <title>Heft 1, 2. <edition>Ausg. mit vermehrtem Fingersatz</edition></title>. <pubPlace key="place_0731">Wien</pubPlace>, <publisher key="publ_1506">Haslinger</publisher> à 1 Fl. 30 Xr.</wip>
<bibl id="hofm_1840_04_0053_17"><composer key="compo_004712">Burgmüller (Fréd.)</composer> <title>Souvenir de Schönbrunn. Grande Valse brillante p. Pfte à 4 Mains. Oe. <opus key="opus_2344">32 b</opus>, in <key>C</key></title>. <pubPlace key="place_0392">Leipzig</pubPlace>, <publisher key="publ_0437">Br. et Härtel</publisher>. 16 Gr.</bibl>
<bibl id="hofm_1840_04_0053_18"><composer key="compo_006111">Cramer (J.B.)</composer> <title>Souvenir de Naples. Tarantelle p. Pfte à 4 Mains. Oe. <opus key="opus_4580">90</opus>, in <key>Am</key></title>. <pubPlace key="place_0438">Mainz</pubPlace>, <publisher key="publ_3563">Schott</publisher>. 1 Fl.</bibl>
<bibl id="hofm_1840_04_0053_19"><composer key="compo_007599">Duvernoy (J.B.)</composer> <title>Deux Mélodies italiennes p. Pfte à 4 Mains. Oe. <opus key="opus_4722">98</opus>. No. 1, Cavatine de Bellini, variée (in <key>F</key>.) No. 2, Rondeau sur un Thème de Rossini (in <key>C</key>.)</title> <pubPlace key="place_0392">Leipzig</pubPlace>, <publisher key="publ_0437">Br. et Härtel</publisher> à 10 Gr.</bibl>
<pb n="54"/>
<bibl id="hofm_1840_04_0054_01"><title><series>Flore théâtrale p. Pfte à 4 Mains. No. 4–6</series></title>. siehe <xref type="external" from="hofm_1840_04_0054_02" to="DITTO" targOrder="U">Haslinger</xref>.</bibl>
<bibl id="hofm_1840_04_0054_02"><composer key="compo_013474">Haslinger (C.)</composer> <title>Fantaisie ou Potpourri sur des Thèmes favoris de l’Opéra : Norma de Bellini, p. Pfte à 4 Mains. Oe. <opus key="opus_1601">22. No. 4–6</opus></title>. (<series>Flore théâtrale No. 4–6</series>.) <pubPlace key="place_0731">Wien</pubPlace>, <publisher key="publ_1506">Haslinger</publisher> à 1 Fl.</bibl>
<bibl id="hofm_1840_04_0054_03"><composer key="compo_013697">Haydn (Jos.)</composer> <title><series>Sinfonies, arr. p. Pfte à 4 Mains p. Fr. Mockwitz. No. 5</series>, in <key>Es</key></title>. <pubPlace key="place_0044">Berlin</pubPlace>, <publisher key="publ_3247">Riefenstahl</publisher>. 1 Thlr. 4 Gr.</bibl>
<wip id="hofm_1840_04_0054_04"><composer key="compo_019654">Labitzky (Jos.)</composer> <title>Tänze und Potpourri f. Pfte zu 4 Händen</title>. <title>No. 11, Narcissen-Polka. Op. <opus key="opus_3416">56</opus></title>. 30 Xr. <title>No. 12, Daguerreotyp-Galopp. Op. <opus key="opus_3454">57</opus></title>. 30 Xr. <title>No. 13, Eugenien-Galopp. Op. <opus key="opus_3490">58</opus></title>. 30 Xr. <pubPlace key="place_0554">Prag</pubPlace>, <publisher key="publ_1729">Hoffmann</publisher>.</wip>
<bibl id="hofm_1840_04_0054_05"><composer key="compo_020014">Lanner (Jos.)</composer> <title><series>Sammlung der neuesten und beliebtesten Galoppen f. Pfte zu 4 Händen. No. 8</series>, Malapou- und Amazonen-Galoppe. Op. <opus key="opus_0783">148</opus></title>. <pubPlace key="place_0731">Wien</pubPlace>, <publisher key="publ_2605">Mechetti</publisher>. 45 Xr.</bibl>
<bibl id="hofm_1840_04_0054_06"><composer key="compo_021359">Louis (N.)</composer> <title>1er Duo expressif p. Pfte à 4 Mains. Oe. <opus key="opus_2131">30</opus>, in <key>A</key></title>. <pubPlace key="place_0069">Bonn</pubPlace>, <publisher key="publ_3791">Simrock</publisher>. 3 Fr. 50 Ct.</bibl>
<bibl id="hofm_1840_04_0054_07">– <title>2e Duo expressif p. Pfte à 4 Mains. Oe. <opus key="opus_2764">40</opus>, in <key>Em</key></title>. Ebend. 3 Fr. 50 Ct.</bibl>
<bibl id="hofm_1840_04_0054_08">– <title>3 Fantaisies brillantes et progressives p. Pfte à 4 Mains. Oe. <opus key="opus_3416">56</opus>. No. 1, Le Bal (in <key>G</key>.) No. 2, La Sérénade (in <key>A</key>.) No. 3, Les Souvenirs (in <key>Gm</key>.)</title> Ebend. à 2 Fr.</bibl>
<bibl id="hofm_1840_04_0054_09">– <title>Variations brillantes sur un Thème original p. Pfte à 4 Mains. Oe. <opus key="opus_3586">60</opus>, in <key>D</key></title>. Ebend. 3 Fr.</bibl>
<bibl id="hofm_1840_04_0054_10"><composer key="compo_027982">Reissiger (C.G.)</composer> <title>Grand Duo p. Pfte a 4 Mains, arr. d’après le 3ième Trio p. Pfte p. G.M. Schmidt. Oe. <opus key="opus_2764">40</opus>, in <key>C</key></title>. <pubPlace key="place_0392">Leipzig</pubPlace>, <publisher key="publ_1746">Hofmeister</publisher>. 1 Thlr. 12 Gr.</bibl>
<bibl id="hofm_1840_04_0054_11"><composer key="compo_028854">Rosellen (H.)</composer> <title>Grande Fantaisie et Variations concertantes sur le Choeur fav. de l’Opéra : Norma, de Bellini. p. Pfte à 4 Mains. Oe. <opus key="opus_1482">21</opus>, in <key>F</key></title>. <pubPlace key="place_0069">Bonn</pubPlace>, <publisher key="publ_3791">Simrock</publisher>. 6 Fr.</bibl>
<bibl id="hofm_1840_04_0054_12"><composer key="compo_031122">Schubert (Fr.)</composer> <title>Sinfonie f. Pfte zu 4 Händen arrangirt (in <key>C</key>.)</title> <pubPlace key="place_0392">Leipzig</pubPlace>, <publisher key="publ_0437">Br. u Härtel</publisher> geh. 3 Thlr. 8 Gr.</bibl>
<bibl id="hofm_1840_04_0054_13"><composer key="compo_033569">Strauss (Joh.)</composer> <title>Wiener Gemüths-Walzer f. Pfte zu 4 Händen. Op. <opus key="opus_0358">118</opus></title>. <pubPlace key="place_0731">Wien</pubPlace>, <publisher key="publ_1506">Haslinger</publisher> 1 Fl. 15 Xr.</bibl>
<bibl id="hofm_1840_04_0054_14">– <title><series>Soirées. Sammlung beliebter Musikstücke f. Pfte zu 4 Händen</series>. 5tes Heft. Marsch a. d. Sinfonie: Weihe der Töne, v. L. Spohr. Zapateado; spanischer Nationaltanz. Die Berggeister, Walzer v. J. Strauss. Finale einer französischen Quadrille</title>. Ebend. 1 Fl. 15 Xr.</bibl>
<bibl id="hofm_1840_04_0054_15"><composer key="compo_034322">Thalberg (S.)</composer> <title>Divertissement sur un Thème de l’Opéra de Jul. Benedict : The Gipsy’s Warning, arr. p. Pfte à 4 Mains. Oe. <opus key="opus_2403">34</opus></title>. <pubPlace key="place_0438">Mainz</pubPlace>, <publisher key="publ_3563">Schott</publisher>. 1 Fl. 30 Xr.</bibl>
</div><div id="hofm_1840_04_0054_div10"><head><hofClass key="hofCl_0166">Musik für das Pianoforte allein.</hofClass></head>
<bibl id="hofm_1840_04_0054_16"><composer key="compo_000062">Abt (Fr.)</composer> <title>Potpourri nach Motiven der Oper: Le Brasseur de Preston, von Adam, f. Pfte</title>. <pubPlace key="place_0392">Leipzig</pubPlace>, <publisher key="publ_3599">Schubert</publisher>. 16 Gr.</bibl>
<bibl id="hofm_1840_04_0054_17">– <title>Potpourri nach Motiven der Oper: Der Bäbu, von H. Marschner, f. Pfte</title>. Ebend. 16 Gr.</bibl>
<bibl id="hofm_1840_04_0054_18">– <title>Potpourri nach Motiven der Oper: Le Perruquier de la Régence, von A. Thomas</title>. Ebend. 16 Gr.</bibl>
<bibl id="hofm_1840_04_0054_19"><composer key="compo_002077">Beethoven (L. v.)</composer> <title>Grande Sonate p. Pfte. Oe. <opus key="opus_1881">26</opus>, in <key>As</key></title>. <pubPlace key="place_0371">Cöln</pubPlace>, <publisher key="publ_0864">Eck et Co</publisher>. 16 Gr.</bibl>
<bibl id="hofm_1840_04_0054_20">– <title>Adelaide. Chanson célèbre traduit p. Pfte par Behrens</title>. <pubPlace key="place_0078">Braunschweig</pubPlace>, <publisher key="publ_2681">Meyer</publisher>. 10 Gr.</bibl>
<wip id="hofm_1840_04_0054_21"><composer key="compo_004705">Burgmüller (Fr.)</composer> <title>Les Plaisiers de jeune ’Age. Nouvelles Récréations sur des Thèmes favoris p. Pfte. Oe. <opus key="opus_0531">13</opus></title>. <title>Liv. 1</title>, 12 Gr. <title>Liv. 2</title>, 14 Gr. <pubPlace key="place_0276">Hamburg</pubPlace>, <publisher key="publ_0540">Böhme</publisher>.</wip>
<pb n="55"/>
<bibl id="hofm_1840_04_0055_0101"><composer key="compo_004705">Burgmüller (Fr.)</composer> <title>Douze Leçons et trois Préludes très faciles et agréables p. Pfte</title>. <pubPlace key="place_0276">Hamburg</pubPlace>, <publisher key="publ_0540">Böhme</publisher> 8 Gr.</bibl>
<bibl id="hofm_1840_04_0055_0202"><composer key="compo_006106">Cramer (H.)</composer> <title>Rondoletto brillant p. Pfte. Oe. <opus key="opus_0531">13</opus>, in <key>G</key></title>. <pubPlace key="place_0519">Offenbach</pubPlace>, <publisher key="publ_0065">André</publisher>. 54 Xr.</bibl>
<bibl id="hofm_1840_04_0055_0303"><composer key="compo_007199">Donizetti (G.)</composer> <title>Auswahl beliebter Stücke aus des Oper: Belisario, f. Pfte</title>. <pubPlace key="place_0276">Hamburg</pubPlace>, <publisher key="publ_0540">Böhme</publisher>. 16 Gr.</bibl>
<bibl id="hofm_1840_04_0055_0404"><composer key="compo_007599">Duvernoy (J.B.)</composer> <title>Rossini. Bellini. Donizetti. 3 Airs variés et 3 Rondeaux sur des Motifs favoris p. Pfte. Oe. <opus key="opus_4710">97. No. 1, 2, 3</opus></title>. <pubPlace key="place_0392">Leipzig</pubPlace>, <publisher key="publ_0437">Br. et Härtel</publisher> à 12 Gr.</bibl>
<wip id="hofm_1840_04_0055_0505">– <title>4 petits Rondeaux sur les Motifs de Rossini, Meyerbeer, Weber et Bellini, p. Pfte. Oe. <opus key="opus_0045">100</opus></title>. <title>Liv. 1, 2</title>. Ebend. à 10 Gr.</wip>
<bibl id="hofm_1840_04_0055_0606"><composer key="compo_008332">Engel (Carl)</composer> <title>Tempi passati. Lied ohne Worte f. Pfte. Op. <opus key="opus_3565">6</opus>, in <key>D</key></title>. <pubPlace key="place_0276">Hamburg</pubPlace>, <publisher key="publ_0540">Böhme</publisher>. 12 Gr.</bibl>
<bibl id="hofm_1840_04_0055_0707">– <title>Phantasiestücke über die Volkslieder: „Deine Liebe zu erlangen“ und „Unter allen Wipfeln ist Ruh“ f. Pfte. Op. <opus key="opus_3967">7</opus>. 1stes Heft</title> 16 Gr. Ebend.</bibl>
<bibl id="hofm_1840_04_0055_0808"><composer key="compo_009143">Fesca (Alex.)</composer> <title>Souvenir à Henselt. 3 Morceaux de Salon p. Pfte. Oe. <opus key="opus_3967">7</opus></title>. <pubPlace key="place_0078">Braunschweig</pubPlace>, <publisher key="publ_2681">Meyer</publisher>. 20 Gr.</bibl>
<bibl id="hofm_1840_04_0055_0909"><composer key="compo_009728">Franck (Ed.)</composer> <title>Capriccio f. Pfte. Op. <opus key="opus_1372">2</opus>, in <key>E</key></title>. <pubPlace key="place_0392">Leipzig</pubPlace>, <publisher key="publ_2017">Kistner</publisher> 18 Gr.</bibl>
<bibl id="hofm_1840_04_0055_1010">– <title>Drei Characterstücke f. Pfte. Op. <opus key="opus_2116">3</opus></title>. Ebend. 16 Gr.</bibl>
<bibl id="hofm_1840_04_0055_1111"><composer key="compo_011436">Gnatkowsky (Ad.)</composer> <title>Mazures des Salons av. Intr. et Finale p. Pfte</title>. <pubPlace key="place_0731">Wien</pubPlace>, <publisher key="publ_1506">Haslinger</publisher>. 45 Xr.</bibl>
<bibl id="hofm_1840_04_0055_1212"><composer key="compo_011661">Gomion</composer>, <title>Les Napolitaines. Mosaiques et Fantaisies sur des Opéras de Donizetti, p. Pfte. No. 1, Torquato Tasso. No. 2, L’Elisire d’Amore. No. 3, Roberto Devereux</title>. <pubPlace key="place_0438">Mainz</pubPlace>, <publisher key="publ_3563">Schott</publisher>. à 1 Fl. 12 Xr.</bibl>
<bibl id="hofm_1840_04_0055_1313"><composer key="compo_013067">Hall (Gust.)</composer> <title>Potpourri nach Melodien der Oper: Belisario, von G. Donizetti, f. Pfte</title>. <pubPlace key="place_0392">Leipzig</pubPlace>, <publisher key="publ_3599">Schubert</publisher> 16 Gr.</bibl>
<bibl id="hofm_1840_04_0055_1414"><composer key="compo_014550">Herz (H.)</composer> <title>48 petites Leçons. Airs favoris, arrangés et doigtés. Première Suite à sa Méthode p. Pfte. Oe. <opus key="opus_0063">100 bis</opus></title>. <pubPlace key="place_0438">Mainz</pubPlace>, <publisher key="publ_3563">Schott</publisher> geh. 2 Fl. 42 Xr.</bibl>
<bibl id="hofm_1840_04_0055_1515"><composer key="compo_016826">Kalkbrenner (Fréd.)</composer> <title>L’Ange déchu. Grande Fantaisie sur une Mélodie d’Ad. Vogel, p. Pfte. Oe. <opus key="opus_0744">144</opus>, in <key>Em</key></title>. <pubPlace key="place_0392">Leipzig</pubPlace>, <publisher key="publ_0437">Br. et Härtel</publisher>. 20 Gr.</bibl>
<bibl id="hofm_1840_04_0055_1616"><composer key="compo_019119">Kullak (Th.)</composer> <title>Deux Etudes de Concert p. Pfte. Oe. <opus key="opus_1372">2</opus></title>. (Déd. à Mr. Dreyschock.) <pubPlace key="place_0044">Berlin</pubPlace>, <publisher key="publ_3247">Riefenstahl</publisher>. 20 Gr.</bibl>
<bibl id="hofm_1840_04_0055_1717"><composer key="compo_020490">Lemke (H.)</composer> <title>La Gaieté. Rondeau brillant p. Pfte. Oe. <opus key="opus_0021">10</opus>, in <key>Es</key></title>. <pubPlace key="place_0069">Bonn</pubPlace>, <publisher key="publ_3791">Simrock</publisher>. 2 Fr.50 Ct.</bibl>
<bibl id="hofm_1840_04_0055_1818"><composer key="compo_021137">Liszt (Fr.)</composer> <title>Grand Galop chromatique p. Pfte. Oe. <opus key="opus_0392">12</opus>, in <key>Es</key>. <edition>Deuxième Edition</edition></title>. <pubPlace key="place_0392">Leipzig</pubPlace>, <publisher key="publ_1746">Hofmeister</publisher>. 12 Gr.</bibl>
<wip id="hofm_1840_04_0055_1919">– <title>Ungarische National-Melodien f. Pfte</title>. <title>Heft 1, 2</title>. <pubPlace key="place_0731">Wien</pubPlace>, <publisher key="publ_1506">Haslinger</publisher> à 1 Fl.</wip>
<wip id="hofm_1840_04_0055_2020"><composer key="compo_022317">Martin (C.)</composer> <title>Erheiterungen am Pfte. Eine Sammlung beliebter Musikstücke aus Opern und Ballets, in gef. Spielart eingerichtet</title>. <title>Heft. 1, 2</title>. <pubPlace key="place_0044">Berlin</pubPlace>, <publisher key="publ_2455">Lischke</publisher> à 8 Gr.</wip>
<bibl id="hofm_1840_04_0055_2121"><composer key="compo_022385">Marxsen (Ed.)</composer> <title>Exercices p. la Main gauche seule en 6 Pièces caracteristiques p. Pfte. (Sechs Studien f. die linke Hand allein.) Oe. <opus key="opus_2764">40</opus></title>. <pubPlace key="place_0276">Hamburg</pubPlace>, <publisher key="publ_3605">Schuberth et Co</publisher>. 16 Gr.</bibl>
<wip id="hofm_1840_04_0055_2222"><composer key="compo_022904">Mendelssohn-Bartholdy (F.)</composer> <title>18 Lieder ohne Worte, nach dessen Gesängen f. Pfte übertrangen v. C. Czerny</title>. <title>Heft 1, Op. <opus key="opus_1271">19</opus></title>. <title>Heft 2, Op. <opus key="opus_2403">34</opus></title>. <title>Heft 3, Op. <opus key="opus_3071">47</opus></title>. <pubPlace key="place_0392">Leipzig</pubPlace>, <publisher key="publ_0437">Br. u. Härtel</publisher> à 16 Gr.</wip>
<bibl id="hofm_1840_04_0055_2323"><composer key="compo_025440">Osborne (G.A.)</composer> <title>Fantaisie sur : Le Lac des Fées, de D.F.E. Auber, p. Pfte. Oe. <opus key="opus_2347">33</opus>, in <key>C</key></title>. Ebend. 14 Gr.</bibl>
<pb n="55"/>
<bibl id="hofm_1840_04_0055_2424"><title>Potpourri d’après des Thèmes favoris de l’Opéra : Belisario. Musique de Donizetti, p. Pfte</title>. <pubPlace key="place_0276">Hamburg</pubPlace>, <publisher key="publ_0540">Böhme</publisher> 12 Gr.</bibl>
<bibl id="hofm_1840_04_0055_2525">– <title>d’après des Thèmes de l’Opéra : Lucrezia Borgia. Musique de Donizetti, p. Pfte</title>. <pubPlace key="place_0276">Hamburg</pubPlace>, <publisher key="publ_0640">Cranz</publisher> 14 Gr.</bibl>
<bibl id="hofm_1840_04_0055_2626">– <title>über beliebte Motiven der Oper: Czaar und Zimmermann. Musik v. A. Lortzing, f. Pfte</title>. <pubPlace key="place_0276">Hamburg</pubPlace>. <publisher key="publ_0540">Böhme</publisher> 12 Gr.</bibl>
<bibl id="hofm_1840_04_0055_2727"><composer key="compo_028854">Rosellen (H.)</composer> <title>3 Airs de Ballet, arrangés en Rondeaux sur des Motifs du Ballet : La Chatte métamorphosée en Femme. Musique de Montfort, p. Pfte. Op. <opus key="opus_1068">17</opus>. No. 1, La Fête Chinoise (in <key>D</key>.) No. 2, Pas de Mlle. Th. Elssler et Bachanale (in <key>D</key>.) No. 3, Pas de Mlle. Fanny Elssler et Valse (in <key>A</key>.)</title> <pubPlace key="place_0069">Bonn</pubPlace>, <publisher key="publ_3791">Simrock</publisher> à 2 Fr. 50 Ct.</bibl>
<bibl id="hofm_1840_04_0055_2828">– <title>2 Airs de Ballet sur des Motifs de la Tarentule, de Cas. Gide, p. Pfte. Oe. <opus key="opus_1731">24</opus>. No. 1, La Tarentule. No. 2, Le Galop</title>. Ebend. à 2 Fr.</bibl>
<bibl id="hofm_1840_04_0055_2929"><composer key="compo_030657">Schmitt (Jacq.)</composer> <title>Quatre Etudes p. Pfte. Oe. <opus key="opus_1956">271</opus></title>. <pubPlace key="place_0276">Hamburg</pubPlace>, <publisher key="publ_3605">Schuberth et Co</publisher>. 1 Thlr.</bibl>
<bibl id="hofm_1840_04_0055_3030">– <title>Grand Nocturne p. Pfte. Oe. <opus key="opus_2053">288</opus>, in <key>Es</key></title>. <pubPlace key="place_0276">Hamburg</pubPlace>, <publisher key="publ_0540">Böhme</publisher>. 14 Gr.</bibl>
<bibl id="hofm_1840_04_0055_3131">– <title>Grand Nocturne p. Pfte. Oe. <opus key="opus_2077">290</opus>, in <key>Dm</key></title>. Ebend. 16 Gr.</bibl>
<bibl id="hofm_1840_04_0055_3232">– <title>Das Gewitter im Alpengebirge. Fantasie f. Pfte (in <key>Es</key>.)</title> mit Vign. Ebend. 16 Gr.</bibl>
<bibl id="hofm_1840_04_0055_3333"><composer key="compo_030714">Schnabel (C.)</composer> <title>Rondoletto f. Pfte. Op. <opus key="opus_1661">23</opus>, in <key>C</key></title>. (<series>Leichte u. gef. Compositionen mit Fingersatz</series>, 1stes Heft.) <pubPlace key="place_0082">Breslau</pubPlace>, <publisher key="publ_2386">Leuckart</publisher> 8 Gr.</bibl>
<bibl id="hofm_1840_04_0055_3434"><composer key="compo_031117">Schubert (F.L.)</composer> <title>Potpourris über die beliebtesten Themen neuer Opern f. Pfte. No. 1, Adam (Ad.) Regine. No. 2, Bellini (V.) Die Nachtwandlerin. No. 4, Adam (Ad.) Der Postillon von Lonjumeau. No. 5, Benedict (Jul.) Der Zigeunerin Warnung. No. 6, Adam (Ad.) Zum treuen Schäfer. No. 7, Bellini (V.) Die Puritaner</title>. <pubPlace key="place_0392">Leipzig</pubPlace>, <publisher key="publ_0437">Br. u. Härtel</publisher> à 16 Gr.</bibl>
<bibl id="hofm_1840_04_0055_3535"><composer key="compo_033546">Strauss</composer>, <title><series>Soirées. Sammlung beliebter Musiktücke f. Pfte</series>. 5tes Heft. Marsch a. d. Sinfonie: Weihe der Töne, von L. Spohr. Zapateado, spanischer Nationaltanz. Die Berggeister, Walzer v. J. Strauss. Finale einer französischen Quadrille</title>. <pubPlace key="place_0731">Wien</pubPlace>, <publisher key="publ_1506">Haslinger</publisher>. 45 Xr.</bibl>
<bibl id="hofm_1840_04_0055_3636"><composer key="compo_034178">Tausig (Al.)</composer> <title>Deux Morceaux de Salon. p. Pfte. Op. <opus key="opus_0001">1</opus></title>. <pubPlace key="place_0082">Breslau</pubPlace>, <publisher key="publ_0640">Cranz</publisher>. 12 Gr.</bibl>
<bibl id="hofm_1840_04_0055_3737"><composer key="compo_034322">Thalberg (S.)</composer> <title>Souvenir de Beethoven. Fantaisie p. Pfte. Oe. <opus key="opus_2670">39</opus>, in <key>Am</key></title>. (<series>Compositions modernes et brillantes, Cah. 7</series>.) <pubPlace key="place_0731">Wien</pubPlace>, <publisher key="publ_1506">Haslinger</publisher>. 2 Fl.</bibl>
<wip id="hofm_1840_04_0055_3838"><title>Unterhaltungen (angenehme und leichte) am Pfte. Sammlung leicht arr. Potpourris nach Melodien der neuesten Opern u. andern Piecen. 2ter Jahrg</title>. <title>Heft. 1–4</title>. <pubPlace key="place_0110">Chemnitz</pubPlace>, <publisher key="publ_1807">Häcker</publisher> à 8 Gr.</wip>
<bibl id="hofm_1840_04_0055_3939"><composer key="compo_037539">Wolfram (L.)</composer> <title>Grosse Polonaise f. Pfte (in <key>A</key>.)</title> Ebend. 6 Gr.</bibl>
</div><div id="hofm_1840_04_0055_div11"><head><hofClass key="hofCl_0292">Variationen für das Pianoforte.</hofClass></head>
<bibl id="hofm_1840_04_0055_4040"><composer key="compo_007142">Dolch (A.G.)</composer> <title>Leichte Variationen über ein bekanntes Lied f. Pfte (in A.)</title> <pubPlace key="place_0110">Chemnitz</pubPlace>, <publisher key="publ_1807">Häcker</publisher>. 6 Gr.</bibl>
<bibl id="hofm_1840_04_0055_4141"><composer key="compo_007599">Duvernoy (J.B.)</composer> <title>3 Airs variés. Oe. <opus key="opus_4704">97</opus></title>, siehe: <xref type="external" from="hofm_1840_04_0055_0404" to="DITTO" targOrder="U">Musik für Pianoforte allein</xref>.</bibl>
<bibl id="hofm_1840_04_0055_4242"><composer key="compo_009162">Fessy (A.)</composer> <title>Variations et Finale sur les Motifs de la Sonnambula de Bellini p. Pfte. Oe. <opus key="opus_2403">34</opus>, in <key>F</key></title>. <pubPlace key="place_0069">Bonn</pubPlace>, <publisher key="publ_3791">Simrock</publisher>. 2 Fr. 50 Ct.</bibl>
<pb n="57"/>
<bibl id="hofm_1840_04_0057_01"><composer key="compo_014252">Henselt (Ad.)</composer> <title>Variations de Concert sur l’Air favori : Quand je quittai la Normandie, de l’Opéra Robert le Diable de Meyerbeer p. Pfte. Oe. <opus key="opus_0234">11</opus>, in <key>B</key></title>. <pubPlace key="place_0392">Leipzig</pubPlace>, <publisher key="publ_0437">Br. et Härtel</publisher>. 1 Thlr. 8 Gr.</bibl>
<bibl id="hofm_1840_04_0057_02"><composer key="compo_015944">Hünten (Fr.)</composer> <title>Variations sur un Motif fav. de l’Opera : Der Freischütz de Weber (Durch die Wälder) arr. p. Pfte. Oe. <opus key="opus_1165">18</opus>, in <key>F</key></title>. <pubPlace key="place_0069">Bonn</pubPlace>, <publisher key="publ_3791">Simrock</publisher>. 2 Fr.</bibl>
<bibl id="hofm_1840_04_0057_03"><composer key="compo_017214">Kelz (J.F.)</composer> <title>8 leichte Variationen über einen beliebten schottischen Tanz f. Pfte. Op. <opus key="opus_1700">235</opus>. in <key>C</key></title>. <pubPlace key="place_0044">Berlin</pubPlace>, <publisher key="publ_2455">Lischke</publisher>. 8 Gr.</bibl>
<bibl id="hofm_1840_04_0057_04"><composer key="compo_028854">Rosellen (H.)</composer> <title>Variations de Concert sur une Cavatine favorite de la Somnambula de Bellini p. Pfte. Oe. <opus key="opus_0021">10</opus>, in <key>D</key></title>. <pubPlace key="place_0069">Bonn</pubPlace>, <publisher key="publ_3791">Simrock</publisher>. 3 Fr. 50 Ct.</bibl>
<bibl id="hofm_1840_04_0057_05">– <title>Récréations italiennes. 2 Cavatines variées p. Pfte. Oe. <opus key="opus_1271">19</opus>. No. 1, Cavatine de Carafa (in <key>C</key>.) No. 2, Cavatine de Pacini (in <key>G</key>.)</title> Ebend. à 1 Fr. 25 Ct.</bibl>
<bibl id="hofm_1840_04_0057_06"><composer key="compo_030714">Schnabel (C.)</composer> <title>Variationen über den Mazurek Wojenny f. Pfte. Op. <opus key="opus_1661">23</opus>, in <key>C</key></title>. (<series>Leichte u. gef. Compositionen m. Fingersatz. 1tes Heft</series>). <pubPlace key="place_0082">Breslau</pubPlace>, <publisher key="publ_2386">Leuckart</publisher>. 8 Gr.</bibl>
</div><div id="hofm_1840_04_0057_div12"><head><hofClass key="hofCl_0273">Ouverturen für das Pianoforte.</hofClass></head>
<bibl id="hofm_1840_04_0057_07"><composer key="compo_030571">Schmidt (Herrm.)</composer> <title>Ouverture aus dem komischen Ballet: Liebeshändel v. Paul Taglioni, f. Pfte</title>. <pubPlace key="place_0044">Berlin</pubPlace>, <publisher key="publ_3471">Schlesinger</publisher>. 6 Gr.</bibl>
</div><div id="hofm_1840_04_0057_div13"><head><hofClass key="hofCl_0288">Tänze für das Pianoforte.</hofClass></head>
<bibl id="hofm_1840_04_0057_08"><composer key="compo_002077">Beethoven (L. v.)</composer> <title>Sehnsucht- Schmerzens- und Hoffnungs-Walzer f. Pfte</title>. <pubPlace key="place_0438">Mainz</pubPlace>, <publisher key="publ_3563">Schott</publisher>. 24 Xr.</bibl>
<bibl id="hofm_1840_04_0057_09"><composer key="compo_002825">Beyer (F.)</composer> <title>Paris. Walzer mit Introduction und Galopp nach beliebten französischen Melodien f. Pfte. Op. <opus key="opus_2403">34</opus></title>. Ebend. 48 Xr.</bibl>
<bibl id="hofm_1840_04_0057_10">– <title>Walzer mit Introduction und Galopp nach Melodien aus der Oper: Regine v. Ad. Adam f. Pfte. Op. <opus key="opus_2458">35</opus></title>. Ebend. 48 Xr.</bibl>
<bibl id="hofm_1840_04_0057_11"><composer key="compo_002871">Bialecki (Jos.)</composer> <title>Neue Wintergarten-Tänze f. Pfte. Liv. 2</title> (m. Vign.) <pubPlace key="place_0082">Breslau</pubPlace>, <publisher key="publ_0640">Cranz</publisher>. 8 Gr.</bibl>
<bibl id="hofm_1840_04_0057_12"><composer key="compo_003803">Bosch (F.)</composer> <title>Der Familien-Ball auf das Jahr 1840. Ein Album f. Tänzer und Tänzerinnen. Eine vollständige Sammlung aller auf einen Familien- oder Maskenballe gebr. Tänze f. Pfte</title>. <pubPlace key="place_0044">Berlin</pubPlace>, <publisher key="publ_2455">Lischke</publisher>. 20 Gr.</bibl>
<bibl id="hofm_1840_04_0057_13"><composer key="compo_005246">Canthal (Aug. M.)</composer> <title>Belisar-Galopp nach Melodien aus der Oper: Belisar von Donizetti f. Pfte</title>. <pubPlace key="place_0276">Hamburg</pubPlace>, <publisher key="publ_0540">Böhme</publisher>. 4 Gr.</bibl>
<bibl id="hofm_1840_04_0057_14"><composer key="compo_008808">Fahrbach (Ph.)</composer> <title>Pfau-Federn. Walzer f. Pfte. Op. <opus key="opus_2670">39</opus></title>. <pubPlace key="place_0731">Wien</pubPlace>, <publisher key="publ_1506">Haslinger</publisher>. 45 Xr.</bibl>
<bibl id="hofm_1840_04_0057_15"><composer key="compo_009360">Fischer (C.)</composer> <title>Erinnerung an das Hirschberger Thal. Walzer f. Pfte. Op. <opus key="opus_3967">7</opus></title>. <pubPlace key="place_0082">Breslau</pubPlace>, <publisher key="publ_0640">Cranz</publisher>. 8 Gr.</bibl>
<bibl id="hofm_1840_04_0057_16"><composer key="compo_013013">Hahn (Louis)</composer> <title>Polonaise f. Pfte (in <key>D</key>.)</title> <pubPlace key="place_0078">Braunschweig</pubPlace>, <publisher key="publ_4321">Weinholtz</publisher>. 6 Gr.</bibl>
<bibl id="hofm_1840_04_0057_17"><composer key="compo_013474">Haslinger (C.)</composer> <title>Quadrille de Contredanses f. Pfte. Op. <opus key="opus_1999">28</opus>, aufgef. v. Joh. Strauss</title>. <pubPlace key="place_0731">Wien</pubPlace>, <publisher key="publ_1506">Haslinger</publisher>. 30 Xr.</bibl>
<bibl id="hofm_1840_04_0057_18">– <title>Hyacinthen-Galopp f. Pfte aufgef. von Joh. Strauss</title>. Ebend. 15 Xr.</bibl>
<bibl id="hofm_1840_04_0057_19"><composer key="compo_013805">Heidenreich</composer>, <title>Salzbrunner Colonaden-Erheiterungen f. Pfte. No. 2, (2 Galoppen, 1 Ländler, Walzer u. Schottisch)</title>. <pubPlace key="place_0082">Breslau</pubPlace>, <publisher key="publ_2386">Leuckart</publisher>. 4 Gr.</bibl>
<bibl id="hofm_1840_04_0057_20"><composer key="compo_015825">Hölzl (Fr.)</composer> <title>Euterpens-Klänge. Walzer f. Pfte. Op. <opus key="opus_2116">3</opus></title>. <pubPlace key="place_0731">Wien</pubPlace>, <publisher key="publ_1506">Haslinger</publisher>. 45 Xr.</bibl>
<bibl id="hofm_1840_04_0057_21"><composer key="compo_015547">Huber (M.)</composer> <title>Die fröhlichen Wiener. Noch ein Sträusschen. Walzer f. Pfte. Op. <opus key="opus_0001">1</opus></title>. Ebend. 45 Xr.</bibl>
<bibl id="hofm_1840_04_0057_22"><composer key="compo_015568">Hubovsky (Ph. v.)</composer> <title>Fantasie-Knospen. Walzer f. Pfte. Op. <opus key="opus_1731">24</opus></title>. Ebend. 45 Xr.</bibl>
<pb n="58"/>
<wip id="hofm_1840_04_0058_01"><composer key="compo_016571">Jullien</composer>, <title>Walses f. Pfte</title>. <title>No. 1, Rosita. Walse espagnole</title>. <title>No. 2, Francesca. Walse espagnole</title>. <title>No. 3, Les Muletiers. Walse espagnole sur des Motifs de Masini</title>. <title>No. 4, Le Rossignol, gr. Walse</title>. à 1 Fr. 50 Ct. <title>No. 5, La Fauvette, gr. Walse du Bal de l’Opéra</title>. 2 Fr. <title>No. 6, La Gazelle. Walse du Bal de l’Opéra</title>. 1 Fr. 50 Ct. <pubPlace key="place_0069">Bonn</pubPlace>, <publisher key="publ_3791">Simrock</publisher>.</wip>
<bibl id="hofm_1840_04_0058_02"><composer key="compo_019654">Labitzky (Jos.)</composer> <title>Nationalländler f. Pfte. Op. <opus key="opus_0001">1</opus></title>. <pubPlace key="place_0554">Prag</pubPlace>, <publisher key="publ_1729">Hoffmann</publisher>. 30 Xr.</bibl>
<bibl id="hofm_1840_04_0058_03">– <title>Die Liefländer. Walzer f. Pfte. Op. <opus key="opus_1372">2</opus></title>. Ebend. 30 Xr.</bibl>
<bibl id="hofm_1840_04_0058_04"><composer key="compo_020014">Lanner (Jos.)</composer> <title>Malapou- und Amazonen-Galoppe f. Pfte. Op. <opus key="opus_0783">148</opus></title>. <pubPlace key="place_0731">Wien</pubPlace>, <publisher key="publ_2605">Mechetti</publisher>. 30 Xr.</bibl>
<bibl id="hofm_1840_04_0058_05"><composer key="compo_020368">Lehmann (J.G.)</composer> <title>Minerven-Schottisch f. Pfte</title>. <pubPlace key="place_0110">Chemnitz</pubPlace>, <publisher key="publ_1807">Häcker</publisher>. 2 Gr.</bibl>
<bibl id="hofm_1840_04_0058_06"><composer key="compo_020503">Lemoine (H.)</composer> <title>Le Bal des jeunes Pensionnaires. 4 Quadrilles, Walses et Galops p. Pfte. No. 1, L’Enfantin. No. 2, Le Joujou. No. 3, Le Bijou. No. 4, Le Favori</title>. <pubPlace key="place_0731">Wien</pubPlace>, <publisher key="publ_1506">Haslinger</publisher> à 30 Xr.</bibl>
<bibl id="hofm_1840_04_0058_07"><composer key="compo_021169">Lobethal (M.)</composer> <title>Rutschbahn-Galopp f. Pfte. No. 49</title>. <pubPlace key="place_0082">Breslau</pubPlace>, <publisher key="publ_0640">Cranz</publisher>. 2 Gr.</bibl>
<bibl id="hofm_1840_04_0058_08"><composer key="compo_023958">Musard (J.H.)</composer> <title>Quadrilles f. Pfte aufgef. v. Joh. Strauss</title>. <pubPlace key="place_0731">Wien</pubPlace>, <publisher key="publ_1506">Haslinger</publisher>. 30 Xr.</bibl>
<bibl id="hofm_1840_04_0058_09"><composer key="compo_024962">Nollau (J.G.)</composer> <title>8 leichte schottische Walzer f. Pfte mit Bezeichnung des Fingersatzes</title>. <pubPlace key="place_0110">Chemnitz</pubPlace>, <publisher key="publ_1807">Häcker</publisher>. 4 Gr.</bibl>
<bibl id="hofm_1840_04_0058_10"><composer key="compo_029932">Schallehn (H.)</composer> <title>Die Heimath. Walzer p. Pfte. Cah. 1</title>. <pubPlace key="place_0069">Bonn</pubPlace>, <publisher key="publ_3791">Simrock</publisher>. 2 Fr.</bibl>
<bibl id="hofm_1840_04_0058_11">– <title>Der Traum. Walzer p. Pfte. Cah. 2</title>. Ebend. 2 Fr.</bibl>
<bibl id="hofm_1840_04_0058_12"><composer key="compo_030571">Schmidt (Herrm.)</composer> <title>Die beliebten Tänze aus dem komsichen Ballet: Liebeshändel v. Paul Taglioni f. Pfte. No. 2, Champagner-Walzer. No. 4, Croaten-Galopp</title>. <pubPlace key="place_0044">Berlin</pubPlace>, <publisher key="publ_3471">Schlesinger</publisher> à 4 Gr.</bibl>
<bibl id="hofm_1840_04_0058_13"><composer key="compo_033377">Stimpel (F.M.)</composer> <title>Dorotheen-Walzer f. Pfte. Op. <opus key="opus_3181">5</opus></title>. <pubPlace key="place_0082">Breslau</pubPlace>, <publisher key="publ_2386">Leuckart</publisher>. 6 Gr.</bibl>
<bibl id="hofm_1840_04_0058_14"><composer key="compo_033569">Strauss (Joh.)</composer> <title>Wiener Gemüths-Walzer f. Pfte. Op. <opus key="opus_0335">116</opus></title>. <pubPlace key="place_0731">Wien</pubPlace>, <publisher key="publ_1506">Haslinger</publisher>. 45 Xr.</bibl>
<bibl id="hofm_1840_04_0058_15">– <title>Die junge Tänzerin. Sammlung der schönsten Walzer im leichteren Style f. Pfte. 19tes Heft, <series>Wiener Gemüths-Walzer</series>. Op. <opus key="opus_0335">116</opus></title>. Ebend. 30 Xr.</bibl>
<album id="hofm_1840_04_0058_16"><title><series>Tänze (ausgewählte) f. Pfte</series>. No. 4–6, von <composer key="compo_020368">J.G. Lehmann</composer>. <composer key="compo_015894">J.B. Hübner</composer> u. <composer key="compo_002700">C. Berthold</composer></title>. <pubPlace key="place_0110">Chemnitz</pubPlace>, <publisher key="publ_1807">Häcker</publisher> à 4 Gr.</album>
<bibl id="hofm_1840_04_0058_17"><composer key="compo_034664">Tolbequé (J.B.)</composer> <title>Le Rêve d’une jeune Fille. Quadrille de Contredanses sur des Motifs de Mrs. A. de Beauplan et Dolive p. Pfte</title>. <pubPlace key="place_0438">Mainz</pubPlace>, <publisher key="publ_3563">Schott</publisher>. 36 Xr.</bibl>
<bibl id="hofm_1840_04_0058_18"><composer key="compo_036037">Wallerstein (Ant.)</composer> <title>Nienburger Bisquit-Galopp f. Pfte</title>. (<series>Lätitia No. 21</series>). <pubPlace key="place_0280">Hannover</pubPlace>, <publisher key="publ_2808">Nagel</publisher>. 4 Gr.</bibl>
<bibl id="hofm_1840_04_0058_19"><composer key="compo_036249">Weber (C.M. de)</composer> <title>Dernière Pensée musicale p. Pfte. No. 530</title>. <pubPlace key="place_0438">Mainz</pubPlace>, <publisher key="publ_3563">Schott</publisher>. 8 Xr.</bibl>
<bibl id="hofm_1840_04_0058_20"><composer key="compo_037187">Winkler (Ehr.)</composer> <title>Augusten-Walzer f. Pfte. Op. <opus key="opus_4562">9</opus></title>. <pubPlace key="place_0110">Chemnitz</pubPlace>, <publisher key="publ_1807">Häcker</publisher>. 6 Gr.</bibl>
</div><div id="hofm_1840_04_0058_div14"><head><hofClass key="hofCl_0250">Märsche für das Pianoforte.</hofClass></head>
<bibl id="hofm_1840_04_0058_21"><composer key="compo_002077">Beethoven (L. v.)</composer> <title>Trauermarsch auf den Tod eines Helden f. Pfte. Op. <opus key="opus_1881">26</opus></title>. <pubPlace key="place_0371">Cöln</pubPlace>, <publisher key="publ_0864">Eck. u. Co</publisher>. 4 Gr.</bibl>
<bibl id="hofm_1840_04_0058_22"><composer key="compo_003418">Bochmann (Ern.)</composer> <title>Jubel-Marsch zum Guttenbergsfest in Leipzig f. Pfte</title>. <pubPlace key="place_0249">Grimma</pubPlace>, <publisher key="publ_4179">Verlagscomptoir</publisher>. 3 Gr.</bibl></div>
<pb n="59"/>
<div id="hofm_1840_04_0059_div15"><head><hofClass key="hofCl_0072">Lehrbücher für das Pianoforte.</hofClass></head>
<bibl id="hofm_1840_04_0059_01"><composer key="compo_003074">Birnbach (A.)</composer> <title>Praktische Klavierschule, enthaltend die ersten Fingerübungen, systematisch fortschreitend zu schweren <sic>Tonstücben</sic> von verschiedenen Componisten, gesammelt u. f. d. Schulgebrauch herausgegeben</title>. <pubPlace key="place_0044">Berlin</pubPlace>, <publisher key="publ_0393">Bote u. Bock</publisher> <publisher key="publ_2456">(Lischke) in Comm</publisher>. geh. 1 Thlr. 8 Gr.</bibl>
<bibl id="hofm_1840_04_0059_02"><title>Tonleiter in allen Dur- und Moll-Tönen f. Pfte. (Gammes dans tous les Tons majeurs et mineurs)</title>. <pubPlace key="place_0069">Bonn</pubPlace>, <publisher key="publ_3791">Simrock</publisher>. 30 Ct.</bibl>
</div><div id="hofm_1840_04_0059_div16"><head><hofClass key="hofCl_0225">Musik für die Orgel.</hofClass></head>
<wip id="hofm_1840_04_0059_03"><composer key="compo_009352">Fischer (A.G.)</composer> <title>120 kurze und leichte Orgelvorspiele nach den bekanntesten Dur- und Moll-Tonarten. Neue Ausgabe</title>. <title>Heft 1. 2</title>. <pubPlace key="place_0392">Leipzig</pubPlace>, <publisher key="publ_0437">Br. u. Härtel</publisher> à 16 Gr.</wip>
<bibl id="hofm_1840_04_0059_04"><composer key="compo_017027">Katterfeldt (Jul.)</composer> <title>6 ausgeführte Choräle f. Orgel bearbeitet. Op. <opus key="opus_2116">3</opus>. <sic>Op. 3</sic></title>. <pubPlace key="place_0276">Hamburg</pubPlace>, <publisher key="publ_0540">Böhme</publisher>. 8 Gr.</bibl>
<bibl id="hofm_1840_04_0059_05"><composer key="compo_019466">Körner (G.W.)</composer> <title>Der wohlgeübte Organist. Auswahl von Nachspielen verschiedener Meister aus den gewöhnlich vorkommenden Tonarten. Ein praktisches Hand- und Hilfsbuch zur weitern Ausbild. u. z. kirchl. Gebr. f. Organisten, Seminaristen <sic>u. u.</sic> Präparanden</title>. <pubPlace key="place_0392">Leipzig</pubPlace>, <publisher key="publ_3599">Schubert</publisher>. geh. 1 Thlr. 12 Gr. n.</bibl>
<bibl id="hofm_1840_04_0059_06">– Dasselbe Werk. Op. <opus key="opus_0927">16</opus>, in 6 Heften. Ebend. à 6 Gr. n.</bibl>
</div><div id="hofm_1840_04_0059_div17"><head><hofClass key="hofCl_0068">Kirchenmusik.</hofClass></head>
<bibl id="hofm_1840_04_0059_07"><composer key="compo_004479">Bräuer (Carl)</composer> <title>3 Cantaten zum Oster- Himmelfahrts- und Pfingstfeste f. 3 Singstimmen mit ganz leichter Begl. von 2 Viol., 2 Clar., 2 Hörner, Violon u. Orgel (auch m. Hinwegl. d. Orgel, od. mit der Orgel allein. <format>Part</format>. Op. <opus key="opus_4562">9</opus>. <opus key="opus_0021">10</opus>. <opus key="opus_0234">11</opus></title>. <pubPlace key="place_0249">Grimma</pubPlace>, <publisher key="publ_4179">Verlagscomptoir</publisher>. 20 Gr.</bibl>
<bibl id="hofm_1840_04_0059_08"><title>Melodienbuch zu dem katholischen Gesang- und Andachtsbuche der Erzdiözese Freiburg. 1ste Lief</title>. quer 4to. <pubPlace key="place_0339">Carlsruhe</pubPlace>, <publisher key="publ_2800">Müllersche Hofbuchhandl</publisher>. geh. 1 Fl. 12 Xr. n.</bibl>
<bibl id="hofm_1840_04_0059_09"><composer key="compo_028594">Rochlitz (F.)</composer> <title>Sammlung vorzüglicher Gesangstück d. grössten f. d. Geschichte der Tonkunst wichtigsten Meister d. f. Musik entscheidendsten Nationen, gewählt, nach d. Zeitfolge geordn. u. m. d. nöthigen historischen und andern Nachweisungen. 2ter Band vom Jahr 1600 bis um das Jahr 1700. 1ste Hälfte</title>. <pubPlace key="place_0438">Mainz</pubPlace>, <publisher key="publ_3563">Schott</publisher>. geh. 7 Fl. 12 Xr.</bibl>
<bibl id="hofm_1840_04_0059_10"><composer key="compo_031300">Schulze</composer>, <title>140 Choral-Melodien nach J.A. Hiller</title>. <pubPlace key="place_0763">Zwickau</pubPlace>, <publisher key="publ_3655">Schumann in Comm</publisher>. 16 Gr. n.</bibl>
<bibl id="hofm_1840_04_0059_11"><composer key="compo_037282">Wiss</composer>, <title>50 vierstimmige religiöse Chor-Gesänge für höhere Unterrichts-Anstalten. 1tes Bochen</title>. gr. 8. <pubPlace key="place_0642">Speyer</pubPlace>, <publisher key="publ_2836">Neidhard</publisher>. 16 Gr. n.</bibl>
</div><div id="hofm_1840_04_0059_div18"><head><hofClass key="hofCl_0021">Gesangstücke für Concertmusik mit Begleitung mehrerer Instrumente.</hofClass></head>
<bibl id="hofm_1840_04_0059_12"><composer key="compo_000661">André (J.B.)</composer> <title>An das Bildniss der abwesenden Mutter f. eine Singst. m. Begl. d. Pfte. und Violoncell (od. Viol.) ad lib</title>. <pubPlace key="place_0519">Offenbach</pubPlace>, <publisher key="publ_0065">André</publisher>. 45 Xr.</bibl>
<wip id="hofm_1840_04_0059_13"><composer key="compo_021018">Lindner (Aug.)</composer> <title>Vier Gesänge f. eine Singstimme m. Begl. d. Pfte u. Violoncelle</title>. <pubPlace key="place_0276">Hamburg</pubPlace>, <publisher key="publ_0540">Böhme</publisher>. 1 Thlr. <lb/>Dieselben einzeln: <lb/><title>No. 1, Der Stern der Liebe. (Es fällt ein Stern herunter)</title> 10 Gr. <lb/>– <title>2, Frage und Antwort. (So viel Wellen als da kommen)</title> 10 Gr. <lb/>– <title>3, Blaue Augen. (Schön ist’s, wenn durch Birkenwipfel)</title> 6 Gr. <lb/>– <title>4, In Liebchens Armen. (O wenn mein Liebchen im Arme mir ruht)</title>. 6 Gr.</wip></div>
<pb n="60"/>
<div id="hofm_1840_04_0060_div19"><head><hofClass key="hofCl_0102">Mehrstimmige Gesänge mit und ohne Pianoforte.</hofClass></head>
<bibl id="hofm_1840_04_0060_01"><composer key="compo_011289">Girschner (C.F.J.)</composer> <title>3 Duettinen f. Mezzosopran (od. Ten.) u. Alt m. Begl. d. Pfte. Op. <opus key="opus_1999">28</opus>. <series>1stes Heft der Duettinen</series>. (Horch! wie still es wird – Es blüht ein schönes Blümchen – Schlaf mein Kind, schlaf ein!)</title> <pubPlace key="place_0371">Cöln</pubPlace>, <publisher key="publ_0864">Eck. u. Co</publisher>. 12 Gr.</bibl>
<bibl id="hofm_1840_04_0060_02"><composer key="compo_011636">Gollmick (C.)</composer> <title>Zwei Duetten f. Sopran u. Bass m. Pftebegl. Op. <opus key="opus_3385">55</opus>. (Ein kleines Haus – Wiege mich ein)</title>. <pubPlace key="place_0519">Offenbach</pubPlace>, <publisher key="publ_0065">André</publisher>. 54 Xr.</bibl>
<wip id="hofm_1840_04_0060_03"><composer key="compo_022762">Mehul</composer>, <title>Singstimmen zu den Chören und Ensemble-Stücken aus der Oper: Joseph</title>. <title>No. 3, Coro: Nein Gott der Herr (Non ! l’éternel)</title> 2 Fr. <title>No. 4, Finale: Ach sein Anblick (Ah ! ton aspect)</title> 4 Fr. <title>No. 5, Coro: Gott Israel (Dieu d’Israel)</title> 1 Fr. 25 Ct. <title>No. 8, Finale: Joseph mein Sohn (Oh mon Joseph)</title> 3 Fr. <title>No. 9, Coro: Lobt den Herrn! (Aux Accens)</title> 1 Fr. 50 Ct. <title>No. 11, Coro: Stets vermeide sie (Quitte pour toujours)</title> 3 Fr. No. 12, <title>Finale e Coro: Gott wie weise (Dieu de bonté)</title> 1 Fr. 25 Ct. <pubPlace key="place_0069">Bonn</pubPlace>, <publisher key="publ_3791">Simrock</publisher>.</wip>
<bibl id="hofm_1840_04_0060_04"><composer key="compo_028790">Ronconi (P.D. Felice)</composer> <title>La Promessa (Das Versprechen) Duetto p. Tenore e Mezzo-Soprano c. Acc. de Pfte. Op. <opus key="opus_3967">7</opus></title>. <pubPlace key="place_0519">Offenbach</pubPlace>, <publisher key="publ_0065">André</publisher>. 1 Fl. 12 Xr.</bibl>
<bibl id="hofm_1840_04_0060_05"><composer key="compo_030753">Schneider (Fr.)</composer> <title>6 altdeutsche Lieder f. 4 Männerstimmen ohne Begl. Op. <opus key="opus_4704">97</opus>. <series>13te Samml. d. Ges. f. Männerst</series>. (Wenn de Hoffnung nicht wär’ – Denk’ ich alleweil – Sommer will aus heissen Herzen – Ach herzig’s Herz – Hüpft ein Vöglein – Edele Liebe)</title>. <pubPlace key="place_0392">Leipzig</pubPlace>, <publisher key="publ_0437">Br. u. Härtel</publisher>. 16 Gr. </bibl>
</div><div id="hofm_1840_04_0060_div20"><head><hofClass key="hofCl_0268">Opernmusik mit Pianofortebegleitung.</hofClass></head>
<bibl id="hofm_1840_04_0060_06"><composer key="compo_001079">Auber (D.F.E.)</composer> <title>Couplets a. d. Oper: Fra Diavolo: Ja schon morgen (Oui c’est demain)</title>. <pubPlace key="place_0438">Mainz</pubPlace>, <publisher key="publ_3563">Schott</publisher>. 24 Xr.</bibl>
<bibl id="hofm_1840_04_0060_07"><composer key="compo_007196">Donizetti</composer>, <title>Recitativ und Duett aus der Oper: L’Ajo nell’ Imbarazzo f. 2 Bassstimmen. <format>Klavierauszug</format> und deutscher Text v. G. Reichardt (Le dirò cosi a quattr’ occhi – Nun so hört ganz im Vertrauen)</title>. <pubPlace key="place_0392">Leipzig</pubPlace>, <publisher key="publ_1746">Hofmeister</publisher>. 16 Gr.</bibl>
<bibl id="hofm_1840_04_0060_08"><composer key="compo_015478">Hoven</composer>, <title>Turandot, Prinzessin von Schiras. Grosse Oper in 2 Akten. Text nach Schiller. <format>Klavier-Auszug</format> vom Componisten</title>. <pubPlace key="place_0392">Leipzig</pubPlace>, <publisher key="publ_1119">Friese in Comm</publisher>. geb. 9 Thlr. n.</bibl>
</div><div id="hofm_1840_04_0060_div21"><head><hofClass key="hofCl_0040">Gesänge für eine Stimme mit Begleitung des Pianoforte.</hofClass></head>
<bibl id="hofm_1840_04_0060_09"><composer key="compo_004498">Bröer (Ern.)</composer> <title>Der drückende Schuh. Gedicht v. Grüning f. Alt oder Bass. (Wir sitzen wie die Götter)</title>. <pubPlace key="place_0082">Breslau</pubPlace>, <publisher key="publ_0640">Cranz</publisher>. 4 Gr.</bibl>
<bibl id="hofm_1840_04_0060_10"><composer key="compo_004716">Burgmüller (Norb.)</composer> <title>5 Gesänge. Op. <opus key="opus_0021">10</opus>, <series>3tes Heft der Gesänge</series>. (Unter den Linden an der Heide – So soll ich nun dich meiden – So hab’ ich nun die Stadt verlassen – Liebe, die sonst stets mit Freuden krönet – Was wecken aus dem Schlummer)</title>. <pubPlace key="place_0392">Leipzig</pubPlace>, <publisher key="publ_1746">Hofmeister</publisher>. 14 Gr.</bibl>
<bibl id="hofm_1840_04_0060_11"><composer key="compo_006306">Czerny (C.)</composer> <title>Der Engel der Geduld. Gedicht. Op. <opus key="opus_3550">596</opus>. (Es zieht ein stiller Engel)</title>. <pubPlace key="place_0392">Leipzig</pubPlace>, <publisher key="publ_0437">Br. u. Härtel</publisher>. 8 Gr.</bibl>
<bibl id="hofm_1840_04_0060_12"><composer key="compo_007199">Donizetti (G.)</composer> <title>Il Rinnegato. Der Renegat. Aria p. Basso ò Bariton</title>. (<series>Choix de Romances No. 199</series>.) <pubPlace key="place_0044">Berlin</pubPlace>, <publisher key="publ_3471">Schlesinger</publisher>. 10 Gr.</bibl>
<bibl id="hofm_1840_04_0060_13">*<composer key="compo_007225">Doppler (Jos.)</composer> <title>Ebestand’s Lied. (Der Eb’stand ist beim Licht beseh’n)</title>. <pubPlace key="place_0276">Hamburg</pubPlace>, <publisher key="publ_0640">Cranz</publisher>. 4 Gr.</bibl>
<bibl id="hofm_1840_04_0060_14"><composer key="compo_008634">Esser (X.)</composer> <title>6 deutsche Lieder. Op. <opus key="opus_2737">4</opus>. (O süsse Mutter ich kann nicht spinnen – Ich will die Fluren meiden – Ist des Herbstes Abend na<unclear>b</unclear>? – Mein Schatz! im fernen Land – Der Pilger kommt aus fernen Land – Die Abendglocken läuten)</title>. <pubPlace key="place_0069">Bonn</pubPlace>, <publisher key="publ_3791">Simrock</publisher>. 3 Fr.</bibl>
<pb n="61"/>
<wip id="hofm_1840_04_0061_01"><composer key="compo_009042">Felix (C.)</composer> <title>Jugendklänge von W.V.C. Pfeiffer. Op. <opus key="opus_1372">2</opus></title>. <title><series>3tes Heft der Jugendklänge</series>. (Geh’ ich zum Mäh’n zur Wiese – Von den fernen Meeren – Glücklich Sommervögelein – Die Sterne ziehn am Himmel)</title> 12 Gr. <title><series>4tes Heft der Jugendklänge</series>. (O wär’ ich doch ein Vöglein nur – Was schaut ihr schwarzen Föhren – Ich schleich’ in stiller Mondennacht – Ja lächelst du – Es tönt durch di Frühe)</title>. 10 Gr. <pubPlace key="place_0276">Hamburg</pubPlace>, <publisher key="publ_0540">Böhme</publisher>.</wip>
<bibl id="hofm_1840_04_0061_02"><composer key="compo_010955">Georg (Kronprinz von Hannover)</composer>. <title>6 Gedichte von E. Schulze. 1ste Samml. (Die Winde sausen am Tannenhang – Die ersten Veilchen die entsprossen – Frühling, der mit leisen Schwingen – Die Rose <sic>die die</sic> Theure mir gegeben – Die Sehnsucht klagt – Hätt’ ich dich nie gesehen)</title>. <pubPlace key="place_0280">Hannover</pubPlace>, <publisher key="publ_2808">Nagel</publisher>. 1 Thlr. 8 Gr.</bibl>
<bibl id="hofm_1840_04_0061_03">– <title>6 Lieder von Ernst Schulze. (O Leben, lass von dir hinweg mich scheiden – Du Veilchen auf der Frühlingsau – Du zarte Ros’ im Morgenthau – Durch di Thäler und über die Höhn – Still sitz’ ich an des Hügels Hang – Entfaltet lässt die weite Flur)</title>. <pubPlace key="place_0280">Hannover</pubPlace>, <publisher key="publ_4480">Woltmann</publisher>. 1 Thlr. 4 Gr.</bibl>
<bibl id="hofm_1840_04_0061_04"><composer key="compo_011609">Goldschmidt (Sigm.)</composer> <title>Der todte Tänzer. Sternenlied, f. Bass od. Bariton. Op. <opus key="opus_0001">1</opus>. (Die Jungfrau schläft in der Kammer – Es schauen die ewigen Sterne)</title>. <pubPlace key="place_0554">Prag</pubPlace>, <publisher key="publ_1729">Hoffmann</publisher>. 54 Xr.</bibl>
<bibl id="hofm_1840_04_0061_05"><composer key="compo_011636">Gollmick (C.)</composer> <title>Sehergabe. Ballade von A. Clemens f. Mezzo-Sopran. Op. <opus key="opus_3416">56</opus>. (Mutter, hör’ den Hörner Schall)</title>. <pubPlace key="place_0519">Offenbach</pubPlace>, <publisher key="publ_0065">André</publisher>. 36 Xr.</bibl>
<bibl id="hofm_1840_04_0061_06"><composer key="compo_015286">Holzmiller (Ed.)</composer> <title>4 Lieder. 1stes Heft. (So viel am Himmelskreise – Treue Liebe wacht – Nach der Liebe schönen Tagen – Wie dich die warme Luft umscherzt)</title>. <pubPlace key="place_0280">Hannover</pubPlace>, <publisher key="publ_4480">Woltmann</publisher>. 12 Gr.</bibl>
<bibl id="hofm_1840_04_0061_07">– <title>3 Lieder von Raupach und Schnabel. 2tes Heft. (Durchwandle froh dein Leben – Als der Zephir flog vorüber – Ich denke dein und freudiges Entzücken)</title>. Ebend. 10 Gr.</bibl>
<bibl id="hofm_1840_04_0061_08"><composer key="compo_016252">Jansen (Gust.)</composer> <title>6 Lieder und ein Duett. (Die linden Lüfte sind erwacht – Wenn im letzten Abendstrahl – Von Zweig zu Zweig zu hüpfen – Tiefe Stille herracht im Wasser – Seh’ ich die Sterne – Leise klingt von blauer Höh’ – Weil auf mir du dunkles Auge)</title>. <pubPlace key="place_0069">Bonn</pubPlace>, <publisher key="publ_3791">Simrock</publisher>. 2 Fr.</bibl>
<bibl id="hofm_1840_04_0061_09"><composer key="compo_018639">Krebs (C.)</composer> <title>Der Zigeunerknabe im Norden, f. Sopr. od. Ten. Op. <opus key="opus_3204">50</opus>. (Fern im Süd das schöne Spanien)</title> <pubPlace key="place_0276">Hamburg</pubPlace>, <publisher key="publ_3605">Schuberth u. Co</publisher>. 8 Gr.</bibl>
<bibl id="hofm_1840_04_0061_10">– Idem f. Alt oder Bariton. Ebend. 8 Gr.</bibl>
<bibl id="hofm_1840_04_0061_11">– <title>Die Heimath. Lied f. Sopr. od. Ten. Op. <opus key="opus_3416">56</opus>. (In der Heimath ist es schön)</title>. Ebend. 8 Gr.</bibl>
<bibl id="hofm_1840_04_0061_12">– Idem f. Alt od. Bariton. Ebend. 8 Gr.</bibl>
<bibl id="hofm_1840_04_0061_13">– <title>Nichts Schöneres. Lied. f. Sopr. od. Ten. Op. <opus key="opus_3454">57</opus>. (Als ich zuerst Dich hab’ gesehn)</title>. Ebend. 8 Gr.</bibl>
<bibl id="hofm_1840_04_0061_14">– Idem f. Alt od. Bariton. Ebend. 8 Gr.</bibl>
<bibl id="hofm_1840_04_0061_15">– <title>Die blaue Schleife. Gedicht von Arnold f. Sopran od. Ten. Op. <opus key="opus_3529">59</opus>. (Lieblich glänzt des Himmels Bläue)</title>. <pubPlace key="place_0276">Hamburg</pubPlace>, <publisher key="publ_0540">Böhme</publisher>. 8 Gr.</bibl>
<bibl id="hofm_1840_04_0061_16">– Idem f. Alt od. Bass. Ebend. 8 Gr.</bibl>
<bibl id="hofm_1840_04_0061_17"><composer key="compo_021131">Liste (A.)</composer> <title>Sehnsucht nach dem Rigi. (Wann schlägt mir wohl die frohe Stunde)</title>. <pubPlace key="place_0069">Bonn</pubPlace>, <publisher key="publ_3791">Simrock</publisher>. 65 Ct.</bibl>
<pb n="62"/>
<bibl id="hofm_1840_04_0062_01"><composer key="compo_024215">Müller (Georg)</composer> <title>6 Gedichte aus Bilder des Orients von H. Stieglitz f. Sopr. od. Ten. Op. <opus key="opus_1068">17</opus>, <series>2te Samml. d. Sopran-Gesänge</series>. (In des Mondes lichtem Silberglanze – Ich schaukle leicht im grünen Laub – Wo schweifst du, Turan – Und weckt nicht meines Herzens Sehnen – Wie die Blume sich erschliesset – Der warme Kuss, gehaucht auf’s Roth der Rose)</title>. <pubPlace key="place_0078">Braunschweig</pubPlace>, <publisher key="publ_2681">Meyer</publisher> 16 Gr.</bibl>
<bibl id="hofm_1840_04_0062_02">– <title>Gesänge und Lieder f. Sopran od. Ten. Op. <opus key="opus_1165">18</opus>. Heft 1. <series>3te Samml. d. Sopran-Gesänge</series>. (Ihr Lämmlein rufr ihr so früh – Auf ewig dein!)</title> Ebend. 16 Gr.</bibl>
<bibl id="hofm_1840_04_0062_03"><composer key="compo_024804">Nicolai (G.)</composer> <title>Des Seilers Tochter. Ballade von Ferrand. Op. <opus key="opus_0684">14</opus>. (Er sass in wüster Gesellen Kreise)</title>.<sic>)</sic> <pubPlace key="place_0276">Hamburg</pubPlace>, <publisher key="publ_3605">Schuberth u. Co</publisher>. 12 Gr.</bibl>
<bibl id="hofm_1840_04_0062_04">– <title>Des Liebe Lust und Leid. Liederkranz v. Gentzel. Op. <opus key="opus_1271">19</opus>. (Auf der Erde steht der Himmel – Weisst’ was mein Liebchen macht – Kennst du meine schönste Stund’ – Stern du schaust so lüstern – Was strömt, o Himmel – Es ist vorbei)</title>. Ebend. 14 Gr.</bibl>
<bibl id="hofm_1840_04_0062_05"><composer key="compo_026351">Philipp (B.E.)</composer> <title>Der alte Fritz. Lied v. Geisheim. (Vor hundert Jahren sassen)</title>. <pubPlace key="place_0082">Breslau</pubPlace>, <publisher key="publ_2386">Leuckart</publisher>. 6 Gr.</bibl>
<listBibl><bibl id="hofm_1840_04_0062_06"><composer key="compo_027193">Puget (Mlle L.)</composer> <title>Jeune Fille à quinze Ans. Fünfzehn Jahr. Romance</title>. <pubPlace key="place_0438">Mainz</pubPlace>, <publisher key="publ_3563">Schott</publisher>. 18 Xr.</bibl>
<bibl id="hofm_1840_04_0062_07">– <title>La Retraite. Die Retraite. Romance</title>. Ebend. 27 Xr. <lb/>(<series>Choix d’Airs et Romances No. 504. 505.</series>)</bibl></listBibl>
<bibl id="hofm_1840_04_0062_08"><composer key="compo_027982">Reissiger (C.G.)</composer> <title>6 deutsche Lieder. Op. <opus key="opus_0744">144</opus>. 44ste Samml. (Es zieht den hellen Strom hinüber – Siehst du am Abend die Wolken ziehn – Von der Loire grünenden Ufer – Weit weit wohnt meine Maid – Hold’ Annchen sass am Rädchen – Dass ich im Frühling scheiden soll)</title>. Hamburg, Schuberth u. Co. 14 Gr.</bibl>
<bibl id="hofm_1840_04_0062_09"><composer key="compo_028790">Ronconi (P.D. Felice)</composer> <title>Il Lamento. (Die Wehklage) p. Basso profondo o Contralto. Op. <opus key="opus_3565">6</opus></title>. <pubPlace key="place_0519">Offenbach</pubPlace>, <publisher key="publ_0065">André</publisher>. 48 Xr.</bibl>
<bibl id="hofm_1840_04_0062_10"><composer key="compo_028792">Rondonneau (Mme Elise)</composer> <title>Notre Baronne. Unsere Gräfin. Chansonette</title>. (<series>Choix d’Airs No. 501</series>). <pubPlace key="place_0438">Mainz</pubPlace>, <publisher key="publ_3563">Schott</publisher>. 18 Xr.</bibl>
<bibl id="hofm_1840_04_0062_11"><composer key="compo_028886">Rosenhain (J.)</composer> <title>4 Lieder v. H. Heine. Op. <opus key="opus_1661">23</opus>, (Im wunderschönen Monat Mai – Hör’ ich das Liedchen klingen – Ein Jüngling liebt ein Mädchen – Ein Fichtenbaum steht einsam)</title>. <pubPlace key="place_0392">Leipzig</pubPlace>, <publisher key="publ_0437">Br. u. Härtel</publisher>. 10 Gr.</bibl>
<bibl id="hofm_1840_04_0062_12"><composer key="compo_030714">Schnabel (C.)</composer> <title>Keine Idee! Scherzhaftes Gedicht. (So manchen sieht man auf der Welt)</title>. <pubPlace key="place_0082">Breslau</pubPlace>, <publisher key="publ_2386">Leuckart</publisher>. 4 Gr.</bibl>
<bibl id="hofm_1840_04_0062_13"><composer key="compo_036037">Wallerstein (Ant.)</composer> <title>Lieder aus meinem Tagebuche. 11tes Werk. 2tes Heft, (Maria möcht’ ich dich begrüssen – Der Wächter ruft zwei Uhr – Ich liebe dich! – Es zieht ein stiller Engel – Was mich erfreuen könnte – Leise rauscht es in den Bäumen)</title>. <pubPlace key="place_0280">Hannover</pubPlace>, <publisher key="publ_2808">Nagel</publisher>. 18 Gr.</bibl>
<bibl id="hofm_1840_04_0062_14"><composer key="compo_037276">Wiseneder (Caroline)</composer> <title>Mein Wunsch und Gretchens Beichte. 2 Gedichte von Hoffmann v. Fallersleben. (Wär’ ich eine Nachtigall – Wieder ist es lange zuhn)</title>. <pubPlace key="place_0078">Braunschweig</pubPlace>, <publisher key="publ_4321">Weinholtz</publisher>. 4 Gr.</bibl>
</div><div id="hofm_1840_04_0062_div22"><head><hofClass key="hofCl_0047">Gesänge mit Begleitung der Guitarre.</hofClass></head>
<bibl id="hofm_1840_04_0062_15"><composer key="compo_021325">Lortzing</composer>, <title>Lied aus der Oper: Czaar und Zimmermann. (Sonst spielt ich mit Scepter und Krone) m. Begl. d. Guit. eing. v. J.N. v. Bobrowicz</title>. <pubPlace key="place_0392">Leipzig</pubPlace>, <publisher key="publ_0437">Br. u. Härtel</publisher>. 4 Gr.</bibl></div>
<pb n="63"/>
<div id="hofm_1840_04_0063_div23"><head><hofClass key="hofCl_0077">Lehrbücher für den Gesang.</hofClass></head>
<wip id="hofm_1840_04_0063_01"><composer key="compo_008762">Faber (K.)</composer> <title>Vollständiger Gesangkursus f. Volksschulen, oder kurze Anleitung z. zweckm. Gesang-Unterricht in Volksschulen</title>. <title>1ste Abth. Kurzegefasste Anleitung zum Singen, nebst 40 Kinderliedern und Uebungsstücken</title>. 4 Gr. n. <title>2te Abth. 73 zwei- und dreistimmige Kinder- und Jugendlieder</title>. 9 Gr. n. <pubPlace key="place_0392">Leipzig</pubPlace>, <publisher key="publ_0437">Br. u. Härtel</publisher>.</wip>
<bibl id="hofm_1840_04_0063_02"><composer key="compo_025698">Panseron (A.)</composer> <title>Neueste vollständige theoretisch-praktische Gesang-Schule (Methode de Vocalisation) 3te Lief</title>. <pubPlace key="place_0371">Cöln</pubPlace>, <publisher key="publ_0864">Eck. u. Co</publisher>. 16 Gr. n.</bibl>
</div><div id="hofm_1840_04_0063_div24"><head><hofClass key="hofCl_0287">Theoretische Werke.</hofClass></head>
<bibl id="hofm_1840_04_0063_03"><author>Schilling (Hofr. Dr. Gust.)</author> <title>Universal-Lexicon der Tonkunst. Supplementband. 2te Lief. Bog. 8–14. (Eiser – Jäger)</title> 8. <pubPlace key="place_0662">Stuttgart</pubPlace>, <publisher key="publ_2224">Köhler</publisher>. 10 Gr. n.</bibl>
<bibl id="hofm_1840_04_0063_04"><author>Töpfer (J.G.)</author> <title>Anleitung zur Erhaltung und Stimmung der Orgel f. Organisten, welche ihre Orgel selbst in Stimmung u. gutem Zustande erhalten wollen</title>. 8. <pubPlace key="place_0327">Jena</pubPlace>, <publisher key="publ_2588">Mauke</publisher>. geh. 8 Gr. n.</bibl>
</div>
</body></text></TEI.2>