<?xml version="1.0" encoding="utf-8"?>
<!DOCTYPE TEI.2
  SYSTEM "../../dtd/tei/cch_tei.dtd">
<TEI.2 id="hofm_1840_10">
<teiHeader type="text"><fileDesc><titleStmt><title>October 1840</title></titleStmt><publicationStmt><p/></publicationStmt><sourceDesc><p/></sourceDesc></fileDesc><profileDesc><langUsage><language id="ger">German</language><language id="fre">French</language><language id="ita">Italian</language></langUsage></profileDesc><revisionDesc><change><date>2008-09-11</date><respStmt><name>EP</name></respStmt><item>&lt;seriesInfo&gt; element renamed into &lt;series&gt;</item></change><change><date>2007-04-27</date><respStmt><name>RV</name></respStmt><item>Changed "biblGroup" elements in "listBibl"</item></change><change><date>2007-03-02</date><respStmt><name>EP</name></respStmt><item>Checked curly brackets</item></change><change><date>2007-02-26</date><respStmt><name>EP</name></respStmt><item>Encoded curly brackets</item></change><change><date>2006-12-19</date><respStmt><name>EP</name></respStmt><item>sic and unclear moved outside elements pubplaces, publisher, composer, hofclass, key, opus</item></change><change><date>2006-03-15</date><respStmt><name>Sarah</name></respStmt><item>Fixed Xrefs</item></change><change><date>2005-10-24</date><respStmt><name>Liz</name></respStmt><item>p. 140 Rinteln (not Rintelo)</item></change><change><date>2005-06-06</date><respStmt><name>Sarah</name></respStmt><item>Corrections following checking pages.</item></change><change><date>2005-02-08</date><respStmt><name>Sarah</name></respStmt><item>Fixed HofClass headings.</item></change><change><date>2005-01-24</date><respStmt><name>Sarah</name></respStmt><item>Adjusted spacing following comments from Liz.</item></change><change><date>2005-01-20</date><respStmt><name>Sarah</name></respStmt><item>Added file title, fixed edition / format.</item></change><change><date>2004-12-02</date><respStmt><name>Sarah</name></respStmt><item>Revised coding based on feedback from Liz</item></change><change><date>2004-10-30</date><respStmt><name>Sarah</name></respStmt><item>Corrections made following comments from Liz. &lt;album&gt; tags and {} fixed.</item></change><change><date>2004-10-28</date><respStmt><name>Sarah</name></respStmt><item>First encoding 28/10/2004</item></change></revisionDesc></teiHeader>
<text><body><head>October 1840.</head><pb n="130"/>
<div id="hofm_1840_10_0130_div01"><head><hofClass key="hofCl_0164">Musik für das Orchester.</hofClass></head>
<bibl id="hofm_1840_10_0130_01"><composer key="compo_001064">Attern (Wilh.)</composer> <title>Erste Simphonie f. grosses Orchester. Op. <opus key="opus_0684">14</opus>, in <key>Cm</key></title>. (Herrn Dr. L. Spohr gew.) <pubPlace key="place_0069">Bonn</pubPlace>, <publisher key="publ_2734">Mompour</publisher> 4 Thlr.</bibl>
<wip id="hofm_1840_10_0130_02"><title><series>Ball-Tänze f. kleines Orchester</series></title>. <title>5te Lief. v. Fr. Störr</title>. 10 Gr. <title>6te Lief. Die Nacheiferer. Walzer u. Française v. J.G. Pröhl. Op. <opus key="opus_1372">2</opus></title>, 20 Gr. <pubPlace key="place_0110">Chemnitz</pubPlace>, <publisher key="publ_1807">Häcker</publisher>.</wip>
<bibl id="hofm_1840_10_0130_03"><composer key="compo_002077">Beethoven (L. v.)</composer> <title>Ouverture d’Egmont. <format><sic>Partitition</sic></format></title> 8vo. <pubPlace key="place_0392">Leipzig</pubPlace>, <publisher key="publ_0437">Br. et Härtel</publisher> geh. 1 Thlr.</bibl>
<bibl id="hofm_1840_10_0130_04"><composer key="compo_003679">Bonn (H.)</composer> <title>Cassino, die Musikgesellschaft auf dem Lande. Sammlung von Potpourris aus den beliebtesten Opern f. 8stimmiges Orchester, als: 2 Violinen, Alt, Bass, Flöte, Clarinette u. 2 Hörner. No. 2, Bellini, Norma</title>. <pubPlace key="place_0475">München</pubPlace>, <publisher key="publ_0028">Aibl</publisher> 2 Fl. 42 Xr.</bibl>
<bibl id="hofm_1840_10_0130_05"><composer key="compo_015336">Hopfe (Jul.)</composer> <title>Tanz-Musik f. kleines Orchester. Tänze im neuesten Geschmack. 5-, 6-, 7- und 8stimmige zu spielen. 9tes Heft. Op. <opus key="opus_1271">19</opus></title>. <pubPlace key="place_0170">Eisleben</pubPlace>, <publisher key="publ_3181">Reichardt</publisher> 8 Gr. n.</bibl>
<bibl id="hofm_1840_10_0130_06"><composer key="compo_016840">Kalliwoda (J.W.)</composer> <title>5ième Sinfonie à grand Orchestre. Oe. <opus key="opus_0163">106</opus>, in <key lang="ger">Hm</key></title>. <pubPlace key="place_0392">Leipzig</pubPlace>, <publisher key="publ_3023">Peters</publisher> 5 Thlr. 8 Gr.</bibl>
<bibl id="hofm_1840_10_0130_07"><composer key="compo_019684">Lachner (Fr.)</composer> <title>Dritte Sinfonie f. grosses Orchester. Op. <opus key="opus_2804">41</opus>, in <key>Dm</key></title>. <format>Partitur</format> geh. 15 Fl. <format>Auflagestimmen</format> 15 Fl. 30 Xr. <pubPlace key="place_0731">Wien</pubPlace>, <publisher key="publ_0735">Diabelli u. Co</publisher>.</bibl>
<bibl id="hofm_1840_10_0130_08"><composer key="compo_021559">Lvoff (Alex.)</composer> <title>Volkslied der Russen, f. Infanterie- und f. Cavallerie-Musik. <format>Partitur</format></title>. <pubPlace key="place_0044">Berlin</pubPlace>, <publisher key="publ_3471">Schlesinger</publisher> 8 Gr.</bibl>
<bibl id="hofm_1840_10_0130_09"><title>Militair-Musik. Eine Sammlung kurzer und längerer Piecen. 7- oder 14stimmig. 17te Lief. (3. Jahrg., 5tes Heft) von C.G. Belcke</title>. <pubPlace key="place_0110">Chemnitz</pubPlace>, <publisher key="publ_1807">Häcker</publisher> 12 Gr. n.</bibl>
<bibl id="hofm_1840_10_0130_10"><composer key="compo_023890">Mozart (W.A.)</composer> <title>Ouvertures à grand Orchestre. <format>Partition</format>. No. 1, Idomeneo</title>. 8. <pubPlace key="place_0044">Berlin</pubPlace>, <publisher key="publ_3471">Schlesinger</publisher>. 1 Thlr. (Subsc.-Pr. 12 Gr. n.)</bibl>
<bibl id="hofm_1840_10_0130_11">– <title>Sinfonie. No. 11, in <key>B</key>. <format>Partitur</format></title>. 8vo. <pubPlace key="place_0392">Leipzig</pubPlace>, <publisher key="publ_0437">Br. et Härtel</publisher> geh. 1 Thlr. 8 Gr.</bibl>
<bibl id="hofm_1840_10_0130_12"><composer key="compo_033569">Strauss (Joh.)</composer> <title><series>Walzer f. Orchester. No. 48</series>, Cäcilien-Walzer. Op. <opus key="opus_0409">120</opus></title>. <pubPlace key="place_0731">Wien</pubPlace>, <publisher key="publ_1506">Haslinger</publisher>. 3 Fr.</bibl>
<bibl id="hofm_1840_10_0130_13"><title>Tänze (neue) für kleines Orchester, 4te Samml. 9tes Heft, von <composer key="compo_027171">J.G. Pröhl</composer></title>. <pubPlace key="place_0110">Chemnitz</pubPlace>, <publisher key="publ_1807">Häcker</publisher>. 8 Gr. n.</bibl>
<bibl id="hofm_1840_10_0130_14"><composer key="compo_035945">Walch (J.H.)</composer> <title>Pièces d’Harmonie p. Musique militaire p. 4 Clarinettes, Flûte (Hautb. ad lib.) 2 Cors, 2 Bassons et Serpent, 2 Tromp., 3 Tromb., Tamb. gr. et petit. Liv. 27</title>. <pubPlace key="place_0392">Leipzig</pubPlace>, <publisher key="publ_3023">Peters</publisher> 2 Thlr. 20 Gr.</bibl>
</div><div id="hofm_1840_10_0130_div02"><head><hofClass key="hofCl_0245">Musik für die Violine.</hofClass></head>
<bibl id="hofm_1840_10_0130_15"><composer key="compo_010656">Gard (J.)</composer> u <composer key="compo_025689">Panofka</composer>, <title>Erheiterungen. Auswahl von 102 Stücken aus den beliebtesten Opern und Romanzen von Auber, Bellini, Halevy, Meyerbeer, Rossini, Weber, etc. f. 2 Violinen, 6 Suiten. No. 5</title>. <pubPlace key="place_0044">Berlin</pubPlace>, <publisher key="publ_3471">Schlesinger</publisher> 16 Gr.</bibl>
<bibl id="hofm_1840_10_0130_16"><composer key="compo_013697">Haydn (Jos.)</composer> <title>Partitions des Quatuors p. 2 Violons, Alto et Vclle. <edition>Nouv. Edition</edition>. No. 9, in <key>Fism</key></title>. 8vo. <pubPlace key="place_0044">Berlin</pubPlace>, <publisher key="publ_4067">Trautwein</publisher> geh. 12 Gr. n. (Subsc.-Pr. 8 Gr. n.)</bibl>
<bibl id="hofm_1840_10_0130_17"><composer key="compo_016840">Kalliwoda (J.W.)</composer> <title>Quatre Valses brillantes av. Intr. et Coda p. Violon av. Acc. de Pfte. Oe. <opus key="opus_0115">103</opus></title>. <pubPlace key="place_0392">Leipzig</pubPlace>, <publisher key="publ_3023">Peters</publisher> 18 Gr.</bibl>
<bibl id="hofm_1840_10_0130_18"><composer key="compo_019691">Lachner (V.)</composer> <title>Quintetto p. 2 Violons, 2 Altos et Violoncelle. Oe. <opus key="opus_4300">8</opus>, in <key>C</key></title>. (Déd. à Mr. B. Molique.) <pubPlace key="place_0438">Mainz</pubPlace>, <publisher key="publ_3563">Schott</publisher>. 4 Fl. 48 Xr.</bibl>
<bibl id="hofm_1840_10_0130_19"><composer key="compo_020496">Lemming (F.C.)</composer> <title>12 Etudes fantastiques p. Violon</title>. <pubPlace key="place_0360">Copenhagen</pubPlace>, <publisher key="publ_2487">Lose et Olsen</publisher>. 18 Gr.</bibl>
<pb n="131"/>
<bibl id="hofm_1840_10_0131_01"><composer key="compo_021559">Lvoff (Alex.)</composer> <title>Seconde Fantaisie sur des Airs nationaux russes p. Violon av. Acc. de l’Orchestre et d’un Choeur ad lib. Oe. <opus key="opus_3181">5</opus>, in <key>E</key></title>. <pubPlace key="place_0044">Berlin</pubPlace>, <publisher key="publ_3471">Schlesinger</publisher> 2 Thlr. 6 Gr.</bibl>
<bibl id="hofm_1840_10_0131_02">– Idem av. Acc. de Pfte. Ebend. 1 Thlr.</bibl>
<bibl id="hofm_1840_10_0131_03"><composer key="compo_022558">Maurer (L.)</composer> <title>3ième Concerto p. Violon av. Acc. de Pfte. (in <key>D</key>.)</title> <pubPlace key="place_0392">Leipzig</pubPlace>, <publisher key="publ_3023">Peters</publisher> 2 Thlr.</bibl>
<bibl id="hofm_1840_10_0131_04"><composer key="compo_025363">Onslow (G.)</composer> <title>25ième Quintetto p. 2 Violons, Alto et 2 Violoncelles (ou Vclle et Contre-Basse.) Oe. <opus key="opus_3658">61</opus>, in <key>As</key></title>. (Déd. à Mr. Servais.) <pubPlace key="place_0392">Leipzig</pubPlace>, <publisher key="publ_2017">Kistner</publisher>. 2 Thlr. 8 Gr.</bibl>
<bibl id="hofm_1840_10_0131_05"><composer key="compo_025692">Panofka (Henri)</composer> <title>Air varié brillant et non difficile sur des Motifs de l’Opéra : Le Sherif de Halevy p. Violon av. Acc. de Pfte. Oe. <opus key="opus_2066">29</opus>, in <key>E</key></title>. <pubPlace key="place_0392">Leipzig</pubPlace>, <publisher key="publ_1746">Hofmeister</publisher>. 16 Gr.</bibl>
<bibl id="hofm_1840_10_0131_06"><composer key="compo_031994">Seligmann (Jul.)</composer> <title>Divertissement sur des Thêmes de l’Opéra : La Sonnambule p. Violon av. Acc. de Pfte. Oe. <opus key="opus_1372">2</opus>, in <key>A</key></title>. Hamburg, Niemeyer 18 Gr.</bibl>
<bibl id="hofm_1840_10_0131_07"><composer key="compo_033569">Strauss (Joh.)</composer> <title><series>Walzer und Cotillons f. 2 Violinen (3te Viol. ad lib.) u. Bass. No. 74</series>, Cäcilien-Walzer. Op. <opus key="opus_0409">120</opus></title>. <pubPlace key="place_0731">Wien</pubPlace>, <publisher key="publ_1506">Haslinger</publisher>. 1 Fl.</bibl>
</div><div id="hofm_1840_10_0131_div03"><head><hofClass key="hofCl_0184">Musik für das Violoncelle.</hofClass></head>
<bibl id="hofm_1840_10_0131_08"><composer key="compo_009748">Franco-Mendes (J.)</composer> <title>8 Fantaisies faciles sur des Motifs choisis de Rossini, Auber et Herold p. Violoncelle seul. 3me Suite</title>. <pubPlace key="place_0438">Mainz</pubPlace>, <publisher key="publ_3563">Schott</publisher>. 54 Xr.</bibl>
<bibl id="hofm_1840_10_0131_09"><composer key="compo_021559">Lvoff (Alex.)</composer> et <composer key="compo_034169">Guill. Taubert</composer>, <title>Divertimento p. Violoncelle et Violon av. Acc. de Pfe (ou petite Orgue.) Oe. <opus key="opus_2737">4</opus>, in <key>C</key></title>. <pubPlace key="place_0044">Berlin</pubPlace>, <publisher key="publ_3471">Schlesinger</publisher> 20 Gr.</bibl>
</div><div id="hofm_1840_10_0131_div04"><head><hofClass key="hofCl_0200">Musik für die Flöte.</hofClass></head>
<wip id="hofm_1840_10_0131_10"><composer key="compo_006921">Diabelli (Ant.)</composer> <title><series>Productionen im häuslichen Freundschafts-Zirke f. Flöte m. Begl. d. Pfte</series></title>. <pubPlace key="place_0731">Wien</pubPlace>, <publisher key="publ_0735">Diabelli u. Co</publisher>. à 1 Fl. <listBibl rend="curly"><bibl><seg><title>No. 45, 1stes</title></seg><seg id="hofm_1840_10_0131_10_1" rend="curly-left"><title>Potpourri nach Motiven der Oper: Die Nachtwandlerin (La Sonnambula) von V. Bellini</title>. </seg></bibl><bibl><seg>– <title>46, 2tes</title></seg><seg sameAs="hofm_1840_10_0131_10_1"/></bibl></listBibl></wip>
<bibl id="hofm_1840_10_0131_11"><composer key="compo_033569">Strauss (Joh.)</composer> <title><series>Lieblings-Walzer f. Flöte. No. 67</series>, Cäcilien-Walzer. Op. <opus key="opus_0409">120</opus></title>. <pubPlace key="place_0731">Wien</pubPlace>, <publisher key="publ_1506">Haslinger</publisher> 20 Xr.</bibl>
</div><div id="hofm_1840_10_0131_div05"><head><hofClass key="hofCl_0131">Musik für verschiedene Blasinstrumente.</hofClass></head>
<bibl id="hofm_1840_10_0131_12"><composer key="compo_005448">Cavallini (Ern.)</composer> <title>6 Capriccios f. Clarinet. Op. <opus key="opus_2737">4</opus></title>. <pubPlace key="place_0437">Milano</pubPlace>, <publisher key="publ_3241">Ricordi</publisher>. 4 Fr. 50 Ct.</bibl>
<bibl id="hofm_1840_10_0131_13">– <title>6 Capricci p. Clarinetto. Op. <opus key="opus_3181">5</opus></title>. Ebend. 4 Fr.</bibl>
<bibl id="hofm_1840_10_0131_14"><composer key="compo_008806">Fahrbach (Jos.)</composer> <title>Neueste Wiener Clarinetten-Schule mit besonderer Rücksicht auf den Selbstunterricht nach einer eigenen ganz neuen sehr fasslichen practischen Methode. Op. <opus key="opus_0927">16</opus></title>. <pubPlace key="place_0731">Wien</pubPlace>, <publisher key="publ_0735">Diabelli u. Co</publisher>. geh. 4 Fl. 30 Xr.</bibl>
<bibl id="hofm_1840_10_0131_15"><composer key="compo_033569">Strauss (Joh.)</composer> <title><series>Lieblings-Walzer f. Csakan. No. 67</series>, Cäcilien-Walzer. Op. <opus key="opus_0409">120</opus></title>. <pubPlace key="place_0731">Wien</pubPlace>, <publisher key="publ_1506">Haslinger</publisher> 20 Xr.</bibl>
</div><div id="hofm_1840_10_0131_div06"><head><hofClass key="hofCl_0205">Musik für die Guitarre.</hofClass></head>
<bibl id="hofm_1840_10_0131_16"><composer key="compo_033569">Strauss (Joh.)</composer> <title><series>Lieblings-Walzer f. Guitarre. No. 48</series>, Cäcilien-Walzer. Op. <opus key="opus_0409">120</opus></title>. <pubPlace key="place_0731">Wien</pubPlace>, <publisher key="publ_1506">Haslinger</publisher> 30 Xr.</bibl>
</div><div id="hofm_1840_10_0131_div07"><head><hofClass key="hofCl_0167">Musik für das Pianoforte mit Begleitung.</hofClass></head>
<bibl id="hofm_1840_10_0131_17"><composer key="compo_002077">Beethoven (L. van)</composer> <title>Sonate f. Pfte u. Violine. Op. <opus key="opus_4687">96</opus>, in <key>G</key>. <edition>Neue Ausgabe</edition></title>. <pubPlace key="place_0731">Wien</pubPlace>, <publisher key="publ_1506">Haslinger</publisher> 2 Fl. 30 Xr.</bibl>
<bibl id="hofm_1840_10_0131_18"><composer key="compo_002300">Bendl (C.)</composer> <title><series>Walzer u. Galoppen f. Violine u. Pfte. No. 26</series>, Damen-Cadeaux. Walzer. Op. <opus key="opus_1881">26</opus></title>. <pubPlace key="place_0731">Wien</pubPlace>, <publisher key="publ_0735">Diabelli u. Co</publisher>. 50 Xr.</bibl>
<pb n="132"/>
<wip id="hofm_1840_10_0132_01"><composer key="compo_006921">Diabelli (Ant.)</composer> <title><series>Concordance. Periodisches Werk f. Pfte u. Violine concertant</series></title>. <pubPlace key="place_0731">Wien</pubPlace>, <publisher key="publ_0735">Diabelli u. Co</publisher>. à 1 Fl. <listBibl rend="curly"><bibl><seg><title>No. 30, 1stes</title></seg><seg id="hofm_1840_10_0132_01_1" rend="curly-left"><title>Potpourri nach Motiven der Oper: Die Nachtwandlerin (La Sonnambula) von V. Bellini</title>. </seg></bibl><bibl><seg>– <title>31, 2tes</title></seg><seg sameAs="hofm_1840_10_0132_01_1"/></bibl></listBibl></wip>
<bibl id="hofm_1840_10_0132_02"><composer key="compo_012184">Gross (G.A.)</composer> <title>Amusements p. des jeunes Amateurs. 3 Rondos faciles p. Pfte et Violon obl. Oe. <opus key="opus_0234">11</opus>, Cah. 1, in <key>G</key></title>. <pubPlace key="place_0276">Hamburg</pubPlace>, <publisher key="publ_2870">Niemeyer</publisher> 14 Gr.</bibl>
<bibl id="hofm_1840_10_0132_03"><composer key="compo_014550">Herz (H.)</composer> et <composer key="compo_019725">Lafont</composer>, <title>6 Amusements p. Pfte et Violon. Oe. <opus key="opus_0182">107</opus>. No. 4, Chant saxon (in <key>F</key>.) No. 5, Andante de Beethoven (in <key>Am</key>.) No. 6, Valse viennoise (in <key>G</key>.)</title> <pubPlace key="place_0438">Mainz</pubPlace>, <publisher key="publ_3563">Schott</publisher>. à 1 Fl. 21 Xr.</bibl>
<bibl id="hofm_1840_10_0132_04"><composer key="compo_021359">Louis (N.)</composer> <title>2ième Trio p. Pfte, Violon et Violoncelle. Oe. <opus key="opus_4542">89</opus>, in <key>E</key></title>. Ebend. 4 Fl. 12 Xr.</bibl>
<wip id="hofm_1840_10_0132_05"><composer key="compo_024904">Nisle (J.)</composer> <title>6 Duos brillants p. Pfte et Cor concertants. Oe. <opus key="opus_3244">51</opus></title>. <title>Liv. 1. 2</title>. <pubPlace key="place_0044">Berlin</pubPlace>, <publisher key="publ_3471">Schlesinger</publisher> à 16 Gr.</wip>
<bibl id="hofm_1840_10_0132_06">– Idem p. Pfte et Violoncelle. Oe. <opus key="opus_3244">51</opus>. Liv. 1. 2. Ebend. à 16 Gr.</bibl>
<bibl id="hofm_1840_10_0132_07"><composer key="compo_027982">Reissiger (C.G.)</composer> <title>13ième Trio p. Pfte, Violon et Vclle. Oe. <opus key="opus_0830">150</opus>, in <key>Em</key></title>. <pubPlace key="place_0392">Leipzig</pubPlace>, <publisher key="publ_3023">Peters</publisher> 2 Thlr. 4 Gr.</bibl>
<bibl id="hofm_1840_10_0132_08"><composer key="compo_033569">Strauss (Joh.)</composer> <title><series>Walzer u. Cotillons f. Violine u. Pfte. No. 75</series>, Cäcilien-Walzer. Op. <opus key="opus_0409">120</opus></title>. <pubPlace key="place_0731">Wien</pubPlace>, <publisher key="publ_1506">Haslinger</publisher> 45 Xr.</bibl>
<bibl id="hofm_1840_10_0132_09">– <title>Walzer f. Flöte u. Pfte. No. 1, Die Berggeister. Op. <opus key="opus_0299">113</opus>. No. 2, Wiener Gemüths-Walzer. Op. <opus key="opus_0335">116</opus>. No. 3, Cäcilien-Walzer. Op. <opus key="opus_0409">120</opus></title>. Ebend. à 45 Xr.</bibl>
</div><div id="hofm_1840_10_0132_div08"><head><hofClass key="hofCl_0115">Musik für zwei Pianoforte und für das Pianoforte zu 6 Händen.</hofClass></head>
<wip id="hofm_1840_10_0132_10"><composer key="compo_023890">Mozart (W.A.)</composer> <title>Auswahl der vorzüglichsten Tonwerke f. 2 Pfte eing. v. Ludw. Gall</title>. <title>Lief. 11. 12. (Sinfonie in <key>C</key>. mit der Fuge. Bogen 4–7. Choeur au Mélodrame : Le Roi Thamos.)</title> <pubPlace key="place_0731">Wien</pubPlace>, <publisher key="publ_0106">Artaria et Co</publisher>. <pubPlace key="place_0392">Leipzig</pubPlace>, <publisher key="publ_1746">Hofmeister</publisher> Subscr.-Pr. 2 Fl. 8 Xr. Complett erschien und ist einzeln zu haben: <lb/>– <title>Sinfonie No. 3, in <key>C</key>. mit der Fuge</title>. 5 Fl. 15 Xr. <lb/>– <title>Choeur au Mélodrame : Le Roi Thamos</title>. No. 1. 1 Fl. 30 Xr.</wip>
<bibl id="hofm_1840_10_0132_11"><composer key="compo_032798">Spohr (Louis)</composer> <title>Ouverture de l’Opéra : Faust arr. p. 2 Pftes à 8 Mains p. G.M. Schmidt. Oe. <opus key="opus_3586">60</opus></title>. <pubPlace key="place_0392">Leipzig</pubPlace>, <publisher key="publ_3023">Peters</publisher> 1 Thlr.</bibl>
<bibl id="hofm_1840_10_0132_12"><composer key="compo_033569">Strauss (Joh.)</composer> <title>Cäcilien-Walzer f. Pfte zu 6 Händen. Op. <opus key="opus_0409">120</opus></title>. <pubPlace key="place_0731">Wien</pubPlace>, <publisher key="publ_1506">Haslinger</publisher>. 1 Fl. 45 Xr.</bibl>
</div><div id="hofm_1840_10_0132_div09"><head><hofClass key="hofCl_0171">Musik für das Pianoforte zu 4 Händen.</hofClass></head>
<bibl id="hofm_1840_10_0132_13"><title><series>Album théâtrale. Nouvelle Collection de Fantaisies elegantes ou Potpourris brillants sur des Thèmes d’Operas modernes et favoris p. Pfte à 4 Mains No. 16</series>, Fantaisie sur les Motifs de l’Opéra : La Fille du Régiment de G. Donizetti comp. p. L. Siri</title>. <pubPlace key="place_0437">Milano</pubPlace>, <publisher key="publ_3241">Ricordi</publisher> 5 Fr.</bibl>
<bibl id="hofm_1840_10_0132_14"><composer key="compo_005623">Chotek (F.X.)</composer> Oe. <opus key="opus_2764">40</opus> siehe <xref type="external" from="hofm_1840_10_0133_06" to="DITTO" targOrder="U">Flore théatral. No. 12. 13</xref>.</bibl>
<bibl id="hofm_1840_10_0132_15">– <title>4tes Rondinetto über beliebte Motive aus der Oper: Parisina von G. Donizetti. Op. <opus key="opus_2804">41</opus>, in <key>G</key></title>. <pubPlace key="place_0731">Wien</pubPlace>, <publisher key="publ_0735">Diabelli u. Co</publisher>. 30 Xr.</bibl>
<bibl id="hofm_1840_10_0132_16"><composer key="compo_006306">Czerny (Ch.)</composer> <title>Rondeau brillant sur un Menuet fav. de C. Kreutzer arr. p. Pfte à 4 Mains. Oe. <opus key="opus_1068">17</opus>, in <key>G</key></title>. <pubPlace key="place_0731">Wien</pubPlace>, <publisher key="publ_1506">Haslinger</publisher> 1 Fl. 45 Xr.</bibl>
<pb n="133"/>
<wip id="hofm_1840_10_0133_01"><composer key="compo_006306">Czerny (Ch.)</composer> <title><series>Le Goût moderne</series>. Nouveau Recueil de Rondeaux, Variations et Impromptus sur les Thèmes les plus élégans des nouveaux Opéras p. Pfte à 4 Mains, Oe. <opus key="opus_2720">398</opus></title>. <pubPlace key="place_0731">Wien</pubPlace>, <publisher key="publ_0735">Diabelli u. Co</publisher>. <lb/><title>Cah. 13, Rondino sur les Thèmes favoris de l’Opéra : Le Prigioni di Edimburgo, de F. Ricci (in <key>F</key>.)</title> 1 Fl. 15 Xr. <lb/><title>Cah. 14, Intr. et. Variations sur les Thèmes fav. de l’Opéra : Parisina, de G. Donizetti (in <key>G</key>.)</title> 1 Fl.</wip>
<bibl id="hofm_1840_10_0133_02">– <title>Douze Rondeaux amusans et <sic>instrucctifs</sic> sur des Thèmes des Opéras français et italiens p. Pfte à 4 Mains. Oe. 583. No. 1, Fra Diavolo. No. 2, La Straniera. No. 3, La Fiancée. No. 4, Ugo. No. 5, Adelaide de France. No. 6, Un Avventura di Scaramuzzia. No. 7, Zampa. No. 8. Anna Bolena. No. 9, Le Pré aux Clercs. No. 10, La Sonnambula. No. 11, Le Serment. No. 12, Torquato Tasso</title>. <pubPlace key="place_0078">Braunschweig</pubPlace>, <publisher key="publ_2681">Meyer</publisher>. à 10 Gr.</bibl>
<wip id="hofm_1840_10_0133_03"><composer key="compo_006921">Diabelli (Ant.)</composer> <title><series>Euterpe</series>. Eine Reihe moderner und vorzügl. beliebter Tonstücke f. Pfte zu 4 Händen</title>. <pubPlace key="place_0731">Wien</pubPlace>, <publisher key="publ_0735">Diabelli u. Co</publisher>. à 1 Fl. 30 Xr. <listBibl rend="curly"><bibl><seg><title>No. 377, 1stes</title></seg><seg id="hofm_1840_10_0133_03_1" rend="curly-left"><title>Potpourri nach Motiven der Oper: La Prigione di Edimburgo, von F. Ricci</title>. </seg></bibl><bibl><seg>– <title>378, 2tes</title></seg><seg sameAs="hofm_1840_10_0133_03_1"/></bibl><bibl><seg>– <title>379, 1stes</title></seg><seg rend="curly-left" id="hofm_1840_10_0133_03_2"><title>Potpourri nach Motiven der Oper: Parisina, von G. Donizetti</title>. </seg></bibl><bibl><seg>– <title>380, 2tes</title></seg><seg sameAs="hofm_1840_10_0133_03_2"/></bibl><bibl><seg>– <title>381, 3tes</title></seg><seg sameAs="hofm_1840_10_0133_03_2"/></bibl><bibl><seg>– <title>382, 4tes</title></seg><seg sameAs="hofm_1840_10_0133_03_2"/></bibl></listBibl></wip>
<wip id="hofm_1840_10_0133_04">– – <title>Reitz der Neuheit. Auswahl beliebter Melodien (aus Opern) f. Pfte zu 4 Händen mit Berücksichtigung kleiner Hände in beiden Stimmen</title>. <title>1stes–8tes Heft</title>. Ebend. à 45 Xr.</wip>
<bibl id="hofm_1840_10_0133_05"><composer key="compo_009369">Fischer (Ch.)</composer> <title>Divertissement p. Pfte à 4 Mains. Oe. <opus key="opus_4562">9</opus>, in <key>E</key></title>. <pubPlace key="place_0082">Breslau</pubPlace>, <publisher key="publ_0640">Cranz</publisher> 16 Gr.</bibl>
<wip id="hofm_1840_10_0133_06"><title><series>Flore théatrale</series>. Nouvelle Collection de Fantaisies élégantes ou Potpourris brillantes sur des Thèmes d’Opéras modernes et favoris p. Pfte à 4 Mains</title>. <pubPlace key="place_0731">Wien</pubPlace>, <publisher key="publ_1506">Haslinger</publisher> à 1 Fl. 
    <listBibl rend="curly"><bibl><seg><title>No. 7–9, La Sonnambula de V. Bellini</title></seg><seg id="hofm_1840_10_0133_06_1" rend="curly-left">arr. p. Haslinger. Oe. <opus key="opus_1605">22. No. 7–11</opus>. </seg></bibl>
        <bibl><seg>– <title>10. 11, Lucia di Lammermoor de Donizetti</title></seg><seg sameAs="hofm_1840_10_0133_06_1"/></bibl></listBibl>
        – <title>12. 13. Jl Bravo de Mercadante, arr. p. F.H. Chotek Oe. <opus key="opus_2768">40. No. 1. 2</opus></title>. <lb/>
        – <title>14. 15. Parisina de Donizetti arr. p. F. Stegmayer. Oe. <opus key="opus_1394">20. No. 1. 2</opus></title>.</wip>
<bibl id="hofm_1840_10_0133_07"><composer key="compo_015697">Händel</composer>, <title>Chor der Gäste aus dem Oratorium: Belazar f. Pfte zu 4 Händen eing. v. F. Fischhof</title>. Ebend. 15 Xr.</bibl>
<bibl id="hofm_1840_10_0133_08"><composer key="compo_013474">Haslinger, (C.)</composer> Oe. <opus key="opus_1584">22</opus>, siehe <xref type="external" from="hofm_1840_10_0133_06" to="DITTO" targOrder="U">Flore théatral No. 7–11</xref>.</bibl>
<bibl id="hofm_1840_10_0133_09"><composer key="compo_014550">Herz (H.)</composer> <title>Grand Duo brillant sur un Motif de l’Opéra : L’Elisire d’Amore de Donizetti p. Pfte à 4 Mains. Oe. <opus key="opus_0299">113</opus>, in <key>Es</key></title>. <pubPlace key="place_0392">Leipzig</pubPlace>, <publisher key="publ_0437">Br. et Härtel</publisher>. 1 Thlr. 8 Gr.</bibl>
<bibl id="hofm_1840_10_0133_10"><composer key="compo_015612">Hummel (J.N.)</composer> <title>3 Sonates arr. p. Pfte à 4 Mains. Oe. <opus key="opus_3190">5. No. 2</opus>, in <key>F</key></title>. <pubPlace key="place_0276">Hamburg</pubPlace>, <publisher key="publ_0640">Cranz</publisher> 1 Thlr.</bibl>
<bibl id="hofm_1840_10_0133_11">– <title>La Sentinelle. Fantaisie et Variations arr. p. Pfte à 4 Mains p. C. Czerny. Oe. <opus key="opus_4017">71</opus>, in <key>C</key></title>. <pubPlace key="place_0731">Wien</pubPlace>, <publisher key="publ_1506">Haslinger</publisher> 1 Fl. 30 Xr.</bibl>
<bibl id="hofm_1840_10_0133_12"><composer key="compo_022249">Marks (G.W.)</composer> <title><series>Mosaique</series>. Zusammentstellung der vorzüglichsten Stücke der neuesten Opern f. Pfte zu 4 Händen. No. 13, Lucrezia Borgia. Czaar und Zimmermann. Zigeunerin Warnung. Op. <opus key="opus_4070">73</opus></title>. <pubPlace key="place_0276">Hamburg</pubPlace>, <publisher key="publ_0640">Cranz</publisher> 16 Gr.</bibl>
<bibl id="hofm_1840_10_0133_13"><composer key="compo_022904">Mendelssohn-Bartholdy (F.)</composer> <title>Rondo brillant arr. p. Pfte à 4 Mains. Oe. <opus key="opus_2066">29</opus>, in <key>Es</key></title>. <pubPlace key="place_0392">Leipzig</pubPlace>, <publisher key="publ_0437">Br. et Härtel</publisher> 1 Thlr. 8 Gr.</bibl>
<pb n="134"/>
<bibl id="hofm_1840_10_0134_01"><composer key="compo_022904">Mendelssohn-Bartholdy (F.)</composer> <title>Andante cantabile et Presto agitato arr. p. Pfte à 4 Mains</title>. <pubPlace key="place_0392">Leipzig</pubPlace>, <publisher key="publ_0437">Br. et Härtel</publisher> 1 Thlr.</bibl>
<bibl id="hofm_1840_10_0134_02"><composer key="compo_028855">Rosellen (Henr.)</composer> <title>2 Mélodies de Donizetti variées p. Pfte à 4 Mains. Oe. <opus key="opus_2067">29. No. 1</opus>, in <key>C</key></title>. <pubPlace key="place_0438">Mainz</pubPlace>, <publisher key="publ_3563">Schott</publisher> 1 Fl. 12 Xr.</bibl>
<bibl id="hofm_1840_10_0134_03"><composer key="compo_033076">Stegmayer (F.)</composer> Oe. <opus key="opus_1390">20</opus>, siehe <xref type="external" from="hofm_1840_10_0133_06" to="DITTO" targOrder="U">Flore théatral. No. 14. 15</xref>.</bibl>
<bibl id="hofm_1840_10_0134_04"><composer key="compo_033569">Strauss (Joh.)</composer> <title>Cäcilien-Walzer f. Pfte zu 4 Händen. Op. <opus key="opus_0409">120</opus></title>. <pubPlace key="place_0731">Wien</pubPlace>, <publisher key="publ_1506">Haslinger</publisher>. 1 Fl. 15 Xr.</bibl>
<bibl id="hofm_1840_10_0134_05"><composer key="compo_034322">Thalberg (S.)</composer> <title>3 Nocturnes arr. p. Pfte à 4 Mains. Oe. <opus key="opus_1482">21</opus></title>. <pubPlace key="place_0392">Leipzig</pubPlace>, <publisher key="publ_0437">Br. et Härtel</publisher>. 1 Thlr.</bibl>
<bibl id="hofm_1840_10_0134_06">– <title>Fantaisie sur des Motifs de l’Opéra : Oberon de C.M. de Weber arr. p. Pfte à 4 Mains. Oe. <opus key="opus_2576">37</opus>, in <key>E</key></title>. Ebend. 1 Thlr. 8 Gr.</bibl>
<bibl id="hofm_1840_10_0134_07">– <title>Souvenir de Beethoven. Fantaisie, arr. p. Pfte à 4 Mains p. Ch. Czerny. Oe. <opus key="opus_2670">39</opus></title>. <pubPlace key="place_0731">Wien</pubPlace>, <publisher key="publ_1506">Haslinger</publisher>. 2 Fl. 30 Xr.</bibl>
<wip id="hofm_1840_10_0134_08"><composer key="compo_036249">Weber (C.M. de)</composer> <title>Pièces favorites de l’Opéra : Oberon arr. p. Pfte à 4 Mains</title>. <title>No. 1, Elfenchor</title>. <title>No. 2, Aria</title>. à 8 Gr. <title>No. 4, Allegro maestoso</title>. 12 Gr. <title>No. 5, Aria</title>. 10 Gr. <title>No. 6, Finale</title>. 20 Gr. <title>No. 7, Chor</title>. 6 Gr. <title>No. 10, Arietta</title> 4 Gr. <title>No. 11, Quartett</title>. 8 Gr. <title>No. 12, Andante marcato</title>. <title>No. 13, Aria</title>. à 12 Gr. <title>No. 15, Finale</title>. 14 Gr. <title>No. 16, Andante con moto</title>. 6 Gr. <title>No. 17, Duett</title>. 10 Gr. No. <title>18, Terzettino</title>. <title>No. 19, Cavatine</title>. à 4 Gr. <title>No. 20, Rondo</title>. 8 Gr. <title>No. 21, Chor u. Ballet</title>. <title>No. 22, Finale</title>. à 12 Gr. <pubPlace key="place_0044">Berlin</pubPlace>, <publisher key="publ_3471">Schlesinger</publisher>.</wip>
</div><div id="hofm_1840_10_0134_div10"><head><hofClass key="hofCl_0272">Ouverturen für das Pianoforte zu 4 Händen.</hofClass></head>
<bibl id="hofm_1840_10_0134_09"><composer key="compo_000092">Adam (Ad.)</composer> <title>Ouverture de la Reine d’un Jour (Königin für einem Tag) arr. p. Pfte à 4 Mains</title>. <pubPlace key="place_0438">Mainz</pubPlace>, <publisher key="publ_3563">Schott</publisher> 1 Fl.</bibl>
<bibl id="hofm_1840_10_0134_10"><composer key="compo_002572">Berlioz (Hect.)</composer> <title>Ouverture des Francs-Juges arr. p. Pfte à 4 Mains p. C. Czerny. Oe. <opus key="opus_2116">3</opus></title>. <pubPlace key="place_0078">Braunschweig</pubPlace>, <publisher key="publ_2681">Meyer</publisher> 1 Thlr.</bibl>
<bibl id="hofm_1840_10_0134_11"><composer key="compo_023472">Mirecki (Franc.)</composer> <title>Sinfonie nell’ Opera: I due Forzati <format>rid. p. Pfte à 4 Mani</format></title>. <pubPlace key="place_0437">Milano</pubPlace>, <publisher key="publ_3241">Ricordi</publisher>. 5 Fr.</bibl>
</div><div id="hofm_1840_10_0134_div11"><head><hofClass key="hofCl_0166">Musik für das Pianoforte allein.</hofClass></head>
<bibl id="hofm_1840_10_0134_12"><composer key="compo_000655">André (Aug.)</composer> <title>Mélange sur des Thèmes de l’Opéra : Lucrezia Borgia de Donizetti p. Pfte. Oe. <opus key="opus_1390">20</opus></title>. <pubPlace key="place_0519">Offenbach</pubPlace>, <publisher key="publ_0065">André</publisher> 45 Xr.</bibl>
<bibl id="hofm_1840_10_0134_13"><title><series>Anthologie musicale</series>. Fantaisies brillantes sur les Motifs les plus favorites d’Opéras nouveaux p. Pfte. Cah. 5, <composer key="compo_007196">Donizetti</composer>. G, Gemma di Vergy p. C. Czerny</title>. <pubPlace key="place_0731">Wien</pubPlace>, <publisher key="publ_2605">Mechetti</publisher> 1 Fl.</bibl>
<wip id="hofm_1840_10_0134_14"><composer key="compo_001225">Bach (J.S.)</composer> <title>Compositions p. Pfte. Ouvres compl. <edition>Edition nouv. soign. revue, corr. et doigtée etc. p. C. Czerny</edition></title>. <title>Liv. 5, cont. 5 gr. Suites. 4 Duos</title>. <title>Liv. 6, cont. Concerto in Stilo italiona, in <key>F</key>. Ouverture et Fuge. Gr. Suite in <key lang="ger">Hm</key>. 30 Variations, in <key>G</key></title>. <title>Liv. 7, cont. 6 Préludes. Fuge à deux Voix. 15 Inventions 15 Sinfonies. 6 Suites françaises</title> <pubPlace key="place_0392">Leipzig</pubPlace>, <publisher key="publ_3023">Peters</publisher>. à 3 Thlr. 12 Gr.</wip>
<wip id="hofm_1840_10_0134_15"><composer key="compo_001437">Banck (Charl.)</composer> <title>Pièces lyriques transcrites de Lieder p. Pfte</title>. <title>Liv. 1, Der Rosmarienkranz. Abschied. Frühlingsliebe</title>. <title>Liv. 2, Stille Liebe. Hoffnungslose Fahrt. Sorrent</title>. <title>Liv. 3, Aus der Ferne. Die Spinnerin. Meeresfahrt</title>. <pubPlace key="place_0594">Rudolstadt</pubPlace>, <publisher key="publ_2779">Müller</publisher> à 8 Gr.</wip>
<bibl id="hofm_1840_10_0134_16"><composer key="compo_002077">Beethoven (L. v.)</composer> <title>Une Pensée (Air du Tremolo de Beriot) et : Dernière Pensée musicale p. Pfte</title>. (Mit Beethovens Portrait in ganzer Figur.) <pubPlace key="place_0044">Berlin</pubPlace>, <publisher key="publ_3471">Schlesinger</publisher> 4 Gr.</bibl>
<bibl id="hofm_1840_10_0134_17"><composer key="compo_002199">Bellini</composer>, <title>Cavatine: Come per me sereno, nell’ Opéra: La Sonnambula, <format>rid. nello stile brillante p. Pfte da H. Herz</format></title>. <pubPlace key="place_0437">Milano</pubPlace>, <publisher key="publ_3241">Ricordi</publisher>. 1 Fr. 25 Ct.</bibl>
<pb n="135"/>
<bibl id="hofm_1840_10_0135_01"><composer key="compo_004712">Burgmüller (Fréd.)</composer> <title>Rondo sur un Thème de l’Elisire d’Amore de Donizetti p. Pfte. Oe. <opus key="opus_1999">28</opus></title>. <pubPlace key="place_0438">Mainz</pubPlace>, <publisher key="publ_3563">Schott</publisher> 48 Xr.</bibl>
<wip id="hofm_1840_10_0135_02">– <title>Les Abeilles. 6 petits Morceaux sur des Melodies italiennes p. Pfte. Oe. <opus key="opus_3658">61</opus></title>. <title>Liv. 1, A rivedersi. La buona Notte. La Giovinetta</title>. <title>Liv. 2, Benedetta sia la Madre. E vezzosa si la Rose. Marcia trionfale</title>. Ebend. à 1 Fl.</wip>
<bibl id="hofm_1840_10_0135_03"><composer key="compo_005614">Chopin (Fréd.)</composer> <title>Quatre Mazurkas p. Pfte. Liv. 1. Oe. <opus key="opus_3967">7</opus>. <edition>Nouv. Edition</edition></title>. <pubPlace key="place_0392">Leipzig</pubPlace>, <publisher key="publ_2017">Kistner</publisher> 10 Gr.</bibl>
<bibl id="hofm_1840_10_0135_04">– <title>Cinq Mazurkas p. Pfte. Liv. 2. Oe. <opus key="opus_3967">7</opus>. <edition>Nouv. Edition</edition></title>. Ebend. 10 Gr.</bibl>
<bibl id="hofm_1840_10_0135_05">– <title>Ballade p. Pfte. Oe. <opus key="opus_2630">38</opus>, in <key>F</key></title>. (Déd. à Mr. R. Schumann.) <pubPlace key="place_0392">Leipzig</pubPlace>, <publisher key="publ_0437">Br. et Härtel</publisher>. 16 Gr.</bibl>
<bibl id="hofm_1840_10_0135_06"><composer key="compo_006306">Czerny (Ch.)</composer> <title>Rondeau brillant sur un Menuet fav. de C. Kreutzer p. Pfte. Oe. <opus key="opus_1068">17</opus>, in <key>G</key>. <edition>Nouv. Edition</edition></title>. <pubPlace key="place_0731">Wien</pubPlace>, <publisher key="publ_1506">Haslinger</publisher> 1 Fl.</bibl>
<bibl id="hofm_1840_10_0135_07">– <title><series>Bijoux théâtrales</series>, ou Collection des Rondeaux, Variations et Impromptus sur les Motifs les plus favoris des nouveaux Opéras p. Pfte. Oe. <opus key="opus_2719">397</opus>. Cah. 14, Rondoletto über die beliebte Ariette (Vedi un pó che Rella) eing. in die Oper: Die Sängerinnen auf dem Lande. Musik von H. Proch. (in G.)</title> <pubPlace key="place_0731">Wien</pubPlace>, <publisher key="publ_0735">Diabelli et Co</publisher>. 45 Xr.</bibl>
<bibl id="hofm_1840_10_0135_08">– <title>Fantaisie sur les Motifs de l’Opéra : Gemma di Vergy</title>, siehe <xref type="external" from="hofm_1840_10_0134_13" to="DITTO" targOrder="U">Anthologie. Cah. 5</xref>.</bibl>
<wip id="hofm_1840_10_0135_09"><composer key="compo_006921">Diabelli (Ant.)</composer> <title><series>Euterpe</series>. Eine Reihe moderner und vorzüglich beliebter Tonstücke f. Pfte</title>. <pubPlace key="place_0731">Wien</pubPlace>, <publisher key="publ_0735">Diabelli u. Co</publisher>. à 50 Xr. <listBibl rend="curly"><bibl><seg><title>No. 377, 1stes</title></seg><seg id="hofm_1840_10_0135_09_1" rend="curly-left"><title>Potpourri nach Motiven der Oper: La Prigiono di Edimburgo von F. Ricci</title>. </seg></bibl><bibl><seg>– <title>378, 2tes</title></seg><seg sameAs="hofm_1840_10_0135_09_1"/></bibl><bibl><seg>– <title>379, 1stes</title></seg><seg rend="curly-left" id="hofm_1840_10_0135_09_2"><title>Potpourri nach Motiven der Oper: Parisina von G. Donizetti</title>. </seg></bibl><bibl><seg>– <title>380, 2tes</title></seg><seg sameAs="hofm_1840_10_0135_09_2"/></bibl><bibl><seg>– <title>381, 3tes</title></seg><seg sameAs="hofm_1840_10_0135_09_2"/></bibl><bibl><seg>– <title>382, 4tes</title></seg><seg sameAs="hofm_1840_10_0135_09_2"/></bibl><bibl><seg>– <title>383, 1stes</title></seg><seg id="hofm_1840_10_0135_09_3" rend="curly-left"><title>Potpourri nach Motiven der Oper: Elena da Feltre von Mercadante</title>. </seg></bibl><bibl><seg>– <title>384, 2tes</title></seg><seg sameAs="hofm_1840_10_0135_09_3"/></bibl><bibl><seg>– <title>385, 3tes</title></seg><seg sameAs="hofm_1840_10_0135_09_3"/></bibl><bibl><seg>– <title>386, 1stes</title></seg><seg id="hofm_1840_10_0135_09_4" rend="curly-left"><title>Potpourri nach Motiven der Oper: Die Welfen und Gibellinen (Hugenotten) von Meyerbeer</title>. </seg></bibl><bibl><seg>– <title>387, 2tes</title></seg><seg sameAs="hofm_1840_10_0135_09_4"/></bibl><bibl><seg>– <title>388, 3tes</title></seg><seg sameAs="hofm_1840_10_0135_09_4"/></bibl><bibl><seg>– <title>389, 4tes</title></seg><seg sameAs="hofm_1840_10_0135_09_4"/></bibl><bibl><seg>– <title>390, 5tes</title></seg><seg sameAs="hofm_1840_10_0135_09_4"/></bibl></listBibl></wip>
<bibl id="hofm_1840_10_0135_10"><composer key="compo_007199">Donizetti (G.)</composer> <title>Auswahl beliebter Stücke aus der Oper: Lucia di Lammermoor f. Pfte</title>. <pubPlace key="place_0276">Hamburg</pubPlace>, <publisher key="publ_0640">Cranz</publisher>. 16 Gr.</bibl>
<bibl id="hofm_1840_10_0135_11"><composer key="compo_009143">Fesca (Alex.)</composer> <title>Deux Nocturnes p. Pfte. Op. <opus key="opus_0021">10</opus></title>. <pubPlace key="place_0078">Braunschweig</pubPlace>, <publisher key="publ_2681">Meyer</publisher> 18 Gr.</bibl>
<wip id="hofm_1840_10_0135_12"><title><series>Flore théatrale</series>. Nouvelle Collection de Fantaisies élégantes ou Potpourris brillants sur des Thèmes de Operas modernes et favoris p. Pfte</title>. <title>Cah. 61. 62, Mercadante, Elena da Feltre arr. p. C. Haslinger. Oe. <opus key="opus_1489">21. No. 19. 20</opus></title>. <pubPlace key="place_0731">Wien</pubPlace>, <publisher key="publ_1506">Haslinger</publisher> à 1 Fl.</wip>
<bibl id="hofm_1840_10_0135_13"><composer key="compo_011952">Gregoir (Jos.)</composer> <title>La Romanesca. Fameux Air de Danse de la Fin du 16 Siècle arr. p. Pfte</title>. <pubPlace key="place_0438">Mainz</pubPlace>, <publisher key="publ_3563">Schott</publisher> 27 Xr.</bibl>
<bibl id="hofm_1840_10_0135_14"><composer key="compo_013474">Haslinger (C.)</composer> Oe. <opus key="opus_1482">21</opus>. Siehe <xref type="external" from="hofm_1840_10_0135_12" to="DITTO" targOrder="U">Flore théatral</xref>.</bibl>
<bibl id="hofm_1840_10_0135_15"><composer key="compo_014550">Herz (H.)</composer> <title>Tägliche Studien f. Pfte, bestehend aus 18 besondern Etüden, im die Erlangung einer höhern Ausbildung zu beschleunigen. (Exercices journaliers p. Pfte extrait de la Méthode.)</title> <pubPlace key="place_0438">Mainz</pubPlace>, <publisher key="publ_3563">Schott</publisher> geh. 2 Fl. 24 Xr.</bibl>
<pb n="136"/>
<bibl id="hofm_1840_10_0136_01"><composer key="compo_016826">Kalkbrenner (F.)</composer> <title>La Brigantine ou le Voyage sur Mer. Fantaisie romantique p. Pfte. Oe. <opus key="opus_0115">103</opus>. <edition>Nouv. Edition</edition></title>. <pubPlace key="place_0392">Leipzig</pubPlace>, <publisher key="publ_2017">Kistner</publisher> 12 Gr.</bibl>
<bibl id="hofm_1840_10_0136_02"><composer key="compo_016840">Kalliwoda (J.W.)</composer> <title>Trois Bagatelles p. Pfte. Oe. <opus key="opus_0137">104</opus></title>. <pubPlace key="place_0392">Leipzig</pubPlace>, <publisher key="publ_3023">Peters</publisher>. 18 Gr.</bibl>
<bibl id="hofm_1840_10_0136_03"><composer key="compo_020503">Lemoine (H.)</composer> <title>Souvenirs de Vienne. 3 petites Pièces en Forme de Rondeaux, 2 Valses et un Galop de Strauss p. Pfte. Oe. <opus key="opus_2268">32</opus></title>. <pubPlace key="place_0440">Mannheim</pubPlace>, <publisher key="publ_1534">Heckel</publisher>. 54 Xr.</bibl>
<bibl id="hofm_1840_10_0136_04"><composer key="compo_022601">May (L.)</composer> <title>3 Rondinos élégants sur des Mélodies favorites de J. Strauss p. Pfte. Oe. <opus key="opus_3188">5. No. 1. 2. 3</opus></title>. Ebend. à 36 Xr.</bibl>
<wip id="hofm_1840_10_0136_05"><composer key="compo_022904">Mendelssohn-Bartholdy (F.)</composer> <title>Lieder f. Pfte übertragen von Carl Czerny. 5 Lieferungen</title>. <title>Lief. 1. 2</title>. <pubPlace key="place_0044">Berlin</pubPlace>, <publisher key="publ_3471">Schlesinger</publisher> à 12 Gr.</wip>
<bibl id="hofm_1840_10_0136_06"><composer key="compo_022964">Mercadante (S.)</composer> <title>La Vestale. <format>Riduzione p. Pfte solo</format></title>. <pubPlace key="place_0437">Milano</pubPlace>, <publisher key="publ_3241">Ricordi</publisher> geh. 16 Fr.</bibl>
<bibl id="hofm_1840_10_0136_07"><composer key="compo_023828">Moscheles (J.)</composer> <title>Rondeau expressif sur un Thème favori de Gallenberg p. Pfte. Oe. <opus key="opus_4017">71</opus>. <edition>Nouv. Edition</edition></title>. <pubPlace key="place_0392">Leipzig</pubPlace>, <publisher key="publ_2017">Kistner</publisher>. 12 Gr.</bibl>
<wip id="hofm_1840_10_0136_08"><title><composer key="compo_023884">Mozart</composer>’s Opern f. Pfte (ohne Worte) eingerichtet</title>. <title>No. 2, Figaro’s Hochzeit, eing. v. F.L. Schubert</title>, geh. 3 Thlr. <title>No. 4, Titus, eing. v. E.F. Richter</title>, geh. 2 Thlr. <pubPlace key="place_0392">Leipzig</pubPlace>, <publisher key="publ_0437">Br. u. Härtel</publisher>.</wip>
<bibl id="hofm_1840_10_0136_09"><composer key="compo_025623">Paganini (N.)</composer> <title>Dernière Pensée musicale, transcrite p. Pfte. p. H. Herz</title>. <pubPlace key="place_0438">Mainz</pubPlace>, <publisher key="publ_3563">Schott</publisher> 18 Xr.</bibl>
<bibl id="hofm_1840_10_0136_10"><composer key="compo_028887">Rosenhain (Jacq.)</composer> <title>Fantaisie sur des Thèmes de l’Opéra : Puritains de Bellini. Oe. <opus key="opus_1584">22</opus>, in <key>B</key></title>. Ebend. 1 Fl. 30 Xr.</bibl>
<wip id="hofm_1840_10_0136_11"><composer key="compo_029861">Scarlatti (Dom.)</composer> <title><series>Sämmtliche Werke f. Pfte</series>. Redigirt v. C. Czerny</title>. <title>23ste und 24ste Lief</title>. <pubPlace key="place_0731">Wien</pubPlace>, <publisher key="publ_1506">Haslinger</publisher>, Abonnement-Pr. à 1 Fl. n.</wip>
<bibl id="hofm_1840_10_0136_12"><composer key="compo_031357">Schumann (Rob.)</composer> <title>3 Romanzen f. Pfte. Op. <opus key="opus_1999">28</opus></title>. <pubPlace key="place_0392">Leipzig</pubPlace>, <publisher key="publ_0437">Br. u. Härtel</publisher>. 1 Thlr.</bibl>
<bibl id="hofm_1840_10_0136_13"><composer key="compo_032553">Solera (Temist.)</composer> <title>Ildegonda. <format>Riduzione p. Pfte solo</format></title>. <pubPlace key="place_0437">Milano</pubPlace>, <publisher key="publ_3241">Ricordi</publisher> geh. 16 Fr.</bibl>
<bibl id="hofm_1840_10_0136_14"><composer key="compo_034169">Taubert (Gme)</composer> <title>La Nayade. Pièce concertante suivie de deux Etudes p. Pfte. Oe. <opus key="opus_3140">49</opus>. Liv. 1</title>. <pubPlace key="place_0044">Berlin</pubPlace>, <publisher key="publ_3471">Schlesinger</publisher>. 16 Gr.</bibl>
<bibl id="hofm_1840_10_0136_15"><composer key="compo_034178">Tausig (Al.)</composer> <title>Le Désir. Impromptû p. Pfte. Oe. <opus key="opus_1372">2</opus>, in <key>E</key></title>. <pubPlace key="place_0082">Breslau</pubPlace>, <publisher key="publ_0640">Cranz</publisher>. 10 Gr.</bibl>
<bibl id="hofm_1840_10_0136_16"><composer key="compo_037492">Wolff (Ed.)</composer> <title>Mosaïque sur les plus jolis Motifs de l’Elisire d’Amore de G. Donizetti p. Pfte. Oe. <opus key="opus_2187">31</opus>, in <key>C</key></title>. <pubPlace key="place_0438">Mainz</pubPlace>, <publisher key="publ_3563">Schott</publisher>. 1 Fl.</bibl>
</div><div id="hofm_1840_10_0136_div12"><head><hofClass key="hofCl_0292">Variationen für das Pianoforte.</hofClass></head>
<bibl id="hofm_1840_10_0136_17"><composer key="compo_009143">Fesca (Alex.)</composer> <title>Fantaisie et Variations sur des Motifs de l’Opéra : La Sonnambula de Bellini p. Pfte. Oe. <opus key="opus_4562">9</opus>, in <key>Es</key></title>. <pubPlace key="place_0078">Braunschweig</pubPlace>, <publisher key="publ_2681">Meyer</publisher>. 16 Gr.</bibl>
<bibl id="hofm_1840_10_0136_18"><composer key="compo_015944">Hünten (Fr.)</composer> <title>France et Italie. 2 Airs favoris variés p. Pfte. Oe. <opus key="opus_0267">111</opus>. No. 1, in <key>F</key>. No. 2, in <key>G</key></title>. <pubPlace key="place_0438">Mainz</pubPlace>, <publisher key="publ_3563">Schott</publisher> à 1 Fl. 12 Xr.</bibl>
<bibl id="hofm_1840_10_0136_19"><composer key="compo_016278">Japha (Louise)</composer> <title>Variations brillantes et faciles sur un Thème de Norma (Qual Cor tradisti) de V. Bellini p. Pfte. Oe. <opus key="opus_0001">1</opus>, in <key>G</key></title>. <pubPlace key="place_0276">Hamburg</pubPlace>, <publisher key="publ_2870">Niemeyer</publisher>. 12 Gr.</bibl>
</div><div id="hofm_1840_10_0136_div13"><head><hofClass key="hofCl_0288">Tänze für das Pianoforte.</hofClass></head>
<bibl id="hofm_1840_10_0136_20"><composer key="compo_000062">Abt (Fr.)</composer> <title>6 Contretänze nach beliebten Themen der Oper: Die Dreizehn v. F. Halevy f. Pfte. Op. <opus key="opus_2187">31</opus></title>. <pubPlace key="place_0392">Leipzig</pubPlace>, <publisher key="publ_0437">Br. u. Härtel</publisher>. 6 Gr.</bibl>
<pb n="137"/>
<bibl id="hofm_1840_10_0137_01"><composer key="compo_000089">Adam (A.)</composer> <title>Geschwind-Walzer nach Melodien aus der Oper: Königen für einen Tag, f. Pfte. No. 53</title>. <pubPlace key="place_0438">Mainz</pubPlace>, <publisher key="publ_3563">Schott</publisher>. 8 Xr.</bibl>
<bibl id="hofm_1840_10_0137_02">– <title>Polonaise nach Melodien aus do. No. 35</title>. Ebend. 8 Xr.</bibl>
<bibl id="hofm_1840_10_0137_03"><composer key="compo_002199">Bellini</composer>, <title>Galopp de l’Opéra : Norma p. Pfte. No. 533</title>. Ebend. 8 Xr.</bibl>
<bibl id="hofm_1840_10_0137_04"><composer key="compo_002300">Bendl (C.)</composer> <title>Damen-Cadeaux. Walzer f. Pfte. Op. <opus key="opus_1881">26</opus></title>. <pubPlace key="place_0731">Wien</pubPlace>, <publisher key="publ_0735">Diabelli u. Co</publisher>. 45 Xr.</bibl>
<bibl id="hofm_1840_10_0137_05">– <title>Perl-Vaudeville u. Phöbus-Galoppe f. Pfte. Op. <opus key="opus_1932">27</opus></title>. Ebend. 30 Xr.</bibl>
<bibl id="hofm_1840_10_0137_06"><composer key="compo_005246">Canthal (A.M.)</composer> <title>Erinnerung an Schwerin. Walzer f. Pfte. Op. <opus key="opus_3738">63</opus></title>. <pubPlace key="place_0276">Hamburg</pubPlace>, <publisher key="publ_2870">Niemeyer</publisher>. 12 Gr.</bibl>
<bibl id="hofm_1840_10_0137_07"><title>Danses caractéristiques du Ballet : L’Isle de Fantaisies. Musique de differentes Compositeurs p. Pfte</title>. <pubPlace key="place_0360">Copenhagen</pubPlace>, <publisher key="publ_2487">Lose et Olsen</publisher>. 18 Gr.</bibl>
<bibl id="hofm_1840_10_0137_08"><composer key="compo_011030">Gerke (Théophile)</composer> <title>Véritable Songs. Valse p. Pfte. (in <key>Fm</key>.)</title> <pubPlace key="place_0392">Leipzig</pubPlace>, <publisher key="publ_0437">Br. et Härtel</publisher>. 8 Gr.</bibl>
<bibl id="hofm_1840_10_0137_09"><composer key="compo_013742">Heckel (K.)</composer> <title>Sophien-Walzer f. Pfte</title>. <pubPlace key="place_0440">Mannheim</pubPlace>, <publisher key="publ_1534">Heckel</publisher>. 27 Xr.</bibl>
<bibl id="hofm_1840_10_0137_10"><composer key="compo_015336">Hopfe (Jul.)</composer> <title>Hopfen-Blüthen. 12 Tänze f. Pfte. Op. <opus key="opus_1390">20</opus></title>. <pubPlace key="place_0170">Eisleben</pubPlace>, <publisher key="publ_3181">Reichardt</publisher>. 12 Gr. n.</bibl>
<bibl id="hofm_1840_10_0137_11"><composer key="compo_018639">Krebs (C.)</composer> <title>Hamburger Maskaraden-Tänze f. Pfte. No. 1. 2</title>. <pubPlace key="place_0276">Hamburg</pubPlace>, <publisher key="publ_2870">Niemeyer</publisher>. à 4 Gr.</bibl>
<bibl id="hofm_1840_10_0137_12"><composer key="compo_019654">Labitzky (Jos.)</composer> <title>Lilien. Walzer f. Pfte. Op. <opus key="opus_3658">61</opus></title>. <pubPlace key="place_0554">Prag</pubPlace>, <publisher key="publ_1729">Hoffmann</publisher>. 45 Xr.</bibl>
<wip id="hofm_1840_10_0137_13"><composer key="compo_020014">Lanner (Jos.)</composer> <title>Der Kinder-Ball. Album der beliebtesten Walzer im leichten Style mit Hinweglassung der Octaven f. die Jugend, f. Pfte</title>. <title>6tes Heft, Themis-Strahlen. Op. <opus key="opus_0776">147</opus></title>. <title>7tes Heft, Liebes-Träume. Op. <opus key="opus_0830">150</opus></title>. <title>8tes Heft, Die Väterlandischen. Harmonie-Ball-Tänze. Op. <opus key="opus_0873">154</opus></title>. <title>9tes Heft, Die Pressburger. Comité-Ball-Tänze. Op. <opus key="opus_0883">155</opus></title>. <title>10tes Heft, Aurora. Künstler-Ball-Tänze. Op. <opus key="opus_0897">156</opus></title>. <pubPlace key="place_0731">Wien</pubPlace>, <publisher key="publ_2605">Mechetti</publisher>. à 30 Xr.</wip>
<bibl id="hofm_1840_10_0137_14"><composer key="compo_022434">Massak (Fr.)</composer> <title>Willkommen. Raaber Reunion-Eröffnungs-Walzer f. Pfte. 8tes Heft</title>. Ebend. 45 Xr.</bibl>
<bibl id="hofm_1840_10_0137_15"><composer key="compo_026573">Pixis (J.P.)</composer> <title>Valse palermitaine p. Pfte</title>. (av. Vign.) <pubPlace key="place_0392">Leipzig</pubPlace>, <publisher key="publ_1746">Hofmeister</publisher>. 8 Gr.</bibl>
<bibl id="hofm_1840_10_0137_16"><title><series>Sammlung (neueste) beliebter Galoppen f. Pfte. No. 94</series>, <composer key="compo_002300">Bendl (C.)</composer> Phöbus-Galoppe</title>. <pubPlace key="place_0731">Wien</pubPlace>, <publisher key="publ_0735">Diabelli u. Co</publisher>. 15 Xr.</bibl>
<bibl id="hofm_1840_10_0137_17"><composer key="compo_033569">Strauss (Joh.)</composer> <title>Cäcilien-Walzer mit dem beliebten Tremolo f. Pfte. Op. <opus key="opus_0409">120</opus></title>. <pubPlace key="place_0731">Wien</pubPlace>, <publisher key="publ_1506">Haslinger</publisher>. 45 Xr.</bibl>
<bibl id="hofm_1840_10_0137_18">– <title><series>Die junge Tänzerin. Sammlung der schönsten Walzer im leichteren Style und leichten Tonarten f. Pfte. 22stes Heft</series>, Cäcilien-Walzer. Op. <opus key="opus_0409">120</opus>.</title> Ebend. 30 Xr.</bibl>
<bibl id="hofm_1840_10_0137_19"><title><composer key="compo_034319">Thalberg</composer>’s Galoppen f. Pfte</title>. <pubPlace key="place_0276">Hamburg</pubPlace>, <publisher key="publ_2870">Niemeyer</publisher>. 4 Gr.</bibl>
<bibl id="hofm_1840_10_0137_20"><composer key="compo_035182">Unverricht (Aug.)</composer> <title>Czaar-Galopp f. Pfte. No. 50</title>. <pubPlace key="place_0082">Breslau</pubPlace>, <publisher key="publ_0640">Cranz</publisher> 2 Gr.</bibl>
<bibl id="hofm_1840_10_0137_21"><title>Walzer eines Wahnsinnigen f. Pfte</title>. <pubPlace key="place_0044">Berlin</pubPlace>, <publisher key="publ_4468">Wolff u. Co</publisher>. 2 Gr. n.</bibl>
</div><div id="hofm_1840_10_0137_div14"><head><hofClass key="hofCl_0250">Märsche für das Pianoforte.</hofClass></head>
<bibl id="hofm_1840_10_0137_22"><composer key="compo_002153">Belcke (Fried.)</composer> <title>Krönungs-Marsch (f. Militair-Musik) f. Pfte arr. (in <key>F</key>.)</title> <pubPlace key="place_0360">Copenhagen</pubPlace>, <publisher key="publ_2487">Lose u. Olsen</publisher>. 6 Gr.</bibl>
<bibl id="hofm_1840_10_0137_23"><composer key="compo_013475">Haslinger (Carl)</composer> <title><series>Neueste Parademärsche f. Pfte. No. 4</series>, 2ter Parademarsch zur Frohnleichnams-Prozession</title>. <pubPlace key="place_0731">Wien</pubPlace>, <publisher key="publ_1506">Haslinger</publisher>. 15 Xr.</bibl>
<wip id="hofm_1840_10_0137_24"><title><series>Tivoli-Märsche (Wiener) f. Pfte</series></title>. <title>Heft 39, Nemetz (Andr.) Potpourri-Marsch</title>. <title>Heft 40, Nemetz (Andr.) Gibellinen- Quadrille- und Manövrier-Marsch</title>. <pubPlace key="place_0731">Wien</pubPlace>, <publisher key="publ_0735">Diabelli u. Co</publisher>. à 30 Xr.</wip></div>
<pb n="138"/>
<div id="hofm_1840_10_0138_div15"><head><hofClass key="hofCl_0072">Lehrbücher für das Pianoforte.</hofClass></head>
<bibl id="hofm_1840_10_0138_01"><composer key="compo_002709">Bertini (H.)</composer> <title>Vollständige Pfte-Schule, oder Anweisung zum Pftespiel vom ersten Unterricht bis zur höchsten Ausbildung fortschreitend. 2te Abth</title>. <pubPlace key="place_0438">Mainz</pubPlace>, <publisher key="publ_3563">Schott</publisher>. 4 Fl. 48 Xr.</bibl>
<bibl id="hofm_1840_10_0138_02"><composer key="compo_026653">Pleyel (Ign.)</composer> <title>Pianoforte-Schule nebst 30 Uebungs-Stücken. Neueste vermehrte und zeitgemäss umgearbeitete Ausgabe, von Fr. X. Chotek</title>. <pubPlace key="place_0731">Wien</pubPlace>, <publisher key="publ_1506">Haslinger</publisher> geh. 3 Fl. 45 Xr.</bibl>
</div><div id="hofm_1840_10_0138_div16"><head><hofClass key="hofCl_0225">Musik für die Orgel.</hofClass></head>
<bibl id="hofm_1840_10_0138_03"><composer key="compo_019148">Kunkel (F.J.)</composer> <title>9 Orgelstücke zum Gebrauch beim öffentlichen Gottesdienste. Op. <opus key="opus_2116">3</opus></title>. (Herrn Ch. J. Rink geh.) <pubPlace key="place_0440">Mannheim</pubPlace>, <publisher key="publ_1534">Heckel</publisher>. 27 Xr.</bibl>
<bibl id="hofm_1840_10_0138_04"><composer key="compo_026550">Pitsch (C.F.)</composer> <title>6 Preludien mit besonderer Rücksicht auf thematische Führung und contrapunktische Behandlung, zum Behufe sich heranbildender Organisten f. Orgel od. Pfte. Op. <opus key="opus_4562">9</opus></title>. <pubPlace key="place_0554">Prag</pubPlace>, <publisher key="publ_1729">Hoffmann</publisher>. 54 Xr.</bibl>
<wip id="hofm_1840_10_0138_05"><composer key="compo_028447">Rinck (Ch. H.)</composer> <title>Neue Reihe v. Studien f. d. Choralspiel. 1ster Supplement-Band zum Choralfreund</title>. <title>5tes u. 6tes Heft</title>. <pubPlace key="place_0438">Mainz</pubPlace>, <publisher key="publ_3563">Schott</publisher>. à 18 Xr. n.</wip>
<bibl id="hofm_1840_10_0138_06"><composer key="compo_030596">Schmidt (P.)</composer> <title>10 Vorspiele f. Orgel. Op. <opus key="opus_1372">2</opus></title>. <pubPlace key="place_0731">Wien</pubPlace>, <publisher key="publ_0735">Diabelli u. Co</publisher>. 45 Xr.</bibl>
</div><div id="hofm_1840_10_0138_div17"><head><hofClass key="hofCl_0238">Musik für die Physharmonica.</hofClass></head>
<bibl id="hofm_1840_10_0138_07"><composer key="compo_020815">Lickl (C.G.)</composer> <title>Istruzione teorico-practica per la Cognizione ed il Maneggio della Fisarmonica con Esempj ed Esercizj progressivi. Op. <opus key="opus_3204">50</opus></title>. <pubPlace key="place_0437">Milano</pubPlace>, <publisher key="publ_3241">Ricordi</publisher>. 7 Fr. 50 Ct.</bibl>
<wip id="hofm_1840_10_0138_08">– <title>3 Fantaisies ou Potpourris sur les Thèmes de Lucrezia Borgia de Donizetti p. Physharmonica (ou Pfte.)</title> <title>No. 1</title>, 3 Fr. <title>No. 2</title>, 4 Fr. <title>No. 3</title>, 3 Fr. 50 Ct. Ebend.</wip>
<bibl id="hofm_1840_10_0138_09">– <title><series>Cäcilie</series>. Eine Auswahl beliebter Tonstücke f. Physharmonica. 2tes Heft, Cäciliens-Andacht. Religiöse Sätze mit Gesang ad lib. Op. <opus key="opus_3658">61</opus></title>. <pubPlace key="place_0731">Wien</pubPlace>, <publisher key="publ_0735">Diabelli u. Co</publisher>. 1 Fl.</bibl>
</div><div id="hofm_1840_10_0138_div18"><head><hofClass key="hofCl_0068">Kirchenmusik.</hofClass></head>
<bibl id="hofm_1840_10_0138_10"><composer key="compo_014258">Hentschel</composer>, <title>evangel. Choralbuch mit doppelten Zwischenspielen</title>. qu. 4. <pubPlace key="place_0723">Weissenfels</pubPlace> (<pubPlace key="place_0392">Leipzig</pubPlace>, <publisher key="publ_4380">Weygand’sche Buchhandl</publisher>.) geh. 21 Thlr. 12 Gr. n.</bibl>
<bibl id="hofm_1840_10_0138_11"><composer key="compo_014826">Hiller (Ferd.)</composer> <title>Die Zerstörung Jerusalems. Oratorium nach der heiligen Schrift von Dr. Steinheim. <format>Klavierauszug</format> vom Componisten. Op. <opus key="opus_1731">24</opus></title>. (Herrn F. Mendelssohn-Bartholdy gew.) <pubPlace key="place_0392">Leipzig</pubPlace>, <publisher key="publ_2017">Kistner</publisher> geh. 5 Thlr. 20 Gr.</bibl>
<bibl id="hofm_1840_10_0138_12">– Die ausgesetzten <format>Chorstimmen</format> hierzu. Ebend. à 16 Gr. 2 Thlr. 16 Gr.</bibl>
<bibl id="hofm_1840_10_0138_13"><composer key="compo_019148">Kunkel (F.J.)</composer> <title>Der Tod Jesu f. Sopran, Alt, Tenor u. Bass m. Obl. Orgelbegl. <format>Partitur</format>. Op. <opus key="opus_2737">4</opus></title>. <pubPlace key="place_0440">Mannheim</pubPlace>, <publisher key="publ_1534">Heckel</publisher>. 54 Xr.</bibl>
<bibl id="hofm_1840_10_0138_14"><composer key="compo_023890">Mozart (W.A.)</composer> <title>Requiem. <format>Klavierauszug</format> von C. Klage. (Geweiht dem Andenken des hochseligen Königs Majestät vom Verleger.) 1ste Hälfte</title>. <pubPlace key="place_0044">Berlin</pubPlace>, <publisher key="publ_3471">Schlesinger</publisher> cpl. 1 Thlr. n.</bibl>
<bibl id="hofm_1840_10_0138_15"><composer key="compo_028594">Rochlitz (F.)</composer> <title>Sammlung vorzüglicher Gesangstücke vom Ursprung gesetzmässiger Harmonie bis auf die neue Zeit. Zweiter Band vom Jahr 1600 bis um des Jahr 1700. 2te Hälfte</title>. <pubPlace key="place_0438">Mainz</pubPlace>, <publisher key="publ_3563">Schott</publisher> geh. 7 Fl. 12 Xr.</bibl>
<pb n="139"/>
<bibl id="hofm_1840_10_0139_01"><composer key="compo_029226">Rungenhagen (C.F.)</composer> <title>Angelorum cantus Diei nativitatis Christi. Gesang der Engel am Weihnachtsmorgen (Tauchet die Flügel in Morgenröthe) f. 4 Singst. m. Orgel od. Pfte. Op. <opus key="opus_2509">36</opus>. No. 7 d. Motetten. <format>Partitur und Stimmen</format>. <edition>Neue Aufl</edition></title>. <pubPlace key="place_0044">Berlin</pubPlace>, <publisher key="publ_3471">Schlesinger</publisher>. 12 Gr. (Die 4 Singstimmen einzeln à ¼ Gr.)</bibl>
<bibl id="hofm_1840_10_0139_02"><composer key="compo_033664">Strube (C.H.)</composer> <title>Choralbuch zum Braunschweig’schen Gesangbuche, vierstimmig gesetzt und mit kurzen Zweischenspielen versehen. 5tes Heft</title>. <pubPlace key="place_0742">Wolfenbüttel</pubPlace>, <publisher key="publ_1756">Holle</publisher>. Subscr.-Pr. 6 Gr. n.</bibl>
<bibl id="hofm_1840_10_0139_03"><composer key="compo_037718">Wöhler</composer>, <title>Melodien zu den Gesangbüchern im Grossherzogthume Mecklenburg-Schwerin</title>. 8. <pubPlace key="place_0536">Parchim</pubPlace>, <publisher key="publ_1692">Hinstorff</publisher>. 5 Gr. n.</bibl>
</div><div id="hofm_1840_10_0139_div19"><head><hofClass key="hofCl_0021">Gesangstücke für Concertmusik mit Begleitung mehrerer Instrumente.</hofClass></head>
<bibl id="hofm_1840_10_0139_04"><composer key="compo_007710">Dürner (J.)</composer> <title>4 Lieder f. eine Singst. m. Begl. d. Pfte u. Violoncelle. (Wie herrlich leuchtet mir die Natur! – Komm Liebchen, komm heraus – In Grün will ich mich kleiden – Die Lerche bringt den letzten Sang.)</title> <pubPlace key="place_0392">Leipzig</pubPlace>, <publisher key="publ_0437">Br. u. Härtel</publisher>. 16 Gr.</bibl>
<bibl id="hofm_1840_10_0139_05"><composer key="compo_015612">Hummel (J.N.)</composer> <title>La Sentinelle (Die Schildwache) p. Chant, Pfte, Violon, Guitarre (ou Violoncelle) concertans et Contrebasse ad lib. Oe. <opus key="opus_4017">71</opus>. <edition>2de Edition</edition></title>. <pubPlace key="place_0731">Wien</pubPlace>, <publisher key="publ_1506">Haslinger</publisher>. 2 Fl. 30 Xr.</bibl>
<bibl id="hofm_1840_10_0139_06"><composer key="compo_016840">Kalliwoda (J.W.)</composer> <title>Der Postillon. Gedicht von N. Lenau f. eine Singst. m. Begl. d. Pfte u. Violoncelle. Op. <opus key="opus_0152">105</opus>. (Lieblich war die Maiennacht.)</title> <pubPlace key="place_0392">Leipzig</pubPlace>, <publisher key="publ_3023">Peters</publisher> 1 Thlr.</bibl>
<bibl id="hofm_1840_10_0139_07"><composer key="compo_019686">Lachner (Ign.)</composer> <title>An die Entfernte. Lied f. eine Singstimme m. Begl. d. Pfte und Waldhorn (od. Violoncelle.) Op. <opus key="opus_1661">23</opus>. (Denkst du mein.)</title> <pubPlace key="place_0554">Prag</pubPlace>, <publisher key="publ_0353">Bohmann’s Erben</publisher>. (<pubPlace key="place_0392">Leipzig</pubPlace> <publisher key="publ_1746">Hofmeister</publisher>.) 45 Xr.</bibl>
<bibl id="hofm_1840_10_0139_08">– <title>Liebesgluth. Lied f. eine Singstimme m. Begl. d. Pfte u. Waldhorn (od. Vclle.) Op. <opus key="opus_2915">43</opus>. (Dir Theurer schlägt mit leisem Beben.)</title> Ebend. 45 Xr.</bibl>
<bibl id="hofm_1840_10_0139_09">– <title>Der Ungenannten. Lied von Uhland f. eine Singstimme m. Begl. d. Pfte u. Waldhorn od. Vclle. (Auf eines Berges Gipfel.)</title> Ebend. 30 Xr.</bibl>
<bibl id="hofm_1840_10_0139_10"><composer key="compo_038177">Zimmermann (S.A.)</composer> <title>Wanderer’s Liebeschmerz. Lied von J.N. Vogl. f. eine Singst. m. Begl. d. Pfte u. Violoncelle (oder Physharmonica oder Clarinette.) Op. <opus key="opus_1390">20</opus>. (Ob sie meiner wohl gedenkt.)</title> <pubPlace key="place_0440">Mannheim</pubPlace>, <publisher key="publ_1534">Heckel</publisher>. 14 Gr.</bibl>
</div><div id="hofm_1840_10_0139_div20"><head><hofClass key="hofCl_0102">Mehrstimmige Gesänge mit und ohne Pianoforte.</hofClass></head>
<bibl id="hofm_1840_10_0139_11"><composer key="compo_005279">Carafa (M.)</composer> <title>Duetto: Sempre più t’amo. (Dir allein schägt mein Herz) f. 2 Soprane (od. Sopr. u. Tenor) m. Pfte</title>. <series>Cäcilia. No. 7</series>. <pubPlace key="place_0044">Berlin</pubPlace>, <publisher key="publ_3471">Schlesinger</publisher>. 6 Gr.</bibl>
<bibl id="hofm_1840_10_0139_12"><composer key="compo_006223">Curci (Gius.)</composer> <title>Il Tramonto della Luna (Mondes Untergant.) Duettino p. Tenore e Basso (o Sopr. e Contralto) c. Pfte</title>. <series>Aurora. No. 277</series>. <pubPlace key="place_0731">Wien</pubPlace>, <publisher key="publ_2605">Mechetti</publisher>. 45 Xr.</bibl>
<bibl id="hofm_1840_10_0139_13"><composer key="compo_007850">Eckert (Carl)</composer> <title>Der Waffenbrüder letzter Gruss. Volkslied von Fr. Förster f. 4 Männerstimmen mit Chor ad lib. Op. <opus key="opus_0684">14</opus>. <format>Part. u. Stimmen</format>. (Stimmt an den Trauerchor.)</title> <pubPlace key="place_0044">Berlin</pubPlace>, <publisher key="publ_3471">Schlesinger</publisher>. 12 Gr.</bibl>
<bibl id="hofm_1840_10_0139_14"><composer key="compo_008497">Erk (L.)</composer> u. <composer key="compo_016040">W. Irmer</composer>, <title>die deutschen Volkslieder mit ihren Singweisen. 5tes Heft. (69 Lieder enth.)</title> 12. <pubPlace key="place_0363">Crefeld</pubPlace>, <publisher key="publ_1152">Funcke</publisher> geh. 8 Gr. n.</bibl>
<pb n="140"/>
<bibl id="hofm_1840_10_0140_01"><composer key="compo_019751">Laib</composer>, <title>Sammlung zweistimmiger Schullieder. 2tes Heft</title>. quer 8. <pubPlace key="place_0113">Chur</pubPlace>, <publisher key="publ_1330">Grobenmann</publisher>. 3 Gr. n.</bibl>
<bibl id="hofm_1840_10_0140_02"><composer key="compo_022098">Mangold (W.)</composer> <title>Festlied bei der 50jährigen Dienstjubelfeier des grossh. Hoforganisten Ch. H. Rinck in Darmstadt, f. 4 Männerstimmen. (Wem tönt aus frohbewegter Brust.)</title> <pubPlace key="place_0438">Mainz</pubPlace>, <publisher key="publ_3563">Schott</publisher>. 42 Xr.</bibl>
<bibl id="hofm_1840_10_0140_03"><composer key="compo_022366">Marx (A.B.)</composer> <title>Die Schmiede des Prometheus. Opfergesang in der Mondnacht. Wanderlied. 3 Gesänge von Göthe f. 4 Männerstimmen m. Begl. d. Pfte. <format>Partitur u. Stimmen</format>. (Zündet das Feuer an. – Die hir Felsen und Bäume bewohnt. – Von dem Berge zu den Hügeln.)</title> <pubPlace key="place_0392">Leipzig</pubPlace>, <publisher key="publ_3023">Peters</publisher>. 1 Thlr. 12 Gr.</bibl>
<bibl id="hofm_1840_10_0140_04"><composer key="compo_023448">Miltitz (C.B. de)</composer> <title>3 Duettini p. Soprano e Contralto con Pfte (Voi che’l mio Cor. – La bella Pastorella. Anime inamorate.)</title> <pubPlace key="place_0392">Leipzig</pubPlace>, <publisher key="publ_0437">Br. et Härtel</publisher>. 12 Gr.</bibl>
<bibl id="hofm_1840_10_0140_05"><composer key="compo_023960">Musch (R.)</composer> <title>Lieder f. 4 Männerstimmen. <format>Partitur u. Stimmen</format>. (Grün ist de Jasminenstrauch. – Es war einmal ein tapferer Mann – Schnaube Winterwind, – Wohin ihr Reiterheere – Meine güldenen Ducaten – Auf Fluren grün.)</title> <pubPlace key="place_0581">Rinteln</pubPlace>. <publisher key="publ_2460">literarisch-artistisches Verlags-Institut</publisher>. n. 1 Thlr. (Die Stimmen allein 18 Gr. n.)</bibl>
<bibl id="hofm_1840_10_0140_06"><composer key="compo_027982">Reissiger (C.G.)</composer> <title>Chorgesänge und Quartetten für frohe Liedertäfler f. 4 Männerstimmen. Op. <opus key="opus_0902">157</opus>. <format>Partitur u. Stimmen</format>. (Die Heere blieben am Rheine stehn – Freudig und frei aus dem engen Haus – Du bist mein süsses Feuer.)</title> <pubPlace key="place_0044">Berlin</pubPlace>, <publisher key="publ_3471">Schlesinger</publisher>. 20 Gr.</bibl>
<bibl id="hofm_1840_10_0140_07"><composer key="compo_031258">Schulz (F.A.)</composer> <title>Deutscher Liederhain. Enthaltend: dreistimmige Gesänge zum Gebrauche des methodischen Gesangunterrichts für Schule und Haus</title>. <pubPlace key="place_0078">Braunschweig</pubPlace>, <publisher key="publ_2681">Meyer</publisher> sen. geh. 4 Gr. n.</bibl>
<bibl id="hofm_1840_10_0140_08"><composer key="compo_038339">Zöllner (A.)</composer> <title>Der deutsche Männerchor, leicht auführbare Original-Compositionen d. 4 Männerstimmen. 1stes Heft. (Sei gegrüsst, du Reine – Liebchen, nur noch einen Kuss – Herzlein stille – Sumsen der Käfer – Wie aus ihrer Brust – Ueber den Gräbern)</title>. <pubPlace key="place_0615">Schleusingen</pubPlace>, <publisher key="publ_1260">Glaser</publisher>. Subscr.-Pr. f. 6 Hefte 1 Thlr. n.</bibl>
<bibl id="hofm_1840_10_0140_09"><composer key="compo_038344">Zöllner (Carl)</composer> <title>10 Lieder und Gesänge f. Männerstimmen in 2 Heften. 1stes Heft, <format>Partitur und Stimmen</format>. (Auf und trinkt – Wo möcht ich sein – Kommt, Brüder trinket fruh mit mir – Brüder auf, mit frohen Sang – A. B. C. D.)</title> <pubPlace key="place_0392">Leipzig</pubPlace>, <publisher key="publ_2017">Kistner</publisher>. 1 Thlr. 8 Gr.</bibl>
</div><div id="hofm_1840_10_0140_div21"><head><hofClass key="hofCl_0268">Opernmusik mit Pianofortebegleitung.</hofClass></head>
<wip id="hofm_1840_10_0140_10"><composer key="compo_020722">Levi (S.)</composer> <title>Ginevra degli Almieri, ossia la Peste di Firenze</title>: <title>Coro di Fuorusciti e di Monache: E deserto tutto</title>, 6 Fr. <title>Romanz: Appena a battere</title>, 1 Fr. 50 Ct. <pubPlace key="place_0437">Milano</pubPlace>, <publisher key="publ_3241">Ricordi</publisher>.</wip>
<bibl id="hofm_1840_10_0140_11"><composer key="compo_022718">Mazzucato (A.)</composer> <title>I Corsari. Melodramma semiserio in 2 Atti: Cavatina: Questa vita</title>. Ebend. 2 Fr.</bibl>
<wip id="hofm_1840_10_0140_12"><composer key="compo_024153">Müller (Ad.)</composer> <title>Der Erbschleicher. Posse</title>. <title>Lied: Man kommt auf kein Grund</title>, 20 Xr. <title>Lied nach beliebten Motiven: Der Carneval von Venedig und Tremolo</title>. 30 Xr. Neueste <series>Sammlung komischer Theatergesänge. No. 376. 377</series>. <pubPlace key="place_0731">Wien</pubPlace>, <publisher key="publ_0735">Diabelli u. Co</publisher>.</wip>
<pb n="141"/>
<wip id="hofm_1840_10_0141_01"><composer key="compo_024901">Nini (Aless.)</composer> <title>Cristina di Svezia. Tragedia lirica in 3 Atti</title>. <title>No. 2, Cavatina: Quella roce</title>. 4 Fr. 50 Ct. <title>No. 11, Romanza: E sogno mentitore</title>, 1 Fr. 25 Ct. <title>No. 12, Scene e Duetto: Ei fuggir</title> 4 Fr. 50 Xr. <title>No. 17, Grand Scena e Duetto: Tu Giovanni</title>, 5 Fr. <title>No. 19, Coro ed Aria: Oh cessate</title>, 5 Fr. <title>No. 20, Gran Scena ed Aria: Oh! vieni ancor</title>, 3 Fr. 50 Ct. <title>No. 21, Scena e Duetto: Su che tardi</title> 4 Fr. <pubPlace key="place_0437">Milano</pubPlace>, <publisher key="publ_3241">Ricordi</publisher>.</wip>
<wip id="hofm_1840_10_0141_02"><composer key="compo_027077">Proch (H.)</composer> <title>Das Trauerspiel in Krähwinkel. Fresco-Gemülde</title>. <title>Lied: Es gläubt manches Madel</title>, 20 Xr. <title>Lied: Denk’ an dein End’</title>, 15 Xr. <title>Lied: Es wechseln die Leut’ oft</title>, 20 Xr. (<series>Neueste Sammlung komischer Theatergesänge No. 373–75</series>.) <pubPlace key="place_0731">Wien</pubPlace>, <publisher key="publ_0735">Diabelli u. Co</publisher>.</wip>
<wip id="hofm_1840_10_0141_03"><composer key="compo_029820">Savj</composer>, <title>Caterina di Cleves</title>. <title>Duetto: Non fuggirmi</title>, 4 Fr. <title>Rec. u. Duetto: Pera chi vuol turbaria</title>, 4 Fr. 50 Ct. <pubPlace key="place_0437">Milano</pubPlace>, <publisher key="publ_3241">Ricordi</publisher>.</wip>
</div><div id="hofm_1840_10_0141_div22"><head><hofClass key="hofCl_0040">Gesänge für eine Stimme mit Begleitung des Pianoforte.</hofClass></head>
<bibl id="hofm_1840_10_0141_04"><composer key="compo_003112">Bishop (Madame A.)</composer> <title>Souvenirs. Récueil d’Airs, Cavatines, Ballades et Chansonettes. No. 1, Je suis la Bayadere. No. 2, John Anderson, my Jo. No. 3, The last Rose of Summer. No. 4, Believe me, if all those endearing young charms. No. 5, Has sorrow thy young days shaded</title>. <pubPlace key="place_0360">Copenhagen</pubPlace>, <publisher key="publ_2487">Lose et Olsen</publisher>. à 4 Gr.</bibl>
<bibl id="hofm_1840_10_0141_05"><composer key="compo_006224">Curci (Guis.)</composer> <title>Il Bacio d’Amore. (Der Kuss.) Romanza</title>. <series>Aurora. No. 276</series>. <pubPlace key="place_0731">Wien</pubPlace>, <publisher key="publ_2605">Mechetti</publisher>. 30 Xr.</bibl>
<listBibl><bibl id="hofm_1840_10_0141_06"><composer key="compo_006231">Curschmann</composer>, <title>Aus der schönen Magelone. (Geliebter, wo zaudert dein irrender Fuss.)</title> <pubPlace key="place_0044">Berlin</pubPlace>, <publisher key="publ_4067">Trautwein</publisher>. 6 Gr.</bibl>
<bibl id="hofm_1840_10_0141_07">– <title>Die stillen Wanderer. (Die Wolken ziehn vorüber.)</title> Ebend. 4 Gr.</bibl>
<bibl id="hofm_1840_10_0141_08">– <title>Wiegenlied. (So schlaf in Ruh!)</title> Ebend. 4 Gr. <lb/>(<series>Liederspende No. 5. 7. 9</series>.)</bibl>
</listBibl><bibl id="hofm_1840_10_0141_09"><composer key="compo_007850">Eckert (Carl)</composer> <title>Der Waffenbrüder letzter Gruss. Volkslied von Fr. Förster. Op. <opus key="opus_0684">14</opus>. (Stimmt an den Trauerchor.)</title> <pubPlace key="place_0044">Berlin</pubPlace>, <publisher key="publ_3471">Schlesinger</publisher>. 4 Gr.</bibl>
<bibl id="hofm_1840_10_0141_10"><composer key="compo_008268">Elster (D.)</composer> <title>Kindheit. Scönstes Geschenk für Kinder, die Clavier spielen und etwas singen. 5tes Heft</title>. <pubPlace key="place_0615">Schleusingen</pubPlace>, <publisher key="publ_1260">Glaser</publisher>. 4 Gr. n.</bibl>
<bibl id="hofm_1840_10_0141_11"><composer key="compo_008332">Engel (Carl)</composer> <title>Die geizige Spinnerin. Die Nonn. 2 Lieder. Op. <opus key="opus_2116">3</opus>. (Am heil’gen Sonntag sitzet – Ich stand auf hohem Berge.)</title> <pubPlace key="place_0276">Hamburg</pubPlace>, <publisher key="publ_2870">Niemeyer</publisher>. 16 Gr.</bibl>
<bibl id="hofm_1840_10_0141_12"><composer key="compo_008627">Esser (H.)</composer> <title>In die Ferne. Lied v. H. Kletke. (Siehst du am Abend die Wolken zieh’n.)</title> <pubPlace key="place_0440">Mannheim</pubPlace>, <publisher key="publ_1534">Heckel</publisher>. 36 Xr.</bibl>
<bibl id="hofm_1840_10_0141_13"><composer key="compo_009508">Fliegel (C.W.)</composer> <title>12 Lieder aus Psalm und Harfe</title>. <pubPlace key="place_0035">Basel</pubPlace>, <publisher key="publ_3837">Spittler u. Co</publisher>. geh. 9 Gr. n.</bibl>
<bibl id="hofm_1840_10_0141_14"><composer key="compo_012875">Hackel (Ant.)</composer> <title>Der Rubinring. An die Sehnsucht. Op. <opus key="opus_3586">60</opus>. (Leb’ wohl, du wankelmüth’ge Maid – Warum, o Sehnsucht.)</title> <pubPlace key="place_0731">Wien</pubPlace>, <publisher key="publ_0735">Diabelli u. Co</publisher>. 30 Xr.</bibl>
<bibl id="hofm_1840_10_0141_15"><composer key="compo_016840">Kalliwoda (J.W.)</composer> <title>Husarenlied v. N. Lenau. (Der Husar trar<unclear>a</unclear>.)</title> <pubPlace key="place_0554">Prag</pubPlace>, <publisher key="publ_1729">Hoffmann</publisher>. 40 Xr.</bibl>
<bibl id="hofm_1840_10_0141_16"><composer key="compo_017664">Klein (B.)</composer> <title>Rastlose Liebe. (Dem Schnee, dem Regen.)</title> <series>Liederspende No. 6</series>. <pubPlace key="place_0044">Berlin</pubPlace>, <publisher key="publ_4067">Trautwein</publisher>. 6 Gr.</bibl>
<bibl id="hofm_1840_10_0141_17"><composer key="compo_018639">Krebs (C.)</composer> <title>Tyrolienne. (Im Wald ist’s dunkel.)</title> <pubPlace key="place_0276">Hamburg</pubPlace>, <publisher key="publ_2870">Niemeyer</publisher>. 6 Gr.</bibl>
<bibl id="hofm_1840_10_0141_18"><composer key="compo_019507">Kücken (Fr.)</composer> <title>2 Gesänge f. Bass oder Alt. Op. <opus key="opus_2196">31. No. 2</opus>, Wasserfahrt, Gedicht von H. Heine. (Ich stand gelehnet an den Mast.)</title> <pubPlace key="place_0044">Berlin</pubPlace>, <publisher key="publ_0224">Bechtold u. H</publisher>. 10 Gr.</bibl>
<pb n="142"/>
<wip id="hofm_1840_10_0142_01"><composer key="compo_019684">Lachner (Fr.)</composer> <title>Des Sängers Feierstunden. Ein Cyclus von Liedern. Op. <opus key="opus_2576">37</opus></title>. <title>No. 1, Leichter Sinn. (Heiter, froh und sorgenlos)</title> 20 Xr. <title>No. 2, Lob der Weiber. (Ström’ aus mein Lied.)</title> <title>No. 3, Eine Liebe. (Nun einen Mai gibt’s im Leben)</title> à 30 Xr. <title>No. 4, Die Sterbende. (Mutter! mein blasses Gesicht.)</title> <title>No. 5, Das wandernde Glöckchen. (Schon wares vom Baume die Blätter gesunken.)</title> <title>No. 6, An Hertha. (Wenn ich dir in’s klare Auge.)</title> <title>No. 7, Ihr Name. (Ich grub in Gold)</title> à 20 Xr. <title>No. 8, Abend. (Herrlich steigt der Abend nieder)</title> 30 Xr. <title>No. 9, Lied des Gärtners. (Lasst euch pflücken, lichte Blümlein,)</title> 15 Xr. <title>No. 10, Einsiedlers Grab. (Die Grab hat mir gegraben,)</title> 20 Xr. <pubPlace key="place_0731">Wien</pubPlace>, <publisher key="publ_0735">Diabelli u. Co</publisher>.</wip>
<bibl id="hofm_1840_10_0142_02">– <title>Vorüber. Lied. Op. <opus key="opus_3701">62</opus>. (Am Ufer steht der Sänger.)</title> <pubPlace key="place_0594">Rudolstadt</pubPlace>, <publisher key="publ_2779">Müller</publisher>. 8 Gr.</bibl>
<bibl id="hofm_1840_10_0142_03">– <title>Vöglein mein Bote! Die Armesünder-Blum. Die Männer sind mechant! 3 Lieder. Op. <opus key="opus_3738">63</opus>. (Vöglein flieg’ fort – Am Kreuzweg wird begraben – Du sagtest mir es, Mutter.)</title> Ebend. 10 Gr.</bibl>
<bibl id="hofm_1840_10_0142_04"><composer key="compo_020738">Levy (M.)</composer> <title>Erstlingsgabe. 3 deutsche Gesänge. Op. <opus key="opus_0001">1</opus>. (In einem dunkeln Thal – Habe lange nicht gesungen – Du schönes Fischermädchen.)</title> <pubPlace key="place_0276">Hamburg</pubPlace>, <publisher key="publ_2870">Niemeyer</publisher>. 12 Gr.</bibl>
<bibl id="hofm_1840_10_0142_05"><composer key="compo_021404">Lucantony (Vin.)</composer> <title>6 Ariette de Camera del Conte Gir. Cicognara, per Soprano</title>. <pubPlace key="place_0437">Milano</pubPlace>, <publisher key="publ_3241">Ricordi</publisher>. 8 Fr.</bibl>
<bibl id="hofm_1840_10_0142_06"><composer key="compo_022096">Mangold (C.A.)</composer> <title>Canzonetta: Placido Zeffireto. (Lüfte, ziehet im Kreise) p. Soprano. Op. <opus key="opus_4300">8</opus></title>. (<series>2te Lieder. No. 22</series>.) <pubPlace key="place_0438">Mainz</pubPlace>, <publisher key="publ_3563">Schott</publisher>. 36 Xr.</bibl>
<bibl id="hofm_1840_10_0142_07"><composer key="compo_022229">Marinoni (Mme.)</composer> <title>La jolie Catalane. Die schöne Catalonierin. Romanze espagno le</title>. (<series>Choix. No. 217</series>) <pubPlace key="place_0044">Berlin</pubPlace>, <publisher key="publ_3471">Schlesinger</publisher> 4 Gr.</bibl>
<listBibl><bibl id="hofm_1840_10_0142_08"><composer key="compo_022471">Mathieux</composer>, <title>Nachtlied. (Der Mond kommt still gegangen.)</title> <pubPlace key="place_0044">Berlin</pubPlace>, <publisher key="publ_4067">Trautwein</publisher>. 4 Gr.</bibl>
<bibl id="hofm_1840_10_0142_09">– <title>Vorüberfahrt. (Ihr Liebe flüsternden Linden.)</title> Ebend. 4 Gr. <lb/>(<series>Liederspende No. 2. 4</series>.)</bibl>
</listBibl><bibl id="hofm_1840_10_0142_10"><composer key="compo_023269">Meyerbeer (Giac.)</composer> <title>Heimliche Liebe. (Délire.) Lied: Meines Lebens stille Blüthe. (Sur ma Vie.)</title> <pubPlace key="place_0392">Leipzig</pubPlace>, <publisher key="publ_0437">Br. u. Härtel</publisher>. 4 Gr.</bibl>
<bibl id="hofm_1840_10_0142_11"><composer key="compo_023873">Mounsey (Miss.)</composer> <title>Three Songs <sic>whith</sic> Acc. for Two Performers. Op. <opus key="opus_0927">16</opus>. (Keine von der Erde Schönen – Der Thürmer, der schaut zu Mitten der Nacht – Was unterm Monde gleicht uns Elfen.)</title> <pubPlace key="place_0419">London</pubPlace>. (<pubPlace key="place_0392">Leipzig</pubPlace>, <publisher key="publ_3023">Peters</publisher>.) 1 Thlr. 6 Gr.</bibl>
<wip id="hofm_1840_10_0142_12"><composer key="compo_024138">Mühling (A.)</composer> <title>Psalter und Harfe von Spitta. Op. <opus key="opus_3351">54</opus></title>. <title>2tes–4tes Heft</title>. <pubPlace key="place_0436">Magdeburg</pubPlace>, <publisher key="publ_0648">Creutz’sche Buchhdlg</publisher>. à 16 Gr. n. (Preis für alle 4 Hefte 2 Thlr. n.)</wip>
<bibl id="hofm_1840_10_0142_13">– <title>Liederkranz. 8 Lieder f. Mezzosopran. Op. <opus key="opus_3385">55</opus></title>. <pubPlace key="place_0436">Magdeburg</pubPlace>, <publisher key="publ_0991">Fabricius</publisher>. 16 Gr. n.</bibl>
<bibl id="hofm_1840_10_0142_14"><composer key="compo_024153">Müller (Ad.)</composer> <title>Das Licht am Fenster. Op. <opus key="opus_2458">35</opus>. (Nimm den Ring noch eh’ wir scheiden.)</title> <pubPlace key="place_0731">Wien</pubPlace>, <publisher key="publ_0735">Diabelli u. Co</publisher>. 45 Xr.</bibl>
<wip id="hofm_1840_10_0142_15"><composer key="compo_024212">Müller (G.)</composer> <title>Gesänge f. Bass oder Bariton. Op. <opus key="opus_1390">20</opus>. <series>3te Sammlung d. Bassges</series></title>. <title>1stes Heft. (Hin schwebt auf den Wellen – Auf Gräben blühen Rosen.)</title> <title>2tes Heft. (Ruhe der Nacht – Es sass ein alter Fischer.)</title> <pubPlace key="place_0078">Braunschweig</pubPlace>, <publisher key="publ_2681">Meyer</publisher>. à 10 Gr.</wip>
<bibl id="hofm_1840_10_0142_16"><composer key="compo_026824">Poniatowsky (Princ. Guis.)</composer> <title>Aria: Ancor pavento, ancora, introdotta nell’Opera: La Sonnambula, di Bellini</title>. <pubPlace key="place_0437">Milano</pubPlace>, <publisher key="publ_3241">Ricordi</publisher>. 2 Fr. 25 Ct.</bibl>
<pb n="143"/>
<bibl id="hofm_1840_10_0143_01">*<title>Preussenlied, z. Huldigung Sr. M. d. Königs Friedrich Wilhelm IV. (Schot ein Jahrhundert schwand.)</title> <series>Preussens Huldigungslieder No. 1</series>. <pubPlace key="place_0044">Berlin</pubPlace>, <publisher key="publ_3471">Schlesinger</publisher> 2 Gr.</bibl>
<bibl id="hofm_1840_10_0143_02"><composer key="compo_027031">Preyer (G.)</composer> <title>Vision. Gedicht v. Kletke f. Sopran od. Tenor. Op. <opus key="opus_2403">34</opus>. (Dunkel war’s und stille.)</title> <pubPlace key="place_0731">Wien</pubPlace>, <publisher key="publ_0735">Diabelli u. Co</publisher>. 30 Xr.</bibl>
<bibl id="hofm_1840_10_0143_03">– Idem f. Alt oder Bariton. Ebend. 30 Xr.</bibl>
<bibl id="hofm_1840_10_0143_04"><composer key="compo_027077">Proch (H.)</composer> <title>Der Ballkranz. Lied. Op. <opus key="opus_4130">75</opus> (Die Mutter zum Balle gar herrlich geschmückt.)</title> Ebend. 30 Xr.</bibl>
<bibl id="hofm_1840_10_0143_05">– <title>Vorsatz. (Risoluzione.) Lied: Seht doch nur, welch’ ein Betragen. (Vedi un pò che bella grazia.) Op. <opus key="opus_4153">76</opus></title>. Ebend. 30 Xr.</bibl>
<bibl id="hofm_1840_10_0143_06">*<composer key="compo_027183">Puchet (Mlle. L.)</composer> <title>Album. Collection de 12 Romances av. 12 Vign</title>. <pubPlace key="place_0438">Mainz</pubPlace>, <publisher key="publ_3563">Schott</publisher> geh. 5 Fl. 24 Xr.</bibl>
<bibl id="hofm_1840_10_0143_07">– <title>Une Deputation de Demoiselles. Eine Deputation junger Mädchen</title>. (<series>Choix de Romances. No. 220</series>.) <pubPlace key="place_0044">Berlin</pubPlace>, <publisher key="publ_3471">Schlesinger</publisher>.</bibl>
<bibl id="hofm_1840_10_0143_08">– <title>Jeune fille à quinze Ans. – Matines</title>. (<series>Choix No. 222. 223</series>.) Ebend. 4 Gr.</bibl>
<bibl id="hofm_1840_10_0143_09"><composer key="compo_027982">Reissiger (C.G.)</composer> <title>Ruhe. (Des Tages flücht’ge Stunden.)</title> <series>Liederspende No. 8</series>. <pubPlace key="place_0044">Berlin</pubPlace>, <publisher key="publ_4067">Trautwein</publisher>. 4 Gr.</bibl>
<bibl id="hofm_1840_10_0143_10"><composer key="compo_027983">Reissiger (F.A.)</composer> <title>Entschuldigung, von Reinick. Liebessuchen, von Keil. 2 Lieder. Op. <opus key="opus_3105">48</opus>. (Süss Liebchen denkst du noch daran – Lieb’ Blümchen auf der Au.)</title> <pubPlace key="place_0392">Leipzig</pubPlace>, <publisher key="publ_1746">Hofmeister</publisher>. 8 Gr.</bibl>
<wip id="hofm_1840_10_0143_11"><composer key="compo_028792">Rondonneau (Mme Elise)</composer> <title>4 Romances</title> (av. Vign.) <pubPlace key="place_0044">Berlin</pubPlace>, <publisher key="publ_3471">Schlesinger</publisher>. 8 Gr. <lb/>Dieselben einzeln: <lb/><title>No. 1, Mes Amours de toujours</title>. (<series>Choix No. 212</series>.) 4 Gr. <lb/>– <title>2. u. 3. 2 Romances. Mon Etoile d’Amour. (Mein Liebestern.) Notre Baronne. (Unsere Baronin.)</title> <series>Choix No. 213</series>. 4 Gr. <lb/>– <title>4. Prière des Pècheurs. (Gebet der Fischer.)</title> <series>Choix No. 214</series>. 4 Gr.</wip>
<bibl id="hofm_1840_10_0143_12"><composer key="compo_029593">Salghetti (Giov.)</composer> <title>Maria di Moulins. Romanza p. Soprano</title>. <pubPlace key="place_0437">Milano</pubPlace>, <publisher key="publ_3241">Ricordi</publisher>. 1 Fr. 50 Ct.</bibl>
<wip id="hofm_1840_10_0143_13"><composer key="compo_031357">Schumann (Rob.)</composer> <title><series>Myrthen</series>. Liederkreis von Göthe, Rücker, Byron, Moore, Heine, Burns und Mosen. Op. <opus key="opus_1802">25</opus></title>. <lb/><title>1stes Heft. (Du meine Seele – Lass mich nur auf meinem Sattel – Es grünet ein Mussbaum – Mein Herz ist betrübt – Sitz’ ich allein – Setze mir nicht, du Grobian.)</title> <lb/><title>2tes Heft. (Die Lotusblume ängstigt sich – Gottes ist der Orient – Wie mit inngstem Behagen – Ich bin gekommen in’s Niederland – Mutter glaube nicht – Lass mich ihm am Busen hangen.)</title> <lb/><title>3tes Heft. (Mein Herz ist im Hochland – Schlafe süsser kleiner – Mein Herz ist schwer – Es flüstert der Himmel – Leis’ rudern hier – Wenn durch di Piazetta.)</title> <lb/><title>4tes Heft. (Hoch zu Pferd! – Wie kann ich froh und munter sein – Was will die einsame Thräne – Ich hab’ mein Weib allein – Ich schau über Forth – Du bist wie eine Blume – Ich seude einen Gruss – Hier in diesen erdbeklommenen Lüften.)</title> <pubPlace key="place_0392">Leipzig</pubPlace>, <publisher key="publ_2017">Kistner</publisher>. à 16 Gr.</wip>
<bibl id="hofm_1840_10_0143_14"><composer key="compo_031456">Schwarz (C.G.W.)</composer> <title>An die Geliebte. Gedicht von C.A. Wolff</title>. <pubPlace key="place_0044">Berlin</pubPlace>, <publisher key="publ_4468">Wolff u. Co</publisher>. 4 Gr. n.</bibl>
<bibl id="hofm_1840_10_0143_15">– <title>Johannes Gutenberg. Lied v. C. Lindow</title>. Ebend. 4 Gr. n.</bibl>
<bibl id="hofm_1840_10_0143_16"><composer key="compo_032713">Speier (Wilh.)</composer> <title>Die drei Liebchen. Ballade. Op. <opus key="opus_2347">33</opus>. (Drei muntre Burschen sassen.)</title> <series>2te Lieders. No. 30</series>. <pubPlace key="place_0438">Mainz</pubPlace>, <publisher key="publ_3563">Schott</publisher>. 42 Xr.</bibl>
<pb n="144"/>
<bibl id="hofm_1840_10_0144_01"><composer key="compo_034621">Titl (A. Emil.)</composer> <title>Der Nixe Sohn. Ballade v. Boczek. Op. <opus key="opus_3967">7</opus>. (Die Sonne sengt.)</title> <pubPlace key="place_0731">Wien</pubPlace>, <publisher key="publ_1506">Haslinger</publisher>. 30 Xr.</bibl>
<bibl id="hofm_1840_10_0144_02">– <title>Stimme aus dem Innern. Lied. Op. <opus key="opus_4300">8</opus>. (Wenn Gute, die dich schwer verkennen.)</title> Ebend. 30 Xr.</bibl>
<bibl id="hofm_1840_10_0144_03"><composer key="compo_034894">Truhn (G.H.)</composer> <title>Preussenlied zur Huldigung S. M. des Königs Friedrich Wilhelm IV. (Den König schütze Du.)</title> <series>Preussens Huldigungslieder. No. 2</series>. <pubPlace key="place_0044">Berlin</pubPlace>, <publisher key="publ_3471">Schlesinger</publisher>. 4 Gr.</bibl>
<wip id="hofm_1840_10_0144_04"><composer key="compo_036249">Weber (Ch. M. de)</composer> <title>Romances et Lieder</title>. <title>No. 1, Adieu à la Vie. Abschied vom Leben</title>. <title>No. 2, Consolation. Trost</title>. à 4 Gr. <title>No. 3, Mon Pays. Mein Vaterland</title>. 8 Gr. <title>No. 4, Prière pendant la Bataille. Gebet</title>. 10 Gr. <title>No. 5, Enfant dormez</title>. 4 Gr. <pubPlace key="place_0044">Berlin</pubPlace>, <publisher key="publ_3471">Schlesinger</publisher>. (<series>Choix d’Airs No. 203–207</series>.)</wip>
</div><div id="hofm_1840_10_0144_div23"><head><hofClass key="hofCl_0077">Lehrbücher für den Gesang.</hofClass></head>
<bibl id="hofm_1840_10_0144_05"><composer key="compo_006143">Crescentini (J.)</composer> <title>Dernière Collection de 24 Exercices p. la Vocalisation av. Acc. de Pfte arr. p. J. de Blumenthal</title>. <pubPlace key="place_0731">Wien</pubPlace>, <publisher key="publ_2605">Mechetti</publisher> geh. 4 Fl.</bibl>
<bibl id="hofm_1840_10_0144_06">– Idem. Divisée en 2 Livr. à 2 Fl. 30 Xr.</bibl>
<bibl id="hofm_1840_10_0144_07"><composer key="compo_029226">Rungenhagen (C.F.)</composer> <title>52 Singübungen, leicht und fortschreitend f. Sopran oder Tenor m. Begl. d. Pfte. <edition>Neue verbesserte Ausgabe der Singüb</edition>. Op. <opus key="opus_0021">10</opus>. <opus key="opus_0234">11</opus>. <opus key="opus_0684">14</opus>. <opus key="opus_0806">15</opus></title>. <pubPlace key="place_0044">Berlin</pubPlace>, <publisher key="publ_3471">Schlesinger</publisher>. 2 Thlr. 4 Gr.</bibl>
<bibl id="hofm_1840_10_0144_08"><title>Singbuch. Enthaltend: 50 Singübungen, 14 Canons, 30 Choräle, 82 Arien, die liturg. Gesänge und ein vollst. Register</title>. 12. <pubPlace key="place_0260">Görlitz</pubPlace>, <publisher key="publ_1665">Heyn</publisher>. 4 Gr. n.</bibl>
</div><div id="hofm_1840_10_0144_div24"><head><hofClass key="hofCl_0287">Theoretische Werke.</hofClass></head>
<bibl id="hofm_1840_10_0144_09"><title>Blätter für Musik und Literatur. Redigirt unter Verantwortlichkeit der Verlagshandlung. 1tes Quartal, October bis December 1840</title>. (13 Nrn. à ¼ Bogen.) 8. <pubPlace key="place_0276">Hamburg</pubPlace>, <publisher key="publ_3605">Schuberth u. Co</publisher>. 8 Gr. n.</bibl>
<bibl id="hofm_1840_10_0144_10"><author>Gathy (A.)</author> <title>Musikalisches Conversations-Lexicon. <edition>2te Aufl</edition>. mit 8 Stahlstichen</title>. <pubPlace key="place_0276">Hamburg</pubPlace>, <publisher key="publ_2870">Niemeyer</publisher> geb. 2 Thlr. 16 Gr. n.</bibl>
<bibl id="hofm_1840_10_0144_11"><title>Orpheus. Musikalisches Taschenbuch für das Jahr 1841. Herausg. v. Schmidt. (Mit Meyerbeer’s Bildniss und Musikbeilagen.)</title> gr. 8. <pubPlace key="place_0731">Wien</pubPlace>, <publisher key="publ_3245">Riedl’s Witwe u. Sohn</publisher>. Elegant geb. mit Goldschnitt. 3 Thlr. 16 Gr. n.</bibl>
<bibl id="hofm_1840_10_0144_12"><author>Raudnitz (Dr. L.)</author> <title>Die Musik als Heilmiettel, oder: Der Einfluss der Musik auf Geist und Körper des Menschen, und deren Anwendung in verschiedenen Krankheiten. Nebst Anhang: Diätetik für Sänger und solche Musiker, welche Blasinstrumente behandeln</title>. gr. 12. <pubPlace key="place_0554">Prag</pubPlace>, <publisher key="publ_1418">Haase Söhne</publisher> geh. 14 Gr. n.</bibl>
<bibl id="hofm_1840_10_0144_13"><author>Reicha (Ant.)</author> <title>Die Kunst der dramatischen Composition. (Art du Compositeur dramtique.) 3tes Buch</title>. <pubPlace key="place_0731">Wien</pubPlace>, <publisher key="publ_0735">Diabelli u. Co</publisher>. 4 Fl. 15 Xr.</bibl>
<bibl id="hofm_1840_10_0144_14"><author>Schilling (Hofr. Dr. G.)</author> <title>Geschichte der heutigen oder modernes Musik, in ihrem Zusammenhange mit der allgemeinen Welt- und Völkergeschichte</title>. gr. 8. <pubPlace key="place_0339">Karlsruhe</pubPlace>, <publisher key="publ_1333">Groos</publisher> geh. 4 Thlr. n.</bibl>
<bibl id="hofm_1840_10_0144_15">– <title>Der musikalische Sprachmeister, oder Erklärung sämmtlicher in der Musik vorkomm. techn. Kunstausdrücke</title>. 16. <pubPlace key="place_0693">Tübingen</pubPlace>, <publisher key="publ_2952">Osiander</publisher>. geh. 16 Gr. n.</bibl>  
</div></body></text></TEI.2>