<?xml version="1.0" encoding="utf-8"?>
<!DOCTYPE TEI.2
  SYSTEM "../../dtd/tei/cch_tei.dtd">
<TEI.2 id="hofm_1841_12">
<teiHeader type="text"><fileDesc><titleStmt><title>December 1841</title></titleStmt><publicationStmt><p/></publicationStmt><sourceDesc><p/></sourceDesc></fileDesc>
<profileDesc><langUsage><language id="ger">German</language><language id="fre">French</language><language id="ita">Italian</language></langUsage></profileDesc>
<revisionDesc><change><date>2007-04-27</date><respStmt><name>RV</name></respStmt><item>Changed "biblGroup" elements in "listBibl"</item></change><change><date>2007-03-02</date><respStmt><name>EP</name></respStmt><item>Checked curly brackets</item></change><change><date>2007-02-26</date><respStmt><name>EP</name></respStmt><item>Encoded curly brackets</item></change><change><date>2006-12-19</date><respStmt><name>EP</name></respStmt><item>sic and unclear moved outside elements pubplaces, publisher, composer, hofclass, key, opus</item></change><change><date>2007-01-28</date><respStmt><name>Sarah</name></respStmt><item>Removed extra author tags.</item></change><change><date>2006-10-24</date><respStmt><name>Liz</name></respStmt><item>p. 178 Störr (not Storr)</item></change><change><date>2006-10-16</date><respStmt><name>Liz</name></respStmt><item>p. 182 Döhler, not Dohler</item></change><change><date>2006-03-15</date><respStmt><name>Sarah</name></respStmt><item>Fixed Xrefs</item></change><change><date>2006-01-12</date><respStmt><name>Liz</name></respStmt><item>p. 185 Gödsche (not Godsche)</item></change><change><date>2005-10-20</date><respStmt><name>Liz</name></respStmt><item>p. 182 corr</item></change><change><date>2005-09-15</date><respStmt><name>Sarah</name></respStmt><item>Corrections following checking pages. Adjusted publisher tagging.</item></change><change><date>2005-07-22</date><respStmt><name>Sarah</name></respStmt><item>Corrections following checking pages. Adjusted album tagging.</item></change><change><date>2005-03-04</date><respStmt><name>Sarah</name></respStmt><item>Fixed file ID</item></change><change><date>2005-02-21</date><respStmt><name>Sarah</name></respStmt><item>First encoding.</item></change></revisionDesc></teiHeader>
<text><body><pb n="178"/><head>December 1841.</head>
<div id="hofm_1841_12_0178_div01"><head><hofClass key="hofCl_0164">Musik für das Orchester.</hofClass></head>
<bibl id="hofm_1841_12_0178_01"><composer key="compo_001079">Auber (D.F.E.)</composer> <title>Ouverture de l’Opéra : Les Diamans de la Couronne, arr. en Harmonie à 28 Parties. par J. Mohr</title>. <pubPlace key="place_0438">Mainz</pubPlace>, <publisher key="publ_3563">Schott</publisher>. 6 Fl.</bibl>
<bibl id="hofm_1841_12_0178_02"><composer key="compo_010502">Gade (N.W.)</composer> <title>Nachklänge von Ossian. Ouverture f. Orchester (in <key>Am</key>.)</title> <pubPlace key="place_0392">Leipzig</pubPlace>, <publisher key="publ_0437">Br. u. Härtel</publisher>. 2 Thlr. 15 Ngr.</bibl>
<bibl id="hofm_1841_12_0178_03"><title>Harmoniemusik (achtstimmige) nach Motiven der neuesten Opern bearb. von <composer key="compo_027171">J.G. Pröhl</composer>. 2te Samml., 1tes Heft, aus Maria de Rudenz von Donizetti</title>. <pubPlace key="place_0110">Chemnitz</pubPlace>, <publisher key="publ_1807">Häcker</publisher>. 15 Ngr.</bibl>
<bibl id="hofm_1841_12_0178_04"><composer key="compo_017790">Klingebiel (A.)</composer> <title>2 Geschwindmärsche 14stimmig f. Harmonie-Musik</title>. <pubPlace key="place_0532">Osterode</pubPlace>, <publisher key="publ_3815">Sorge</publisher>. 1 Thlr.</bibl>
<bibl id="hofm_1841_12_0178_05"><composer key="compo_020014">Lanner (Jos.)</composer> <title>Beliebte Walzer und Galoppen f. Orchester. No. 64. Quadrille. Op. <opus key="opus_1022">164</opus></title>. <pubPlace key="place_0731">Wien</pubPlace>. <publisher key="publ_2605">Mechetti</publisher>. 2 Fl.</bibl>
<bibl id="hofm_1841_12_0178_06">– <title>Abendsterne. Walzer f. Orchester. Op. <opus key="opus_1183">180</opus></title>. <pubPlace key="place_0731">Wien</pubPlace>, <publisher key="publ_1506">Haslinger</publisher>. 3 Fl.</bibl>
<bibl id="hofm_1841_12_0178_07"><composer key="compo_022297">Marschner (H.)</composer> <title>Klänge aus Osten. Ouverture für grosses Orchester. Op. <opus key="opus_0216">109</opus>, in <key>D</key></title>. <pubPlace key="place_0392">Leipzig</pubPlace>, <publisher key="publ_1746">Hofmeister</publisher>. 2 Thlr. 15 Ngr.</bibl>
<bibl id="hofm_1841_12_0178_08"><title>Militair-Musik. Eine Sammlung kurzer Piècen (14stimmig) 20te Lief. v. <composer key="compo_033797">F. Störr</composer></title>. <pubPlace key="place_0110">Chemnitz</pubPlace>. <publisher key="publ_1807">Häcker</publisher>. 15 Ngr.</bibl>
<bibl id="hofm_1841_12_0178_09"><composer key="compo_024205">Müller (Fr.)</composer> <title>Concertino p. Clarinette et Basson av. Acc. de l’Orchestre. Oe. <opus key="opus_3244">51</opus>, in <key>B</key></title>. <pubPlace key="place_0594">Rudolstadt</pubPlace>, <publisher key="publ_2779">Müller</publisher>. 3 Fl. 30 Xr.</bibl>
<bibl id="hofm_1841_12_0178_10">– <title>8ière Symphonie pour grand Orchestre. Oe. <opus key="opus_3282">52</opus>, in <key>Es</key></title>. (Déd. à Mr. L. Spohr). <pubPlace key="place_0392">Leipzig</pubPlace>, <publisher key="publ_1746">Hofmeister</publisher>. 5 Thlr.</bibl>
<bibl id="hofm_1841_12_0178_11"><composer key="compo_031357">Schumann (Rob.)</composer> <title>Symphonie f. grosses Orchester. Op. <opus key="opus_2630">38</opus>, in <key>B</key></title>. <pubPlace key="place_0392">Leipzig</pubPlace>, <publisher key="publ_0437">Br. u. Härtel</publisher>. 6 Thlr. 15 Ngr.</bibl>
<bibl id="hofm_1841_12_0178_12"><composer key="compo_033569">Strauss (Joh.)</composer> <title>Walzer f. d. Orchester. No. 54, Adelaiden-Walzer. Op. <opus key="opus_0511">129</opus></title>. <pubPlace key="place_0731">Wien</pubPlace>, <publisher key="publ_1506">Haslinger</publisher>. 2 Fl. 30 Xr.</bibl>
<wip id="hofm_1841_12_0178_13"><title>Tanze (neue) f. kleines Orchester. 5te Samml</title>. <title>8tes Heft von <composer key="compo_015888">Hübner</composer>, <composer key="compo_033797">Störr</composer>, <composer key="compo_001202">C. Bach</composer> u. <composer key="compo_002699">Berthold</composer></title>. <title>9tes Heft von <composer key="compo_018905">Krug</composer></title>. <title>10tes Heft von <composer key="compo_027170">Pröhl</composer></title>. <title>11tes Heft von <composer key="compo_023203">B. Meyer</composer></title>. <pubPlace key="place_0110">Chemnitz</pubPlace>, <publisher key="publ_1807">Häcker</publisher>, à 10 Ngr.</wip>
</div><div id="hofm_1841_12_0178_div02"><head><hofClass key="hofCl_0245">Musik für die Violine.</hofClass></head>
<bibl id="hofm_1841_12_0178_14"><composer key="compo_002572">Berlioz (Hect.)</composer> <title>Rêverie et Caprice. Romance p. Violon av. Acc. de Pfte. Oe. <opus key="opus_4300">8</opus>, in <key>A</key></title>. <pubPlace key="place_0731">Wien</pubPlace>, <publisher key="publ_2605">Mechetti</publisher>. 45 Xr.</bibl>
<bibl id="hofm_1841_12_0178_15"><composer key="compo_007565">Durst (M.)</composer> <title>Variations brillantes sur la Cavatine (Io soffrir tortura) de l’Opéra : Beatrice di Tenda de Bellini p. Violon av. Acc de Pfte. Oe. <opus key="opus_0392">12</opus>, in <key>D</key></title>. <pubPlace key="place_0731">Wien</pubPlace>, <publisher key="publ_0735">Diabelli et Co</publisher>. 1 Fl.</bibl>
<bibl id="hofm_1841_12_0178_16"><composer key="compo_010626">Ganz (Maur. et Leop.)</composer> <title>Fantaisie sur de Thèmes de l’Opéra : Freischutz de C.M. de Weber, p. Violon et Violoncelle (in <key>C</key>.)</title> <pubPlace key="place_0438">Mainz</pubPlace>, <publisher key="publ_3563">Schott</publisher>. 1 Fl. 21 Xr.</bibl>
<bibl id="hofm_1841_12_0178_17"><composer key="compo_013697">Haydn (Jos.)</composer> <title>Partition des Quatuors p. 2 Violons, Alto et Vclle. <edition>Nouv. Edit</edition>. No. 23, in <key>Hm</key></title>. 8. <pubPlace key="place_0044">Berlin</pubPlace>, <publisher key="publ_4068">Trautwein u. Co</publisher>. geh.</bibl>
<pb n="179"/>
<bibl id="hofm_1841_12_0179_01"><composer key="compo_017707">Kleinwächter (L.)</composer> <title>Quartett f. 2 Violinen, Alt u.Violoncell. Op. <opus key="opus_4300">8</opus>, in <key>C</key></title>. <pubPlace key="place_0392">Leipzig</pubPlace>, <publisher key="publ_0437">Br. u. Härtel</publisher>. 1 Thlr. 20 Ngr.</bibl>
<bibl id="hofm_1841_12_0179_02"><composer key="compo_020014">Lanner (Jos.)</composer> <title>Abendsterne. Walzer f. 3 Violinen u. Bass. Op. <opus key="opus_1183">180</opus></title>. <pubPlace key="place_0731">Wien</pubPlace>, <publisher key="publ_1506">Haslinger</publisher>. 1 Fl.</bibl>
<bibl id="hofm_1841_12_0179_03"><composer key="compo_025691">Panofka (H.)</composer> <title>2 Nocturnes sur l’Opéra : Le Guitarrero de F. Halevy p. Violon av. Acc. de Pfte. Oe. <opus key="opus_2268">32</opus></title>. <pubPlace key="place_0392">Leipzig</pubPlace>, <publisher key="publ_1746">Hofmeister</publisher>. 15 Ngr.</bibl>
<bibl id="hofm_1841_12_0179_04"><composer key="compo_033408">Stoeckhardt (R.)</composer> <title>Quatuor p. 2 Violons, Alto. et Vclle. (in <key>Es</key>.)</title> <pubPlace key="place_0392">Leipzig</pubPlace>, <publisher key="publ_1118">Friese</publisher>. 25 Ngr.</bibl>
<bibl id="hofm_1841_12_0179_05"><composer key="compo_033569">Strauss (Joh.)</composer> <title>Walzer u. Cotillons f. 3 Violinen (3te Viol. ad. lib.) u. Bass. No. 80, Adelaiden-Walzer. Op. <opus key="opus_0511">129</opus></title>. <pubPlace key="place_0731">Wien</pubPlace>, <publisher key="publ_1506">Haslinger</publisher>. 1 Fl.</bibl>
<bibl id="hofm_1841_12_0179_06"><composer key="compo_035675">Volckmar (A.V.W.)</composer> <title>Violinschule zum Gebrauch f. Schullehrerseminarien und Seminarpräparandenschulen. Op. <opus key="opus_1372">2</opus></title>. <pubPlace key="place_0341">Kassel</pubPlace>, <publisher key="publ_1034">Fischer</publisher>. 1 Thlr. 12 Gr. n.</bibl>
<bibl id="hofm_1841_12_0179_07"><composer key="compo_037458">Wolf (L.)</composer> <title>3 Quatuors p. 2 Violons, Alto et Vclle. Oe. <opus key="opus_0392">12</opus>. No. 1, in <key>F</key>. No. 2, in <key>A</key>. No. 4, in <key>D</key></title>. <pubPlace key="place_0731">Wien</pubPlace>, <publisher key="publ_2605">Mechetti</publisher> à 2 Fl.</bibl>
</div><div id="hofm_1841_12_0179_div03"><head><hofClass key="hofCl_0184">Musik für das Violoncelle.</hofClass></head>
<bibl id="hofm_1841_12_0179_08"><composer key="compo_001709">Batta (A.)</composer> <title>Melodie de l’Opéra : Lucrezia Borgia de Donizetti transcrite p. Violoncelle av. Acc. de Pfte</title>. <pubPlace key="place_0044">Berlin</pubPlace>, <publisher key="publ_3471">Schlesinger</publisher>. 10 Sgr.</bibl>
<bibl id="hofm_1841_12_0179_09"><composer key="compo_003454">Bockmühl (R.E.)</composer> <title>Souvenir de F. Prume. Divertissement sur des Motifs de l’Opéra : Le Pré aux Clercs p. Violoncelle accompagné de 2 Violons, Alto et Basse. Oe. <opus key="opus_0531">13</opus>., in <key>G</key></title>. <pubPlace key="place_0392">Leipzig</pubPlace>, <publisher key="publ_1746">Hofmeister</publisher>. 1 Thlr.</bibl>
<bibl id="hofm_1841_12_0179_10">– Idem accompagné de Pfte. Ebend. 20 Ngr.</bibl>
<bibl id="hofm_1841_12_0179_11"><composer key="compo_007289">Dotzauer (J.J.F.)</composer> <title>8 Duos religieux contenant des Chorales et des Imitations p. 2 Violoncelles. Oe. <opus key="opus_0999">161</opus></title>. Ebend. 22½ Ngr.</bibl>
<bibl id="hofm_1841_12_0179_12"><composer key="compo_012188">Gross (J.B.)</composer> <title>Sérénade p. Violoncelle av. Acc. de Pfte. Oe. <opus key="opus_2268">32</opus>, in <key>C</key></title>. <pubPlace key="place_0276">Hamburg</pubPlace>, <publisher key="publ_3605">Schuberth et Co</publisher>. 16 Gr.</bibl>
<bibl id="hofm_1841_12_0179_13"><composer key="compo_022994">Merk (Jos.)</composer> <title>Aux Amateurs. No. 6, Polonaise p. Violoncelle av. Acc. de Pfte. Oe. <opus key="opus_1731">24</opus>, in <key>F</key></title>. <pubPlace key="place_0731">Wien</pubPlace>, <publisher key="publ_2605">Mechetti</publisher>. 1 Fl. 15 Xr.</bibl>
</div><div id="hofm_1841_12_0179_div04"><head><hofClass key="hofCl_0200">Musik für die Flöte.</hofClass></head>
<bibl id="hofm_1841_12_0179_14"><composer key="compo_007199">Donizetti (G.)</composer> <title>Airs de l’Opéra : La Fille du Régiment p. 2 Flûtes</title>. <pubPlace key="place_0438">Mainz</pubPlace>, <publisher key="publ_3563">Schott</publisher>. 1 Fl. 48 Xr.</bibl>
<bibl id="hofm_1841_12_0179_15"><composer key="compo_020014">Lanner (Jos.)</composer> <title>Abendsterne. Walzer f. Flöte. Op. <opus key="opus_1183">180</opus></title>. <pubPlace key="place_0731">Wien</pubPlace>, <publisher key="publ_1506">Haslinger</publisher>. 20 Xr.</bibl>
<bibl id="hofm_1841_12_0179_16"><composer key="compo_033569">Strauss (Joh.)</composer> <title>Lieblings-Walzer f. Flöte. No. 73, Adelaiden-Walzer. Op. <opus key="opus_0511">129</opus></title>. Ebend. 20 Xr.</bibl>
</div><div id="hofm_1841_12_0179_div05"><head><hofClass key="hofCl_0131">Musik für verschiedene Blasinstrumente.</hofClass></head>
<bibl id="hofm_1841_12_0179_17"><composer key="compo_007196">Donizetti</composer>, <title>Lucie de Lammermoor. Airs p. Clarinette. arr. p. J. Küffner</title>. <pubPlace key="place_0438">Mainz</pubPlace>, <publisher key="publ_3563">Schott</publisher>. 45 Xr.</bibl>
<bibl id="hofm_1841_12_0179_18"><composer key="compo_016840">Kalliwoda (J.W.)</composer> <title>Concertino p. Hautbois av. Acc. de gr. Orchestre. Oe. <opus key="opus_0255">110</opus>, in <key>F</key></title>. Ebend. 4 Fl. 30 Xr.</bibl>
<bibl id="hofm_1841_12_0179_19">– Idem av. Acc. de Pfte. Ebend. 2 Fl. 24 Xr.</bibl>
<bibl id="hofm_1841_12_0179_20"><composer key="compo_020014">Lanner (Jos.)</composer> <title>Abendsterne. Walzer f. Csakan. Op. <opus key="opus_1183">180</opus></title>. <pubPlace key="place_0731">Wien</pubPlace>, <publisher key="publ_1506">Haslinger</publisher>. 20 Xr.</bibl>
<bibl id="hofm_1841_12_0179_21"><composer key="compo_033569">Strauss (Joh.)</composer> <title>Lieblings-Walzer f. Csakan. No. 73, Adelaiden-Walzer. Op. <opus key="opus_0511">129</opus></title>. Ebend. 20 Xr.</bibl></div>
<pb n="180"/>
<div id="hofm_1841_12_0180_div06"><head><hofClass key="hofCl_0205">Musik für die Guitarre.</hofClass></head>
<wip id="hofm_1841_12_0180_01"><composer key="compo_000329">Albrecht (G.)</composer> <title>Der spanische Guitarrespieler. Eine Sammlung leicht auszuführender Tänze nach spanischer Stimmung. Op. <opus key="opus_0392">12</opus></title>. <title>Heft 1. 2</title>. <pubPlace key="place_0561">Quedlinburg</pubPlace>, <publisher key="publ_0194">Basse</publisher>, à 10 Sgr. n.</wip><bibl id="hofm_1841_12_0180_02"><composer key="compo_020014">Lanner (Jos.)</composer> <title>Abendsterne. Walzer f. Guitarre. Op. <opus key="opus_1183">180</opus></title>. <pubPlace key="place_0731">Wien</pubPlace>, <publisher key="publ_1506">Haslinger</publisher>. 30 Xr.</bibl>
<bibl id="hofm_1841_12_0180_03"><composer key="compo_033569">Strauss (Joh.)</composer> <title>Lieblingswalzer f. Guitarre. No. 54. Adelaiden-Walzer Op. <opus key="opus_0511">129</opus></title>. Ebend. 30 Xr.</bibl>
</div><div id="hofm_1841_12_0180_div07"><head><hofClass key="hofCl_0167">Musik für das Pianoforte mit Begleitung.</hofClass></head>
<bibl id="hofm_1841_12_0180_04"><composer key="compo_002091">Behls (P.F.)</composer> <title>Introduction et Variations faciles sur un Thême de Mozart f. Pfte. et Violon (in <key>G</key>.)</title> <pubPlace key="place_0276">Hamburg</pubPlace>, <publisher key="publ_2870">Niemeyer</publisher>. 10 Gr.</bibl>
<bibl id="hofm_1841_12_0180_05"><composer key="compo_019512">Küffner (Jos.)</composer> <title>64me Potpourri sur des Motifs de l’Opéra : Lucie de Lamermoor. Musique de Donizetti p. Pfte. et Flûte ou Violon. Oe. <opus key="opus_2212">311</opus></title>. <pubPlace key="place_0438">Mainz</pubPlace>, <publisher key="publ_3563">Schott</publisher>. 1 Fl. 48 Xr.</bibl>
<bibl id="hofm_1841_12_0180_06"><composer key="compo_019130">Kummer (F.A.)</composer> <title>Réminiscenses de l’Opéra : La Favorite de Donizetti. Deux Morceaux de Salon p. Pfte. et Violoncelle. Oe. <opus key="opus_3988">70</opus></title>. <pubPlace key="place_0147">Dresden</pubPlace>, <publisher key="publ_2993">Paul</publisher>. 1 Thlr. 7½ Ngr.</bibl>
<bibl id="hofm_1841_12_0180_07"><composer key="compo_020014">Lanner (Jos.)</composer> <title>Collection de Quadrilles p. Violon av Acc. de Pfte. No. 4. Quadrille Oe. <opus key="opus_1022">164</opus></title>. <pubPlace key="place_0731">Wien</pubPlace>, <publisher key="publ_2605">Mechetti</publisher> 45 Xr.</bibl>
<bibl id="hofm_1841_12_0180_08">– <title>Abendsterne. Walzer f. Violine u. Pfte. Op. <opus key="opus_1183">180</opus></title>. <pubPlace key="place_0731">Wien</pubPlace>, <publisher key="publ_1506">Haslinger</publisher>. 45 Xr.</bibl>
<bibl id="hofm_1841_12_0180_09">– Idem f. Flöte u. Pfte. Ebend. 45 Xr.</bibl>
<bibl id="hofm_1841_12_0180_10"><composer key="compo_022297">Marschner (H.)</composer> <title>Grand Trio p. Pfte. Violon et Vclle. Oe. <opus key="opus_0267">111</opus>., in <key>Gmoll</key></title>. <pubPlace key="place_0392">Leipzig</pubPlace>, <publisher key="publ_1746">Hofmeister</publisher>. 2 Thlr. 15 Ngr.</bibl>
<bibl id="hofm_1841_12_0180_11"><composer key="compo_025060">Nowakowski (Jos.)</composer> <title>Grand Quintuor p. Pfte. Violon, Alto, Vclle et Contreb. Oe. <opus key="opus_1068">17</opus>. in <key>Es</key></title>. <pubPlace key="place_0392">Leipzig</pubPlace>. <publisher key="publ_2017">Kistner</publisher>. 3 Thlr.</bibl>
<bibl id="hofm_1841_12_0180_12">– <title>Duo p. Pfte. et Violon, Oe. <opus key="opus_1165">18</opus>. in <key>As</key></title>. (Déd. à Mr. Lipinski) Ebend. 1 Thlr.</bibl>
<bibl id="hofm_1841_12_0180_13"><composer key="compo_025440">Osborne (G.A.)</composer> et <composer key="compo_009718">A. Franchomme</composer>, <title>Duo concertant sur un Motif d’Anna Bolena de Donizetti p. Pfte. et Violoncelle. Oe. <opus key="opus_1661">23</opus>. in <key>A</key></title>. <pubPlace key="place_0392">Leipzig</pubPlace>, <publisher key="publ_1746">Hofmeister</publisher>. 27½ Ngr.</bibl>
<bibl id="hofm_1841_12_0180_14">– Idem p. Pfte. et Violon. Ebend. 27½ Ngr.</bibl>
<bibl id="hofm_1841_12_0180_15"><composer key="compo_030441">Schlösser (L.)</composer> <title>Fantasie f. Flöte und Pfte. Op. <opus key="opus_1731">24</opus>, in <key>G</key></title>. <pubPlace key="place_0128">Darmstadt</pubPlace>, <publisher key="publ_2962">Pabst</publisher>. 1 Fl. 12 Xr. n.</bibl>
<bibl id="hofm_1841_12_0180_16"><composer key="compo_032798">Spohr (L.)</composer> <title>Sonate concertante p. Harpe ou Pfte. et Violon. Oe. <opus key="opus_0325">115</opus>, in <key>As</key></title>. <pubPlace key="place_0276">Hamburg</pubPlace>, <publisher key="publ_3605">Schuberth et Co</publisher>. 2 Thlr.</bibl>
<bibl id="hofm_1841_12_0180_17">– <title>Fantaisie sur des Motifs favoris de l’Opéra : L’Alchimiste p. Pfte. et Violon concertans. Oe. <opus key="opus_0347">117</opus>, in <key>D</key></title>. <pubPlace key="place_0731">Wien</pubPlace>, <publisher key="publ_2605">Mechetti</publisher>. 2 Fl.</bibl>
<bibl id="hofm_1841_12_0180_18"><composer key="compo_033569">Strauss (Joh.)</composer> <title>Adelaiden-Walzer f. Violine u. Pfte. Op. <opus key="opus_0511">129</opus></title>. <pubPlace key="place_0731">Wien</pubPlace>, <publisher key="publ_1506">Haslinger</publisher>. 45 Xr.</bibl>
<bibl id="hofm_1841_12_0180_19">– Idem f. Flöte u. Pfte. Ebend. 45 Xr.</bibl>
<bibl id="hofm_1841_12_0180_20"><composer key="compo_035299">Vanka (Amedée)</composer> <title>Duo brillant sur des Motifs de Robert le Diable de G. Meyerbeer p. Pfte. et Violon. Oe. <opus key="opus_2116">3</opus>, in <key>G</key></title>. <pubPlace key="place_0392">Leipzig</pubPlace>, <publisher key="publ_0437">Br. et Härtel</publisher>. 25 Ngr.</bibl>
<bibl id="hofm_1841_12_0180_21"><composer key="compo_035947">Walckiers</composer>, <title>Fantaisie brillante sur l’Opéra : Les Martyrs de Donizetti p. Pfte. et Flûte, de l’Oe. <opus key="opus_4617">92</opus> de N. Louis</title>. <pubPlace key="place_0438">Mainz</pubPlace>, <publisher key="publ_3563">Schott</publisher>. 2 Fl. 24 Xr.</bibl>
<bibl id="hofm_1841_12_0180_22"><composer key="compo_037458">Wolf (L.)</composer> <title>Deuxième Trio p. Pfte. Violon et Vclle. Oe. <opus key="opus_0531">13</opus>, in <key>As</key></title>. <pubPlace key="place_0731">Wien</pubPlace>, <publisher key="publ_2605">Mechetti</publisher>. 3 Fl.</bibl></div>
<pb n="181"/>
<div id="hofm_1841_12_0181_div08"><head><hofClass key="hofCl_0171">Musik für das Pianoforte zu vier Händen.</hofClass></head>
<bibl id="hofm_1841_12_0181_01"><composer key="compo_005614">Chopin (Fréd.)</composer> <title>Second Concerto arr. p. Pfte. à 4 Mains. Oe. <opus key="opus_1482">21</opus>, in <key>Fm</key></title>. <pubPlace key="place_0392">Leipzig</pubPlace>, <publisher key="publ_0437">Br. u. Härtel</publisher>. 2 Thlr.</bibl>
<wip id="hofm_1841_12_0181_02"><composer key="compo_006921">Diabelli (Ant.)</composer> <title>Euterpe. Eine Reihe moderner u. vorzügl. bel. Tonstücke f. Pfte. zu 4 Händen</title>. <pubPlace key="place_0731">Wien</pubPlace>, <publisher key="publ_0735">Diabelli u. Co</publisher>. <listBibl rend="curly"><bibl><seg><title>No. 391 Erstes</title></seg><seg id="hofm_1841_12_0181_02_first_1" rend="curly-left"><title>Potpourri nach Motiven der Oper: Il Bravo von S. Mercadante</title>.</seg><seg>        1 Fl. 30 Xr. </seg></bibl><bibl><seg><title>„ 392 Zweites</title>.</seg><seg sameAs="hofm_1841_12_0181_02_first_1"/><seg>1 Fl20 Xr. </seg></bibl><bibl><seg><title>„ 393 Drittes</title>.</seg><seg sameAs="hofm_1841_12_0181_02_first_1"/><seg id="hofm_1841_12_0181_02_second_1" rend="curly-left">à 1 Fl45 Xr. </seg></bibl><bibl><seg><title>„ 394 Viertes</title></seg><seg sameAs="hofm_1841_12_0181_02_first_1"/><seg sameAs="hofm_1841_12_0181_02_second_1"/></bibl></listBibl></wip>
<bibl id="hofm_1841_12_0181_03"><composer key="compo_008787">Fack (R.)</composer> <title>Das grosse Fass in Heidelberg und Oberons Zauberhorn. Zwei Galoppen f. Pfte. zu 4 Händen</title>, <pubPlace key="place_0386">Langensalza</pubPlace>, <publisher key="publ_3618">Schulbuchh</publisher>. 5 Sgr. n.</bibl>
<bibl id="hofm_1841_12_0181_04"><composer key="compo_017789">Klingebeil (A.)</composer> <title>Festmarsch zur Fahnenweihe f. d. Gesangverein in Osterode f. Pfte. zu 4 Händen</title>. <pubPlace key="place_0532">Osterode</pubPlace>, <publisher key="publ_3815">Sorge</publisher>. 4 Gr. n.</bibl>
<bibl id="hofm_1841_12_0181_05"><composer key="compo_020014">Lanner (Jos.)</composer> <title>Abendsterne. Walzer f. Pfte. zu 4 Händen. Op. <opus key="opus_1183">180</opus></title>. <pubPlace key="place_0731">Wien</pubPlace>, <publisher key="publ_1506">Haslinger</publisher>. 1 Fl. 15 Xr.</bibl>
<wip id="hofm_1841_12_0181_06"><composer key="compo_021359">Louis (N.)</composer> <title>6 Méditations musicales p. Pfte. à 4 Mains. Op. <opus key="opus_0045">100</opus></title>. <title>No. 4. déd. à Mr. Thalberg (in <key>A</key>.)</title> 45 Xr. <title>No. 5. déd. à Mr. Chopin (in <key>Em</key>.)</title> <title>No. 6. déd. à Mr. Liszt (in <key>Es</key>.)</title> 54 Xr. <pubPlace key="place_0438">Mainz</pubPlace>, <publisher key="publ_3563">Schott</publisher>.</wip>
<wip id="hofm_1841_12_0181_07"><title>Potpourris nach Melodieen der beliebtesten Opern f. Pfte. zu 4 Händen</title>. <title>No. 23. Donizetti, Adelia</title>. 1 Thlr. <title>No. 24. Rossini. Wilhelm Tell</title>. 25 Ngr. <pubPlace key="place_0392">Leipzig</pubPlace>, <publisher key="publ_0437">Br. u. Härtel</publisher>.</wip>
<bibl id="hofm_1841_12_0181_08"><composer key="compo_027771">Reichardt (C.A.)</composer> <title>Abschiedsgruss. Grosser Marsch f. Pfte. zu 4 Händen. Op. <opus key="opus_3181">5</opus></title>. Ebend. 10 Ngr.</bibl>
<bibl id="hofm_1841_12_0181_09"><composer key="compo_033569">Strauss (Joh.)</composer> <title>Adelaiden-Walzer f. Pfte. zu 4 Händen. Op. <opus key="opus_0511">129</opus></title>. <pubPlace key="place_0731">Wien</pubPlace>, <publisher key="publ_1506">Haslinger</publisher>. 1 Fl. 30 Xr.</bibl>
<bibl id="hofm_1841_12_0181_10"><composer key="compo_034322">Thalberg (S.)</composer> <title>Fantaisie sur des Motifs de la Donna del Lago de Rossini arr. p. Pfte. à 4 Mains. Oe. <opus key="opus_2764">40</opus>, in <key>Es</key></title>. <pubPlace key="place_0392">Leipzig</pubPlace>, <publisher key="publ_0437">Br. u. Härtel</publisher>. 1 Thlr. 10 Ngr.</bibl>
<bibl id="hofm_1841_12_0181_11">– <title>Deux Romances sans Paroles arr. p. Pfte. à 4 Mains p. C. Czerny. Oe. <opus key="opus_2804">41</opus>. Cah. 1</title>. <pubPlace key="place_0731">Wien</pubPlace>, <publisher key="publ_2605">Mechetti</publisher>. 45 Xr.</bibl>
</div><div id="hofm_1841_12_0181_div09"><head><hofClass key="hofCl_0166">Musik für das Pianoforte allein.</hofClass></head>
<listBibl><bibl id="hofm_1841_12_0181_12"><composer key="compo_001075">Auber</composer>, <title>Der Schwur (Le Serment) 3 Potpourris f. Pfte. von A. Diabelli</title>. <pubPlace key="place_0731">Wien</pubPlace>, <publisher key="publ_0735">Diabelli u. Co</publisher>. 1 Fl. 50 Xr.</bibl>
<bibl id="hofm_1841_12_0181_13">– <title>Die Ballnacht (Le Bal masqué) 2 Potpourris f. Pfte. von A. Diabelli</title>. Ebend. 1 Fl. 30 Xr.</bibl>
<bibl id="hofm_1841_12_0181_14">– <title>Das Pferd von Erz (Le Cheval de bronce) 3 Potpourris f. Pfte, von A. Diabelli</title>. Ebend. 2 Fl. 30 Xr.</bibl>
<bibl id="hofm_1841_12_0181_15"><composer key="compo_002205">Bellini (V.)</composer> <title>J. Montechi e Capuleti in 3 Potpourris f. Pfte. von A. Diabelli</title>. Ebend. 1 Fl. 15 Xr.</bibl>
<bibl id="hofm_1841_12_0181_16">– <title>Norma in 4 Potpourris f. Pfte. v. A. Diabelli</title>. Ebend. 2 Fl.</bibl>
<bibl id="hofm_1841_12_0181_17">– <title>Die Nachtwandlerin, in 4 Potpourris f. Pfte. v. A. <sic>Dia- 30 Xr. belli</sic></title>. Ebend. 2 Fl. <lb/>(Potpourris, a. d. neuesten Opern 1. 2. 5. 6. 9. 10tes Heft)</bibl>
</listBibl><wip id="hofm_1841_12_0181_18"><composer key="compo_004435">Brunner (C.T.)</composer> <title>Der kleine Opernfreund am Pfte</title>. <title>7tes u. 8tes Heft</title>. <pubPlace key="place_0110">Chemnitz</pubPlace>, <publisher key="publ_1807">Häcker</publisher>. à 5 Ngr.</wip>
<bibl id="hofm_1841_12_0181_19"><composer key="compo_004712">Burgmüller (Fréd.)</composer> <title>Rondino, Valse sur un Thème favorit de l’Opéra Frére et Mari de L. Clapisson p. Pfte. (in <key>G</key>.)</title> <pubPlace key="place_0438">Mainz</pubPlace>, <publisher key="publ_3563">Schott</publisher> 45 Xr.</bibl>
<pb n="182"/>
<bibl id="hofm_1841_12_0182_01"><composer key="compo_005623">Chotek (F.X.)</composer> <title>Anthologie musicale Fantaisies brillantes sur les Motifs les plus favoris d’Opéras nouveaux f. Pfte. Cah. 9. Donizetti, Les Martyrs (Die Römer in Melitoni) Oe. <opus key="opus_3140">49</opus></title>. <pubPlace key="place_0731">Wien</pubPlace>. <publisher key="publ_2605">Mechetti</publisher>. 1 Fl.</bibl>
<bibl id="hofm_1841_12_0182_02"><composer key="compo_006306">Czerny (Ch.)</composer> <title>Douze Rondeaux amusans et instructifs d’aprés des Thèmes favoris allemands et italiens f. Pfte. Oe. <opus key="opus_3695">618</opus>. No. 1. Figaro, de Mozart No. 2. Lucrezia Borgia de Donizetti. No. 3. La Sonnambula de Bellini. No. 4. Don Juan, de Mozart. No. 5. Danse fav. de Mlle. Taglioni. No. 6. Il Furioso, de Donizetti, No. 7. Polonaise de Faust, de Spohr. No. 8. Norma de Bellini. No. 9. L’Elisir d’amore de Donizetti. No. 10. Parisina, de Donizetti. No. 11, Les Puritains, de Bellini. No. 12. Mahomet de Rossini</title>. <pubPlace key="place_0078">Braunschweig</pubPlace>, <publisher key="publ_2681">Meyer</publisher>, à 8 Gr.</bibl>
<bibl id="hofm_1841_12_0182_03"><composer key="compo_006920">Diabelli (Ad.)</composer> <title>Der Kinderfreund. Sammlung der beliebtesten Melodieen f. Pfte. im leichten Styl mit Hinwegl. d. Octaven</title>. <pubPlace key="place_0044">Berlin</pubPlace>, <publisher key="publ_0589">Challier u. Co</publisher>. 15 Sgr.</bibl>
<wip id="hofm_1841_12_0182_04"><composer key="compo_006921">Diabelli (Ant)</composer> <title>Euterpe, Eine Reihe moderner u. vorz. bel. Tonstücke f. Pfte</title>. <pubPlace key="place_0731">Wien</pubPlace>, <publisher key="publ_0735">Diabelli u. Co</publisher>. <listBibl rend="curly"><bibl><seg><title>No. 399. Erstes</title></seg><seg id="hofm_1841_12_0182_04_first_1" rend="curly-left"><title>Potpourri nach Motiven der Oper Les Martyrs v. G. Donizetti</title>.</seg><seg id="hofm_1841_12_0182_04_second_1" rend="curly-left">à 1 Fl</seg></bibl><bibl><seg><title>„ 400. Zweites</title></seg><seg sameAs="hofm_1841_12_0182_04_first_1"/><seg sameAs="hofm_1841_12_0182_04_second_1"/></bibl></listBibl></wip>
<wip id="hofm_1841_12_0182_05">– <title>Musicalische Jugendträume. Kleine Potpourris aus den neuester Opern f. Pfte. Op. <opus key="opus_1010">162</opus></title>. <title>17tes u. 18tes Heft, Donizetti, Marino Falliero</title>, <title>19tes u. 20tes Heft, Donizetti, Lucrezia Borgia</title>, Ebend. à 45 Xr. <lb/>Diese Potpourris können auch mit Begl. einer Violine (welche <format>Stimme</format> einzeln à 15 Xr. zu haben ist) vorgetragen werden.</wip>
<bibl id="hofm_1841_12_0182_06"><composer key="compo_007639">Döhler (Th.)</composer> <title>La Lontananza. Romance transcrite p. Pfte. Oe. <opus key="opus_1661">23</opus>. in <key>B</key></title>. <pubPlace key="place_0731">Wien</pubPlace>, <publisher key="publ_2605">Mechetti</publisher>. 30 Xr.</bibl>
<bibl id="hofm_1841_12_0182_07">– <title>Grand Caprice sur des Motifs de Guido et Ginévra de F. Halevy p. Pfte. Oe. <opus key="opus_2576">37</opus>, in <key>Des</key></title>. <pubPlace key="place_0438">Mainz</pubPlace>, <publisher key="publ_3563">Schott</publisher>. 2 Fl. 24 Xr.</bibl>
<bibl id="hofm_1841_12_0182_08"><composer key="compo_007199">Donizetti (G.)</composer> <title>Anna Bolena, 3 Potpourris f. Pfte. von A. Diabelli</title>. <pubPlace key="place_0731">Wien</pubPlace>, <publisher key="publ_0735">Diabelli u. Co</publisher>. 2 Fl.</bibl>
<bibl id="hofm_1841_12_0182_09"><composer key="compo_009143">Fesca (Alex.)</composer> <title>Grand Morceau de Concert. Piéce brillante p. Pfte. Oe. <opus key="opus_0927">16</opus>. in <key>A</key></title>. <pubPlace key="place_0078">Braunschweig</pubPlace>, <publisher key="publ_2681">Meyer</publisher>. 1 Thlr.</bibl>
<bibl id="hofm_1841_12_0182_10"><composer key="compo_011661">Gomion</composer>, <title>Souvenir de Beatrice di Tenda de Bellini. Mélange f. Pfte. Oe. <opus key="opus_4326">80</opus></title>. <pubPlace key="place_0438">Mainz</pubPlace>, <publisher key="publ_3563">Schott</publisher>. 1 Fl. 12 Xr.</bibl>
<bibl id="hofm_1841_12_0182_11"><composer key="compo_014430">Herold</composer>, <title>Der Zweikampf, 3 Potpourris f. Pfte. von A. Diabelli</title>. <pubPlace key="place_0731">Wien</pubPlace>, <publisher key="publ_0735">Diabelli u. Co</publisher>. 1 Fl. 30 Xr.</bibl>
<bibl id="hofm_1841_12_0182_12"><composer key="compo_015336">Hopfe (Jul.)</composer> <title>Das Schönste aus Mozarts Opern, im leichten Arrangement f. Pfte</title>. <pubPlace key="place_0170">Eisleben</pubPlace>, <publisher key="publ_3181">Reichardt</publisher> geh. 1 Thlr. 15 Ngr.</bibl>
<bibl id="hofm_1841_12_0182_13"><composer key="compo_018639">Krebs (C.)</composer> <title>Die süsse Bell! Lied f. d. Pfte. übertragen vom Componisten. Op. <opus key="opus_4738">99</opus></title>. <pubPlace key="place_0276">Hamburg</pubPlace>, <publisher key="publ_3605">Schuberth u. Co</publisher>. 14 Gr.</bibl>
<bibl id="hofm_1841_12_0182_14"><composer key="compo_021137">Liszt (F.)</composer> <title>Impromptu sur des Thêmes de Rossini et Spontini p. Pfte. Oe. <opus key="opus_2116">3</opus>, in <key>E</key></title>. <pubPlace key="place_0731">Wien</pubPlace>, <publisher key="publ_2605">Mechetti</publisher>. 45 Xr.</bibl>
<bibl id="hofm_1841_12_0182_15">– <title>I Puritani. Introduction et Polonaise p. Pfte. (in <key>D</key>.)</title> <pubPlace key="place_0438">Mainz</pubPlace>, <publisher key="publ_3563">Schott</publisher>, 1 Fl. 12 Xr.</bibl>
<bibl id="hofm_1841_12_0182_16"><composer key="compo_021327">Lortzing (G.A.)</composer> <title>Lied des Czaar: „Sonst spielt ich mit Sceptor“ aus der Oper : Czaar und Zimmermann f. Pfte. übertragen von A. Haupt</title>. <pubPlace key="place_0392">Leipzig</pubPlace>, <publisher key="publ_0437">Br. u. Härtel</publisher>. 5 Ngr.</bibl>
<bibl id="hofm_1841_12_0182_17"><composer key="compo_022963">Mercadante (G.)</composer> <title>Uggero il Danese. Melodramma seria, <format>rid. p. Pfte</format>. da G. Trombetta</title>. <pubPlace key="place_0437">Milano</pubPlace>, <publisher key="publ_3241">Ricordi</publisher>. geh. 16 Fr.</bibl>
<bibl id="hofm_1841_12_0182_18"><composer key="compo_023269">Meyerbeer (J.)</composer> <title>Robert der Teufel, 4 Potpourris f. Pfte. v. Ant. Diabelli</title>. <pubPlace key="place_0731">Wien</pubPlace>, <publisher key="publ_0735">Diabelli u. Co</publisher>. 2 Fl. 30 Xr.</bibl>
<pb n="183"/>
<bibl id="hofm_1841_12_0183_01"><composer key="compo_024901">Nini (Aless.)</composer> <title>Cristina di Svezia. <format>Riduzione p. Pfte</format>. del M.A. Bazzini</title>. <pubPlace key="place_0437">Milano</pubPlace>, <publisher key="publ_3241">Ricordi</publisher>. geh. 18 Fr.</bibl>
<bibl id="hofm_1841_12_0183_02"><composer key="compo_025271">Oeteerley (Ferd.)</composer> <title>Trois Nocturnes p. Pfte. Oe. <opus key="opus_2116">3</opus></title>. <pubPlace key="place_0392">Leipzig</pubPlace>, <publisher key="publ_0437">Br. u. Härtel</publisher>. 15 Ngr.</bibl><bibl id="hofm_1841_12_0183_03"><title>Potpourri d’aprés des Thémes favoris de l’Opéra : La Favorite. Musique de <composer key="compo_007196">Donizetti</composer> p. Pfte</title>. <pubPlace key="place_0276">Hamburg</pubPlace>, <publisher key="publ_0640">Cranz</publisher>. 14 Gr.</bibl>
<wip id="hofm_1841_12_0183_04"><title>Potpourris über die beliebtesten Themen neuer Opern f. Pfte. No. 41. <composer key="compo_001075">Auber</composer>, Zanetta. No. 43. <composer key="compo_007196">Donizetti</composer>, Adelia, No. 45. <composer key="compo_007196">Donizetti</composer>, La Fille du Regiment</title>. <pubPlace key="place_0392">Leipzig</pubPlace>, <publisher key="publ_0437">Br. u. Härtel</publisher>. à 20 Ngr.</wip>
<bibl id="hofm_1841_12_0183_05"><composer key="compo_027169">Prónay (Gabr.)</composer> <title>Six Hongroises p. Pfte. Oe. <opus key="opus_3565">6</opus></title>. <pubPlace key="place_0731">Wien</pubPlace>, <publisher key="publ_0735">Diabelli et Co</publisher>. 30 Xr.</bibl>
<bibl id="hofm_1841_12_0183_06"><composer key="compo_028507">Ritter (A.G.)</composer> <title>Impromptu f. Pfte. Oe. <opus key="opus_2116">3</opus> in <key>Am</key></title>. <pubPlace key="place_0594">Rudolstadt</pubPlace>, <publisher key="publ_2779">Müller</publisher>. 28 Xr.</bibl>
<bibl id="hofm_1841_12_0183_07"><composer key="compo_028886">Rosenhain (J.)</composer> <title>Quatre Romances p. Pfte. Oe. <opus key="opus_2576">37</opus>. Cah. 2</title>. <pubPlace key="place_0438">Mainz</pubPlace>, <publisher key="publ_3563">Schott</publisher>. 1 Fl. 21 Xr.</bibl>
<bibl id="hofm_1841_12_0183_08"><composer key="compo_034322">Thalberg (S.)</composer> <title>Etrennes aux jeunes Pianistes. Nocturne p. Pfte. Oe. <opus key="opus_2458">35</opus>. <edition>Edition facilitée</edition></title>. <pubPlace key="place_0276">Hamburg</pubPlace>, <publisher key="publ_3605">Schuberth et Co</publisher>. 16 Gr. n</bibl>
<bibl id="hofm_1841_12_0183_09">– <title>Deux Romances sans Paroles p. Pfte. Oe. <opus key="opus_2804">41</opus>. Cah. 1</title>. <pubPlace key="place_0731">Wien</pubPlace>, <publisher key="publ_2605">Mechetti</publisher>. 45 Xr.</bibl><wip id="hofm_1841_12_0183_10"><title>Unterhaltungen (angenehme und leichte) Sammlung grosser leicht ausf. Potpourris n. Motiven d. neuest. u. bel. Opern f. Pfte</title>. <title>3ter Jahrg, 7tes Heft. Hans Sachs</title>. <title>8tes Heft. Regine oder die zwei Nächte</title>. <title>9tes Heft. Die Regimentstochter</title>. <pubPlace key="place_0110">Chemnitz</pubPlace>, <publisher key="publ_1807">Häcker</publisher>. à 10 Ngr.</wip>
<bibl id="hofm_1841_12_0183_11"><composer key="compo_037492">Wolff (Ed.)</composer> <title>Cinq Mazurkes f. Pfte. Oe. <opus key="opus_0392">12</opus></title>. <pubPlace key="place_0438">Mainz</pubPlace>, <publisher key="publ_3563">Schott</publisher>. 1 Fl. 12 Xr.</bibl>
<bibl id="hofm_1841_12_0183_12">– <title>Drei Lieder ohne Worte f. Pfte. Op. <opus key="opus_0806">15</opus>. 2tes Heft</title>. Ebend. 54 Xr.</bibl>
<bibl id="hofm_1841_12_0183_13">– <title>Souvenir de Benevenuto Cellini d’Hector Berlioz p. Pfte. Op. <opus key="opus_1482">21</opus>, in <key>D</key></title>. <pubPlace key="place_0044">Berlin</pubPlace>, <publisher key="publ_3471">Schlesinger</publisher>. 15 Sgr.</bibl>
<bibl id="hofm_1841_12_0183_14">– <title>Grande Fantaisie sur des Motifs du Sherif de Halevy p. Pfte. Oe. <opus key="opus_1802">25</opus>, in <key>D</key></title>. Ebend. 25 Sgr.</bibl>
<bibl id="hofm_1841_12_0183_15">– <title>Deux Nocturnes p. Pfte. Oe. <opus key="opus_1932">27</opus></title>. (Dèd. à Mr. J.Moscheles.) Ebend 10 Sgr. <pubPlace key="place_0438">Mainz</pubPlace>, <publisher key="publ_3563">Schott</publisher>. 1 Fl.</bibl>
<bibl id="hofm_1841_12_0183_16">– <title>Scherzo p. Pfte. Oe. <opus key="opus_1999">28</opus>, in <key>Dm</key></title>. <pubPlace key="place_0044">Berlin</pubPlace>, <publisher key="publ_3471">Schlesinger</publisher>. 15 Sgr. Mainz. Schott. 54 Xr.</bibl>
<bibl id="hofm_1841_12_0183_17">– <title>Quatre Rapsodiesen Forme de Valses. Oe. <opus key="opus_2068">29. No. 1. 2</opus></title>. <pubPlace key="place_0438">Mainz</pubPlace>, <publisher key="publ_3563">Schott</publisher>. à 54 Xr.</bibl>
<bibl id="hofm_1841_12_0183_18">– <title>Quatre Mazurkas p. Pfte. Op. <opus key="opus_2630">38</opus>. 5me Livraison</title>, Ebend. 1 Fl. 30 Xr.</bibl>
<bibl id="hofm_1841_12_0183_19">– <title>3 Fantaisies brillantes et non difficiles sur Guillaume Tell de G. Rossini p. Pfte. Oe. <opus key="opus_3071">47</opus>. No. 1. in <key>C</key>. No. 2. in <key>E</key>. No. 3. in <key>D</key></title>. Ebend. á 1 Fl. 12 Xr.</bibl>
<bibl id="hofm_1841_12_0183_20"><composer key="compo_038177">Zimmermann (S.A.)</composer> <title>Rondeau sur le Coré des Alpes, Melodie de Proch p. Pfte. Oe. <opus key="opus_2066">29</opus>, in <key>G</key></title>. <pubPlace key="place_0440">Mannheim</pubPlace>, <publisher key="publ_1534">Heckel</publisher>. 12 Gr.</bibl>
</div><div id="hofm_1841_12_0183_div10"><head><hofClass key="hofCl_0292">Variationen für das Pianoforte.</hofClass></head>
<bibl id="hofm_1841_12_0183_21"><composer key="compo_006306">Czerny (Ch.)</composer> <title>Introd. et grandes Variations brillantes sur un Thème original p. Pfte. Oe. <opus key="opus_3010">452</opus>, in <key>A</key></title>s. (Le Pianiste au Salon No. 56.) <pubPlace key="place_0438">Mainz</pubPlace>, <publisher key="publ_3563">Schott</publisher>. 1 Fl. 48 Xr.</bibl>
<bibl id="hofm_1841_12_0183_22"><composer key="compo_009143">Fesca (Alex.)</composer> <title>Fantaisie et Variations sur le Cor des Alpes, Mélodie de Proch. p. Pfte. Oe. <opus key="opus_1068">17</opus>, in <key>Es</key></title>. <pubPlace key="place_0078">Braunschweig</pubPlace>, <publisher key="publ_2681">Meyer</publisher>. 20 Gr.</bibl></div>
<pb n="184"/>
<div id="hofm_1841_12_0184_div11"><head><hofClass key="hofCl_0288">Tänze für das Pianoforte.</hofClass></head>
<bibl id="hofm_1841_12_0184_01"><composer key="compo_001331">Baerwolff (W.)</composer> <title>Strauss-Galopp f. Pfte</title>. <pubPlace key="place_0341">Cassel</pubPlace>, <publisher key="publ_4233">Vollmann</publisher> 3 Gr. n.</bibl>
<bibl id="hofm_1841_12_0184_02"><composer key="compo_003421">Bochmann (R.E.)</composer> <title>Cassler Favorit-Cottillon nach Motiven aus Robert der Teufel von Meyerbeer f. Pfte</title>. Ebend. 4 Gr.</bibl>
<bibl id="hofm_1841_12_0184_03"><composer key="compo_004645">Bunke (F.E.)</composer> <title>24 neue Breslauer Lieblingstänze f. Pfte. f. 1842 (4 Polka, 4 Schottisch Polonaise, 3 Walzer, 2 Galoppe. 2 Ländler, Redowa, Mazurka, Ecossaise à la Figaro. Kegel-Quadrille, Tempête, Francaise, Ecossaisé)</title> <pubPlace key="place_0082">Breslau</pubPlace>, <publisher key="publ_0640">Cranz</publisher>. 15 Sgr.</bibl>
<bibl id="hofm_1841_12_0184_04"><composer key="compo_005246">Canthal (A.M.)</composer> <title>Erinnerung an das dritte norddeutsche Musikfest in Hamburg. Walzer f. Pfte. Op. <opus key="opus_3988">70</opus></title>. <pubPlace key="place_0276">Hamburg</pubPlace>, <publisher key="publ_2870">Niemeyer</publisher>. 12 Gr.</bibl>
<bibl id="hofm_1841_12_0184_05"><composer key="compo_006659">Deichert (W.)</composer> <title>Marsch und vier Tänze f. Pfte</title>. <pubPlace key="place_0341">Cassel</pubPlace>, <publisher key="publ_4233">Vollmann</publisher>. 4 Gr. n.</bibl>
<bibl id="hofm_1841_12_0184_06">– <title>Neujahrs-Gabe, 3 Walzer und 3 Galoppen f. Pfte</title>. Ebend, 6 Gr. n.</bibl>
<bibl id="hofm_1841_12_0184_07">– <title>Polonaise und Cassler Favorit-Ländler f. Pfte</title>. Ebend. 3 Gr. n.</bibl>
<bibl id="hofm_1841_12_0184_08"><composer key="compo_009163">Fessy (A.L.)</composer> <title>Orgie. Valse sur les Motifs de Lucrezia Borgia p. Pfte</title>. <pubPlace key="place_0438">Mainz</pubPlace>, <publisher key="publ_3563">Schott</publisher>. 36 Xr.</bibl>
<bibl id="hofm_1841_12_0184_09">– <title>Valses sur les Motifs de Lucie de Lamermoor de Donizetti p. Pfte</title>. Ebend. 36 Xr.</bibl>
<bibl id="hofm_1841_12_0184_10"><composer key="compo_016494">Jonas (G.)</composer> <title>Fest-Polka f. Pfte</title>. <pubPlace key="place_0082">Breslau</pubPlace>, <publisher key="publ_4319">Weinhold</publisher>. 5 Sgr.</bibl>
<bibl id="hofm_1841_12_0184_11"><composer key="compo_016571">Jullien</composer>, <title>Rosita. Grande Valse espagnole p. Pfte</title>. <pubPlace key="place_0438">Mainz</pubPlace>, <publisher key="publ_3563">Schott</publisher>. 36 Xr.</bibl>
<bibl id="hofm_1841_12_0184_12"><composer key="compo_019573">Kühner (W.)</composer> <title>Diana-Walzer f. Pfte. Op. <opus key="opus_2915">43</opus></title>. <pubPlace key="place_0128">Darmstadt</pubPlace>, <publisher key="publ_2962">Pabst</publisher> 45 Xr.</bibl>
<bibl id="hofm_1841_12_0184_13"><composer key="compo_019954">Langer (B.F.)</composer> <title>15 Tänze f. Pfte</title>. <pubPlace key="place_0082">Breslau</pubPlace>, <publisher key="publ_0640">Cranz</publisher> 20 Sgr.</bibl>
<bibl id="hofm_1841_12_0184_14"><composer key="compo_020014">Lanner (Jos.)</composer> <title>Quadrille p. Pfte. Oe. <opus key="opus_1022">164</opus>. Liv. 5</title>. <pubPlace key="place_0731">Wien</pubPlace>, <publisher key="publ_2605">Mechetti</publisher>. 30 Xr.</bibl>
<bibl id="hofm_1841_12_0184_15">– <title>Abendsterne. Walzer f. Pfte. Op. <opus key="opus_1183">180</opus></title>. <pubPlace key="place_0731">Wien</pubPlace>, <publisher key="publ_1506">Haslinger</publisher>. 45 Xr.</bibl>
<bibl id="hofm_1841_12_0184_16">– Idem im leichten Style f. Pfte. (Tanz-Salon 8tes Heft) Ebend. 30 Xr.</bibl>
<bibl id="hofm_1841_12_0184_17"><composer key="compo_023958">Musard (F.H.)</composer> <title>Quadrille sur l’Opera : Le cent Suisse da Prince de la Moskowa p. Pfte</title>. <pubPlace key="place_0438">Mainz</pubPlace>, <publisher key="publ_3563">Schott</publisher>. 36 Xr.</bibl>
<bibl id="hofm_1841_12_0184_18">– <title>Quadrille sur les Motifs du Freischütz. p. Pfte</title>. Ebend. 36 Xr.</bibl>
<bibl id="hofm_1841_12_0184_19">– <title>Quadrille sur des Motifs de la Sonambula de V. Bellini p. Pfte</title>. (Terpsichore No. 23.) <pubPlace key="place_0731">Wien</pubPlace>, <publisher key="publ_2605">Mechetti</publisher>. 30 Xr.</bibl>
<bibl id="hofm_1841_12_0184_20"><composer key="compo_025326">Olbrich (E.)</composer> <title>Des Winters schönste Gabe. Album f. 1842. Sammlung der beliebtesten und modernsten Gesellschaftstänze f. Pfte. (1 Polon. 6 Galoppen, 4 Polka, 2 Masurek etc. nebst d. grossen Festmarsch zum Einzüge S. M. des Königs in Breslau.)</title>. <pubPlace key="place_0082">Breslau</pubPlace>, <publisher key="publ_2386">Leuckart</publisher>. 15 Sgr.</bibl>
<bibl id="hofm_1841_12_0184_21"><composer key="compo_027923">Reinicke (C.)</composer> <title>Fest-Polonäise aufgeführt beim Fest-Ball des Altonaer Sänger-Festes f. Pfte</title>. <pubPlace key="place_0276">Hamburg</pubPlace>, <publisher key="publ_2870">Niemeyer</publisher>. 6 Gr.</bibl>
<bibl id="hofm_1841_12_0184_22"><composer key="compo_031756">Schütze (A.E.)</composer> <title>Erinnerungs-Galopp f. Pfte. Op. <opus key="opus_3181">5</opus></title>. Ebend. 14 Gr.</bibl>
<bibl id="hofm_1841_12_0184_23">– <title>Walzer. Op. <opus key="opus_3967">7</opus></title>. Ebend. 8 Gr.</bibl>
<bibl id="hofm_1841_12_0184_24"><composer key="compo_033569">Strauss (Joh.)</composer> <title>Adelaiden-Walzer f. Pf. Op. <opus key="opus_0511">129</opus></title>. <pubPlace key="place_0731">Wien</pubPlace>, <publisher key="publ_1506">Haslinger</publisher>. 45 Xr.</bibl>
<bibl id="hofm_1841_12_0184_25">– Idem im leichten Style f. Pfte. (Die Junge Tänzerin. 28tes Heft.) Ebend. 30 Xr.</bibl>
<pb n="185"/>
<bibl id="hofm_1841_12_0185_01"><composer key="compo_035182">Unverricht (Aug.)</composer> <title>Lucrezia Borgia-Galopp f. Pfte. No. 59</title>. <pubPlace key="place_0082">Breslau</pubPlace>, <publisher key="publ_0640">Cranz</publisher>. 2½ Sgr.</bibl><bibl id="hofm_1841_12_0185_02"><composer key="compo_035299">Vanka (Amedée)</composer> <title>Valse et Galopp p. Pfte. Oe. <opus key="opus_3565">6</opus></title>. <pubPlace key="place_0392">Leipzig</pubPlace>, <publisher key="publ_0437">Br. et Härtel</publisher>. 7½ Ngr.</bibl>
<bibl id="hofm_1841_12_0185_03"><composer key="compo_038188">Zinke (F.)</composer> <title>Schlesische Dampf-Luftfahrt-Tänze f. Pfte</title>. <pubPlace key="place_0082">Breslau</pubPlace>, <publisher key="publ_0640">Cranz</publisher> 15 Sgr.</bibl>
</div><div id="hofm_1841_12_0185_div12"><head><hofClass key="hofCl_0250">Märsche für das Pianoforte.</hofClass></head>
<bibl id="hofm_1841_12_0185_04"><composer key="compo_017961">Knofl (G.)</composer> <title>Wiener-Abschieds-Marsch f. Pfte. 4tes Heft</title>. <pubPlace key="place_0731">Wien</pubPlace>, <publisher key="publ_2605">Mechetti</publisher> 15 Xr.</bibl>
<bibl id="hofm_1841_12_0185_05"><composer key="compo_020014">Lanner (Jos.)</composer> <title>Souvenir de Castellamare. Marche p. Pfte. Oe. <opus key="opus_1187">181</opus></title> <pubPlace key="place_0731">Wien</pubPlace>, <publisher key="publ_1506">Haslinger</publisher>. 15 Xr.</bibl>
</div><div id="hofm_1841_12_0185_div13"><head><hofClass key="hofCl_0072">Lehrbücher für das Pianoforte.</hofClass></head>
<bibl id="hofm_1841_12_0185_06"><composer key="compo_001131">Aulagnier</composer>, <title>Méthode Enfantine p. Pfte. Klavierschule f. Kinder in 25 fortschreitenden Lectionen, nebst leichten Uebungsstücken mit besonderer Berücksichtigung kleiner Hände. Op. <opus key="opus_2630">38</opus></title>. <pubPlace key="place_0392">Leipzig</pubPlace>, <publisher key="publ_1746">Hofmeister</publisher>, geh. 1 Thlr. 10 Ngr.</bibl>
<bibl id="hofm_1841_12_0185_07"><composer key="compo_015540">Huber (J.N.)</composer> <title>Clavier-Unterricht nach der heuristischen Methode zum Behufe der Musiklehrer und ihrer Schüler</title>. 4. <pubPlace key="place_0339">Carlsruhe</pubPlace>, <publisher key="publ_0650">Creuzbauer u. Nöldeke</publisher>. geh. 1 Thlr. n.</bibl>
</div><div id="hofm_1841_12_0185_div14"><head><hofClass key="hofCl_0225">Musik für die Orgel.</hofClass></head>
<bibl id="hofm_1841_12_0185_08"><composer key="compo_010559">Galli (E.)</composer> <title>3 Fughe p. Organo o Pfte. Op. <opus key="opus_1372">2</opus></title>. <pubPlace key="place_0731">Wien</pubPlace>, <publisher key="publ_0735">Diabelli et Co</publisher>. 45 Xr.</bibl>
<bibl id="hofm_1841_12_0185_09"><composer key="compo_010862">Geissler (C.)</composer> <title>Neue praktische Orgelschule etc. in 6 Heften. 3tes Heft</title>. <pubPlace key="place_0449">Meissen</pubPlace>, <publisher key="publ_1397">Gödsche</publisher> Subs. Pr. 10 Ngr. n.</bibl>
<bibl id="hofm_1841_12_0185_10"><composer key="compo_019148">Kunkel (F.J.)</composer> <title>12 Choralspiele f. Orgel. Op. <opus key="opus_3967">7</opus></title>. <pubPlace key="place_0438">Mainz</pubPlace>, <publisher key="publ_3563">Schott</publisher>. 36 Xr.</bibl>
<wip id="hofm_1841_12_0185_11"><composer key="compo_035675">Volckmar (A.V.W.)</composer> <title>Orgelstücke Op. <opus key="opus_1372">2</opus></title>. <title>Lief. 1–3</title>. <pubPlace key="place_0341">Cassel</pubPlace>, <publisher key="publ_1034">Fischer</publisher>. 1 Thlr. n.</wip>
</div><div id="hofm_1841_12_0185_div15"><head><hofClass key="hofCl_0210">Musik für die Harfe.</hofClass></head>
<bibl id="hofm_1841_12_0185_12"><composer key="compo_019644">Labarre (Th.)</composer> <title>Duo sur le Domino noir, Opéra de D.F.E. Auber p. Harpe et Pfte. Oe. <opus key="opus_0182">107</opus>, in <key>F</key></title>. <pubPlace key="place_0438">Mainz</pubPlace>, <publisher key="publ_3563">Schott</publisher>. 2 Fl. 24 Xr.</bibl>
</div><div id="hofm_1841_12_0185_div16"><head><hofClass key="hofCl_0238">Musik für die Physharmonika.</hofClass></head>
<wip id="hofm_1841_12_0185_13"><composer key="compo_020820">Lickl (G.)</composer> <title>Wiener Salon-Musik. Periodisches Werk f. Physharmonika m. Pfte. oder 2 Pfte. Op. <opus key="opus_3244">51</opus></title>. <title>No. 5. 2 Potpourris nach Motiven der Oper: L’Elisire d’Amore von G. Donizetti</title>. 2 Fl. 45 Xr. <title>No. 2. Potpourris nach Motiven der Oper: J Puritani von Bellini</title>. 2 Fl. <pubPlace key="place_0731">Wien</pubPlace>, <publisher key="publ_0735">Diabelli u. Co</publisher>.</wip>
</div><div id="hofm_1841_12_0185_div17"><head><hofClass key="hofCl_0068">Kirchen-Musik.</hofClass></head>
<bibl id="hofm_1841_12_0185_14"><composer key="compo_001199">Bach (A.W.)</composer> <title>Der 100ste Psalm: Jauchzet dem Herrn alle Welt, f. Sopran, Alt, Tenor u. Bass mit Orchester-Begl. <format>Partitur mit unterlegtem Klavierauszuge</format>. <edition>Umdruck-Ausgabe</edition></title>. <pubPlace key="place_0044">Berlin</pubPlace>, <publisher key="publ_4068">Trautwein u. Co</publisher>. geh. 1 Thlr. 15 Sgr. n.</bibl>
<pb n="186"/>
<bibl id="hofm_1841_12_0186_01"><composer key="compo_001234">Bach’s (Joh. Seb.)</composer> <title>Vierstimmige Kirchengesänge, geordnet und mit einem Vorwort begleitet von C.F. Becker. <format>Partitur</format> 1ste Lief, mit Bach’s Portrait</title>. 8. <pubPlace key="place_0392">Leipzig</pubPlace>, <publisher key="publ_1118">Friese</publisher>, geh. 16 Gr. n.</bibl>
<bibl id="hofm_1841_12_0186_02"><composer key="compo_001984">Becker (C.F.)</composer> <title>66 vierstimmige Choralmelodien zu Spitta’s Psalter und Harfe, theils componirt, theils bearbeitet</title> qu. gr. 8. Ebend. geh. 1 Thlr. n.</bibl>
<bibl id="hofm_1841_12_0186_03"><composer key="compo_013698">Haydn (M.)</composer> <title>Graduale am 2ten Sonntage nach heil. 3 Könige (Misit Dominus) f. 4 Singstimmen, 2 Viol. 2 Hörner Contreb. u. Orgel. <format>Partitur</format></title>. <pubPlace key="place_0731">Wien</pubPlace>, <publisher key="publ_0735">Diabelli u. Co</publisher>. 45 Xr.</bibl>
<bibl id="hofm_1841_12_0186_04">– <title>Graduale (Timebunt gentes) f. do. <format>Partitur</format></title>. Ebend. 45 Xr.</bibl>
<bibl id="hofm_1841_12_0186_05">– <title>Graduale (Dominus negnavit) f. 4 Singst. 2 Viol. 2 Trompeten, Contrab. u. Orgel. <format>Partitur</format></title>. Ebend. 45 Xr. <lb/>(Ecclesiasticon. Eine Samml. classischer Kirchenmusik No. 1– 42.)</bibl>
<bibl id="hofm_1841_12_0186_06"><composer key="compo_015978">Idler</composer>, <title>Melodieen des Gesangbuches der evangelisch-protestantischen Kirche des Grossherzogthums Baden (2 stimmige Choräle)</title> gr. 16. <pubPlace key="place_0339">Karlsruhe</pubPlace>, <publisher key="publ_1333">Groos</publisher>. 3 Gr. n.</bibl>
<bibl id="hofm_1841_12_0186_07">– Dasselbe (3 stimmige Choräle) gr. 16. Ebend. 5 Gr. n.</bibl>
<bibl id="hofm_1841_12_0186_08"><composer key="compo_024521">Neemann (W.)</composer> <title>Auszug aus den Chorälen und Melodien zu den im katholischen Gesang- und Erbauungsbuche „Mein Gott und Vater“ von T.W. Lichthorn, befindlichen Liedern, Psalmen. u. Litaneien f. Sopran u. Alt eing. (44 Melodien)</title> 8. <pubPlace key="place_0082">Breslau</pubPlace>, <publisher key="publ_0640">Cranz</publisher>, geh. 5 Sgr. n.</bibl>
<bibl id="hofm_1841_12_0186_09"><composer key="compo_028254">Richter (E.)</composer> <title>Salvum fac Regem. (Segne den König) f. 4 Männerstimmen. Op. <opus key="opus_1271">19</opus>. <format>Partitur u. Stimmen</format></title>. Ebend. 20 Sgr. (<format>Partitur</format> 10 Sgr. 4 <format>Stimmen</format> 10 Sgr.)</bibl>
<bibl id="hofm_1841_12_0186_10">– <title>Idem. f. Sopran, Alt. Tenor u. Bass. <format>Partitur u. Stimmen</format></title>. Ebend. 20 Sgr. (<format>Partitur</format> 10 Sgr. 4 <format>Stimmen</format> 10 Sgr.)</bibl>
<bibl id="hofm_1841_12_0186_11"><composer key="compo_028352">Rieffel (F,H.)</composer> <title>Religiöse Gesänge f. d. vierstimmigen Männerchor. <format>Partitur</format> (Sanctus – So jemand spricht: ich liebe Gott – Meine Lebenszeit verstreicht – Begrabt den Leib –)</title> <pubPlace key="place_0392">Leipzig</pubPlace>, <publisher key="publ_1118">Friese</publisher>. 17½ Ngr.</bibl>
<bibl id="hofm_1841_12_0186_12"><composer key="compo_030499">Schmid (Ant.)</composer> <title>Der auf den Landchören vorkommende Choral, mit angesetzter <format>Partitur</format> nebst den dazu gehörigen Präludien. Cadenzen und Zwischenspielen</title>. <pubPlace key="place_0026">Augsburg</pubPlace>, <publisher key="publ_0538">Böhm</publisher> 3 Fl.</bibl>
<bibl id="hofm_1841_12_0186_13"><composer key="compo_031453">Schwarz (B.)</composer> <title>Der Choral wie er auf dem Lande vorkommt, und nach den Regeln des Generalbasses mit der Orgel zu begleiten</title>. Ebend. 2 Fl. 30 Xr.</bibl>
<bibl id="hofm_1841_12_0186_14"><composer key="compo_031800">Sechter (S.)</composer> <title>Kleine Landmesse f. eine Singstimme, oder Unisono f. Chor m. Begl. d. Orgel. Op. <opus key="opus_3738">63</opus>, in <key>D</key></title>. <pubPlace key="place_0731">Wien</pubPlace>, <publisher key="publ_2605">Mechetti</publisher>. 1 Fl.</bibl>
<bibl id="hofm_1841_12_0186_15"><composer key="compo_035675">Volckmar (A.V.W.)</composer> <title>Choralbuch mit Vorspielen, Zwischenspielen und geschichtlichen Anmerkungen, in 8 Liefer. 1te Lief</title>. <pubPlace key="place_0341">Kassel</pubPlace>, <publisher key="publ_1034">Fischer</publisher>. 12 Gr. n.</bibl>
</div><div id="hofm_1841_12_0186_div18"><head><hofClass key="hofCl_0021">Gesangstücke für Concertmusik mit Begleitung mehrerer Instrumente.</hofClass></head>
<bibl id="hofm_1841_12_0186_16"><composer key="compo_034379">Theus (Th.)</composer> <title>Jagerlieder. (Neue Gesammtausgabe der Diana) 35 ein- zwei- drei- und vierstimmige Lieder f. Männerstimmen mit Begleitung theils von 2, 3 oder 4 Weidhörnern theils des Pfte</title>. <pubPlace key="place_0720">Weimar</pubPlace>, <publisher key="publ_4216">Voigt</publisher>, geh. 1 Thlr. n.</bibl></div>
<pb n="187"/>
<div id="hofm_1841_12_0187_div19"><head><hofClass key="hofCl_0102">Mehrstimmige Gesänge mit und ohne Pianoforte.</hofClass></head>
<bibl id="hofm_1841_12_0187_01"><composer key="compo_001970">Beck (L.U.)</composer> <title>Lieder für Deutschlands turnende Jugend. Mit vierstimmigen 12. Sangweisen</title>. <pubPlace key="place_0076">Brandenburg</pubPlace>, <publisher key="publ_2779">Müller</publisher>. geh. 22½ Sgr. n.</bibl>
<bibl id="hofm_1841_12_0187_02"><composer key="compo_007725">E. (F.)</composer> <title>Deutsches Bundeslied v. J.M. Firmenich f. 4 Männerstimmen. <format>Partitur u. Stimmen</format> (Was klingt durch Deutschlands Gauen)</title> <pubPlace key="place_0044">Berlin</pubPlace>, <publisher key="publ_0224">Bechtold u. H</publisher>. 7½ Sgr.</bibl>
<bibl id="hofm_1841_12_0187_03"><composer key="compo_010955">(Georg) Kronprinz von Hannover</composer>. <title>Drei Lieder f. 4 Männerstimmen. <format>Partitur u. Stimmen</format> u. (Diana ruft – Schon ist es dort – Laura betet!)</title> <pubPlace key="place_0392">Leipzig</pubPlace>, <publisher key="publ_0437">Br. u. Härtel</publisher>. 22½ Ngr.</bibl>
<bibl id="hofm_1841_12_0187_04"><composer key="compo_011289">Girschner (C.F.J.)</composer> <title>3 Duettinen f. Mezzosopran oder Tenor und Alt m. Begl. d. Pfte. Op. <opus key="opus_2670">39</opus>. 2tes Heft der Duettinen (Wohl hente noch. – Dein Bildniss wunderselig. – Vöglein singen.)</title> <pubPlace key="place_0371">Cöln</pubPlace>, <publisher key="publ_0864">Eck u. Co</publisher>. 15 Sgr.</bibl>
<wip id="hofm_1841_12_0187_05"><composer key="compo_012793">Haak</composer>, <composer key="compo_021678">Löwe</composer> und <composer key="compo_025229">Oelschläger</composer> <title>Gesänge der Stettiner Liedertafel f. 4 Männerstimmen, gedichtet von J.G. Kugler. <format>Partitur und Stimmen</format></title> <title>1tes Heft, Löwe, Stiftungslied (Gesang ertönt) Oelschläger, Constitutionelles Stiftungslied (Ob feindlich auch, die Absoluten) Hubertuslied (Es war der Abt Hubertus.) Die Schnepfen-Sonntage (Reminiscere)</title> 25 Sgr. <title>2tes Heft, Oelschlager. Das Lied vom Pocal (Es vereint zur guten Stunde) Der Spaziergänger und der Jäger (Der reiche Schmuck der Fluren.) Löwe, Ottolied (Als noch den blinden Heidenwahn) Haak, Champagnerlied (Der Rebe süssem Schaum)</title> 1 Thlr. <pubPlace key="place_0044">Berlin</pubPlace>, <publisher key="publ_4068">Trautwein u. Co</publisher>.</wip>
<bibl id="hofm_1841_12_0187_06"><composer key="compo_017446">Kindscher (L.)</composer> <title>Vaterlandsflur. Gedicht von G. Rassmus f. eine, zwei, drei, oder vier Stimmen m. Pfte. (Vaterlandsflur: Singen in heiteren Weisen)</title> <pubPlace key="place_0392">Leipzig</pubPlace>, <publisher key="publ_1118">Friese</publisher>. 5 Ngr. n.</bibl>
<bibl id="hofm_1841_12_0187_07"><title>Liedersaal (der) Auswahl vorzüglicher Lieder f. einen gemischten Chor. 1tes Heft. In ausgesetzten <format>Stimmen</format></title>. <pubPlace key="place_0767">Zürich</pubPlace>, <publisher key="publ_2902">Nägeli</publisher>. 16 Gr. (Jede einzelne Stimme 4 Gr.)</bibl>
<bibl id="hofm_1841_12_0187_08"><composer key="compo_021681">Löwe (C.)</composer> <title>Vierstimmige Gesänge f. Sopran, Alt, Tenor und Bass Op. <opus key="opus_4241">79</opus>. 1tes Heft.<format> Partitur und Stimmen</format> (Tage der Wonne kommt ihr so bald.– O gieb, vom weichen Pfuhle.– Der Schnee thaut von den Bergen. – Wie herrlich leuchtet mir die Natur. – Das Beet, schon lockert sich’s in die Höh’. – Möchte wohl ein Vöglein sein.)</title> <pubPlace key="place_0147">Dresden</pubPlace>, <publisher key="publ_2993">Paul</publisher> 1 Thlr.</bibl>
<bibl id="hofm_1841_12_0187_09"><composer key="compo_022096">Mangold (C.A.)</composer> <title>12 vierstimmige Gesänge f. Sopran, Alt, Tenor und Bass mit und ohne Begl. Op. <opus key="opus_1584">22</opus>, 2tes Heft. (Sollt je im wilden Menschenschwarm. – Im Gesang. – Ich liebe dich, so spricht mein.– Im grünen Walde wandl’ ich.)</title> – <format>Clavierauszug und Stimmen</format>. 1 Fl. 48 Xr. <format>Stimmen</format> 36 Xr. <pubPlace key="place_0128">Darmstadt</pubPlace>, <publisher key="publ_2962">Pabst</publisher>.</bibl>
<bibl id="hofm_1841_12_0187_10"><title>Melodien zu den Grubenklängen, einer Liedersammlung für Bergleute, bergmännische Sänger-Chore und Freunde des Bergm. Gesanges, zwei- drei- und vierstimmig f. d. Männerchor herausg. von der Gewerkschaft der Zeche Wiesche</title>. 4. <pubPlace key="place_0474">Mülheim</pubPlace>, <publisher key="publ_2875">Nieten</publisher>, geh. 25 Sgr. n.</bibl>
<bibl id="hofm_1841_12_0187_11"><composer key="compo_024569">Neithardt (A.)</composer> <title>Die Vocale, komisches Gedicht von Stawinsky für Männerstimmen. Op. <opus key="opus_0427">121</opus>. (Was wär’ die deutsche Sprache wohl.)</title> <pubPlace key="place_0044">Berlin</pubPlace>, <publisher key="publ_4068">Trautwein u. Co</publisher>. 10 Sgr.</bibl>
<pb n="188"/>
<bibl id="hofm_1841_12_0188_01"><composer key="compo_026184">Petersen (J.)</composer> <title>Begrössangslied. Gedicht von L. Wienbarg zu dem Altonaer Sängerfest 1841 f. 4 Männerstimmen. <format>Part. u. Stimmen</format> (Ruht aus im Schatten)</title>. <pubPlace key="place_0276">Hamburg</pubPlace>, <publisher key="publ_2870">Niemeyer</publisher>. 12 Gr.</bibl>
<bibl id="hofm_1841_12_0188_02"><sic><composer key="compo_027193">Pfuget (Mlle. L.)</composer></sic> <title>L’Heure oû chante le Rossignol. Die singende Nachtigall. Nocturne à 2 Voix av. Pfte</title>. (Choix d’Airs No. 550.) <pubPlace key="place_0438">Mainz</pubPlace>, <publisher key="publ_3563">Schott</publisher>. 27 Xr.</bibl>
<bibl id="hofm_1841_12_0188_03"><composer key="compo_027778">Reichardt (G.)</composer> <title>6 Lieder f. d. Liedertafel zu Berlin. Op. <opus key="opus_1165">18</opus>. Tafelgesänge f. Männerstimmen. 16tes Heft. <format>Partitur und Stimmen</format> (Zu Mantua in Banden der treue Hofer war – Ehret die Frauen! – Ertöne der festliche Jubelgesang – Wenn es keine Flaschen gäbe – Wie mir doch war, als ich beim fröhlichen Mahle – Steirisch! allweil fanget’s holt an)</title>. <pubPlace key="place_0392">Leipzig</pubPlace>, <publisher key="publ_1746">Hofmeister</publisher>. 1 Thlr. 5 Ngr.</bibl>
<bibl id="hofm_1841_12_0188_04"><composer key="compo_028421">Rietz (Jul.)</composer> <title>6 Duette f. Sopran und Alt m. Begl. d. Pfte. Op. <opus key="opus_4562">9</opus>. 1tes Heft (O salutaris hostia. Benedicam Dominum. Ave Maria). Die Singstimmen liegen auch besond. abgedruckt bei</title>. Ebend. 1 Thlr.</bibl>
<bibl id="hofm_1841_12_0188_05"><composer key="compo_030576">Schmidt (J.P.)</composer> <title>Rheinlied. Gedicht v. Adelheid v. Stolterfoth, f. 4 Männerstimmen. <format>Part. u. Stimmen</format> (Rings halt es tausendtönig)</title>. <pubPlace key="place_0044">Berlin</pubPlace>, <publisher key="publ_4068">Trautwein u. Co</publisher>. 5 Sgr.</bibl>
<bibl id="hofm_1841_12_0188_06"><composer key="compo_033681">Struth (A.)</composer> <title>15 kleine und leichte Chöre f. Sopran, Alt, Tenor und. Bass mit und ohne Begleitung und 5 grossere Chöre mit Solis u. Pftebegleitung. Op. <opus key="opus_4300">8</opus>. <format>Partitur u. Stimmen</format></title>. <pubPlace key="place_0438">Mainz</pubPlace>, <publisher key="publ_3563">Schott</publisher>. 1 Fl. 48 Xr. (Jede <format>Singstimme</format> einzeln 12 Xr.)</bibl>
<bibl id="hofm_1841_12_0188_07"><composer key="compo_034164">Taubert</composer>, <title>Schnadahüpferl f. 2 Singstimmen m. Pfte. (Dass im Wald finsta is)</title>. Liederspende No. 60. <pubPlace key="place_0044">Berlin</pubPlace>, <publisher key="publ_4068">Trautwein u. Co</publisher>. 11 Sgr.</bibl>
<bibl id="hofm_1841_12_0188_08"><title>Volkslieder der Wenden in der Ober- und Nieder-Lausitz, Aus Volksmunde aufgezeichnet und mit den Sangweissen, deutscher Uebersetzung, den nothigen Erläuterungen, einer Abhandlung über die Sitten und Gebräuche der Wenden und einem Anhange ihrer Mährchen, Legenden und Sprichwörter herausgegeben von L. Haupt u. J.E. Schmaler (Pjesnicki hornych a delnych Luziskich Serbow). Erster Theil. 1tes Heft</title>. 4. <pubPlace key="place_0249">Grimma</pubPlace>, <publisher key="publ_1196">Gebhardt</publisher> geh. 1 Thlr. n.</bibl>
<bibl id="hofm_1841_12_0188_09"><composer key="compo_036298">Wedemann (W.)</composer> <title>Polyhymnia. Ein Quartett-Magazin launigen und ernsten Inhals f. Männergesang. 1ste u. 2te Lief. <format>Part. u. Stimmen</format></title>. <pubPlace key="place_0720">Weimar</pubPlace>, <publisher key="publ_4216">Voigt</publisher>. à 7½ Ngr. n.</bibl>
</div><div id="hofm_1841_12_0188_div20"><head><hofClass key="hofCl_0268">Opernmusik mit Pianofortebegleitung.</hofClass></head>
<wip id="hofm_1841_12_0188_10"><composer key="compo_007199">Donizetti (G.)</composer> <title>Die Favoritin. Oper</title>. <title>No. 9, Rec. u. Finale: O hört mich (Ah Sire)</title> 1 Thlr. 22½ Sgr. <title>No. 12, Rec. u. Arie: Ines komm! (Inès viens)</title> 20 Sgr. <title>No. 13, Finale: Welch ein schmachvoll Benehmen (Quel marché de bassese !)</title> 2 Thlr. <title>No. 14, Chor u. Rec. Ihr Brüder (Frères)</title> 10 Sgr. <pubPlace key="place_0044">Berlin</pubPlace>, <publisher key="publ_3471">Schlesinger</publisher>.</wip>
<bibl id="hofm_1841_12_0188_11"><composer key="compo_013060">Halevy (F.)</composer> <title>Der Guitarrenspieler (Le Guitarrero) Oper in 3 Acten von Scribe f. d. deutsche Bühne bearbeitet v. C. Grünbaum. <format>Vollständiger Clavierauszug</format> mit deutschem und französischem Text</title>. Ebend. 8 Thlr. 20 Sgr</bibl></div>
<pb n="189"/>
<div id="hofm_1841_12_0189_div21"><head><hofClass key="hofCl_0040">Gesänge für eine Stimme mit Begleitung des Pianoforte.</hofClass></head>
<wip id="hofm_1841_12_0189_01"><composer key="compo_002685">Bertelsmann (C.A.)</composer> <title>6 Lieder</title>. <title>No. 1, Im Frühling (Leise zieht durch mein Gemüth)</title> 18 Xr. <title>No. 2, Frühlings Erwachen (Woher nur dies linde Säuseln)</title> 38 Xr. <title>No. 3, Herbstlied (Feldeinwärts flog ein Vögelein)</title> 36 Xr. <title>No. 4, Die Waise und die Waisen (Euch kann die Sorge nicht umringen)</title> 18 Xr. <title>No. 6, Schlaflied (Schlummre süss Liebchen, im Schatten)</title> 27 Xr. <title>No. 6, Liebesweh (Und wüsstens die Blumen)</title> 36 Xr. <pubPlace key="place_0440">Mannheim</pubPlace>, <publisher key="publ_1534">Heckel</publisher>.</wip>
<bibl id="hofm_1841_12_0189_02"><composer key="compo_004712">Burgmüller (Fréd.)</composer> <title>Lydda. Mélodie espagnole</title>. L’Aurore, No. 38. <pubPlace key="place_0438">Mainz</pubPlace>, <publisher key="publ_3563">Schott</publisher>. 36 Xr.</bibl>
<bibl id="hofm_1841_12_0189_03"><title>Cassel und seine nahe Umgebung. Lied f. eine Singst. m. Pfte. oder f. 4 Männerstimmen (Cassel ist so schön)</title>. <pubPlace key="place_0341">Cassel</pubPlace>, <publisher key="publ_4233">Vollmann</publisher>. 3 Gr. n.</bibl>
<listBibl><bibl id="hofm_1841_12_0189_04"><composer key="compo_006231">Curschmann</composer>, <title>Der Fischer (Das Wasser rauscht)</title>. <pubPlace key="place_0044">Berlin</pubPlace>, <publisher key="publ_4068">Trautwein u. Co</publisher>. 10 Sgr.</bibl>
<bibl id="hofm_1841_12_0189_05">– <title>Frühlingsglaube (Die linden Lüfte sind erwacht)</title>. Ebend. 7½ Sgr.</bibl>
<bibl id="hofm_1841_12_0189_06">– <title>Wie mir geschah</title>. Ebend. 5 Sgr.</bibl>
<bibl id="hofm_1841_12_0189_07">– <title>Gegenwärtiges Glück (Ihr holden Angensterne</title>). Ebend. 5 Sgr.</bibl>
<bibl id="hofm_1841_12_0189_08">– <title>Abendlied (Herz, und verlangst du nicht Ruhe)</title>. Ebend. 5 Sgr.</bibl>
<bibl id="hofm_1841_12_0189_09">– <title>Ständchen (Hüttelein, still und klein)</title>. Ebend. 5 Sgr.</bibl>
<bibl id="hofm_1841_12_0189_10">– <title>An Rose (Wach’ auf du gold’nes Morgenlicht)</title>. Ebend. 7½ Sgr.</bibl>
<bibl id="hofm_1841_12_0189_11">– <title>Liebchen überall (Ich hab’ ein Liebchen an dem Rhein)</title> Ebend. 10 Sgr.</bibl>
<bibl id="hofm_1841_12_0189_12">– <title>Aus der schönen Magelone (Ruhe, Süssliebchen im Schatten)</title> Ebend. 10 Sgr.</bibl>
<bibl id="hofm_1841_12_0189_13">– <title>Danksagung an dem Bach (War es also gemeint)</title>. Ebend. 7½ Sgr.</bibl>
<bibl id="hofm_1841_12_0189_14">– <title>Altes Volkslied (Schätzelein, es kränket mich)</title>. Ebend. 7½ Sgr.</bibl>
<bibl id="hofm_1841_12_0189_15">– <title>Das Geheimniss (Sie konnte mir kein Wörtchen sagen)</title>. Ebend. 5 Sgr. <lb/>(Liederspende No. 33. 36. 39. 43. 47. 50. 53–57. 59.</bibl>
</listBibl><listBibl><bibl id="hofm_1841_12_0189_16"><composer key="compo_007639">Döhler (Th.)</composer> <title>Barcarolla: Voli l’agile Barchetta – Barque agile glisse, – Leichte Barke du sollst schweben. Op. <opus key="opus_2510">36. No. 1</opus></title>. <pubPlace key="place_0438">Mainz</pubPlace>, <publisher key="publ_3563">Schott</publisher>. 36 Xr.</bibl>
<bibl id="hofm_1841_12_0189_17">– <title>Ann Ruscelleto. A un Ruisseau. An ein Bächlein. Romanza. Op. <opus key="opus_2521">36. No. 2</opus></title>. Ebend. 36 Xr. <lb/>(L’Aurore. Collection de Chansons modernes No. 30. 31.)</bibl>
</listBibl><bibl id="hofm_1841_12_0189_18"><composer key="compo_007199">Donizetti (G.)</composer> <title>La Madre ed il Figlia. Die Mutter und ihr Kind. Romanza</title>. Aurora. No. 286. <pubPlace key="place_0731">Wien</pubPlace>, <publisher key="publ_2605">Mechetti</publisher>. 30 Xr.</bibl>
<bibl id="hofm_1841_12_0189_19"><composer key="compo_007725">E (F.)</composer> <title>Deutsches Bundeslied v. J.M. Firmenich (Was kling’ durch Deutschlands Gauen)</title>. <pubPlace key="place_0044">Berlin</pubPlace>, <publisher key="publ_0224">Bechtold u. H</publisher>. 5 Sgr.</bibl>
<bibl id="hofm_1841_12_0189_20"><composer key="compo_010955">(Georg) Kronprinz von Hannover</composer>. <title>Vier Lieder (Die Liebe sei wie reiner Träume Spiel – Wie machst du doch so schön und mild – Unendlich dehnt sich rings die graue Haide – Ach ich soll dich wieder sehen)</title>. <pubPlace key="place_0392">Leipzig</pubPlace>, <publisher key="publ_0437">Br. u. Härtel</publisher>. 17½ Ngr.</bibl>
<bibl id="hofm_1841_12_0189_21"><composer key="compo_011289">Girschner (C.F.J.)</composer> <title>Schweizer-Lied (Wenn das Horn auf der Alm erklingt)</title>. <pubPlace key="place_0371">Cöln</pubPlace>, <publisher key="publ_0864">Eck u. Co</publisher>. 10 Sgr.</bibl>
<pb n="190"/>
<bibl id="hofm_1841_12_0190_01"><composer key="compo_015663">Huth (L.)</composer> <title>6 Lieder m. leichter Begleitung. Op. <opus key="opus_1802">25</opus>. (Der Frühling kehret lächelnd wieder – Mir ist, als kennt’ ich dich – Die blauen Frühlingsaugen – Ich kenn’ ein Aug’ – Stille immer leise – Zu des Mondes sanftem Schimmer)</title>. <pubPlace key="place_0044">Berlin</pubPlace>, <publisher key="publ_4067">Trautwein</publisher>. 15 Sgr.</bibl>
<listBibl><bibl id="hofm_1841_12_0190_02"><composer key="compo_017664">Klein (B.)</composer> <title>Ich wandre durch die stille Nacht</title>. Ebend. 5 Sgr.</bibl>
<bibl id="hofm_1841_12_0190_03">– <title>Schäfers Klagelied (Da droben auf jenem Berge)</title>. Ebend. 7½ Sgr. <lb/>(Liederspende No. 37. 45.)</bibl>
</listBibl><bibl id="hofm_1841_12_0190_04"><composer key="compo_017817">Klitzsch (E.)</composer> <title>6 Lieder (Hörst du nicht die Bäume – Wie die leichten Wolken zieh’n – Die Abendglocken klangen – Ich irr’ in Thal und Haiden – Auf die Dächer – Ich weiss nicht was es soll bedeuten)</title>. <pubPlace key="place_0392">Leipzig</pubPlace>, <publisher key="publ_0437">Br. u. Härtel</publisher>. 25 Ngr.</bibl>
<wip id="hofm_1841_12_0190_05"><composer key="compo_018639">Krebs (C.)</composer> <title>Auserlesene Gesänge aus Op. <opus key="opus_2850">42</opus> und <opus key="opus_3140">49</opus> besonders abgedruckt</title>. <pubPlace key="place_0276">Hamburg</pubPlace>, <publisher key="publ_3605">Schuberth u. Co</publisher>. <lb/><title>No. 1. 2., Barcarole. Liebesbothschaft f. Sopran oder Tenor (Rauschendes Bächlein so silbern und hell – Am dunkeln Himmelsbogen)</title>. 8 Gr. <lb/>– Idem f. Alt oder Bariton. 8 Gr. <lb/><title>No. 3. 4., In die Ferne. Lodoiskas Sehnsucht f. Sopran oder Tenor (Siehst du am Abend die Wolken ziehn – Einsam wandle ich so gerne)</title>. 8 Gr. <lb/>– Idem f. Alt oder Bariton. 8 Gr. <lb/><title>No. 5, Ständchen f. Sopran oder Tenor (Liedchen hebe dich auf Schwingen)</title>. 8 Gr. <lb/>– Idem f. Alt oder Bariton. 8 Gr. <lb/><title>No. 6. Nach dem Süden f. Sopran oder Tenor. (Nach dem Süden will mein Liebchen)</title>. 8 Gr. <lb/>– Idem f. Alt oder Bariton. 8 Gr. <lb/><title>No. 7., Mein Amt. Lied f. Sopran oder Tenor (Nur dich küssen)</title>. 6 Gr. <lb/>– Idem f. Alt oder Bariton. 6 Gr. <lb/><title>No. 8. 9., Die Fee der Loire. Soldatenliebe f. Sopran oder Tenor (Schoner Strom – Steh ich. in finstrer Mitternacht)</title>. 8 Gr. <lb/>– Idem f. Alt oder Bariton. 8 Gr.</wip>
<bibl id="hofm_1841_12_0190_06"><composer key="compo_019036">Kufferath (H.F.)</composer> <title>6 Lieder von R. Burns f. Tenor oder Sopran. Op. <opus key="opus_2116">3</opus> (O Eppie, mein Leben! – Mich zieht es naeh dem Dorfe hin – Ihr Hügel dort am schönen Doon – Früh mit der Lerche Sang – So trieb sie mich denn grausam fort – Einen Kuss noch, eh’ wir scheiden)</title>. <pubPlace key="place_0392">Leipzig</pubPlace>, <publisher key="publ_0437">Br. u. Härtel</publisher>. 15 Ngr.</bibl>
<bibl id="hofm_1841_12_0190_07"><composer key="compo_020061">Lasekk (C.)</composer> <title>Vier Lieder (An deiner süssen Brust – Wo weilst du denn so ferne – Du süsses Herz, in Freud’ und Schmerz – Beim Nachbar hör’ ich Tag für Tag)</title>. Ebend. 20 Ngr.</bibl>
<bibl id="hofm_1841_12_0190_08"><title>Liederspende. Sammlung ausgewählter Gesänge. No. 31–60</title>. <pubPlace key="place_0044">Berlin</pubPlace>, <publisher key="publ_4067">Trautwein</publisher>. à 5–10 Sgr. siehe <xref type="external" from="hofm_1841_12_0189_04" to="DITTO" targOrder="U">Curschmann</xref>, <xref type="external" from="hofm_1841_12_0191_01" to="DITTO" targOrder="U">Mathieux</xref>, <xref type="external" from="hofm_1841_12_0192_02" to="DITTO" targOrder="U">Taubert u. a. m</xref>.</bibl>
<bibl id="hofm_1841_12_0190_09"><composer key="compo_022096">Mangold (C.A.)</composer> <title>6 Gesänge f. Tenor oder Sopran. Op. <opus key="opus_1515">21. No. 6</opus>, Der Gefangene von Zedlitz (Zwei alte hohe Burgen)</title>. <pubPlace key="place_0128">Darmstadt</pubPlace>, <publisher key="publ_2962">Pabst</publisher>. 36 Xr.</bibl>
<bibl id="hofm_1841_12_0190_10">– Idem f. Alt, Bariton oder Mezzo-Sopran. Ebend. 36 Xr.</bibl>
<bibl id="hofm_1841_12_0190_11"><composer key="compo_022472">Mathieux (J.)</composer> <title>Sechs Lieder. Op. <opus key="opus_0927">16</opus>. (Der erste Tagesschimmer – Wenn über Wellen und Land – Fort nun, o Schiff! – Alles kündet dich an – Die Nacht kommt still gezogen – Ach dass da doch so ferne bist)</title>. <pubPlace key="place_0392">Leipzig</pubPlace>, <publisher key="publ_1746">Hofmeister</publisher>. 15 Ngr.</bibl>
<pb n="191"/>
<listBibl><bibl id="hofm_1841_12_0191_01"><composer key="compo_022472">Mathieux (J.)</composer> <title>Die Lorelei. (Ich weiss nicht was soll es bedeuten)</title>. <pubPlace key="place_0044">Berlin</pubPlace>, <publisher key="publ_4068">Trautwein u. Co</publisher>. 5 Sgr.</bibl>
<bibl id="hofm_1841_12_0191_02">– <title>Der Kuss. (Ich will meine Seele tauchen)</title>. Ebend. 5 Sgr.</bibl>
<bibl id="hofm_1841_12_0191_03">– <title>Der spanische Zitherknabe. (Fern im Sud das schöne Spanien)</title>. Ebend. 10 Sgr.</bibl>
<bibl id="hofm_1841_12_0191_04">– <title>Abendfeier, (Ave Maria!)</title> Ebend. 7½ Sgr. <lb/>(Liederspende No. 35. 42. 49. 51.)</bibl>
</listBibl><bibl id="hofm_1841_12_0191_05"><composer key="compo_024530">Negri (L.)</composer> <title>Il primo Amore. Die erste. Liebe. Romanza</title>. Aurora No. 288. <pubPlace key="place_0731">Wien</pubPlace>, <publisher key="publ_2605">Mechetti</publisher>. 30 Xr.</bibl>
<bibl id="hofm_1841_12_0191_06"><composer key="compo_024809">Nicolai (Otto)</composer> <title>La Settimana d’Amore. Die Liebeswoche. Arietta giocosa</title>. Aurora No. 285. Ebend. 45 Xr.</bibl>
<bibl id="hofm_1841_12_0191_07"><composer key="compo_026580">Pizzolato (E.)</composer> <title>Voga sull’ ondo placida. Gleite zum Strand der Theuren hin. Barcarola</title>. Aurora No. 287. Ebend. 30 Xr.</bibl>
<listBibl><bibl id="hofm_1841_12_0191_08">*<composer key="compo_027193">Puget (Mlle. L.)</composer> <title>La Fête Dieu. Der Tag des Herrn</title>. <pubPlace key="place_0438">Mainz</pubPlace>, <publisher key="publ_3563">Schott</publisher>. 18 Xr.</bibl>
<bibl id="hofm_1841_12_0191_09">* – <title>Le Rêve du Pays. Die Sehnsucht nach der Heimath</title>. Ebend. 18 Xr.</bibl>
<bibl id="hofm_1841_12_0191_10">* – <title>La Dot d’Auvergne. Die Mitgift</title>. Ebend. 18 Xr.</bibl>
<bibl id="hofm_1841_12_0191_11">* – <title>Le Val béni. Das gesegnete Thal</title>. Ebend. 18 Xr</bibl>
<bibl id="hofm_1841_12_0191_12">* – <title>Le bon curé patience. Der gute geduldige Pastor</title>. Ebend. 18 Xr.</bibl>
<bibl id="hofm_1841_12_0191_13">* – <title>Le Ciel sur Terre. Der Himmel auf Erden</title>. Ebend. 18 Xr.</bibl>
<bibl id="hofm_1841_12_0191_14">* – <title>La jolie Fille du Fauburg. Die schöne Vorstädterin</title>. Ebend. 18 Xr.</bibl>
<bibl id="hofm_1841_12_0191_15">* – <title>La Prière au St. Bernard. Das Gebet auf dem Sanct Bernhard</title>. Ebend. 18 Xr.</bibl>
<bibl id="hofm_1841_12_0191_16">* – <title>La Voix tendre. Die sanfte Stimme</title>. Ebend. 18 Xr.</bibl>
<bibl id="hofm_1841_12_0191_17">* – <title>La Soleil de ma Bretagne. Die Sonne von Bretannien</title>. Ebend. 27 Xr.</bibl>
<bibl id="hofm_1841_12_0191_18">* – <title>La plus Aimée. Die Geliebteste</title>. Ebend. 18 Xr. <lb/>(Choix d’Airs. No. 339–349.)</bibl>
</listBibl><wip id="hofm_1841_12_0191_19"><composer key="compo_030778">Schneider (L.)</composer> <title>Jocosus. Sammlung komischer u. launiger Lieder, Arien u. Gesänge</title>. <title>5tes Heft, Der lustige Postillon – Madame Schickedanz aus Perleberg – Kugler, Duett aus: Er requirirt)</title>. 22½ Sgr. <title>6tes Heft, Lortzing, Einlage in die Schützen: Hab’ mich gut amüsirt – Adam, Arie des Boras in Hamadryaden – Instrumenten Duett a. d. Kapellmeister von Venedig</title>. 1 Thlr. <pubPlace key="place_0044">Berlin</pubPlace>, <publisher key="publ_4068">Trautwein u. Co</publisher>.</wip>
<bibl id="hofm_1841_12_0191_20">– Hieraus einzeln <title>No. 22. Scherzhaftes Instrumenten-Duett aus dem, musikalischen Quodlibet: Der Kapellmeister von Venedig (Sag’ mir doch, was kannst du spielen)</title> Ebend. 10 Sgr.</bibl>
<bibl id="hofm_1841_12_0191_21">– <composer key="compo_030768">(J.)</composer> <title>Stell dich ein! (Komm’ Liebchen, komm’ heraus)</title> Liederspende No. 40. Ebend. 5 Sgr.</bibl>
<listBibl><bibl id="hofm_1841_12_0191_22"><composer key="compo_033076">Stegmayer</composer>, <title>Die weissen und die rothen Rosen (Eh’ Gott das Weib gebildet)</title>. Ebend. 5 Sgr.</bibl>
<bibl id="hofm_1841_12_0191_23">– <title>Der Goldschmiedgeselle (Es ist doch meine Nachbarin)</title>. Ebend. 5 Sgr.</bibl>
<bibl id="hofm_1841_12_0191_24">– <title>Morgenständchen (Horch! die Lerch’ im Aetherblau)</title>. Ebend. 5 Sgr. <lb/>(Liederspende No. 38. 48. 58.)</bibl>
</listBibl><bibl id="hofm_1841_12_0191_25"><composer key="compo_033596">Streben (E.)</composer> <title>4 Lieder f. Bariton od. Bass. Op. <opus key="opus_3181">5</opus> (S’ war mal’ ne Katzenkönigin – Mir ward als Kind im Mutterhaus – Wahrlich aus mir hätte vieles werden können – Heiter blick’ ich ohne Reue)</title>. Ebend. 15 Sgr.</bibl>
<pb n="192"/>
<bibl id="hofm_1841_12_0192_01"><composer key="compo_033808">Stümer</composer>, <title>Meiner Mütter (Es leuchtet in mein Auge)</title>. Liederspende No. 31. <pubPlace key="place_0044">Berlin</pubPlace>, <publisher key="publ_4067">Trautwein</publisher>. 5 Sgr.</bibl>
<listBibl><bibl id="hofm_1841_12_0192_02"><composer key="compo_034168">Taubert (W.)</composer> <title>An Wina (Wär ich ein Stern!)</title> Ebend. 5 Sgr.</bibl>
<bibl id="hofm_1841_12_0192_03">– <title>Sang Ellens aus der Jungfrau am See (Jäger ruhe von der Jagd)</title>. Ebend. 5 Sgr. <lb/>(Liederspende. No. 32. 34.)</bibl>
</listBibl><bibl id="hofm_1841_12_0192_04"><composer key="compo_034224">Teichmann (Ant.)</composer> <title>Il Pescatore. Melodia romantica</title>. Ebend. 10 Sgr.</bibl>
<listBibl><bibl id="hofm_1841_12_0192_05"><composer key="compo_034563">Tiehsen</composer>, <title>Die blauen Frühlingsangen</title>. Ebend. 7½ Sgr.</bibl>
<bibl id="hofm_1841_12_0192_06">– <title>Gekommen ist der Maye</title>. Ebend. 5 Sgr.</bibl>
<bibl id="hofm_1841_12_0192_07">– <title>Liebesgedanken (Je höher die Glocke)</title>. Ebend. 7½ Sgr. <lb/>(Liederspend No. 41. 46. 52.)</bibl>
</listBibl><bibl id="hofm_1841_12_0192_08"><composer key="compo_034802">Trendelenburg</composer>, <title>Lieb Liebchen, leg’s Händchen auf’s Herze mein</title>. Liederspende No. 44. Ebend. 5 Sgr.</bibl>
<bibl id="hofm_1841_12_0192_09"><composer key="compo_036298">Wedemann (W.)</composer> <title>Hundert Gesänge der Unschuld, Tugend und Freude, 1tes Heft. <edition>7te Verb. Aufl</edition></title>. <pubPlace key="place_0720">Weimar</pubPlace>, <publisher key="publ_4216">Voigt</publisher>. geh. 15 Ngr. n.</bibl>
<bibl id="hofm_1841_12_0192_10"><composer key="compo_037195">Winkler (L.)</composer> <title>Der Gefangene, Meine Sterne. 2 Lieder. Op. <opus key="opus_2737">4</opus>. (Mädchen bleib vor meinem Gitter – Ich. war zu Hause geblieben)</title>. <pubPlace key="place_0276">Hamburg</pubPlace>, <publisher key="publ_2870">Niemeyer</publisher>. 8 Gr.</bibl>
<bibl id="hofm_1841_12_0192_11"><composer key="compo_037720">Wöhler (Gotth.)</composer> <title>Die Bergstimme. Der wunde Ritter. Die Loreley. 3 Balladen v. Heine. No. 1. (Ein Reiter durch das Bergthal zieht – Ich weiss eine alte Kunde – Ich weiss nicht was soll es bedeuten)</title>. <pubPlace key="place_0392">Leipzig</pubPlace>, <publisher key="publ_0437">Br. u. Härtel</publisher>. 15 Ngr.</bibl>
<bibl id="hofm_1841_12_0192_12"><composer key="compo_038342">Zöllner (C)</composer> <title>Liebesfrühling von Fr. Rückert. 9 Lieder (Liebst du um Schönheit – Mein Sehnen! – Wenn ich früh in den Garten geh – Am Himmel ist kein Stern – Warum willst du andre fragen – Lass mich ihm am Busen, hangen – O weh des Scheidens – Wenn die Rosen aufgeblüht – Ach! dass ewig hier die Liebe)</title>. <pubPlace key="place_0392">Leipzig</pubPlace>, <publisher key="publ_2017">Kistner</publisher>. 20 Ngr.</bibl>
</div><div id="hofm_1841_12_0192_div22"><head><hofClass key="hofCl_0029">Gesänge für eine Stimme mit Begleitung der Guitarre.</hofClass></head>
<bibl id="hofm_1841_12_0192_13"><composer key="compo_002199">Bellini</composer> <title>Cavatine aus Romeo und Julie (Diesen Schwerte wird’s gelingen) mit Begl. d. Guit. eing. v. J.N. v. Bobrowicz</title>. <pubPlace key="place_0392">Leipzig</pubPlace>, <publisher key="publ_0437">Br. u. Härtel</publisher>. 5 Ngr.</bibl>
<bibl id="hofm_1841_12_0192_14"><composer key="compo_023267">Meyerbeer</composer>, <title>Cavatine aus den Hugenotten (Er ist’s allein) mit Begl. d. Guit. eing. v. J.N. v. Bobrowicz</title>. Ebend. 5 Ngr.</bibl>
</div><div id="hofm_1841_12_0192_div23"><head><hofClass key="hofCl_0077">Lehrbücher für den Gesang.</hofClass></head>
<bibl id="hofm_1841_12_0192_15"><composer key="compo_012461">Guglielmi (L.)</composer> <title>Exercices pour la Vocalisation à 2 Voix (Tenore et Basso) av. Acc. de Pfte</title>. <pubPlace key="place_0731">Wien</pubPlace>, <publisher key="publ_2605">Mechetti</publisher>. 2 Fl. 30 Xr.</bibl>
</div><div id="hofm_1841_12_0192_div24"><head><hofClass key="hofCl_0287">Theoretische Werke.</hofClass></head>
<bibl id="hofm_1841_12_0192_16"><author>Christern, Franz Liszt</author>. <title>Nach seinem Leben und Wirken aus authentischen Berichten dargestellt mit Portrait</title>. 8. <pubPlace key="place_0276">Hamburg</pubPlace>, <publisher key="publ_3605">Schuberth u. Co</publisher>. geh. 12½ Sgr. n. Prachtausgabe. 20 Sgr.</bibl>
<bibl id="hofm_1841_12_0192_17"><author>Lange (Dr. Otto)</author> <title>Die Musik als Unterrichtsgegenstand in Schulen neben den wissenschaftlichen Lehrzweigen. Ein Beitrag zum Unterrichtswesen</title>. 8. <pubPlace key="place_0044">Berlin</pubPlace>, <publisher key="publ_3065">Plahn’sche Buchhandlung</publisher>, geh. 20 Sgr. n.</bibl>
<pb n="193"/>
<bibl id="hofm_1841_12_0193_01"><title>Orpheus. Musikalisches Album für das Jahr 1842. Herausg. von Aug. Schmidt. Mit 1 Bildn. u. Musikbeil</title>. 8. <pubPlace key="place_0731">Wien</pubPlace>, <publisher key="publ_4225">Volke</publisher> cart. 2 Thlr. n.</bibl>
<bibl id="hofm_1841_12_0193_02"><author>Reicha (A.)</author> <title>Die Kunst der dramatischen Composition. 5tes Buch</title>. 4 Fl. 15 Xr. <pubPlace key="place_0731">Wien</pubPlace>, <publisher key="publ_0735">Diabelli u. Co</publisher>.</bibl>
<bibl id="hofm_1841_12_0193_03"><author>Rinck (C.F.)</author> u. <author>G. Rinck</author>, <title>Musikalisch-liturgische Blätter. 1tes Heft</title>. qu. gr. 4. <pubPlace key="place_0128">Darmstadt</pubPlace>, <publisher key="publ_0743">Diehl</publisher>. 14 Gr. n.</bibl>
<bibl id="hofm_1841_12_0193_04"><title>Verzeichniss (vollständiges) aller Compositionen des kurf. sächs. <author>Kapellmeister Naumann</author>, nebst historischen und kritischen Notizen eines Kunstkenners aus Naumann’s persönlicher Umgebung</title>. gr. 8. <pubPlace key="place_0147">Dresden</pubPlace>, <publisher key="publ_0100">Arnoldische Buchh. in Comm</publisher>. 2½ Ngr. n.</bibl>
</div><div id="hofm_1841_12_0193_div25"><head><hofClass key="hofCl_0281">Portraits.</hofClass></head>
<bibl id="hofm_1841_12_0193_05"><title><subject>Liszt (F.)</subject> lith</title>. Fol. <pubPlace key="place_0438">Mainz</pubPlace>, <publisher key="publ_3563">Schott</publisher>. 1 Fl 12 Xr.</bibl>
</div></body></text></TEI.2>