<?xml version="1.0" encoding="utf-8"?>
<!DOCTYPE TEI.2
  SYSTEM "../../dtd/tei/cch_tei.dtd">
<TEI.2 id="hofm_1841_08">
<teiHeader type="text"><fileDesc><titleStmt><title>August 1841</title></titleStmt><publicationStmt><p/></publicationStmt><sourceDesc><p/></sourceDesc></fileDesc>
<profileDesc><langUsage><language id="ger">German</language><language id="fre">French</language><language id="ita">Italian</language></langUsage></profileDesc>
<revisionDesc><change><date>2007-09-20</date><respStmt><name>EP</name></respStmt><item>missing @id added</item></change><change><date>2007-06-26</date><respStmt><name>ER</name></respStmt><item>p. 119, Romanesca = title (not composer)</item></change><change><date>2007-04-27</date><respStmt><name>RV</name></respStmt><item>Changed "biblGroup" elements in "listBibl"</item></change><change><date>2007-03-02</date><respStmt><name>EP</name></respStmt><item>Checked curly brackets</item></change><change><date>2007-02-26</date><respStmt><name>EP</name></respStmt><item>Encoded curly brackets</item></change><change><date>2006-12-19</date><respStmt><name>EP</name></respStmt><item>sic and unclear moved outside elements pubplaces, publisher, composer, hofclass, key, opus</item></change><change><date>2006-03-15</date><respStmt><name>Sarah</name></respStmt><item>Fixed Xrefs</item></change><change><date>2005-12-05</date><respStmt><name>Liz</name></respStmt><item>p. 118 . within publisher tags moved</item></change><change><date>2005-07-22</date><respStmt><name>Sarah</name></respStmt><item>Corrections following checking pages. Adjusted album tagging.</item></change><change><date>2005-02-14</date><respStmt><name>Sarah</name></respStmt><item>First encoding.</item></change></revisionDesc></teiHeader>
<text><body><pb n="114"/><head>August 1841.</head>
<div id="hofm_1841_08_0114_div01"><head><hofClass key="hofCl_0164">Musik für das Orchester.</hofClass></head>
<bibl id="hofm_1841_08_0114_0101"><composer key="compo_007199">Donizetti (G.)</composer> <title>Ouverture der Oper: Die Favoritin (La Favorite) f. grosses Orchester</title>. <pubPlace key="place_0044">Berlin</pubPlace>, <publisher key="publ_3471">Schlesinger</publisher>. 2 Thlr. 20 Sgr.</bibl>
<bibl id="hofm_1841_08_0114_0202"><composer key="compo_019135">Kummer (Gasp.)</composer> <title>Second Concertino p. 2 Flûtes av. Acc. d’Orchestre. Oe. <opus key="opus_0137">104</opus>, in <key>G</key></title>. <pubPlace key="place_0078">Braunschweig</pubPlace>, <publisher key="publ_2681">Meyer</publisher>. 3 Thlr. 6 Gr.</bibl>
<bibl id="hofm_1841_08_0114_0303"><sic><composer key="compo_023890">Mozart (M.A.)</composer></sic> <title>Ouvertures p. le grand Orchestre. <format>Partitur</format>. No. 6, Die Zauberflöte. No. 7, Titus</title>. 8. <pubPlace key="place_0044">Berlin</pubPlace>, <publisher key="publ_3471">Schlesinger</publisher>. geh. 1 Thlr. Subscr.-Pr. à 15 Sgr. n.</bibl>
<bibl id="hofm_1841_08_0114_0404"><composer key="compo_028421">Rietz (Jul.)</composer> <title>Ouverture zu dem Singspiele: Jery und Bätely f. gr. Orchester. Op. <opus key="opus_0021">10</opus>, in <key>D</key></title>. <pubPlace key="place_0392">Leipzig</pubPlace>, <publisher key="publ_1746">Hofmeister</publisher>. 1 Thlr. 20 Ngr.</bibl>
<bibl id="hofm_1841_08_0114_0505"><title>Sammlung von Märschen f. vollst türkische Musik z. best. Gebr. d. k. preuss. Armee. In Partitur. Geschwindmärsche. No. 119, <composer key="compo_011569">Golde</composer>, Geschwind-Marsch über National-Melodien</title>. <pubPlace key="place_0044">Berlin</pubPlace>, <publisher key="publ_3471">Schlesinger</publisher>. 1 Thlr. 15 Sgr.</bibl>
<bibl id="hofm_1841_08_0114_0606"><composer key="compo_033569">Strauss (Joh.)</composer> <title>Walzer f. Orchester. No. 52, Deutsche Lust oder Donau-Lieder ohne Text. Op. <opus key="opus_0495">127</opus></title>. <pubPlace key="place_0731">Wien</pubPlace>, <publisher key="publ_1506">Haslinger</publisher>. 2 Fl. 30 Xr.</bibl>
<bibl id="hofm_1841_08_0114_0707"><composer key="compo_035945">Walch (J.H.)</composer> <title>Pieces of Harmony for military Musik. Liv. 28</title>. <pubPlace key="place_0392">Leipzig</pubPlace>, <publisher key="publ_3023">Peters</publisher>. 2 Thlr. 25 Ngr.</bibl>
</div><div id="hofm_1841_08_0114_div02"><head><hofClass key="hofCl_0245">Musik für die Violine.</hofClass></head>
<bibl id="hofm_1841_08_0114_0808"><composer key="compo_000976">Artot (J.)</composer> <title>Romanze de l’Opéra : Lucréze Borgia de Donizetti, transcr. p.Violon av. Acc. de Pfte</title>. <pubPlace key="place_0392">Leipzig</pubPlace>, <publisher key="publ_1746">Hofmeister</publisher>. 15 Ngr.</bibl>
<bibl id="hofm_1841_08_0114_0909"><composer key="compo_012741">Götze (J.F.)</composer> <title>6 ganz leichte Quartetten f. 2 Violinen, Alt u. Vcllo. Als angehende Uebungen. Op. <opus key="opus_3105">48</opus></title>. <pubPlace key="place_0720">Weimar</pubPlace>, <publisher key="publ_4216">Voigt</publisher>. 22½ Ngr. n.</bibl>
<bibl id="hofm_1841_08_0114_1010"><composer key="compo_013697">Haydn (Jos.)</composer> <title>Partition des Quatuors p. Violon. <edition>Nouv. Edit</edition>. No. 19, in <key>G</key></title>. 8. <pubPlace key="place_0044">Berlin</pubPlace>, <publisher key="publ_4067">Trautwein</publisher> geh. à 15 Sgr. n.</bibl>
<wip id="hofm_1841_08_0114_1111"><composer key="compo_024212">Müller (G.)</composer> <title>6 Duos faciles p. 2 Violons à la 1re Position. Oe. <opus key="opus_1390">20</opus></title>. <title>Cah. 1. 2. 3</title>. <pubPlace key="place_0078">Braunschweig</pubPlace>, <publisher key="publ_2681">Meyer</publisher> à 16 Gr.</wip>
<bibl id="hofm_1841_08_0114_1212"><composer key="compo_028710">Rolla (Al.)</composer> <title>3 Duetti facili e progressivi p. 2 Violini</title>. <pubPlace key="place_0437">Milano</pubPlace>, <publisher key="publ_3241">Ricordi</publisher>. 5 Fr.</bibl>
<bibl id="hofm_1841_08_0114_1313"><composer key="compo_030862">Schoen (M.)</composer> <title>Aufmunterung f. junge Violinspieler. 18 kleine und moderne Duetten, als praktische Uebungsstücke f. 2 Violinen (1ste Position). Op. <opus key="opus_0531">13</opus></title>. <pubPlace key="place_0082">Breslau</pubPlace>, <publisher key="publ_2386">Leuckart</publisher>. 15 Sgr.</bibl>
<bibl id="hofm_1841_08_0114_1414"><composer key="compo_033569">Strauss (Joh.)</composer> <title>Walzer und Cotillons f. 2 Viol. (3te Viol. ad lib.) u. Bass. No. 78, Deutsche Lust, oder Donaulieder ohne Text. Op. <opus key="opus_0495">127</opus></title>. <pubPlace key="place_0731">Wien</pubPlace>, <publisher key="publ_1506">Haslinger</publisher>, 1 Fl.</bibl>
</div><div id="hofm_1841_08_0114_div03"><head><hofClass key="hofCl_0184">Musik für das Violoncelle.</hofClass></head>
<bibl id="hofm_1841_08_0114_1515"><composer key="compo_028761">Romberg (B.)</composer> <title>Rondo capriccioso p. Violoncelle av. Acc. de 2 Viol, Alto, Vclle et Contreb. (2 Clarin., 2 Cors, 2 Bassons ad lib.) Oe. <opus key="opus_3934">69</opus>, in <key>F</key></title>. <pubPlace key="place_0392">Leipzig</pubPlace>, <publisher key="publ_3023">Peters</publisher>, 1 Thlr. 20 Ngr.</bibl>
<bibl id="hofm_1841_08_0114_1616">– Idem av. Acc. de Pfte. Ebend. 20 Ngr.</bibl>
</div><div id="hofm_1841_08_0114_div04"><head><hofClass key="hofCl_0200">Musik für die Flöte.</hofClass></head>
<bibl id="hofm_1841_08_0114_1717"><composer key="compo_003732">Bordt (H.A.R.)</composer> <title>Potpourris (des Opéras) p. Flöte. No. 1, Meyerbeer, Robert le Diable. No. 2, Bellini, Norma. No. 3, Bellini, Sonnambula. No. 4, Adam, Le Brasseur de Preston. No. 5, Bellini, I Puritani. No. 6, Donizetti</title>, <unclear><pubPlace key="place_0519">Offenbach</pubPlace></unclear>, <publisher key="publ_0065">André</publisher> à 27 Xr.</bibl>
<pb n="114"/>
<bibl id="hofm_1841_08_0114_1818"><composer key="compo_008806">Fahrbach (Jos.)</composer> <title>1ère Fantaisie sur des Motifs fav. de l’Opéra : Oberto Conte di St. Bonifacio de J. Verdi p. 2 Flûtes. Oe. <opus key="opus_0806">15</opus></title>, (Revue théâtrale No. 8). <pubPlace key="place_0437">Milan</pubPlace>, <publisher key="publ_3241">Ricordi</publisher>. 6 Fr. 50 Ct.</bibl>
<bibl id="hofm_1841_08_0114_1919"><composer key="compo_019135">Kummer (Gasp.)</composer> <title>Second Concertino p. 2 Flûtes av. Acc. de Pfte. Oe. <opus key="opus_0137">104</opus>, in <key>G</key></title>. <pubPlace key="place_0078">Braunschweig</pubPlace>, <publisher key="publ_2681">Meyer</publisher>. 1 Thlr. 12 Gr.</bibl>
<bibl id="hofm_1841_08_0114_2020"><composer key="compo_025884">Pauli (G. de)</composer> <title>Grande Capriccio tratto da pensieri di Donizetti nell’ Opera: Lucia di Lammermoor p. Flauto con Acc. di Pfte</title>. <pubPlace key="place_0437">Milano</pubPlace>, <publisher key="publ_3241">Ricordi</publisher>. 5 Fr. 50 Ct.</bibl>
<bibl id="hofm_1841_08_0114_2121"><composer key="compo_033569">Strauss (Joh.)</composer> <title>Lieblings-Walzer f. Flöte. No. 71, Deutsche Lust, oder Donaulieder ohne Text. Op. <opus key="opus_0495">127</opus></title>. <pubPlace key="place_0731">Wien</pubPlace>, <publisher key="publ_1506">Haslinger</publisher> 20 Xr.</bibl>
</div><div id="hofm_1841_08_0114_div05"><head><hofClass key="hofCl_0131">Musik für verschiedene Blasinstrumente.</hofClass></head>
<bibl id="hofm_1841_08_0114_2222"><composer key="compo_002662">Berr (Fr.)</composer> <title>Vollständige Clarinettenschule. Nach dem Französischen bearbeitet u. mit einigen Winken und Fingerzeigen, wie Uebungen, die zur Virtuosität führen sollen, sein müssen, begleitet von J.C. Lobe</title>. 4. <pubPlace key="place_0720">Weimar</pubPlace>, <publisher key="publ_4216">Voigt</publisher> geh. 1 Thlr. 25 Ngr. n.</bibl>
<bibl id="hofm_1841_08_0114_2323"><composer key="compo_005447">Cavallini (E.)</composer> <title>Variazioni sopra Motivi dell’ Opera: L’Elisir d’amore de Donizetti p. Clarinetto con Acc. di gr. Orchestra. Op. <opus key="opus_3967">7</opus></title>. <pubPlace key="place_0437">Milano</pubPlace>, <publisher key="publ_3241">Ricordi</publisher>. 10 Fr.</bibl>
<bibl id="hofm_1841_08_0114_2424"><composer key="compo_033569">Strauss (Joh.)</composer> <title>Lieblings-Walzer f. Csakan. No. 71, Deutsche Lust, oder Donaulieder ohne Text. Op. <opus key="opus_0495">127</opus></title>. <pubPlace key="place_0731">Wien</pubPlace>, <publisher key="publ_1506">Haslinger</publisher>. 20 Xr.</bibl>
</div><div id="hofm_1841_08_0114_div06"><head><hofClass key="hofCl_0205">Musik für die Guitarre.</hofClass></head>
<bibl id="hofm_1841_08_0114_2525"><composer key="compo_022592">M(ax) H (erzog von Baiern)</composer> <title>Oberösterreichischer Ländler f. Schlagzither, Violine (od. 2 Viol.) u. Guitarre</title>. <pubPlace key="place_0475">München</pubPlace>, <publisher key="publ_0996">Falter</publisher>. 36 Xr.</bibl>
<wip id="hofm_1841_08_0114_2626"><composer key="compo_029635">Samans (F.)</composer> <title>Praktische Guitarre-Schule, oder gemeinfassliche Anleitung in kurzer Zeit selbst ohne alle Notenkenntnisse bekannte Lieder auf der Guitarre begleiten zu lernen. Nebst 365 Liedern mit ihren Melodien und Angabe der Begleitung nach dieser Methode</title>. <title>1stes Heft, enth. die Anleitung und 65 Lieder</title>. <title>2tes Heft, enth. 100 Lieder</title>. <edition>3te Aufl</edition>. 12. <pubPlace key="place_0730">Wesel</pubPlace>, <publisher key="publ_0161">Bagel</publisher> geh. à 7½ Sgr. n.</wip>
<bibl id="hofm_1841_08_0114_2727"><composer key="compo_033569">Strauss (Joh.)</composer> <title>Lieblings-Walzer f. Guitarre. No. 52, Deutsche Lust, oder Donaulieder ohne Text. Op. <opus key="opus_0495">127</opus></title>. <pubPlace key="place_0731">Wien</pubPlace>, <publisher key="publ_1506">Haslinger</publisher>. 30 Xr.</bibl>
</div><div id="hofm_1841_08_0114_div07"><head><hofClass key="hofCl_0167">Musik für das Pianoforte mit Begleitung.</hofClass></head>
<bibl id="hofm_1841_08_0114_2828"><composer key="compo_004899">Beriot (C. de)</composer> <title>Collection de Duos concertans p. Viol. et Pfte. Liv. 20</title>, siehe <xref type="external" from="hofm_1841_08_0116_11" to="DITTO" targOrder="U">Wolff</xref>.</bibl>
<bibl id="hofm_1841_08_0114_2929"><composer key="compo_026120">Pesca (Alex.)</composer> <title>Second grand Trio p. Pfte, Violon et Vclle. Oe. <opus key="opus_0392">12</opus>, in <key>E</key></title>. <pubPlace key="place_0078">Braunschweig</pubPlace>, <publisher key="publ_2681">Meyer</publisher>. 1 Thlr. 20 Gr.</bibl>
<bibl id="hofm_1841_08_0114_3030"><composer key="compo_016826">Kalkbrenner (Fréd.)</composer> <title>Souvenirs de Dieppe. Fantaisie sur un Chant des Matelots norwégiens p. Pfte et Hautbois (Op. <opus key="opus_0772">146. No. 3</opus>, in <key>F</key>.)</title> <pubPlace key="place_0438">Mainz</pubPlace>, <publisher key="publ_3563">Schott</publisher>. 2 Fl.</bibl>
<bibl id="hofm_1841_08_0114_3131"><composer key="compo_016840">Kalliwoda (J.W.)</composer> <title>Duettino p. Pfte et Violon, Oe. <opus key="opus_0267">111</opus>, in <key>A</key></title>. <pubPlace key="place_0392">Leipzig</pubPlace>, <publisher key="publ_3023">Peters</publisher>. 1 Thlr.</bibl>
<bibl id="hofm_1841_08_0114_3232"><composer key="compo_024212">Müller (G.)</composer> <title>Premier Divertissement p. Pfte et Violon. Oe. <opus key="opus_1271">19</opus>, in <key>A</key></title>. <pubPlace key="place_0078">Braunschweig</pubPlace>, <publisher key="publ_2681">Meyer</publisher>. 16 Gr.</bibl>
<bibl id="hofm_1841_08_0114_3333">– <title>Second Divertissement d’après l’Air : Das Alpenhorn, de H. Proch p. Pfte et Violon. Oe. <opus key="opus_1482">21</opus>, in <key>Es</key></title>. Ebend. 1 Thlr.</bibl>
<pb n="116"/>
<wip id="hofm_1841_08_0116_01"><composer key="compo_025691">Panofka (H.)</composer> <title>Mosaïques. 4 Suites de Morceaux les plus favorits des Opéras : La Favorite de Donizetti et Le Guitarrero de Halevy arr. p. Pfte et Violon concertans</title>. <title>Liv. 1. 2, La Favorite</title>. <pubPlace key="place_0044">Berlin</pubPlace>, <publisher key="publ_3471">Schlesinger</publisher> à 1 Thlr. 7½ Sgr.</wip>
<bibl id="hofm_1841_08_0116_02"><composer key="compo_027643">Raymond (Ed.)</composer> <title>Duo sur un Motif de l’Opéra : Lucia di Lammermoor p. Pfte. et Viol. Oe. <opus key="opus_1661">23</opus>, in <key>D</key></title>. <pubPlace key="place_0082">Breslau</pubPlace>, <publisher key="publ_4319">Weinhold</publisher>. 10 Sgr.</bibl>
<bibl id="hofm_1841_08_0116_03"><composer key="compo_032798">Spohr (L.)</composer> <title>Sonate concertante p. Harpe ou Pfte et Flûte (arr. p. O. Kressner). Op. <opus key="opus_0299">113</opus>, in <key>Es</key></title>. <pubPlace key="place_0276">Hamburg</pubPlace>, <publisher key="publ_3605">Schuberth u. Co</publisher>. 1 Thlr. 16 Gr.</bibl>
<bibl id="hofm_1841_08_0116_03_i">– <title>Sonate concertante p. Harpe ou Pfte et Violoncelle. Oe. <opus key="opus_0314">114</opus>, in <key>Es</key></title>. Ebend. 1 Thlr. 16 Gr.</bibl>
<bibl id="hofm_1841_08_0116_05">– Idem p. Harpe ou Pfte et Flûte (arr. p. O. Kressner). Ebend. 1 Thlr. 16 Gr.</bibl>
<bibl id="hofm_1841_08_0116_06"><composer key="compo_033569">Strauss (Joh.)</composer> <title>Deutsche Lust, oder Donaulieder ohne Text. Op. <opus key="opus_0495">127</opus></title>. (Walzer No. 79.) <pubPlace key="place_0731">Wien</pubPlace>, <publisher key="publ_1506">Haslinger</publisher>. 45 Xr.</bibl>
<bibl id="hofm_1841_08_0116_07">– Idem f. Flöte u. Pfte. (Walzer No. 7). Ebend. 45 Xr.</bibl>
<wip id="hofm_1841_08_0116_08"><composer key="compo_034701">Tonassi (P.)</composer> <title>Due Rondini sopra Motivi dell’ Opera: Cristina di Svezia di Nini p. Vcllo e Pfte</title>. <title>No. 1</title>, 4 Fr. <title>No. 2</title>, 3 Fr. 50 Ct. <pubPlace key="place_0437">Milano</pubPlace>, <publisher key="publ_3241">Ricordi</publisher>.</wip>
<wip id="hofm_1841_08_0116_09">– <title>Due Rondini sopra Motivi dell’ Opera: Oberto Conte di St. Bonifacio de J. Verdi p. Vcllo e Pfte</title>. <title>No. 1</title>, 4 Fr. <title>No. 2, La Danza</title>, 3 Fr. Ebend.</wip>
<bibl id="hofm_1841_08_0116_10"><composer key="compo_034779">Trazzi (L.)</composer> <title>La Concorde. Pensée musicale p. Pfte et Basson</title>. Ebend. 5 Fr.</bibl>
<bibl id="hofm_1841_08_0116_11"><composer key="compo_037492">Wolff (Ed.)</composer> et <composer key="compo_004899">C. de Beriot</composer>, <title>grand Duo concertant sur les Motifs de Zanetta, Opéra de D.F.E. Auber p. Pfte et Violon, Oe. <opus key="opus_2347">33</opus>, in <key>C</key></title>. (20e Livre de Duos de C. de Beriot). <pubPlace key="place_0438">Mainz</pubPlace>, <publisher key="publ_3563">Schott</publisher>. 2 Fl. 24 Xr.</bibl>
</div><div id="hofm_1841_08_0116_div08"><head><hofClass key="hofCl_0171">Musik für das Pianoforte zu vier Händen.</hofClass></head>
<bibl id="hofm_1841_08_0116_13_a"><composer key="compo_006306">Czerny (Ch.)</composer> <title>Douze Rondeaux amusans sur des Thèmes allemands et italiens p. Pfte à 4 Mains. Oe. <opus key="opus_3695">618</opus>. No. 1, Mozart, Figaro. No. 2, Donizetti, Lucrezia Borgia. No. 3, Bellini, Sonnambula. No. 4, Mozart, Don Juan. No. 5, Danse fav. de Mlle Taglioni. No. 6, Donizetti, Furioso. No. 7, Spohr, Polonaise de l’Opéra : Faust. No. 8, Bellini, Norma. No. 9, Donizetti, L’Elisire d’Amore. No. 10, Donizetti, Parisina. No. 11, Bellini, Les Puritains. No. 12, Rossini, Mahomet</title>. <pubPlace key="place_0078">Braunschweig</pubPlace>, <publisher key="publ_2681">Meyer</publisher> à 12 Gr.</bibl>
<bibl id="hofm_1841_08_0116_13">– <title>Grande Fantaisie sur les Motifs de l’Opéra : Oberto Conte di S. Bonifacio de J. Verdi p. Pfte à 4 Mains. Oe. <opus key="opus_3719">620</opus></title>. <pubPlace key="place_0437">Milano</pubPlace>, <publisher key="publ_3241">Ricordi</publisher>. 6 Fr. 50 Ct.</bibl>
<bibl id="hofm_1841_08_0116_14">– <title>Deux grandes Fantaisies sur des Motifs de l’Opéra : Cristina di Svezia de Nini p. Pfte à 4 Mains. Oe. <opus key="opus_3721">621. No. 1. 2</opus></title> à 6 Fr. Ebend.</bibl>
<bibl id="hofm_1841_08_0116_15"><composer key="compo_008477">Erfurt (C.)</composer> <title>Pièces faciles p. Pfte à 4 Mains. Op. <opus key="opus_2764">40</opus></title>. <pubPlace key="place_0392">Leipzig</pubPlace>, <publisher key="publ_4382">Whistling</publisher>. 20 Ngr.</bibl>
<bibl id="hofm_1841_08_0116_16"><composer key="compo_010955">Georg (Kronprinz v. Hannover)</composer> <title>Genesungs-Walzer f. Pfte zu 4 Händen. <edition>Neue Aufl</edition></title>. <pubPlace key="place_0044">Berlin</pubPlace>, <publisher key="publ_3471">Schlesinger</publisher>. 15 Sgr.</bibl>
<bibl id="hofm_1841_08_0116_17"><composer key="compo_013609">Hauschild (J.G.)</composer> <title>Fest-Walzer (Schottisch) zur Eröffnung des neuen Postgebäudes zu Leipzig, f. Pfte zu 4 Händen. Liv. 55</title>. <pubPlace key="place_0392">Leipzig</pubPlace>, <publisher key="publ_3599">Schubert</publisher>. 10 Ngr.</bibl>
<pb n="117"/>
<bibl id="hofm_1841_08_0117_01"><composer key="compo_023890">Mozart (W.A.)</composer> <title>Le Mariage de Figaro. Opéra en 4 Actes arr. p. Pfte <sic>à Mains</sic> p. Ebers. <edition>Nouv. Edit</edition></title>. <pubPlace key="place_0392">Leipzig</pubPlace>, <publisher key="publ_1746">Hofmeister</publisher> geh. 4 Thlr.</bibl>
<bibl id="hofm_1841_08_0117_02"><composer key="compo_033569">Strauss (Joh.)</composer> <title>Deutsche Lust, oder Donaulieder ohne Text. Walzer f. Pfte zu 4 Händen. Op. <opus key="opus_0495">127</opus></title>. <pubPlace key="place_0731">Wien</pubPlace>, <publisher key="publ_1506">Haslinger</publisher>. 1 Fl. 15 Xr.</bibl>
<bibl id="hofm_1841_08_0117_03"><composer key="compo_035893">Wagner (J.N.)</composer> <title>Six Pièces p. Pfte à 4 Mains. Cah. 1</title>. <pubPlace key="place_0339">Carlsruhe</pubPlace>, <publisher key="publ_1761">Holtzmann</publisher>. 14 Gr.</bibl>
<bibl id="hofm_1841_08_0117_03_j"><composer key="compo_036249">Weber (C.M. de)</composer> <title>Ouverture de l’Opéra : Der Beherrscher der Geister p. Pfte à 4 Mains arr. p. G.M. Schmidt. Oe. <opus key="opus_1932">27</opus></title>. <pubPlace key="place_0392">Leipzig</pubPlace>, <publisher key="publ_3023">Peters</publisher>. 17½ Ngr.</bibl>
</div><div id="hofm_1841_08_0117_div09"><head><hofClass key="hofCl_0166">Musik für das Pianoforte allein.</hofClass></head>
<bibl id="hofm_1841_08_0117_05"><composer key="compo_000293">Alberti (Fr. Comte d’)</composer> <title>Trois-Motifs de l’Opéra : Lucia di Lammermoor transcrits p. Pfte. No. 1–3</title>. <pubPlace key="place_0437">Milano</pubPlace>, <publisher key="publ_3241">Ricordi</publisher> à 2 Fr.</bibl>
<bibl id="hofm_1841_08_0117_06"><composer key="compo_001079">Auber (D.F.E.)</composer> <title>Auswahl beliebter Stücke aus der Oper: Zanetta f. Pfte</title>. <pubPlace key="place_0276">Hamburg</pubPlace>, <publisher key="publ_0640">Cranz</publisher>. 16 Gr.</bibl>
<bibl id="hofm_1841_08_0117_07"><composer key="compo_001436">Banck (Ch.)</composer> <title>Impromptu brillant p. Pfte. Oe. <opus key="opus_2871">42. No. 3</opus>, in <key>F</key></title>. <pubPlace key="place_0392">Leipzig</pubPlace>, <publisher key="publ_1746">Hofmeister</publisher>. 7½ Ngr.</bibl>
<bibl id="hofm_1841_08_0117_08"><composer key="compo_002077">Beethoven (L. v.)</composer> <title>Sonate p. Pfte. Oe. <opus key="opus_4241">79</opus>, in <key>G</key>. <edition>Nouv. Edit. très-correcte</edition>. Metronomisée p. J. Moscheles</title>. <pubPlace key="place_0276">Hamburg</pubPlace>, <publisher key="publ_0640">Cranz</publisher>. 12 Gr.</bibl>
<bibl id="hofm_1841_08_0117_09"><composer key="compo_004745">Burkhardt (S.)</composer> <title>Tirolese d’après les Soirées musicales de S. Mercadante, arr. en Rondo p. Pfte. Op. <opus key="opus_2923">43. No. 4</opus></title>. <pubPlace key="place_0392">Leipzig</pubPlace>, <publisher key="publ_3599">Schubert</publisher>. 7½ Ngr.</bibl>
<bibl id="hofm_1841_08_0117_10"><composer key="compo_005196">Calvi (G.P.)</composer> <title>Trattenimento vocale-istromentale eseguito a beneficio dei dannegiati dalle Innondazioni. <format>Riduzione p. Pfte</format>. Parte 1–3</title>. <pubPlace key="place_0437">Milano</pubPlace>, <publisher key="publ_3241">Ricordi</publisher>. 12 Fr. 50 Ct.</bibl>
<bibl id="hofm_1841_08_0117_11"><composer key="compo_005672">Chwatal (F.X.)</composer> <title>Musikalische Jugend-Erheiterungen. Eine Sammlung der beliebtesten Opernstücke, Volkslieder etc. in Form von Potpourris f. angehende Klavierspieler</title>. <pubPlace key="place_0436">Magdeburg</pubPlace>, <publisher key="publ_0156">Bänsch</publisher>. 7½ Sgr.</bibl>
<bibl id="hofm_1841_08_0117_12"><composer key="compo_005867">Colinelli (St.)</composer> <title>Capriccio p. Pfte. Op. <opus key="opus_2737">4</opus></title>. <pubPlace key="place_0437">Milano</pubPlace>, <publisher key="publ_3241">Ricordi</publisher>. 2 Fr. 50 Ct.</bibl>
<wip id="hofm_1841_08_0117_13">– <title>12 Melodie caratteristiche p. Pfte. Op. <opus key="opus_3181">5</opus></title>. <title>Liv. 1. 2</title>. Ebend. à 4 Fr. 50 Ct.</wip>
<bibl id="hofm_1841_08_0117_14"><composer key="compo_006306">Czerny (Ch.)</composer> <title>Grande Fantaisie sur les Motifs de l’Opera : Oberto Conte di S. Bonifacio de J. Verdi p. Pfte. Oe. <opus key="opus_3719">620</opus></title>. Ebend. 5 Fr.</bibl>
<bibl id="hofm_1841_08_0117_15">– <title>Deux grandes Fantaisies sur des Motifs de l’Opéra : Cristina di Svezia de Nini p. Pfte. Oe. <opus key="opus_3721">621. No. 1. 2</opus></title>. Ebend. à 4 Fr. 50 Ct.</bibl>
<bibl id="hofm_1841_08_0117_16">– <title>Die Vorschule zur Fingerfertigkeit auf d. Pfte, in 24 kurzen und zweckmässig fortschreitenden Uebungsstücken f. vorgerückte Schüler. Op. <opus key="opus_3759">636. No. 1–3</opus></title>. <pubPlace key="place_0078">Braunschweig</pubPlace>, <publisher key="publ_3822">Spehr</publisher> à 16 Gr.</bibl>
<wip id="hofm_1841_08_0117_17"><composer key="compo_006921">Diabelli (Ant.)</composer> <title>Euterpe, eine Reihe moderner und vorzüglich beliebter Tonstücke f. Pfte</title>. <pubPlace key="place_0731">Wien</pubPlace>, <publisher key="publ_0735">Diabelli u. Co</publisher>. <listBibl rend="curly"><bibl><seg><title>No. 391, Erstes</title></seg><seg id="hofm_1841_08_0117_17_first_1" rend="curly-left"><title>Potpourri nach Motiven der Oper: Il Bravo, von S. Mercadante</title>.</seg><seg id="hofm_1841_08_0117_17_second_1" rend="curly-left">à 50 Xr. </seg></bibl><bibl><seg><title>392, Zweites</title></seg><seg sameAs="hofm_1841_08_0117_17_first_1"/><seg sameAs="hofm_1841_08_0117_17_second_1"/></bibl><bibl><seg><title>393, Drittes</title></seg><seg sameAs="hofm_1841_08_0117_17_first_1"/><seg sameAs="hofm_1841_08_0117_17_second_1"/></bibl><bibl><seg><title>394, Viertes</title></seg><seg sameAs="hofm_1841_08_0117_17_first_1"/><seg sameAs="hofm_1841_08_0117_17_second_1"/></bibl></listBibl></wip>
<bibl id="hofm_1841_08_0117_18"><composer key="compo_007196">Donizetti</composer>, <title>La Fille du Régiment. Opéra en 2 Actes arr. p. Pfte</title>. <pubPlace key="place_0438">Mainz</pubPlace>, <publisher key="publ_3563">Schott</publisher> geh. 6 Fl.</bibl>
<pb n="118"/>
<bibl id="hofm_1841_08_0118_01"><composer key="compo_009143">Fesca (Alex.)</composer> <title>Scène de Bal. Morceau de Salon p. Pfte. Op. <opus key="opus_0684">14</opus>, in <key>E</key></title>. <pubPlace key="place_0078">Braunschweig</pubPlace>, <publisher key="publ_2681">Meyer</publisher>. 20 Gr.</bibl>
<bibl id="hofm_1841_08_0118_02">– <title>La Mélancolie. Pièce caractéristique p. Pfte. Op. <opus key="opus_0806">15</opus>, in <key>G</key></title>. Ebend. 12 Gr.</bibl>
<bibl id="hofm_1841_08_0118_03"><composer key="compo_009996">Friedburg (S.)</composer> <title>Caprice p. Pfte Op. <opus key="opus_0001">1</opus>, in <key>Dm</key></title>. <pubPlace key="place_0276">Hamburg</pubPlace>, <publisher key="publ_2870">Niemeyer</publisher>. 10 Gr.</bibl>
<bibl id="hofm_1841_08_0118_04"><composer key="compo_010830">Geiger (Jos.)</composer> <title>Fantaisie de Carneval p. Pfte. Oe. <opus key="opus_2737">4</opus></title>. <pubPlace key="place_0731">Wien</pubPlace>, <publisher key="publ_0735">Diabelli et Co</publisher>. 30 Xr.</bibl>
<bibl id="hofm_1841_08_0118_05"><composer key="compo_014051">Heller (St.)</composer> <title>4 Rondos sur des Thèmes de l’Opéra : La Favorite de Donizetti, p. Pfte</title>. (Délices de l’Opéra No. 90. Liv. 1. 2). <pubPlace key="place_0044">Berlin</pubPlace>, <publisher key="publ_3471">Schlesinger</publisher> à 15 Sgr.</bibl>
<bibl id="hofm_1841_08_0118_06"><composer key="compo_014252">Henselt (Ad.)</composer> <title>La Gondola. Etude p. Pfte. Oe. <opus key="opus_0545">13. No. 2</opus>, in <key>Ges</key></title>. Ebend. 15 Sgr.</bibl>
<bibl id="hofm_1841_08_0118_07"><composer key="compo_016278">Japha (Louise)</composer> <title>5 Lieder ohne Worte f. Pfte. Op. <opus key="opus_1372">2</opus></title>. <pubPlace key="place_0276">Hamburg</pubPlace>, <publisher key="publ_2870">Niemeyer</publisher>. 10 Gr.</bibl>
<bibl id="hofm_1841_08_0118_08"><composer key="compo_019473">Körnlein (J.)</composer> <title>Quatre Pièces p. Pfte</title>. <pubPlace key="place_0339">Carlsruhe</pubPlace>, <publisher key="publ_1761">Holtzmann</publisher>. 16 Gr.</bibl>
<bibl id="hofm_1841_08_0118_09"><composer key="compo_018828">Krocker (J.W.)</composer> <title>Tribut d’Amitié. Pièce caractéristique p. Pfte. Oe. <opus key="opus_1372">2</opus>, in <key>E</key></title>. <pubPlace key="place_0044">Berlin</pubPlace>, <publisher key="publ_0952">Esslinger et Co</publisher>. 7½ Sgr.</bibl>
<bibl id="hofm_1841_08_0118_10">– <title>Amusement capricieux. Impromptu p. Pfte. Oe. <opus key="opus_2116">3</opus>, in <key>Fism</key></title>. Ebend. 12½ Sgr.</bibl>
<bibl id="hofm_1841_08_0118_11"><composer key="compo_019718">Ladurner (J.A.)</composer> <title>Fantasie in Form einer Sonate über ein kurzes Thema aus der Ouverture zur Oper: Don Juan von W.A. Mozart, melodisch durchgeführt f. Pfte (in <key>Gm</key>.)</title> <pubPlace key="place_0475">München</pubPlace>, <publisher key="publ_0996">Falter</publisher>. 1 Fl. 21 Xr.</bibl>
<bibl id="hofm_1841_08_0118_12">– <title>Fuge in Form eines melodischen Präludium f. Pfte (in <key>Gm</key>.)</title> Ebend. 36 Xr.</bibl>
<bibl id="hofm_1841_08_0118_13"><composer key="compo_021137">Liszt (F.)</composer> <title>Lucia de Lammermoor. Marche et Cavatine p. Pfte</title>. <pubPlace key="place_0438">Mainz</pubPlace>, <publisher key="publ_3563">Schott</publisher>. 1 Fl. 21 Xr.</bibl>
<wip id="hofm_1841_08_0118_14"><composer key="compo_021661">Lövenskiold (H. v.)</composer> <title>Characterstücke f. Pfte. Op. <opus key="opus_0392">12</opus></title>. <title>Cah. 1, An die Entfernte. Venetianisches Gondellied. Der Wunsch</title>. 10 Ngr. <title>Cah. 2, Die Elfenschwanne. Aufregung</title>. 15 Ngr. <pubPlace key="place_0392">Leipzig</pubPlace>, <publisher key="publ_3023">Peters</publisher>.</wip>
<bibl id="hofm_1841_08_0118_15"><composer key="compo_025623">Paganini (Nic.)</composer> <title>Dernière Pensée musicale transcrite p. Pfte par H. Herz <edition>2de Edition très facile</edition> (in <key>G</key>.)</title> <pubPlace key="place_0438">Mainz</pubPlace>, <publisher key="publ_3563">Schott</publisher>. 18 Xr.</bibl>
<bibl id="hofm_1841_08_0118_16"><composer key="compo_025692">Panofka (Henry)</composer> <title>Etudes d’Expression. 3 Morceaux caractéristiques p. Pfte. Oe. <opus key="opus_2347">33</opus></title>. <pubPlace key="place_0392">Leipzig</pubPlace>, <publisher key="publ_1746">Hofmeister</publisher>. 12½ Ngr.</bibl>
<bibl id="hofm_1841_08_0118_17"><composer key="compo_027032">Preyer (Gottfr.)</composer> <title>Des Nachbars Nachtigall. Lied f. Pfte übertragen v. C.Czerny</title>. <pubPlace key="place_0731">Wien</pubPlace>, <publisher key="publ_0735">Diabelli u. Co</publisher>. 30 Xr.</bibl>
<bibl id="hofm_1841_08_0118_18"><composer key="compo_027077">Proch (H.)</composer> <title>Wanderlied (An Sie) f. Pfte übertragen v. C. Czerny</title>. Ebend. 45 Xr.</bibl>
<bibl id="hofm_1841_08_0118_19"><composer key="compo_027154">Prume (F.)</composer> <title>La Mélancolie, arr. p. Pfte p. B. Courländer (av. Port.)</title> <pubPlace key="place_0360">Kopenhagen</pubPlace>, <publisher key="publ_2487">Lose et Olsen</publisher>. 1 Thlr.</bibl>
<bibl id="hofm_1841_08_0118_20"><composer key="compo_027628">Ravina (Henri)</composer> <title>Quatre Etudes de Concert p. Pfte. Oe. <opus key="opus_0001">1</opus></title>. <pubPlace key="place_0392">Leipzig</pubPlace>, <publisher key="publ_1746">Hofmeister</publisher>. 1 Thlr.</bibl>
<bibl id="hofm_1841_08_0118_21"><composer key="compo_030657">Schmitt (Jacq.)</composer> <title>Grand Concert p. Pfte. Oe. <opus key="opus_2146">300</opus>, in <key>Cm</key></title>. (Déd. à F. Liszt). <pubPlace key="place_0276">Hamburg</pubPlace>, <publisher key="publ_2870">Niemeyer</publisher>. 1 Thlr. 16 Gr.</bibl>
<wip id="hofm_1841_08_0118_22"><composer key="compo_031138">Schubert (P.)</composer> <title>Mosaïque. 2 Suites (Potpourris) des Morceaux fav. de l’Opéra : Le Guitarrero de F. Halevy arr. p. Pfte</title>. <title>Suite 1. 2</title>. <pubPlace key="place_0044">Berlin</pubPlace>. <publisher key="publ_3471">Schlesinger</publisher> à 22½ Sgr.</wip>
<bibl id="hofm_1841_08_0118_23"><composer key="compo_034169">Taubert.(Guill.)</composer> <title>Andante, tiré du premier Concerto. Oe. <opus key="opus_1165">18</opus>, in <key>Am</key></title>. Ebend 22½ Ngr.</bibl>
<bibl id="hofm_1841_08_0118_24">– <title>Quatre Bagatelles (Divertissement. Galop. Scherzo. Valse) p. Pfte</title>. <pubPlace key="place_0044">Berlin</pubPlace>, <publisher key="publ_0393">Bote et B</publisher>. 10 Sgr.</bibl>
<bibl id="hofm_1841_08_0118_25"><composer key="compo_035366">Veit (W.H.)</composer> <title>3 Nocturnes p. Pfte. Oe. <opus key="opus_1165">18</opus></title>. <pubPlace key="place_0147">Dresden</pubPlace>, <publisher key="publ_2993">Paul</publisher>. 15 Ngr.</bibl>
<pb n="119"/>
<bibl id="hofm_1841_08_0119_01"><composer key="compo_035403">Verdi (G.)</composer> <title>Oberto Conte di S. Bonifaclo. Dramma in due Atti. <edition>Edizione p. Pfte</edition></title>. <pubPlace key="place_0437">Milano</pubPlace>, <publisher key="publ_3241">Ricordi</publisher> geb. 16 Fr.</bibl>
<bibl id="hofm_1841_08_0119_02"><composer key="compo_037492">Wolff (Ed.)</composer> <title>Grand Allegro de Concert p. Pfte. Oe. <opus key="opus_2670">39</opus>, in <key>Fism</key></title>. (Déd. à Mr. Chopin.) <pubPlace key="place_0438">Mainz</pubPlace>, <publisher key="publ_3563">Schott</publisher>. 2 Fl. 42 Xr.</bibl>
<wip id="hofm_1841_08_0119_03">– <title>Melodies de François Schubert. 6 Fantaisies p. Pfte</title>. <title>No. 1, Ave Maria</title>, 54 Xr. <title>No. 2, Dans le Bosquet</title>. <title>No. 3, Les Regrets</title>. <title>No. 4, Le Voyageur</title> à 36 Xr. <title>No. 5, Plaintes de la jeune Fille</title>, 54 Xr. <title>No. 6, Tu es le Repos</title>, 36 Xr. <pubPlace key="place_0438">Mainz</pubPlace>, <publisher key="publ_3563">Schott</publisher>.</wip>
</div><div id="hofm_1841_08_0119_div10"><head><hofClass key="hofCl_0292">Variationen für das Pianoforte.</hofClass></head>
<bibl id="hofm_1841_08_0119_04"><composer key="compo_000060">Abt (F.)</composer> <title>Romance de l’Opéra : Guido et Ginevra de F. Halevy variée p. Pfte. Oe. <opus key="opus_1999">28</opus>, in <key>D</key></title>. <pubPlace key="place_0392">Leipzig</pubPlace>, <publisher key="publ_3599">Schubert</publisher>. 15 Ngr.</bibl>
<bibl id="hofm_1841_08_0119_05"><composer key="compo_016826">Kalkbrenner (F.)</composer> <title>Introduction, Scène et Variations sur un Motif favori de l’Opéra : Le Guitarrero de Halevy p. Pfte. Oe. <opus key="opus_0840">151</opus>, in <key>Em</key></title>. <pubPlace key="place_0044">Berlin</pubPlace>, <publisher key="publ_3471">Schlesinger</publisher>. 25 Sgr.</bibl>
<bibl id="hofm_1841_08_0119_06"><composer key="compo_017214">Kelz (J.F.)</composer> <title>Variationen über das Becker’sche Volkslied von F. Gröbenschütz f. Pfte. Op. <opus key="opus_1870">258</opus>, in <key>F</key></title>. <pubPlace key="place_0044">Berlin</pubPlace>, <publisher key="publ_2455">Lischke</publisher>. 15 Sgr.</bibl>
</div><div id="hofm_1841_08_0119_div11"><head><hofClass key="hofCl_0273">Ouverturen für das Pianoforte.</hofClass></head>
<bibl id="hofm_1841_08_0119_07"><composer key="compo_001079">Auber (D.F.E.)</composer> <title>Ouverture de l’Opéra : Les Diamans de la Couronne. <format>Reduite p. Pfte</format> p. Th. Labarre</title>. <pubPlace key="place_0438">Mainz</pubPlace>, <publisher key="publ_3563">Schott</publisher>. 48 Xr.</bibl>
<bibl id="hofm_1841_08_0119_08">– Idem av. Acc. de Violon ad lib. Ebend. 1 Fl. 12 Xr.</bibl>
<bibl id="hofm_1841_08_0119_09"><composer key="compo_022297">Marschner (H.)</composer> <title>Klänge aus Osten. Ouverture f. Pfte. Op. <opus key="opus_0216">109</opus></title>. <pubPlace key="place_0392">Leipzig</pubPlace>, <publisher key="publ_1746">Hofmeister</publisher>. 15 Ngr.</bibl>
</div><div id="hofm_1841_08_0119_div12"><head><hofClass key="hofCl_0288">Tänze für das Pianoforte.</hofClass></head>
<bibl id="hofm_1841_08_0119_10"><composer key="compo_005246">Canthal (A.M.)</composer> <title>Galopp nach Motiven aus der Oper: Die Märtyrer von G. Donizetti f. Pfte</title>. <pubPlace key="place_0276">Hamburg</pubPlace>, <publisher key="publ_2870">Niemeyer</publisher>. 4 Gr.</bibl>
<bibl id="hofm_1841_08_0119_11"><composer key="compo_010955">Georg (Kronprinz v. Hannover)</composer> <title>Genesungs-Walzer f. Pfte. <edition>Neue Aufl</edition></title>. <pubPlace key="place_0044">Berlin</pubPlace>, <publisher key="publ_3471">Schlesinger</publisher>. 10 Sgr.</bibl>
<bibl id="hofm_1841_08_0119_12"><composer key="compo_015446">Horzalka (Fr.)</composer> <title>Quadrille f. Pfte</title>. <pubPlace key="place_0731">Wien</pubPlace>, <publisher key="publ_0735">Diabelli u. Co</publisher>. 30 Xr.</bibl>
<bibl id="hofm_1841_08_0119_13"><composer key="compo_016373">Jentzen (A.)</composer> <title>Halten wir uns nicht länger auf. Glocken-Galoppe f. Pfte. Op. <opus key="opus_2116">3</opus></title>. <pubPlace key="place_0276">Hamburg</pubPlace>, <publisher key="publ_2870">Niemeyer</publisher>. 6 Gr.</bibl>
<bibl id="hofm_1841_08_0119_14"><composer key="compo_018863">Krommer (F.)</composer> <title>Ballabile dei Ciclopi nel Ballo: La Niobe p. Pfte</title>. <pubPlace key="place_0437">Milano</pubPlace>, <publisher key="publ_3241">Ricordi</publisher>. 1 Fr. 25 Ct.</bibl>
<bibl id="hofm_1841_08_0119_15"><composer key="compo_023954">Musard</composer>, <title>Napoleon. Quadrille militaire p. Pfte</title>. <pubPlace key="place_0438">Mainz</pubPlace>, <publisher key="publ_3563">Schott</publisher>. 36 Xr.</bibl>
<bibl id="hofm_1841_08_0119_16">– <title>Quadrille sur l’Opéra : La Vestale de Mercadante p. Pfte</title>. Ebend. 36 Xr.</bibl>
<bibl id="hofm_1841_08_0119_17"><composer key="compo_025681">Panizza (G.)</composer> <title>Passo a due nel Ballo: La Silfide <format>rid. p. Pfte</format></title>. <pubPlace key="place_0437">Milano</pubPlace>, <publisher key="publ_3241">Ricordi</publisher>. 4 Fr. 50 Ct.</bibl>
<bibl id="hofm_1841_08_0119_18"><composer key="compo_026573">Pixis (J.P.)</composer> <title>Galop p. Pfte (in <key>Es</key>.)</title> Ebend. 1 Fr. 25 Ct.</bibl>
<bibl id="hofm_1841_08_0119_19"><composer key="compo_027860">Reimers (F.)</composer> <title>Neue Zeichen-Methode-Galoppe f. Pfte</title>. <pubPlace key="place_0276">Hamburg</pubPlace>, <publisher key="publ_2870">Niemeyer</publisher>. 4 Gr.</bibl>
<bibl id="hofm_1841_08_0119_20"><title>Romanesca (La) Fameux Air de Danse de la fin du 16 Siècle, arr. p. Pfte. p. L. Farrenc</title>. <pubPlace key="place_0044">Berlin</pubPlace>, <publisher key="publ_3471">Schlesinger</publisher>. 5 Sgr.</bibl>
<bibl id="hofm_1841_08_0119_21"><composer key="compo_029888">Schacht (M.)</composer> <title>Lieblings-Tänze f. Pfte. No. 9, Freia-Walzer</title>. <pubPlace key="place_0280">Hannover</pubPlace>, <publisher key="publ_2808">Nagel</publisher>. 8 Gr.</bibl>
<pb n="120"/>
<bibl id="hofm_1841_08_0120_01"><composer key="compo_030571">Schmidt (Herrm.)</composer> <title>Robert und Bertrand. Pantomimisches Ballet f. Pfte</title>. (Neueste Berliner Ballet-Musik. Heft 4). <pubPlace key="place_0044">Berlin</pubPlace>, <publisher key="publ_0393">Bote u. Bock</publisher>. 15 Sgr.</bibl>
<bibl id="hofm_1841_08_0120_02"><composer key="compo_031075">Schröder (F.)</composer> <title>Die drei Freunde im Lehsenschen Garten. Tänze f. Pfte. (Das Band der Freundschaft. Walzer. – Die Heiterkeit. Galoppade. – Vergissmeinnicht. Walzer)</title>. <pubPlace key="place_0276">Hamburg</pubPlace>, <publisher key="publ_0640">Cranz</publisher>. 20 Gr.</bibl>
<bibl id="hofm_1841_08_0120_03"><composer key="compo_031266">Schulz (J.)</composer> <title>Hochzeitsjubel-Walzer f. Pfte</title>. <pubPlace key="place_0044">Berlin</pubPlace>, <publisher key="publ_0952">Esslinger u. Co</publisher>. 10 Sgr.</bibl>
<bibl id="hofm_1841_08_0120_04"><composer key="compo_031994">Seligmann (Jul.)</composer> <title>Jäger-Galoppe der Hamburger Bürgergarde f. Pfte. Op. <opus key="opus_2737">4</opus></title>. <pubPlace key="place_0276">Hamburg</pubPlace>, <publisher key="publ_2870">Niemeyer</publisher>. 4 Gr.</bibl>
<bibl id="hofm_1841_08_0120_05"><composer key="compo_033569">Strauss (Joh.)</composer> <title>Deutsche Lust, oder Donaulieder ohne Text. Walzer f. Pfte. Op. <opus key="opus_0495">127</opus></title>. <pubPlace key="place_0731">Wien</pubPlace>, <publisher key="publ_1506">Haslinger</publisher>. 45 Xr.</bibl>
<bibl id="hofm_1841_08_0120_06">– Idem im leichten Style. (Die junge Tänzerin. 26tes Heft.) Ebend. 30 Xr.</bibl>
<bibl id="hofm_1841_08_0120_07"><composer key="compo_035182">Unverricht (Aug.)</composer> <title>Stecken-Pferd-Galopp nach F. Kücken’s beliebten Quartett: Das Steckenpferd, f. Pfte. No. 57</title>. <pubPlace key="place_0082">Breslau</pubPlace>,<publisher key="publ_0640">Cranz</publisher>. 2½ Sgr.</bibl>
<bibl id="hofm_1841_08_0120_08">– <title>Herzeleid-Galopp nach Weber’s beliebtem Liede: Wie ich bin verwichen, <unclear>f</unclear>. Pfte. No. 58</title>. Ebend. 2½ Sgr.</bibl>
<bibl id="hofm_1841_08_0120_09"><composer key="compo_036037">Wallerstein (Ant.)</composer> <title>Tscherkessen-Galopp f. Pfte</title>. (Lätitia No. 22.) <pubPlace key="place_0280">Hannover</pubPlace>, <publisher key="publ_2808">Nagel</publisher>. 4 Gr.</bibl>
<wip id="hofm_1841_08_0120_10"><composer key="compo_036746">Wernthal (A.)</composer> <title>Braunschweiger Lieblingstänze f. Pfte</title>. <title>No. 3, Ballerinnerungen. Schottischer Walzer. Op. <opus key="opus_1271">19</opus></title>, 4 Gr. <title>No. 4, Der stille Abend. Walzer. Op. <opus key="opus_1390">20</opus></title>, 6 Gr. <title>No. 5, Glückwünsche. Galopp. Op. <opus key="opus_1482">21</opus></title>, 4 Gr. <title>No. 6, Galopp aus der Oper: Czaar und Zimmermann. Op. <opus key="opus_1584">22</opus></title>, 4 Gr. <title>No. 7, Galopp aus der Oper: Belisar. Op. <opus key="opus_1661">23</opus></title>, 4 Gr. <pubPlace key="place_0742">Wolfenbüttel</pubPlace>, <publisher key="publ_1756">Holle</publisher>.</wip>
</div><div id="hofm_1841_08_0120_div13"><head><hofClass key="hofCl_0250">Märsche für das Pianoforte.</hofClass></head>
<bibl id="hofm_1841_08_0120_11"><composer key="compo_003805">Bosch (Fr.)</composer> <title>4 Märsche aus den leiten Friedrichs des Grossen f. Pfte. (Marsch von Friedrich dem Grossen. Hohenfriedberger Marsch. Dessauer Marsch. Marsch der Pappenheimer)</title> m. Vign. <pubPlace key="place_0044">Berlin</pubPlace>, <publisher key="publ_0952">Esslinger u. Co</publisher>. 7½ Sgr.</bibl>
<bibl id="hofm_1841_08_0120_12"><composer key="compo_027334">Quilling (J.C.)</composer> <title>La Retraite. Marsch der bairischen Jäger f. Pfte</title>. <pubPlace key="place_0519">Offenbach</pubPlace>, <publisher key="publ_0065">André</publisher>. 8 Xr.</bibl>
<bibl id="hofm_1841_08_0120_13"><composer key="compo_037798">Yng (Tsing)</composer> <title>March of the China Emperor’s Mandarin-Guards at Tschusan f. Pfte</title>. <pubPlace key="place_0104">Calcutta</pubPlace>, <publisher key="publ_0915">Emsley u. Co</publisher>. (<pubPlace key="place_0147">Dresden</pubPlace>, <publisher key="publ_2661">Meser</publisher>). 5 Ngr. n.</bibl>
</div><div id="hofm_1841_08_0120_div14"><head><hofClass key="hofCl_0072">Lehrbücher für das Pianoforte.</hofClass></head>
<bibl id="hofm_1841_08_0120_14"><composer key="compo_012184">Gross (G.A.)</composer> <title>Kurze und leichtfassliche Anleitung zum Pftespielen f. d. ersten Anfänger. Ein Leitfaden bei dem Unterrichte und den Selbstübungen</title>. 8. <pubPlace key="place_0276">Hamburg</pubPlace>, <publisher key="publ_2870">Niemeyer</publisher> geh. 12 Gr.</bibl>
</div><div id="hofm_1841_08_0120_div15"><head><hofClass key="hofCl_0225">Musik für die Orgel.</hofClass></head>
<wip id="hofm_1841_08_0120_15"><composer key="compo_006565">Davide (Padre da Bergamo)</composer> <title>15 Pezzi di Musica p. Organo (Suonate)</title>. <title>Lib. 1–5</title>. <pubPlace key="place_0437">Milano</pubPlace>, <publisher key="publ_3241">Ricordi</publisher> à 5 Fr.</wip>
<album id="hofm_1841_08_0120_16"><title>Orgel-Kranz f. geübte Spieler, herausg. v. J.E. Grosser. Heft 1, (enth. Compositionen v. <composer key="compo_019334">E. Köhler</composer>, <composer key="compo_010862">C. Geissler</composer>, <composer key="compo_033467">H.W. Stolze</composer> u. <composer key="compo_033823">F.A. Succo</composer>)</title>. <pubPlace key="place_0436">Magdeburg</pubPlace>, <publisher key="publ_0156">Bänsch</publisher>. 17½ Sgr. n.</album></div>
<pb n="121"/>
<div id="hofm_1841_08_0121_div16"><head><hofClass key="hofCl_0210">Musik für die Harfe.</hofClass></head>
<bibl id="hofm_1841_08_0121_01"><composer key="compo_037445">Wolf (H.)</composer> <title>3 Thèmes variés p. Harpe (Weber, dernière Pensée et Preciosa. Auber, Fiancée.)</title> <pubPlace key="place_0069">Bonn</pubPlace>, <publisher key="publ_2734">Mompour</publisher>. 15 Sgr.</bibl>
</div><div id="hofm_1841_08_0121_div17"><head><hofClass key="hofCl_0068">Kirchen-Musik.</hofClass></head>
<bibl id="hofm_1841_08_0121_02"><composer key="compo_000217">Aiblinger (J.C.)</composer> <title>Requiem f. Sopran, Alt, Ten. u. Bass, 2 Viol., Alt, Orgel u. 2 Hörner obl., 2 Trompeten, Pauken u. 3 Posaunen ad lib. Op. <opus key="opus_0001">1</opus>, in <key>Es</key></title>. <pubPlace key="place_0475">München</pubPlace>, <publisher key="publ_0996">Falter</publisher>. 5 Fl.</bibl>
<wip id="hofm_1841_08_0121_03">– <title>Zwei lateinische Messen f. Advent und Fasten, f. 4 Singstimmen mit Orgel</title>. <title>No. 1. Op. <opus key="opus_3967">7</opus>, in <key>C</key></title>. 1 Fl. 27 Xr. <title>No. 2. Op. <opus key="opus_4300">8</opus>, in <key>C</key></title>. 1 Fl. 21 Xr. Ebend.</wip>
<bibl id="hofm_1841_08_0121_04">– <title>Sechs Gradualia und sechs Offertoria f. Advent und Fasten f. 4 Singstimmen mit Orgel. Op. <opus key="opus_4562">9</opus></title>. Ebend. 1 Fl. 27 Xr.</bibl>
<bibl id="hofm_1841_08_0121_05">– <title>Zwei Ave Regina f. 4 Singstimmen u. Orgel. Op. <opus key="opus_0234">11</opus></title>. Ebend. 45 Xr.</bibl>
<bibl id="hofm_1841_08_0121_06"><composer key="compo_000217">Aiblinger (J.C.)</composer> <title>Op. <opus key="opus_0021">10</opus>, und Grassi il Benello. Zwei Lytaniae lauret. f. 4 Singst. m.  Orgel. (Letztere wird alle Sonnabende im Vatican in Rom aufgeführt)</title>. Ebend. 1 Fl. 12 Xr.</bibl>
<bibl id="hofm_1841_08_0121_07"><composer key="compo_000595">Anderl (Q.)</composer> <title>Der leidende Christus am Oelberge. Eine Fastenandacht (in 3 Gesängen) f. 2 Soprane, Bass u. Orgel</title>. Ebend. 45 Xr.</bibl>
<bibl id="hofm_1841_08_0121_08"><composer key="compo_002566">Berlin (A.)</composer> <title>Vollständige Herausgabe aller Psalmen in der Ursprache, mit einer treuen, nach dem Metrum des Hebräischen bearbeiteten Uebersetzung, in der deutschen, französischen und niederländischen Sprache, und zum Kirchen- und Synagogal-Gebrauch, sowie auch zum Privatleben für Sopran, Alt, Ten. u. Bass, oder f. 4 Männerstimmen mit Orgel oder Harfe oder Pfte ad lib. Probeheft (Psalm 100) <format>Partitur</format></title>. <pubPlace key="place_0011">Amsterdam</pubPlace>, <publisher key="publ_0741">Diederichs</publisher> (<pubPlace key="place_0392">Leipzig</pubPlace>, <publisher key="publ_4383">Whistling in Comm</publisher>.) geh. 15 Ngr. n.</bibl>
<bibl id="hofm_1841_08_0121_09"><composer key="compo_013411">Hartmann (F.A.)</composer> <title>Drei Messen f. 4 Singstimmen, 2 Violinen, Alt, 2 Flöten, 2 Hörner u. Contrab</title>. <pubPlace key="place_0748">Würzburg</pubPlace>, <publisher key="publ_4219">Voigt u. Mocker</publisher>. 2 Fl. 30 Xr. n.</bibl>
<bibl id="hofm_1841_08_0121_10"><composer key="compo_026351">Philipp (B.E.)</composer> <title>12 Begräbniss-Arien f. Sopr., Alt (od. Tenor) u. Bass. Op. <opus key="opus_0392">12</opus></title>. <pubPlace key="place_0082">Breslau</pubPlace>, <publisher key="publ_2386">Leuckart</publisher>, 20 Sgr.</bibl>
<bibl id="hofm_1841_08_0121_11"><composer key="compo_029012">Rothe (W.)</composer> <title>12 Choräle dreistimmig (2 Sopr. u. Alt) bearbeitet</title>. <pubPlace key="place_0280">Hannover</pubPlace>, <publisher key="publ_2808">Nagel</publisher>. 2 Gr.</bibl>
<bibl id="hofm_1841_08_0121_12"><composer key="compo_029491">Sabbattini</composer>, <title>Zehn Vesperpsalmen (Dixit. Confitebor. Beatus. Laudate pueri. Laudate Dominum. Laetatus. Nisi Dominus. Lauda Jerusalem. Credidi. Magnificat) f. 4 Singstimmen m. Orgel</title>. <pubPlace key="place_0475">München</pubPlace>, <publisher key="publ_0996">Falter</publisher>. 2 Fl. 24 Xr.</bibl>
<bibl id="hofm_1841_08_0121_13"><composer key="compo_029781">Sauerbrey (J.W.C.C.)</composer> <title>Choralbuch f. d. Herzogthümer Bremen und Verden, mit bezifferten Bässen geschrieben. Op. <opus key="opus_1482">21</opus></title>. <pubPlace key="place_0645">Stade</pubPlace>, <publisher key="publ_0134">Autor</publisher>. 2 Thlr. n.</bibl>
<bibl id="hofm_1841_08_0121_14">– <title>Auf Gott vertraut! Cantate von A.C. Bothe, f. 4stimmigen Männer-Chor. Op. <opus key="opus_1661">23</opus>. <format>Partitur</format></title>. 8. Ebend. 8 Gr. n.</bibl>
<bibl id="hofm_1841_08_0121_15"><composer key="compo_029860">Scarlatti (Alex.)</composer> <title>Missa quatuor vocum (in <key>Em</key>.) quam juxta Exemplar Autographum in Biblotheca Vaticana accuratissime (in <format>Partionem</format> disposuit) ineditamque in lucem profert Car. Proske</title>. <pubPlace key="place_0569">Regensburg</pubPlace>, <publisher key="publ_2562">Manz</publisher>. 1 Thlr. n.</bibl></div>
<pb n="122"/>
<div id="hofm_1841_08_0122_div18"><head><hofClass key="hofCl_0021">Gesangstücke für Concertmusik mit Begleitung mehrerer Instrumente.</hofClass></head>
<bibl id="hofm_1841_08_0122_01"><composer key="compo_027982">Reissiger (C.G.)</composer> <title>Warum so ferne. Gedicht von O.L.B. Wolff f. Sopran m. Begl. d. Pfte u. obl. Violoncell. (Warum bist du so ferne)</title>. <pubPlace key="place_0078">Braunschweig</pubPlace>, <publisher key="publ_3822">Spehr</publisher>. 6 Gr.</bibl>
<bibl id="hofm_1841_08_0122_02"><composer key="compo_031122">Schubert (Fr.)</composer> <title>Des Tages Weihe. Hymne zum Namens- oder Geburtsfeier f. Sopr., Alt, Ten. u. Bass (Violin n. Vclle ad lib.) m. Begl. d. Pfte. Op. <opus key="opus_0768">146</opus>. <format>Partitur und Stimmen</format> (Schicksalslenker blicke nieder)</title>. Kindliches Dankopfer No. 6. <pubPlace key="place_0731">Wien</pubPlace>, <publisher key="publ_0735">Diabelli u. Co</publisher>. 1 Fl. 15 Xr.</bibl>
</div><div id="hofm_1841_08_0122_div19"><head><hofClass key="hofCl_0102">Mehrstimmige Gesänge mit und ohne Pianoforte.</hofClass></head>
<bibl id="hofm_1841_08_0122_03"><composer key="compo_007933">Egger (Conte Ferd.)</composer> <title>Due Duettino av. Acc. di Pfte. Op. <opus key="opus_2737">4</opus></title>. <pubPlace key="place_0437">Milano</pubPlace>, <publisher key="publ_3241">Ricordi</publisher>. 3 Fr.</bibl>
<wip id="hofm_1841_08_0122_04"><composer key="compo_008291">Emig (J.A.)</composer> <title>80 zwei-, drei- und vierstimmige Jugendlieder f. Schulen und vom Leichten zum Schwerern geordnet</title>. 8. <title>1stes Heft</title>, 1 Ngr. 3 Pf. n. <title>2tes Heft</title>, 2 Ngr. 6 Pf. n. <pubPlace key="place_0753">Zeitz</pubPlace>, <publisher key="publ_3454">Schieferdecker</publisher>.</wip>
<bibl id="hofm_1841_08_0122_05"><composer key="compo_008310">Enckhausen (H.)</composer> <title>Der König und sein Narr. Dichtung v. Schnabel f. 4 Männerstimmen m. Begl. d. Pfte. Op. <opus key="opus_3351">54</opus>, (Ein König sass auf seinem Thron)</title>. 8. <pubPlace key="place_0280">Hannover</pubPlace>, <publisher key="publ_2808">Nagel</publisher>. 12 Gr.</bibl>
<bibl id="hofm_1841_08_0122_06"><composer key="compo_008497">Erk (L.)</composer> und <composer key="compo_011935">W. Greef</composer>, <title>Liederkranz. Auswahl heiterer und ernster Gesänge f. Schule, Haus und Leben, 1stes Heft. (105 ein- und zweistimmige Lieder). <edition>2te Aufl</edition></title>. 8. <pubPlace key="place_0184">Essen</pubPlace>, <publisher key="publ_0534">Bädeker</publisher> geh. 5 Sgr. n.</bibl>
<bibl id="hofm_1841_08_0122_07"><composer key="compo_012362">Gröbenschütz (F.)</composer> <title>Gesang der Deutschen nach der Leipziger Schlacht, f. 4stimmigen Männerchor. <format>Partitur u. Stimmen</format>. Op. <opus key="opus_4300">8</opus></title>. 8vo. <pubPlace key="place_0044">Berlin</pubPlace>. <publisher key="publ_2455">Lischke</publisher>. 10 Sgr.</bibl>
<bibl id="hofm_1841_08_0122_08">– <title>Der Preussen Ja. Volkslied von E. Mayer, f. 4stimmigen Männerchor. <format>Part. u. Stimmen</format>. Op. <opus key="opus_4562">9</opus></title>. 8vo. Ebend. 10 Sgr.</bibl>
<bibl id="hofm_1841_08_0122_09"><composer key="compo_012184">Gross (G.A.)</composer> <title>Sie sollen ihn nicht haben. Deutsches Volkslied von N. Becker f. 4 Männerstimmen. <format>Partitur u. Stimmen</format></title>. <pubPlace key="place_0276">Hamburg</pubPlace>, <publisher key="publ_2870">Niemeyer</publisher>. 8 Gr.</bibl>
<bibl id="hofm_1841_08_0122_10"><composer key="compo_016102">Jacob (F.A.L.)</composer> <title>Der Volkssänger. Eine Sammlung deutscher ächter Volksweisen mit alten und neuen Texten f. Volksschulen. Op. <opus key="opus_4562">9</opus>. 1stes Heft (101 ein- u. zweistimmige Lieder)</title>. 8. <pubPlace key="place_0184">Essen</pubPlace>, <publisher key="publ_0534">Bädeker</publisher> geh. 5 Sgr. n.</bibl>
<wip id="hofm_1841_08_0122_11"><composer key="compo_024054">Möhring (F.)</composer> <title>6 Lieder f. Sopran, Alt, Ten. u. Bass. <format>Partitur und Stimmen</format>. Op. <opus key="opus_3967">7</opus></title>. <title>Heft 1. 2</title>. 8vo. <pubPlace key="place_0044">Berlin</pubPlace>, <publisher key="publ_0393">Bote u. B</publisher>. à 15 Sgr.</wip>
<bibl id="hofm_1841_08_0122_12"><composer key="compo_027089">Proche (Fr.)</composer> <title>Die letzte Loge. Gedicht v. Grünig f. Bass-Solo, vierstimmigen Männerchor u. Pftebegl. <format>Partitur u. Stimmen</format> (Wenn die letzten der Sterne)</title>. <pubPlace key="place_0082">Breslau</pubPlace>, <publisher key="publ_4320">Weinhold in Comm</publisher>. 1 Thlr. n.</bibl>
<bibl id="hofm_1841_08_0122_13"><composer key="compo_027794">Reichel (A.)</composer> <title>Duett aus dem Cid von Herder f. Sopran u. Tenor m. Pfte. Aus Op. <opus key="opus_1372">2</opus></title>. <pubPlace key="place_0044">Berlin</pubPlace>, <publisher key="publ_0393">Bote u. Bock</publisher>. 10 Sgr.</bibl>
<bibl id="hofm_1841_08_0122_14"><composer key="compo_027982">Reissiger (C.G.)</composer> <title>Ein- und zweistimmige Kinderlieder m. Begl. d. Pfte. Op. <opus key="opus_0946">160</opus>. (Ein scheckiges Pferd – Frühlingszeit, schönste Zeit – Aus dem Himmel ferne – Thu’ nichts Böses – Hopp, Reiterlein – Vöglein im hohen Baum – Die Lämmelein hüpfen)</title>. <pubPlace key="place_0044">Berlin</pubPlace>, <publisher key="publ_3471">Schlesinger</publisher>. 17½ Sgr.</bibl>
<bibl id="hofm_1841_08_0122_15"><composer key="compo_029012">Rothe (W.)</composer> <title>12 leichte dreistimmige Lieder f. 2 Soprane u. Alt. Zunächst zum Gebrauch in Schulen. 2te Samml</title>. <pubPlace key="place_0280">Hannover</pubPlace>, <publisher key="publ_2808">Nagel</publisher>. 6 Gr.</bibl>
<pb n="123"/>
<bibl id="hofm_1841_08_0123_01"><composer key="compo_029611">Salleneuve (E.)</composer> <title>3 Duos français (av. une Traduction allemande) à 2 Voix av. Pfte. Liv. 3. Op. <opus key="opus_2187">31</opus></title>. <pubPlace key="place_0044">Berlin</pubPlace>, <publisher key="publ_0952">Esslinger et Co</publisher>. 15 Sgr.</bibl>
<bibl id="hofm_1841_08_0123_02"><composer key="compo_032516">Sobolewski (E.)</composer> <title>Das Lied vom alten Dinter, von R. Fatschek, f. Chor m. Pfte</title>. <pubPlace key="place_0373">Königsberg</pubPlace> (<publisher key="publ_1364">Gräfe u. Unzer</publisher>). 5 Sgr. n.</bibl>
<bibl id="hofm_1841_08_0123_03"><composer key="compo_032703">Spee (Friedr. v.)</composer> <title>Trutz Nachtigall, oder geistliches poetisch Lustwäldlein. Nach der ersten Ausgabe, Köln 1649. Mit Einleitung und Erklärungen v. V. Huppe u. W. Junkmann. Ein Anhang enthalt die Melodien der ersten Ausgabe, bearbeitet v. G. Fölmer</title>. 12vo. <pubPlace key="place_0477">Münster</pubPlace>, <publisher key="publ_4021">Theisingsche Buchh</publisher>. geh. 22½ Sgr. n.</bibl>
<bibl id="hofm_1841_08_0123_04"><composer key="compo_033792">Stöppler (C.)</composer> <title>Deutsches Volkslied von C. Schiller f. 4 Männerstimmen. <format>Partitur od. f. eine Singst. u. Pfte</format></title>. <pubPlace key="place_0078">Braunschweig</pubPlace>, <publisher key="publ_4321">Weinholtz</publisher>. 4 Gr.</bibl>
<bibl id="hofm_1841_08_0123_05"><composer key="compo_034186">Tauwitz (Ed.)</composer> <title>Ins Herze mein. Der Glückliche. Fahrende Sänger. 3 Lieder f. 4 Männerstimmen. Op. <opus key="opus_0392">12</opus>, 7tes Heft der mehrst. Gesänge. <format>Partitur und Stimmen</format>. (Ins Herze mein geschrieben – Ich hab’ ein Liebchen – Es zogen vier Studenten)</title>. <pubPlace key="place_0082">Breslau</pubPlace>, <publisher key="publ_2386">Leuckart</publisher>. 15 Sgr.</bibl>
<bibl id="hofm_1841_08_0123_06">– <title>6 Lieder f. 4 Männerstimmen. 2tes Heft der 4stimm. Lieder. <format>Part. u. Stimmen</format>. <edition>2te Aufl</edition></title>. Ebend. 20 Sgr.</bibl>
<wip id="hofm_1841_08_0123_07"><title>Volkslieder (deutsche) mit ihren Original-Weisen. Nach handschriftlichen Quellen herausgegeben, als Fortsetzung des A. Kretzschmer’schen Werkes von A.W. v. Zuccalmaglio</title>. <title>15tes und 16tes Heft</title>. 8. <pubPlace key="place_0044">Berlin</pubPlace>, <publisher key="publ_4138">Vereins-Buchhandlung</publisher>. 20 Sgr. n.</wip>
<bibl id="hofm_1841_08_0123_08"><composer key="compo_035894">Wagner (Jac.)</composer> <title>Lieder zur Entflammung für König und Vaterland. Zunächst f. d. höhern Klassen der Elementar- und Bürgerschulen und Gymnasien (f. 2, 3 und 4 Stimmen). <format>Part</format></title>. 8. <pubPlace key="place_0730">Wesel</pubPlace>, <publisher key="publ_0161">Bagel</publisher> geh. 3 Sgr. n.</bibl>
<bibl id="hofm_1841_08_0123_09"><composer key="compo_036131">Wandersleb (Ad.)</composer> <title>6 vierstimmige Gesänge f. Männerstimmen. Op. <opus key="opus_2737">4</opus>. <format>Partitur und Stimmen</format>. (Schweigend in der Abenddämmrung Schleier– An der Quelle sass der Knabe – Dort sinket die Sonne im Westen – Ich steig’ auf die Berge – Ich bin so hold den sanften Tagen – Hell fluthet der Strom)</title>. <pubPlace key="place_0241">Gotha</pubPlace>, <publisher key="publ_2779">Müller</publisher>. 17½ Ngr. n.</bibl>
<bibl id="hofm_1841_08_0123_10"><composer key="compo_036568">Weizsäcker (Friedr.)</composer> <title>Glaubensfestigkeit. Dichtung von Göss f. 4 Männerstimmen</title>. <pubPlace key="place_0509">Nördlingen</pubPlace>, <publisher key="publ_0236">Beck’sche Buchh</publisher>. 12 Xr. n.</bibl>
</div><div id="hofm_1841_08_0123_div20"><head><hofClass key="hofCl_0268">Opernmusik mit Pianofortebegleitung.</hofClass></head>
<bibl id="hofm_1841_08_0123_11"><composer key="compo_000681">Angel (Ed.)</composer> <title>Kaufmann und Mahler. Lebensbild v. Kaiser. Lied: (A Frau möcht’ am Ball gehn). Lied: (Ich kenn’ einen Eh’mann)</title>. Komische Theatergesänge No. 395. 396. <pubPlace key="place_0731">Wien</pubPlace>, <publisher key="publ_0735">Diabelli u. Co</publisher>. à 20 Xr.</bibl>
<bibl id="hofm_1841_08_0123_12"><composer key="compo_003283">Blum (C.)</composer> <title>Bergamo. Opera buffa in 2 Acten. Op. <opus key="opus_0631">135</opus>. <format>Vollständiger Klavier-Auszug</format> vom Componisten</title>. <pubPlace key="place_0044">Berlin</pubPlace>, <publisher key="publ_0393">Bote u. Bock</publisher> geh. 6 Thlr.</bibl>
<wip id="hofm_1841_08_0123_13"><composer key="compo_007199">Donizetti (G.)</composer> <title>Die Favoritin. Oper</title>. <title>No. 7, A. Arie (Contralt) Leonor komm (Leonor viens)</title> 15 Sgr. <title>No. 10, A. Cavatine (Bass) Sei mir voll Dank (Pour tant d’amour)</title>. 10 Sgr. <title>No.10, B. Idem f. Sopran od. Tenor</title>. 15 Sgr. <pubPlace key="place_0044">Berlin</pubPlace>, <publisher key="publ_3471">Schlesinger</publisher>.</wip>
<wip id="hofm_1841_08_0123_14">– <title>Lucrezia Borgia. Pezzi aggiunti e rinnovati dall’ Autore a Parigi</title>. <title>Romanza (Tenore) Anch’io provai</title>. 1 Fr. 25 Ct. <title>Cavatina (Sopr.) Come e bello</title>. 2 Fr. <title>Rec. e Duetto (Sopr. e Basso) Che chiedete?</title> 3 Fr. 50 Ct. <pubPlace key="place_0437">Milano</pubPlace>, <publisher key="publ_3241">Ricordi</publisher>.</wip>
<pb n="124"/>
<bibl id="hofm_1841_08_0124_01"><composer key="compo_007199">Donizetti (G.)</composer> <title>Romanze aus der Oper: Maria de Rudenz f. Sopr. eing.: Ach keine Thränen flössen (Ah! non avea piu lagrime)</title>. <pubPlace key="place_0392">Leipzig</pubPlace>, <publisher key="publ_1746">Hofmeister</publisher>. 7½ Ngr.</bibl>
<wip id="hofm_1841_08_0124_02"><composer key="compo_010494">Gabussi (V.)</composer> <title>Clemenza di Valois. Melodramma in 3 Atti</title>. <title>No. 3. Sc. e Cavatina: Arpa mia</title>. 3 Fr. 50 Ct. <title>No. 4, Rec. e Duetto: Si, nel sen di</title>. 4 Fr. 50 Ct. <title>No. 6, Terzettino: Vi calmate</title>. 1 Fr. 75 Ct. <title>No. 10, Ballata: Di’se sperar</title>. 1 Fr. 75 Ct. <title>No. 13, Sc. e Romanza: Ah! tu sai quant’io</title> 1 Fr. 75 Ct. <title>No. 14, Sc. e Duetto: T’amo d’amore</title>. 3 Fr. 75 Ct. <title>No. 15, Sc. e Terzett: Egli e la</title>. 5 Fr. <title>No. 17, Sc e Duetto: Il tuo delitto</title>. 4 Fr. 25 Ct. <title>No. 19, Sc. ed Aria: L’ora estrema</title>. 4 Fr. 50 Ct. <title>No. 20, Sc. e. Duettino: Ove t’inoltri</title>. 2 Fr. <pubPlace key="place_0437">Milano</pubPlace>, <publisher key="publ_3241">Ricordi</publisher>.</wip>
<bibl id="hofm_1841_08_0124_03"><composer key="compo_010830">Geiger (Jos.)</composer> <title>Arie f. Sopran a. d. tragischen Oper: Wlasta: Liebe! Liebe! süsses Wort (Dolce amore)</title>. <pubPlace key="place_0731">Wien</pubPlace>, <publisher key="publ_0735">Diabelli u. Co</publisher>. 45 Xr.</bibl>
<bibl id="hofm_1841_08_0124_04">– Idem f. Alt. Ebend. 45 Xr.</bibl>
<wip id="hofm_1841_08_0124_05"><composer key="compo_013060">Halevy (F.)</composer> <title>Der Guitarrenspieler (Le Guitarrero). Komische Oper</title>. <title>No. 1, Serenade (Tenor) Ach hörst du nicht (N’entends tu pas)</title>. 10 Sgr, <title>No. 1, (A.) Idem f. Sopr</title>. 7½ Sgr. <title>No. 2, Duo (Ten. u. Bass) Entre nous fidèle (Innig bleiben Mir)</title> 25 Sgr. <title>No. 3, (A.) Romanze (Sopran) Quand frémit le (In des Laubes Geflüster)</title> 10 Sgr. <title>No. 4, Arie (Tenor) D’une songe hereux (Ein sel’ger Traum)</title> 15 Sgr. <title>No. 5, Duo (Tenor u. Sopr.) Et par un mot (Ob ich zu sprechen wage)</title> 10 Sgr. <title>No. 6, Sextuor: Voici l’instant (Bald ertönet die Trauungstunde)</title> 1 Thlr. <title>No. 7, Arie (Sopran) Je n’ose lire (Mein eignes Herz)</title> 15 Sgr. <title>No. 8, (A.) Romanze, transp. in <key>C</key>. (Sopran) Je connois mes devoirs (Ja die Pflicht ruft mir zu)</title> 10 Sgr. <title>No. 9, Duo (Tenor u. Sopran) Oui dès ce moment (Nein, ich will mein Recht)</title> 17 Sgr. <title>No. 9, (A.) Romanze aus do. (Sopran) Alors que ta misère (Als ich dein Loos erkannte)</title> 7½ Sgr. <title>No. 9, (B.) Idem transp. in <key>Es</key>. (f. Sopran oder Alt)</title> 7½ Sgr. <pubPlace key="place_0044">Berlin</pubPlace>, <publisher key="publ_3471">Schlesinger</publisher>.</wip>
<wip id="hofm_1841_08_0124_06"><composer key="compo_020934">Lillo (Gius.)</composer> <title>Cristina di Svezia</title>. <title>Cavatina (Basso) Quella voce</title>. 2 Fr. 75 Ct. <title>Sc. e Duetto (Sopr. e Mezzosopr.) Compi, compi</title>. 5 Fr. <pubPlace key="place_0437">Milano</pubPlace>, <publisher key="publ_3241">Ricordi</publisher>.</wip>
<bibl id="hofm_1841_08_0124_07"><composer key="compo_022297">Marschner (H.)</composer> <title>Klänge aus Osten. Ouverture und Gesänge (zur Aufführung in Concerten.) Op. <opus key="opus_0216">109</opus>. <format>Vollständiger Klavierauszug</format> vom Componisten</title> (Mit Vign.) <pubPlace key="place_0392">Leipzig</pubPlace>, <publisher key="publ_1746">Hofmeister</publisher> geh. 1 Thlr. 15 Ngr.</bibl>
<bibl id="hofm_1841_08_0124_08"><composer key="compo_022710">Mazza (G.)</composer> <title>Cavatina p. Soprano con Coro de l’Opera: Elena e Malvina: Ah quando in regio (Geblendet einst vom Thrones Glanz)</title>. <pubPlace key="place_0542">Pesth</pubPlace>, <publisher key="publ_4248">Wagner</publisher>. 45 Xr.</bibl>
<bibl id="hofm_1841_08_0124_09"><composer key="compo_024153">Müller (Ad.)</composer> <title>Lied a. d. Posse: Der wilde Jäger, oder, das rothe Haus v. C. Haffner. (A Kaufmann da draussen). No. 397</title>. <pubPlace key="place_0731">Wien</pubPlace>, <publisher key="publ_0735">Diabelli u. Co</publisher>. 20 Xr.</bibl>
<wip id="hofm_1841_08_0124_10"><composer key="compo_024808">Nicolai (O.)</composer> <title>Il Proscritto</title>. <title>Romanza: Il solo almen</title>. 1 Fr. 50 Ct. <title>Quartettino: O mia diletta</title>. 2 Fr. 25 Ct. <pubPlace key="place_0437">Milano</pubPlace>, <publisher key="publ_3241">Ricordi</publisher>.</wip>
<bibl id="hofm_1841_08_0124_11"><composer key="compo_025594">Pacini (Gio.)</composer> <title>Furio Camillo. Sc. e Duetto: In si feral momento</title>. Ebend. 5 Fr.</bibl>
<bibl id="hofm_1841_08_0124_12">– <title>Saffo. Scena drammatica: Quando mio caldo</title>. Ebend. 5 Fr.</bibl>
<pb n="125"/>
<wip id="hofm_1841_08_0125_01"><composer key="compo_029824">Savy (L.)</composer> <title>L’Avaro. Melodramma comico</title>. <title>No. 3, Rec. e Terzetto: Signor Pigna</title>. 7 Fr. <title>No. 5, Cavatino: E pur dolce</title>. 2 Fr. 75 Ct. <title>No. 7, Rec. e Terzetto: Qua con me</title>. 4 Fr. 25 Ct. <title>No. 8, Rec. e Duetto: Jo non rido</title>. 3 Fr. 50 Ct. <title>No. 13, Rec. e Terzetto: Egli un di sara</title>. 3 Fr. <title>No. 15, Rec. e Duetto: Chi sei tu?</title> 4 Fr. <title>No. 20, Cabaletta finale: Che tu per me</title>. 2 Fr. 50 Ct. <pubPlace key="place_0437">Milano</pubPlace>, <publisher key="publ_3241">Ricordi</publisher>.</wip>
<bibl id="hofm_1841_08_0125_02"><composer key="compo_030753">Schneider (Fr.)</composer> <title>Lied aus dem Oratorium: Absalon (Auf sonnigen Fluren) arr. v. C. Anschütz</title>. <pubPlace key="place_0354">Coblenz</pubPlace>, <publisher key="publ_1319">Greis</publisher>. 5 Sgr.</bibl>
</div><div id="hofm_1841_08_0125_div21"><head><hofClass key="hofCl_0040">Gesänge für eine Stimme mit Begleitung des Pianoforte.</hofClass></head>
<bibl id="hofm_1841_08_0125_03"><composer key="compo_001708">Batka (J.N.)</composer> <title>Wiederhall. Gedicht von Matthison. Op. <opus key="opus_1932">27</opus>, (Auf ewig dein)</title>. <pubPlace key="place_0731">Wien</pubPlace>, <publisher key="publ_0735">Diabelli u. Co</publisher>. 20 Xr.</bibl>
<bibl id="hofm_1841_08_0125_04">*<composer key="compo_002077">Beethoven (L. v.)</composer> <title>Nachruf (O du, nach der sich alle meine Wünsche lenken)</title>. <pubPlace key="place_0280">Hannover</pubPlace>, <publisher key="publ_2808">Nagel</publisher>. 4 Gr.</bibl>
<bibl id="hofm_1841_08_0125_05"><composer key="compo_002091">Behls (P.F.)</composer> <title>Hamburgisches Volkslied von W. Hocker. (Wir wollen kräftig uns bewahren)</title>. <pubPlace key="place_0276">Hamburg</pubPlace>, <publisher key="publ_2870">Niemeyer</publisher>. 4 Gr.</bibl>
<bibl id="hofm_1841_08_0125_06"><composer key="compo_003114">Bishop (Mdme)</composer> <title>Souvenirs. Recueil d’Airs, Cavatines etc. <edition>Nouv. Edit</edition></title>. <pubPlace key="place_0360">Copenhagen</pubPlace>, <publisher key="publ_2487">Lose u. Olsen</publisher>. 14 Gr. <lb/>Hieraus <title>No. 6, Ballade ecossaise: O Dinna ask me</title>. Ebend. 4 Gr.</bibl>
<bibl id="hofm_1841_08_0125_07"><composer key="compo_005235">Candio (E.)</composer> <title>Il Saluto a Carolina Ungher per la sua serata</title>. <pubPlace key="place_0437">Milano</pubPlace>, <publisher key="publ_3241">Ricordi</publisher>. 1 Fr. 25 Ct.</bibl>
<bibl id="hofm_1841_08_0125_08">– <title>Il Lamento dell’ Abbandonata. Romanza</title>. Ebend. 2 Fr. 25 Ct.</bibl>
<bibl id="hofm_1841_08_0125_09"><composer key="compo_005570">Cherubini</composer>, <title>Ave Maria (Gruss dir, Maria!) f. Sopr. od. Ten</title>. <pubPlace key="place_0044">Berlin</pubPlace>, <publisher key="publ_3471">Schlesinger</publisher>. 5 Sgr.</bibl>
<bibl id="hofm_1841_08_0125_10"><composer key="compo_005642">Christern</composer>, <title>Hamburg’s Elblied v. W. Hocker. (Wir wollen kräftig uns bewahren). <edition>2te Aufl</edition></title>. <pubPlace key="place_0276">Hamburg</pubPlace>, <publisher key="publ_2870">Niemeyer</publisher>. 4 Gr.</bibl>
<bibl id="hofm_1841_08_0125_11">– <title>Rheinlied von N. Becker. (Sie sollen ihn nicht haben)</title>. Ebend. 2 Gr.</bibl>
<bibl id="hofm_1841_08_0125_12"><composer key="compo_005672">Chwatal (F.X.)</composer> <title>In die Ferne, v. Kletke</title>. (Polyhymnia 11. No. 1.) <pubPlace key="place_0044">Berlin</pubPlace>, <publisher key="publ_0393">Bote u. B</publisher>. 7½ Sgr.</bibl>
<bibl id="hofm_1841_08_0125_13"><composer key="compo_005924">Conradi (A.E.M.)</composer> <title>5 Gesänge f. Mezzosopran od. Bariton. Op. <opus key="opus_0001">1</opus></title>. <pubPlace key="place_0044">Berlin</pubPlace>, <publisher key="publ_2455">Lischke</publisher>. 10 Sgr.</bibl>
<bibl id="hofm_1841_08_0125_14"><composer key="compo_006411">Dames (L.)</composer> <title>5 Lieder und Gesänge f. Sopran od. Tenor. Op. <opus key="opus_3181">5</opus></title>. <pubPlace key="place_0044">Berlin</pubPlace>, <publisher key="publ_0393">Bote u. Bock</publisher>. 20 Sgr.</bibl>
<bibl id="hofm_1841_08_0125_15"><composer key="compo_007931">Egger (Conte F.)</composer> <title>Care, segreta. Romanza di Lord Byron. Op. <opus key="opus_0001">1</opus></title>. <pubPlace key="place_0437">Milano</pubPlace>, <publisher key="publ_3241">Ricordi</publisher>. 1 Fr. 75 Ct.</bibl>
<bibl id="hofm_1841_08_0125_16">– <title>Il primo giorno d’amore. Romanza. Op. <opus key="opus_3565">6</opus></title>. Ebend. 1 Fr.</bibl>
<bibl id="hofm_1841_08_0125_17"><composer key="compo_008595">Eschborn (J.)</composer> <title>Rheinlied. (Sie sollen ihn nicht haben)</title>. <pubPlace key="place_0440">Mannheim</pubPlace>, <publisher key="publ_1534">Heckel</publisher>. 9 Xr.</bibl>
<bibl id="hofm_1841_08_0125_18"><composer key="compo_009006">Feinroth (Ch.)</composer> <title>Fichte und Palme. Ausgang und Heimkehr. Schwäbisches Volkslied. An die Nacht. Der Bergmann. Die Schwalben. 6 Lieder f. Bass od. Bariton. (Ein Fichtenbaum steht einsam – Wandert ein Knabe – Kaum gedacht – Sanfte heilige Nacht – Der Bergmann lebt beim Grubenlicht – Die Schwalben ja beim Hirten)</title>. <pubPlace key="place_0082">Breslau</pubPlace>, <publisher key="publ_0640">Cranz</publisher>. 15 Sgr.</bibl>
<bibl id="hofm_1841_08_0125_19"><composer key="compo_009154">Feska (Alex.)</composer> <title>5 Lieder v. H. Schütz f. Tenor. Op. <opus key="opus_0531">13</opus>, (Weit in der Ferne – Ach umsonst bringst da die Sterne – Rausche wallend und wogend – Kommt herbei froh und frei – Rings umschlossen von Jasmin)</title>. <pubPlace key="place_0078">Braunschweig</pubPlace>, <publisher key="publ_2681">Meyer</publisher>, 16 Gr.</bibl>
<pb n="126"/>
<bibl id="hofm_1841_08_0126_01"><composer key="compo_011688">Gordigiani (J.B.)</composer> <title>Nove Canzonette italiane alla Foggia di quelle che cantano i Contadini Toscani. Op. <opus key="opus_0531">13</opus></title>. <pubPlace key="place_0554">Prag</pubPlace>, <publisher key="publ_0284">Berra (in Comm.)</publisher> 1 Fl. 15 Xr. n.</bibl>
<bibl id="hofm_1841_08_0126_02"><composer key="compo_014909">Hirsch (R.)</composer> <title>Der Harfner. Ballade f. Bariton. Op. <opus key="opus_3967">7</opus>, (Auf der eignen Jugend Grabe)</title>. <pubPlace key="place_0392">Leipzig</pubPlace>, <publisher key="publ_3023">Peters</publisher>. 12½ Ngr.</bibl>
<bibl id="hofm_1841_08_0126_03">– <title>Maria. Romanze von Soliny f. Tenor. Op. <opus key="opus_0531">13</opus>, (O dies Bild in meinen Händen)</title>. Ebend. 22½ Ngr.</bibl>
<bibl id="hofm_1841_08_0126_04"><composer key="compo_016840">Kalliwoda (J.W.)</composer> <title>6 Lieder. Op. <opus key="opus_0281">112</opus>. (Die Wogen schlagen – Ihr kleinen Sterne – Erbleicht ein schönes Blümchen – Stille herrscht im weiten Kreis – So blau die Luft, so warm die Nacht – Das Röslein steht am Felsenrand)</title>. Ebend. 25 Ngr.</bibl>
<bibl id="hofm_1841_08_0126_05"><composer key="compo_017389">Kiel (Aug.)</composer> <title>Der sterbende Knabe. Gedicht v. G. Nicolai. Op. <opus key="opus_4300">8</opus>. (Der Knabe schaut bleich)</title>. <pubPlace key="place_0280">Hannover</pubPlace>, <publisher key="publ_2808">Nagel</publisher>. 7 Gr.</bibl>
<bibl id="hofm_1841_08_0126_06"><composer key="compo_019473">Körnlein (J.)</composer> <title>4 Lieder</title>. <pubPlace key="place_0339">Karlsruhe</pubPlace>, <publisher key="publ_1761">Holtzmann</publisher>. 10 Gr.</bibl>
<bibl id="hofm_1841_08_0126_07"><composer key="compo_021681">Löwe (C.)</composer> <title>Das vergessene Lied. (Maria sitzt und stimmet) aus Op. <opus key="opus_3798">65</opus></title>. Sängers Lieblingslieder No. 13. <pubPlace key="place_0147">Dresden</pubPlace>, <publisher key="publ_2993">Paul</publisher>. 10 Ngr.</bibl>
<bibl id="hofm_1841_08_0126_08">– <title>Das Switesmädchen (Switezianka) Ballade von A. Mickiewicz ins Deutsche übers. v. Blankensee. (Wer ist der Jüngling lieblich zu schauen)</title>. <pubPlace key="place_0551">Posen</pubPlace>, <publisher key="publ_3873">Stefanski</publisher>. 1 Thlr. 10 Sgr. n.</bibl>
<bibl id="hofm_1841_08_0126_09"><composer key="compo_022379">Marx (M.)</composer> <title>Die sterbende Mutter. Lied</title>. <pubPlace key="place_0339">Karlsruhe</pubPlace>, <publisher key="publ_1761">Holtzmann</publisher>. 6 Gr.</bibl>
<bibl id="hofm_1841_08_0126_10">– <title>Wer weckt mit seinen Klagen. Lied</title>. Ebend. 4 Gr.</bibl>
<bibl id="hofm_1841_08_0126_11"><composer key="compo_023269">Meyerbeer (Giac.)</composer> <title>La Chanson de Maître Floh. (Das Lied vom Meister Klein) p. Basse</title>. Choix d’Airs No. 198. <pubPlace key="place_0044">Berlin</pubPlace>, <publisher key="publ_3471">Schlesinger</publisher>. 7½ Sgr.</bibl>
<bibl id="hofm_1841_08_0126_12"><composer key="compo_024153">Müller (Ad.)</composer> <title>Mein Angebinde. Blumengabe. Häusliches Glück. Der Silberkahn. 4 Gelegenheitsgesänge. Op. <opus key="opus_2915">43</opus>, (Reitzend sind die Blumen – Sieh, wir bringen – Willkommen festlich schöner Tag – Mit hoher Wonne)</title>. Kindliches Dankopfer No. 5. <pubPlace key="place_0731">Wien</pubPlace>, <publisher key="publ_0735">Diabelli u. Co</publisher>. 45 Xr.</bibl>
<bibl id="hofm_1841_08_0126_13">– <title>Main Wai und’s Nachbarn saini. Gedicht in niederösterreichischer Mundart v. J.F. Castelli</title>. (Komische Theatergesänge No. 394). Ebend. 20 Xr.</bibl>
<bibl id="hofm_1841_08_0126_14"><title>Nachbars Töffel (Warum sieht mich so verstohlen)</title>. <pubPlace key="place_0280">Hannover</pubPlace>, <publisher key="publ_2808">Nagel</publisher>. 2 Gr.</bibl>
<bibl id="hofm_1841_08_0126_15"><composer key="compo_026072">Peri (Achille)</composer> <title>Il Pianto. Arietta p. Tenore</title>. <pubPlace key="place_0437">Milano</pubPlace>, <publisher key="publ_3241">Ricordi</publisher>. 1 Fr.</bibl>
<bibl id="hofm_1841_08_0126_16">– <title>Sotto il salice piangente. Romanza p. Basso</title>. Ebend. 1 Fr. 25 Ct.</bibl>
<bibl id="hofm_1841_08_0126_17">– <title>Te pur, mia vita a piangese. Romanza p. Mezzo-Soprano</title>. Ebend. 1 Fr. 25 Ct.</bibl>
<bibl id="hofm_1841_08_0126_18"><composer key="compo_026184">Petersen (J.)</composer> <title>Die Kapelle. Der Zigeunerknabe im Norden. Op. <opus key="opus_3565">6</opus>. (Droben stehet die Kapelle – Fern im Süd das schöne Spanien)</title>. <pubPlace key="place_0276">Hamburg</pubPlace>, <publisher key="publ_2870">Niemeyer</publisher>. 10 Gr.</bibl>
<bibl id="hofm_1841_08_0126_19">– Hieraus einzeln: <title>Der Zigeunerknabe im Norden f. Sopran od. Tenor</title>. Ebend. 8 Gr.</bibl>
<bibl id="hofm_1841_08_0126_20">– – Idem f. Alt od. Bariton. Ebend. 8 Gr.</bibl>
<bibl id="hofm_1841_08_0126_21">– <title>In die Ferne. Lied von H. Kletke f. Sopran od. Tenor. (Siehst du am Abend die Wolken ziehen). Op. <opus key="opus_3967">7</opus></title>. Ebend. 8 Gr.</bibl>
<bibl id="hofm_1841_08_0126_22">– – Idem f. Alt oder Bariton. Ebend. 8 Gr.</bibl>
<bibl id="hofm_1841_08_0126_23">– <title>Das Fischermädchen u. der Jägerbursch. Gedicht von J.N. Vogl. Op. <opus key="opus_4300">8</opus>, (Mägdlein sitzt am Baches Rand)</title>. Ebend. 10 Gr.</bibl>
<bibl id="hofm_1841_08_0126_24"><composer key="compo_027077">Proch (H.)</composer> <title>Andenken. Die Betende. 2 Gedichte v. Matthison. Op. <opus key="opus_4436">84</opus>, (Ich denke dein wenn durch den Hain – Laura betet)</title>. <pubPlace key="place_0731">Wien</pubPlace>, <publisher key="publ_0735">Diabelli u. Co</publisher>. 30 Xr.</bibl>
<bibl id="hofm_1841_08_0126_25"><composer key="compo_027923">Reinicke (C.)</composer> <title>Sie sollen ihn nicht haben, v. N. Becker</title>. <pubPlace key="place_0276">Hamburg</pubPlace>, <publisher key="publ_0641">Cranz (in Comm.)</publisher> 4 Gr.</bibl>
<pb n="127"/>
<listBibl><bibl id="hofm_1841_08_0127_01"><composer key="compo_027982">Reissiger (C.G.)</composer> <title>Das Fischermädchen. Lied f. Sopran od. Tenor. (Du schönes Fischermädchen) aus Op. <opus key="opus_4542">89</opus></title>. <pubPlace key="place_0147">Dresden</pubPlace>, <publisher key="publ_2993">Paul</publisher>. 5 Ngr.</bibl>
<bibl id="hofm_1841_08_0127_02">– <title>Der verliebte Maikäfer, f. Bass od. Bariton. (Glühwürmchen steck’s Laternchen an) aus Op. <opus key="opus_0706">140</opus></title>. Ebend. 7½ Ngr.</bibl>
<bibl id="hofm_1841_08_0127_03">– <title>Sehnsucht. Lied f. Ten. u. Sopr. (Als mein Auge sie fand) aus Op. <opus key="opus_4738">99</opus></title>. Ebend. 7½ Ngr.</bibl>
<bibl id="hofm_1841_08_0127_04">– <title>Der blaue Montag. Handwerksburschenlied f. Bass od. Bariton. (S’ist doch närrisch) aus Op. <opus key="opus_0706">140</opus></title>. Ebend. 5 Ngr.</bibl>
<bibl id="hofm_1841_08_0127_05">– <title>Das Auge. Lied f. Sopr. od. Ten. (Aus dem Auge schaut die Seele) aus Op. <opus key="opus_0569">131</opus></title>. Ebend. 5 Ngr. <lb/>(Sängers Lieblingslieder No. 11. 12. 14–16.)</bibl>
</listBibl><bibl id="hofm_1841_08_0127_06"><composer key="compo_028199">Ricci (L.)</composer> <title>Cavatina: Al fin brillar nell’ iridi (Nun endlich strahlt im vollen Glanz)</title>. Aurora No. 283. <pubPlace key="place_0731">Wien</pubPlace>, <publisher key="publ_2605">Mechetti</publisher>. 30 Xr.</bibl>
<bibl id="hofm_1841_08_0127_07"><composer key="compo_029687">Sanelli (Gualt.)</composer> <title>Il bianco Lino. Capricciosa. Il Lameato. Tre Romanze</title>. <pubPlace key="place_0437">Milano</pubPlace>, <publisher key="publ_3241">Ricordi</publisher>. 3 Fr.</bibl>
<bibl id="hofm_1841_08_0127_08"><composer key="compo_030781">Schneider (M.A.)</composer> und <composer key="compo_021033">Jos. Lindner</composer>, <title>Erinnerung an Prume. Lied. (Verschwunden sind die Klänge)</title>. <pubPlace key="place_0181">Erfurt</pubPlace>, <publisher key="publ_2685">Meyer in Comm</publisher>. 5 Sgr. n.</bibl>
<bibl id="hofm_1841_08_0127_09">*<composer key="compo_032275">Silcher (Fr.)</composer> <title>Ausländische Volksmelodien, mit deutschem, zum Theil a. d. englischen etc. übertragenen Text f. eine od. zwei Singstimmen. Op. <opus key="opus_2458">35</opus>. 4tes Heft</title>. 4. <pubPlace key="place_0693">Tübingen</pubPlace>, <publisher key="publ_1149">Fues</publisher>. 12 Gr. n.</bibl>
<bibl id="hofm_1841_08_0127_10"><composer key="compo_032831">Späth (Andr.)</composer> <title>6 Schweizer Lieder. Op. <opus key="opus_1045">167</opus>, (Morgenstrahl glüht im Thal – Auf luftiger Höhe – Das Thälchen der Heimath – Es dröhnt der Firn – Wie gerne möcht’ ich weilen – Mild vom Rosengesicht nur flössen)</title>. <pubPlace key="place_0438">Mainz</pubPlace>, <publisher key="publ_3563">Schott</publisher>. 1 Fl. 21 Xr.</bibl>
<bibl id="hofm_1841_08_0127_11">– <title>Das Gericht f. Bass. (Tief unten im heiligen Gotthardt). 2te Lieders. No. 47</title>. <pubPlace key="place_0438">Mainz</pubPlace>, <publisher key="publ_3563">Schott</publisher>. 18 Xr.</bibl>
<bibl id="hofm_1841_08_0127_12"><composer key="compo_032798">Spohr (Louis)</composer> <title>Räthselhaft. Frühlingsgesang f. Tenor m. Begl. d. Pfte zu 4 Händen. (Der Frühling ist herangekommen)</title>. <pubPlace key="place_0078">Braunschweig</pubPlace>, <publisher key="publ_3822">Spehr</publisher>. 12 Gr.</bibl>
<bibl id="hofm_1841_08_0127_13"><composer key="compo_033017">Staudigl (Jos.)</composer> <title>Königin und Page. Abschied. Op. <opus key="opus_2737">4</opus>, (Es war ein alter König – Es treibt dich fort)</title>. <pubPlace key="place_0731">Wien</pubPlace>, <publisher key="publ_0735">Diabelli u. Co</publisher>. 45 Xr.</bibl>
<bibl id="hofm_1841_08_0127_14">– <title>Mein Bildniss aus Saphir’s wilden Rosen. Op. <opus key="opus_3181">5</opus>, (Mit dem Kranz von wilden Rosen)</title>. Ebend. 30 Xr.</bibl>
<bibl id="hofm_1841_08_0127_15">– <title>In der Fremde. Undine f. Sopr. od. Ten. Op. <opus key="opus_3565">6</opus>, (Einsam? nein das bin ich nicht – Es flüstern die Wasser)</title>. Ebend. 30 Xr.</bibl>
<bibl id="hofm_1841_08_0127_16">– – Idem f. Alt oder Bariton. Ebend. 30 Xr.</bibl>
<bibl id="hofm_1841_08_0127_17"><composer key="compo_033104">Stein (C.)</composer> <title>Erste und letzte Liebe. Op. <opus key="opus_4300">8</opus>, (Einst sass ich still im Arm die Leyer)</title>. <pubPlace key="place_0731">Wien</pubPlace>, <publisher key="publ_1506">Haslinger</publisher>. 45 Xr.</bibl>
<bibl id="hofm_1841_08_0127_18">– <title>A. B. C. Gedicht von Oettinger. Op. <opus key="opus_4562">9</opus>, (A. B. C. D. reizende Fee)</title>. Ebend. 15 Xr.</bibl>
<bibl id="hofm_1841_08_0127_19"><composer key="compo_033210">Steinmann (L.)</composer> <title>Der Fischer. Ballade von Göthe f. Ten. od. Sopr. Op. <opus key="opus_0001">1</opus></title>. <pubPlace key="place_0044">Berlin</pubPlace>, <publisher key="publ_0951">Esslinger</publisher>. 7½ Sgr.</bibl>
<bibl id="hofm_1841_08_0127_20"><composer key="compo_034734">Toselli (Giov.)</composer> <title>Romanza e Canzone p. Voce di Basso: Ah! per che mai si misero. (Kehrt denn nimmermehr zurück) La mia fortuna</title>. <pubPlace key="place_0276">Hamburg</pubPlace>, <publisher key="publ_2870">Niemeyer</publisher>. 4 Gr.</bibl>
<bibl id="hofm_1841_08_0127_21"><composer key="compo_035420">Verri (Arist.)</composer> <title>Rimenbranze di Londra e Brusseles. Romanze e Notturni</title>. <pubPlace key="place_0437">Milano</pubPlace>, <publisher key="publ_3241">Ricordi</publisher>. 3 Fr. 50 Ct..</bibl>
<bibl id="hofm_1841_08_0127_22"><composer key="compo_036523">Weiss (Laur.)</composer> <title>Der Liebe Lust und Schmerz. Op. <opus key="opus_0927">16</opus>, (Wohl kann die Liebe Wonne geben)</title>. <pubPlace key="place_0731">Wien</pubPlace>, <publisher key="publ_0735">Diabelli u. Co</publisher>. 30 Xr.</bibl>
<pb n="128"/>
<bibl id="hofm_1841_08_0128_01"><composer key="compo_037498">Wolff (G.)</composer> <title>3 Lieder f. Sopr. od. Ten. Op. <opus key="opus_0001">1</opus>, (Was wecken aus dem Schlummer – Ich möchte dir so gerne – Seit ich ihn gesehen)</title>. <pubPlace key="place_0069">Bonn</pubPlace>, <publisher key="publ_2734">Mompour</publisher>. 15 Sgr.</bibl>
<bibl id="hofm_1841_08_0128_02"><composer key="compo_037568">Woltmann (A.)</composer> <title>Der Liebe Sehnsucht. Gruss aus der Ferne. Der lustige Vogel. 3 Lieder f. tiefe Stimme</title>. <pubPlace key="place_0044">Berlin</pubPlace>, <publisher key="publ_0393">Bote u. Bock</publisher>. 10 Sgr.</bibl>
<bibl id="hofm_1841_08_0128_03"><composer key="compo_038177">Zimmermann (S.A.)</composer> <title>Vertrauen, Gedicht von Smets. (Kommt der neue Lenz gegangen)</title>. <pubPlace key="place_0440">Mannheim</pubPlace>, <publisher key="publ_1534">Heckel</publisher>. 36 Xr.</bibl>
</div><div id="hofm_1841_08_0128_div22"><head><hofClass key="hofCl_0029">Gesänge für eine Stimme mit Begleitung der Guitarre.</hofClass></head>
<listBibl><bibl id="hofm_1841_08_0128_04"><composer key="compo_002205">Bellini (V.)</composer> <title>Cavatine a. d. Oper: Montecchi u. Capuletti: L’amo, ah l’amo. (Sie, nur sie ist meine Wonne)</title>. <pubPlace key="place_0731">Wien</pubPlace>, <publisher key="publ_0735">Diabelli u. Co</publisher>. 20 Xr.</bibl>
<bibl id="hofm_1841_08_0128_05">– <title>Cavatine a. d. Oper: La Straniera: Meco tu vienni. (O komm mit mir du Arme)</title>. Ebend. 20 Xr. <lb/>(Diabelli, Philomele. Samml. v. Gesängen No. 341. 342.)</bibl>
</listBibl><bibl id="hofm_1841_08_0128_06"><composer key="compo_012184">Gross (G.A.)</composer> <title>Sie sollen ihn nicht haben. Deutsches Volkslied von N. Becker</title>. <pubPlace key="place_0276">Hamburg</pubPlace>, <publisher key="publ_2870">Niemeyer</publisher>. 4 Gr.</bibl>
<listBibl><bibl id="hofm_1841_08_0128_07"><composer key="compo_027077">Proch (H.)</composer> <title>Der Jüngling am Bache. Op. <opus key="opus_0001">1</opus>, (An der Quelle sass der Knabe)</title>. <pubPlace key="place_0731">Wien</pubPlace>, <publisher key="publ_0735">Diabelli u. Co</publisher>. 20 Xr.</bibl>
<bibl id="hofm_1841_08_0128_08">– <title>Mein Reichthum. Gedicht von Oettinger. Op. <opus key="opus_2737">4</opus>, (In dem Herzen ein Bild)</title>. Ebend. 20 Xr. <lb/>(Diabelli, Philomele. No. 339. 340.)</bibl>
</listBibl></div><div id="hofm_1841_08_0128_div23"><head><hofClass key="hofCl_0077">Lehrbücher für den Gesang.</hofClass></head>
<bibl id="hofm_1841_08_0128_09"><composer key="compo_005430">Catrufo</composer>, <title>Vocalizzi o Studi per la Voce seconda la Scuola italiana c. Acc. de Pfte</title>. <pubPlace key="place_0276">Hamburg</pubPlace>, <publisher key="publ_0540">Böhme</publisher>. 1 Thlr. 8 Gr.</bibl>
</div><div id="hofm_1841_08_0128_div24"><head><hofClass key="hofCl_0282">Sammlungen vermischter musikalischer Werke.</hofClass></head>
<wip id="hofm_1841_08_0128_10"><title>Sammlung von Musikstücken alter und neuer Zeit, als Zulage zur neuen Zeitschrift für Musik</title>. <title>13tes Heft, <composer key="compo_001225">Bach (J.S.)</composer> Fantasie f. Orgel. <composer key="compo_033278">Stern (J.)</composer> 2 Gesänge von Reinick u. Burns f. eine Singst. m. Pfte. <composer key="compo_007137">Dohler (A.)</composer> Quartett aus einer Motette (Gott sende deine Güte) <composer key="compo_031356">Schumann (R.)</composer> Stille Thränen von Kerner f. eine Singst. m. Pfte</title>. 22½ Ngr. <title>14tes Heft, <composer key="compo_022903">Mendelssohn-Bartholdy</composer>. Gondellied f. Pfte. <composer key="compo_031345">Schumann (Clara)</composer> Am Strande. (Traurig schau’ ich von der Klippe) f. eine Singst. m. Pfte. <composer key="compo_031356">Schumann (R.)</composer> Mondnacht (Es war als hätt’ der Himmel) f. eine Singst. m. Pfte. – <composer key="compo_035416">Verhulst (J.J.H.)</composer> 2 geistliche Gesänge; Arie f. eine Singst m. Pfte. (Der Herr erhält) Chor f. 4 Singst. (Der Herr ist Allen gütig)</title>. 25 Ngr. <pubPlace key="place_0392">Leipzig</pubPlace>, <publisher key="publ_1118">Friese</publisher>.</wip>
</div><div id="hofm_1841_08_0128_div25"><head><hofClass key="hofCl_0287">Theoretische Werke.</hofClass></head>
<bibl id="hofm_1841_08_0128_11"><author>Baumstark (A. Fr.)</author> <title>Justus Thibaut. Blätter der Erinnerung f. seine Verehrer und für die Freunde der reinen Tonkunst</title>. gr. 8. <pubPlace key="place_0392">Leipzig</pubPlace>, <publisher key="publ_0925">Engelmann</publisher> geh. 1 Thlr.</bibl>
<bibl id="hofm_1841_08_0128_12"><author>Ortlepp (E.)</author> <title>Grosses Instrumental- und Vocal-Concert. Eine musikalische Anthologie (Bibliothek des Frohsinns, neue Folge, Section II.) Band 1–4</title>. 12. <pubPlace key="place_0662">Stuttgart</pubPlace>, <publisher key="publ_2224">Köhler</publisher> geh. à 6 Gr. n.</bibl>
<bibl id="hofm_1841_08_0128_13"><author>Reicha (A.)</author> <title>Die Kunst der dramatischen Composition. 4tes Buch</title>. <pubPlace key="place_0731">Wien</pubPlace>, <publisher key="publ_0735">Diabelli u. Co</publisher>. 3 Fl. 45 Xr.</bibl>
</div></body></text></TEI.2>