<?xml version="1.0" encoding="utf-8"?>
<!DOCTYPE TEI.2
  SYSTEM "../../dtd/tei/cch_tei.dtd">
<TEI.2 id="hofm_1842_02">
<teiHeader type="text"><fileDesc><titleStmt><title>Februar 1842</title></titleStmt><publicationStmt><p/></publicationStmt><sourceDesc><p/></sourceDesc></fileDesc><profileDesc><langUsage><language id="ger">German</language><language id="fre">French</language><language id="ita">Italian</language></langUsage></profileDesc><revisionDesc><change><date>2007-07-09</date><respStmt><name>ER</name></respStmt><item>p. 27, composer tagging adjusted (de Pellaert and de Glimes)</item></change><change><date>2007-06-26</date><respStmt><name>ER</name></respStmt><item>p. 28, Kelch (not Keich)</item></change><change><date>2007-04-27</date><respStmt><name>RV</name></respStmt><item>Changed "biblGroup" elements in "listBibl"</item></change><change><date>2007-03-02</date><respStmt><name>EP</name></respStmt><item>Checked curly brackets</item></change><change><date>2007-02-26</date><respStmt><name>EP</name></respStmt><item>Encoded curly brackets</item></change><change><date>2006-12-19</date><respStmt><name>EP</name></respStmt><item>sic and unclear moved outside elements pubplaces, publisher, composer, hofclass, key, opus</item></change><change><date>2006-10-20</date><respStmt><name>Liz</name></respStmt><item>p. 23 Nowakowsky (not Nowakowaky)</item></change><change><date>2006-01-20</date><respStmt><name>Liz</name></respStmt><item>p. 29 just 'Herausgeber' tagged as publisher </item></change><change><date>2005-11-13</date><respStmt><name>Liz</name></respStmt><item>p. 29 adjusted publisher tagging 'Volke in Comm'</item></change><change><date>2005-10-25</date><respStmt><name>Liz</name></respStmt><item>in portraits, a few adjustments to tagging</item></change><change><date>2005-07-13</date><respStmt><name>Mekala</name></respStmt><item>Final</item></change><change><date>2005-06-30</date><respStmt><name>Mekala</name></respStmt><item>Checking Screen and Revisions</item></change><change><date>2005-06-07</date><respStmt><name>Mekala</name></respStmt><item>Revisions and Checking Screens</item></change><change><date>2005-05-10</date><respStmt><name>Mekala</name></respStmt><item>Revised for &lt;album&gt;</item></change><change><date>2005-04-15</date><respStmt><name>Mekala</name></respStmt><item>First Coding</item></change><change><date>2005-04-08</date><respStmt><name>Liz</name></respStmt><item>pasting in</item></change></revisionDesc></teiHeader>
<text><body><pb n="18"/><head>Februar 1842.</head><div id="hofm_1842_02_0018_div01"><head><hofClass key="hofCl_0164">Musik für das Orchester.</hofClass></head>
<bibl id="hofm_1842_02_0018_01"><composer key="compo_013692">Haydn (J.)</composer> <title>Kindersinfonie f. 2 Violinen, Violoncelle u. 8 Kinderinstrumente</title>. <pubPlace key="place_0044">Berlin</pubPlace>, <publisher key="publ_3471">Schlesinger</publisher>. 15 Ngr.</bibl>
<bibl id="hofm_1842_02_0018_02"><composer key="compo_019654">Labitzky (Jos.)</composer> <title>Dessauer-Galopp für Orchester. Op. <opus key="opus_4017">71</opus></title>. <pubPlace key="place_0554">Prag</pubPlace>, <publisher key="publ_1729">Hoffmann</publisher>. 2 Fl. 30 Xr.</bibl>
<bibl id="hofm_1842_02_0018_03"><composer key="compo_020014">Lanner (Jos.)</composer> <title>Les Adieux. Walzer f. Orchester. Op. <opus key="opus_1220">185</opus></title>. <pubPlace key="place_0731">Wien</pubPlace>, <publisher key="publ_1506">Haslinger</publisher>. 3 Fl.</bibl>
<bibl id="hofm_1842_02_0018_04"><title>Sammlung von Märschen f. türkische Musik zum best. Gebrauch d. k. preuss. Armee. Partitur. No. 122, Armee-Marsch aus dem Ballet: Die Eroberung von Constantine und aus der Oper: Sappho, von Pacini</title>. <pubPlace key="place_0044">Berlin</pubPlace>, <publisher key="publ_3471">Schlesinger</publisher>. 3 Thlr.</bibl>
<bibl id="hofm_1842_02_0018_05"><composer key="compo_033569">Strauss (Joh.)</composer> <title>Walzer f. Orchester. No. 55, Wettrenner. Op. <opus key="opus_0569">131</opus></title>. <pubPlace key="place_0731">Wien</pubPlace>, <publisher key="publ_1506">Haslinger</publisher>. 2 Fl. 30 Xr.</bibl>
</div><div id="hofm_1842_02_0018_div02"><head><hofClass key="hofCl_0245">Musik für die Violine.</hofClass></head>
<bibl id="hofm_1842_02_0018_06"><composer key="compo_004899">Beriot (C. de)</composer> <title>3 Etudes caractéristiques p. Violon av. Acc. de Pfte. Oe. <opus key="opus_2576">37</opus></title>. <pubPlace key="place_0438">Mainz</pubPlace>, <publisher key="publ_3563">Schott</publisher>. 2 Fl. 24 Xr.</bibl>
<bibl id="hofm_1842_02_0018_07"><composer key="compo_008564">Ernst (H.W.)</composer> <title>Morceaux de Salon. Deux Romances p. Violon av. Acc. de Pfte. Oe. <opus key="opus_0806">15</opus></title>. (Déd. à Mr. A. Franchomme.) <pubPlace key="place_0731">Wien</pubPlace>, <publisher key="publ_2605">Mechetti</publisher>. 1 Fl.</bibl>
<bibl id="hofm_1842_02_0018_08">– <title>Bolero. Morceau de Salon, p. Violon av. Acc. de Pfte. Oe. <opus key="opus_0927">16</opus>, in <key>Am</key></title>. (Ded. à Mr. H. Panofka.) Ebend. 1 Fl.</bibl>
<bibl id="hofm_1842_02_0018_09"><composer key="compo_009719">Franchomme (Aug.)</composer> <title>3 Nocturnes p. Violon av. Acc. de Pfte. Oe. <opus key="opus_1271">19</opus>. Liv. 3 des Noct</title>. <pubPlace key="place_0392">Leipzig</pubPlace>, <publisher key="publ_1746">Hofmeister</publisher>. 25 Ngr.</bibl>
<bibl id="hofm_1842_02_0018_10"><composer key="compo_013060">Halevy (F.)</composer> <title>Le Guitarrere. (Der Guitarrenspieler.) Opéra arr. en Quatuor p. 2 Violons, Alto et Vclle par R. Wagner. en 3 Livr. Liv. 1. Ouverture</title>. <pubPlace key="place_0044">Berlin</pubPlace>, <publisher key="publ_3471">Schlesinger</publisher>. 25 Ngr.</bibl>
<bibl id="hofm_1842_02_0018_11"><composer key="compo_016246">Jansa (L.)</composer> <title>Der junge Opernfreund. Ausgewählte Melodien f. Violine m. Begl. d. Pfte. Op. <opus key="opus_3589">60. No. 12</opus>, Bellini, Beatrice di Tenda</title>. <pubPlace key="place_0731">Wien</pubPlace>, <publisher key="publ_1506">Haslinger</publisher>. 45 Xr.</bibl>
<bibl id="hofm_1842_02_0018_12"><composer key="compo_020014">Lanner (Jos.)</composer> <title>Les Adieux. Walzer f. 3 Violinen m. Bass. Op. <opus key="opus_1220">185</opus></title>. <pubPlace key="place_0731">Wien</pubPlace>, <publisher key="publ_1506">Haslinger</publisher>. 1 Fl.</bibl>
<bibl id="hofm_1842_02_0018_13"><composer key="compo_021559">Lvoff (Al.)</composer> <title>Le Duel. Divertimento p. Violon et Violoncelle av. Acc. de Quatuor. Oe. <opus key="opus_4300">8</opus>, in <key>A</key></title>. <pubPlace key="place_0044">Berlin</pubPlace>, <publisher key="publ_3471">Schlesinger</publisher>. 1 Thlr. 20 Ngr.</bibl>
<bibl id="hofm_1842_02_0018_14"><composer key="compo_030019">Scheen (M.)</composer> <title>8 leichte und melodische Duettinos f. 2 Violinen in verschiedenen Dur- und Molltonarten als praktische Uebungastücke. le Position. 2tes Heft. Op. <opus key="opus_1068">17</opus></title>. <pubPlace key="place_0082">Breslau</pubPlace>, <publisher key="publ_0640">Cranz</publisher>. 20 Ngr.</bibl>
<bibl id="hofm_1842_02_0018_15"><composer key="compo_033569">Strauss (Joh.)</composer> <title>Wettrenner. Walzer f. 3 Violinen u. Bass. Op. <opus key="opus_0569">131</opus></title>. <pubPlace key="place_0731">Wien</pubPlace>, <publisher key="publ_1506">Haslinger</publisher>. 1 Fl.</bibl>
</div><div id="hofm_1842_02_0018_div03"><head><hofClass key="hofCl_0184">Musik für das Violoncelle.</hofClass></head>
<bibl id="hofm_1842_02_0018_16"><composer key="compo_009719">Franchomme (Aug.)</composer> <title>3 Nocturnes p. Violoncelle av. Acc. de Pfte. Oe. <opus key="opus_1271">19</opus>, 3me Livr. des Nocturnes</title>. <pubPlace key="place_0392">Leipzig</pubPlace>, <publisher key="publ_1746">Hofmeister</publisher>. 25 Ngr.</bibl>
<bibl id="hofm_1842_02_0018_17"><composer key="compo_022237">Mark (Jos.)</composer> <title>Morceau de Salon. Fantaisie sur des Motifs favoris de l’Opéra : Il Giuramento de X. Mercadante p. Violoncelle av. Acc. de. Pfte. Oe. <opus key="opus_1802">25</opus></title>. <pubPlace key="place_0731">Wien</pubPlace>, <publisher key="publ_2605">Mechetti</publisher>. 1 Fl. 30 Xr.</bibl>
<pb n="19"/>
</div><div id="hofm_1842_02_0019_div04"><head><hofClass key="hofCl_0200">Musik für die Flöte.</hofClass></head>
<bibl id="hofm_1842_02_0019_01"><composer key="compo_001079">Auber (D.F.E.)</composer> <title>Ouverture de l’Opéra : Les Diamans de la Couronne arr. p. 2 Flûtes p. Walkiers</title>. <pubPlace key="place_0438">Mainz</pubPlace>, <publisher key="publ_3563">Schott</publisher>. 54 Xr.</bibl>
<bibl id="hofm_1842_02_0019_02"><composer key="compo_010419">Fürstenau (A.B.)</composer> <title>Les Délices de l’Opéra p. Flûte av. Acc. de Pfte. No. 21, Mosaique sur des Motifs de l’Opéra : Le Guitarrero de Halevy. Oe. <opus key="opus_0641">136</opus></title>. <pubPlace key="place_0044">Berlin</pubPlace>, <publisher key="publ_3471">Schlesinger</publisher>. 22½ Ngr.</bibl>
<bibl id="hofm_1842_02_0019_03">– <title>Les Délices de l’Opéra. Rondos, Fantaisies etc. sur des Thèmes fav. des Opéras p. Flûte seule. Oe. <opus key="opus_0641">136</opus>. No. 16, Mosaique sur des Motifs de la Favorite. No. 17, Intr. et Rondino sur des Motifs de Lucrezia Borgia et Lucia di Lammermoor. No. 21, Mosaique sur des Motifs de l’Opéra : Le Guitarrero de Halevy</title>. Ebend. à 10 Ngr.</bibl>
<bibl id="hofm_1842_02_0019_04"><composer key="compo_013060">Halevy (F.)</composer> <title>Le Guitarrero. Opéra arr. en Quatuor p. Flûte, Violon, Alto et Basse p. R. Wagner, en 3 Livr. Liv. 1. (Ouverture)</title>. Ebend. 25 Ngr.</bibl>
<bibl id="hofm_1842_02_0019_05"><composer key="compo_016246">Jansa (L.)</composer> <title>Der junge Opernfreund. Ausgewählte Melodien f. Flöte m. Begl. d. Pfte. Op. <opus key="opus_3661">61, No 12</opus>, Bellini, Beatrice di Tenda</title>. <pubPlace key="place_0731">Wien</pubPlace>, <publisher key="publ_1506">Haslinger</publisher>. 45 Xr.</bibl>
<bibl id="hofm_1842_02_0019_06"><composer key="compo_019654">Labitzky (Jos.)</composer> <title>Auswahl der beliebtesten Tänze f. Flöte. No. 26, Dessauer Galopp. Op. <opus key="opus_4017">71</opus></title>. <pubPlace key="place_0554">Prag</pubPlace>, <publisher key="publ_1729">Hoffmann</publisher>. 15 Xr.</bibl>
<bibl id="hofm_1842_02_0019_07"><composer key="compo_020014">Lanner (Jos.)</composer> <title>Les Adieux. Walzer f. Flöte. Op. <opus key="opus_1220">185</opus></title>. <pubPlace key="place_0731">Wien</pubPlace>, <publisher key="publ_1506">Haslinger</publisher>. 20 Xr.</bibl>
<bibl id="hofm_1842_02_0019_08"><composer key="compo_033569">Strauss (Joh.)</composer> <title>Lieblings-Walzer f. Flöte. No. 74, Wettrenner-Walzer. Op. <opus key="opus_0569">131</opus></title>. Ebend. 20 Xr.</bibl>
</div><div id="hofm_1842_02_0019_div05"><head><hofClass key="hofCl_0131">Musik für verschiedene Blasinstrumente.</hofClass></head>
<bibl id="hofm_1842_02_0019_09"><composer key="compo_016112">Jacobi (C.)</composer> <title>Fantaisie sur des Motifs favoris de l’Opéra : Norma p. Basson av. Acc. d’Orchestre. Oe. <opus key="opus_1068">17</opus></title>. <pubPlace key="place_0438">Mainz</pubPlace>, <publisher key="publ_3563">Schott</publisher>. 2 Fl. 42 Xr.</bibl>
<bibl id="hofm_1842_02_0019_10">– Idem av. Acc. de Pfte. Ebend. 1 Fl. 48 Xr.</bibl>
<bibl id="hofm_1842_02_0019_11"><composer key="compo_033569">Strauss (Joh.)</composer> <title>Lieblings-Walzer f. Csakan. No. 74, Wettrenner. Walzer. Op. <opus key="opus_0569">131</opus></title>. <pubPlace key="place_0731">Wien</pubPlace>, <publisher key="publ_1506">Haslinger</publisher>. 20 Xr.</bibl>
</div><div id="hofm_1842_02_0019_div06"><head><hofClass key="hofCl_0205">Musik für die Guitarre.</hofClass></head>
<bibl id="hofm_1842_02_0019_12"><composer key="compo_019654">Labitzky (Jos.)</composer> <title>Auswahl der beliebtesten Tänze f. Guitarre. No. 26, Dessauer-Galopp. Op. <opus key="opus_4017">71</opus></title>. <pubPlace key="place_0554">Prag</pubPlace>, <publisher key="publ_1729">Hoffmann</publisher>. 15 Xr.</bibl>
<bibl id="hofm_1842_02_0019_13"><composer key="compo_020014">Lanner (Jos.)</composer> <title>Les Adieux. Walzer f. Guitarre. Op. <opus key="opus_1220">185</opus></title>. <pubPlace key="place_0731">Wien</pubPlace>, <publisher key="publ_1506">Haslinger</publisher>. 30 Xr.</bibl>
<bibl id="hofm_1842_02_0019_14"><composer key="compo_033569">Strauss (Joh.)</composer> <title>Lieblings-Walzer f. Guitarre. No. 55, Wettrenner. Walzer. Op. <opus key="opus_0569">131</opus></title>. Ebend. 30 Xr.</bibl>
</div><div id="hofm_1842_02_0019_div07"><head><hofClass key="hofCl_0167">Musik für das Pianoforte mit Begleitung.</hofClass></head>
<bibl id="hofm_1842_02_0019_15"><composer key="compo_002300">Bendl (C.)</composer> <title>Schluss-Punkte. Walzer für Violine u. Pfte. Op. <opus key="opus_2347">33</opus></title>. <pubPlace key="place_0731">Wien</pubPlace>, <publisher key="publ_1506">Haslinger</publisher>. 45 Xr.</bibl>
<bibl id="hofm_1842_02_0019_16"><composer key="compo_003342">Blumenthal (Jos. de)</composer> <title>Gage d’Amitié. Impromptu sur des Thèmes styriens p. Pfte et Violon. Oe. <opus key="opus_4460">85</opus>, in <key>A</key></title>. <pubPlace key="place_0731">Wien</pubPlace>, <publisher key="publ_2605">Mechetti</publisher>. 1 Fl.</bibl>
<bibl id="hofm_1842_02_0019_17"><composer key="compo_006306">Czerny (Ch.)</composer> Op. <opus key="opus_3725">625</opus>. et <composer key="compo_014559">L. Herz</composer>, Oe. <opus key="opus_0927">16</opus>. <title>Productions de Salon. Fantaisies sur des Motifs favoris des Opéras p. Pfte et Violon concertans. No. 4, Gemma di Vergy de Donizetti. No. 5, L’Eliaire d’Amore de Donizetti</title>. <pubPlace key="place_0731">Wien</pubPlace>, <publisher key="publ_2605">Mechetti</publisher>. à 1 Fl.</bibl>
<pb n="20"/>
<bibl id="hofm_1842_02_0020_01"><composer key="compo_008877">Farrenc (L.)</composer> <title>1er Quintetto p. Pfte, Violon, Alto, Vclle et Controb Oe. <opus key="opus_2131">30</opus>, in <key>Amoll</key></title>. <pubPlace key="place_0392">Leipzig</pubPlace>, <publisher key="publ_1746">Hofmeister</publisher>. 2 Thlr. 20 Ngr.</bibl>
<bibl id="hofm_1842_02_0020_02"><composer key="compo_019654">Labitzky (Jos.)</composer> <title>Dessauer-Galopp f. Violine u. Pfte. Op. <opus key="opus_4017">71</opus></title>. <pubPlace key="place_0554">Prag</pubPlace> <publisher key="publ_1729">Hoffmann</publisher>. 1 Fl.</bibl>
<bibl id="hofm_1842_02_0020_03">– Idem f. Flöte u. Pfte. Ebend. 1 Fl.</bibl>
<bibl id="hofm_1842_02_0020_04"><composer key="compo_020014">Lanner (Jos.)</composer> <title>Souvenir des Artistes. Quadrille f. Violine u. Pfte. Op. <opus key="opus_1210">184</opus></title>. <pubPlace key="place_0731">Wien</pubPlace>, <publisher key="publ_1506">Haslinger</publisher>. 45 Xr.</bibl>
<bibl id="hofm_1842_02_0020_05">– <title>Les Adieux. Walzer f. do. Op. <opus key="opus_1220">185</opus></title>. Ebend. 45 Xr.</bibl>
<bibl id="hofm_1842_02_0020_06">– Idem f. Flöte u. Pfte. Op. <opus key="opus_1220">185</opus>. Ebend. 45 Xr.</bibl>
<bibl id="hofm_1842_02_0020_07"><composer key="compo_022904">Mendelssohn-Bartholdy (F.)</composer> <title>Sonate f. Pfte u. Violine. Op. <opus key="opus_2737">4</opus>. <edition>Neue Ausgabe</edition></title>. <pubPlace key="place_0392">Leipzig</pubPlace>, <publisher key="publ_1746">Hofmeister</publisher>. 27½ Ngr.</bibl>
<bibl id="hofm_1842_02_0020_08"><composer key="compo_033569">Strauss (Joh.)</composer> <title>Wettrenner. Walzer f. Violine und Pfte. Op. <opus key="opus_0569">131</opus></title>. <pubPlace key="place_0731">Wien</pubPlace>, <publisher key="publ_1506">Haslinger</publisher>. 45 Xr.</bibl>
<bibl id="hofm_1842_02_0020_09">– Idem f. Flöte m. Pfte. Ebend. 45 Xr.</bibl>
<bibl id="hofm_1842_02_0020_10"><composer key="compo_037492">Wolff (Ed.)</composer> et <composer key="compo_004899">Ch. de Beriot</composer>, <title>grande Fantaisie sur des Motifs originaux p. Pfte et Violon. Oe. <opus key="opus_2509">36</opus></title>. (28me. Livr. de Duos de Ch. de Beriot). <pubPlace key="place_0438">Mainz</pubPlace>, <publisher key="publ_3563">Schott</publisher>. 2 Fl. 24 Xr.</bibl>
</div><div id="hofm_1842_02_0020_div08"><head><hofClass key="hofCl_0171">Musik für das Pianoforte zu vier Händen.</hofClass></head>
<bibl id="hofm_1842_02_0020_11"><composer key="compo_001234">Bach (Joh. Seb.)</composer> <title>Das wohltemperirte Clavier, eing. f. Pfte zu 4 Händen v. H. Bertini. 2te Lief</title>. <pubPlace key="place_0438">Mainz</pubPlace>, <publisher key="publ_3563">Schott</publisher>. Subscript.-Pr. 1 Fl. 48 Xr. n.</bibl>
<bibl id="hofm_1842_02_0020_12"><composer key="compo_004716">Burgmüller (Norb.)</composer> <title>Romance p. Pfte à 4 Mains, extraite de la Sonate. Oe. <opus key="opus_4300">8</opus>, in <key>Des</key></title>. (av. Portait de N. Burgmüller) <pubPlace key="place_0392">Leipzig</pubPlace>, <publisher key="publ_1746">Hofmeister</publisher>. 10 Ngr.</bibl>
<bibl id="hofm_1842_02_0020_13"><composer key="compo_006306">Czerny (Ch.)</composer> <title>Reminiscences de l’Opéra. Deux Fantasies sur les Motifs les plus favoris de l’Opéra : Les Romains à Melitène p. Pfte à 4 Mains. Oe. <opus key="opus_3811">652</opus>. No. 1, in <key>F</key>. No. 2, in <key>Es</key></title>. <pubPlace key="place_0731">Wien</pubPlace>, <publisher key="publ_2605">Mechetti</publisher>. a 1 Fl. 30 Xr.</bibl>
<bibl id="hofm_1842_02_0020_14"><composer key="compo_007639">Döhler (Th.)</composer> <title>Morceau de Salon. Deux Etudes arr. p. Pfte à 4 Mains p. F. Mockwitz</title>. <pubPlace key="place_0044">Berlin</pubPlace>, <publisher key="publ_3471">Schlesinger</publisher>. 22½ Ngr.</bibl>
<wip id="hofm_1842_02_0020_15"><composer key="compo_008310">Enckhausen (H.)</composer> <title>Elementar-Unterricht im vierhändigen Pfte-Spiel nach methodischer Stufenfolge unter Anwendung des richtigen Fingersatzes. Op. <opus key="opus_3490">58</opus></title>, <title>1stes Heft, kleine Uebungsstücke mit stillstehender Hand</title>. 7½ Ngr. <title>2tes Heft, Uebungsstücke mit zufälligen Versetzungszeichen, im Umfange der natürlichen Lage der 5 Finger</title>. 15 Ngr. <pubPlace key="place_0280">Hannover</pubPlace>, <publisher key="publ_2808">Nagel</publisher>.</wip>
<bibl id="hofm_1842_02_0020_16"><composer key="compo_015944">Hünten (Fr.)</composer> <title>Air suisse varié p. Pfte à 4 Mains. Oe. <opus key="opus_2268">32</opus></title>. Ebend. 15 Ngr.</bibl>
<bibl id="hofm_1842_02_0020_17"><composer key="compo_017388">Kiel (A.)</composer> <title>Fest-Marsch bei Gelegenheit der Schliessung des Grundsteingewölbes des Herrmanns-Denkmals f. Pfte zu 4 Händen. Op. <opus key="opus_0234">11</opus></title>. Ebend. 10 Ngr.</bibl>
<bibl id="hofm_1842_02_0020_18"><composer key="compo_019111">Kullack (Th.)</composer> <title>Cinq Compositions arr. p. Pfte à 4 Mains p. E.D. Wagner. No. 1, Cavatine de Robert le Diable de Meyerbeer</title>. <pubPlace key="place_0044">Berlin</pubPlace>, <publisher key="publ_3471">Schlesinger</publisher>. 15 Ngr.</bibl>
<bibl id="hofm_1842_02_0020_19"><composer key="compo_019654">Labitzky (Jos.)</composer> <title>Dessauer-Galopp f. Pfte zu 4 Händen. Op. <opus key="opus_4017">71</opus></title>. <pubPlace key="place_0554">Prag</pubPlace>, <publisher key="publ_1729">Hoffmann</publisher>. 38 Xr.</bibl>
<bibl id="hofm_1842_02_0020_20"><composer key="compo_020014">Lanner (Jos.)</composer> <title>Souvenir des Artistes. Quadrille f. Pfte zu 4 Händen. Op. <opus key="opus_1210">184</opus></title>. <pubPlace key="place_0731">Wien</pubPlace>, <publisher key="publ_1506">Haslinger</publisher>. 1 Fl.</bibl>
<bibl id="hofm_1842_02_0020_21">– <title>Les Adieux. Walzer f. Pfte zu 4 Händen. Op. <opus key="opus_1220">185</opus></title>. Ebend. 1 Fl. 15 Xr.</bibl>
<bibl id="hofm_1842_02_0020_22"><composer key="compo_022249">Marks (G.W.)</composer> <title>18ième Potpourri sur des Motifs de l’Opéra. Guil laume Tell. Musique de Rossini p. Pfte à 4 Mains. Oe. <opus key="opus_4460">85</opus></title>. <pubPlace key="place_0276">Hamburg</pubPlace>, <publisher key="publ_0640">Cranz</publisher>. 1 Thlr. 10 Ngr.</bibl>
<pb n="21"/>
<bibl id="hofm_1842_02_0021_01"><composer key="compo_022249">Marks (G.W.)</composer> <title>19ième Potpourri sur des Motifs de l’Opéra : La Favorite. Musique de Donizetti p. Pfte à 4 Mains. Oe. <opus key="opus_4489">86</opus></title>. <pubPlace key="place_0276">Hamburg</pubPlace>, <publisher key="publ_0640">Cranz</publisher>. 1 Thlr. 10 Ngr.</bibl>
<bibl id="hofm_1842_02_0021_02"><composer key="compo_023828">Moscheles (Ign.)</composer> <title>Romance et Tarentelle brillante p. Pfte à 4 Mains. Op. <opus key="opus_0065">101</opus></title>. <pubPlace key="place_0392">Leipzig</pubPlace>, <publisher key="publ_1746">Hofmeister</publisher>. 1 Thlr.</bibl>
<bibl id="hofm_1842_02_0021_03"><composer key="compo_027742">Rehfeld (W.)</composer> <title>Variations sur un Thème de l’Opéra : Norma p. Pfte à 4 Mains</title>. <pubPlace key="place_0044">Berlin</pubPlace>, <publisher key="publ_0952">Esslinger u. Co</publisher>. 15 Ngr.</bibl>
<bibl id="hofm_1842_02_0021_04"><composer key="compo_029781">Sauerbrey (J.W.C.C.)</composer> <title>Das Sträusschen. 4 leichte Walzer zur Aufmunterung f. Anlänger, f. Pfte zu 4 Händen. Op. <opus key="opus_1390">20</opus></title>. <pubPlace key="place_0280">Hannover</pubPlace>, <publisher key="publ_2808">Nagel</publisher>. 12½ Ngr.</bibl>
<bibl id="hofm_1842_02_0021_05"><composer key="compo_033569">Strauss (Joh.)</composer> <title>Die Wettrenner. Walzer f. Pfte zu 4 Händen. Op. <opus key="opus_0569">131</opus></title>. <pubPlace key="place_0731">Wien</pubPlace>, <publisher key="publ_1506">Haslinger</publisher>. 1 Fl. 15 Xr.</bibl>
</div><div id="hofm_1842_02_0021_div09"><head><hofClass key="hofCl_0272">Ouverturen für das Pianoforte zu vier Händen.</hofClass></head>
<bibl id="hofm_1842_02_0021_06"><composer key="compo_001079">Auber (D.F.E.)</composer> <title>Ouverture de l’Opéra : Les Diamans de la Couronne arr. p. Pfte à 4 Mains</title>. <pubPlace key="place_0438">Mainz</pubPlace>, <publisher key="publ_3563">Schott</publisher>. 1 Fl. 12 Xr.</bibl>
<bibl id="hofm_1842_02_0021_07"><composer key="compo_027982">Reissiger (C.G.)</composer> <title>Ouverture zu der Oper: Adèle de Foix für Pfte zu 4 Händen</title>. <pubPlace key="place_0392">Leipzig</pubPlace>, <publisher key="publ_1746">Hofmeister</publisher>. 22½ Ngr.</bibl>
</div><div id="hofm_1842_02_0021_div10"><head><hofClass key="hofCl_0166">Musik für das Pianoforte allein.</hofClass></head>
<bibl id="hofm_1842_02_0021_08"><composer key="compo_000089">Adam (A.)</composer> <title>Les Cendres de Napoleon. Marche funebre comp. à l’Occasion de la Translation des Cendres transcr. p. Fréd. Kalkbrenner</title>. <pubPlace key="place_0438">Mainz</pubPlace>. <publisher key="publ_3563">Schott</publisher>. 45 Xr.</bibl>
<album id="hofm_1842_02_0021_09"><title>Album-Beethoven. 10 Morceaux brillants p. Pfte p. contribuer aux Frais du Monument de L. van Beethoven à Bonn (cont. Beethoven, Marche funebre transcrite p. Liszt-Chopin, Prelude. Oe. <opus key="opus_2996">45</opus>. – <composer key="compo_006303">Czerny</composer>, Nocturne. Oe. <opus key="opus_3790">647</opus>. – <composer key="compo_007637">Döhler</composer>, 2 Impromptûs fugitifs. Oe. <opus key="opus_2670">39</opus>. – <composer key="compo_014250">Henselt</composer>, Wiegenlied. – <composer key="compo_016821">Kalkbrenner</composer>, L’Echo! Scherzo brillant. – <composer key="compo_022903">Mendelssohn-Bartholdy</composer>, 17 Variations sérieuses. Op. <opus key="opus_3351">54</opus>. – <composer key="compo_023827">Moscheles</composer>, 2 Etudes. – <composer key="compo_034164">Taubert</composer>, Fantaisie. Oe. <opus key="opus_3351">54</opus>. – <composer key="compo_034319">Thalberg</composer>, Romance sans Paroles)</title>. 6 Fl. n. <edition>Pracht-Ausgabe</edition>. 10 Fl. n.</album>
<bibl id="hofm_1842_02_0021_10"><composer key="compo_001434">Banck (C.)</composer> <title>Pièces melodiques et caractéristiques p. Pfte. Oe. <opus key="opus_2996">45</opus>. Liv. 1, Rondino, Marcia. Valse. Liv. 2, Cavatina. Galop. Barcarola</title>. <pubPlace key="place_0594">Rudolstadt</pubPlace>, <publisher key="publ_2779">Müller</publisher>. à 35 Xr.</bibl>
<bibl id="hofm_1842_02_0021_11"><composer key="compo_002472">Berger (L.)</composer> <title>Oeuvres complèts p. Pfte (Cah. 6, cont. Oe. <opus key="opus_1584">22</opus>. Quinze Etudes. Liv. 1. – Oe. <opus key="opus_2509">36</opus>, Quatre Menuets</title>. <pubPlace key="place_0392">Leipzig</pubPlace>, <publisher key="publ_1746">Hofmeister</publisher>. geh. 1 Thlr. 20 Ngr. (Subscriptions-Pr. 1 Thlr. n.)</bibl>
<bibl id="hofm_1842_02_0021_12">– <title>Quatre Menuets. Oe. <opus key="opus_2509">36</opus></title>. Ebend. 22½ Ngr.</bibl>
<bibl id="hofm_1842_02_0021_13"><composer key="compo_002709">Bertini (H.)</composer> <title>Bildungs-Schule des Clavierspielers oder Zusammenstellung der unerlässlichsten Uebungen, um einen vollkommenen Mechanismus zu erwerben. Op. <opus key="opus_4436">84</opus>, in 2 Abtheilungen. <edition>Neue Aufl</edition></title>. <pubPlace key="place_0438">Mainz</pubPlace>, <publisher key="publ_3563">Schott</publisher>. à 2 Fl. 24 Xr.</bibl>
<bibl id="hofm_1842_02_0021_14">– <title>Mélodie dramatique p. Pfte</title> (Notre Temps). Ebend. 45 Xr.</bibl>
<bibl id="hofm_1842_02_0021_15"><composer key="compo_004706">Burgmüller (F.)</composer> <title>Grand Galop en Forme de Rondeau sur les Diamans de la Couronne. Opéra d’Auber p. Pfte. Oe. <opus key="opus_3988">70</opus></title>. Ebend. 1 Fl.</bibl>
<bibl id="hofm_1842_02_0021_16"><composer key="compo_004716">Burgmüller (Norb.)</composer> <title>Romance p. Pfte, extraite de la Sonate. Oe. <opus key="opus_4300">8</opus>, in <key>Des</key></title>. (av. Portrait de N. Burgmüller). <pubPlace key="place_0392">Leipzig</pubPlace>, <publisher key="publ_1746">Hofmeister</publisher>. 10 Ngr.</bibl>
<bibl id="hofm_1842_02_0021_17"><composer key="compo_005614">Chopin (F.)</composer> <title>Polonaise f. Pfte. Oe. <opus key="opus_2948">44</opus>, in <key>Fism</key></title>. <pubPlace key="place_0731">Wien</pubPlace>, <publisher key="publ_2605">Mechetti</publisher>. 1 Fl. 30 Xr.</bibl>
<pb n="22"/>
<bibl id="hofm_1842_02_0022_01"><composer key="compo_005614">Chopin (F.)</composer> <title>Allegro de Concert p. Pfte. Oe. <opus key="opus_3029">46</opus></title>. <pubPlace key="place_0392">Leipzig</pubPlace>, <publisher key="publ_0437">Br. u. Härtel</publisher>. 1 Thlr. 6 Ngr.</bibl>
<bibl id="hofm_1842_02_0022_02">– <title>Ballade p. Pfte. Oe. <opus key="opus_3071">47</opus></title>. Ebend. 24 Ngr.</bibl>
<bibl id="hofm_1842_02_0022_03">– <title>Deux Nocturnes p. Pfte. Oe. <opus key="opus_3105">48</opus></title>. Ebend. 27 Ngr.</bibl>
<bibl id="hofm_1842_02_0022_04">– <title>Fantaisie p. Pfte. Oe. <opus key="opus_3140">49</opus></title>. Ebend. 1 Thlr. 6 Ngr.</bibl>
<bibl id="hofm_1842_02_0022_05">– <title>Mazourka p. Pfte</title> (Notre Temps No. 2). <pubPlace key="place_0438">Mainz</pubPlace>, <publisher key="publ_3563">Schott</publisher>. 36 Xr.</bibl>
<bibl id="hofm_1842_02_0022_06"><composer key="compo_005623">Chotek (F.X.)</composer> <title>Anthologie musicale. Fantaisies brillantes sur les Motifs favoris d’Opéras nouveaux p. Pfte. Cah. 10, Donizetti, La Favorite (Richard et Mathilde). Oe. <opus key="opus_3204">50</opus></title>. <pubPlace key="place_0731">Wien</pubPlace>, <publisher key="publ_2605">Mechetti</publisher>. 1 Fl.</bibl>
<bibl id="hofm_1842_02_0022_07"><composer key="compo_005672">Chwatal (F.X.)</composer> <title>Vive la Prusse ! Fantaisie patriotique sur des chansons nationales prussiennes p. Pfte. Oe. <opus key="opus_3454">57</opus></title>. <pubPlace key="place_0436">Magdeburg</pubPlace>, <publisher key="publ_1560">Heinrichshofen</publisher>. 20 Ngr.</bibl>
<bibl id="hofm_1842_02_0022_08">– <title>Confitures musicales. Recueil de Compositions agréables et très faciles sur des Motifs favoris p. Pfte. Oe. <opus key="opus_3490">58</opus></title>. Ebend. 1 Thlr. 10 Ngr. </bibl><bibl id="hofm_1842_02_0022_09">– Dieselben einzeln: <title>No. 1, Rondino, Concert à la Cour. No. 2, Rondino, La Straniera. No. 3, Variations, Preciosa. No. 4. Divertissement, Le Postillon. No. 5, Rondino, Czaar und Zimmermann. No. 6, 3 Danses de Lortzing et Marliani. No. 7, Divertissement, La Favorite. No. 8, Rondino, Mosé en Egypte. No. 9, Variations, Valse autrichienne. No. 10, Variations, Romeo et Julie. No. 11, Rondino, Belisar. No. 12, Fantaisie, Le Barbier</title>. Ebend. à 5 Ngr.</bibl>
<bibl id="hofm_1842_02_0022_10"><composer key="compo_006306">Czerny (Ch.)</composer> <title>Impressions des Opéras. 3 Fantaisies sur les Motifs favoris chantés par célèbres Artistes p. Pfte. Oe. <opus key="opus_3791">648</opus>. Cah. 1, Bijoux à la Grisi et Persiani. Cah. 2, Bijoux à la Malibran et Pauline Garcia. Cah. 3, Bijoux à la Pasta et Rubini</title>. <pubPlace key="place_0731">Wien</pubPlace>, <publisher key="publ_2605">Mechetti</publisher>. à 1 Fl. 15 Xr.</bibl>
<bibl id="hofm_1842_02_0022_11">– <title>Réminiscences de l’Opéra. Deux Fantaisies sur les Motifs les plus favoris de l’Opéra : Les Martyrs (Les Romains à Melltène) p. Donizetti. Oe. <opus key="opus_3811">652</opus>. No. 1, in <key>F</key>. No. 2, in <key>Es</key></title>. Ebend. à 1 Fl.</bibl>
<bibl id="hofm_1842_02_0022_12">– <title>Scherzo p. Pfte. Oe. <opus key="opus_3881">671</opus></title>. (Notre Temps No. 1). <pubPlace key="place_0438">Mainz</pubPlace>, <publisher key="publ_3563">Schott</publisher>. 1 Fl.</bibl>
<bibl id="hofm_1842_02_0022_13"><composer key="compo_006610">Decker (Const.)</composer> <title>L’Exaucement. Fantaisie p. Pfte. Oe. <opus key="opus_1584">22</opus></title>. <pubPlace key="place_0392">Leipzig</pubPlace>, <publisher key="publ_1746">Hofmeister</publisher>. 15 Ngr.</bibl>
<bibl id="hofm_1842_02_0022_14"><composer key="compo_007721">Dütsch (O.J.A.)</composer> <title>Vier charakteristische Tonstücke f. Pfte. Op. <opus key="opus_0001">1</opus></title>. <pubPlace key="place_0392">Leipzig</pubPlace>, <publisher key="publ_1118">Friese</publisher>. 15 Ngr.</bibl>
<bibl id="hofm_1842_02_0022_15"><composer key="compo_010755">Gautsch (A. v.)</composer> <title>Tutti frutti. Musikalisches Potpourri über beliebte Melodien f. Pfte. Op. <opus key="opus_1165">18</opus></title>. <pubPlace key="place_0436">Magdeburg</pubPlace>, <publisher key="publ_1560">Heinrichshofen</publisher>. 15 Ngr.</bibl>
<bibl id="hofm_1842_02_0022_16"><composer key="compo_014051">Heller (St.)</composer> <title>La Chasse (Die Jagd) p. Pfte (in <key>Es</key>)</title>. <pubPlace key="place_0044">Berlin</pubPlace>, <publisher key="publ_3471">Schlesinger</publisher>. 17½ Ngr.</bibl>
<bibl id="hofm_1842_02_0022_17"><composer key="compo_014550">Herz (H.)</composer> <title>L’Ecrin des jeunes Pianistes. Album 1842. Op. <opus key="opus_0409">120</opus></title>. <pubPlace key="place_0438">Mainz</pubPlace>, <publisher key="publ_3563">Schott</publisher>. geh. 5 Fl. 24 Xr.</bibl>
<bibl id="hofm_1842_02_0022_18">– <title>La Carlotta Grisi. Grande Valse p. Pfte</title> (Notre Temps No. 12). Ebend. 1 Fl.</bibl>
<bibl id="hofm_1842_02_0022_19"><composer key="compo_016840">Kalliwoda (J.W.)</composer> <title>Valse mélancolique p. Pfte. Oe. <opus key="opus_0325">115</opus></title>. (Notre Temps No. 3). Ebend. 1 Fl.</bibl>
<bibl id="hofm_1842_02_0022_20"><composer key="compo_018273">Kontski (A. de)</composer> <title>Apparition au Bal. Scène p. Pfte. Op. <opus key="opus_3244">51</opus></title>. (Notre Temps No. 10). <pubPlace key="place_0438">Mainz</pubPlace>, <publisher key="publ_3563">Schott</publisher>. 45 Xr.</bibl>
<bibl id="hofm_1842_02_0022_21"><composer key="compo_018643">Krebs (Ch.)</composer> <title>Caprice brillante p. Pfte. No. 1. Oe. <opus key="opus_0216">109</opus>, in <key>Cm</key></title>. <pubPlace key="place_0276">Hamburg</pubPlace>, <publisher key="publ_0640">Cranz</publisher>. 20 Ngr.</bibl>
<bibl id="hofm_1842_02_0022_22"><composer key="compo_019507">Kücken (Fr.)</composer> <title>Variations brillantes sur un Thème allemand (Hannchen vor Allem) f. Pfte. Oe. <opus key="opus_0234">11</opus>. <edition>Nv. Edit</edition></title>. <pubPlace key="place_0392">Leipzig</pubPlace>, <publisher key="publ_4382">Whistling</publisher>. 15 Ngr.</bibl>
<pb n="23"/>
<bibl id="hofm_1842_02_0023_01"><composer key="compo_019119">Kullak (Th.)</composer> <title>La Danse des Sylphides (Elfenreigen). Pièce de Salon p. Pfte. Oe. <opus key="opus_3181">5</opus>, in <key>Es</key></title>. <pubPlace key="place_0044">Berlin</pubPlace>, <publisher key="publ_3471">Schlesinger</publisher>. 20 Ngr.</bibl>
<bibl id="hofm_1842_02_0023_02"><composer key="compo_020014">Lanner (Jos.)</composer> <title>Der Schwärmer. Potpourri f. Pfte. Oe. <opus key="opus_1016">163</opus></title>. <pubPlace key="place_0731">Wien</pubPlace>, <publisher key="publ_2605">Mechetti</publisher>. 1 Fl.</bibl>
<bibl id="hofm_1842_02_0023_03"><composer key="compo_020503">Lemoine (H.)</composer> <title>Bagatelle sur les Motifs du pas dansé par Mlle Natalie Fitz-James et Mabille musique de Fr. Burgmüller, intercalé dans le Ballet de Giselle p. Pfte</title>. <pubPlace key="place_0438">Mainz</pubPlace>, <publisher key="publ_3563">Schott</publisher>. 1 Fl.</bibl>
<bibl id="hofm_1842_02_0023_04"><composer key="compo_020816">Lickl (C. Georg)</composer> <title>Mondnächte. Elegien f. Pfte. Op. <opus key="opus_3738">63</opus></title>. (Frau Clara Schumann gewidmet) mit Vign. <pubPlace key="place_0392">Leipzig</pubPlace>, <publisher key="publ_1746">Hofmeister</publisher>. 25 Ngr.</bibl>
<bibl id="hofm_1842_02_0023_05"><composer key="compo_021640">Löschhorn (A.)</composer> <title>Etude p. Pfte. Oe. <opus key="opus_2116">3</opus></title>. <pubPlace key="place_0044">Berlin</pubPlace>, <publisher key="publ_0952">Esslinger u. Co</publisher>. 17½ Ngr.</bibl>
<bibl id="hofm_1842_02_0023_06"><composer key="compo_022612">Mayer (Ch.)</composer> <title>Grande Fantaisie dramatique p. Pfte. Oe. <opus key="opus_3351">54</opus>. <edition>Nouv. Edit</edition></title>. <pubPlace key="place_0392">Leipzig</pubPlace>, <publisher key="publ_1746">Hofmeister</publisher>. 1 Thlr.</bibl>
<bibl id="hofm_1842_02_0023_07"><composer key="compo_022904">Mendelssohn-Bartholdy (F.)</composer> <title>Praeludium et Fuge p. Pfte</title> (Notre Temps No. 7). <pubPlace key="place_0438">Mainz</pubPlace>, <publisher key="publ_3563">Schott</publisher>. 1 Fl. 12 Xr.</bibl>
<album id="hofm_1842_02_0023_08"><title>Neuigkeiten im eleganten Style f. Pfte. No. 1, Cavatine-Polonaise (Sévère existe) in der Oper: Les Martyrs von <composer key="compo_007196">Donizetti</composer>. No. 2, Chor der Damen (Ihr Mädchen kommt) aus der Oper: Die Hugenotten von <composer key="compo_023267">Meyerbeer</composer>. No. 3, Frauen-Chor (Ah! io tremo aus der Oper: La Favorite von <composer key="compo_007196">Donizetti</composer>. No. 4, Cavatine (Ah quel guardo) in der Oper: Il Templario von <composer key="compo_024797">Nicolai</composer>. No. 5, Hochzeits-Chor (An den Tag hoher Lust) aus der Oper: Die Hugenotten von <composer key="compo_023267">Meyerbeer</composer>. No. 6, Chor (La Reine va venir) aus der Oper: Les Diamans de la Couronne von <composer key="compo_001075">Auber</composer></title>. <pubPlace key="place_0731">Wien</pubPlace>, <publisher key="publ_1506">Haslinger</publisher>. à 30 Xr.</album>
<bibl id="hofm_1842_02_0023_09"><composer key="compo_025060">Nowakowsky (Jos.)</composer> <title>Six Mazourkas p. Pfte. Oe. <opus key="opus_0806">15</opus></title>. <pubPlace key="place_0731">Wien</pubPlace>, <publisher key="publ_2605">Mechetti</publisher>. 30 Xr.</bibl>
<bibl id="hofm_1842_02_0023_10"><composer key="compo_025440">Osborne (G.A.)</composer> <title>Marie, Rèverie p. Pfte. Oe. <opus key="opus_2509">36</opus></title>. (Notre Temps No. 11). <pubPlace key="place_0438">Mainz</pubPlace>, <publisher key="publ_3563">Schott</publisher>. 54 Xr.</bibl>
<bibl id="hofm_1842_02_0023_11"><composer key="compo_026588">Plachy (W.)</composer> <title>Délices des Opéras de Donizetti. Petites Fantaisies faciles et brillantes p. Pfte. Oe. <opus key="opus_4671">95</opus>. No. 5, La Figlia del Reggimento. No. 6, Furioso. No. 7, Gemma di Vergy. No. 6, Lucia di Lammermoor. No. 9, Lucrezia Borgia</title>. <pubPlace key="place_0731">Wien</pubPlace>, <publisher key="publ_2605">Mechetti</publisher>. à 30 Xr.</bibl>
<bibl id="hofm_1842_02_0023_12"><title>Potpourri d’après des Thèmes favoris de l’Opéra : Le Guitarrero. Musique de Halevy p. Pfte</title>. <pubPlace key="place_0276">Hamburg</pubPlace>, <publisher key="publ_0640">Cranz</publisher>. 17½ Ngr.</bibl>
<bibl id="hofm_1842_02_0023_13"><composer key="compo_028886">Rosenhain (J.)</composer> <title>Agitato p. Pfte</title> (Notre Temps No. 4). <pubPlace key="place_0438">Mainz</pubPlace>, <publisher key="publ_3563">Schott</publisher>. 45 Xr.</bibl>
<wip id="hofm_1842_02_0023_14"><composer key="compo_031364">Schunke (Ch.)</composer> <title>Erster Unterricht (Simples leçons). Leichteste Stücke m. Fingersatz a. d. neuesten Opern. Op. <opus key="opus_2948">44</opus></title>. <title>No. 1–6</title>, 10 Ngr. <title>No. 7–9</title>, 10 Ngr. <title>No. 10–12</title>, 10 Ngr. <pubPlace key="place_0044">Berlin</pubPlace>, <publisher key="publ_3471">Schlesinger</publisher>.</wip>
<wip id="hofm_1842_02_0023_15">– <title>Diorama der Jugend. Leichte Stücke mit Fingersatz aus d. neuesten Opern f. Pfte. Op. <opus key="opus_2948">44</opus></title>. <title>No. 1</title>, 7½ Ngr. <title>No. 2, 3</title>, 7½ Ngr. <title>No. 4, 5</title>, 7½ Ngr. <title>No. 6, 7</title>, 10 Ngr. <title>No. 8</title>, 7½ Ngr. <title>No. 9</title>, 7½ Ngr.</wip>
<bibl id="hofm_1842_02_0023_16"><composer key="compo_034322">Thalberg (S.)</composer> <title>Romance variée p. Pfte (in <key>Es</key>.)</title> (Notre Temps No. 5.) <pubPlace key="place_0438">Mainz</pubPlace>, <publisher key="publ_3563">Schott</publisher>. 45 Xr.</bibl>
<bibl id="hofm_1842_02_0023_17"><composer key="compo_035427">Vespermann (Marie)</composer> <title>Intr. et Rondeau p. Pfte. Oe. <opus key="opus_3565">6</opus>, in <key>Am</key></title>. <pubPlace key="place_0475">München</pubPlace>, <publisher key="publ_0996">Falter</publisher>. 1 Fl. 3 Xr.</bibl>
<bibl id="hofm_1842_02_0023_18"><composer key="compo_037491">Wolff (E.)</composer> <title>4 Mazurkas p. Pfte. Oe. <opus key="opus_1165">18</opus>, 4me Liv. de Mazurkas</title>. <pubPlace key="place_0438">Mainz</pubPlace>, <publisher key="publ_3563">Schott</publisher>. 1 Fl. 12 Xr.</bibl>
<bibl id="hofm_1842_02_0023_19">– <title>Souvenir de Pornic. 5 Valses brillant p. Pfte. Oe. <opus key="opus_2576">37</opus></title>. Ebend. 1 Fl.</bibl>
<pb n="24"/>
<bibl id="hofm_1842_02_0024_01"><composer key="compo_037491">Wolff (E.)</composer> <title>Fantaisie sur l’Opéra : Lucrèze Borgía de Donizetti p. Pfte. Oe. <opus key="opus_2804">41</opus>, in <key>Es</key></title>. <pubPlace key="place_0438">Mainz</pubPlace>, <publisher key="publ_3563">Schott</publisher>. 1 Fl. 12 Xr.</bibl>
<bibl id="hofm_1842_02_0024_02">– <title>Nocturne p. Pfte. Oe. <opus key="opus_3029">46</opus>, in <key>As</key></title>. Ebend. 54 Xr.</bibl>
<bibl id="hofm_1842_02_0024_03">– <title>Nocturne p. Pfte</title> (Notre Temps No. 9). Ebend. 36 Xr.</bibl>
</div><div id="hofm_1842_02_0024_div11"><head><hofClass key="hofCl_0288">Tänze für das Pianoforte.</hofClass></head>
<bibl id="hofm_1842_02_0024_04"><composer key="compo_002300">Bendl (C.)</composer> <title>Schluss-Punkte. Walzer f. Pfte. Op. <opus key="opus_2347">33</opus></title>. <pubPlace key="place_0731">Wien</pubPlace>, <publisher key="publ_1506">Haslinger</publisher>. 45 Xr.</bibl>
<bibl id="hofm_1842_02_0024_05"><composer key="compo_007598">Duvernoy (J.)</composer> <title>Deux Valses brillantes p. Pfte. Oe. <opus key="opus_0806">15</opus></title>. <pubPlace key="place_0392">Leipzig</pubPlace>, <publisher key="publ_2017">Kistner</publisher>. 7½ Ngr.</bibl>
<bibl id="hofm_1842_02_0024_06"><title>Favorit-Galoppen, Polkas etc. (Prager) f. Pfte. No. 69, 70, Straka (J.) Frühlings- und Francilla-Polka für Pfte</title>. <pubPlace key="place_0554">Prag</pubPlace>, <publisher key="publ_1729">Hoffmann</publisher>. à 15 Xr.</bibl>
<wip id="hofm_1842_02_0024_07"><title>Fleurs (les) de la France. Collection des meilleurs Danses francaises p. Pfte</title>. <title>No. 3, Quadrille d’après les Valses de F. Burgmüller: Souvenir de Ratisbonne</title>. 30 Xr. <title>No. 4, Giselle</title>. 15 Xr. <title>No. 5, Raab (J.) Contredanses</title>. 20 Xr. Ebend.</wip>
<bibl id="hofm_1842_02_0024_08"><composer key="compo_013806">Heidenreich (A.)</composer> <title>Erheiterungen. 12 Tänze f. Pfte. (Polonaise, 6 Polka, 2 Galoppen, Walzer, Recdowa u. Ecossaise à la Figaro.)</title> <pubPlace key="place_0082">Breslau</pubPlace>, <publisher key="publ_4319">Weinhold</publisher>. 12½ Ngr.</bibl>
<bibl id="hofm_1842_02_0024_09"><composer key="compo_014042">Heller (J.G.)</composer> <title>Galopp über Prüme’s Melancholie f. Pfte</title>. <pubPlace key="place_0438">Mainz</pubPlace>, <publisher key="publ_3563">Schott</publisher>. 18 Xr.</bibl>
<bibl id="hofm_1842_02_0024_10"><composer key="compo_014842">Hilmar (Fr.)</composer> <title>Dritte Guirlande der beliebtesten Polka f. Pfte. Op. <opus key="opus_2116">3</opus>. (Theresien-Georginen-Ernestinen-Polka.)</title> <pubPlace key="place_0554">Prag</pubPlace>, <publisher key="publ_1729">Hoffmann</publisher>. 30 Xr.</bibl>
<bibl id="hofm_1842_02_0024_11"><composer key="compo_016702">K. (R. v.)</composer> <title>Walzer f. Pfte</title>. <pubPlace key="place_0475">München</pubPlace>, <publisher key="publ_0996">Falter</publisher>. 54 Xr.</bibl>
<bibl id="hofm_1842_02_0024_12"><composer key="compo_019654">Labitzky (Jos.)</composer> <title>Dessauer Galopp f. Pfte. Op. <opus key="opus_4017">71</opus></title>. <pubPlace key="place_0554">Prag</pubPlace>, <publisher key="publ_1729">Hoffmann</publisher>. 30 Xr.</bibl>
<bibl id="hofm_1842_02_0024_13">– <title>Le Bal à l’Isle de Sophie. Collection de Quadrilles arr. d’après des Melodies des Opéras favoris p. Pfte. No. 7, Les Treize par Halevy</title>. Ebend. 30 Xr.</bibl>
<bibl id="hofm_1842_02_0024_14"><composer key="compo_020014">Lanner (Jos.)</composer> <title>Ungarischer Nationaltanz f. Pfte. Op. <opus key="opus_1051">168</opus></title>. <pubPlace key="place_0731">Wien</pubPlace>, <publisher key="publ_2605">Mechetti</publisher>. 30 Xr.</bibl>
<bibl id="hofm_1842_02_0024_15">– <title>Souvenir des Artistes. Quadrille f. Pfte. Op. <opus key="opus_1210">184</opus></title>. <pubPlace key="place_0731">Wien</pubPlace>, <publisher key="publ_1506">Haslinger</publisher>. 30 Xr.</bibl>
<bibl id="hofm_1842_02_0024_16">– <title>Les Adieux. Walzer f. Pfte. Op. <opus key="opus_1220">185</opus></title>. Ebend. 45 Xr.</bibl>
<bibl id="hofm_1842_02_0024_17">– Idem im leichten Style f. Pfte (Tanz-Salon 11tes Heft). Ebend. 30 Xr.</bibl>
<bibl id="hofm_1842_02_0024_18">– <title>Der Kinder-Ball. Album der beliebtesten Walzer etc. im leichten Style f. Pfte. 19tes Heft, Quadrille. Op. <opus key="opus_0840">151</opus>. 20tes Heft, Tourbillon-Malapou-Nymphen-Galopp</title>. <pubPlace key="place_0731">Wien</pubPlace>, <publisher key="publ_2605">Mechetti</publisher>. 30 Xr.</bibl>
<bibl id="hofm_1842_02_0024_19"><title>Lätitia. Eine Sammlung der ausgewähltesten Tänze und Walzer. No. 24, Sturm-Galopp. Polka</title>. <pubPlace key="place_0280">Hannover</pubPlace>, <publisher key="publ_2808">Nagel</publisher>. 5 Ngr.</bibl>
<bibl id="hofm_1842_02_0024_20"><composer key="compo_020900">Liehmann. (Jos.)</composer> <title>Walzer über die beliebtesten Melodien aus der Oper: Czaar und Zimmermann f. Pfte. Op. <opus key="opus_1390">20</opus></title>. <pubPlace key="place_0554">Prag</pubPlace>, <publisher key="publ_1729">Hoffmann</publisher>. 45 Xr.</bibl>
<bibl id="hofm_1842_02_0024_21"><composer key="compo_022592">M(ax) H(erzog)</composer> <title>Abend-Klänge. Walzer f. Pfte</title>. <pubPlace key="place_0475">München</pubPlace>, <publisher key="publ_0996">Falter</publisher>. 54 Xr.</bibl>
<bibl id="hofm_1842_02_0024_22"><composer key="compo_027982">Reissiger (C.G.)</composer> <title>Pas de deux aus der Oper: Adèle de Foix für Pfte</title>. <pubPlace key="place_0392">Leipzig</pubPlace>, <publisher key="publ_1746">Hofmeister</publisher>. 7½ Ngr.</bibl>
<album id="hofm_1842_02_0024_23"><title>Rheinländer (die) Sammlung beliebter Polkas, Galoppen etc. f. Pfte. No. 10, 11, <composer key="compo_031138">Schubert (P.)</composer> Der Deutsche Rhein- u. Rubini-Polka. No. 12–15, <composer key="compo_017767">Kliegl</composer>, Carolus-, Emser Favorit-, Apollos-Strahles-Polka und Hermanns-Galoppe</title>. <pubPlace key="place_0438">Mainz</pubPlace>, <publisher key="publ_3563">Schott</publisher>. à 18 Xr.</album>
<pb n="25"/>
<bibl id="hofm_1842_02_0025_01"><composer key="compo_028972">Rossini (J.)</composer> <title>Valse p. Pfte (in <key>Es</key>.)</title> <pubPlace key="place_0044">Berlin</pubPlace>, <publisher key="publ_3471">Schlesinger</publisher>. 5 Ngr.</bibl>
<album id="hofm_1842_02_0025_02"><title>Sammlung beliebter Gesellschafts-Tänze für Pfte. No. 1, Beliebte Stöckel-Polka. No. 2–4, <composer key="compo_035180">Unverricht</composer>, Bertha-Vergissmeinnicht u. Abenthener-Polka</title>. <pubPlace key="place_0082">Breslau</pubPlace>, <publisher key="publ_0640">Cranz</publisher>. à 5 Ngr.</album>
<bibl id="hofm_1842_02_0025_03"><composer key="compo_029888">Schacht (M.)</composer> <title>Lieblings-Tänze f. Pfte. No. 14, Schlummer-Walzer</title>. <pubPlace key="place_0280">Hannover</pubPlace>, <publisher key="publ_2808">Nagel</publisher>. 10 Ngr.</bibl>
<bibl id="hofm_1842_02_0025_04"><composer key="compo_033569">Strauss (Joh.)</composer> <title>Die Wettrenner. Walzer f. Pfte. Op. <opus key="opus_0569">131</opus></title>. <pubPlace key="place_0731">Wien</pubPlace>, <publisher key="publ_1506">Haslinger</publisher>. 45 Xr.</bibl>
<bibl id="hofm_1842_02_0025_05">– Idem im leichten Style f. Pfte (Die junge Tänzerin 29tes Heft). Ebend. 30 Xr.</bibl>
</div><div id="hofm_1842_02_0025_div12"><head><hofClass key="hofCl_0250">Märsche für das Pianoforte.</hofClass></head>
<bibl id="hofm_1842_02_0025_06"><composer key="compo_017388">Kiel (A.)</composer> <title>Fest-Marsch bei Gelegenheit der Schliessung des Grundsteingewölbes des Herrmanns-Denkmals f. Pfte. Op. <opus key="opus_0234">11</opus></title>, <pubPlace key="place_0280">Hannover</pubPlace>, <publisher key="publ_2808">Nagel</publisher>. 7½ Ngr.</bibl>
<bibl id="hofm_1842_02_0025_07"><title>Sammlung der beliebtesten preuss. Armeemärsche comp. von Friedrich dem Grossen, Friedrich Wilhelm III. Prinzessin Withelm und Albrecht, Prinz Friedrich, Kronprinz von Hannover und Schweden u. a. m. einger. für Pfte. 1stes Heft</title>. <pubPlace key="place_0044">Berlin</pubPlace>, <publisher key="publ_3471">Schlesinger</publisher>. 15 Ngr.</bibl>
</div><div id="hofm_1842_02_0025_div13"><head><hofClass key="hofCl_0225">Musik für die Orgel.</hofClass></head>
<bibl id="hofm_1842_02_0025_08"><composer key="compo_014623">Hesse (Ad.)</composer> <title>God save the King! Zum Gebrauch bei Orgel-Concerten. Op. <opus key="opus_3875">67. No. 38</opus> der Orgel-Compositionen</title>. <pubPlace key="place_0082">Breslau</pubPlace>, <publisher key="publ_0640">Cranz</publisher>. 12½ Ngr.</bibl>
</div><div id="hofm_1842_02_0025_div14"><head><hofClass key="hofCl_0068">Kirchen-Musik.</hofClass></head>
<bibl id="hofm_1842_02_0025_09"><composer key="compo_001045">Assmayr (Ign.)</composer> <title>Saul und David. Dramatisches Oratorium von C. Küffner. Op. <opus key="opus_3140">49</opus>. <format>Partitur</format></title>. (Mit Assmayr’s Portrait.) <pubPlace key="place_0731">Wien</pubPlace>, <publisher key="publ_1506">Haslinger</publisher>. geh. 20 Fl.</bibl>
<bibl id="hofm_1842_02_0025_10"><composer key="compo_004926">Böhm (C.L.)</composer> <title>Leichte Vocalmesse f. einstimmigen Chor, mit vierstimmigen Solis abwechselnd mit Orgelbegl. <format>Partitur</format></title>. 4. <pubPlace key="place_0359">Constanz</pubPlace>, <publisher key="publ_1796">Hug</publisher>. 40 Xr. n.</bibl>
<bibl id="hofm_1842_02_0025_11">– <title>Discant-Alt u. Chorstimme zu do</title>. Ebend. 8 Xr. n.</bibl>
<bibl id="hofm_1842_02_0025_12">– <title>Bass-Tenor u. Chorstimme</title>. Ebend. 6 Xr.</bibl>
<bibl id="hofm_1842_02_0025_13"><composer key="compo_008640">Est (L.B.)</composer> <title>Kurze lateinische Vesperpsalmen f. Sopr., Alt, Tenor, Bass u. Orgel</title>. <pubPlace key="place_0475">München</pubPlace>, <publisher key="publ_0996">Falter</publisher>. 2 Fl. 15 Xr.</bibl>
<bibl id="hofm_1842_02_0025_14"><composer key="compo_010862">Geissler (C.)</composer> <title>Choral-Melodieen zu den Kirchengesängen mit Bücksicht auf alle im Königreich Sachsen eingeführten Liedersammlungen für Bürger- und Landschulen. <edition>4te Aufl</edition></title>. 8. <pubPlace key="place_0392">Leipzig</pubPlace>, <publisher key="publ_0894">Eisenach</publisher>. 4 Ngr. n.</bibl>
<wip id="hofm_1842_02_0025_15"><composer key="compo_017190">Keller (M.)</composer> <title>3 lateinische Messen f. Landchöre f. eine Singst. und Orgel oblig. Alt u. Bass, 2 Violinen, 2 Hörner u. 2 Trompeten ad lib</title>. <title>No. 2, in <key>D</key>.<key>F</key></title>. 1 Fl. 54 Xr. <title>No. 3, in <key>F</key>.<key>B</key></title>. 2 Fl. <pubPlace key="place_0475">München</pubPlace>, <publisher key="publ_0996">Falter</publisher>.</wip>
<bibl id="hofm_1842_02_0025_16"><composer key="compo_022904">Mendelssohn-Bartholdy (F.)</composer> <title>Der 95ste Psalm (Kommt, lasst uns anbeten) für Chor u. Orchester. Op. <opus key="opus_3029">46</opus>. <format>Clavierauszug</format></title>. <pubPlace key="place_0392">Leipzig</pubPlace>, <publisher key="publ_2017">Kistner</publisher>. 2 Thlr. 10 Ngr.</bibl>
<bibl id="hofm_1842_02_0025_17">– <title>do. <format>Orchesterstimmen</format></title>. Ebend. 3 Thlr. 20 Ngr.</bibl>
<bibl id="hofm_1842_02_0025_18">– <title>do. <format>Singstimmen</format></title>. Ebend. 1 Thlr. 15 Ngr.</bibl>
<pb n="26"/>
<bibl id="hofm_1842_02_0026_01"><composer key="compo_025659">Palmer (Chr.)</composer> <title>3 Cantaten f. einen Singcher mit Begl. d. Orgel u. einiger Blasinstrumente nebst Bass. Partitur. (Macht hoch das Thor – Wer ist würdig – Ja, Tag des Herrn)</title>. <pubPlace key="place_0662">Stuttgart</pubPlace>, <publisher key="publ_3890">Steinkopf</publisher>. 2 Fl. (Jede Cantate einzeln à 48 Xr.)</bibl>
<bibl id="hofm_1842_02_0026_02"><composer key="compo_028970">Rossini (G.)</composer> <title>Stabat mater p. 2 Soprani, Tenore et Basso et Choeur à 4 ou 5 Voix. <format>Klavier-Auszug</format></title>. <pubPlace key="place_0438">Mainz</pubPlace>. <publisher key="publ_3563">Schott</publisher>. geh. 6 Fl.</bibl>
<bibl id="hofm_1842_02_0026_03"><composer key="compo_031800">Sechter (S.)</composer> <title>Zweite kleine Landmesse f. 2 Singstimmen m. Begl. d. Orgel. Op. <opus key="opus_3767">64</opus></title>. <pubPlace key="place_0731">Wien</pubPlace>, <publisher key="publ_2605">Mechetti</publisher>. 1 Fl. 30 Xr.</bibl>
</div><div id="hofm_1842_02_0026_div15"><head><hofClass key="hofCl_0021">Gesangstücke für Concertmusik mit Begleitung mehrerer Instrumente.</hofClass></head>
<bibl id="hofm_1842_02_0026_04"><composer key="compo_000727">Anschütz (C.)</composer> <title>Fest-Hymne f. Tenor-Solo und vierstimmigen Männerchor, m. Begl. d. Militair-Musik. Op. <opus key="opus_1372">2</opus>. <format>Partitur</format> (Dem König, ihr Preussen alle)</title>. <pubPlace key="place_0069">Bonn</pubPlace>, <publisher key="publ_2734">Mompour</publisher>. 25 Ngr.</bibl>
<bibl id="hofm_1842_02_0026_05"><composer key="compo_001434">Banck (C.)</composer> <title>Abendruh. Lied f. eine Singatimme m. Begl. v. Violoncelle oder Horn u. Pfte. Op. <opus key="opus_2915">43</opus>. (Es weiden die Heerden am Felsenhang)</title>. <pubPlace key="place_0594">Rudolstadt</pubPlace>, <publisher key="publ_2779">Müller</publisher>. 1 Fl.</bibl>
</div><div id="hofm_1842_02_0026_div16"><head><hofClass key="hofCl_0102">Mehrstimmige Gesänge mit und ohne Pianoforte.</hofClass></head>
<bibl id="hofm_1842_02_0026_06"><composer key="compo_010494">Gabussi (V.)</composer> <title>Dodici Duettini de Camera con Acc. di Pfte. Prima Collezione</title>. <pubPlace key="place_0731">Wien</pubPlace>, <publisher key="publ_2605">Mechetti</publisher>. 3 Fl.</bibl>
<wip id="hofm_1842_02_0026_07">– Dieselben einzeln. <title>No. 1, Il Rivedere. Das Wiedersehn</title>. <title>No. 2, Il Duolo d’Amere. Liebesschmerz</title>. 30 Xr. <title>No. 3, La Colomba. Das Täubchen</title>. 30 Xr. <title>No. 4, Il Tempo. Die Zeit</title>. 30 Xr. <title>No. 5, La Moda. Die Mode</title>. 45 Xr. <title>No. 6, La Ronda. Die Runde</title>. 1 Fl. Ebend.</wip>
<bibl id="hofm_1842_02_0026_08"><composer key="compo_019507">Kücken (Fr.)</composer> <title>3 Duetten f. zwei Sopran-Stimmen m. Begl. d. Pfte. Op. <opus key="opus_4300">8</opus>. <edition>Zweite Aufl</edition></title>. <pubPlace key="place_0392">Leipzig</pubPlace>, <publisher key="publ_4382">Whistling</publisher>. 15 Ngr.</bibl>
<bibl id="hofm_1842_02_0026_09">– <title>3 Duetten f. zwei Sopran-Stimmen m. Begl. d. Pfte. Op. <opus key="opus_0806">15</opus>. 2tes Heft der Duette. <edition>Neue Aufl</edition></title>. Ebend. 15 Ngr.</bibl>
<bibl id="hofm_1842_02_0026_10"><composer key="compo_019684">Lachner (Fr.)</composer> <title>3 Gesäage f. 4 Männerstimmen. Cah. 1. Op. <opus key="opus_3767">64</opus> (Was macht der Lenz? – So sanft wie auf den Zweigen – Wenn wir am frühen Morgen). Cah. 2. Op. <opus key="opus_3798">65</opus> (Wann der Trunk am besten schmeckt – Holder Schlummer steige nieder – Lasst die Nachtigallen klagen). Cah. 3. Op. <opus key="opus_3825">66</opus> (Ihr fraget was die Liebe sey – Du bist uns treu getiebter Mai! – Schläfst du Holde). <format>Partitur u. Stimmen</format></title>. <pubPlace key="place_0475">München</pubPlace>, <publisher key="publ_0996">Falter</publisher>. à 1 Fl. 48 Xr.</bibl>
<bibl id="hofm_1842_02_0026_11"><title>Liederhalle (deutsche) Vollständige Sammlung der beliebtesten älteren und neueren, sowie bisher noch ungedruckter Lieder und Gesänge mit mohrstimmigen Melodien, herausgegeben von Täglichsbeck. Heft 1. 2</title>. 12vo. <pubPlace key="place_0662">Stuttgart</pubPlace>, <publisher key="publ_1400">Göpel</publisher>. geh. à 24 Xr. n.</bibl>
<bibl id="hofm_1842_02_0026_12"><composer key="compo_021681">Löwe (C.)</composer> <title>3 Gesänge für Sopran, Alt, Tenor und Bass. Op. <opus key="opus_4542">89</opus>. 1stes Heft. <format>Partitur und Stimmen</format> (O Lindenblüthe süsser Duft – Und frische Nahrung, neues Blut – Dich soll mein Lied erheben)</title>. 8 <pubPlace key="place_0044">Berlin</pubPlace>, <publisher key="publ_3471">Schlesinger</publisher>. 20 Ngr.</bibl>
<bibl id="hofm_1842_02_0026_13">* <composer key="compo_022421">Masini (F.)</composer> <title>Que les Hivers sont courts (Wie kurz ist doch der Winter) Nocturne à 2 Voix av. Pfte</title>. <pubPlace key="place_0438">Mainz</pubPlace>, <publisher key="publ_3563">Schott</publisher>. 18 Xr.</bibl>
<bibl id="hofm_1842_02_0026_14">* – <title>Sous l’Amandler fleuri (Unter dem blühenden Mandelbaum) Duettino av. Pfte</title>. Ebend. 18 Xr. <lb/>(Choix d’Airs et de Duettinos. No. 565. 570.)</bibl>
<pb n="27"/>
<bibl id="hofm_1842_02_0027_01"><composer key="compo_023268">Meyerbeer (G.)</composer> <title>Kindergebet-Preces-Prsore f. 2 Soprane und Alt</title>. <pubPlace key="place_0044">Berlin</pubPlace>, <publisher key="publ_3471">Schlesinger</publisher>. 7½ Ngr.</bibl>
<bibl id="hofm_1842_02_0027_02"><composer key="compo_023890">Mozart (W.A.)</composer> <title>3 Gesang-Stücke f. 6 und 4 Mänerstimmen sing. von Kunz und Stuntz. Bei der Erhebungs-Feier des für Mozart nach Salzburg bestimmten Monumentes aufgef</title>. <pubPlace key="place_0475">München</pubPlace>, <publisher key="publ_0996">Falter</publisher>. 15 Xr.</bibl>
<bibl id="hofm_1842_02_0027_03"><composer key="compo_024808">Nicolai (O.)</composer> <title>Duett f. Sopran u. Bass mit Begl. des Pfte. Op. <opus key="opus_1372">2</opus>. <edition>3te Aufl</edition>. (Wenn sauft des Abends)</title>. <pubPlace key="place_0392">Leipzig</pubPlace>, <publisher key="publ_4382">Whistling</publisher>. 7½ Ngr.</bibl>
<bibl id="hofm_1842_02_0027_04"><composer key="compo_033282">Stern (Jul.)</composer> <title>Scene aus der Oper: Ismene, f. concertirenden Sopran, Mezzo-Sopran u. Alt m. Begl. d. Pfte. Op. <opus key="opus_0234">11</opus>. <format>Partitur u. Stimmen</format> (Freundinnen kommt – Ah! dilegnate)</title>. <pubPlace key="place_0436">Magdeburg</pubPlace>, <publisher key="publ_1560">Heinrichshofen</publisher>. 1 Thlr.</bibl>
</div><div id="hofm_1842_02_0027_div17"><head><hofClass key="hofCl_0268">Opernmusik mit Pianofortebegleitung.</hofClass></head>
<bibl id="hofm_1842_02_0027_05"><composer key="compo_001079">Auber (D.F.E.)</composer> <title>Die Krondiamanten (Les Diamans de la Couronne). Komische Oper in 3 Akten nach dem Franz. d. Scribe u. St. Georges für die deutsche Bühne bearbeitet von W.A. Swobeda. <format>Vollständiger Clavier-Auszug</format> mit französ. u. deutschem Texte</title>. <pubPlace key="place_0438">Mainz</pubPlace>, <publisher key="publ_3563">Schott</publisher>. 14 Fl. 24 Xr.</bibl>
<bibl id="hofm_1842_02_0027_06"><composer key="compo_007199">Donizetti (G.)</composer> <title>Die Favoritin. No. 8 (a.) Duo f. Sopran u. Contrealt: Leonore warum traurig (Léonor pour-quoi triste)</title>. <pubPlace key="place_0044">Berlin</pubPlace>, <publisher key="publ_3471">Schlesinger</publisher>. 15 Ngr.</bibl>
<bibl id="hofm_1842_02_0027_07"><composer key="compo_013060">Halevy (F.)</composer> <title>Scene f. Tenor od. Sopran aus No. 22 der Jüdin, gesungen von F. Wild (Die Rache sei vollbracht – J’ai fait péser)</title>. Ebend. 12½ Ngr.</bibl>
<bibl id="hofm_1842_02_0027_08"><composer key="compo_019684">Lachner (Fr.)</composer> <title>2 Romanzen aus der Oper: Alidia (Von fernem Meeresstrande – Nimmer will es mir tagen)</title>. <pubPlace key="place_0475">München</pubPlace>, <publisher key="publ_0996">Falter</publisher>. 45 Xr.</bibl>
<wip id="hofm_1842_02_0027_09"><composer key="compo_024153">Müller (Ad.)</composer> <title>Das Mädl aus der Vorstadt. Posse von Nestroy</title>. <title>No. 1, Lied: Lasst man ein Jeden sein Freud</title>. 30 Xr. <title>No. 2, Quodlibet: Singen kann der Mensch auf unzählige Arten</title>. 1 Fl. 15 Xr. <pubPlace key="place_0731">Wien</pubPlace>, <publisher key="publ_1506">Haslinger</publisher>.</wip>
<wip id="hofm_1842_02_0027_10"><composer key="compo_027982">Reissiger (C.G.)</composer> <title>Adèle de Foix. Grosse Oper in 4 Acten</title>. <title>No. 3, Duett (2 Soprane) Welch’ ein Leben, welche Wonne</title>, 15 Ngr. <title>No. 4, Romance [Königslied] (Sopran) Der an des tapfern Heeres Spitze</title>, 10 Ngr. <title>No. 7, Rec. u. Arie (Barit.) Wie öd’ u. traurig ist und war mein Leben</title>, 12½ Ngr. <title>No. 8, Duett (Sopran u. Bariton) Wo kommst du her</title>? 12½ Ngr. <title>No. 11, Narrenlied (Bariton) Die Lust durchweht die reichgeschmückten Hallen</title>, 10 Ngr. <title>No. 13, Rec. u. Arie, (Tenor) Gleich dem Schmetterlinge leicht und fröhlich</title>, 12½ Ngr. <title>No. 14, Duettino (Bariton u. Bass) Nur ohne Sorgen</title>. 7½ Ngr. <title>No. 15, Cavatine (Sopran) Dich pflücke ich, die hier so einsam blüht</title>, 10 Ngr. <title>No. 18. Preghiera (Sopran) Lass auf Abendwindes Schwingen</title>, 7½ Ngr. <title>No. 19. Scene und Duettino (2 Soprane) In der Abendsonne Strahlen</title>, 10 Ngr. <pubPlace key="place_0392">Leipzig</pubPlace>, <publisher key="publ_1746">Hofmeister</publisher>.</wip>
</div><div id="hofm_1842_02_0027_div18"><head><hofClass key="hofCl_0040">Gesänge für eine Stimme mit Begleitung des Pianoforte.</hofClass></head>
<album id="hofm_1842_02_0027_11"><title>Album de la Revue musicale belge. Romanzes et Duettino composées par <composer key="compo_003877">Bouillon</composer>, <composer key="compo_007583">Duval</composer>, <composer key="compo_008738">Eykens</composer>, <composer key="compo_011948">Gregoir</composer>, <composer key="compo_020939">Limeander</composer>, <composer key="compo_023275">Meynne</composer>, <composer key="compo_026000">de Pellaert</composer> et <composer key="compo_011375">de Glimes</composer></title>. <pubPlace key="place_0438">Mainz</pubPlace>, <publisher key="publ_3563">Schott</publisher>. 3 Fl. 36 Xr.</album>
<pb n="28"/>
<bibl id="hofm_1842_02_0028_01"><composer key="compo_001079">Auber (D.F.E.)</composer> <title>Le Cri de Charité (Der Ruf des Mitleids). Stances de Lamartine</title>. Aurora No. 20. <pubPlace key="place_0438">Mainz</pubPlace>, <publisher key="publ_3563">Schott</publisher>. 36 Xr.</bibl>
<bibl id="hofm_1842_02_0028_02"><composer key="compo_001434">Banck (C.)</composer> <title>12 Lieder f. d. Jugend in Schule und Haus mit leichter Begleitung. Op. <opus key="opus_3105">48</opus></title>. <pubPlace key="place_0594">Rudolstadt</pubPlace>, <publisher key="publ_2779">Müller</publisher>. 1 Fl.</bibl>
<bibl id="hofm_1842_02_0028_03"><composer key="compo_008310">Enckhausen (H.)</composer> <title>Die frühen Gräber. Ode von Klopstock. Op. <opus key="opus_3454">57</opus>, (Willkommen o silberner Mond)</title>. <pubPlace key="place_0280">Hannover</pubPlace>, <publisher key="publ_2808">Nagel</publisher>. 10 Ngr.</bibl>
<bibl id="hofm_1842_02_0028_04"><title>Errico-Cohen, La Morte di Laura (Auf Laura’s Tod) Sonetto del Petrarca</title>. Aurora No. 37. <pubPlace key="place_0438">Mainz</pubPlace>, <publisher key="publ_3563">Schott</publisher>. 18 Xr.</bibl>
<bibl id="hofm_1842_02_0028_05"><composer key="compo_010388">Füchs (F.C.)</composer> <title>Der Meermann. Gedicht von Reland. Op. <opus key="opus_0234">11</opus>, (Die See ist still)</title>. <pubPlace key="place_0731">Wien</pubPlace>, <publisher key="publ_1506">Haslinger</publisher>. 30 Xr.</bibl>
<bibl id="hofm_1842_02_0028_06"><composer key="compo_014328">Hering (C.)</composer> <title>4 Lieder f. Tenor oder Sopran. Op. <opus key="opus_0001">1</opus>, (Ihr Blümlein alle – Gar fröhlich kann ich scheiden – Wenn ich einst todt – Soll ich dich nun meiden)</title>. <pubPlace key="place_0436">Magdeburg</pubPlace>, <publisher key="publ_1560">Heinrichshofen</publisher>. 7½ Ngr.</bibl>
<bibl id="hofm_1842_02_0028_07"><composer key="compo_014909">Hirsch (R.)</composer> <title>6 Lieder. Op. <opus key="opus_1661">23</opus>, (So soll ich non dich meiden – Noch ahnt man kanm der Sonne Licht, – Ich weiss ein Blümchen blühen dort – Sieh es naht der junge Tag – Der Frühling strahlt durch Feld und Au’ – Kam der König vom Gebirge)</title>. <pubPlace key="place_0392">Leipzig</pubPlace>, <publisher key="publ_4382">Whistling</publisher>. 17½ Ngr.</bibl>
<bibl id="hofm_1842_02_0028_08">– <title>Goldschmied’s l’öchterlein. Romanze v. L. Uhland. Op. <opus key="opus_1731">24</opus>, (Ein Goldschmied in der Bude stand)</title>. Ebend. 12½ Ngr.</bibl>
<bibl id="hofm_1842_02_0028_09">* <composer key="compo_017163">Kelch</composer>, <title>Lachlust. Neues Cölner Carnevalslied (Wenn Held Carneval die Pritsche schwingt)</title>. <pubPlace key="place_0371">Cöln</pubPlace>, <publisher key="publ_0819">Dunst</publisher>. 4 Ngr.</bibl>
<bibl id="hofm_1842_02_0028_10"><composer key="compo_018639">Krebs (C.)</composer> <title>Liebesschwur. Meine Sterne. Ida’s Schlummer. Das böse Aber. Lieder f. Sopran od. Tenor. Op. <opus key="opus_0198">108</opus>, (Komm lehne dich an meine Brust – Ich habe zwei Sterne – Sonne birg’ dein Licht – Durch die Mauern sieht die Liebe)</title>. <pubPlace key="place_0276">Hamburg</pubPlace>, <publisher key="publ_0640">Cranz</publisher>. 20 Ngr.</bibl>
<bibl id="hofm_1842_02_0028_11">– Idem f. Alt oder Bariton. Ebend. 20 Ngr.</bibl>
<bibl id="hofm_1842_02_0028_12"><composer key="compo_019507">Kücken (Fr.)</composer> <title>Tragödie. Gedicht in 3 Abtheil. von H. Heine. Op. <opus key="opus_0021">10</opus>. <edition>Neue Aufl</edition></title>. <pubPlace key="place_0392">Leipzig</pubPlace>, <publisher key="publ_4382">Whistling</publisher>. 15 Ngr.</bibl>
<bibl id="hofm_1842_02_0028_13">– <title>Lieder f. Sopran oder Tenor. Op. <opus key="opus_0684">14</opus>. 4tes Heft. <edition>Neue Aufl</edition></title>. Ebend. 17½ Ngr.</bibl>
<bibl id="hofm_1842_02_0028_14"><composer key="compo_021640">Löschhorn (A.)</composer> <title>Vier Lieder. Op. <opus key="opus_1372">2</opus></title>. <pubPlace key="place_0044">Berlin</pubPlace>, <publisher key="publ_0952">Esslinger u. Co</publisher>. 12½ Ngr.</bibl>
<bibl id="hofm_1842_02_0028_15">* <composer key="compo_022421">Masini (F.)</composer> <title>Blanche. (Die Trennung) Romance</title>. <pubPlace key="place_0438">Mainz</pubPlace>, <publisher key="publ_3563">Schott</publisher>. 18 Xr.</bibl>
<listBibl><bibl id="hofm_1842_02_0028_16">* – <title>Fais, qu’il ne m’aime pas ! (Dass er mich nur nicht liebt) Romance</title>. Ebend. 18 Xr.</bibl>
<bibl id="hofm_1842_02_0028_17">* – <title>Belle à nous rendre fous ! (So schön un den Kopf zu verlieren) Chansonette</title>. Ebend. 18 Xr.</bibl>
<bibl id="hofm_1842_02_0028_18">* – <title>De mon Bonheur je n’ai rien oublié (Ich habe mein Glück nicht vergessen) Romance</title>. Ebend. 18 Xr.</bibl>
<bibl id="hofm_1842_02_0028_19">* – <title>Elle en mourra ! (Der Ungetreue) Ballade</title>. Ebend. 18 Xr.</bibl>
<bibl id="hofm_1842_02_0028_20">* – <title>L’Echo des Mers (Das Echo der Meere) Sérénade</title>. Ebd. 18 Xr.</bibl>
<bibl id="hofm_1842_02_0028_21">* – <title>Les Enfants du Guide (Die Kinder Guido’s) Romance</title>. Ebend. 18 Xr.</bibl>
<bibl id="hofm_1842_02_0028_22">* – <title>Joins tes petites Mains (Falte deine kleinen Händchen) Chansonette</title>. Ebend. 18 Xr. <lb/>(Choix d’Airs No. 561–64. 66–69.)</bibl></listBibl>
<bibl id="hofm_1842_02_0028_23">*<composer key="compo_026795">Pollmann (Aug.)</composer> <title>3 Lieder. Op. <opus key="opus_2737">4</opus>, (Durch Sturm und Nacht – Du-bist so schön – Leise zieht durch mein Gemüth)</title>. <pubPlace key="place_0069">Bonn</pubPlace>, <publisher key="publ_2734">Mompour</publisher>. 10 Ngr.</bibl>
<bibl id="hofm_1842_02_0028_24"><composer key="compo_030460">Schmalholz (C.F.)</composer> <title>Deutsche Lieder. Op. <opus key="opus_3181">5</opus>, (Frühlingshlüthen – Der Sturm weht wild – Ich kenne ein Kämmerlein – Aus Sterm und Regen – Der Mai gar wunderbar)</title>. <pubPlace key="place_0359">Constanz</pubPlace>, <publisher key="publ_1796">Hug</publisher>. 2 Fl. 12 Xr. n.</bibl>
<pb n="29"/>
<bibl id="hofm_1842_02_0029_01"><composer key="compo_031801">Sechter (Sim.)</composer> <title>Der Hirt am Felsen. Gedicht von J.G. Seidl. Op. <opus key="opus_3825">66</opus>, (Ich steh’ am Berges Hange)</title>. <pubPlace key="place_0731">Wien</pubPlace>, <publisher key="publ_2605">Mechetti</publisher>. 30 Xr.</bibl>
<bibl id="hofm_1842_02_0029_02"><composer key="compo_034896">Truhn (H.)</composer> <title>Kosaekenlied. Der Page. 2 Lieder aus Nord und Süd. Op. <opus key="opus_2764">40</opus>, (Die Welle rauscht im Strome – Da ich und entsagen müssen)</title>. <pubPlace key="place_0082">Breslau</pubPlace>, <publisher key="publ_0640">Cranz</publisher>. 10 Ngr.</bibl>
<bibl id="hofm_1842_02_0029_03">* – <title>Volkslieder. No. 2, Der Tanzlustige (Als ich kam gegangen). No. 3, Die Schlaue (Ihren Liebsten zu erwarten). No. 4. Der Junker und das Mädchen (Es war ein junges Mädchen). No. 5, Der Förster (Förster bin ich hier). No. 6, Das treue Mädchen und der falsche Knabe (Verdenk’ mir’s nicht)</title>. <pubPlace key="place_0044">Berlin</pubPlace>, <publisher key="publ_3471">Schlesinger</publisher>. à 5 Ngr.</bibl>
<bibl id="hofm_1842_02_0029_04">* <composer key="compo_036626">Wendt (A.)</composer> und <composer key="compo_000415">F. Aller</composer>, <title>Rheinlieder (Mein Herz ist am Rheine – Es ist so schön zu leben – Auf, preisst den Rhein – Vom Lande der Vogesen – Es strömt so stille deine Fluth – Mag wer da will – Herbei zur festlichen Stunde – An den Rhein – Sie sollen ihn nicht haben)</title>. qu. 8. <pubPlace key="place_0501">Neuwied</pubPlace>. <sic><publisher key="publ_2416">Lichtters</publisher></sic>. geb. 15 Ngr. n.</bibl>
<bibl id="hofm_1842_02_0029_05"><composer key="compo_037596">Woykowsky (A.)</composer> <title>Piosnki polskie (Do gwiazdy. Marzenie)</title>. <pubPlace key="place_0551">Posen</pubPlace>, <publisher key="publ_3873">Stefanski</publisher>. 15 Ngr.</bibl>
</div><div id="hofm_1842_02_0029_div19"><head><hofClass key="hofCl_0287">Theoretische Werke.</hofClass></head>
<bibl id="hofm_1842_02_0029_06"><author>Schilling (Dr. Gust.)</author> <title>Musikalisches Conversations-Handlexicon, 2ten Bandes, 2te Lief. (Novemole–Ringelpauke)</title>. 8. <pubPlace key="place_0453">Mergentheim</pubPlace>, <publisher key="publ_4548">neue Buchhandlung</publisher>. geb. 12½ Ngr. n.</bibl>
<bibl id="hofm_1842_02_0029_07"><author>Schindler (A.)</author> <title>Beethoven in Paris. Nebst anderen den unsterblichen. Tondichter betreffenden Mittheilungen und einem Facsimile von Beethoven’s Handschrift. Ein Nachtrag zur Biographie Beethoven’s</title>. gr. 8. <pubPlace key="place_0477">Münster</pubPlace>, <publisher key="publ_0113">Aschendorffsche Buchhandlung</publisher>. geh. 25 Ngr. n.</bibl>
</div><div id="hofm_1842_02_0029_div20"><head><hofClass key="hofCl_0282">Sammlungen vermischter Werke.</hofClass></head>
<album id="hofm_1842_02_0029_08"><title>Sammlung von Musik-Stücken alter und neuer Zeit. 16tes Heft, <composer key="compo_001225">Bach (J.S.)</composer> O Mensch bewein’ deine Sünde gross f. Orgel. <composer key="compo_002076">Beethoven</composer>, Canon für 3 Singstimmen. <composer key="compo_031122">Schubert (Fr.)</composer> Arie m. Chor a. d. Oper: Fierabras, <composer key="compo_025621">Paganini</composer>, Stammbuchblatt</title>. <pubPlace key="place_0392">Leipzig</pubPlace>, <publisher key="publ_1118">Friese</publisher>. 20 Ngr.</album>
</div><div id="hofm_1842_02_0029_div21"><head><hofClass key="hofCl_0248">Musikalische Zeitschriften.</hofClass></head>
<bibl id="hofm_1842_02_0029_09"><title>Blätter für Musik und Literatur. Redigirt unter Verantwortlichkeit der Verlagshandlung. 3ter Jahrgang. 1842</title>. (52 Nrn. à ¼ Bogen). 8. <pubPlace key="place_0276">Hamburg</pubPlace>, <publisher key="publ_3605">Schuberth u. Co</publisher>. 1 Thlr. 10 Ngr. n.</bibl>
<bibl id="hofm_1842_02_0029_10"><title>Cäcilia. Zeitschrift für die musikalische Welt. Herausgegeben von S.W. Dehn. 8. 21ster Band (Heft 81–84)</title>. <pubPlace key="place_0438">Mainz</pubPlace>, <publisher key="publ_3563">Schott</publisher>. geh. 3 Fl. n.</bibl>
<bibl id="hofm_1842_02_0029_11"><title>Jahrbücher des deutschen National-Vereins f. Musik und ihre Wissenschaft. Redacteur: Hofr. Dr. G. Schilling. Vierter Jahrg. 1842</title>. (52 Nrn. Bogen.) gr. 4. <pubPlace key="place_0339">Karlsruhe</pubPlace>, <publisher key="publ_1333">Groos</publisher>. 6 Thlr. n.</bibl>
<bibl id="hofm_1842_02_0029_12"><title>Musikzeitung (allgemeine Wiener) Redacteur August Schmidt, für 1842</title>. (156 Nrn. à Bogen mit 6 Musikbeilagen u. Portraits. 4. <pubPlace key="place_0731">Wien</pubPlace>, beim <publisher key="publ_1611">Herausgeber</publisher> (<publisher key="publ_4226">Volke in Comm</publisher>.). 12 Fl. n.</bibl>
<bibl id="hofm_1842_02_0029_13"><title>Zeitschrift. (neue) f. Musik, herausg. von R. Schumann. 9ter Jahrg. 1842</title>. (104 Nrn. à ½ Bogen). gr. 4. <pubPlace key="place_0392">Leipzig</pubPlace>, <publisher key="publ_1118">Friese</publisher>. 2 Bände. (Bd. 16 u. 17) à 2 Thlr. 10 Ngr. n.</bibl>
<pb n="30"/>
<bibl id="hofm_1842_02_0030_01"><title>Zeitung (allgemeine musikalische) mit Kupfern und musikalischen Beilagen. 44ster Jahrg. 1842</title>. (52 Nrn. Bogen.) gr. 4. <pubPlace key="place_0392">Leipzig</pubPlace>, <publisher key="publ_0437">Br. u. Härtel</publisher>. 5 Thlr. 10 Ngr. u.</bibl>
</div><div id="hofm_1842_02_0030_div22"><head><hofClass key="hofCl_0281">Portraits.</hofClass></head>
<bibl id="hofm_1842_02_0030_02"><title><subject>Adam (Adolph)</subject> Gez. von <artist>Krüger</artist>, lith. von <artist>Remy</artist></title>. Imp. Fol. <pubPlace key="place_0044">Berlin</pubPlace>, <publisher key="publ_3375">Sachse u. Co</publisher>. 1 Thlr. n.</bibl>
<bibl id="hofm_1842_02_0030_03"><title><subject>Beethoven (L. v.)</subject> Brustbild in natürlicher Grösse nach dem Leben 1817 in Mödling bei Wien gez. von <artist>Prof. von Klöber</artist>, lith. von <artist>Th. Neu</artist></title>. <pubPlace key="place_0044">Berlin</pubPlace>, <publisher key="publ_4068">Trautwein u. Co</publisher>. Imp. Fol. 1 Thlr. 20 Ngr. n.</bibl>
<bibl id="hofm_1842_02_0030_04"><title><subject>Berger (Ludw.)</subject> Gez. von Metz, lith. von <artist>Wildt</artist></title>. gr. Fol. <pubPlace key="place_0044">Berlin</pubPlace>, <publisher key="publ_3375">Sachse u. Co</publisher>. 20 Ngr. n.</bibl>
<bibl id="hofm_1842_02_0030_05"><title><subject>Curschmann (Fr.)</subject> Gez. u. lith. v. <artist>Stein</artist></title>. gr. Fol. Ebd. 20 Ngr. n.</bibl>
<bibl id="hofm_1842_02_0030_06"><title><subject>Fassmann (Auguste von)</subject> Gez. von <artist>Krüger</artist>, lith. von <artist>Wildt</artist></title>. Royal Form. Ebd. 1 Thlr. n. (Chin. Pap. 1 Thlr. 15 Ngr. n.)</bibl>
<bibl id="hofm_1842_02_0030_07"><title><subject>Kücken (Fr.)</subject> Lith. von <artist>Senefelder</artist></title>. gr. Fol. Ebend. 20 Ngr. n.</bibl>
<bibl id="hofm_1842_02_0030_08"><title><subject>Liszt (Fr.)</subject> Mit Facsimile lith</title>. gr. Fol. <pubPlace key="place_0044">Berlin</pubPlace>, <publisher key="publ_3471">Schlesinger</publisher>. 20 Ngr. n. (Chin. Pap. 1 Thlr. n.)</bibl>
<bibl id="hofm_1842_02_0030_09"><title><subject>Mantius (Ed.)</subject> Gez. u. lithogr. von <artist>Stein</artist></title>. gr. Fol. <pubPlace key="place_0044">Berlin</pubPlace>, <publisher key="publ_3375">Sachse u. Co</publisher>. 20 Ngr. n.</bibl>
<bibl id="hofm_1842_02_0030_10"><title><subject>Novello (Miss Clara)</subject> Gez. von <artist>Magnus</artist>, lith. von <artist>Jentzen</artist></title>. Royal Form. Ebd. 1 Thlr. n. (Chin. Pap. 1 Thlr. 15 Ngr. n.)</bibl>
<bibl id="hofm_1842_02_0030_11"><title><subject>Prume (Fr.)</subject> Gez. von <artist>Begas</artist>, lith. von <artist>Wildt</artist></title>. Royal Form. Ebend. 1 Thlr. n.</bibl>
<bibl id="hofm_1842_02_0030_12"><title><subject>Schneider (Louis)</subject> Gez. u. lithogr. von <artist>Remy</artist></title>. Royal Form. Ebend. 20 Ngr. n.</bibl>
<bibl id="hofm_1842_02_0030_13"><title><subject>Thalberg (Sigism.)</subject> Lith. von <artist>Kriehuber</artist></title>. gr. 4. <pubPlace key="place_0731">Wien</pubPlace>, <publisher key="publ_2605">Mechetti</publisher>. 30 Xr. n.</bibl>





</div></body></text></TEI.2>