<?xml version="1.0" encoding="utf-8"?>
<!DOCTYPE TEI.2
  SYSTEM "../../dtd/tei/cch_tei.dtd">
<TEI.2 id="hofm_1842_11">
<teiHeader type="text"><fileDesc><titleStmt><title>November 1842</title></titleStmt><publicationStmt><p/></publicationStmt><sourceDesc><p/></sourceDesc></fileDesc><profileDesc><langUsage><language id="ger">German</language><language id="fre">French</language><language id="ita">Italian</language></langUsage></profileDesc><revisionDesc><change><date>2007-04-27</date><respStmt><name>RV</name></respStmt><item>Changed "biblGroup" elements in "listBibl"</item></change><change><date>2007-03-02</date><respStmt><name>EP</name></respStmt><item>Checked curly brackets</item></change><change><date>2007-02-26</date><respStmt><name>EP</name></respStmt><item>Encoded curly brackets</item></change><change><date>2006-12-19</date><respStmt><name>EP</name></respStmt><item>sic and unclear moved outside elements pubplaces, publisher, composer, hofclass, key, opus</item></change><change><date>2006-11-17</date><respStmt><name>Liz</name></respStmt><item>p. 179, Steiermärker title (not composer)</item></change><change><date>2006-03-16</date><respStmt><name>Liz</name></respStmt><item>XRefs done</item></change><change><date>2005-11-11</date><respStmt><name>Liz</name></respStmt><item>p. 169 Müsikhandlung corr. to Musikhandlung</item></change><change><date>2005-10-25</date><respStmt><name>Liz</name></respStmt><item>p. 176, added . within Hofclass heading</item></change><change><date>2005-07-13</date><respStmt><name>Mekala</name></respStmt><item>Final</item></change><change><date>2005-06-30</date><respStmt><name>Mekala</name></respStmt><item>Checking Screen and Revisions</item></change><change><date>2005-06-07</date><respStmt><name>Mekala</name></respStmt><item>Revisions and Checking Screens</item></change><change><date>2005-05-10</date><respStmt><name>Mekala</name></respStmt><item>Revised for &lt;album&gt;</item></change><change><date>2005-04-29</date><respStmt><name>Mekala</name></respStmt><item>First Coding</item></change><change><date>2005-04-11</date><respStmt><name>Liz</name></respStmt><item>pasting in</item></change></revisionDesc></teiHeader>
<text><body><pb n="166"/><head>November 1842.</head><div id="hofm_1842_11_0166_div01"><head><hofClass key="hofCl_0164">Musik für das Orchester.</hofClass></head>
<bibl id="hofm_1842_11_0166_01"><composer key="compo_002077">Beethoven (L. van)</composer> <title>Ouverture No. 2 zur Oper: Leonore (in C.) <format>Partitur</format></title>. 8. <pubPlace key="place_0392">Leipzig</pubPlace>, <publisher key="publ_0437">Br. u. Härtel</publisher> geh. 2 Thlr.</bibl>
<bibl id="hofm_1842_11_0166_02"><composer key="compo_012523">Gung’l (J.)</composer> <title>Masurek, Op. <opus key="opus_3967">7</opus>, u. Ungarischer Zigeuner-Marsch, Op. <opus key="opus_4562">9</opus>, f. Orchester</title>. (Beliebte Galoppen, Walzer etc., 7tes Heft.) <pubPlace key="place_0044">Berlin</pubPlace>, <publisher key="publ_0393">Bote u. B</publisher>. 25 Ngr.</bibl>
<bibl id="hofm_1842_11_0166_03"><title>Harmoniemusik (achtstimmige) nach Motiven der neuesten Opern bearbeitet v. J.G. Pröhl. 2te Samml. 5tes Heft, aus der Oper: Die Krondiamanten, v. Auber</title>. <pubPlace key="place_0110">Chemnitz</pubPlace>, <publisher key="publ_1807">Häcker</publisher>. 15 Ngr.</bibl>
<bibl id="hofm_1842_11_0166_04"><composer key="compo_019654">Labitzky (Jos.)</composer> <title>Sutherland-Walzer f. Orchester. Op. <opus key="opus_4153">76</opus></title>. <pubPlace key="place_0554">Prag</pubPlace>, <publisher key="publ_1729">Hoffmann</publisher>. 3 Fl. 45 Xr.</bibl>
<bibl id="hofm_1842_11_0166_05">– <title>Lichtenstein-Walzer f. Orchester. Op. <opus key="opus_4354">81</opus></title>. Ebend. 3 Fl. 45 Xr.</bibl>
<bibl id="hofm_1842_11_0166_06"><composer key="compo_020014">Lanner (Jos.)</composer> <title>Nixen-Tänze, Walzer f. Orchester. Op. <opus key="opus_1339">198</opus></title>. <pubPlace key="place_0731">Wien</pubPlace>, <publisher key="publ_1506">Haslinger</publisher>. 3 Fl. 30 Xr.</bibl>
<bibl id="hofm_1842_11_0166_07"><composer key="compo_033569">Strauss (Joh.)</composer> <title>Annen-Polka f. Orchester. Op. <opus key="opus_0651">137</opus></title>. Ebend. 2 Fl.</bibl>
<bibl id="hofm_1842_11_0166_08">– <title>Mode-Quadrille f. Orchester. Op. <opus key="opus_0658">138</opus></title>. Ebend. 2 Fl. 30 Xr.</bibl>
<bibl id="hofm_1842_11_0166_09">– <title>Walzer f. Orchester. No. 60, die Fantasten. Op. <opus key="opus_0666">139</opus></title>. Ebend. 2 Fl. 30 Xr.</bibl>
<album id="hofm_1842_11_0166_10"><title>Tänze (neue) f. kleines Orchester, 6te Samml. 8tes Heft von <composer key="compo_015894">J. B. Hübner</composer> u. <composer key="compo_001202">C. Bach</composer>. 9tes Heft v. <composer key="compo_027171">J.G. Pröhl</composer>. 10tes Heft v. <composer key="compo_018739">Kretzschmar</composer></title>. <pubPlace key="place_0110">Chemnitz</pubPlace>, <publisher key="publ_1807">Häcker</publisher>. à 10 Ngr.</album>
</div><div id="hofm_1842_11_0166_div02"><head><hofClass key="hofCl_0245">Musik für die Violine.</hofClass></head>
<bibl id="hofm_1842_11_0166_11"><composer key="compo_001528">Barnbeck (Fr.)</composer> <title>6 Duos instructifs et progressifs p. 2 Violons. No. 1, in <key>C</key></title>. <pubPlace key="place_0662">Stuttgart</pubPlace>, <publisher key="publ_0049">allgemeine Musikhandlung</publisher>. 1 Fl. 12 Xr.</bibl>
<bibl id="hofm_1842_11_0166_12"><composer key="compo_013697">Haydn (Jos.)</composer> <title>Partition des Quatuors p. 2 Violons, Alto et Vclle. <edition>Nouv. Edition</edition>. No. 34, in <key>C</key>. No. 35, in <key>Es</key></title>. 8. <pubPlace key="place_0044">Berlin</pubPlace>, <publisher key="publ_4068">Trautwein et Comp</publisher>. geh. à 15 Ngr. n.</bibl>
<bibl id="hofm_1842_11_0166_13"><composer key="compo_017447">Kindscher (Louis)</composer> <title>Elementarunterricht f. Violinspieler oder Anleitung, auf der Violine bald sicher u. rein greifen zu lernen</title>. <pubPlace key="place_0110">Chemnitz</pubPlace>. <publisher key="publ_1807">Häcker</publisher>. 1 Thlr. 10 Ngr. n.</bibl>
<bibl id="hofm_1842_11_0166_14"><composer key="compo_020014">Lanner (Jos.)</composer> <title>Nixen-Tänze. Walzer f. 3 Violinen u. Bass. Op. <opus key="opus_1339">198</opus></title>. <pubPlace key="place_0731">Wien</pubPlace>, <publisher key="publ_1506">Haslinger</publisher>. 1 Fl.</bibl>
<wip id="hofm_1842_11_0166_15"><composer key="compo_021099">Lipinski (Ch.)</composer> <title>6 Morceaux de Salon, arr. sur des Motifs de Rossini p. Violon av. Acc. de Pfte</title>. <title>No. 1, Li Marinari</title>. 1 Fl. 12 Xr. <title>No. 2, La Serenata</title>. 1 Fl. 12 Xr. <title>No. 3, La Danza</title>. 1 Fl. 12 Xr. <title>No. 4, L’Orgia</title>. 1 Fl. 12 Xr. <title>No. 5, La Pastorella dell’ Alpi</title>. 54 Xr. <title>No. 6, La Regata Veneziana</title>. 1 Fl. 12 Xr. <pubPlace key="place_0438">Mainz</pubPlace>, <publisher key="publ_3563">Schott</publisher>.</wip>
<bibl id="hofm_1842_11_0166_16"><composer key="compo_021385">Lubin (L. de St.)</composer> <title>Adagio religioso. Chant caractéristique p. Violon av. Acc. de Pfte. Oe. <opus key="opus_2948">44</opus>, in <key>E</key></title>. <pubPlace key="place_0276">Hamburg</pubPlace>, <publisher key="publ_3605">Schuberth et Comp</publisher>. 10 Ngr.</bibl>
<bibl id="hofm_1842_11_0166_17"><composer key="compo_023890">Mozart (W.A.)</composer> <title>Dix Quatuors originaux p. 2 Violons, Alto et Vclle. No. 1, in <key>G</key>. <edition>Edition nouvelle et correcte</edition></title>. <pubPlace key="place_0044">Berlin</pubPlace>, <publisher key="publ_2971">Paez</publisher>. Subscr.-Pr. 17½ Ngr. n.</bibl>
<pb n="167"/>
<bibl id="hofm_1842_11_0167_01"><composer key="compo_024337">Münzner (C.G.)</composer> <title>Potpourri nach Melodien der Oper: Königin fur einen Tag, v. Adam, f. 2 Violinen (die zweite ad lib.). Op. <opus key="opus_0234">11</opus></title>. <pubPlace key="place_0110">Chemnitz</pubPlace>, <publisher key="publ_1807">Häcker</publisher>. 10 Ngr.</bibl>
<bibl id="hofm_1842_11_0167_02"><composer key="compo_027154">Prume (F.)</composer> <title>Le petit Savoyard. Morceau de Salon p. Violon av. Acc. de Pfte. Extrait des 6 Etudes. Oe. <opus key="opus_1372">2</opus></title>. <pubPlace key="place_0044">Berlin</pubPlace>, <publisher key="publ_3471">Schlesinger</publisher>. 22½ Ngr.</bibl>
<bibl id="hofm_1842_11_0167_03"><composer key="compo_033569">Strauss (Joh.)</composer> <title>Die Fantasten, Walzer f. 3 Violinen u. Bass. Op. <opus key="opus_0666">139</opus></title>. <pubPlace key="place_0731">Wien</pubPlace>, <publisher key="publ_1506">Haslinger</publisher>. 1 Fl.</bibl>
</div><div id="hofm_1842_11_0167_div03"><head><hofClass key="hofCl_0184">Musik für das Violoncelle.</hofClass></head>
<wip id="hofm_1842_11_0167_04"><composer key="compo_007289">Dotzauer (J.J.F.)</composer> <title>Méthode pratique du Violoncelle. Practische Schule des Violoncellspiels. Op. <opus key="opus_0860">153</opus> in 4 Cahiers</title>. <pubPlace key="place_0276">Hamburg</pubPlace>, <publisher key="publ_3605">Schuberth et Comp</publisher>. <lb/><title>Cah. 1, Der Schüler und sein Lehrer. Elementar-Unterricht u. 18 progressive Uebungen (mit Begl. eines 2ten Vcllo. ad lib.)</title>. 20 Ngr. <lb/><title>Cah. 2, 20 progressive Etuden u. Tonleiterübungen in der 1sten u. 2ten Position, den gebräuchlichsten Stricharten u. im Daumenaufsatz</title>. 20 Ngr. <lb/><title>Cah. 3, 12 Duetten der Verzierungen u. des Vortrags im vorbereiteten u. freien Aufsatze des Daumens</title>. 22½ Ngr.</wip>
<bibl id="hofm_1842_11_0167_05"><composer key="compo_027154">Prume (F.)</composer> <title>La Melancolie, arr. p. Violoncelle av. Acc. de Pfte. p. M. Ganz</title>. <pubPlace key="place_0044">Berlin</pubPlace>, <publisher key="publ_3471">Schlesinger</publisher>. 15 Ngr.</bibl>
</div><div id="hofm_1842_11_0167_div04"><head><hofClass key="hofCl_0200">Musik für die Flöte.</hofClass></head>
<bibl id="hofm_1842_11_0167_06"><composer key="compo_001079">Auber (D.F.E.)</composer> <title>Choix d’Airs de l’Opéra : Les Diamans de la Couronne, arr. p. Flûte p. Foreit</title> (32me Choix d’Airs). <pubPlace key="place_0438">Mainz</pubPlace>, <publisher key="publ_3563">Schott</publisher>. 24 Xr.</bibl>
<album id="hofm_1842_11_0167_07"><title>Flötenspieler (der junge) Samml. der besten Opern f. Flöte. No. 48, <composer key="compo_001075">Auber</composer>, Der Feensee. No. 49, <composer key="compo_007196">Donizetti</composer>, Marino Faliero</title>. <pubPlace key="place_0078">Braunschweig</pubPlace>, <publisher key="publ_3822">Spehr</publisher>. à 10 Ngr.</album>
<bibl id="hofm_1842_11_0167_08"><composer key="compo_020014">Lanner (Jos.)</composer> <title>Nixen-Tänze, Walzer f. Flöte. Op. <opus key="opus_1339">198</opus></title>. <pubPlace key="place_0731">Wien</pubPlace>, <publisher key="publ_1506">Haslinger</publisher>. 20 Xr.</bibl>
<bibl id="hofm_1842_11_0167_09"><composer key="compo_033569">Strauss (Joh.)</composer> <title>Annen-Polka f. Flöte. Op. <opus key="opus_0651">137</opus></title>. Ebend. 15 Xr.</bibl>
<bibl id="hofm_1842_11_0167_10">– <title>Mode-Quadrille f. Flöte. Op. <opus key="opus_0658">138</opus></title>. Ebend. 20 Xr.</bibl>
<bibl id="hofm_1842_11_0167_11">– <title>Lieblings-Walzer f. Flöte. No. 79, Die Fantasten. Op. <opus key="opus_0666">139</opus></title>. Ebend. 20 Xr.</bibl>
</div><div id="hofm_1842_11_0167_div05"><head><hofClass key="hofCl_0187">Musik für den Csakan.</hofClass></head>
<bibl id="hofm_1842_11_0167_12"><composer key="compo_020014">Lanner (Jos.)</composer> <title>Nixen-Tänze, Walzer f. Csakan. Op. <opus key="opus_1339">198</opus></title>. <pubPlace key="place_0731">Wien</pubPlace>, <publisher key="publ_1506">Haslinger</publisher>. 20 Xr.</bibl>
<bibl id="hofm_1842_11_0167_13"><composer key="compo_033569">Strauss (Joh.)</composer> <title>Lieblings-Walzer f. Csakan. No. 79, Die Fantasten. Op. <opus key="opus_0666">139</opus></title>. Ebend. 20 Xr.</bibl>
</div><div id="hofm_1842_11_0167_div06"><head><hofClass key="hofCl_0205">Musik für die Guitarre.</hofClass></head>
<bibl id="hofm_1842_11_0167_14"><composer key="compo_001079">Auber (D.F.E.)</composer> <title>Choix d’Airs de l’Opéra : Les Diamans de la Couronne, arr. p. Flùte av. Acc. de Guitarre p. A. Foreit</title> (32me Choix d’Airs). <pubPlace key="place_0438">Mainz</pubPlace>, <publisher key="publ_3563">Schott</publisher>. 48 Xr.</bibl>
<bibl id="hofm_1842_11_0167_15"><composer key="compo_009249">Fierlein (P.F.)</composer> <title>12 Ländler f. Guitarre</title>. 8. <pubPlace key="place_0371">Cöln</pubPlace>, <publisher key="publ_0819">Dunst</publisher>. 5 Ngr.</bibl>
<bibl id="hofm_1842_11_0167_16"><composer key="compo_020014">Lanner (Jos.)</composer> <title>Nixen-Tänze, Walzer f. Guitarre. Op. <opus key="opus_1339">198</opus></title>. <pubPlace key="place_0731">Wien</pubPlace>, <publisher key="publ_1506">Haslinger</publisher>. 30 Xr.</bibl>
<pb n="168"/>
<bibl id="hofm_1842_11_0168_01"><composer key="compo_033569">Strauss (Joh.)</composer> <title>Annen-Polka f. Guitarre. Op. <opus key="opus_0651">137</opus></title>. <pubPlace key="place_0731">Wien</pubPlace>, <sic><publisher key="publ_1506">Haslinlinger</publisher></sic>. 15 Xr.</bibl>
<bibl id="hofm_1842_11_0168_02">– <title>Mode-Quadrille f. Guitarre. Op. <opus key="opus_0658">138</opus></title>. Ebend. 20 Xr.</bibl>
<bibl id="hofm_1842_11_0168_03">– <title>Lieblings-Walzer f. Guitarre. No. 60, Die Fantasten. Op. <opus key="opus_0666">139</opus></title>. Ebend. 30 Xr.</bibl>
</div><div id="hofm_1842_11_0168_div07"><head><hofClass key="hofCl_0167">Musik für das Pianoforte mit Begleitung.</hofClass></head>
<bibl id="hofm_1842_11_0168_04"><composer key="compo_014252">Henselt (Ad.)</composer> <title>Duo f. Pfte et Violoncelle. Oe. <opus key="opus_0684">14</opus>, in <key>Hm</key></title>. <pubPlace key="place_0731">Wien</pubPlace>, <publisher key="publ_2605">Mechetti</publisher>. 2 Fl.</bibl>
<bibl id="hofm_1842_11_0168_05">– Idem p. Pfte. et Violon. Ebend. 2 Fl.</bibl>
<bibl id="hofm_1842_11_0168_06">– Idem p. Pfte. et Cor. Ebend. 2 Fl.</bibl>
<bibl id="hofm_1842_11_0168_07"><composer key="compo_019510">Küffner (J.)</composer> <title>Revue musicale. Collection de Morceaux faciles p. Pfte. et Violon on flûte sur des Thèmes favoris. Oe. <opus key="opus_2168">306. No. 4</opus></title>. <pubPlace key="place_0438">Mainz</pubPlace>, <publisher key="publ_3563">Schott</publisher>. 1 Fl. 48 Xr.</bibl>
<bibl id="hofm_1842_11_0168_08"><composer key="compo_020014">Lanner (Jos.)</composer> <title>Nixen-Tänze. Walzer f. Violine u. Pfte. Op. <opus key="opus_1339">198</opus></title>. <pubPlace key="place_0731">Wien</pubPlace>, <publisher key="publ_1506">Haslinger</publisher>. 45 Xr.</bibl>
<bibl id="hofm_1842_11_0168_09">– Idem f. Flöte u. Pfte, Ebend. 45 Xr.</bibl>
<bibl id="hofm_1842_11_0168_10"><composer key="compo_032798">Spohr (L.)</composer> <title>Sonate concertante p. Pfte. et Flûte arr. p. Kressner. Oe. <opus key="opus_0325">115</opus>, in <key>As</key></title>. <pubPlace key="place_0276">Hamburg</pubPlace>, <publisher key="publ_3605">Schuberth et Comp</publisher>. 2 Thlr.</bibl>
<bibl id="hofm_1842_11_0168_11"><composer key="compo_033569">Strauss (Joh.)</composer> <title>Annen-Polka f. Violine u. Pfte. Op. <opus key="opus_0651">137</opus></title>. <pubPlace key="place_0731">Wien</pubPlace>, <publisher key="publ_1506">Haslinger</publisher>. 20 Xr.</bibl>
<bibl id="hofm_1842_11_0168_12">– <title>Mode-Quadrille f. Violine u. Pfte. Op. <opus key="opus_0658">138</opus></title>. Ebend. 45 Xr.</bibl>
<bibl id="hofm_1842_11_0168_13">– <title>Die Fantasten. Walzer f. Violine u. Pfte. Op. <opus key="opus_0666">139</opus></title>. Ebend. 45 Xr.</bibl>
<bibl id="hofm_1842_11_0168_14">– Idem f. Flöte u. Pfte. Ebend. 45 Xr.</bibl>
</div><div id="hofm_1842_11_0168_div08"><head><hofClass key="hofCl_0171">Musik für das Pianoforte zu vier Händen.</hofClass></head>
<bibl id="hofm_1842_11_0168_15"><composer key="compo_001225">Bach (J.S.)</composer> <title>Das wohltemperirte Klavier. 48 Fugen u. Präludien in allen Tonarten, eing. f. Pfte. zu 4 Händen v. H. Bertini. 7te Lief. (Schluss) mit Bach’s Portrait</title>. <pubPlace key="place_0438">Mainz</pubPlace>, <publisher key="publ_3563">Schott</publisher>. Subscr.-Pr. 1 Fl. 48 Xr. n.</bibl>
<bibl id="hofm_1842_11_0168_16"><composer key="compo_002825">Beyer (F.)</composer> <title>La Perle. Le Cor des Alpes (Das Alpenhorn). Mélodie de H. Proch, variée p. Pfte. à 4 Mains. Oe. <opus key="opus_3282">52</opus>, in <key>F</key></title>, <pubPlace key="place_0392">Leipzig</pubPlace>, <publisher key="publ_0437">Br. u. Härtel</publisher>. 20 Ngr.</bibl>
<bibl id="hofm_1842_11_0168_17"><composer key="compo_004088">Brauer (Fr.)</composer> <title>Leichte u. angenehme Uebungsstücke in stufenweiser Folge f. Pfte. zu 4 Händen. No. 2. Weissenfels</title> (<pubPlace key="place_0392">Leipzig</pubPlace>, <publisher key="publ_4381">Weygand’sche Buchhandl. in Comm</publisher>.) 6 Ngr. n.</bibl>
<bibl id="hofm_1842_11_0168_18"><composer key="compo_007199">Donizetti (G.)</composer> <title>La Favorite. Opéra en 4 Actes arr. p. Pfte. à 4 Mains</title>. <pubPlace key="place_0044">Berlin</pubPlace>, <publisher key="publ_3471">Schlesinger</publisher>. geh. 5 Thlr.</bibl>
<bibl id="hofm_1842_11_0168_19"><composer key="compo_012525">Gung’l (Jos.)</composer> <title>Frühlings-Feier-Galopp f. Pfte. zu 4 Händen. Op. <opus key="opus_0234">11</opus></title>. <pubPlace key="place_0044">Berlin</pubPlace>, <publisher key="publ_0393">Bote u. Bock</publisher>. 10 Ngr.</bibl>
<bibl id="hofm_1842_11_0168_20"><composer key="compo_014252">Henselt (Ad.)</composer> <title>Duo p. Pfte. à 4 Mains arr. p. C. Czerny. Oe. <opus key="opus_0684">14</opus>, in <key>Hm</key></title>. <pubPlace key="place_0731">Wien</pubPlace>, <publisher key="publ_2605">Mechetti</publisher>. 1 Fl. 30 Xr.</bibl>
<bibl id="hofm_1842_11_0168_21"><composer key="compo_019119">Kullak (Th.)</composer> <title>5 Compositions arr. p. Pfte. à 4 Mains p. E.D. Wagner. No. 4, Air d’Oberon de C.M. de Weber</title>. <pubPlace key="place_0044">Berlin</pubPlace>, <publisher key="publ_3471">Schlesinger</publisher>. 15 Ngr.</bibl>
<bibl id="hofm_1842_11_0168_22"><composer key="compo_019654">Labitzky (Jos.)</composer> <title>Sutherland-Walzer f. Pfte. zu 4 Händen. Op. <opus key="opus_4153">76</opus></title>. <pubPlace key="place_0554">Prag</pubPlace>, <publisher key="publ_1729">Hoffmann</publisher>. 1 Fl.</bibl>
<bibl id="hofm_1842_11_0168_23">– <title>Lichtenstein-Walzer f. Pfte. zu 4 Händen. Op. <opus key="opus_4354">81</opus></title>. Ebend. 1 Fl. 15 Xr.</bibl>
<bibl id="hofm_1842_11_0168_24"><composer key="compo_019682">Lachner (F.)</composer> <title>Festmarsch aus der Oper: Catharina Cornaro, f. Pfte. zu 4 Händen</title>. <pubPlace key="place_0438">Mainz</pubPlace>, <publisher key="publ_3563">Schott</publisher>. 36 Xr.</bibl>
<bibl id="hofm_1842_11_0168_25"><composer key="compo_020014">Lanner (Jos.)</composer> <title>Nixen-Tänze. Walzer f. Pfte. zu 4 Händen. Op. <opus key="opus_1339">198</opus></title>. <pubPlace key="place_0731">Wien</pubPlace>, <publisher key="publ_1506">Haslinger</publisher>. 1 Fl. 15. Xr.</bibl>
<pb n="169"/>
<bibl id="hofm_1842_11_0169_01"><composer key="compo_023828">Moscheles (Ign.)</composer> <title>Ballade p. Pfte. à 4 Mains (in <key>As</key>)</title>. <pubPlace key="place_0078">Braunschweig</pubPlace>, <publisher key="publ_3822">Spehr</publisher>. 15 Ngr.</bibl>
<bibl id="hofm_1842_11_0169_02"><title>Potpourris nach Melodieen der beliebtesten Opern f. Pfte. zu 4 Händen. No. 11, Donizetti, L’Elisire d’Amore n</title>. <pubPlace key="place_0392">Leipzig</pubPlace>, <publisher key="publ_0437">Br. u. Härtel</publisher>. 25 Ngr.</bibl>
<bibl id="hofm_1842_11_0169_03"><composer key="compo_028970">Rossini (G.)</composer> <title>Stabat Mater, arr. p. Pfte. à 4 Mains p. Czerny</title>. <pubPlace key="place_0438">Mainz</pubPlace>, <publisher key="publ_3563">Schott</publisher>. geh. 4 Fl. 48 Xr.</bibl>
<bibl id="hofm_1842_11_0169_04"><composer key="compo_031364">Schunke (Ch.)</composer> <title>Bibliothèque du jeune Pianiste arr. p. Pfte. à 4 Mains p. E.D. Wagner. Oe. <opus key="opus_2948">44</opus>. No. 1, Barcarole de l’Eclair. Rondo sur Maometto. Valse de Cosimo. No. 2, Cavatine du Crociato. Fantaisie sur Oberon. No. 3, Divertissement sur Robert le Diable. No. 4, Rondo pastoral (Appenzeller Kuhreigen) de Meyerbeer. No. 5, Mosaïque de l’Opéra : I Montecchi ed i Capuleti. No. 6, Air de Ballet de l’Jsle des Pirates. No. 7, Rondo militaire de la Juive</title>. <pubPlace key="place_0044">Berlin</pubPlace>, <publisher key="publ_3471">Schlesinger</publisher> à 10 Ngr.</bibl>
<bibl id="hofm_1842_11_0169_05"><composer key="compo_033569">Strauss (Joh.)</composer> <title>Annen-Polka f. Pfte. zu 4 Händen. Op. <opus key="opus_0651">137</opus></title>. <pubPlace key="place_0731">Wien</pubPlace>, <publisher key="publ_1506">Haslinger</publisher>. 30 Xr.</bibl>
<bibl id="hofm_1842_11_0169_06">– <title>Mode-Quadrille f. Pfte. zu 4 Händen. Op. <opus key="opus_0658">138</opus></title>. Ebend. 1 Fl.</bibl>
<bibl id="hofm_1842_11_0169_07">– <title>Die Fantasten. Walzer f. Pfte. zu 4 Händen. Op. <opus key="opus_0666">139</opus></title>. Ebend. 1 Fl. 15 Xr.</bibl>
<bibl id="hofm_1842_11_0169_08"><composer key="compo_034322">Thalberg (S.)</composer> <title>Nocturno f. Pfte. zu 4 Händen (in <key>Des</key>)</title>. <pubPlace key="place_0078">Braunschweig</pubPlace>. <publisher key="publ_3822">Spehr</publisher>. 15 Ngr.</bibl>
</div><div id="hofm_1842_11_0169_div09"><head><hofClass key="hofCl_0166">Musik für das Pianoforte allein.</hofClass></head>
<wip id="hofm_1842_11_0169_09"><composer key="compo_000037">Abenheim (Jos.)</composer> <title>Deux Nocturnes p. Pfte. Oe. <opus key="opus_4300">8</opus></title>. <title>No. 1, in <key>Gm</key></title>. 36 Xr. <title>No. 2, in <key>As</key></title>. 27 Xr. <pubPlace key="place_0662">Stuttgart</pubPlace>, <publisher key="publ_0049">allgemeine Musikhandlung</publisher>.</wip>
<bibl id="hofm_1842_11_0169_10"><composer key="compo_000062">Abt (Fr.)</composer> <title>3 Rondinos faciles p. Pfte. Oe. <opus key="opus_2403">34</opus>. Norma. Woronzow-Valse. Siège de Corinthe</title>. <pubPlace key="place_0488">Neuenburg</pubPlace>, <publisher key="publ_2616">Meerthy</publisher>. 10 Ngr. n.</bibl>
<bibl id="hofm_1842_11_0169_11"><composer key="compo_001225">Bach (J.S.)</composer> <title>Fantasie chromatique p. Pfte. (in <key>D</key>)</title>. Anthologie classique No. 4. <pubPlace key="place_0044">Berlin</pubPlace>, <publisher key="publ_3471">Schlesinger</publisher>. 15 Ngr.</bibl>
<bibl id="hofm_1842_11_0169_12"><composer key="compo_002205">Bellini (V.)</composer> <title>3 Pensées p. Pfte</title>. 8. Ebend. 5 Ngr.</bibl>
<bibl id="hofm_1842_11_0169_13"><composer key="compo_002313">Benedict (Jul.)</composer> <title>Souvenir d’Ecosse. Fantaisie p. Pfte. Oe. <opus key="opus_2403">34</opus>, in <key>As</key></title>. <pubPlace key="place_0662">Stuttgart</pubPlace>, <publisher key="publ_0049">allgemeine Musikhandlung</publisher>. 1 Fl. 30 Xr.</bibl>
<bibl id="hofm_1842_11_0169_14"><composer key="compo_002825">Beyer (F.)</composer> <title>Les Favorites. 3 Fantaisies brillantes sur des Thèmes des Opêras : Norma, La Sonnambula, 1 Capuleti e Montecchi, de Bellini, p. Pfte. Oe. <opus key="opus_3211">50. No. 1, 2, 3</opus></title>. <pubPlace key="place_0392">Leipzig</pubPlace>, <publisher key="publ_0437">Br. u. Härtel</publisher>. à 20 Ngr.</bibl>
<bibl id="hofm_1842_11_0169_15">– <title>Les Charmantes. Quatre Morceaux instructifs et agréables p. Pfte. Oe. <opus key="opus_3895">68</opus>. Liv. 1, 2</title>, Ebend. à 20 Ngr.</bibl>
<bibl id="hofm_1842_11_0169_16"><composer key="compo_003435">Bock (H.A.)</composer> <title>8 Variations sur un Thème de l’Opéra : La Fiancée, p. Pfte. (in <key>C</key>)</title>. <pubPlace key="place_0044">Berlin</pubPlace>, <publisher key="publ_0393">Bote u. Bock</publisher>. 15 Ngr.</bibl>
<bibl id="hofm_1842_11_0169_17">– <title>Introduction et Variations sur un Thème de Preciosa de C.M. de Weber p. Pfte. (in <key>D</key>)</title>. Ebend. 15 Ngr.</bibl>
<bibl id="hofm_1842_11_0169_18"><composer key="compo_004435">Brunner (C.T.)</composer> <title>Der kleine Opernfreund am Pfte. 2ter Jahrg. 2tes u. 3tes Heft. Op. <opus key="opus_2509">36</opus></title>. <pubPlace key="place_0110">Chemnitz</pubPlace>, <publisher key="publ_1807">Häcker</publisher> à 5 Ngr.</bibl>
<bibl id="hofm_1842_11_0169_19"><composer key="compo_005671">Chwatal (C.)</composer> <title>Musikalische Jugend-Erbeiterungen. Sammlung bel. Opernstücke etc. f. Pfte. 6tes Heft</title>. <pubPlace key="place_0436">Magdeburg</pubPlace>, <publisher key="publ_0156">Baensch</publisher>, 7½ Ngr. n.</bibl>
<bibl id="hofm_1842_11_0169_20"><composer key="compo_006109">Cramer (Henr.)</composer> <title>Nocturne élegiaque p. Pfte. Oe. <opus key="opus_1372">2</opus>, in <key>Es</key></title>. <pubPlace key="place_0438">Mainz</pubPlace>, <publisher key="publ_3563">Schott</publisher>. 36 Xr.</bibl>
<pb n="170"/>
<bibl id="hofm_1842_11_0170_01"><composer key="compo_006109">Cramer (Henr.)</composer> <title>Romance passioneé en forme de Fantaisie p. Pfte. Oe. <opus key="opus_3181">5</opus>, in <key>E</key></title>. <pubPlace key="place_0438">Mainz</pubPlace>, <publisher key="publ_3563">Schott</publisher>. 1 Fl.</bibl>
<bibl id="hofm_1842_11_0170_02">– <title>Allegro brillant. Morceau de Salon. Oe. <opus key="opus_3565">6</opus>, in <key>Fism</key></title>. Ebend. 1 Fl.</bibl>
<bibl id="hofm_1842_11_0170_03">– <title>Fantaisie romantique p. Pfte. Oe. <opus key="opus_4300">8</opus>, in <key>E</key></title>. Ebend. 1 Fl.</bibl>
<bibl id="hofm_1842_11_0170_04">– <title>Fantaisie sur un Thême favori de l’Opéra : La Straniera de Bellini, p. Pfte. Oe. <opus key="opus_4562">9</opus>, in <key>A</key></title>. Ebend. 1 Fl.</bibl>
<bibl id="hofm_1842_11_0170_05">– <title>3 Pieces fugitives p. Pfte. Oe. <opus key="opus_0021">10</opus>. No. 1, Sentiments après un Ball (Empfindungen nach dem Ball). No. 2, Sons sympathetiques (Sympathetische Klänge). No. 3, Salutions à la Patrie (Grüsse an die Heimath)</title>. Ebend. 54 Xr.</bibl>
<bibl id="hofm_1842_11_0170_06"><composer key="compo_006111">Cramer (J.B.)</composer> <title>Pensée funèbre et élégiaque à l’Occasion de la mort funeste du Duc d’Orleans p. Pfte. Oe. <opus key="opus_4687">96</opus></title>. <pubPlace key="place_0044">Berlin</pubPlace>, <publisher key="publ_3471">Schlesinger</publisher>. 10 Ngr.</bibl>
<bibl id="hofm_1842_11_0170_07"><composer key="compo_006306">Czerny (C.)</composer> <title>Aufmunterung zum Fleiss. 24 unterhaltende Uebungsstücke f. Pfte. Op. <opus key="opus_3925">684</opus>. 1tes Heft (No. 1–6)</title>. <pubPlace key="place_0392">Leipzig</pubPlace>, <publisher key="publ_0437">Br. u. Härtel</publisher>. 1 Thlr.</bibl>
<bibl id="hofm_1842_11_0170_08">– Dieselben einzeln. <title>No. 1, Uebung in den gebräuchlichsten Passagen. No. 2, Uebung im leichten Halten der Hände. No. 3, Uebung in Terzgängen. No. 4, Uebung in Terzen und für die linke Hand. No. 5, Uebung im Wéchseln der Finger. No. 6, Uebung in schnellen Scalen</title>. Ebend. à 7½ Ngr.</bibl>
<bibl id="hofm_1842_11_0170_09"><composer key="compo_007639">Döhler (Th.)</composer> <title>Ballade f. Pfte. Oe. <opus key="opus_2804">41</opus>, in <key>E</key></title>. <pubPlace key="place_0731">Wien</pubPlace>, <publisher key="publ_2605">Mechetti</publisher>. 1 Fl.</bibl>
<bibl id="hofm_1842_11_0170_10"><composer key="compo_013422">Hartmann (J.P.E.)</composer> <title>8 Skizzen f. Pfte. Op. <opus key="opus_2187">31</opus>, 1tes Heft</title>. <pubPlace key="place_0276">Hamburg</pubPlace>, <publisher key="publ_3605">Schuberth u. Comp</publisher>. 15 Ngr.</bibl>
<bibl id="hofm_1842_11_0170_11"><composer key="compo_014252">Henselt (Ad.)</composer> <title>Morceau de Salon, transcrit p. Pfte. p. C. Czerny. Oe. <opus key="opus_0684">14</opus>, in <key>Hm</key></title>. <pubPlace key="place_0731">Wien</pubPlace>, <publisher key="publ_2605">Mechetti</publisher>. 1 Fl. 30 Xr.</bibl>
<bibl id="hofm_1842_11_0170_12"><composer key="compo_014550">Herz (H.)</composer> <title>3 Divertissemens sur les Airs de Ballet de la jolie Fille de Gand p. Pfte. Oe. <opus key="opus_0501">128</opus>. No. 1, La Kermesse. No. 2. Pas de trois. No. 2, Le Galop</title>. <pubPlace key="place_0438">Mainz</pubPlace>, <publisher key="publ_3563">Schott</publisher>. à 1 Fl. 12 Xr.</bibl>
<bibl id="hofm_1842_11_0170_13"><composer key="compo_014556">Herz (Jacq.)</composer> <title>Grande Valse en forme de Rondo de la Reine de Chypre de Halevy p. Pfte. Oe. <opus key="opus_2458">35</opus>, in <key>C</key></title>. <pubPlace key="place_0044">Berlin</pubPlace>, <publisher key="publ_3471">Schlesinger</publisher> 17½ Ngr.</bibl>
<bibl id="hofm_1842_11_0170_14"><composer key="compo_015336">Hopfe (Jul.)</composer> <title>4 Zweistimmige Fugen f. Pfte. Op. <opus key="opus_2066">29</opus></title>. <pubPlace key="place_0170">Eisleben</pubPlace>, <publisher key="publ_3181">Reichardt</publisher>. 15 Ngr. n.</bibl>
<bibl id="hofm_1842_11_0170_15">– <title>Das Schönste aus L. van Beethoven’s und C.M. von Weber’s Opern. Im leichten Arrangement f. Pfte</title>. Ebend. geh. 1 Thlr. 15 Ngr. n.</bibl>
<bibl id="hofm_1842_11_0170_16">– <title>100 schöne Lieder ohne Worte f. Pfte. bearbeitet</title>. Ebend. geh. 1 Thlr. 15 Ngr. n.</bibl>
<bibl id="hofm_1842_11_0170_17"><composer key="compo_015944">Hünten (Fr.)</composer> <title>2 Morceaux sur le Ballet : La jolie Fille de Gand d’A. Adam p. Pfte. Oe. <opus key="opus_0376">119</opus>. No. 1, La Cracovienne. No. 2, Grande Marche</title>. <pubPlace key="place_0438">Mainz</pubPlace>, <publisher key="publ_3563">Schott</publisher> à 1 Fl.</bibl>
<bibl id="hofm_1842_11_0170_18"><composer key="compo_016278">Japha (Louise)</composer> <title>Impromptu brillant p. Pfte. Oe. <opus key="opus_3565">6</opus>, in <key>H</key></title>. <pubPlace key="place_0276">Hamburg</pubPlace>, <publisher key="publ_3605">Schuberth et Comp</publisher>. 15 Ngr.</bibl>
<bibl id="hofm_1842_11_0170_19"><composer key="compo_017214">Kelz (J.F.)</composer> <title>Potpourri sur des Thèmes favoris de l’Opéra : Guillaume Tell de Rossini, p. Pfte</title>. <pubPlace key="place_0044">Berlin</pubPlace>, <publisher key="publ_2971">Paez</publisher>. 20 Ngr.</bibl>
<bibl id="hofm_1842_11_0170_20"><composer key="compo_017573">Kittl (J. Fr.)</composer> <title>3 Impromptus p. Pfte. Oe. <opus key="opus_1068">17</opus></title>. <pubPlace key="place_0044">Berlin</pubPlace>, <publisher key="publ_3471">Schlesinger</publisher>. 20 Ngr.</bibl>
<wip id="hofm_1842_11_0170_21"><composer key="compo_018639">Krebs (C.)</composer> <title>Auswahl der beliebtesten Lieder f. Pfte. übertragen</title>. <title>No. 1, Die süsse Bell</title>. 20 Ngr. <title>No. 4, An Mary im Himmel</title>. 25 Ngr. <pubPlace key="place_0276">Hamburg</pubPlace>, <publisher key="publ_3605">Schuberth u. Comp</publisher>.</wip>
<bibl id="hofm_1842_11_0170_22"><composer key="compo_019102">Kulenkamp (G.C.)</composer> <title>Rondino über zwei Motive aus der Oper: Czaar und Zimmermann von Lortzing f. Pfte. Op. <opus key="opus_3454">57</opus></title> <pubPlace key="place_0280">Hannover</pubPlace>, <publisher key="publ_2808">Nagel</publisher>. 12½ Ngr.</bibl>
<pb n="171"/>
<bibl id="hofm_1842_11_0171_01"><composer key="compo_019119">Kullak (Th.)</composer> <title>Deux Etudes de Concert (chromatique-militaire) p. Pfte. Oe. <opus key="opus_1372">2</opus></title>. <pubPlace key="place_0044">Berlin</pubPlace>, <publisher key="publ_3471">Schlesinger</publisher> 22½ Ngr.</bibl>
<bibl id="hofm_1842_11_0171_02"><composer key="compo_019654">Labitzky (Jos.)</composer> <title>Potpourri über russische Nationallieder f. Pfte. Op. <opus key="opus_3282">52</opus>. <edition>Neue Ausgabe</edition></title>. <pubPlace key="place_0554">Prag</pubPlace>, <publisher key="publ_1729">Hoffmann</publisher>. 1 Fl. 15 Xr.</bibl>
<bibl id="hofm_1842_11_0171_03"><composer key="compo_019684">Lachner (Fr.)</composer> <title>Catharina Cornaro, Königin von Cypern. Grosse Oper. Auswahl beliebter Stücke f. Pfte., übertragen v. H. Cramer, in 2 Heften</title>. <pubPlace key="place_0438">Mainz</pubPlace>, <publisher key="publ_3563">Schott</publisher>. à 1 Fl. 12 Xr.</bibl>
<bibl id="hofm_1842_11_0171_04"><composer key="compo_020498">Lemoch (J.N.)</composer> <title>Fantaisie brillante sur un Air polonois p. Pfte. (in <key>Es</key>)</title>. <pubPlace key="place_0392">Leipzig</pubPlace>, <publisher key="publ_0437">Br. u. Härtel</publisher>. 12½ Ngr.</bibl>
<bibl id="hofm_1842_11_0171_05"><composer key="compo_021137">Liszt (F.)</composer> <title>Album d’un Voyageur. Compositions p. Pfte. 1re Annèe. Suisse</title>. <pubPlace key="place_0731">Wien</pubPlace>, <publisher key="publ_1506">Haslinger</publisher>. <edition>Prachtausgabe</edition> in englischem Bande. 15 Fl.</bibl>
<wip id="hofm_1842_11_0171_06">– Idem in 3 Abtheilungen. <lb/><title>I. Impressions et Poesies</title>. Ebend. 5 Fl. <lb/><title>II. Fléors mélodiques des Alpes</title>. Ebend. 3 Fl. 30 Xr. <lb/><title>III. Paraphrases. Oe. <opus key="opus_0021">10</opus></title>. Ebend. 3 Fl. 30 Xr.</wip>
<wip id="hofm_1842_11_0171_07">– Idem in einzelnen Nummern. <lb/><title>No. 1, Lyon. Allegro eroico</title>. Ebend. 1 Fl. 15 Xr. <lb/>– <title>2, Le Lac de Walienstadt (Andante placido). Au Bord d’une Source (Allegretto)</title>. Ebend. 1 Fl. <lb/>– <title>3, Les Cloches de ***</title>. Ebend. 1 Fl. 15 Xr. <lb/>– <title>4, Vallée de Obermann</title>. Ebend. 1 Fl. 30 Xr. <lb/>– <title>5, La Chapelle de Guillaume Tell</title>. Ebend. 1 Fl. 45 Xr. <lb/>– <title>6, Psaume de l’Eglise de Geneve</title>. Ebend. 20 Xr. <lb/>– <title>7, Fleurs melodiques des Alpes. No. 1, 2, 3</title>, Ebend. 1 Fl. 15 Xr. <lb/>– 8, Idem No. 4, 5, 6. Ebend. 1 Fl. 30. Xr. <lb/>– 9, Idem No. 7, 8, 9. Ebend. 1 Fl. 15. Xr. <lb/>– <title>10, Ranz des Vaches (Anfzug auf die Alp) de Huber. Improvisata. Op. <opus key="opus_0022">10. No. 1</opus></title>. Ebend. 1 Fl. 30 Xr. <lb/>– <title>11, Un Soir dans les Montagnes de Knop. Nocturne pastoral. Op. <opus key="opus_0030">10. No. 2</opus></title>. Ebend. 1 Fl. 15 Xr. <lb/>– <title>12, Ranz de Chevres de Huber. Allegro flnale. Op. <opus key="opus_0034">10. No. 3</opus></title>. Ebend. 1 Fl. 30 Xr.</wip>
<bibl id="hofm_1842_11_0171_08"><title>Lyra. Nützliche und angenehme Unterhaltuugen für die Jugend am Pfte. Heft 1–3</title>. <pubPlace key="place_0642">Speyer</pubPlace>, <publisher key="publ_2287">Lang</publisher>. 20 Ngr. n.</bibl>
<wip id="hofm_1842_11_0171_09"><title>Potpourris über die beliebtesten Themen neuer Opern f. Pfte</title>. <title>No. 24, Bellini, Romeo u. Julie</title>. 25 Ngr. <title>No. 39, Auber, Gustav oder der Maskenball</title>. 20 Ngr. <title>No. 50, Auber, Der Maurer u. Schlosser</title>. 20 Ngr. <title>No. 51, Der Schnee</title>. 20 Ngr. <title>No. 53, Bellini, Bianca e Fernando</title>. 20 Ngr. <title>No. 56, Cherubini, Der Wasserträger</title>. 20 Ngr. <title>No. 57, Cimarosa, Die heimliche Ehe</title>. 20 Ngr. <title>No. 59, Halevy, Die Königin von Cypern</title>. 20 Ngr. <pubPlace key="place_0392">Leipzig</pubPlace>, <publisher key="publ_0437">Br. u. Härtel</publisher>.</wip>
<bibl id="hofm_1842_11_0171_10"><title>Potpourris sur des Thêmes favoris des Opéras modernes. No. 31, Halevy, Reine de Chypre, arr. p. W. Hünten. Cah. 1</title>. <pubPlace key="place_0044">Berlin</pubPlace>, <publisher key="publ_3471">Schlesinger</publisher>. 15 Ngr.</bibl>
<bibl id="hofm_1842_11_0171_11"><composer key="compo_028633">Roeckel (Ed.)</composer> <title>Cantabile p. Pfte. Op. <opus key="opus_2737">4</opus>, in <key>D</key></title>. <pubPlace key="place_0392">Leipzig</pubPlace>, <publisher key="publ_0437">Br. et Härtel</publisher>. 15 Ngr.</bibl>
<bibl id="hofm_1842_11_0171_12">– <title>Scherzo p. Pfte. Oe. <opus key="opus_3181">5</opus>, in <key>C</key></title>. Ebend. 15 Ngr.</bibl>
<bibl id="hofm_1842_11_0171_13"><title>Sammlung beliebter Opern älterer und neuerer Zeit f. Pfte. allein. No. 31, Paër, Sargin</title>. 4. <pubPlace key="place_0392">Leipzig</pubPlace>, <publisher key="publ_1107">Friedlein u. Hirsch</publisher>. Subscr.-Pr. 1 Thlr. 22½ Ngr. n.</bibl>
<pb n="172"/>
<album id="hofm_1842_11_0172_01"><title>Sammlung von Potpourris aus beliebten Opern älterer u. neuerer Zeit f. Pfte. No. 1, <composer key="compo_036241">Weber</composer>, Oberon. No. 2. <composer key="compo_002199">Bellini</composer>, Puritaner</title>. 4. <pubPlace key="place_0392">Leipzig</pubPlace>, <publisher key="publ_1107">Friedlein u. Hirsch</publisher> à 10 Ngr.</album>
<bibl id="hofm_1842_11_0172_02"><composer key="compo_031495">Schwarzl (J.)</composer> <title>Nachruf an Cherubini in Trauertönen am Pfte</title>. <pubPlace key="place_0245">Grätz</pubPlace>, <publisher key="publ_1317">Greiner</publisher>. 20 Xr. n.</bibl>
<bibl id="hofm_1842_11_0172_03"><title>Unterhaltungen (angenehme u. leichte). Eine Sammlung grosser Potpourris aus den neuesten Opern, Divertissements, Rondos etc. f. Pfte. 4ter Jahrg. Heft 3, 4</title>. <pubPlace key="place_0110">Chemnitz</pubPlace>, <publisher key="publ_1807">Häcker</publisher>. à 25 Ngr.</bibl>
<bibl id="hofm_1842_11_0172_04"><composer key="compo_036249">Weber (C.M. de)</composer> <title>La Tarentella p. Pfte. Tirée de la 4e Sonate. Oe. <opus key="opus_3988">70</opus>, in <key>Em</key></title>. <pubPlace key="place_0044">Berlin</pubPlace>, <publisher key="publ_3471">Schlesinger</publisher>. 20 Ngr.</bibl>
</div><div id="hofm_1842_11_0172_div10"><head><hofClass key="hofCl_0288">Tänze für das Pianoforte.</hofClass></head>
<bibl id="hofm_1842_11_0172_05"><composer key="compo_003803">Bosch (F.)</composer> <title>Fest-Polonaise zur Vermählungsfeier der Prinzessin Marie v. Preussen mit dem Kronprinzen Maximilian v. Baiern f. Pfte</title>. <pubPlace key="place_0044">Berlin</pubPlace>, <publisher key="publ_0393">Bote u. Bock</publisher>. 10 Ngr.</bibl>
<bibl id="hofm_1842_11_0172_06"><composer key="compo_004603">Budinsky (Franz)</composer> <title>Blitz-Galopp f. Pfte</title>. <pubPlace key="place_0554">Prag</pubPlace>, <publisher key="publ_1729">Hoffmann</publisher>. 15 Xr.</bibl>
<bibl id="hofm_1842_11_0172_07">– <title>Schlittenfahrt-Galopp f. Pfte</title>. Ebend. 15 Xr.</bibl>
<bibl id="hofm_1842_11_0172_08"><composer key="compo_014842">Hilmar (F.)</composer> <title>Einen Jux will er sich machen. Polka f. Pfte</title>. 15 Xr.<lb/> (Prager Favorit-Galoppen, Polka etc. No. 65, 66, 90.)</bibl>
<bibl id="hofm_1842_11_0172_09">– u. <composer key="compo_026013">Fr. Pelz</composer>. <title>Die fröhlichen Stunden. 3 Polka f. Pfte. Op. <opus key="opus_3181">5</opus></title>. Ebend. 30 Xr.</bibl>
<bibl id="hofm_1842_11_0172_10"><composer key="compo_019654">Labitzky (Jos.)</composer> <title>Sutherland-Walzer f. Pfte. Op. <opus key="opus_4153">76</opus></title>. Ebend. 45 Xr.</bibl>
<bibl id="hofm_1842_11_0172_11">– <title>Zweite Walzer-Guirlande f. Pfte. Op. <opus key="opus_4241">79</opus></title>. Ebend. 45 Xr.</bibl>
<bibl id="hofm_1842_11_0172_12">– <title>Lichtenstein-Walzer f. Pfte. Op. <opus key="opus_4354">81</opus></title>. Ebend. 45 Xr.</bibl>
<bibl id="hofm_1842_11_0172_13"><composer key="compo_020014">Lanner (Jos.)</composer> <title>Nixen-Tänze. Walzer f. Pfte. Op. <opus key="opus_1339">198</opus></title>. <pubPlace key="place_0731">Wien</pubPlace>, <publisher key="publ_1506">Haslinger</publisher>. 45 Xr.</bibl>
<bibl id="hofm_1842_11_0172_14">– Idem im leichten Style f. Pfte. (Tanz-Salon, 17tes Heft.) Ebend. 30 Xr.</bibl>
<bibl id="hofm_1842_11_0172_15"><title>Lätitia. Sammlung d. ausgew. Tänze f. Pfte. No. 27, Elmendorf und Schulz, 3 Masurkas</title>. <pubPlace key="place_0280">Hannover</pubPlace>, <publisher key="publ_2808">Nagel</publisher>. 5 Ngr.</bibl>
<bibl id="hofm_1842_11_0172_16"><composer key="compo_020900">Liehmann (Jos.)</composer> <title>Die Unermüdlichen. 3 Polka f. Pfte</title>. <pubPlace key="place_0554">Prag</pubPlace>, <publisher key="publ_1729">Hoffmann</publisher>. 30 Xr.</bibl>
<bibl id="hofm_1842_11_0172_17"><composer key="compo_023544">Moeser (C.)</composer> <title>Fackeltanz zur Feier der Vermählung der Prinzessin Maria v. Preussen u. dem Kronprinzen v. Baiern f. Pfte. Op. <opus key="opus_0021">10</opus></title>. <pubPlace key="place_0044">Berlin</pubPlace>, <publisher key="publ_2971">Paez</publisher>. 10 Ngr.</bibl>
<bibl id="hofm_1842_11_0172_18"><composer key="compo_029888">Schacht (M.)</composer> <title>Lieblingstänze f. Pfte. No. 20, Schottische Tänze. No. 21,22, Tiroler (Jäger-Schottische) Tänze. No. 24, Comus-Galopp</title>. <pubPlace key="place_0280">Hannover</pubPlace>, <publisher key="publ_2808">Nagel</publisher>. à 5 Ngr.</bibl>
<bibl id="hofm_1842_11_0172_19"><composer key="compo_030567">Schmidt (H.)</composer> <title>Polin-Contredanse a. d. Genre-Bild: Der Kurmärker Landwehrmann u. die Picarde f. Pfte</title>. <pubPlace key="place_0044">Berlin</pubPlace>. <publisher key="publ_2971">Paez</publisher>. 5 Ngr.</bibl>
<bibl id="hofm_1842_11_0172_20"><composer key="compo_033516">Straka (Jos.)</composer> <title>Reunion. 3 Polka f. Pfte</title>. <pubPlace key="place_0554">Prag</pubPlace>, <publisher key="publ_1729">Hoffmann</publisher>. 30 Xr.</bibl>
<bibl id="hofm_1842_11_0172_21"><composer key="compo_033569">Strauss (Joh.)</composer> <title>Mode-Quadrille f. Pfte. Op. <opus key="opus_0658">138</opus></title>. <pubPlace key="place_0731">Wien</pubPlace>, <publisher key="publ_1506">Haslinger</publisher>. 30 Xr.</bibl>
<bibl id="hofm_1842_11_0172_22">– Idem im leichten Style f. Pfte. Ebend. 30 Xr.</bibl>
<bibl id="hofm_1842_11_0172_23">– <title>Die Fantasten. Walzer f. Pfte. Op. <opus key="opus_0666">139</opus></title>. Ebend. 45 Xr.</bibl>
<bibl id="hofm_1842_11_0172_24">– Idem im leichten Style f. Pfte. (Die junge Tänzerin, 34tes Heft). Ebend. 30 Xr.</bibl>
<bibl id="hofm_1842_11_0172_25"><title>Tanz-Album f. 1843. Enth. Polonaise, Walzer, Galopp, Contretanz, Masurek, Schottisch u. Cotillon. 2ter Jahrg</title>. <pubPlace key="place_0044">Berlin</pubPlace>, <publisher key="publ_0393">Bote u. Bock</publisher>. geh. 1 Thlr. Subscr.-Pr. 15 Ngr. n.</bibl>
<bibl id="hofm_1842_11_0172_26"><title>Tänze (ausgewählte) f. Pfte. No. 13</title>. <pubPlace key="place_0110">Chemnitz</pubPlace>, <publisher key="publ_1807">Häcker</publisher>. 5 Ngr.</bibl>
<bibl id="hofm_1842_11_0172_27"><composer key="compo_035686">Volger (F.)</composer> <title>Die Fahrt auf der Eisenbahn. Galopp f. Pfte. Op. <opus key="opus_1390">20</opus></title>. <pubPlace key="place_0383">Landsberg</pubPlace>, <publisher key="publ_4224">Volger u. Klein</publisher>. 5 Ngr.</bibl>
<pb n="173"/>
</div><div id="hofm_1842_11_0173_div11"><head><hofClass key="hofCl_0250">Märsche für das Pianoforte.</hofClass></head>
<bibl id="hofm_1842_11_0173_01"><composer key="compo_019571">Kühner (G.)</composer> <title>Morceaux favoris tirés de l’Opéra : Les Hugenots de Meyerbeer, p. Pfte. No. 1, Tempo di Marcia, in <key>C</key>. No. 2, Tempo di Marcia in <key>C</key></title>. <pubPlace key="place_0662">Stuttgart</pubPlace>, <publisher key="publ_0049">allgemeine Musikhandlung</publisher>. à 18 Xr.</bibl>
<bibl id="hofm_1842_11_0173_02"><composer key="compo_035686">Volger (F.)</composer> <title>Die Parade kommt. Geschwindmarsch f. Pfte. Op. <opus key="opus_1482">21</opus></title>. <pubPlace key="place_0383">Landsberg</pubPlace>, <publisher key="publ_4224">Volger u. Klein</publisher>. 5 Ngr.</bibl>
</div><div id="hofm_1842_11_0173_div12"><head><hofClass key="hofCl_0072">Lehrbücher für das Pianoforte.</hofClass></head>
<bibl id="hofm_1842_11_0173_03"><composer key="compo_024152">Müller (A.W.)</composer> <title>Systematische Tabelle f. den ersten Elementar-Unterricht im Pfte-Spiel</title>. Fol. <pubPlace key="place_0392">Leipzig</pubPlace>, <publisher key="publ_4491">Wöller</publisher>. 7½ Ngr. n.</bibl>
<bibl id="hofm_1842_11_0173_04"><composer key="compo_037391">Wohlfahrt (A.)</composer> <title>Der Clavierfreund. Ein progressiver Clavier-Unterricht f. Kinder. 2tes Heft</title>. 4. <pubPlace key="place_0392">Leipzig</pubPlace>, <publisher key="publ_0437">Br. u. Härtel</publisher>. geh. 15 Ngr. n.</bibl>
</div><div id="hofm_1842_11_0173_div13"><head><hofClass key="hofCl_0225">Musik für die Orgel.</hofClass></head>
<bibl id="hofm_1842_11_0173_05"><composer key="compo_010862">Geissler (C.)</composer> <title>Neue practische Orgelschule f. d. ersten Anfänger bis zum vollendeten Orgelspieler, in Verbindung mit Rinck, Hesse, Köhler, Schneider u. A. 10tes–12tes Heft (Schluss)</title>. 4. <pubPlace key="place_0449">Meissen</pubPlace>, <publisher key="publ_1397">Gödsche</publisher>. Subscr.-Pr. 1 Thlr. 10 Ngr. n. <lb/>Das 12te Heft auch einzeln unter dem Titel: <lb/>– <title>565 Zwischenspiele zu den gewöhnl. vorkommenden Chorälen f. das Studium u. zum Gebr. beim öffentl. Gottesdienste</title>. 4. Ebend. geh. 20 Ngr. n.</bibl>
<bibl id="hofm_1842_11_0173_06"><composer key="compo_016879">Kamphausen (W.)</composer> u. <composer key="compo_022866">A. Melchior</composer>, <title>14 einfache, kurze u. zum kirchlichen Gebrauche bestimmte Orgel-Vorspiele</title>. <pubPlace key="place_0635">Solingen</pubPlace>, <publisher key="publ_3043">Pfeiffer</publisher> 7½ Ngr. n.</bibl>
<bibl id="hofm_1842_11_0173_07"><composer key="compo_019470">Körner (W.)</composer> <title>Orgelfreund. 1ster Band. 5tes Heft</title>. qu. 4. <pubPlace key="place_0181">Erfurt</pubPlace>, <publisher key="publ_2240">Körner</publisher>. Pr. des 1sten Bandes in 6 Heften 2 Thlr. n. einzelne Hefte à 15 Ngr.</bibl>
<bibl id="hofm_1842_11_0173_08"><composer key="compo_019524">Kühmstedt (Fr.)</composer> <title>Gradus ad Parnassum oder Vorschule zu Seb. Bach’s Compositionen, in Präludien u. Fugen f. Orgel oder Pfte. Op. <opus key="opus_2737">4</opus>. 5te Lief</title>. <pubPlace key="place_0438">Mainz</pubPlace>, <publisher key="publ_3563">Schott</publisher>. 48 Xr.</bibl>
</div><div id="hofm_1842_11_0173_div14"><head><hofClass key="hofCl_0068">Kirchenmusik.</hofClass></head>
<bibl id="hofm_1842_11_0173_09"><composer key="compo_014704">Heydenreich (C.W.)</composer> <title>Requiem im älteren Kirchenstyle f. Gesangstimmen. <format>Partitur</format> (Kölaer Dombau-Spende)</title>. <pubPlace key="place_0475">München</pubPlace>, <publisher key="publ_0028">Aibl</publisher>. 1 Fl. 48 Xr. n.</bibl>
<bibl id="hofm_1842_11_0173_10"><composer key="compo_014828">Hiller (J.A.)</composer> <title>Choralbuch ganz nach der erstenOrig.-Aufl. im Violin-Schlüssel neu bearbeitet u. mit einer Sammlung anderer gebräuchl. u. neuer Choräle vermehrt von W.A. Müller. 6tes u. 7tes Heft (Schluss)</title>. qu. 4. <pubPlace key="place_0449">Meissen</pubPlace>, <publisher key="publ_1397">Gödsche</publisher>. Subscr.-Pr. à 7½ Ngr. n. Compl. 2 Thlr. 10 Ngr. n.</bibl>
<bibl id="hofm_1842_11_0173_11"><composer key="compo_016102">Jacob (F.A.L.)</composer> <title>Der Festtagssänger. Sammlung v. Figuralgesängen oder Arien u. kleinen Chören f. alle Feste des christlichen Kirchenjahres. 2ter Theil, enth. Gesänge f. Taufe, Confirmation, Abendmahl, Copulation etc. Op. <opus key="opus_0234">11</opus></title>. qu. 4. <pubPlace key="place_0283">Haynau</pubPlace>, (<pubPlace key="place_0392">Leipzig</pubPlace>, <publisher key="publ_2202">Kummer</publisher>). geh. 15 Ngr. n.</bibl>
<bibl id="hofm_1842_11_0173_12"><composer key="compo_020399">Lehner (J.L.)</composer> <title>70 Choräle d. protestant. Kirche f. 3 Kinderstimmen u. eine Männerstimme</title>. <pubPlace key="place_0510">Nürnberg</pubPlace>, <publisher key="publ_0855">Ebner</publisher>. 5 Ngr. n.</bibl>
<pb n="174"/>
<bibl id="hofm_1842_11_0174_01"><composer key="compo_020399">Lehner (J.L.)</composer> <title>Trauergesänge f. den gemischten Chor u. f. Männerstimmen v. verschied. Comp</title>. <pubPlace key="place_0510">Nürnberg</pubPlace>, <publisher key="publ_0855">Ebner</publisher>. 19 Ngr. n.</bibl>
<bibl id="hofm_1842_11_0174_02"><composer key="compo_020582">Leonhard (Jul. Em.)</composer> <title>Cantate zum Weinachtsfest f. 4 Singstimmen, kl. Orchester u. Orgel. <format>Partitur</format>. Op. <opus key="opus_4313">8. No. 2</opus></title>. <pubPlace key="place_0260">Görlitz</pubPlace>, <publisher key="publ_2087">Koblitz</publisher>. 1 Thlr. 5 Ngr. n.</bibl>
<bibl id="hofm_1842_11_0174_03"><composer key="compo_023269">Meyerbeer (Giac.)</composer> <title>7 geistliche Gesänge v. Klopstock (Traduction française de Legouvé) f. Sopran, Alt, Tenor u. Bass mit Pfte. ad lib. Partitur (Wenn ich einst von jenem Schlummer – Preis ihm! – Erheb’ uns zu dir – Auf ewig ist der Herr – Müde sündenvolle Seele – Wach’ auf, mein Herz – Jesus Christus wir sind hier.)</title> <pubPlace key="place_0044">Berlin</pubPlace>, <publisher key="publ_3471">Schlesinger</publisher>. 3 Thlr.</bibl>
<bibl id="hofm_1842_11_0174_04"><composer key="compo_024915">Nitsche (J.C.G.)</composer> <title>12 Begräbniss-Gesänge f. den gemischten Chor</title>. kl. 4. <pubPlace key="place_0255">Guben</pubPlace>, <publisher key="publ_2681">Meyer</publisher>. 7½ Ngr. n.</bibl>
<bibl id="hofm_1842_11_0174_05"><composer key="compo_026070">Pergolese (G.B.)</composer> <title>Salve Regina f. Alt mit Begl. v. 2 Violinen, Alt u. Bass. <format>Partitur</format>. (Auswahl vorzügl. Musikwerke in gebundener Schreibart. 2te Samml. 2te Lief.)</title> 8. <pubPlace key="place_0044">Berlin</pubPlace>, <publisher key="publ_4068">Trautwein u. Comp</publisher>. Subscr.-Pr. 10 Ngr. n.</bibl>
<bibl id="hofm_1842_11_0174_06"><composer key="compo_028260">Richter (E. Friedr.)</composer> <title>Der 126ste Psalm (Wenn der Herr die Gefangenen Zions erlösen wird) f. Chor u. Orchester. Op. <opus key="opus_0021">10</opus>. <format>Partitur</format></title>. <pubPlace key="place_0392">Leipzig</pubPlace>, <publisher key="publ_0437">Br. u. Härtel</publisher>. geh. 2 Thlr. 20 Ngr.</bibl>
<bibl id="hofm_1842_11_0174_07">– Idem <format>Clavierauszug</format>. Ebend. 1 Thlr. 5 Ngr.</bibl>
<bibl id="hofm_1842_11_0174_08">– Idem in ausgesetzten <format>Singstimmen</format>. Ebend. 1 Thlr.</bibl>
<bibl id="hofm_1842_11_0174_09"><composer key="compo_032798">Spohr (L.)</composer> <title>Der Fall Babylons. Oratorium in 2 Abtheil., n. d. Englischen des Prof. Taylor v. Fr. Oetker. <format>Clavierauszug</format></title>. Ebend. geh. 6 Thlr. 15 Ngr.</bibl>
<bibl id="hofm_1842_11_0174_10">– Idem in ausgesetzten <format>Singstimmen</format>. Ebend. 5 Thlr.</bibl>
<bibl id="hofm_1842_11_0174_11"><composer key="compo_037284">Wiss (H.B.)</composer> <title>Deutsche Trauer-Messe f. 2 Solo- u. 2 Chor-Stimmen mit Orgel-Begleitung</title>. qu. 4. <pubPlace key="place_0642">Speyer</pubPlace>, <publisher key="publ_2287">Lang</publisher>. 30 Xr. n. <lb/>Die <format>Singstimmen</format> einzeln 6 Xr. n.</bibl>
<bibl id="hofm_1842_11_0174_12"><composer key="compo_037537">Wolfram (J.)</composer> <title>Osterfest-Cantate (Ihr Himmelschöre strömt herbei) v. J.H. v. Wessenberg f. d. vierstimmigen Gesang mit Orchester-Begl. <format>Partitur</format>. (Repertorium f. Deutschland’s Kirchenmusik. 3ter Band. No. 4.)</title> 4. <pubPlace key="place_0449">Meissen</pubPlace>, <publisher key="publ_1397">Gödsche</publisher>. 1 Thlr. 5 Ngr. n.</bibl>
</div><div id="hofm_1842_11_0174_div15"><head><hofClass key="hofCl_0102">Mehrstimmige Gesänge mit und ohne Pianoforte.</hofClass></head>
<listBibl><bibl id="hofm_1842_11_0174_13"><composer key="compo_007200">Donizetti (Gaet.)</composer> <title>Predestinazione (Vorherbestimmung). Duetto p. 2 Voci con Acc. di Pfte</title>. <pubPlace key="place_0731">Wien</pubPlace>, <publisher key="publ_2605">Mechetti</publisher>. 30 Xr.</bibl>
<bibl id="hofm_1842_11_0174_14">– <title>Che vuoi di più (Was willst du mehr). Duetto p. 2 Voci con Acc. di Pfte</title>. Ebend. 36 Xr. <lb/>(Ispirazioni Viennesi. No. 6, 7.)</bibl></listBibl>
<bibl id="hofm_1842_11_0174_15"><composer key="compo_010862">Geissler (C.)</composer> <title>Sächsische Liedertafel. Ernst u. Scherz in neuen Gesängen f. Männerstimmen. 2tes Heft. (Nun rube sanft, – Bergt. Das ist ein köstlich Ding, – Otto (Jul.) Wenn sich der Geist – O klage nicht.) <format>Partitur</format></title>. 4. <pubPlace key="place_0449">Meissen</pubPlace>, <publisher key="publ_1397">Gödsche</publisher>. 10 Ngr. n.</bibl>
<bibl id="hofm_1842_11_0174_16"><composer key="compo_017230">Kempt (F.A.)</composer> <title>3 vierstimmige Männergesänge. Op. <opus key="opus_1372">2</opus>. (Lieben Freunde! Es gab schön’re Zeiten – Noch in meines Lebens Lenze – Freunde lass’t der Freud’ uns weihen.)</title> 8. <pubPlace key="place_0392">Leipzig</pubPlace>, <publisher key="publ_4382">Whistling</publisher>. 12½ Ngr.</bibl>
<bibl id="hofm_1842_11_0174_17"><composer key="compo_018639">Krebs (C.)</composer> <title>Ewige Liebe. Waldfahrt. 2 Duette f. Sopran (oder Tenor) u. Alt (oder Bariton) m. Pfte.-Begl. Op. <opus key="opus_0325">115</opus>. (Hauch der Liebe – Im Wald ist’s frisch u. grün.)</title> <pubPlace key="place_0276">Hamburg</pubPlace>, <publisher key="publ_3605">Schuberth u. Comp</publisher>. 15 Ngr.</bibl>
<pb n="175"/>
<bibl id="hofm_1842_11_0175_01"><composer key="compo_018639">Krebs (C.)</composer> <title>Der Frühling. Zigeunerlust. 2 Duette f. Sopran (od. Ten.) und Alt (od. Bariton) m. Begl. des Pfte. Op. <opus key="opus_0335">116</opus>. (Erschliesst uns der Frühling – Wie klingt’s durch den Wald)</title>. <pubPlace key="place_0276">Hamburg</pubPlace>, <publisher key="publ_3605">Schuberth et Co</publisher>. 20 Ngr.</bibl>
<bibl id="hofm_1842_11_0175_02"><composer key="compo_020399">Lehner (J.L.)</composer> <title>6 vierstimmige Männergesänge</title>. qu. gr. 8. <pubPlace key="place_0510">Nürnberg</pubPlace>, <publisher key="publ_0855">Ebner</publisher>. 4 Ngr. n.</bibl>
<bibl id="hofm_1842_11_0175_03"><composer key="compo_020580">Leonhard (J.E.)</composer> <title>4 Terzetten f. 2 Soprane u. Alt m. Begl. d. Pfte. Op. <opus key="opus_0234">11</opus>, (Vöglein schlummern – Der Liebe Leben ist schnell vollbracht – Die Sterne durch den Himmel geh’n – Ah, non lasciarmi)</title>. <pubPlace key="place_0276">Hamburg</pubPlace>, <publisher key="publ_3605">Schuberth et Co</publisher>. 1 Thlr.</bibl>
<bibl id="hofm_1842_11_0175_04"><title>Liederbuch (vaterländisches) Vtes Bändchen. Thalia. 78 der schönsten Arien, Duetten. Romanzen etc. aus den beliebtesten Opern mit beigedruckten Melodien</title>. 12mo. <pubPlace key="place_0730">Wesel</pubPlace>, <publisher key="publ_0161">Bagel</publisher>. geh. 7½ Ngr. n.</bibl>
<bibl id="hofm_1842_11_0175_05"><composer key="compo_025104">Nägeli (H.G.)</composer> <title>Der schweizerische Männergesang. 6tes Heft, 10te Samml. v. Ges. f. d. Männerchor. <format>Partitur</format> mit Nägeli’s Portrait</title>. qu. 4. <pubPlace key="place_0767">Zürich</pubPlace>, <publisher key="publ_2902">Nägeli</publisher>. geh. 15 Ngr. n.</bibl>
<wip id="hofm_1842_11_0175_06"><title>Orpheus, Sammlung von Liedern und Gesängen f. 4 Männerstimmen. 9ter Band oder neue Folge. 1ster Band herausg. v. Carl Zöllner</title>. <format>Partitur</format> 15 Ngr. <format>Stimmen</format> 1 Thlr. <pubPlace key="place_0392">Leipzig</pubPlace>, <publisher key="publ_1107">Friedlein u. Hirsch</publisher>.</wip>
<bibl id="hofm_1842_11_0175_07">– Register zur 1sten Folge oder Band 1–8. Ebend. 2½ Ngr.</bibl>
<wip id="hofm_1842_11_0175_08"><title>Rheinländer (die) Heitere Chorgesänge und Quartette f. Männerstimmen. <format>Partitur u. Stimmen</format></title>. <title>Heft 1, Esser (H.) Ich trinke, was trinkst du denn? – Die Frösch’ und die Unken</title>. 1 Fl. 48 Xr. <title>Heft 2, Lachner (V.) Ich liebe, was liebst du denn? – Schöne Mädchen blühen in Sachsen</title>. 54 Xr. 8vo. <pubPlace key="place_0438">Mainz</pubPlace>, <publisher key="publ_3563">Schott</publisher>.</wip>
<bibl id="hofm_1842_11_0175_09"><composer key="compo_028259">Richter (Ernst)</composer> <title>2 Husarenlieder von Hoffmann v. Fallersleben f. 4 Männerstimmen m. Begl. d. Pfte. Op. <opus key="opus_1584">22</opus>. <format>Partitur u. Stimmen</format> (Ich bin Husar gewesen – Wir preuss’schen Husaren)</title>. 8. <pubPlace key="place_0392">Leipzig</pubPlace>, <publisher key="publ_0437">Br. u. Härtel</publisher>. 15 Ngr.</bibl>
<bibl id="hofm_1842_11_0175_10">– <title>Hund und Katzen von Hoffmann v. Fallersleben f. 4 Männerstimmen. <format>Part. u. Stimmen</format> (Mauskätzchen gab ein grosses Fest)</title>. 8. Ebend. 10 Ngr.</bibl>
<bibl id="hofm_1842_11_0175_11"><composer key="compo_028876">Rosenburg</composer>, <title>Einzugslied v. Dr. Bretschneider f. 4 Männerstimmen. m. Pfte. <format>Partitur</format></title>. <pubPlace key="place_0241">Gotha</pubPlace>, <publisher key="publ_2779">Müller</publisher>. 7½ Ngr.</bibl>
<bibl id="hofm_1842_11_0175_12"><composer key="compo_035020">Täglichsbeck (Th.)</composer> <title>Deutsche Liederhalle. Sammlung der beliebtesten älteren und neuercn Lieder u. Gesänge f. 4 Männerstimmen. 1ster Band, 6tes Heft</title>. 12 mo. <pubPlace key="place_0662">Stuttgart</pubPlace>, <publisher key="publ_1400">Göpel</publisher>. geh. 24 Xr. n.</bibl>
<bibl id="hofm_1842_11_0175_13">– <title>Odeon. Die Liederhalle in ausgesetzten <format>Stimmen</format>. 1ster Band, 3tes u. 4tes Heft</title>. Ebend. à 24 Xr. n.</bibl>
<bibl id="hofm_1842_11_0175_14"><composer key="compo_034566">Tiehsen (Otto)</composer> <title>4 Duetten f. hohen u. tiefen Sopran m. Begl. d. Pfte. Op. <opus key="opus_0927">16</opus>. (Kein Feuer, keine Kohle – Leise zieht durch mein Gemüth – Ich kann wohl manchmal singen – Süsse Ahnungsschauer gleiten.)</title> <pubPlace key="place_0044">Berlin</pubPlace>, <publisher key="publ_0393">Bote u. B</publisher>. 20 Ngr.</bibl>
<bibl id="hofm_1842_11_0175_15"><composer key="compo_034893">Truhn (Hier.)</composer> <title>Gesang der Nixen v. J. v. Eichendorff f. 4 weibliche Stimmen (Solo-Sopran, 2 Soprane u. Altbegl.) m. Pfte. Op. <opus key="opus_2948">44</opus>. <format>Partitur u. Stimmen</format> (Hörst du nicht die Bäume rauschen)</title>. <pubPlace key="place_0392">Leipzig</pubPlace>, <publisher key="publ_4382">Whistling</publisher>. 17½ Ngr.</bibl>
<bibl id="hofm_1842_11_0175_16"><title>Volks-Harfe, oder: Liederbuch für’s deutsche Volk in fliegendeu Blättern. No. 1</title>. 8vo. <pubPlace key="place_0283">Haynau</pubPlace> (<pubPlace key="place_0392">Leipzig</pubPlace>, <publisher key="publ_2202">Kummer</publisher>). 1½ Ngr. n.</bibl>
<bibl id="hofm_1842_11_0175_17"><title>Volkslieder (schlesische) mit Melodien. Aus dem Munde des Volks gesammelt u. herausgegeben von Hoffmann v. Fallers-<pb n="176"/>leben u. E. Richter. 2te Lief</title>. gr. 8. <pubPlace key="place_0392">Leipzig</pubPlace>, <publisher key="publ_0437">Br. u. Härtel</publisher>. geh. 15 Ngr. n.</bibl>

<bibl id="hofm_1842_11_0176_01"><composer key="compo_035736">Vonderfour (Marie)</composer> <title>Trost in Thränen. Duett f. Sopran u. Bass m. Begl. d. Pfte. Op. <opus key="opus_1380">2. No. 2</opus>. (Wie kommt’s, dass du so traurig bist.)</title> <pubPlace key="place_0392">Leipzig</pubPlace>, <publisher key="publ_0437">Br. u. Härtel</publisher>. 7½ Ngr.</bibl>
<bibl id="hofm_1842_11_0176_02"><composer key="compo_038255">Zschiesche</composer>, <title>die kleinen Sänger. <edition>3te Aufl</edition>. im Violinschlüssel</title>. qu. gr. 8. <pubPlace key="place_0392">Leipzig</pubPlace>, <publisher key="publ_2645">Melzer</publisher>. 10 Ngr. n.</bibl>
</div><div id="hofm_1842_11_0176_div16"><head><hofClass key="hofCl_0268">Opernmusik mit Pianoforte Begleitung.</hofClass></head>
<wip id="hofm_1842_11_0176_03"><composer key="compo_007199">Donizetti (G.)</composer> <title>Belisario</title>. <title>Sc. e Cavatina: Sin la tomba (Selbst sein Grab)</title>. 15 Ngr. <title>Sc. et Aria: Da quel di che (Seit dem unheilvollen Tage)</title>. 15 Ngr. (Nuova Raccolta di Arie No. 1. 3.) <pubPlace key="place_0044">Berlin</pubPlace>, <publisher key="publ_3471">Schlesinger</publisher>.</wip>
<bibl id="hofm_1842_11_0176_04"><composer key="compo_013060">Halevy (F.)</composer> <title>Die Königin von Cypern. (La Reine de Chypre.) Oper in 5 Acten v. St. Georges. Deutsche Bearbeitung v. C. Grünbaum. <format>Vollständiger Klavierauszug</format> mit deutschem u. französischem Texte</title>. Ebend. geh. 12 Thlr.</bibl>
<bibl id="hofm_1842_11_0176_05"><title>Raccolta (nuova) di Arie eseguite nei Teatri di Milano, Parigi etc. No. 1, 3</title>, Siehe <xref type="external" from="hofm_1842_11_0176_03" to="DITTO" targOrder="U">Donizetti</xref>.</bibl>
</div><div id="hofm_1842_11_0176_div17"><head><hofClass key="hofCl_0040">Gesänge für eine Stimme mit Begleitung des Pianoforte.</hofClass></head>
<bibl id="hofm_1842_11_0176_06"><composer key="compo_001196">Babnigg (Emma)</composer> <title>3 Lieder f. Sopran od. Tenor. Op. <opus key="opus_0001">1</opus>. (Es war ein schönes Träumen – In dem Glase stehn die Blumen – Ueber Höhen und Grund)</title> <pubPlace key="place_0147">Dresden</pubPlace>, <publisher key="publ_0097">Arnold in Comm</publisher>. 20 Ngr. n.</bibl>
<bibl id="hofm_1842_11_0176_07"><composer key="compo_001434">Banck (C.)</composer> <title>Auf dem Berge, f. Sopran od. Tenor (Ich bin vom Thal hinauf gestiegen)</title>. Deutsche Sänger-Halle No. 6. <pubPlace key="place_0078">Braunschweig</pubPlace>, <publisher key="publ_3822">Spehr</publisher>. 7½ Ngr.</bibl>
<wip id="hofm_1842_11_0176_08"><composer key="compo_006234">Curschmann (Fr.)</composer> <title>Romanzen u. Lieder aus der Perle zu Lindahaide. Op. <opus key="opus_2007">28 No. 2</opus>, Lied f. Bass</title>. <title>Der König und seine Ritter (Auf goldnem Thron)</title>. 7½ Ngr. <title>No. 3, Lied f. Tenor od. Sopran. Huldhilda (Es blüht auf Lindaheide)</title>. 15 Ngr. <pubPlace key="place_0044">Berlin</pubPlace>, <publisher key="publ_3471">Schlesinger</publisher>.</wip>
<bibl id="hofm_1842_11_0176_09"><composer key="compo_007200">Donizetti (Gaet.)</composer> <title>Ispirazioni Viennesi. Raccolta di 5 Ariette e 2 Duetti italiane di C. Guaita. Traduzione tedesca di G. Hähnel</title>. <pubPlace key="place_0731">Wien</pubPlace>, <publisher key="publ_2605">Mechetti</publisher>. 3 Fl.</bibl>
<wip id="hofm_1842_11_0176_10">– Hieraus einzeln: <title>No. 1, La Zingara (Die Zigeunerin)</title>. <title>No. 2, Non m’ ami più (Du liebst nicht mehr)</title>. <title>No. 3, L’Ora del Ritrovo (Das Stelldichein)</title>. <title>No. 4, 11 Sospiro (Der Seufzer)</title>. <title>No. 5, È morta (Todt schon)</title>. Ebend. à 30 Xr.</wip>
<bibl id="hofm_1842_11_0176_11"><composer key="compo_007848">Eckert (C.)</composer> <title>Romanzen und Lieder aus der Perle zu Lindahaide. Op. <opus key="opus_0928">16. No. 1</opus>, Lied f. Tenor. Des Königs Traum (Wer reitet dort)</title>. <pubPlace key="place_0044">Berlin</pubPlace>, <publisher key="publ_3471">Schlesinger</publisher>. 7½ Ngr.</bibl>
<bibl id="hofm_1842_11_0176_12">* <composer key="compo_012122">Grisar (Alb.)</composer> <title>Jacqueline (Jacobine). Romanze</title>. Choix d’Airs. No. 525. <pubPlace key="place_0438">Mainz</pubPlace>, <publisher key="publ_3563">Schott</publisher>. 18 Xr.</bibl>
<bibl id="hofm_1842_11_0176_13"><composer key="compo_015414">Horrer (Ch.)</composer> <title>Lieder von Byron, Beranger u. A. (Wir tanzen und schwärmen – Frage mich nicht – Mit eurem Jubelsang – Dir blühe des Lieblichen Fülle – Ich wandele unter den Bäumen – Leb wohl, wenn jeder Liebe – Da komm ich her – Die in tausend Aengsten lebten.)</title> <pubPlace key="place_0050">Bern</pubPlace>, <publisher key="publ_1790">Huber et Co</publisher>. 10 Ngr. n.</bibl>
<bibl id="hofm_1842_11_0176_14"><title>Hsanes. Ballade nach H. Matthaei (Zu Worms bei dem Turniere)</title>. <pubPlace key="place_0392">Leipzig</pubPlace>, <publisher key="publ_0437">Br. u. Härtel</publisher>. 7½ Ngr.</bibl>
<pb n="177"/>
<bibl id="hofm_1842_11_0177_01"><composer key="compo_017404">Kielmann (D.)</composer> <title>12 Lieder. 1stes Heft, (Der Abend sinkt – Diese Blume – Die Wolken seh’ich dort – O! komm herab – Es rauschen die Zweige – Wenn ich ein Vöglein wär – An Himmelshöhn – Horch wie murmeln – An meines Vaters Hügel – Gestern liebt’ ich – Wie still ist’s unter diesen Bäumen – Aus dieser Welt)</title>. <pubPlace key="place_0044">Berlin</pubPlace>, <publisher key="publ_4068">Trautwein u. Comp</publisher>. 1 Thlr.</bibl>
<wip id="hofm_1842_11_0177_02"><composer key="compo_018639">Krebs (C.)</composer> <title>Liedersammlung. 4te Serie</title>. <pubPlace key="place_0276">Hamburg</pubPlace>, <publisher key="publ_3605">Schuberth u. Co</publisher>. <lb/><title>No. 3, Mondschein von Helenus f. Sopran oder Tenor (Glänzend wiegt sich der Mondenschein)</title>. 10 Ngr. <lb/>– Idem f. Alt oder Bariton. 10 Ngr. <lb/>– <title>4, Unterwegs, von Dingelstedt f. Sopran od. Tenor (In die blaue Luft hinaus)</title>. 10 Ngr. <lb/>– Idem f. Alt oder Bariton. 10 Ngr. <lb/>– <title>5, Die Zigeuner, f. Sopran oder Tenor (Wir wandern bin, wir wandern her)</title>. 10 Ngr. <lb/>– Idem f. Alt oder Bariton. 10 Ngr. <lb/>– <title>6, Gedenke mein, f. Sopran od. Tenor (Hörst du das Lied der Nachtigallen)</title>. 10 Ngr. <lb/>– Idem f. Alt oder Bariton. 10 Ngr. <lb/>– <title>7, Das blinde Kind an seine Mutter, von G. Lotz f. Sopr. od. Tenor (Vom Himmelsblau)</title>. 10 Ngr. <lb/>– Idem f. Alt oder Bariton. 10 Ngr. <lb/>– <title>8, Glücklichste Zeit, f. Sopran od. Tenor (Dort wo sich sanft die Welle)</title>. 10 Ngr. <lb/>– Idem f. Alt oder Bariton. 10 Ngr.</wip>
<bibl id="hofm_1842_11_0177_03"><composer key="compo_018761">Kreutzer (C.)</composer> <title>Einst, f. Sopran oder Tenor (Die Haide ist braun)</title>. Deutsche Sänger-Halle No. 7. <pubPlace key="place_0078">Braunschweig</pubPlace>, <publisher key="publ_3822">Spehr</publisher>. 5 Ngr.</bibl>
<bibl id="hofm_1842_11_0177_04"><composer key="compo_019507">Kücken (Fr.)</composer> <title>Maurisches Ständchen. Wasserfahrt. 2 Gesänge f. Bass oder Alt. Op. <opus key="opus_2187">31</opus>, (Ich will vor Deiner Thüre stehen – Ich stand gelehnet an den Mast)</title>. <pubPlace key="place_0392">Leipzig</pubPlace>, <publisher key="publ_4382">Whistling</publisher>. 17½ Ngr.</bibl>
<bibl id="hofm_1842_11_0177_05"><composer key="compo_021207">Loewe (C.)</composer> <title>Die Heinzelmännchen. Ein Mährchen von Kopisch. Op. <opus key="opus_4416">83</opus>, (Wie war zu Cöln es doch vor dem)</title>. <pubPlace key="place_0044">Berlin</pubPlace>, <publisher key="publ_0393">Bote u. Bock</publisher>. 20 Ngr.</bibl>
<bibl id="hofm_1842_11_0177_06">– <title>Die Mutter an der Wiege, f. Sopran oder Tenor (Schlaf holder Knabe)</title>. Deutsche Sänger-Halle No. 2. <pubPlace key="place_0078">Braunschw</pubPlace>., <publisher key="publ_3822">Spehr</publisher>. 7½ Ngr.</bibl>
<bibl id="hofm_1842_11_0177_07"><composer key="compo_022024">Malibran (Mad.)</composer> <title>Arie: Bleibe und nimm die Freiheit (Prendi per me), eingel. in die Oper: Der Liebestrank</title> (Nuova Raccolta di Arie No. 5.) <pubPlace key="place_0044">Berlin</pubPlace>, <publisher key="publ_3471">Schlesinger</publisher>. 12½ Ngr.</bibl>
<bibl id="hofm_1842_11_0177_08"><composer key="compo_022297">Marschner (H.)</composer> <title>Junge Lieder v. Wolfgang Müller. Op. <opus key="opus_0358">118</opus></title>. <pubPlace key="place_0392">Leipzig</pubPlace>, <publisher key="publ_4382">Whistling</publisher>. 20 Ngr.</bibl>
<wip id="hofm_1842_11_0177_09">– Dieselben einzeln: <title>No. 1, „Tief Blick in Blick.“</title> 7½ Ngr. <title>No. 2, Erinnerung (Im fernen Westen weilest du)</title>. 5 Ngr. <title>No. 3, Sonst und Jetzt (Die Haide ist braun)</title>. 5 Ngr. <title>No. 4, Wanderlied (Den Zweig an den Hut)</title>. 5 Ngr. <title>No. 5, Handwerksbursch (Die Luft wird warm)</title>. 5 Ngr. <title>No. 6, Im Walde (Es streckt der Wald)</title>. 5 Ngr. Ebend.</wip>
<bibl id="hofm_1842_11_0177_10">– <title>Das Geheimniss, f. Sopran oder Tenor (Was ich auf dem Herzen hab’)</title>. Deutsche Sänger-Halle No. 5. <pubPlace key="place_0078">Braunschweig</pubPlace>, <publisher key="publ_3822">Spehr</publisher>. 7½ Ngr.</bibl>
<bibl id="hofm_1842_11_0177_11"><composer key="compo_022904">Mendelssohn-Bartholdy (F.)</composer> <title>Der Blumenkranz, f. Sopran oder Tenor (An Celia’s Baum)</title>. Deutsche Sänger-Halle No. 4. Ebend. 7½ Ngr.</bibl>
<pb n="178"/>
<bibl id="hofm_1842_11_0178_01"><composer key="compo_026596">Plaidy (L.)</composer> <title>4 Lieder. Op. <opus key="opus_0021">10</opus>, (Wie ein Vöglein möcht’ ich fliegen – So viel Stern’ am Himmel stehen – Lass deinen Oden zu mir wehen – Erhebest du die klaren Aeugelein.)</title> <pubPlace key="place_0392">Leipzig</pubPlace>, <publisher key="publ_4382">Whistling</publisher>. 12½ Ngr.</bibl>
<bibl id="hofm_1842_11_0178_02"><composer key="compo_027108">Prohl (Alex.)</composer> <title>Des Postmanns Traum. Gedicht v. Noeldeke f. Tenor oder Sopran. Op. <opus key="opus_1372">2</opus>. (O Schnellpost! wo weilst du.)</title> <pubPlace key="place_0525">Oppeln</pubPlace>, (<pubPlace key="place_0082">Breslau</pubPlace>, <publisher key="publ_4320">Weinhold in Comm</publisher>.) 20 Ngr. n.</bibl>
<bibl id="hofm_1842_11_0178_03"><composer key="compo_027077">Proch (H.)</composer> <title>Lebensbild f. Sopran oder Tenor (Trink’ des Lebens vollen Becher)</title>. Deutsche Sänger-Halle. No. 8. <pubPlace key="place_0078">Braunschweig</pubPlace>, <publisher key="publ_3822">Spehr</publisher>. 12½ Ngr.</bibl>
<listBibl><bibl id="hofm_1842_11_0178_04"><composer key="compo_027193">Puget (Loisa)</composer> <title>A la Gràce de Dieu (Gott sei mit dir!)</title>. <pubPlace key="place_0044">Berlin</pubPlace>, <publisher key="publ_3471">Schlesinger</publisher>. 5 Ngr.</bibl>
<bibl id="hofm_1842_11_0178_05">– <title>La Poste de Village (Die Dorfpost)</title>. Ebend. 5 Ngr.</bibl>
<bibl id="hofm_1842_11_0178_06">– <title>Cinq Sous (Fünf Sous). La Dot d’Auvergne</title>. Ebend. 5 Ngr.<lb/> (Choix de Romances. Nr. 95, 272. 273.)</bibl></listBibl>
<bibl id="hofm_1842_11_0178_07"><composer key="compo_027982">Reissiger (C.G.)</composer> <title>Warum so ferne! für Sopran u. Tenor (Warum bist du so ferne)</title>. Deutsche Sänger-Halle No. 3. <pubPlace key="place_0078">Braunschweig</pubPlace>, <publisher key="publ_3822">Spehr</publisher>. 7½ Ngr.</bibl>
<wip id="hofm_1842_11_0178_08"><title>Sammlung der National-Lieder aller Völker mit Original-Text und deutscher Uebersetzung</title>. <title>No. 21, Marlborough s’en-va-t-en Guerre (Tod und Leichenbegänbniss Marlborough’s)</title>. <title>No. 32, Carl Johann: Schwedisches Nationallied</title>. <title>No. 33, Norwegischer Nationalgesang</title>. <title>No. 44, Hussitenlied</title>. 7 Ngr. <title>No. 49, Riego’s spanische Nationalhymne</title>. 7 Ngr. <title>No. 51, Spanische Constitutions-Hymne</title>. <pubPlace key="place_0044">Berlin</pubPlace>, <publisher key="publ_3471">Schlesinger</publisher>. à 5 Ngr.</wip>
<bibl id="hofm_1842_11_0178_09"><title>Sänger-Halle (die deutsche), Original-Lieder von berühmten Tonmeistern</title>, siehe<xref type="external" from="hofm_1842_11_0178_11" to="DITTO" targOrder="U">Spohr</xref>, <xref type="external" from="hofm_1842_11_0177_06" to="DITTO" targOrder="U">Löwe</xref>, <xref type="external" from="hofm_1842_11_0178_07" to="DITTO" targOrder="U">Reissiger</xref> u. A. m.</bibl>
<wip id="hofm_1842_11_0178_10"><title>Sion. Sammlung classischer Gesänge f. Alt, herausg. von C. Klage</title>. <title>No. 4, 6, Händel, Josua: Sage hohes Wesen an, und: Gefahren umgebt mich</title>. à 5 Ngr. <title>No. 7, 8, Händel, Salomon: Erforscht ihr gleich</title>, 5 Ngr. und: <title>Ob die Sonne</title>, 7½ Ngr. <title>No. 16, Hasse, Te Deum: Erhalt’ Allmächtiger</title>, 5 Ngr. <title>No. 26, Bach (J.S.), <key>Hm</key>. Messe: O Lamm Gottes</title>, 5 Ngr. <title>No. 35, Pergolese, Miserere: Verbirg dein beiliges Antlitz</title>, 5 Ngr. <title>No. 36, Haydn, Stabat mater; Arie: Lass mich tief im Herzen</title>, 5 Ngr. <pubPlace key="place_0044">Berlin</pubPlace>, <publisher key="publ_3471">Schlesinger</publisher>.</wip>
<bibl id="hofm_1842_11_0178_11"><composer key="compo_032798">Spohr (L.)</composer> <title>Räthselhaft f. Sopran oder Tenor (Der Frühling ist herangekommen)</title>. Deutsche Sänger-Halle. No. 1. <pubPlace key="place_0078">Braunschweig</pubPlace>, <publisher key="publ_3822">Spehr</publisher>. 10 Ngr.</bibl>
<bibl id="hofm_1842_11_0178_12">* <composer key="compo_033282">Stern (Jul.)</composer>. <title>Mein Herz ich will dich fragen, was ist denn Liebe? Sag’? Lied der Parthenia aus dem Sohn der Wildniss von Halm. Op. <opus key="opus_3565">6</opus>. <key>A</key></title>. <pubPlace key="place_0044">Berlin</pubPlace>, <publisher key="publ_3471">Schlesinger</publisher>. 7½ Ngr.</bibl>
<bibl id="hofm_1842_11_0178_13">– <title>6 Lieder. Op. <opus key="opus_3581">6. No. 5</opus>, Du siehst mich an und kennst mich nicht, v. Hoffmann v. Fallersleben</title>. Ebend. 5 Ngr.</bibl>
<bibl id="hofm_1842_11_0178_14"><composer key="compo_035020">Täglichsbeck (Th.)</composer> <title>Orpheon. Album f. Gesang mit Originalbeiträgen der beliebtesten Gesangs-Componisten. 1tes Heft. Reissiger (C.G.) Hab’ oft im Kreise der Lieben. Späth, In der Heimath ist es schön. Spohr, Wolle keiner mich fragen. Marschner (H.), Als ich zuerst Dich hab’ geseh’n. Keller, Einsam wandle ich so gerne. Banck. Lass Dich nur nichts nicht dauern. Lindpaintner, Hand in Hand</title>. <pubPlace key="place_0662">Stuttgart</pubPlace>, <publisher key="publ_1400">Göpel</publisher>. 36 Xr. n.</bibl>
<bibl id="hofm_1842_11_0178_15"><composer key="compo_034168">Taubert (W.)</composer> <title>Mein Herz, ich will dich fragen, was ist denn Liebe? Lied der Parthenia aus Halms: Sohn der Wildniss</title>. <pubPlace key="place_0044">Berlin</pubPlace>, <publisher key="publ_0393">Bote u. Bock</publisher>. 5 Ngr.</bibl>
<pb n="179"/>
<bibl id="hofm_1842_11_0179_01"><composer key="compo_034224">Teichmann (Ant.)</composer> <title>Giorgetta. Ballata per Soprano</title>. <pubPlace key="place_0044">Berlin</pubPlace>, <publisher key="publ_4068">Trautwein u. Co</publisher>. 10 Ngr.</bibl>
<bibl id="hofm_1842_11_0179_02"><composer key="compo_034565">Tiehsen (O.)</composer> <title>Mein Herz, ich will dieh fragen, was ist denn Liebe? Lied der Parthenia aus Halms: Sohn der Wildniss f. Alt. Op. <opus key="opus_1068">17</opus></title>. <pubPlace key="place_0044">Berlin</pubPlace>, <publisher key="publ_0393">Bote u. Bock</publisher>. 10 Ngr.</bibl>
<bibl id="hofm_1842_11_0179_03"><composer key="compo_034893">Truhn (F.H.)</composer> <title>Das Lied vom Cölner Dom v. W. Smets. Op. <opus key="opus_2996">45</opus>. (Wir bauen aus dem Cölner Dom)</title>. <pubPlace key="place_0044">Berlin</pubPlace>, <publisher key="publ_2971">Paez</publisher>. 10 Ngr.</bibl>
<bibl id="hofm_1842_11_0179_04">* <title>Volkslieder. No. 24, Liebe um Liebe (War das nicht ein Blick der Liebe) und: Blaue Nebel steigen</title>. <pubPlace key="place_0280">Hannover</pubPlace>, <publisher key="publ_2808">Nagel</publisher>. 5 Ngr.</bibl>
<bibl id="hofm_1842_11_0179_05"><composer key="compo_035736">Vonderfour (Marie)</composer> <title>Arme Rose (Pauvre Rose). Romanze f. Alt. Op. <opus key="opus_1372">2</opus></title>.</bibl>
<bibl id="hofm_1842_11_0179_06">– <title>No. 1 (Erwacht beim ersten Morgenstrahl)</title>. <pubPlace key="place_0392">Leipz</pubPlace>., <publisher key="publ_0437">Br. u. Härtel</publisher>. 5 Ngr.</bibl>
<bibl id="hofm_1842_11_0179_07">– <title>Am Bach im Frühling, Lied f. Alt. Op. <opus key="opus_1381">2. No. 3</opus> (Du brachst sie nun)</title>. Ebend. 7½ Ngr.</bibl>
<bibl id="hofm_1842_11_0179_08"><composer key="compo_036130">Wandersleb (A.)</composer> <title>Herbstlied. Nichts ohne Liebe. 2 Lieder f. Alt oder Bariton (Feldeinwärts flog ein Vögelein – Vögelein ohne Ruh und Rast)</title>, <pubPlace key="place_0241">Gotha</pubPlace>, <publisher key="publ_0233">Becker’sche Sort. Buchh. in Comm</publisher>. 5 Ngr. n.</bibl>
<bibl id="hofm_1842_11_0179_09"><composer key="compo_037264">Wirsing (B.)</composer> <title>Wiederhall. Gedicht von A. v. Tschabuschnigg (Dort drüben zwischen den Bergen)</title>. <pubPlace key="place_0392">Leipzig</pubPlace>, <publisher key="publ_4382">Whistling</publisher>. 7½ Ngr.</bibl>
</div><div id="hofm_1842_11_0179_div18"><head><hofClass key="hofCl_0047">Gesänge mit Begleitung der Guitarre.</hofClass></head>
<album id="hofm_1842_11_0179_10"><title>Lieder-Tempel. Album mit Begl. der Guit. arr. von R. Gernlein. 3. Lief. (<composer key="compo_034563">Tiehsen</composer>, Ich hab mein Ross verloren. <composer key="compo_019507">Kücken</composer>, Schlaf in guter Ruh. Dames, Wenn der Frühling wieder kehret. <composer key="compo_034164">Taubert</composer>, Ich hatt’ nun mein Trutschel. <composer key="compo_000499">Alvensleben</composer>, Es war ein König in Thule. <composer key="compo_033270">Stern</composer>, Muss i denn zum Städtle naus. <composer key="compo_027793">Reichel</composer>, An jedem Abend geh ich aus. <composer key="compo_022857">Melcher</composer>, Siehst du das Vöglein nisten. Steiermärker Alpenlied, Wenn der Schnee von der Alma wegageht.)</title> 8. <pubPlace key="place_0044">Berlin</pubPlace>, <publisher key="publ_0393">Bote u. Bock</publisher>. 10 Ngr.</album>
</div><div id="hofm_1842_11_0179_div19"><head><hofClass key="hofCl_0077">Lehrbücher für den Gesang.</hofClass></head>
<bibl id="hofm_1842_11_0179_11"><composer key="compo_035982">Waldmann</composer>, <title>Gesanglehre f. Volksschulen</title>. <pubPlace key="place_0206">Freiburg</pubPlace>, <publisher key="publ_1615">Herder’sche Buchh</publisher>. geh. 1 Thlr. 5 Ngr. n.</bibl>
</div><div id="hofm_1842_11_0179_div20"><head><hofClass key="hofCl_0287">Theoretische Werke.</hofClass></head>
<bibl id="hofm_1842_11_0179_12"><author>Ebhardt (G.F.)</author> <title>Welches sind die tonisch-wissenschaftlichen Zweige, die Cantoren, Organisten und Musiklehrer in Seminarien zur Bildung vernünftiger, den Choralgesang leitender Kirchendiener in ihrer Gewalt haben müssen</title>? 8. <pubPlace key="place_0496">Neustadt a. O</pubPlace>., <publisher key="publ_4248">Wagner</publisher>. geh. 2½ Ngr. n.</bibl>
<bibl id="hofm_1842_11_0179_13"><author>Kiesewetter (R.G.)</author> <title>Die Musik der Araber, nach Originalquellen dargestellt, mit einem Vorworte v. d. Freih. v. Hammer-Purgstall. Mit 6 Abbild. im Text u. 24 Seiten Noten-Beilagen</title>. 4. <pubPlace key="place_0392">Leipzig</pubPlace>, <publisher key="publ_0437">Br. u. Härtel</publisher>. geh. 3 Thlr. n.</bibl>
<bibl id="hofm_1842_11_0179_14"><author>Schilling (Dr. G.)</author> <title>Das musikalische Europa, oder Sammlung von authentischen Lebens-Nachrichten über jetzt in Europa lebende ausgezeichnete Tonkünstler, Musikgelehrte, Componisten, Virtuosen, Sänger etc</title>. 8. <pubPlace key="place_0642">Speyer</pubPlace>, <publisher key="publ_2836">Neidhard</publisher>. geh. 1 Thlr. 25 Ngr. n.</bibl>
<pb n="180"/>
<bibl id="hofm_1842_11_0180_01"><author>Töpfer (J.G.)</author> <title>Die Scheibler’sche Stimm-Methode leicht fasslich erklärt und auf eine neue Art angewendet</title>. 8. <pubPlace key="place_0181">Erfurt</pubPlace>, <publisher key="publ_2240">Körner</publisher>. geh. 12 Ngr. n.</bibl>
</div><div id="hofm_1842_11_0180_div21"><head><hofClass key="hofCl_0281">Portraits.</hofClass></head>
<bibl id="hofm_1842_11_0180_02"><title><subject>Bach (J. Seb.)</subject> nach dem einzigen Originale der Thomasschule zu Leipzig treu lithogr. von <artist>Schlick</artist></title>. gr. Fol. Chines. Pap. <pubPlace key="place_0392">Leipzig</pubPlace>, <publisher key="publ_1502">Hartung</publisher>. 1 Thlr. 10 Ngr. n.</bibl>
<bibl id="hofm_1842_11_0180_03"><title><subject>Nägeli (Hans Georg)</subject> lithogr. von <artist>Orell Füssli</artist> u. Comp</title>. 4. <pubPlace key="place_0767">Zürich</pubPlace>, <publisher key="publ_2902">Nägeli</publisher>. 12½ Ngr. n.</bibl>





</div></body></text></TEI.2>