<?xml version="1.0" encoding="utf-8"?>
<!DOCTYPE TEI.2
  SYSTEM "../../dtd/tei/cch_tei.dtd">
<TEI.2 id="hofm_1843_02">
<teiHeader type="text"><fileDesc><titleStmt><title>Februar 1843</title></titleStmt><publicationStmt><p/></publicationStmt><sourceDesc><p/></sourceDesc></fileDesc><profileDesc><langUsage><language id="ger">German</language><language id="fre">French</language><language id="ita">Italian</language></langUsage></profileDesc><revisionDesc><change><date>2007-09-20</date><respStmt><name>EP</name></respStmt><item>missing @id added</item></change><change><date>2007-04-27</date><respStmt><name>RV</name></respStmt><item>Changed "biblGroup" elements in "listBibl"</item></change><change><date>2007-03-02</date><respStmt><name>EP</name></respStmt><item>Checked curly brackets</item></change><change><date>2007-02-26</date><respStmt><name>EP</name></respStmt><item>Encoded curly brackets</item></change><change><date>2006-12-19</date><respStmt><name>EP</name></respStmt><item>sic and unclear moved outside elements pubplaces, publisher, composer, hofclass, key, opus</item></change><change><date>2006-10-20</date><respStmt><name>Liz</name></respStmt><item>p. 23 Levasseur (not Levassear)</item></change><change><date>2006-01-20</date><respStmt><name>Liz</name></respStmt><item>p. 29 just 'Componist' tagged as publisher</item></change><change><date>2005-12-04</date><respStmt><name>Liz</name></respStmt><item>p. 25 Franieck, not Farnieck</item></change><change><date>2005-06-08</date><respStmt><name>Mekala</name></respStmt><item>Checking Screens and &lt;album&gt; revisions</item></change><change><date>2005-04-18</date><respStmt><name>Mekala</name></respStmt><item>Checking Screens, Revisions</item></change><change><date>2005-02-08</date><respStmt><name>Mekala</name></respStmt><item>Revisions following feedback Feb. 8, 2005</item></change><change><date>2005-02-02</date><respStmt><name>Mekala</name></respStmt><item>Revisions following feedback Feb 1, 2005</item></change><change><date>2005-01-31</date><respStmt><name>Mekala</name></respStmt><item>Revisions following feedback Jan. 13, 14, &amp; 24, 2005</item></change><change><date>2004-11-18</date><respStmt><name>Mekala</name></respStmt><item>Revised following Dec. 15, 2004 guidelines</item></change><change><date>2004-11-25</date><respStmt><name>Mekala</name></respStmt><item>First Coding</item></change></revisionDesc></teiHeader>
<text><body><head>Februar 1843.</head><pb n="18"/><div id="hofm_1843_02_0018_div01"><head><hofClass key="hofCl_0164">Musik für das Orchester.</hofClass></head>      
<bibl id="hofm_1843_02_0018_01"><title>Harmoniemusik (achtstimmige) bearbeitet von Pröhl, 2te Samml. 6tes Heft, aus den Opern: Regine und die Krondiamanten</title>. <pubPlace key="place_0110">Chemnitz</pubPlace>, <publisher key="publ_1807">Häcker</publisher>. 15 Ngr.</bibl>
<bibl id="hofm_1843_02_0018_02"><composer key="compo_019654">Labitzky (Jos.)</composer> <title>Eduard-Walzer f. Orchester. Op. <opus key="opus_4377">82</opus></title>. <pubPlace key="place_0554">Prag</pubPlace>, <publisher key="publ_1729">Hoffmann</publisher>. 3 Fl. 45 Xr.</bibl>
<bibl id="hofm_1843_02_0018_03">– <title>Edinburg-Walzer f. Orchester. Op. <opus key="opus_4518">88</opus></title>. <pubPlace key="place_0392">Leipzig</pubPlace>, <publisher key="publ_1746">Hofmeister</publisher>. (<pubPlace key="place_0554">Prag</pubPlace>, <publisher key="publ_1729">Hoffmann</publisher>) 2 Thlr.</bibl>
<bibl id="hofm_1843_02_0018_04">– <title>Märsche und Fahnen-Stücke f. 18stimmige Harmonie-Musik Heft 3. 4</title>. <pubPlace key="place_0338">Carlsbad</pubPlace>, <publisher key="publ_1077">Franieck</publisher>. à 25 Ngr. n. </bibl>
<bibl id="hofm_1843_02_0018_05"><composer key="compo_020014">Lanner (Jos.)</composer> <title>Die Troubadours. Walzer f. Orchester. Op. <opus key="opus_1334">197</opus></title>. <pubPlace key="place_0731">Wien</pubPlace>, <publisher key="publ_1506">Haslinger</publisher>. 3 Fl. 30 Xr.</bibl>
<bibl id="hofm_1843_02_0018_06"><composer key="compo_033569">Strauss (Joh.)</composer> <title>Walzer f. Orchester. No. 12, Minnersänger. Op. <opus key="opus_0720">141</opus></title>. Ebend. 3 Fl. 30 Xr.</bibl>
<bibl id="hofm_1843_02_0018_07"><title>Tänze (neue) f. kleines Orchester. 6te Samml. 11tes-13tes Heft von Störr, Nollau, Hübner u. Krug</title>. <pubPlace key="place_0110">Chemnitz</pubPlace>, <publisher key="publ_1807">Häcker</publisher>. à 10 Ngr.</bibl>
</div><div id="hofm_1843_02_0018_div02"><head><hofClass key="hofCl_0245">Musik für die Violine.</hofClass></head>
<bibl id="hofm_1843_02_0018_08"><composer key="compo_013642">Hauser (M.)</composer> <title>Mes Adieux à Varsovie. Nocturne p. Violon av. Pfte. Op. <opus key="opus_3181">5</opus>, in <key>Gm</key></title>. <pubPlace key="place_0438">Mainz</pubPlace>, <publisher key="publ_3563">Schott</publisher>. 1 Fl.</bibl>
<bibl id="hofm_1843_02_0018_09"><composer key="compo_020014">Lanner (Jos.)</composer> <title>Die Troubadours. Walzer f. 3 Violinen u. Bass. Op. <opus key="opus_1334">197</opus></title>. <pubPlace key="place_0731">Wien</pubPlace>, <publisher key="publ_1506">Haslinger</publisher>. 1 Fl.</bibl>
<bibl id="hofm_1843_02_0018_10"><composer key="compo_023890">Mozart (W.A.)</composer> <title>10 Quatuors originaux p. 2 Violons, Alto et Vclle. No. 2, in <key>Dm</key>. No. 3, in <key>B</key>. No. 4, in <key>Es</key>. No. 5 in <key>A</key>. No. 6, in <key>C</key>. No. 7, in <key>D</key>. No. 8, in <key>F</key>. No. 9, in <key>B</key>. No. 10, in <key>D</key></title>. <pubPlace key="place_0044">Berlin</pubPlace>, <publisher key="publ_2971">Päz</publisher>, Subscr. Pr. à 17 ½ Ngr. n.</bibl>
<bibl id="hofm_1843_02_0018_11">– <title>Fuga p. 2 Violons, Alto et Vclle (in <key>Cm</key>.)</title> Ebend. 10 Ngr. n.</bibl>
<bibl id="hofm_1843_02_0018_12"> – <title>Quartetten f. 2 Violinen, Alt u. Vcllo in <format>Partitur</format>. <edition>Neue Ausg</edition>. in einem Bande in 5 Lieferungen. 1ste Lief. No. 1, in <key>G</key>. No. 2, in <key>Dm</key></title>. <pubPlace key="place_0440">Mannheim</pubPlace>, <publisher key="publ_1534">Heckel</publisher>. Subscr. Pr. 22 ½ Ngr. </bibl>
<bibl id="hofm_1843_02_0018_13"><composer key="compo_033569">Strauss (Joh.)</composer> <title>Minnesänger. Walzer f. 3 Violinen und Bass. Op. <opus key="opus_0720">141</opus></title>. <pubPlace key="place_0731">Wien</pubPlace>, <publisher key="publ_1506">Haslinger</publisher>. 1 Fl.</bibl>
</div><div id="hofm_1843_02_0018_div03"><head><hofClass key="hofCl_0184">Musik für das Violoncelle.</hofClass></head>
<bibl id="hofm_1843_02_0018_14"><composer key="compo_001709">Batta (A.)</composer> <title>Una furtiva Lagrima. Romance de l’Elisire d’Amore de Donizetti, transcrite p. Vclle. av. Pfte</title>. <pubPlace key="place_0438">Mainz</pubPlace>, <publisher key="publ_3563">Schott</publisher>. 54 Xr.</bibl>
<bibl id="hofm_1843_02_0018_15">– <title>Une Fièvre brûlante. Romance de Richard Coeur de Lion de Gretry, transcrite p. Vclle. av. Pfte</title>. Ebend. 45 Xr.</bibl>
<bibl id="hofm_1843_02_0018_16"><composer key="compo_003454">Bockmühl (R.E.)</composer> <title>Fantaisie sur des Mazurkas favorites de F. Chopin p. Vclle. av. Pfte. Op. <opus key="opus_0806">15</opus></title>. Ebend. 1 Fl. 48 Xr.</bibl>
<bibl id="hofm_1843_02_0018_17">–<title>Divertissement sur des Motifs de l’Opéra : J Puritani de Bellini, p. Vclle. av. Quatuor. Op. <opus key="opus_0927">16</opus></title>. Ebend. 1 Fl. 48 Xr.</bibl>
<bibl id="hofm_1843_02_0018_18">– Idem av. Pfte. Ebend. 1 Fl. 48 Xr.</bibl>
<pb n="19"/>
<bibl id="hofm_1843_02_0019_01"><composer key="compo_009719">Franchomme (Aug.)</composer> <title>Adagio p. Vclle. av. Orchestre. Op. <opus key="opus_2066">29</opus>, in <key>G</key></title>. <pubPlace key="place_0392">Leipzig</pubPlace>, <publisher key="publ_1746">Hofmeister</publisher>. 20 Ngr. </bibl>
<bibl id="hofm_1843_02_0019_02">– Idem av. Pfte. Ebend. 12 ½ Ngr.</bibl>
</div><div id="hofm_1843_02_0019_div04"><head><hofClass key="hofCl_0200">Musik für die Flöte.</hofClass></head>
<bibl id="hofm_1843_02_0019_03"><composer key="compo_015586">Hugot</composer> und <composer key="compo_037635">Wunderlich</composer>, <title>Petite Méthode de Flûte p. le Conservatoire de Musique à Paris. (Kleine Flötenschule)</title>. <pubPlace key="place_0276">Hamburg</pubPlace>, <publisher key="publ_0640">Cranz</publisher>. 20 Ngr.</bibl>
<bibl id="hofm_1843_02_0019_04"><composer key="compo_016571">Jullien</composer>, <title>Rosita. Grande Valseespagnole p. Flûte</title>. <pubPlace key="place_0438">Mainz</pubPlace>, <publisher key="publ_3563">Schott</publisher>. 18 Xr.</bibl>
<bibl id="hofm_1843_02_0019_05"><composer key="compo_019654">Labitzky (Jos.)</composer> <title>Edinburg-Walzer f. Flöte. Op. <opus key="opus_4518">88</opus></title>. <pubPlace key="place_0392">Leipzig</pubPlace>, <publisher key="publ_1746">Hofmeister</publisher> (<pubPlace key="place_0554">Prag</pubPlace>, <publisher key="publ_1729">Hoffmann</publisher>). 5 Ngr.</bibl>
<bibl id="hofm_1843_02_0019_06"><composer key="compo_020014">Lanner (Jos.)</composer> <title>Die Troubadours. Walzer f. Flöte. Op. <opus key="opus_1334">197</opus></title>. <pubPlace key="place_0731">Wien</pubPlace>, <publisher key="publ_1506">Haslinger</publisher>. 20 Xr.</bibl>
<bibl id="hofm_1843_02_0019_07"><composer key="compo_033569">Strauss (Joh.)</composer> <title>Lieblings-Walzer f. Csakan. No. 81, Minnesänger. Op. <opus key="opus_0720">141</opus></title>. Ebend. 20 Xr.</bibl>
</div><div id="hofm_1843_02_0019_div05"><head><hofClass key="hofCl_0131">Musik für verschiedene Blasinstrumente.</hofClass></head>
<bibl id="hofm_1843_02_0019_08"><composer key="compo_019682">Lachner (F.)</composer> <title>12 Airs favoris de l’Opéra : Catharina Cornaro arr. p. Clarinette p. Jos. Küffner</title>. <pubPlace key="place_0438">Mainz</pubPlace>, <publisher key="publ_3563">Schott</publisher>. 54 Xr.</bibl>
<bibl id="hofm_1843_02_0019_09"><composer key="compo_020014">Lanner (Jos.)</composer> <title>Die Troubadours. Walzer f. Csakan. Op. <opus key="opus_1334">197</opus></title>. <pubPlace key="place_0731">Wien</pubPlace>, <publisher key="publ_1506">Haslinger</publisher>. 20 Xr.</bibl>
<bibl id="hofm_1843_02_0019_10"><composer key="compo_033569">Strauss (Joh.)</composer> <title>Lieblings-Walzer f. Csakan. No. 81, Minnesänger. Op. <opus key="opus_0720">141</opus></title>. Ebend. 20 Xr.</bibl>
</div><div id="hofm_1843_02_0019_div06"><head><hofClass key="hofCl_0205">Musik für die Guitarre.</hofClass></head>
<bibl id="hofm_1843_02_0019_11"><composer key="compo_019510">Küffner (J.)</composer> <title>Amusement du Guitariste. No. 10, Six Airs favoris de Catharina Cornaro de Lachner</title>. <pubPlace key="place_0438">Mainz</pubPlace>, <publisher key="publ_3563">Schott</publisher>. 36 Xr.</bibl>
<bibl id="hofm_1843_02_0019_12"><composer key="compo_020014">Lanner (Jos.)</composer> <title>Die Troubadours. Walzer f. Guit. Op. <opus key="opus_1334">197</opus></title>. <pubPlace key="place_0731">Wien</pubPlace>, <publisher key="publ_1506">Haslinger</publisher> 30 Xr.</bibl>
<bibl id="hofm_1843_02_0019_13"><composer key="compo_024235">Müller (J.J.)</composer> <title>Potpourri tiré de l’Opéra : J. Puritani de V. Bellini p. 2 Guitarres. Op. <opus key="opus_2347">33</opus></title>. <pubPlace key="place_0438">Mainz</pubPlace>, <publisher key="publ_3563">Schott</publisher>. 1 Fl. 12 Xr.</bibl>
<bibl id="hofm_1843_02_0019_14"><composer key="compo_032521">Soellheim (M.)</composer> <title>Potpourri über Themen der Oper: Czaar und Zimmermann v. Lortzing f. Flöte, Violine und Guitarre</title>. <pubPlace key="place_0392">Leipzig</pubPlace>, <publisher key="publ_0437">Br. u. Härtel</publisher>. 25 Ngr.</bibl>
<bibl id="hofm_1843_02_0019_15"><composer key="compo_033569">Strauss (Joh.)</composer> <title>Lieblings-Walzer f. Guitarre. No. 62, Minnesänger. Op. <opus key="opus_0720">141</opus></title>. <pubPlace key="place_0731">Wien</pubPlace>, <publisher key="publ_1506">Haslinger</publisher>. 30 Xr.</bibl>
</div><div id="hofm_1843_02_0019_div07"><head><hofClass key="hofCl_0167">Musik für das Pianoforte mit Begleitung.</hofClass></head>
<bibl id="hofm_1843_02_0019_16"><composer key="compo_003454">Bockmühl (R.E.)</composer> <title>Fantaisie sur des Mazurkas favorites de F. Chopin, transcrite p. Violon et Pfte. p. C. Hauff. Op. <opus key="opus_0806">15</opus></title>. <pubPlace key="place_0438">Mainz</pubPlace>, <publisher key="publ_3563">Schott</publisher>. 1 Fl. 48 Xr.</bibl>
<bibl id="hofm_1843_02_0019_17"><composer key="compo_020014">Lanner (Jos.)</composer> <title>Die Troubadours. Walzer f. Violine und Pfte. Op. <opus key="opus_1334">197</opus></title>. <pubPlace key="place_0731">Wien</pubPlace>, <publisher key="publ_1506">Haslinger</publisher> 45 Xr.</bibl>
<bibl id="hofm_1843_02_0019_18">– Idem f. Flöte und Pfte. Ebend. 45 Xr.</bibl>
<bibl id="hofm_1843_02_0019_19"><composer key="compo_020063">Lasekk (Ch.)</composer> et <composer key="compo_019129">F. Kummer</composer>, <title>Valse précédée d’une Introduction et suivie d’une Fantaisie p. Pfte. av. Acc. de Violoncelle (ou Violon) in <key>E</key></title>. <pubPlace key="place_0392">Leipzig</pubPlace>, <publisher key="publ_0437">Br. et Härtel</publisher>. 1 Thlr.</bibl>
<bibl id="hofm_1843_02_0019_20"><composer key="compo_021359">Louis (N.)</composer> <title>Alla Siciliana. Variations conc. sur le Muletier du Vésuve, Chanson napolitaine de L. Graziani p. Pfte. et Violon. Op. <opus key="opus_4096">74</opus></title>. <pubPlace key="place_0069">Bonn</pubPlace>, <publisher key="publ_3791">Simrock</publisher>. 4 Fr. 50 Ct.</bibl>
<pb n="20"/>
<bibl id="hofm_1843_02_0020_02_f"><composer key="compo_021359">Louis (N.)</composer> <title>Fantaisie italienne sur des Motifs de Mercadante p. Pfte. et Violon. Op. <opus key="opus_0335">116</opus></title>. <pubPlace key="place_0069">Bonn</pubPlace>, <publisher key="publ_3791">Simrock</publisher>. 4 Fr. </bibl>
<bibl id="hofm_1843_02_0020_02"><composer key="compo_033318">Steveniers (J.)</composer> <title>Le Souvenir. Mélodie p. Pfte. et Violon. Op. <opus key="opus_2737">4</opus></title>. <pubPlace key="place_0438">Mainz</pubPlace>, <publisher key="publ_3563">Schott</publisher>. 1 Fl.</bibl>
<bibl id="hofm_1843_02_0020_03"><composer key="compo_033569">Strauss (Joh.)</composer> <title>Minnesänger. Walzer f. Violine u. Pfte. Op. <opus key="opus_0720">141</opus></title>. <pubPlace key="place_0731">Wien</pubPlace>, <publisher key="publ_1506">Haslinger</publisher>. 45 Xr.</bibl>
<bibl id="hofm_1843_02_0020_04">– Idem f. Flöte u. Pfte. Ebend. 45 Xr.</bibl>
</div><div id="hofm_1843_02_0020_div08"><head><hofClass key="hofCl_0175">Musik für das Pianoforte zu sechs Händen.</hofClass></head>
<bibl id="hofm_1843_02_0020_05"><composer key="compo_001240">Bach (N.G.)</composer> <title>Divertissement p. Pfte. à 6 Mains. Op. <opus key="opus_0021">10</opus></title>. <pubPlace key="place_0069">Bonn</pubPlace>, <publisher key="publ_3791">Simrock</publisher>. 2 Fr. 50 Ct.</bibl>
</div><div id="hofm_1843_02_0020_div09"><head><hofClass key="hofCl_0171">Musik für das Pianoforte zu vier Händen.</hofClass></head>
<bibl id="hofm_1843_02_0020_06"><composer key="compo_002709">Bertini (H.)</composer> <title>Duo sur les Thèmes du Duc d’Olonne. Opéra de D.F.E. Auber. Oe. <opus key="opus_0666">139</opus></title>. <pubPlace key="place_0438">Mainz</pubPlace>, <publisher key="publ_3563">Schott</publisher> 1 Fl. 48 Xr.</bibl>
<bibl id="hofm_1843_02_0020_07"><composer key="compo_006306">Czerny (Ch.)</composer> <title>Fantaisie brillant sur plusieurs Motifs de l’Opéra : Le Duc d’Olonne de D.F.E. Auber. Op. <opus key="opus_4009">703</opus>, in <key>F</key></title>. Ebend. 2 Fl.</bibl>
<bibl id="hofm_1843_02_0020_08"><composer key="compo_013697">Haydn (Jos.)</composer> <title>43ième Quatuor p. Violon arr. p. F.X. Gleichauf. Op. <opus key="opus_1391">20. No. 1</opus>, in <key>Es</key></title>. <pubPlace key="place_0392">Leipzig</pubPlace>, <publisher key="publ_1746">Hofmeister</publisher>. 20 Ngr.</bibl>
<bibl id="hofm_1843_02_0020_09"><composer key="compo_015945">Hünten (Franç.)</composer> <title>Italia. Trois Fantaisies brillantes arr. p. A.E. Marschner. Op. <opus key="opus_0325">115</opus>. No. 1, Beatrice di Tenda. No. 2, Parisina. No. 3, Il Guiramento</title>. Ebend. à 20 Ngr.</bibl>
<bibl id="hofm_1843_02_0020_10"><composer key="compo_019654">Labitzky (Jos.)</composer> <title>Eduard-Walzer. Op. <opus key="opus_4377">82</opus></title>. <pubPlace key="place_0554">Prag</pubPlace>, <publisher key="publ_1729">Hoffmann</publisher>. 1 Fl. 15 Xr.</bibl>
<bibl id="hofm_1843_02_0020_11">– <title>Edinburg-Walzer. Op. <opus key="opus_4518">88</opus></title>. <pubPlace key="place_0392">Leipzig</pubPlace>, <publisher key="publ_1746">Hofmeister</publisher> (<pubPlace key="place_0554">Prag</pubPlace>, <publisher key="publ_1729">Hoffmann</publisher>). 22 ½ Ngr.</bibl>
<bibl id="hofm_1843_02_0020_12"><composer key="compo_019682">Lachner (F.)</composer> <title>Choral und Ballet des 3ten Actes a.d. Oper : Catharina Cornaro</title>. <pubPlace key="place_0438">Mainz</pubPlace>, <publisher key="publ_3563">Schott</publisher>. 45 Xr.</bibl>
<bibl id="hofm_1843_02_0020_13"><composer key="compo_020014">Lanner (Jos.)</composer> <title>Die Troubadours. Walzer. Op. <opus key="opus_1334">197</opus></title>. <pubPlace key="place_0731">Wien</pubPlace>, <publisher key="publ_1506">Haslinger</publisher>. 1 Fl. 15 Xr.</bibl>
<bibl id="hofm_1843_02_0020_14"><composer key="compo_020296">Leduc (Alph.)</composer> <title>2e Fantaisie brillante sur une Cavatine du Pirate de Bellini. Op. <opus key="opus_3701">62</opus></title>. <pubPlace key="place_0069">Bonn</pubPlace>, <publisher key="publ_3791">Simrock</publisher>. 2 Fr.</bibl>
<bibl id="hofm_1843_02_0020_15"><composer key="compo_021137">Liszt (F.)</composer> <title>Morceau de Salon. Etude de Perfectionnement arr. p. F. Mockwitz</title>. <pubPlace key="place_0044">Berlin</pubPlace>, <publisher key="publ_3471">Schlesinger</publisher>. 15 Ngr.</bibl>
<bibl id="hofm_1843_02_0020_15_k"><composer key="compo_022904">Mendelssohn-Bartholdy (F.)</composer> <title>Capriccio brillant arr. Op. <opus key="opus_1584">22</opus></title>. <pubPlace key="place_0392">Leipzig</pubPlace>, <publisher key="publ_0437">Br. u. Härtel</publisher>. 1 Thlr.</bibl>
<bibl id="hofm_1843_02_0020_17">– <title>Der 114te Psalm arr. Op. <opus key="opus_3244">51</opus></title>. Ebend. 1 Thlr.</bibl>
<wip id="hofm_1843_02_0020_18"><composer key="compo_023890">Mozart (W.A.)</composer> <title>Quatre Sonates</title> (Oeuvres compl. Cah. 7) <title>No. 1, in <key>F</key></title>. 10 Ngr. <title>No. 2, in <key>F</key></title>. 1 Thlr. <title>No. 3, in <key>D</key></title>. 15 Ngr. <title>No. 4, in <key>B</key></title>. 15 Ngr. Ebend.</wip>
<bibl id="hofm_1843_02_0020_19"><composer key="compo_031529">Schwencke (Ch.)</composer> <title>3 Rondinos. Op. <opus key="opus_2948">44</opus>. No. 1, Choeur de Norma. No. 2, Duo de Norma de Bellini. No. 3, L’Andalouse de Monpou</title>. <pubPlace key="place_0069">Bonn</pubPlace>, <publisher key="publ_3791">Simrock</publisher>. à 2 Fr.</bibl>
<bibl id="hofm_1843_02_0020_20">– <title>Fantaisie brillante sur la Valse Philomèle de Strauss. Op. <opus key="opus_3244">51</opus></title>. Ebend. 3 Fr.</bibl>
<bibl id="hofm_1843_02_0020_21"><composer key="compo_033569">Strauss (Joh.)</composer> <title>Minnesänger. Walzer. Op. <opus key="opus_0720">141</opus></title>. <pubPlace key="place_0731">Wien</pubPlace>, <publisher key="publ_1506">Haslinger</publisher>. 1 Fl. 15 Xr.</bibl>
<bibl id="hofm_1843_02_0020_22"><composer key="compo_034322">Thalberg (S.)</composer> <title>2me grande Fantaisie sur des Motifs de l’Opéra : Les Huguenots de G. Meyerbeer, arr, p. C. Czerny. Op. <opus key="opus_2915">43</opus></title>. <pubPlace key="place_0438">Mainz</pubPlace>, <publisher key="publ_3563">Schott</publisher>, 2 Fl. 24 Xr.</bibl>
<pb n="21"/></div><div id="hofm_1843_02_0021_div10"><head><hofClass key="hofCl_0272">Ouverturen für das Pianoforte zu vier Händen.</hofClass></head>
<bibl id="hofm_1843_02_0021_01"><composer key="compo_001079">Auber (D.F.E.)</composer> <title>Ouverture de l’Opéra : Le Duc d’Olonne, arr. p. A. Fessy</title>. <pubPlace key="place_0438">Mainz</pubPlace>, <publisher key="publ_3563">Schott</publisher>. 1 Fl.</bibl>
</div><div id="hofm_1843_02_0021_div11"><head><hofClass key="hofCl_0166">Musik für das Pianoforte allein.</hofClass></head>
<bibl id="hofm_1843_02_0021_02"><composer key="compo_000089">Adam (A.)</composer> <title>Mélange sur les Thèmes du Duc l’Olonne. Opéra de D.F.E. Auber</title>. <pubPlace key="place_0438">Mainz</pubPlace>, <publisher key="publ_3563">Schott</publisher>. 1 Fl. 12 Xr.</bibl>
<bibl id="hofm_1843_02_0021_03">– <title>Mélange sur des jolis Motifs de Carafa</title>. <pubPlace key="place_0069">Bonn</pubPlace>, <publisher key="publ_3791">Simrock</publisher>. 2 Fr. 50 Ct.	</bibl>
<bibl id="hofm_1843_02_0021_04"><composer key="compo_001079">Auber (D.F.E.)</composer> <title>Les Diamans de la Couronne (Die Krondiamanten) Opéra comique arr</title>. <pubPlace key="place_0438">Mainz</pubPlace>, <publisher key="publ_3563">Schott</publisher>. geh. 6 Fl.</bibl>
<bibl id="hofm_1843_02_0021_05">– <title>6 Airs favoris du Duc d’Olonne arr. p. Adam</title>. Ebend. 45 Xr.</bibl>
<bibl id="hofm_1843_02_0021_06"><composer key="compo_002313">Benedict (Jul.)</composer> <title>Caprice. Oe. <opus key="opus_2347">33</opus>, in <key>Es</key></title>. Ebend. 1 Fl. 21 Xr.</bibl>
<bibl id="hofm_1843_02_0021_07"><composer key="compo_002826">Beyer (Ferd.)</composer> <title>Fantaisies, Variations et Rondeaux sur des Motifs fav. de l’Opéra : J. Puritani de Bellini. Op. <opus key="opus_3423">56. No. 1-3</opus></title>. <pubPlace key="place_0069">Bonn</pubPlace>, <publisher key="publ_3791">Simrock</publisher>. 2 Fr. 50 Ct.</bibl>
<bibl id="hofm_1843_02_0021_08">– <title>2 Morceaux élégants sur des Motifs favoris de l’Opéra : Les Diamans de la Couronne de D.F.E. Auber. Oe. <opus key="opus_3529">59</opus>. No. 1, Bolero. No. 2, Air avec Variations</title>. <pubPlace key="place_0438">Mainz</pubPlace>, <publisher key="publ_3563">Schott</publisher>. à 1 Fl.</bibl>
<bibl id="hofm_1843_02_0021_09"><composer key="compo_004435">Brunner (C.T.)</composer> <title>Der kleine Opernfreund am Pfte. Sammlung beliebter Opernmelodien. Op. <opus key="opus_2509">36</opus>. 4tes-12tes Heft</title>. <pubPlace key="place_0110">Chemnitz</pubPlace>, <publisher key="publ_1807">Häcker</publisher> à 5 Ngr.</bibl>
<bibl id="hofm_1843_02_0021_10"><composer key="compo_004706">Burgmüller (F.)</composer> <title>Valse et Galop sur l’Opéra : Le Duc d’Olonne de D.F.E. Auber. Op. <opus key="opus_4130">75</opus>. No. 1, Valse. No. 2, Galop</title>. <pubPlace key="place_0438">Mainz</pubPlace>, <publisher key="publ_3563">Schott</publisher> à 54 Kr.</bibl>
<bibl id="hofm_1843_02_0021_11"><composer key="compo_004745">Burkhardt (S.)</composer> <title>Récréations et Amusements sur des Thèmes fav. Op. <opus key="opus_3213">50. No. 2</opus>, Rondeau sur un Thème de l’Opéra : Der Zigeunerin Warnung, de Benedict</title>. <pubPlace key="place_0147">Dresden</pubPlace>, <publisher key="publ_1660">Heydt</publisher>. 7 ½ Ngr.</bibl>
<bibl id="hofm_1843_02_0021_12"><composer key="compo_005672">Chwatal (F.X.)</composer> <title>Variations facilies et agréables sur la dernière Pensée de C.M. de Weber. Oe. <opus key="opus_2915">43</opus></title>. <pubPlace key="place_0044">Berlin</pubPlace>, <publisher key="publ_0589">Challier et Comp</publisher>. 10 Ngr.</bibl>
<bibl id="hofm_1843_02_0021_13"><composer key="compo_006106">Cramer (H.)</composer> <title>Romance sans Paroles. Op. <opus key="opus_1482">21</opus></title>. <pubPlace key="place_0438">Mainz</pubPlace>, <publisher key="publ_3563">Schott</publisher>. 36 Xr.</bibl>
<bibl id="hofm_1843_02_0021_14">– <title>Potpourri sur les Motifs favoris de la Fille du Régiment</title>. Ebend. 1 Fl.</bibl>
<bibl id="hofm_1843_02_0021_15"><composer key="compo_006111">Cramer (J.B.)</composer> <title>16 nouvelles Etudes préparatoires à celles des quatre premiers Livres. Op. <opus key="opus_4671">95</opus>. (5me Livr.)</title> Ebend. 2 Fl. 42 Xr.</bibl>
<bibl id="hofm_1843_02_0021_16">– <title>24 Préludes d’Utilité générale et surtout à l’Usage des jeunes Elèves. Op. <opus key="opus_4687">96</opus></title>. Ebend. 1 Fl. 12 Xr.</bibl>
<bibl id="hofm_1843_02_0021_17"><composer key="compo_006306">Czerny (C.)</composer> <title>8 Nocturnes romantiques de différents Caractères. Op. <opus key="opus_3625">604</opus>. (L’Hommage. Le Désir. La Persuasion. La Colère. Les Excuses. La Consolation. La Méditation. La Joie.)</title> Ebend. geh. 3 Fl. 12 Xr.</bibl>
<bibl id="hofm_1843_02_0021_18">– <title>Bijoux à la Sontag. Fantaisie brillante sur des Motifs d’Opéras de Mozart. Op. <opus key="opus_3889">678</opus></title>. <pubPlace key="place_0069">Bonn</pubPlace>, <publisher key="publ_3791">Simrock</publisher>. 4 Fr.</bibl>
<bibl id="hofm_1843_02_0021_19">– <title>Aufmunterung zum Fleiss. 24 unterhaltende Uebungsstücke. Op. <opus key="opus_3925">684</opus>, 2tes Heft</title>. <pubPlace key="place_0392">Leipzig</pubPlace>, <publisher key="publ_0437">Br. u. Härtel</publisher>. 1 Thlr.</bibl>
<wip id="hofm_1843_02_0021_20">– Dieselben einzeln. <title>No. 7, Uebung in Octavengängen</title>. <title>No. 8, f. ruhige Haltung der Hände</title>. <title>No. 9, f. Staccato-Spiel</title>. <title>No. 10, f. schnelles Spiel</title>. <title>No. 11, im natürlich graziösen Styl</title>. <title>No. 12, in Trillern</title>. Ebend. à 7 ½ Ngr.</wip>
<pb n="22"/>
<bibl id="hofm_1843_02_0022_01"><composer key="compo_006306">Czerny (C.)</composer> <title>24 grandes Etudes de Salon, caractéristiques et pittoresques. Oe. <opus key="opus_3946">692</opus>. 4 Cahiers</title>. <pubPlace key="place_0392">Leipzig</pubPlace>, <publisher key="publ_0437">Br. u. Härtel</publisher>. à 1 Thlr. 5 Ngr.</bibl>
<bibl id="hofm_1843_02_0022_02">– <title>Etudes pour la Jeunesse. 25 Préludes dans les Tons les plus usités très-faciles. Op. <opus key="opus_3950">694</opus></title>. <pubPlace key="place_0069">Bonn</pubPlace>, <publisher key="publ_3791">Simrock</publisher>. 2 Fr.</bibl>
<bibl id="hofm_1843_02_0022_03">– <title>60 nouvelles Préludes dans les Tons les plus usités. Op. <opus key="opus_3952">696</opus></title>. Ebend. 3 Fr.</bibl>
<bibl id="hofm_1843_02_0022_04">– <title>Réminiscences de l’Opéra : Le Duc d’Olonne de D.F.E. Auber. 6 Rondinos. Oe. <opus key="opus_4007">701. No. 1-6</opus></title>. <pubPlace key="place_0438">Mainz</pubPlace>, <publisher key="publ_3563">Schott</publisher>. à 54 Xr.</bibl>
<bibl id="hofm_1843_02_0022_05">– <title>Nothwendigste und tägliche Uebungen oder Sammlung der am hänfigsten vorkommenden Tonleitern und Passagen in allen Dur- und Molltonarten (Exercices indispensables etc.)</title> <pubPlace key="place_0069">Bonn</pubPlace>, <publisher key="publ_3791">Simrock</publisher>. 2 Fr. 50 Ct.</bibl>
<bibl id="hofm_1843_02_0022_06"><composer key="compo_007639">Döhler (Th.)</composer> <title>Adieu. Melodie de Schubert transcrite et variée. Op. <opus key="opus_3002">45. No. 3</opus></title>. <pubPlace key="place_0044">Berlin</pubPlace>, <publisher key="publ_3471">Schlesinger</publisher>. 15 Ngr.</bibl>
<bibl id="hofm_1843_02_0022_07"><composer key="compo_007388">Dreyschock (Alex.)</composer> <title>Impromptu. Oe. <opus key="opus_1482">21</opus>, in <key>Gm</key></title>. <pubPlace key="place_0554">Prag</pubPlace>, <publisher key="publ_1729">Hoffmann</publisher>. 54 Xr.</bibl>
<bibl id="hofm_1843_02_0022_08"><composer key="compo_007573">Dussek (J.L.)</composer> <title>La Consolation. Andante. Op. <opus key="opus_3701">62</opus>. <edition>Nouv. Edit</edition></title>. <pubPlace key="place_0392">Leipzig</pubPlace>, <publisher key="publ_0437">Br. et  Härtel</publisher>. 10 Ngr.</bibl>
<bibl id="hofm_1843_02_0022_09"><composer key="compo_007599">Duvernoy (J.B.)</composer> <title>Deux Roundeaux sur le Duc d’Olonne, Opéra de D.F.E. Auber. Oe. <opus key="opus_0349">117. No. 1, 2</opus></title>. <pubPlace key="place_0438">Mainz</pubPlace>, <publisher key="publ_3563">Schott</publisher> à 54 Xr.</bibl>
<bibl id="hofm_1843_02_0022_10"><title>Fleurs (les). Nouvel Album des jeunes Pianistes. Rondolettos, Airs varés, Divertissements, Impromtus, Airs de Ballet</title>. <pubPlace key="place_0069">Bonn</pubPlace>, <publisher key="publ_3791">Simrock</publisher>. geh. 15 Fr.</bibl>
<wip id="hofm_1843_02_0022_11">Dasselbe einzeln: Ebend. à 1 Fl. <lb/><title>No. 1, Lemoine, Le Lilas. Rondeau sur un Motif de Paganini</title>. <lb/>– <title>2, – La Marguerite. Sérénade sur une Valse allemande</title>. <lb/>– <title>3, – Le Jasmin. Rondeau sur un Galop favori</title>. <lb/>– <title>4, Mocker, L’Altea. Rondinetto de l’Elisire d’Amore</title>. <lb/>– <title>5, Rosellen, Le Reseda. Rondeau sur une Romance de Louis</title>. <lb/>– <title>6, Lemoine, Le Myrthe. Impromptu sur la Marche de Semiramis</title>. <lb/>– <title>7, – Les Roses Pompon. Petit Divertissement</title>. <lb/>– <title>8, Mocker, La’Pensée. La derniere Pensée de Bellini variée</title>. <lb/>– <title>9, Rosellen, L’Iris. Divertissement sur la Volière de Gide</title>. <lb/>– <title>10, Lemoine. L’Oeillet. Rondeau sur un Air allemand</title>. <lb/>– <title>11, Dejazet, Le Narcisse. Valse de Julien</title>. <lb/>– <title>12, Hünten (E.) Le Camélia. Grande Marche de Chasseurs</title>. <lb/>– <title>13, Rosellen, La Rose blanche. Valse de la Chatte métamorphosée</title>. <lb/>– <title>14, – L’Hortensia. Air tyrolien varié</title>. <lb/>– <title>15, Lemoine, La Pervenche. Valse du Diable boiteux</title>. <lb/>– <title>16, Rosellen, Le Bouton d’or. Rondeau-Galop</title>. <lb/>– <title>17, Lemoine, Le Dahlia. Impromptu sur deux Motifs du Crociato</title>. <lb/>– <title>18, Dejazet, L’Anemone. Valse de Strauss</title>. <lb/>– <title>19, Mocker, La Tulipe. Cavatine des Montecchi</title>. <lb/>– <title>20, Rosellen, Le Lys. Choeur de Norma</title>. <lb/>– <title>21, Dejazet, Le Geranium. Rondino sur une Mélodie de Schubert</title>. <lb/>– <title>22, Lemoine, Le Volubilys. Impromptu sur la Norma</title>. <lb/>– <title>23, Goetschy, Le Muguet. Fantaisie sur un Motif de Molinos</title>. <lb/>– <title>24, Arnold, La Datura. Rondeau sur le Cor des Alpes</title>.</wip>
<bibl id="hofm_1843_02_0022_12"><composer key="compo_011662">Gomion (L.)</composer> <title>Souvenir du Duc d’Olonne. Opéra de D.F.E. Auber</title>. <pubPlace key="place_0438">Mainz</pubPlace>, <publisher key="publ_3563">Schott</publisher>. 1 Fl.</bibl>
<pb n="23"/>
<bibl id="hofm_1843_02_0023_01"><composer key="compo_015944">Hünten (Fr.)</composer> <title>Deux Rondeaux sur des Thèmes favoris de l’Opéra : Le Roi d’Yvetot. Op. <opus key="opus_0451">123</opus>. No. 1, Rondo Valse. No. 2, Rondo pastorale</title>. <pubPlace key="place_0392">Leipzig</pubPlace>, <publisher key="publ_0437">Br. et  Härtel</publisher> à 15 Ngr.</bibl>
<bibl id="hofm_1843_02_0023_02">– <title>Tyrolienne de la Vestale de Mercadante variée. Op. <opus key="opus_0459">124</opus>, in <key>G</key></title>. Ebend. 20 Ngr.</bibl>
<wip id="hofm_1843_02_0023_03">– <title>Mélodies de Mlle L. Puget arr. et soigneusement doigtées</title>. <title>Liv. 1, Jeunne fille à quinze ans. Le Val béni. Notre-Dame de la mer. Marjolaine. Amour et Charité. Adieu, cousine</title>. <title>Liv. 2, Mon pays. Mes rêves de jeune fille. La bonne Providence. Les hommes ne comprennent rien. Les cheveux de la Bretonne. L’Ange de la montagne</title>. <title>Liv. 3, Le Soleil de ma Bretagne. – Cavatinedu mauvais oeil. Le roi et la reine. La Poste de Village. Matines. La Retraite</title>. <title>Liv. 4, Le garde-moulin. Plus de mère. La Chanson du charbonnier. Mon rocher de Saint-Malo. Le rêve de Marie. La joliefille du faubourg</title>. <title>Liv. 5, Belle pour lui. Son nom. La Narbonnaise. Père et pêcheur. La dot d’Auvergne. La plus aimée</title>. <title>Liv. 6, Ave Maria. Chauson de la Batelière. Le fleur du Ciel. La Voix tendre. Le bon Curé Patience. Les Pupilles de la garde</title>. <pubPlace key="place_0438">Mainz</pubPlace>, <publisher key="publ_3563">Schott</publisher>. à 1 Fl.</wip>
<bibl id="hofm_1843_02_0023_04"><composer key="compo_017230">Kempt (F.A.)</composer> <title>Introduction et Allegro, in <key>Es</key></title>. <pubPlace key="place_0392">Leipzig</pubPlace>, <publisher key="publ_2039">Klemm</publisher>. 10 Ngr.</bibl>
<bibl id="hofm_1843_02_0023_05"><composer key="compo_017472">Kirch (J.N.)</composer> <title>Variations brillantes sur un Thème très-favori. Op. <opus key="opus_2458">35</opus>, in <key>F</key></title>. <pubPlace key="place_0392">Leipzig</pubPlace>, <publisher key="publ_0437">Br. et. Härtel</publisher>. 12 ½ Ngr.</bibl>
<bibl id="hofm_1843_02_0023_06"><composer key="compo_019684">Lachner (Fr.)</composer> <title>Catharina Cornaro, Könign von Cypern. Grosse Oper in 4 Akten, übertragen v. H. Cramer</title>. <pubPlace key="place_0438">Mainz</pubPlace>, <publisher key="publ_3563">Schott</publisher>. geh. 9 Fl. 36 Xr.</bibl>
<bibl id="hofm_1843_02_0023_07">– Hieraus einzeln: <title>Choral u. Ballet des 3ten Aktes</title>. Ebend. 27 Xr.</bibl>
<bibl id="hofm_1843_02_0023_08"><composer key="compo_020257">Le Carpentier (Ad.)</composer> <title>Divertissement de Salon sur le cor des Alpes, Mélodie de Proch. Op. <opus key="opus_3140">49</opus>, in <key>G</key></title>. Ebend. 1 Fl. 12 Xr.</bibl>
<bibl id="hofm_1843_02_0023_09">– <title>Bagatelle sur deux Motifs favoris de Giselle d’Ad. Adam</title>. Ebend. 45 Xr.</bibl>
<bibl id="hofm_1843_02_0023_10"><composer key="compo_020296">Leduc (Alph.)</composer> <title>Vif et léger. Rondeau brillant. Op. <opus key="opus_4017">71</opus></title>, <pubPlace key="place_0069">Bonn</pubPlace>, <publisher key="publ_3791">Simrock</publisher>. 1 Fr. 50 Ct.</bibl>
<bibl id="hofm_1843_02_0023_11"><composer key="compo_020503">Lemoine (H.)</composer> <title>Bagatelle sur des Motifs de l’Opéra : La Aïreule, de Boieldieu</title>. <pubPlace key="place_0438">Mainz</pubPlace>, <publisher key="publ_3563">Schott</publisher>. 54 Xr.</bibl>
<bibl id="hofm_1843_02_0023_12">– <title>Bagatelle sur des Motifs de l’Opera : Richard Coeur de Lion</title>. Ebend. 54 Xr.</bibl>
<bibl id="hofm_1843_02_0023_13"><composer key="compo_020701">Levasseur (L.)</composer> <title>12 Etudes progressifs à la Cramer, Kalkbrenner, Bertini, Hummel etc. Op. <opus key="opus_3586">60</opus>. Liv. 1. 2</title>. <pubPlace key="place_0069">Bonn</pubPlace>, <publisher key="publ_3791">Simrock</publisher>. à 3 Fr. 50 Ct.</bibl>
<bibl id="hofm_1843_02_0023_14"><composer key="compo_021137">Liszt (Fr.)</composer> <title>Canzone napolitana. Notturno</title>. <pubPlace key="place_0147">Dresden</pubPlace>, <publisher key="publ_2661">Meser</publisher>. 18 Ngr.</bibl>
<bibl id="hofm_1843_02_0023_15">– <title>Ungarische National-Melodien. 3tes und 4tes Heft</title>. <pubPlace key="place_0731">Wien</pubPlace>, <publisher key="publ_1506">Haslinger</publisher>. 1 Fl. 15 Xr.</bibl>
<bibl id="hofm_1843_02_0023_16"><composer key="compo_025440">Osborne (G.A.)</composer> <title>Rondeau-Valse sur l’Opéra : Polichinelle, d’A. Montfort. Op. <opus key="opus_2403">34</opus></title>. <pubPlace key="place_0069">Bonn</pubPlace>, <publisher key="publ_3791">Simrock</publisher>. 4 Fr.</bibl>
<bibl id="hofm_1843_02_0023_17">– <title>2 Morceaux de Salon. Op. <opus key="opus_3071">47</opus>. No. 1, L’Hirondelle. No. 2, La Tarentelle</title>. <pubPlace key="place_0438">Mainz</pubPlace>, <publisher key="publ_3563">Schott</publisher> à 54 Xr.</bibl>
<bibl id="hofm_1843_02_0023_18"><composer key="compo_025691">Panofka (H.)</composer> <title>Elégie. Transcrite p. Jos. Gregoir. Op. <opus key="opus_1068">17</opus>, in <key>Gm</key></title>. <pubPlace key="place_0392">Leipzig</pubPlace>, <publisher key="publ_1746">Hofmeister</publisher>. 10 Ngr.</bibl>
<bibl id="hofm_1843_02_0023_19"><title>Potpourri d’après des Thémes de l’Opéra : Lucie de Lammermoor, Musique de Donizetti</title>. <pubPlace key="place_0276">Hamburg</pubPlace>, <publisher key="publ_0640">Cranz</publisher>. 17 ½ Ngr.</bibl>
<pb n="24"/>
<album id="hofm_1843_02_0024_01"><title>Potpourris über Themen beliebter Opern. No. 49, <composer key="compo_001075">Auber</composer>, die Krondiamanten. No. 52, <composer key="compo_001075">Auber</composer>, Lestocq. No. 54, <composer key="compo_003603">Boieldieu</composer>, Die weisse Dame. No. 55, <composer key="compo_003603">Boieldieu</composer>, Johann von Paris. No. 58, <composer key="compo_013059">Halevy</composer>, der Blitz. No. 61, <composer key="compo_014848">Himmel</composer>, Fanchon. No. 63*, <composer key="compo_022292">Marschner</composer>, der Templer und die Jüdin. No. 64*, <composer key="compo_022292">Marschner</composer>, Hans Heiling. No. 65*, <composer key="compo_022292">Marschner</composer>, der Vampyr. No. 66, <composer key="compo_022762">Mehul</composer>, Joseph. No. 67, <composer key="compo_023267">Meyerbeer</composer>, il Crociato. No. 69, <composer key="compo_023884">Mozart</composer>, Don Juan. No. 71, Mozart, Zauberflöte</title>. <pubPlace key="place_0392">Leipzig</pubPlace>, <publisher key="publ_0437">Br. u. Härtel</publisher> à 20 Ngr. <lb/>***Im Finverständniss mit dem Original-Verleger Friedr. Hofmeister in Leipzig.</album>
<bibl id="hofm_1843_02_0024_02"><composer key="compo_027627">Ravina (H.)</composer> <title>Rondino élégant. Op. <opus key="opus_2737">4</opus></title>. <pubPlace key="place_0069">Bonn</pubPlace>, <publisher key="publ_3791">Simrock</publisher>. 3 Fr. 25 Ct.</bibl>
<bibl id="hofm_1843_02_0024_03">– <title>Fantaisie de Salon sur deux Motifs napolitains. Op. <opus key="opus_3181">5</opus></title>. Ebend. 2 Fr. 50 Ct.</bibl>
<bibl id="hofm_1843_02_0024_04"><composer key="compo_028854">Rosellen (H.)</composer> <title>Souvenirs du Ballet: La joilie Fille de Gand. Op. <opus key="opus_2996">45</opus>. No. 1, Variations sur <sic>nn</sic> Pas de la Fête venitienne. No. 2, Divertissement sur le Pas des Masques</title>. <pubPlace key="place_0069">Bonn</pubPlace>, <publisher key="publ_3791">Simrock</publisher>. à 2 Fr. 25 Ct.</bibl>
<bibl id="hofm_1843_02_0024_05">– <title>Fantaisie avec Variations brillantes de l’Opéra : Le Code noir de L. Clapisson. Op. <opus key="opus_3071">47</opus></title>. Ebend. 2 Fr. 50 Ct.</bibl>
<bibl id="hofm_1843_02_0024_06">– <title>Grande Fantaisie sur le Soleil de ma Bretagne de Mlle. L. Puget. Op. <opus key="opus_3140">49</opus>, in <key>F</key></title>. <pubPlace key="place_0392">Leipzig</pubPlace>, <publisher key="publ_1746">Hofmeister</publisher>. 25 Ngr.</bibl>
<bibl id="hofm_1843_02_0024_07">– <title>Les Plaisirs de la Jeunesse. Choix de Morceaux faciles et doigtés. Cah. 1-3</title>. <pubPlace key="place_0069">Bonn</pubPlace>, <publisher key="publ_3791">Simrock</publisher> à 2 Fr. 50 Ct.</bibl>
<bibl id="hofm_1843_02_0024_08"><composer key="compo_028887">Rosenhain (Jacq.)</composer> <title>Morceau de Concert. Variations brillantes sur la Reine de Chypre de F. Halevy. Op. <opus key="opus_2458">35</opus>, in <key>Es</key></title>. <pubPlace key="place_0392">Leipzig</pubPlace>. <publisher key="publ_1746">Hofmeister</publisher>. 25 Ngr.</bibl>
<bibl id="hofm_1843_02_0024_09"><composer key="compo_029893">Schad (Jos.)</composer> <title>Fantaisie sur la Romance : Bords chéris de la Seine, de F. Berat. Op. <opus key="opus_1390">20</opus> in <key>F</key></title>. <pubPlace key="place_0438">Mainz</pubPlace>, <publisher key="publ_3563">Schott</publisher>. 1 Fl. 12 Xr.</bibl>
<bibl id="hofm_1843_02_0024_10">– <title>Le Casse-Bras. Grande Etude-Exercice. Op. <opus key="opus_1932">27</opus>, in <key>C</key></title>. <pubPlace key="place_0392">Leipzig</pubPlace>, <publisher key="publ_1746">Hofmeister</publisher>. 15 Ngr.</bibl>
<bibl id="hofm_1843_02_0024_11"><composer key="compo_031529">Schwenke (Ch.)</composer> <title>3 Rondinos sur des Thèmes fav. de Rossini. Op. <opus key="opus_1593">22. No. 1-3</opus></title>. <pubPlace key="place_0069">Bonn</pubPlace>, <publisher key="publ_3791">Simrock</publisher> à 2 Fr.</bibl>
<bibl id="hofm_1843_02_0024_12"><composer key="compo_032907">Stahlknecht (A.H.)</composer> <title>Die unentbehrlichen Fingerübungen f. jeden Pftespieler</title>. <pubPlace key="place_0392">Leipzig</pubPlace>, <publisher key="publ_2039">Klemm</publisher> 7 ½ Ngr.</bibl>
<bibl id="hofm_1843_02_0024_13"><title>Unterhaltungen (angenehme u. leichte) Sammlung v. Potpourri’s a. d. neuesten Opern etc. 4ter Jahrg. 5tes und 6tes Heft</title>. <pubPlace key="place_0110">Chemnitz</pubPlace>, <publisher key="publ_1807">Häcker</publisher> à 25 Ngr.</bibl>
<bibl id="hofm_1843_02_0024_14"><composer key="compo_035758">Voss (Ch.)</composer> <title>Der Traum der Kriegerbraut. Impromptu caractéristique p. la Main gauche seule. Op. <opus key="opus_2630">38</opus>, in <key>As</key></title>. <pubPlace key="place_0392">Leipzig</pubPlace>, <publisher key="publ_4382">Whistling</publisher>. 10 Ngr.</bibl>
<bibl id="hofm_1843_02_0024_15">– <title>Reminiscences de Guillaume Tell. Fantaisie et Variations de Bravoure. Op. <opus key="opus_2670">39</opus>, in <key>Es</key></title>. <pubPlace key="place_0392">Leipzig</pubPlace>, <publisher key="publ_0437">Br. et  Härtel</publisher>. 1 Thlr.</bibl>
<bibl id="hofm_1843_02_0024_16"><composer key="compo_036968">Wielhorski (Le Comte J.)</composer> <title>Chant sans Paroles. Morceau fantastique. Op. <opus key="opus_4562">9</opus></title>. <pubPlace key="place_0044">Berlin</pubPlace>, <publisher key="publ_3471">Schlesinger</publisher>. 20 Ngr.</bibl>
<bibl id="hofm_1843_02_0024_17"><composer key="compo_037492">Wolff (Ed.)</composer> <title>24 nouvelles Etudes. Op. <opus key="opus_3204">50</opus>. Liv. 1. 2</title>. (Déd. à Mr. Thalberg) <pubPlace key="place_0438">Mainz</pubPlace>, <publisher key="publ_3563">Schott</publisher> à 3 Fl.</bibl>
<bibl id="hofm_1843_02_0024_18">– <title>6 Mélodies caractéristiques. Oe. <opus key="opus_3586">60</opus>. No. 1, La Sentimentale. No. 2, La Rêveuse. No. 3, La Gracieuse. No. 4, La Coquette. No. 5, La Désesperée. No. 6, La Voyageuse</title>. Ebend. à 48 Xr.</bibl>
<bibl id="hofm_1843_02_0024_19">– <title>Nocturne. Op. <opus key="opus_4153">76</opus>, in <key>Gm</key></title>. <pubPlace key="place_0044">Berlin</pubPlace>, <publisher key="publ_3471">Schlesinger</publisher>. 15 Ngr.</bibl>
<pb n="25"/>
</div><div id="hofm_1843_02_0025_div12"><head><hofClass key="hofCl_0288">Tänze für das Pianoforte.</hofClass></head>
<bibl id="hofm_1843_02_0025_01"><composer key="compo_004704">Burgmüller (Fr. )</composer> <title>Valse favorite de la jolie Fille de Gand</title>. <pubPlace key="place_0438">Mainz</pubPlace>, <publisher key="publ_3563">Schott</publisher>. 18 Xr.</bibl>
<bibl id="hofm_1843_02_0025_02"><composer key="compo_006106">Cramer (H.)</composer> <title>Les Perles. 3 Valses brillantes. Op. <opus key="opus_1390">20</opus></title>. Ebend. 45 Xr.</bibl>
<bibl id="hofm_1843_02_0025_03"><composer key="compo_006500">Danz (Jos.)</composer> <title>Zwei Polka’s</title>. <pubPlace key="place_0338">Carlsbad</pubPlace>, <publisher key="publ_1077">Franieck</publisher> 5 Ngr.</bibl>
<bibl id="hofm_1843_02_0025_04"><composer key="compo_015706">Haensel (A.)</composer> <title>Casino und Gesellschaftstänze. 15ter Jahrg. Op. <opus key="opus_3282">52</opus></title>. <pubPlace key="place_0147">Dresden</pubPlace>, <publisher key="publ_2661">Meser</publisher>, 15 Ngr.</bibl>
<bibl id="hofm_1843_02_0025_05"><composer key="compo_014323">Herget (A.E.)</composer> <title>Friedrichs-Polka. Op. 4</title>. <pubPlace key="place_0338">Carlsbad</pubPlace>, <publisher key="publ_1077">Franieck</publisher>. 5 Ngr.</bibl>
<bibl id="hofm_1843_02_0025_06"><composer key="compo_016461">John (Ch.)</composer> <title>A. Mr. Fr. Liszt. Galop brillant. Op. <opus key="opus_3181">5</opus></title>. <pubPlace key="place_0044">Berlin</pubPlace>, <publisher key="publ_2971">Päz</publisher>. 5 Ngr.</bibl>
<bibl id="hofm_1843_02_0025_07"><composer key="compo_017962">Knoll (F.)</composer> <title>Frühlings-Galopp. Op. <opus key="opus_0001">1</opus></title>. <pubPlace key="place_0338">Carlsbad</pubPlace>, <publisher key="publ_1077">Franieck</publisher>. 5 Ngr.</bibl>
<bibl id="hofm_1843_02_0025_08"><composer key="compo_018716">Kretschmar (A.)</composer> <title>Ida-Walzer</title>. <pubPlace key="place_0110">Chemnitz</pubPlace>, <publisher key="publ_1807">Häcker</publisher>. 10 Ngr.</bibl>
<bibl id="hofm_1843_02_0025_09"><composer key="compo_019654">Labitzky (Jos.)</composer> <title>Eduard-Walzer. Op. <opus key="opus_4377">82</opus></title>. <pubPlace key="place_0554">Prag</pubPlace>, <publisher key="publ_1729">Hoffmann</publisher>. 45 Xr.</bibl>
<bibl id="hofm_1843_02_0025_10">– <title>Dublin-Walzer. Op. <opus key="opus_4518">88</opus></title>. <pubPlace key="place_0392">Leipzig</pubPlace>, <publisher key="publ_1746">Hofmeister</publisher>. (<pubPlace key="place_0554">Prag</pubPlace>, <publisher key="publ_1729">Hoffmann</publisher>). 15 Ngr.</bibl>
<bibl id="hofm_1843_02_0025_11">– Idem im leichtesten Arrangement. (Ballsträusschen No. 3.) Ebend. 10 Ngr.</bibl>
<bibl id="hofm_1843_02_0025_12">– <title>Polonaise (in <key>F</key>.)</title> <pubPlace key="place_0338">Carlsbad</pubPlace>, <publisher key="publ_1077">Franieck</publisher>. 5 Ngr.</bibl>
<bibl id="hofm_1843_02_0025_13"><composer key="compo_020014">Lanner (Jos.)</composer> <title>Die Troubadours. Walzer. Op. <opus key="opus_1334">197</opus></title>. <pubPlace key="place_0731">Wien</pubPlace>, <publisher key="publ_1506">Haslinger</publisher>. 45 Xr.</bibl>
<bibl id="hofm_1843_02_0025_14">– Idem im leichtesten Style. (Tanz-Salon, 18tes Heft) Ebend. 30 Xr.</bibl>
<bibl id="hofm_1843_02_0025_15"><composer key="compo_020900">Liehmann (Jos,)</composer> <title>Walzer über die beliebtesten Melodien aus der Op. : Marie die Regimentstochter. Op. <opus key="opus_1584">22</opus></title>. <pubPlace key="place_0554">Prag</pubPlace>, <publisher key="publ_1729">Hoffmann</publisher>. 45 Xr.</bibl>
<bibl id="hofm_1843_02_0025_16"><composer key="compo_020937">Limbeck (Ch. de.)</composer> <title>Pompadour-Quadrille</title>. (Les Fleurs de la France. Collection des meilleures Danses françaises. No. 7.) Ebend. 30 Xr.</bibl>
<bibl id="hofm_1843_02_0025_17"><composer key="compo_022572">Mauroille (V.)</composer> <title>Le Courier. Galopp</title>. <pubPlace key="place_0338">Carlsbad</pubPlace>, <publisher key="publ_1077">Franieck</publisher>. 5 Ngr.</bibl>
<bibl id="hofm_1843_02_0025_18"><composer key="compo_027084">Prochaska (J.S.)</composer> <composer key="compo_026125">L. Peschke</composer>, <composer key="compo_026012">F. Pelz</composer> u. <composer key="compo_004601">F. Budinsky</composer>,<title> Rosenkörbchen. 4 Polka</title>. (5te Sammlung der National-Polka.) <pubPlace key="place_0554">Prag</pubPlace>, <publisher key="publ_1729">Hoffmann</publisher>. 45 Xr.</bibl>
<bibl id="hofm_1843_02_0025_19"><composer key="compo_028691">Rohm, (C.)</composer> <title>Amalien-Polka</title>. <pubPlace key="place_0147">Dresden</pubPlace>, <publisher key="publ_2661">Meser</publisher>. 5 Ngr.</bibl>
<bibl id="hofm_1843_02_0025_20">– <title>Fresco-Galopp</title>. Ebend. 6 Ngr.</bibl>
<bibl id="hofm_1843_02_0025_21">– <title>Hesperiden-Galopp</title>. Ebend. 6 Ngr.</bibl>
<bibl id="hofm_1843_02_0025_22">– <title>Laetitia-Walzer</title>. Ebend. 10 Ngr.</bibl>
<bibl id="hofm_1843_02_0025_23">– <title>Die Schönsprecher. Walzer</title>. Ebend. 10 Ngr.</bibl>
<bibl id="hofm_1843_02_0025_24">– <title>Stern-Polka</title>. Ebend. 6 Ngr.</bibl>
<bibl id="hofm_1843_02_0025_25"><composer key="compo_029893">Schad (Jos.)</composer> <title>Valses expressives suivies d’un Galop. Op. <opus key="opus_2066">29</opus></title>. <pubPlace key="place_0392">Leipz</pubPlace>., <publisher key="publ_1746">Hofmeister</publisher>. 15 Ngr.</bibl>
<bibl id="hofm_1843_02_0025_26"><composer key="compo_033569">Strauss (Joh.)</composer> <title>Minnesänger. Walzer. Op. <opus key="opus_0720">141</opus></title>. <pubPlace key="place_0731">Wien</pubPlace>, <publisher key="publ_1506">Haslinger</publisher>. 45 Xr.</bibl>
<bibl id="hofm_1843_02_0025_27">– Idem im leichten Style. (Die junge Tänzerin. 36tes Heft.) Ebend. 30 Xr.</bibl>
<bibl id="hofm_1843_02_0025_28"><title>Tänze (augewählte.) No. 14. Nach Melodien der Oper: Regine oder die zwei Nächte v. Adam</title>. <pubPlace key="place_0110">Chemnitz</pubPlace>, <publisher key="publ_1807">Häcker</publisher> 5 Ngr.</bibl>
<bibl id="hofm_1843_02_0025_29"><title>Tänze nach den schönsten Melodien beliebter Opern. No. 1-5, Schottisch, Galopp, Masurka. Schottisch, Walzer u. Polo-<pb n="26"/>noise nach Melodien a. d. Oper: Marie, die Regimentstochter v. Donizetti von J.G. Prohl</title>. <pubPlace key="place_0110">Chemnitz</pubPlace>, <publisher key="publ_1807">Häcker</publisher>. à 5 Ngr.</bibl>
<bibl id="hofm_1843_02_0026_01"><composer key="compo_037491">Wolff (E.)</composer> <title>Quatre Valses brillantes. Suite 1. Op. <opus key="opus_0927">16</opus>. Suite 2. Op. <opus key="opus_1068">17</opus></title>. <pubPlace key="place_0438">Mainz</pubPlace>, <publisher key="publ_3563">Schott</publisher>. à 54 Xr.</bibl>
</div><div id="hofm_1843_02_0026_div13"><head><hofClass key="hofCl_0250">Märsche für das Pianoforte.</hofClass></head>
<bibl id="hofm_1843_02_0026_02"><composer key="compo_020900">Liehmann (Jos.)</composer> <title>Palombini-Märsche. No. 1, Manövrir-Marsch, No. 2, Marsch a, d. Op.: Der Brauer von Preston. No. 3, Manövrir-Marsch. No. 4, Defilir-Marsch über Lanners Maskenbilder-Walzer. No. 5. 6. 1ster u. 2ter Favorit-Marsch des Erzherzogs Franz Carl No. 7, Marsch No. 8, Manövrir-Marsch. No. 9, Marsch. No. 10, Manövrir-Marsch</title>. <pubPlace key="place_0554">Prag</pubPlace>, <publisher key="publ_1729">Hoffmann</publisher>. à 15 Xr.</bibl>
<bibl id="hofm_1843_02_0026_03"><composer key="compo_027569">Rastrelli (Jos.)</composer> <title>Festmarsch und Schifferlied, a. d. Trauerspiel: Herzog Bernhard von Weimar von Jul. Mosen</title>. <pubPlace key="place_0147">Dresden</pubPlace>. <publisher key="publ_2661">Meser</publisher>. 10 Ngr.</bibl>
</div><div id="hofm_1843_02_0026_div14"><head><hofClass key="hofCl_0072">Lehrbücher für das Pianoforte.</hofClass></head>
<bibl id="hofm_1843_02_0026_04"><composer key="compo_037396">Wohlfahrt (H.)</composer> <title>Der Clavierfreund. Ein progressiver Clavier-Unterricht f. Kinder. 3tes H. 4</title>. <pubPlace key="place_0392">Leipzig</pubPlace>, <publisher key="publ_0437">Br. u. Härtel</publisher>. geh. 15 Ngr. n.</bibl>
</div><div id="hofm_1843_02_0026_div15"><head><hofClass key="hofCl_0225">Musik für die Orgel.</hofClass></head>
<bibl id="hofm_1843_02_0026_05"><composer key="compo_028447">Rinck (C.H.)</composer> <title>Samml. von Vor- u. Nachspielen in 6 Heften. 4tes u. 5tes Heft</title>. <pubPlace key="place_0128">Darmstadt</pubPlace>. <publisher key="publ_0743">Diehl</publisher>. à 45 Xr. n.</bibl>
<bibl id="hofm_1843_02_0026_06"><composer key="compo_030405">Schlimbach (G.C.Fr.)</composer> <title>Ueber die Struktur, Erhaltung, Stimmung und Prüfung der Orgel, durchgesehen und vermehrt von C.F. Becker. <edition>3te Aufl</edition>. Mit 5 Kupfertafeln</title>. 8. <pubPlace key="place_0392">Leipzig</pubPlace>, <publisher key="publ_0437">Br. u. Härtel</publisher> geh. 1 Thlr. 10 Ngr. n.</bibl>
</div><div id="hofm_1843_02_0026_div16"><head><hofClass key="hofCl_0068">Kirchenmusik.</hofClass></head>
<bibl id="hofm_1843_02_0026_07"><composer key="compo_020580">Leonhard (J.E.)</composer> <title>Cantate No. 3: zum Osterfeste (Wir danken dir Gott). f. 4 Singst. mit Orchester. Op. <opus key="opus_4300">8</opus>. <format>Partitur</format></title>. <pubPlace key="place_0260">Görlitz</pubPlace>, <publisher key="publ_2087">Koblitz</publisher>. 1 Thlr. 5 Ngr. n.</bibl>
<bibl id="hofm_1843_02_0026_08"><composer key="compo_023890">Mozart (W.A.)</composer> <title>Messe in F, f. Singst. 2 Violinen (2 Horn ad lib) Contrab. und Orgel. <format>Partitur</format></title>. <pubPlace key="place_0554">Prag</pubPlace>, <publisher key="publ_1729">Hoffmann</publisher> 2 Fl. 30 Xr.</bibl>
<bibl id="hofm_1843_02_0026_09"><composer key="compo_024685">Neukomm (S.)</composer> <title>Christi Himmelfahrt. Oratorium in 2 Abth. <format>Orchesterstimmen</format></title>. <pubPlace key="place_0438">Mainz</pubPlace>, <publisher key="publ_3563">Schott</publisher> 12 Fl. 36 Xr. </bibl>
<bibl id="hofm_1843_02_0026_10"><composer key="compo_028594">Rochlitz (F.)</composer> <title>Samml. vorzügl. Gesangsstücke vom Ursprung gesetzmässiger Harmonie bis auf die neue Zeit. 3ter Band von 1700 bis 1760. 3te Abtheil. (Collection de Morceaux. de Chant). etc</title>. Ebend. geh. 7 Fl. 12 Xr.</bibl>
<bibl id="hofm_1843_02_0026_11"><composer key="compo_032798">Spohr (L.)</composer> <title>Der 128ste Psalm (Mit ew’gen Segen krönt der Herr). Mit engl. u. deutsch. Texte, für 4 Chor- und 4 Solo-Stimmen m. Begleitung der Orgel od. Pfte. Op. <opus key="opus_0443">122</opus>. <format>Klavierauszug</format></title>, <pubPlace key="place_0069">Bonn</pubPlace>, <publisher key="publ_3791">Simrock</publisher>. 3 Fr.</bibl>
<bibl id="hofm_1843_02_0026_12">– <title>Die Singstimmen zu do</title>. 2 Fr. 65 Ct.</bibl>
</div><div id="hofm_1843_02_0026_div17"><head><hofClass key="hofCl_0021">Gesangstücke für Concertmusik mit Begleitung mehrerer Instrumente.</hofClass></head>
<bibl id="hofm_1843_02_0026_13"><composer key="compo_000092">Adam (Ad.)</composer> <title>Le Retour à la Montagne. (Die Rückehr ins Gebrige). Tirolienne av. Hautbois (ou Violon) et Pfte</title>. <pubPlace key="place_0438">Mainz</pubPlace>, <publisher key="publ_3563">Schott</publisher>. 1 Fl.</bibl>
<pb n="27"/>
<bibl id="hofm_1843_02_0027_01"><composer key="compo_020546">Lenz (L.)</composer> <title>Des Knaben Tod. Romanze v. Uhland f. eine Singstimme m. Pfte u. obl. Violoncelle. Op. <opus key="opus_1932">27</opus>. (Zeuch nicht in den dunkeln Wald)</title> <pubPlace key="place_0392">Leipzig</pubPlace>, <publisher key="publ_0437">Br. u. Härtel</publisher>. 15 Ngr.</bibl>
<bibl id="hofm_1843_02_0027_02">– <title>Der Troubadour, Romanze nach W. Scott, v. Freiligrath f. Bass mit Begl. des Pfte. u. obl. Violoncell. Op. <opus key="opus_1999">28</opus>. (Vor seiner Dame Fenster)</title>. Ebend. 17 ½ Ngr.</bibl>
<bibl id="hofm_1843_02_0027_03">– <title>Die Pragermusikantenbraut von W. Müller, für Sopran mit Pfte. (2 Waldhörner und 2 Violoncelle ad lib.) Op. <opus key="opus_2269">32. No. 1</opus>. (Und wisst ihr, wer mein Schätzel ist?)</title> Ebend. 22 ½ Ngr. </bibl>
<bibl id="hofm_1843_02_0027_04">– <title>Der Pragermusikant v. W. Müller, f. Tenor m. Pfte. u. obl. Violine (2 Waldh. und 2 Fagotte ad lib.) Op. <opus key="opus_2273">32. No. 2</opus>. (Mit der Fidel auf dem Rücken.)</title> Ebend. 1 Thlr.</bibl>
<bibl id="hofm_1843_02_0027_05"><composer key="compo_022407">Maschek (Ed.)</composer> <title>„Mein Herz ist im Hochland“ Gedicht von Freiligrath, für Alt od. Bariton m. Pfte. u. Violine (od. Violoncell) obl</title>. <pubPlace key="place_0438">Mainz</pubPlace>, <publisher key="publ_3563">Schott</publisher>. 1 Fl. 12 Xr.</bibl>
</div><div id="hofm_1843_02_0027_div18"><head><hofClass key="hofCl_0102">Mehrstimmige Gesänge mit und ohne Pianoforte.</hofClass></head>
<bibl id="hofm_1843_02_0027_06"><composer key="compo_002014">Becker (Jul.)</composer> <title>12 Terzetten f. Tenor, Bariton u. Bass m. beliebig. Begl. des Pfte. Op. <opus key="opus_1661">23</opus>. 2tes Heft (Es wandern drei rüst’ge Gesellen – S’ giebt wo ein seltnes Blümchen – Ueber allen Gipfeln ist Ruh’ – Von allen Farben auf der Welt – Wir ruhen im Walde – Ich geh’ das Heimaththal entlang)</title>. <pubPlace key="place_0392">Leipzig</pubPlace>, <publisher key="publ_2039">Klemm</publisher>. 1 Thlr.</bibl>
<bibl id="hofm_1843_02_0027_07"><composer key="compo_014826">Hiller (Ferd.)</composer> <title>6 Gesänge f. Sopran, zwei Tenor-u. zwei Bassstimmen. Op. <opus key="opus_1802">25</opus>. <format>Partitur u. Stimmen</format> (Wie ist doch die Erde so schön – Der du vom Himmel bist – Die Fenster auf, die Herzen auf – Durch Feld und Buchenhallen – Abendlich schon rauscht – Welch ein Schwirren welch ein Flug.)</title> 8. <pubPlace key="place_0069">Bonn</pubPlace>, <publisher key="publ_3791">Simrock</publisher>. 8 Fr. Das Männerquartett besonders. 4 Fr.</bibl>
<bibl id="hofm_1843_02_0027_08"><composer key="compo_018639">Krebs (C.)</composer> <title>Dichtergruss von Fr. v. Zedlitz f. 4 Männerstimmen (O Land am Rhein, so wonniglich). <format>Partitur und Stimmen</format></title>. <pubPlace key="place_0044">Berlin</pubPlace>, <publisher key="publ_3471">Schlesinger</publisher> 10 Ngr.</bibl>
<bibl id="hofm_1843_02_0027_09"><composer key="compo_020546">Lenz (L.)</composer> <title>Vierstimmige Männerchöre. Op. <opus key="opus_2187">31</opus>. <format>Partitur u. Stimmen</format> (Was ist das für ein durstig Jahr, – Hier sind wir versammelt zu löblichem Thun – Wenn man beim Wein sitzt – Im grossen Hause neben an – Wir sind ein festgeschlossner Bund – In vino veritas – Der Wein erfreut des Menschen Herz)</title> 8. <pubPlace key="place_0392">Leipz</pubPlace>., <publisher key="publ_0437">Br. u. Härtel</publisher>. 1 Thlr. 20 Ngr.</bibl>
<bibl id="hofm_1843_02_0027_10"><composer key="compo_021753">Lührss (C.)</composer> <title>3 Duette f. Sopran u. Alt. m. Pfte. Op. <opus key="opus_2737">4</opus>. (Wisst ihr, wann es Frühling wird – Der schöne Tag, o Freundin sinkt – Nun schmücket sich die Wiese grün)</title>. <pubPlace key="place_0276">Hamburg</pubPlace>, <publisher key="publ_0640">Cranz</publisher>. 15 Ngr.</bibl>
<bibl id="hofm_1843_02_0027_11"><composer key="compo_022836">Meister (K.S.)</composer> <title>Singwäldlein der Kleinen. Zweistimmige Liedersätze für Kinder. Op. <opus key="opus_1372">2</opus>. Lief. 1. 8</title>. <pubPlace key="place_0069">Bonn</pubPlace>, <publisher key="publ_3791">Simrock</publisher>. 1 Fr. 50 Ct.</bibl>
<bibl id="hofm_1843_02_0027_12"><title>Volkslieder (Schlesische) mit Melodien. Aus dem Munde des Volkes gesammelt u. herausgegeben v. Hoffmann v. Fallersleben und Ernst Richter, 3. 4. und letzte Lieferung</title>. <pubPlace key="place_0392">Leipz</pubPlace>. gr. 8. <publisher key="publ_0437">Br. u. Härtel</publisher>. geh. à 15 Ngr. n.</bibl>
</div><div id="hofm_1843_02_0027_div19"><head><hofClass key="hofCl_0268">Opernmusik mit Pianofortebegleitung.</hofClass></head>
<bibl id="hofm_1843_02_0027_13"><composer key="compo_007196">Donizetti</composer>, <title>Marie oder die Tochter des Regiments (La Fille du<pb n="28"/>Regiment) Komische Op. in 2 Akten. <format>Klavierauszug ohne Finale mit deutschem und französischem Texte</format></title>. <pubPlace key="place_0438">Mainz</pubPlace>, <publisher key="publ_3563">Schott</publisher>. geh. 7 Fl. 12 Xr.</bibl>
<wip id="hofm_1843_02_0028_01"><composer key="compo_013060">Halevy (F.)</composer> <title>Die Königin von Cypern (La Reine de Chypre)</title> <title>No. 1a, Romance transp. für tiefern Tenor: Hell steigt aus blauer Flut (La Ciel est radieux)</title> 7 ½ Ngr. <title>No. 6a, Air transp. für höhern Sopran: Zum stillen Heerd (Le Gondolier)</title> 20 Ngr. <title>No. 8b, Coupletts f. Tenor: Was ist das Erdenleben (Tout n’est)</title> 7 ½ Ngr. <title>No. 11a, Air transp. f. tiefern Tenor: Erscheinen ist sie (La voici donc)</title> 20 Ngr. <title>No. 12a, Romance transp. f. höhern Sopran: Einz’ger Trost (Seul espoir)</title> 7 ½ Ngr. <title>No. 13a, Romance transp. f. höhern Sopran: Einst sollte Hymens Band (Au pieds ses saints)</title> 10 Ngr. <pubPlace key="place_0044">Berlin</pubPlace>, <publisher key="publ_3471">Schlesinger</publisher>.</wip>
<bibl id="hofm_1843_02_0028_02"><composer key="compo_022904">Mendelssohn-Bartholdy (F.)</composer> <title>Antigone des Sophokles, nach Donner’s Uebersetzung. <format>Klavierauszug</format>. Op. <opus key="opus_3385">55</opus></title>. <pubPlace key="place_0392">Leipzig</pubPlace>, <publisher key="publ_2017">Kistner</publisher>. geh. 4 Thlr. 15 Ngr.</bibl>
</div><div id="hofm_1843_02_0028_div20"><head><hofClass key="hofCl_0040">Gesänge für eine Stimme mit Begleitung des Pianoforte.</hofClass></head>
<bibl id="hofm_1843_02_0028_03"><composer key="compo_000131">Adhémar (Ab. d’)</composer> <title>Le Roi des Vilains</title>. <pubPlace key="place_0392">Leipzig</pubPlace>, <publisher key="publ_2017">Kistner</publisher> 5 Ngr.</bibl>
<bibl id="hofm_1843_02_0028_04"><composer key="compo_002935">Biehl (Ed.)</composer> <title>6 Lieder Op. <opus key="opus_0001">1</opus>. (Durch Morgennebel – Ich bin so hold – Still betet die Natur – Wie ist der Abend so traulich – Ach aus dieses Thales Gründen – Klage nicht, betrübtes Kind)</title> <pubPlace key="place_0276">Hamburg</pubPlace>, <publisher key="publ_0640">Cranz</publisher> 12 ½ Ngr.</bibl>
<bibl id="hofm_1843_02_0028_05"><composer key="compo_004706">Burgmüller (F.)</composer> <title>L’Amour au Village. Die Liebe auf dem Lande</title>. L’Aurore. No. 42. <pubPlace key="place_0438">Mainz</pubPlace>, <publisher key="publ_3563">Schott</publisher> 27 Xr.</bibl>
<bibl id="hofm_1843_02_0028_06"><composer key="compo_005692">Ciccarelli (Aug.)</composer> <title>Recueil de Romances p. Contralto ou Mezzo-Soprano. No. 3, La Partenza. No. 4, Canzonetta (Regnan l’ombre)</title>. <pubPlace key="place_0147">Dresden</pubPlace>, <publisher key="publ_2661">Meser</publisher>. 7 ½ Ngr.</bibl>
<bibl id="hofm_1843_02_0028_07"><composer key="compo_006802">Derckum</composer>, <title>Fasterlerums Marsch aus dem Cölner Carneval 1843. (Op, op ehr kölsche Junge)</title>. <pubPlace key="place_0371">Cöln</pubPlace>, <publisher key="publ_0819">Dunst</publisher>. 4 Ngr.</bibl>
<bibl id="hofm_1843_02_0028_08"><composer key="compo_007639">Döhler (Th.)</composer> <title>6 Melodies italiennes. Op. <opus key="opus_2948">44</opus>. (Il Pianto del amante. Die Klage des Geliebten. – La Rimembranza. Die Erinnerung. – L’Afflita. Die Trauernde. – A Mezzanote. Um Mitternacht. – Il Dolore. Der Schmerz. – Il Gondoliere fortunato. Der glückliche Gondolier.)</title> <pubPlace key="place_0438">Mainz</pubPlace>, <publisher key="publ_3563">Schott</publisher>. 2 Fl. 24 Xr.</bibl>
<bibl id="hofm_1843_02_0028_09"><composer key="compo_007714">Dürrner (J.)</composer> <title>Bier und Wein. Komisches Gedicht v. H. Weiser, f. Bass (Da sitzen sie und trinken)</title>. <pubPlace key="place_0440">Mannheim</pubPlace>, <publisher key="publ_1534">Heckel</publisher> 18 Xr.</bibl>
<bibl id="hofm_1843_02_0028_10">– <title>Hans Durstig. Komisches Gedicht v. H. Weiser f. Bass (Was schnürt mir denn die Kehle zu)</title>. Ebend. 18 Xr.</bibl>
<bibl id="hofm_1843_02_0028_11"><composer key="compo_009228">Ficker (F.)</composer> <title>Ständchen. Gedicht von Ph. J. Düringer, f. Tenor od. Sopran. Op. <opus key="opus_3181">5</opus> (Schlummre ruhig, liebes Leben)</title>. <pubPlace key="place_0392">Leipzig</pubPlace>, <publisher key="publ_2039">Klemm</publisher> 12 ½ Ngr.</bibl>
<bibl id="hofm_1843_02_0028_12"><composer key="compo_009271">Finck (G.W.)</composer> <title>Musikal. Hausschatz der Deutschen. Eine Sammlung von 1000 Liedern und Gesängen, mit Singweisen u. Pfte. In 10 Lief. 1te Lief</title>. gr. 8. <pubPlace key="place_0392">Leipzig</pubPlace>, <publisher key="publ_2597">Mayer und Wigand</publisher>. 10 Ngr. n.</bibl>
<wip id="hofm_1843_02_0028_13"><composer key="compo_014909">Hirsch (R.)</composer> <title>Leibesfrühling. Gedichte v. Eichendorff, Mosen, Rückert. Op. <opus key="opus_1881">26</opus>. 3 Hefte</title>. <pubPlace key="place_0392">Leipzig</pubPlace>, <publisher key="publ_4382">Whistling</publisher>. 1 Heft 12 ½ Ngr. u. 3 Heft à 15 Ngr. <lb/>Dieselben einzeln: <title>No. 1. „Komm! komm!“</title> <title>No. 2. „Liebste! nur dich sehen!“ </title><title>No. 3. „Ich hab’ dich nur
<pb n="29"/>
Einmal geseh’n“</title> <title>No. 4. Die Mutter (Im Traum die Mutter ihr erscheint)</title>. <title>No. 5. Liebster! deine Worte stehlen</title>. <title>No. 6. Frühlingsnacht (Ueber’m Garten.)</title> <title>No. 7. Der böse Traum (Im Traume hab’ ich’s ausgeschwatzt)</title> <title>No. 8. „Und du könntest mich verlassen.“</title> <title>No. 9. „Liebster! was kann uns denn scheiden.“</title> <title>No. 10. Glück (Wie jauchzt meine Seele)</title>. <title>No. 11. Abschied (Ach! scheiden von der Lieben)</title>. <title>No. 12. Das zerbrochene Ringlein (In einem kühlen Grunde)</title>. Ebend. à 5 Ngr.</wip>
<bibl id="hofm_1843_02_0029_01"><title>Hussitenlied (Pjsen Husitska) aus dem fünfzehnten Jahrhunderte, f. Bass mit Chor ad lib. (Lasst uns frohe Hoffnung hegen)</title>. <pubPlace key="place_0554">Prag</pubPlace>, <publisher key="publ_1729">Hoffmann</publisher> 20 Xr.</bibl>
<bibl id="hofm_1843_02_0029_02"><composer key="compo_016185">Jahn (Otto)</composer> <title>8 Lieder. (Wie kannst du ruhig schlafen. – Die schlanke Wasserlilie. – Du bist die Ruh’. – Wenn das erste Vöglein singt. – Ach ich sehne mich nach Thränen. – Was ist das nun für Lust. – Was brummt mir um die Ohren. – Der Strauss den ich gepflücket)</title>. <pubPlace key="place_0392">Lpz</pubPlace>. <publisher key="publ_0437">Br. u. Härtel</publisher> 15 Ngr.</bibl>
<bibl id="hofm_1843_02_0029_03"><composer key="compo_018639">Krebs (C.)</composer> <title>Mein Herz ich will dich fragen, a. d. Drama: Der Sohn der Wildniss, von Halm, für Sopran od. Tenor. Op. <opus key="opus_0451">123</opus></title>. <pubPlace key="place_0276">Hamburg</pubPlace>, <publisher key="publ_3605">Schuberth u. Comp</publisher>. 7 ½ Ngr.</bibl>
<bibl id="hofm_1843_02_0029_04">– Idem f. Alt oder Bariton. Ebend. 7 ½ Ngr. </bibl>
<bibl id="hofm_1843_02_0029_05"><composer key="compo_019507">Kücken (Fr.)</composer> <title>Zwei Gesänge. Op. <opus key="opus_2670">39</opus>. No. 1. Der Wunsch (Abend schlummert auf der Fleur). No. 2. „So willst du von mir gehen.“</title> <pubPlace key="place_0044">Berlin</pubPlace>, <publisher key="publ_3471">Schlesinger</publisher> à 10 Ngr.</bibl>
<bibl id="hofm_1843_02_0029_06"><composer key="compo_019654">Labitzky (Jos.)</composer> <title>Neujahrsl. (So singen wir, so trinken wir.)</title> <pubPlace key="place_0338">Carlsb</pubPlace>. <publisher key="publ_1077">Franieck</publisher>. 2 ½ Ngr.</bibl>
<bibl id="hofm_1843_02_0029_07">– <title>Sylversterlied (Freunde! lasst die Saiten klingen)</title>. Eb. 5 Ngr.</bibl>
<bibl id="hofm_1843_02_0029_08"><composer key="compo_020546">Lenz (L.)</composer> <title>7 Lieder. Op. <opus key="opus_2066">29</opus>. (Weisst du mein Thal. – Könnt’ ich athmen ohne Weh’. – Mein Herz ist im Hochland. – Gut’ Nacht, fahr’ wohl. – Gar hoch auf jenem Berg’. – Ich weiche nicht, – Ade! ich zieh’ hinaus)</title>. <pubPlace key="place_0392">Leipz</pubPlace>. <publisher key="publ_0437">Br. u. Härtel</publisher>. 22 ½ Ngr.</bibl>
<bibl id="hofm_1843_02_0029_09">– <title>3 Gesänge aus Söltl’s Konradin. Op. <opus key="opus_2131">30</opus>. (Im tiefen See schläft eine Perle. – Leb’ wohl, auf Wiederseh’n. – Mein holder Lebensstern)</title> Ebend. 15 Ngr.</bibl>
<bibl id="hofm_1843_02_0029_10"><composer key="compo_022093">Mangold (C.)</composer> <title>Der deutsche Wein. Nach Boeken (Ihr sollet ihn ja haben) f. Chor m. Pfte</title>. <pubPlace key="place_0438">Mainz</pubPlace>, <publisher key="publ_3563">Schott</publisher>. 8 Xr.</bibl>
<bibl id="hofm_1843_02_0029_11"><composer key="compo_022408">Maschek (F.)</composer>  <pubPlace key="place_0438">Mainz</pubPlace>, <publisher key="publ_3563">Schott</publisher>. 27 Xr.</bibl>
<bibl id="hofm_1843_02_0029_12">– <title>Mis Vaterland (O könnt ich<title>Mi Wunsch. Der Verliebte. 2 Schweizer Lieder. (Uf den Alpe möcht’ ich singe. – Was ist das? ’S ist mer z’rund.)</title> mit des Liedes Tön)</title>. Ebend. 54 Xr.</bibl>
<bibl id="hofm_1843_02_0029_13"><composer key="compo_024830">Niedermeyer (L.)</composer> <title>Il cinque Maggio. Der fünfte Mai. Ode di A. Manzoni</title>. <pubPlace key="place_0438">Mainz</pubPlace>, <publisher key="publ_3563">Schott</publisher> 1 Fl. 21 Xr.</bibl>
<bibl id="hofm_1843_02_0029_14">– <title>Une Voix dans l’Orage. Eine Stimme im Gewitter</title>. L’Aurore No. 45. Ebend. 45 Xr.</bibl>
<bibl id="hofm_1843_02_0029_15"><composer key="compo_025540">Overweg (C.)</composer> <title>6 Gesänge. Op. <opus key="opus_0531">13</opus>. (Die Schatten werden lang. – An des Baches lieblicher Quelle – Nord oder Süd! – Wo Glaube, da Liebe. – Es blühe, was mein Herz beglückt. – Wohin mein Auge blickt.)</title> <pubPlace key="place_0481">Naumburg</pubPlace>, beim <publisher key="publ_2107">Componist</publisher>en. 20 Ngr. n.</bibl>
<bibl id="hofm_1843_02_0029_16"><composer key="compo_027569">Rastrelli (Jos.)</composer> <title>Festmarsch u. Schifferlied. z. Trauerspiel Herzog Bernhard v. Weimar f. Tenor oder Sopran m. Pfte. und Horn (Der Schiffer stösst vom Lande)</title>. <pubPlace key="place_0147">Dresden</pubPlace>, <publisher key="publ_2661">Meser</publisher>. 10 Ngr.</bibl>
<pb n="30"/>
<bibl id="hofm_1843_02_0030_01"><composer key="compo_027743">Rehfeldt (W.)</composer> <title>6 Gesänge, Op. <opus key="opus_3181">5</opus>. (Da drüben – Bei jedem Lüftchen. – Nicht frage mehr. – Ich stand gelehnet an den Mast. – Wo ich am allerliebsten. – Nie lieb’ ich je)</title>. <pubPlace key="place_0044">Berlin</pubPlace>, <publisher key="publ_0951">Esslinger</publisher> 15 Ngr.</bibl>
<wip id="hofm_1843_02_0030_02"><composer key="compo_027982">Reissiger (C.G.)</composer> <title>Lieder u. Gesänge. Aus Op. 84. f. Sopran oder Ten</title>. <title>No. 1. „Ich sass im Grünen“</title> 5 Ngr. <title>No. 2. Des Baches Wiegenlied (Gute Ruh)</title> 5 Ngr. <title>No. 3. Nichts ohne Liebe (Vöglein ohne Ruh)</title>. 4 Ngr. <title>No. 4, Abschied vom Wald (Ade, du liebes Waldesgrün)</title>. 4 Ngr. <title>No. 5. Der Geliebte in der Ferne (Mein Liebchen hat gesagt)</title>. 5 Ngr. <pubPlace key="place_0147">Dresden</pubPlace>. <publisher key="publ_2661">Meser</publisher>. </wip>
<bibl id="hofm_1843_02_0030_03"><composer key="compo_028260">Richter (E. Friedr.)</composer> <title>6 Lieder. Op. <opus key="opus_0234">11</opus> (Im Nachbargarten ein Blümlein knopst. – Die Röslein im Garten – Der See ruht tief im blauen Traum. – Ueber die beglänzten Gipfel. – Ich woh’n in meiner Liebsten Brust. – Er ist gekommen in Sturm)</title>. <pubPlace key="place_0392">Leipzig</pubPlace>, <publisher key="publ_0437">Br. u. Härtel</publisher>. 25 Ngr.</bibl>
<bibl id="hofm_1843_02_0030_04"><composer key="compo_029126">Rudersdorff (Hermine)</composer>. <title>2 Lieder (Kennst du die Blume – In mein gar zu dunkles Leben)</title>. <pubPlace key="place_0438">Mainz</pubPlace>, <publisher key="publ_3563">Schott</publisher> 27 Xr.</bibl>
<bibl id="hofm_1843_02_0030_05"><title>Sion. Sammlung classishcer geistlicher Gesänge f. Alt. No. 19. Duonette, Damentatias Jeremiae: Pellis nostra (Ausgedorrt ist unser Angesicht) No. 41. Marcello, Psalm XV: Signor dall’empia gente (O Herr! vor jenen Bösen)</title>. <pubPlace key="place_0044">Berlin</pubPlace>, <publisher key="publ_3471">Schlesinger</publisher> à 5 Ngr.</bibl>
<bibl id="hofm_1843_02_0030_06"><composer key="compo_033611">Strehen (E.)</composer> <title>Nachklänge von J. Freih. v. Eichendorff. Lieder. Op. <opus key="opus_4300">8</opus>. (Lust’ge Vögel in den Wald. – O Herbst, in linden Tagen. – Schon kehren die Vögel wieder. – Mit träumt’ ich ruhte wieder)</title>. <pubPlace key="place_0392">Leipz</pubPlace>. <publisher key="publ_0437">Br. u. Härtel</publisher>. 20 Ngr.</bibl>
<bibl id="hofm_1843_02_0030_07"><composer key="compo_034224">Teichmann (Ant.)</composer> <title>La Rondinella. Isolina. 2 Ariette p. Soprano o Tenore. Op. <opus key="opus_3204">50</opus></title>. <pubPlace key="place_0392">Leipzig</pubPlace>, <publisher key="publ_1746">Hofmeister</publisher>. 10 Ngr.</bibl>
<listBibl><bibl id="hofm_1843_02_0030_08">* <composer key="compo_035575">Vogel (A.)</composer> <title>L’ Ange déchu. Der gefallene Engel. Mélodie p. Ténor</title>. <pubPlace key="place_0438">Mainz</pubPlace>, <publisher key="publ_3563">Schott</publisher>. 18 Xr.</bibl>
<bibl id="hofm_1843_02_0030_09">*– Idem p. Basse. Ebend. 18 Xr. <lb/>(Choix d’ Airs. No. 553. 554).</bibl></listBibl>
</div><div id="hofm_1843_02_0030_div21"><head><hofClass key="hofCl_0047">Gesänge mit Begleitung der Guitarre.</hofClass></head>
<wip id="hofm_1843_02_0030_10"><composer key="compo_007196">Donizetti</composer>, <title>Choix d’Airs de l’Opéra : La Fille du Régiment av. Guit. Chanson</title>: <title>Weiss nicht die Welt (Chacun le sait)</title>. 18 Xr. <title>Romance: So lebet wohl (Il faut partir)</title> 18 Xr. <title>Tyrolienne: Sieh mich hier (Suppliant à genoux)</title> 9 Xr. <pubPlace key="place_0438">Mainz</pubPlace>, <publisher key="publ_3563">Schott</publisher>.</wip>
</div><div id="hofm_1843_02_0030_div22"><head><hofClass key="hofCl_0287">Theoretische Werke.</hofClass></head>
<bibl id="hofm_1843_02_0030_11"><composer key="compo_002077">Beethoven (L. van)</composer> <title>Verzeichniss seiner sämmtlichen Werke und der davon bekannten Arrangements</title>. 8. <pubPlace key="place_0276">Hamburg</pubPlace>, <publisher key="publ_0640">Cranz</publisher>. 2 ½ Ngr.</bibl>
<bibl id="hofm_1843_02_0030_12"><title>Verzeichniss von Musikalien, sowohl theoret-musikal. Schriften, als auch Instrumental- u. Vocalmusik, – alte und seltene musik. Werke, welche im April 1843 in Halle versteigert werden</title>. 8. geh.</bibl>
<pb n="31"/></div><div id="hofm_1843_02_0031_div23"><head><hofClass key="hofCl_0281">Portraits.</hofClass></head>
<bibl id="hofm_1843_02_0031_01"><title><subject>Chopin (F.)</subject> Nach dem Medaillon von Bovy. Rad. v. F. Schauer in Berlin</title>. Fol. <pubPlace key="place_0392">Leipzig</pubPlace>, <publisher key="publ_0437">Br. u. Härtel</publisher>. 10 Ngr.</bibl>
<bibl id="hofm_1843_02_0031_02"><title><subject>Wagner (Rich.)</subject> gez. v. <artist>Kietz</artist>, lith</title>. 8. <pubPlace key="place_0392">Leipzig</pubPlace>, <publisher key="publ_4240">Voss</publisher>. 8 Ngr. n.</bibl>
</div></body></text></TEI.2>