<?xml version="1.0" encoding="utf-8"?>
<!DOCTYPE TEI.2
  SYSTEM "../../dtd/tei/cch_tei.dtd">
<TEI.2 id="hofm_1843_06">
<teiHeader type="text"><fileDesc><titleStmt><title>Juni 1843</title></titleStmt><publicationStmt><p/></publicationStmt><sourceDesc><p/></sourceDesc></fileDesc><profileDesc><langUsage><language id="ger">German</language><language id="fre">French</language><language id="ita">Italian</language></langUsage></profileDesc><revisionDesc><change><date>2007-09-20</date><respStmt><name>EP</name></respStmt><item>missing @id added</item></change><change><date>2007-08-29</date><respStmt><name>ER</name></respStmt><item>p. 94, Notice (not Notico)</item></change><change><date>2007-04-27</date><respStmt><name>RV</name></respStmt><item>p. 87, André entry - opus &amp; title tagging adjusted</item></change><change><date>2007-04-27</date><respStmt><name>RV</name></respStmt><item>Changed "biblGroup" elements in "listBibl"</item></change><change><date>2007-03-02</date><respStmt><name>EP</name></respStmt><item>Checked curly brackets</item></change><change><date>2007-02-26</date><respStmt><name>EP</name></respStmt><item>Encoded curly brackets</item></change><change><date>2006-12-19</date><respStmt><name>EP</name></respStmt><item>sic and unclear moved outside elements pubplaces, publisher, composer, hofclass, key, opus</item></change><change><date>2006-10-20</date><respStmt><name>Liz</name></respStmt><item>p. 92 Marxsen (not Marxen); p. 90 Methfessel (Alb.) - not Alb.</item></change><change><date>2006-02-22</date><respStmt><name>Liz</name></respStmt><item>tagging adjusted in 'Textbücher' category</item></change><change><date>2006-01-13</date><respStmt><name>Liz</name></respStmt><item>p. 88 M. Rieger’schen Buchhandlung tagged separately as publisher</item></change><change><date>2005-06-08</date><respStmt><name>Mekala</name></respStmt><item>Checking Screens and &lt;album&gt; revisions</item></change><change><date>2005-04-18</date><respStmt><name>Mekala</name></respStmt><item>Checking Screens, Revisions</item></change><change><date>2005-02-08</date><respStmt><name>Mekala</name></respStmt><item>Revisions following feedback Feb. 8, 2005</item></change><change><date>2005-01-31</date><respStmt><name>Mekala</name></respStmt><item>Revisions following feedback Jan. 13, 14, &amp; 24, 2005</item></change><change><date>2004-11-18</date><respStmt><name>Mekala</name></respStmt><item>Revised following Dec. 15, 2004 guidelines</item></change><change><date>2004-11-28</date><respStmt><name>Mekala</name></respStmt><item>First Coding</item></change></revisionDesc></teiHeader>
<text><body><head>Juni 1843.</head><pb n="82"/><div id="hofm_1843_06_0082_div01"><head><hofClass key="hofCl_0164">Musik für das Orchester.</hofClass></head>      
<bibl id="hofm_1843_06_0082_01"><composer key="compo_002348">Bennett (W. Sternd.)</composer> <title>Die Nejaden. Ouverture f. grosses Orchester. Op. <opus key="opus_0806">15</opus>, in <key>D</key>. <format>Partitur</format></title>. 8. <pubPlace key="place_0392">Leipzig</pubPlace>, <publisher key="publ_2017">Kistner</publisher> geh. 2 Thlr. </bibl>
<bibl id="hofm_1843_06_0082_02"><composer key="compo_011092">Gerstenberger (A.)</composer> <title>Erinnerung ari Carlsbad. Galopp. f. kleines Orchester. Op. <opus key="opus_2116">3</opus></title>. <pubPlace key="place_0110">Chemnitz</pubPlace>, <publisher key="publ_1807">Häcker</publisher>, Subscr.-Pr. 7½ Ngr. n.</bibl>
<bibl id="hofm_1843_06_0082_03"><composer key="compo_033797">Störr (F.)</composer> <title>5 Piècen f. 4 Clarin., Flöte, 2 Hörner, 2 Tromp., Fagott, Posaune, gr. u. kl. Trommel. 22ste Lief. d. Militair m. v. versch. Componisten</title>. Ebend. 15 Ngr. n.</bibl>
<bibl id="hofm_1843_06_0082_04"><composer key="compo_033569">Strauss (Joh.)</composer> <title>Walzer f. Orchester. No. 64, Minos-Klänge. Op. <opus key="opus_0754">145</opus></title>. <pubPlace key="place_0731">Wien</pubPlace>, <publisher key="publ_1506">Haslinger</publisher> 3 Fl. 30 Xr.</bibl></div><div id="hofm_1843_06_0082_div02"><head><hofClass key="hofCl_0245">
Musik für die Violine.</hofClass></head>
<bibl id="hofm_1843_06_0082_05"><composer key="compo_013697">Haydn (Jos.)</composer> <title>Partition de Quatuors p. 2 Viol., Alto et Vclle. No. 40, in <key>Es</key>. No. 41, in <key>B</key></title>. 8 <pubPlace key="place_0044">Berlin</pubPlace>, <publisher key="publ_4068">Trautwein u. Co</publisher>. geh. à 15 Ngr.</bibl>
<bibl id="hofm_1843_06_0082_06"><composer key="compo_023890">Mozart (W.A.)</composer> <title>Quartetten f. 2 Viol., Alt u. Vclle. In <format>Partitur</format>. <edition>Neue Ausgabe</edition> in einem Bande in 5 Lieferungen. 3te Lief. No. 5, in <key>A</key>. No. 6, in <key>C</key></title>. <pubPlace key="place_0440">Mannheim</pubPlace>, <publisher key="publ_1534">Heckel</publisher> Subcr.-Pr. 22½ Ngr. n.</bibl>
<bibl id="hofm_1843_06_0082_07"><composer key="compo_025363">Onslow (G.)</composer> <title>26ième Quartetto p. 2 Viol., Alto et Vclle. Op. <opus key="opus_3282">52</opus>, in <key>C</key>. <format>Partitur</format></title>. 8. <pubPlace key="place_0392">Leipzig</pubPlace>. <publisher key="publ_2017">Kistner</publisher> geh. 1 Thlr. </bibl>
<bibl id="hofm_1843_06_0082_08"><composer key="compo_027795">Reichel (Ad.)</composer> <title>Grand Quatuor p. 2 Violons, Alto et Violoncelle. Op. <opus key="opus_4300">8</opus>, in <key>C</key></title>. <pubPlace key="place_0392">Leipzig</pubPlace>, <publisher key="publ_1276">Goetz</publisher> 1 Thlr. 25 Ngr.</bibl>
<bibl id="hofm_1843_06_0082_09"><composer key="compo_033569">Strauss (Joh.)</composer> <title>Minos-Klänge. Walzer f. 3 Violinen u. Bass. Op. <opus key="opus_0754">145</opus></title>. <pubPlace key="place_0731">Wien</pubPlace>, <publisher key="publ_1506">Haslinger</publisher> 1 Fl.</bibl>
</div><div id="hofm_1843_06_0082_div03"><head><hofClass key="hofCl_0184">Musik für das Violoncelle.</hofClass></head>
<bibl id="hofm_1843_06_0082_10"><composer key="compo_004899">Beriot (Ch.de)</composer> <title>5me Air varié transcrit p. Violoncelle av. Acc. de Pfte. p. R.E. Bockmühl (in <key>E</key>.)</title> <pubPlace key="place_0438">Mainz</pubPlace>, <publisher key="publ_3563">Schott</publisher> 1 Fl. 48 Xr.</bibl>
<bibl id="hofm_1843_06_0082_11"><composer key="compo_010624">Ganz (M.)</composer> <title>Transcriptions p. Violoncelle av. Acc. de. Pfte. Op. <opus key="opus_2131">30</opus>. No. 4, Le petit Savoyard de Prume. No. 5, Adelaide de L.v. Beethoven. No. 6, Poëme d’Amour de Henselt</title>. <pubPlace key="place_0044">Berlin</pubPlace>, <publisher key="publ_3471">Schlesinger</publisher> à 17½ Ngr.</bibl>
</div><div id="hofm_1843_06_0082_div04"><head><hofClass key="hofCl_0200">Musik für die Flöte.</hofClass></head>
<bibl id="hofm_1843_06_0082_12"><composer key="compo_033569">Strauss (Joh.)</composer> <title>Lieblings-Walzer f. Flöte. No. 83, Minos-Klänge. Op. <opus key="opus_0754">145</opus></title>. <pubPlace key="place_0731">Wien</pubPlace>, <publisher key="publ_1506">Haslinger</publisher> 20 Xr.</bibl></div><div id="hofm_1843_06_0082_div05"><head><hofClass key="hofCl_0131">Musik für verschiedene Blasinstrumente.</hofClass></head>
<bibl id="hofm_1843_06_0082_13"><composer key="compo_004880">Bärmann (H.)</composer> <title>Andante et Variations p. Clarinette av. Acc. de Pfte. Op. <opus key="opus_2576">37</opus></title>. <pubPlace key="place_0662">Stuttgart</pubPlace>, <publisher key="publ_0049">allgemeine Musikhandlung</publisher> 1 Fl. 12 Xr.</bibl>
<bibl id="hofm_1843_06_0082_14"><composer key="compo_010252">Fuchs (H.)</composer> <title>Concertino p. Cor ordinaire ou Cor chromatique av. Acc. d’Orchestre. Op. <opus key="opus_3565">6</opus></title>. <pubPlace key="place_0438">Mainz</pubPlace>, <publisher key="publ_3563">Schott</publisher> 4 Fl. 12 Xr.</bibl>
<bibl id="hofm_1843_06_0082_15">– Idem av. Acc. de Quatuor. Ebend. 2 Fl. 24 Xr.</bibl>
<bibl id="hofm_1843_06_0082_16">– Idem av. Acc. de Pfte. Ebend. 1 Fl. 48 Xr.</bibl>
<bibl id="hofm_1843_06_0082_17"><composer key="compo_010388">Füchs (F.C.)</composer> <title>Concertino p. Cor chromatique av. Acc. de Pfte. Op. <opus key="opus_1068">17</opus></title>. <pubPlace key="place_0662">Stuttgart</pubPlace>, <publisher key="publ_0049">allgemeine Musikhandlung</publisher> 1 Fl. 21 Xr.</bibl>
<bibl id="hofm_1843_06_0082_18"><composer key="compo_024684">Neukirchner (W.W.)</composer> <title>Etuden und Capricen f. Fagott, als Nachtrag zu seiner Fagottschule. Op. <opus key="opus_3181">5</opus></title>. Ebend. 2 Fl. 42 Xr.</bibl>
<pb n="83"/>
<bibl id="hofm_1843_06_0083_01"><composer key="compo_033569">Strauss (Joh.)</composer> <title>Lieblings-Walzer f. Csakan. No. 83, Minos-Klänge, Op. <opus key="opus_0754">145</opus></title>. <pubPlace key="place_0731">Wien</pubPlace>, <publisher key="publ_1506">Haslinger</publisher> 30 Xr.</bibl>
</div><div id="hofm_1843_06_0083_div06"><head><hofClass key="hofCl_0205">Musik für die Guitarre.</hofClass></head>
<bibl id="hofm_1843_06_0083_02"><composer key="compo_011303">Giuliani (M.)</composer> <title>Flora d’Italia, ossia scelta Raccolta de Pezzi favoriti della Musa italiana. Op. <opus key="opus_0768">146</opus>. Cah. 1. <edition>Nova Edizione</edition></title>. <pubPlace key="place_0392">Leipzig</pubPlace>, <publisher key="publ_1746">Hofmeister</publisher> 12½ Ngr.</bibl>
<bibl id="hofm_1843_06_0083_03"><composer key="compo_033569">Strauss (Joh.)</composer> <title>Lieblings-walzer f. Guitarre. No. 64, Minos-Klänge. Op. <opus key="opus_0754">145</opus></title>. <pubPlace key="place_0731">Wien</pubPlace>, <publisher key="publ_1506">Haslinger</publisher> 30 Xr.</bibl>
</div><div id="hofm_1843_06_0083_div07"><head><hofClass key="hofCl_0167">Musik für das Pianoforte mit Begleitung.</hofClass></head>
<bibl id="hofm_1843_06_0083_04"><composer key="compo_017101">Kayser (H.E.)</composer> <title>Divertissements modernes sur des Thèmes favoris des meilleurs Operas p. Pfte et Violon. Op. <opus key="opus_2737">4</opus>. No. 2, La Sonnambule de Bellini. No. 5, Norma de Bellini</title>. <pubPlace key="place_0276">Hamburg</pubPlace>, <publisher key="publ_0640">Cranz</publisher> à 25 Ngr.</bibl>
<bibl id="hofm_1843_06_0083_05"><composer key="compo_018921">Krug (Gust.)</composer> <title>6 Lieder f. Pfte u. Violoncell. Op. <opus key="opus_1372">2</opus></title>. <pubPlace key="place_0044">Berlin</pubPlace>, <publisher key="publ_4068">Trautwein u. Co</publisher>. 1 Thlr.</bibl>
<bibl id="hofm_1843_06_0083_06"><composer key="compo_028886">Rosenhain (J.)</composer> <title>Second grand Trio p. Pfte, Violon et Violoncelle. Op. <opus key="opus_2347">33</opus>, in <key>Dm</key></title>. <pubPlace key="place_0438">Mainz</pubPlace>, <publisher key="publ_3563">Schott</publisher> 5 Fl. 24 Xr.</bibl>
<bibl id="hofm_1843_06_0083_07"><composer key="compo_033569">Strauss (Joh.)</composer> <title>Minos-Klänge. Walzer f. Violine u. Pfte. Op. <opus key="opus_0754">145</opus></title>. <pubPlace key="place_0731">Wien</pubPlace>, <publisher key="publ_1506">Haslinger</publisher> 45 Xr.</bibl>
<bibl id="hofm_1843_06_0083_08">– Idem f. Flöte u. Pfte. Op. <opus key="opus_0754">145</opus>. Ebend. 45 Xr.</bibl>
</div><div id="hofm_1843_06_0083_div08"><head><hofClass key="hofCl_0171">Musik für das Pianoforte zu vier Händen.</hofClass></head>
<bibl id="hofm_1843_06_0083_09"><composer key="compo_002826">Beyer (Ferd.)</composer> <title>2 Divertissements militaires sur des Motifs favoris de l’Opéra : La Fille du Regiment de Donizetti. Op. <opus key="opus_3936">69. No. 1, 2</opus></title>. <pubPlace key="place_0438">Mainz</pubPlace>, <publisher key="publ_3563">Schott</publisher> à 1 Fl.</bibl>
<bibl id="hofm_1843_06_0083_10"><composer key="compo_010502">Gade (N.W.)</composer> <title>Nordische Tonbilder. Fantasien. Op. <opus key="opus_2737">4</opus></title>. <pubPlace key="place_0360">Copenhagen</pubPlace>, <publisher key="publ_2487">Lose u. Olsen</publisher> 17½ Ngr.</bibl>
<bibl id="hofm_1843_06_0083_11"><composer key="compo_014051">Heller (St)</composer> <title>La Chasse. (Die Jagd) arr. p.F. Mockwitz. Op. <opus key="opus_2066">29</opus></title>. <pubPlace key="place_0044">Berlin</pubPlace>, <publisher key="publ_3471">Schlesinger</publisher> 20 Ngr.</bibl>
<bibl id="hofm_1843_06_0083_12"><composer key="compo_021137">Liszt (F.)</composer> <title>Fantaisie (Reminiscences) sur des Thèmes de l’Opéra : Robert le Diable de Meyerbeer, arr. p. G.M. Schmidt</title>. Ebend. 1 Thlr. 10 Ngr.</bibl>
<bibl id="hofm_1843_06_0083_13"><composer key="compo_022904">Mendelssohn-Bartholdy (F.)</composer> <title>Capriccio arr. p. F. Mockwitz. Op. <opus key="opus_3181">5</opus></title>. Ebend. 22½ Ngr.</bibl>
<album id="hofm_1843_06_0083_13_a"><title>Sammlung von Ouverturen beliebter Opern. No. 55, <composer key="compo_011400">Gluck</composer>, Iphigenia in Aulis. No. 56, <composer key="compo_022762">Mehul</composer>, Joseph. No. 57, <composer key="compo_014430">Herold</composer>, Die Täuschung. No. 58, <composer key="compo_005570">Cherubini</composer>, Medea</title>. <pubPlace key="place_0392">Leipzig</pubPlace>, <publisher key="publ_1107">Friedlein u. Hirsch</publisher> à 5 Ngr.</album>
<bibl id="hofm_1843_06_0083_15"><composer key="compo_033569">Strauss (Joh.)</composer> <title>Minos-Klänge. Walzer. Op. <opus key="opus_0754">145</opus></title>. <pubPlace key="place_0731">Wien</pubPlace>, <publisher key="publ_1506">Haslinger</publisher> 1 Fl. 15 Xr.</bibl>
<bibl id="hofm_1843_06_0083_16"><composer key="compo_037492">Wolff (Ed.)</composer> <title>Grand Duo sur des Motifs de la Reine de Chypre de F. Halevy. Op. <opus key="opus_3868">67</opus>, 5me Livr. de Duos</title>. <pubPlace key="place_0438">Mainz</pubPlace>, <publisher key="publ_3563">Schott</publisher> 2 Fl.</bibl>
<bibl id="hofm_1843_06_0083_17">– <title>Grand Duo sur la Reine de Chypre de Halevy. Op. <opus key="opus_4096">74</opus></title>. <pubPlace key="place_0044">Berlin</pubPlace>, <publisher key="publ_3471">Schlesinger</publisher> 1 Thlr.</bibl>
</div><div id="hofm_1843_06_0083_div09"><head><hofClass key="hofCl_0166">Musik für das Pianoforte allein.</hofClass></head><bibl id="hofm_1843_06_0083_18"><composer key="compo_001079">Auber (D.F.E.)</composer> <title>Auswahl beliebter Stücke aus der Oper: Le Duc d’Olonne</title>. <pubPlace key="place_0276">Hamburg</pubPlace>, <publisher key="publ_0640">Cranz</publisher> 20 Ngr.</bibl>
<bibl id="hofm_1843_06_0083_19"><composer key="compo_001225">Bach (J.S.)</composer> <title>Fuge, in <key>Am</key></title>. Anthologie classique. No. 5. <pubPlace key="place_0044">Berlin</pubPlace>, <publisher key="publ_3471">Schlesinger</publisher> 12½ Ngr.</bibl>
<pb n="84"/>
<bibl id="hofm_1843_06_0084_01"><composer key="compo_002473">Berger (Louis)</composer> <title>Oeuvres complets. Cah. 8, cont. Sontate. Op. <opus key="opus_1165">18</opus>. – Hut Pièces mignonnes. Op. <opus key="opus_2670">39</opus>. – Etrennes aux jeunes Elèves. Dix Bagatelles. Op. <opus key="opus_2764">40</opus>. – Prélude et 29ème Etude. Op. <opus key="opus_2804">41</opus></title>. <pubPlace key="place_0392">Leipzig</pubPlace>, <publisher key="publ_1746">Hofmeister</publisher> 1 Thlr. 20 Ngr. (Subscriptions-Pr. 1 Thlr. n.) <lb/>Hieraus einzeln abgedruckt:</bibl>
<bibl id="hofm_1843_06_0084_02">– <title>Huit Pièces mignonnes. Op. <opus key="opus_2670">39</opus></title>. Ebend. 15 Ngr.</bibl>
<bibl id="hofm_1843_06_0084_03">– <title>Etrennes aux jeunes Elèves. Dix Bagatelles. Op. <opus key="opus_2764">40</opus></title>. Ebend. 12½ Ngr.</bibl>
<bibl id="hofm_1843_06_0084_04">– <title>Prélude et 29ème Etude. Op. <opus key="opus_2804">41</opus></title>. Ebend. 10 Ngr.</bibl>
<wip id="hofm_1843_06_0084_05"><composer key="compo_002709">Bertini (H.)</composer> <title>48 Etudes doigtées. Introduction à celles de J.B. Cramer</title>. <title>Cah. 1. Op. <opus key="opus_2066">29</opus>. Liv. 1</title>, 17½ Ngr. <title>Liv. 2</title>, 15 Ngr. cpl. 1 Thlr. <pubPlace key="place_0044">Berlin</pubPlace>, <publisher key="publ_0951">Esslinger</publisher>.</wip>
<bibl id="hofm_1843_06_0084_06"><composer key="compo_003990">Brandenburg (Ferd.)</composer> <title>Opern-Klänge. Sammlung von Potpourri’s Divertissements etc., nach Themen a. d. neuesten u. beliebtesten Opern im eleganten Style. Lief. 2, Potpourri nach Themen aus der Tochter des Regiments</title>. <pubPlace key="place_0594">Rudolstadt</pubPlace>, <publisher key="publ_2779">Müller</publisher> 36 Xr.</bibl>
<bibl id="hofm_1843_06_0084_07"><composer key="compo_004745">Burkhardt (S.)</composer> <title>Récréations et Amusements sur des Thèmes favoris. Op. <opus key="opus_3204">50</opus>. Cah. 7. Fantaisie sur l’Air : Wer ist der Ritter, de l’Opéra : Der Templer und die Jüdin de Marschner</title>. <pubPlace key="place_0147">Dresden</pubPlace>, <publisher key="publ_1660">Heydt</publisher> 7½ Ngr.</bibl>
<bibl id="hofm_1843_06_0084_07_i"><composer key="compo_005246">Canthal (A.M.)</composer> <title>Potpourri (No. 19) d’après des Thèmes favoris de l’Opéra : Linda di Chamounix, de G. Donizetti</title>. <pubPlace key="place_0276">Hamburg</pubPlace>, <publisher key="publ_0540">Böhme</publisher> 20 Ngr.</bibl>
<bibl id="hofm_1843_06_0084_09"><composer key="compo_005672">Chwatal (F.X.)</composer> <title>Potpourri amusant et non difficile en Forme de Fantaisie de l’Opéra : Marie en la Fille du Regiment de G. Donizetti. Op. <opus key="opus_3739">63. No. 1</opus></title>. (Potpourris No. 32.) <pubPlace key="place_0044">Berlin</pubPlace>, <publisher key="publ_3471">Schlesinger</publisher> 12½ Ngr.</bibl>
<bibl id="hofm_1843_06_0084_10">– <title>Rosen und Vergissmeinnicht. Op. <opus key="opus_3799">65. No. 1</opus>, Das Bild der Rose v. Reichardt mit Variationen</title>. <pubPlace key="place_0044">Berlin</pubPlace>, <publisher key="publ_0589">Challier u. Co</publisher>. 10 Ngr.</bibl>
<bibl id="hofm_1843_06_0084_11"><composer key="compo_006106">Cramer (H.)</composer> <title>Poëme d’Amour. Op. <opus key="opus_1731">24</opus>, in <key>G</key></title>. <pubPlace key="place_0438">Mainz</pubPlace>, <publisher key="publ_3563">Schott</publisher> 45 Xr.</bibl>
<bibl id="hofm_1843_06_0084_12">– <title>Potpourri sur les Motifs favoris de l’Opéra : Czaar und Zimmermann</title>. Ebend. 54 Xr.</bibl>
<bibl id="hofm_1843_06_0084_13">– <title>Potpourri sur les Motifs favoris de l’Opéra : La Main de Fer</title>. Ebend. 54 Xr.</bibl>
<bibl id="hofm_1843_06_0084_14"><composer key="compo_006111">Cramer (J.B.)</composer> <title>Un Jour de Printemps (Ein Frühlingstag). Op. <opus key="opus_4722">98</opus></title>. <pubPlace key="place_0044">Berlin</pubPlace>, <publisher key="publ_3471">Schlesinger</publisher> 7½ Ngr.</bibl>
<bibl id="hofm_1843_06_0084_15"><composer key="compo_007639">Döhler (Th.)</composer> <title>50 Etudes de Salon. Op. <opus key="opus_2850">42</opus> Cah. 2. (No. 10-18). Cah. 3, (No. 19-25)</title>. <pubPlace key="place_0438">Mainz</pubPlace>, <publisher key="publ_3563">Schott</publisher> à 2 Fl.</bibl>
<bibl id="hofm_1843_06_0084_16"><composer key="compo_008564">Ernst (H.W.)</composer> <title>Elégie. Chant (p. Violon) transcrit p. C. Voss</title>. (Transcriptions No. 1.) <pubPlace key="place_0044">Berlin</pubPlace>, <publisher key="publ_0393">Bote u. Bock</publisher> 10 Ngr.</bibl>
<bibl id="hofm_1843_06_0084_17"><composer key="compo_011766">Gouvy (T.)</composer> <title>Deux Etudes. Op. <opus key="opus_0001">1</opus></title>. Ebend. 15 Ngr.</bibl>
<bibl id="hofm_1843_06_0084_18"><composer key="compo_013060">Halevy (F.)</composer> <title>La Reine de Chypre. Opéra en 5 Actes, arr</title>. <pubPlace key="place_0044">Berlin</pubPlace>, <publisher key="publ_3471">Schlesinger</publisher> geh. 4 Thlr. 22½ Ngr.</bibl>
<bibl id="hofm_1843_06_0084_19"><composer key="compo_015699">Händel (G.F.)</composer> <title>Variazioni ed Aria</title>. (Anthologie classique No. 8.) Ebend. 7½ Ngr.</bibl>
<bibl id="hofm_1843_06_0084_20"><composer key="compo_014370">Hermann (C.)</composer> <title>Rondeau caractéristique sur les Motifs de l’Opéra : Linda di Chamounix de Donizetti</title>. (Nouveautés du Jour. No. 26.) <pubPlace key="place_0731">Wien</pubPlace>, <publisher key="publ_0735">Diabelli et Co</publisher>. 1 Fl. 20 Xr.</bibl>
<bibl id="hofm_1843_06_0084_21"><composer key="compo_014550">Herz (H.)</composer> <title>Fantaisie et Variations brillantes sur l’Opéra de Donizetti : Parisina. Op. <opus key="opus_0612">133</opus></title>. <pubPlace key="place_0438">Mainz</pubPlace>, <publisher key="publ_3563">Schott</publisher> 1 Fl. 48 Xr.</bibl>
<bibl id="hofm_1843_06_0084_22">– <title>Polonaise favorite de l’Opéra : Linda di Chamounix</title>. Ebend. 1 Fl. 12 Xr.</bibl>
<pb n="85"/>
<bibl id="hofm_1843_06_0085_01"><composer key="compo_015944">Hünten (Fr.)</composer> <title>Variations sur le Thème favori de l’Opéra : Moise de Rossini. Op. <opus key="opus_1802">25</opus>, arr. p. C. Klage</title>. <pubPlace key="place_0044">Berlin</pubPlace>, <publisher key="publ_3471">Schlesinger</publisher> 12½ Ngr.</bibl>
<bibl id="hofm_1843_06_0085_02"><composer key="compo_016826">Kalkbrenner (F.)</composer> <title>Sonate. Op. <opus key="opus_0002">1. No. 1</opus>, in <key>Fm</key></title>. <pubPlace key="place_0044">Berlin</pubPlace>, <publisher key="publ_0589">Challier u. Co</publisher>. 20 Ngr.</bibl>
<bibl id="hofm_1843_06_0085_03">– <title>Grande Fantaisie de Bravoure sur le Duo des Cartes de l’Opéra : Charles VI. de F. Halevy. Op. <opus key="opus_1029">165</opus>, in <key>Cm</key></title>. <pubPlace key="place_0392">Leipzig</pubPlace>, <publisher key="publ_0437">Br. et Härtel</publisher> 1 Thlr.</bibl>
<bibl id="hofm_1843_06_0085_04"><composer key="compo_019119">Kullak (Th.)</composer> <title>Grande Valse brillante. Op. <opus key="opus_2116">3</opus></title>. <pubPlace key="place_0044">Berlin</pubPlace>, <publisher key="publ_3471">Schlesinger</publisher> 15 Ngr.</bibl>
<bibl id="hofm_1843_06_0085_05">– <title>Grande Fantaisie sur des Thèmes de l’Opéra : Maire, la Fille du Regiment de Donizetti. Op. <opus key="opus_0531">13</opus></title>. Ebend. 25 Ngr.</bibl>
<bibl id="hofm_1843_06_0085_06">– <title>2me grande Fantaisie sur des Motifs de l’Opéra : La Fille du Regiment de Donizetti. Op. <opus key="opus_0927">16</opus>, in <key>F</key></title>. <pubPlace key="place_0044">Berlin</pubPlace>, <publisher key="publ_0393">Bote et Bock</publisher> 1 Thlr.</bibl>
<bibl id="hofm_1843_06_0085_07"><composer key="compo_020257">Le Carpentier (Ad.)</composer> <title>3 Rondinos sur les Chansonettes de Mlle L. Puget. No. 1, La Poste de Village. No. 2, Fleur des Montagnes. No. 3, Les Amoureux de Bretagne. Op. <opus key="opus_3071">47</opus></title>. <pubPlace key="place_0438">Mainz</pubPlace>, <publisher key="publ_3563">Schott</publisher> à 45 Xr.</bibl>
<bibl id="hofm_1843_06_0085_08"><composer key="compo_020503">Lemoine (H.)</composer> <title>2 Airs de Ballet du Diable amoureux, Musique de Benoist et Reber. Op. <opus key="opus_2768">40. No. 1. 2</opus></title>. Ebend. à 54 Xr.</bibl>
<bibl id="hofm_1843_06_0085_09">– <title>Petites Recréations musicales. Choix de 98 Morceaux arr. et doigt. expressment pour les petites Mains. En 8 Livr. Liv. 7. 8</title>. Ebend. à 1 Fl. 12 Xr.</bibl>
<bibl id="hofm_1843_06_0085_10"><composer key="compo_022612">Mayer (Ch.)</composer> <title>Souvenir de Constantinople. Variations brillantes sur une Marche favorite du Sultan Mahoumed de Donizetti. Op. <opus key="opus_3071">47</opus>, in <key>C</key></title>. <pubPlace key="place_0392">Leipzig</pubPlace>, <publisher key="publ_1746">Hofmeister</publisher> 20 Ngr.</bibl>
<bibl id="hofm_1843_06_0085_11">– <title>Grand Concerto. Op. <opus key="opus_3988">70</opus>, in <key>D</key></title>. (Déd à Mr. F. Liszt). <pubPlace key="place_0044">Berlin</pubPlace>, <publisher key="publ_2971">Paez</publisher> 2 Thlr.</bibl>
<bibl id="hofm_1843_06_0085_12"><composer key="compo_022904">Mendelssohn-Bartholdy (F.)</composer> <title>Scherzo (in <key lang="ger">Hm</key>.)</title> <pubPlace key="place_0044">Berlin</pubPlace>, <publisher key="publ_3471">Schlesinger</publisher> 10 Ngr.</bibl>
<bibl id="hofm_1843_06_0085_13"><composer key="compo_023890">Mozart (W.A.)</composer> <title>Collection de Sonates. No. 1, in <key>F</key></title>. <pubPlace key="place_0044">Berlin</pubPlace>, <publisher key="publ_0589">Challier u. Co</publisher>. 17½ Ngr.</bibl>
<bibl id="hofm_1843_06_0085_14">– <title>Fantaisie, in <key>C</key></title>. (Anthologie classique No. 14) <pubPlace key="place_0044">Berlin</pubPlace>, <publisher key="publ_3471">Schlesinger</publisher> 12½ Ngr.</bibl>
<bibl id="hofm_1843_06_0085_15"><composer key="compo_025061">Nowakowski (W.)</composer> <title>Sammlung russischer National-Lieder und Romanzen in Form v. Potpourris. No. 2</title>. <pubPlace key="place_0044">Berlin</pubPlace>, <publisher key="publ_2971">Paez</publisher> 20 Ngr.</bibl>
<bibl id="hofm_1843_06_0085_16"><composer key="compo_025440">Osborne (G.A.)</composer> <title>Grande Fantaisie sur les plus jolis Thèmes de Bellini. Op. <opus key="opus_3105">48</opus></title>. <pubPlace key="place_0438">Mainz</pubPlace>, <publisher key="publ_3563">Schott</publisher> 1 Fl. 48 Xr.</bibl>
<bibl id="hofm_1843_06_0085_17"><composer key="compo_026438">Piepenburg (E.)</composer> <title>Introduction und Rondino. Op. <opus key="opus_1372">2</opus>, in <key>F</key></title>. <pubPlace key="place_0044">Berlin</pubPlace>, <publisher key="publ_0589">Challier u. Co</publisher>. 10 Ngr.</bibl>
<bibl id="hofm_1843_06_0085_18"><title>Potpourri d’après des Thèmes de l’Opéra : Le Duc d’Olonne. Musique de D.F.E. Auber</title>. <pubPlace key="place_0276">Hamburg</pubPlace>, <publisher key="publ_0640">Cranz</publisher> 17½ Ngr.</bibl>
<bibl id="hofm_1843_06_0085_19"><composer key="compo_028886">Rosenhain (J.)</composer> <title>Variations brillantes sur un Motif de l’Opéra : Belisario de Donizetti. Op. <opus key="opus_2066">29</opus>, in <key>G</key></title>. <pubPlace key="place_0392">Leipzig</pubPlace>, <publisher key="publ_1746">Hofmeister</publisher> 25 Ngr. </bibl><bibl id="hofm_1843_06_0085_20">– <title>Esquisses de l’Opéra italien. 3 Impromptus. No. 4. Il Bravo de Mercadante. No. 5, Betly de Donizetti. No. 6. Beatrice de Bellini</title>. <pubPlace key="place_0438">Mainz</pubPlace>, <publisher key="publ_3563">Schott</publisher> à 1 Fl. 12 Xr.</bibl>
<bibl id="hofm_1843_06_0085_21"><title>Repertoire de l’Opéra à Berlin. Collection de Potpourris. No. 10 Donizetti, La Fille du Régiment</title>. <pubPlace key="place_0044">Berlin</pubPlace>, <publisher key="publ_0589">Challier u. Co</publisher>. 15 Ngr.</bibl>
<bibl id="hofm_1843_06_0085_22"><composer key="compo_028854">Rosellen (H.)</composer> <title>La Milanaise. Fantaisie brillante sur les plus jolis Motifs d’un Opéra favori de Donizetti. Op. <opus key="opus_3244">51</opus></title>. <pubPlace key="place_0438">Mainz</pubPlace>, <publisher key="publ_3563">Schott</publisher> 1 Fl. 30 Xr.</bibl>
<bibl id="hofm_1843_06_0085_23"><composer key="compo_029251">Russo (M.A.)</composer> <title>La Napolitana</title>. <pubPlace key="place_0044">Berlin</pubPlace>, <publisher key="publ_0589">Challier et. Co</publisher>. 10 Ngr.</bibl>
<pb n="86"/>
<bibl id="hofm_1843_06_0086_01"><composer key="compo_030656">Schmitt (J.)</composer> <title>Bluettes musicales d’Italie. Compositions amusantes tirées des Opéras modernes de G. Donizetti. Liv. 26, Amusement de l’Opéra : Fausta. Liv. 27. 28, Mosaïque de l’Opéra : Lucrezia Borgia. Liv. 29. 30, Mosaïque de l’Opéra : Les Martyrs</title>. <pubPlace key="place_0276">Hamburg</pubPlace>, <publisher key="publ_0540">Böhme</publisher> à 10 Ngr.</bibl>
<bibl id="hofm_1843_06_0086_02"><composer key="compo_034168">Taubert (W.)</composer> <title>Rondino giojoso. Op. <opus key="opus_3416">56</opus>, in <key>D</key></title>. <pubPlace key="place_0438">Mainz</pubPlace>, <publisher key="publ_3563">Schott</publisher> 54 Xr.</bibl>
<bibl id="hofm_1843_06_0086_03"><title>Unterhaltungen (angenehme u. leichte). 5ter Jahrg. 3tes Heft</title>. <pubPlace key="place_0110">Chemnitz</pubPlace>, <publisher key="publ_1807">Häcker</publisher> 10 Ngr. n.</bibl>
<bibl id="hofm_1843_06_0086_04"><composer key="compo_035726">Vollweiler (C.)</composer> <title>Marche héroïque. Morceau de Bravoure</title>. <pubPlace key="place_0276">Hamburg</pubPlace>, <publisher key="publ_3605">Schuberth et Co</publisher>. 20 Ngr.</bibl>
<bibl id="hofm_1843_06_0086_05"><composer key="compo_036261">Weber (Fr. Ant.)</composer> <title>Morceau de Salon. Valse champêtre de J.W. Kalliwoda variée. Op. <opus key="opus_0684">14</opus>, in <key>As</key></title>. <pubPlace key="place_0392">Leipzig</pubPlace>, <publisher key="publ_1746">Hofmeister</publisher> 17½ Ngr.</bibl>
<bibl id="hofm_1843_06_0086_06"><composer key="compo_037492">Wolff (Ed.)</composer> L<title>a Favorite. Grande Valse brillante. Op. <opus key="opus_3738">63</opus>, in <key>F</key></title>. <pubPlace key="place_0438">Mainz</pubPlace>, <publisher key="publ_3563">Schott</publisher> 1 Fl. 21 Xr.</bibl>
<bibl id="hofm_1843_06_0086_07">– <title>2me grande Fantaisie sur l’Opéra : La Favorita de Donizetti. Op. <opus key="opus_4070">73</opus></title>. <pubPlace key="place_0044">Berlin</pubPlace>, <publisher key="publ_3471">Schlesinger</publisher> 25 Ngr.</bibl>
<bibl id="hofm_1843_06_0086_08"><composer key="compo_038235">Zogbaum (Gust.)</composer> <title>Der Blumenpfad des jungen Pianisten. Erster Lehrmeister beim Klavier-Unterricht in einem methodischen Gange durch die beliebtesten Kirchen-, Opern-, Volk- und Tanz-Melodien. Op. <opus key="opus_1802">25</opus>. 2te Stufe, 2tes Heft</title>. <pubPlace key="place_0044">Berlin</pubPlace>, <publisher key="publ_0589">Challier u. Co</publisher>. 20 Ngr.</bibl></div><div id="hofm_1843_06_0086_div10"><head><hofClass key="hofCl_0273">Ouverturen für das Pianoforte.</hofClass></head>

<bibl id="hofm_1843_06_0086_09"><composer key="compo_001079">Auber (D.F.E.)</composer> <title>Ouverture de l’Opéra : La Part du Diable</title>. <pubPlace key="place_0438">Mainz</pubPlace>, <publisher key="publ_3563">Schott</publisher> 45 Xr.</bibl>
<bibl id="hofm_1843_06_0086_10"><composer key="compo_007196">Donizetti</composer>, <title>Ouverture de l’Opéra : La Fille du Regiment, arr. av. Acc. de Violon</title>. <pubPlace key="place_0438">Mainz</pubPlace>, <publisher key="publ_3563">Schott</publisher> 1 Fl.</bibl>
<album id="hofm_1843_06_0086_11"><title>Sammlung von Ouverturen beliebter Opern. No. 55, <composer key="compo_011400">Gluck</composer>, Iphigenia in Aulis. No. 56, <composer key="compo_022762">Mehul</composer>, Joseph. No. 57, <composer key="compo_014430">Herold</composer>, die Täuschung. No. 58, <composer key="compo_005570">Cherubini</composer>, Medea</title>. <pubPlace key="place_0392">Leipzig</pubPlace>, <publisher key="publ_1107">Friedlein u. Hirsch</publisher> à 2½ Ngr.</album>
</div><div id="hofm_1843_06_0086_div11"><head><hofClass key="hofCl_0288">Tänze für das Pianoforte.</hofClass></head>
<bibl id="hofm_1843_06_0086_12"><composer key="compo_001099">Audran (J.)</composer> <title>Nanetten-Polka</title>. <pubPlace key="place_0245">Grätz</pubPlace>, <publisher key="publ_1317">Greiner</publisher> 15 Xr.</bibl>
<bibl id="hofm_1843_06_0086_13"><composer key="compo_005061">Böttger (G.)</composer> <title>Marien-Walzer</title>. <pubPlace key="place_0280">Hannover</pubPlace>, <publisher key="publ_2808">Nagel</publisher> 15 Ngr.</bibl>
<bibl id="hofm_1843_06_0086_14"><composer key="compo_004706">Burgmüller (F.)</composer> <title>Valse sur les Motifs favoris de Lucrezia Borgia de Donizetti</title>. <pubPlace key="place_0438">Mainz</pubPlace>, <publisher key="publ_3563">Schott</publisher> 18 Xr.</bibl>
<bibl id="hofm_1843_06_0086_15"><composer key="compo_005672">Chwatal (F.X.)</composer> <title>Schneeflocken. Op. <opus key="opus_3601">60. No. 3</opus>, Polonaise über Favoritthemas aus der Oper: Les Diamans de la Couronne von Auber</title>. (Bouquet de Bal No. 15.) <pubPlace key="place_0436">Magdeburg</pubPlace>, <publisher key="publ_1560">Heinrichshofen</publisher> 5 Ngr.</bibl>
<bibl id="hofm_1843_06_0086_16"><composer key="compo_010755">Gautsch (A.v.)</composer> <title>Fanny-Galopp, a. d. Op.: Lucia di Lammermoor, v. G. Donizetti</title>. (Bouquet de Bal No. 13.) Ebend. 5 Ngr.</bibl>
	<bibl id="hofm_1843_06_0086_17"><composer key="compo_011659">Gomez (O.)</composer> <title>El Jaleo de Xeres, dansé par Deimoiselle Fanny Elssler</title>. <pubPlace key="place_0044">Berlin</pubPlace>, <publisher key="publ_0951">Esslinger</publisher> 5 Ngr.</bibl>
<bibl id="hofm_1843_06_0086_18"><composer key="compo_012523">Gung’l (J.)</composer> <title>Ton-Märchen. Walzer. Op. <opus key="opus_1068">17</opus></title>. <pubPlace key="place_0044">Berlin</pubPlace>, <publisher key="publ_0393">Bote u. Bock</publisher> 15 Ngr.</bibl>
<bibl id="hofm_1843_06_0086_19"><composer key="compo_013525">Hattendorf (F.)</composer> <title>Beliebte Tänze. No. 2, Mariens-Einzug-Galopp</title>. <pubPlace key="place_0280">Hannover</pubPlace>, <publisher key="publ_2808">Nagel</publisher> 5 Ngr.</bibl>
<bibl id="hofm_1843_06_0086_20"><composer key="compo_016646">Jaeger (Fr.)</composer> <title>Die Tyroler. Ländler. Op. <opus key="opus_0392">12</opus></title>. <pubPlace key="place_0662">Stuttgart</pubPlace>, <publisher key="publ_0049">allgemeine Musikhandlung</publisher> 36 Xr.</bibl>
<bibl id="hofm_1843_06_0086_21">– <title>Milanollo-Galopp. Als Erinnerung an die Geschwister Theresa und Maria Milanollo. Op. <opus key="opus_0531">13</opus></title>. (m. Vign.) Ebend. 18 Xr.</bibl>
<pb n="87"/>
<bibl id="hofm_1843_06_0087_01"><composer key="compo_016373">Jentzen (A.)</composer> <title>Galopp aus der Oper: Les Diamans de la Couronne v. Auber. Op. <opus key="opus_3181">5</opus></title>. (Hamburger neue Favorittänze No. 171.) <pubPlace key="place_0276">Hamburg</pubPlace>, <publisher key="publ_0540">Böhme</publisher> 5 Ngr.</bibl>
<bibl id="hofm_1843_06_0087_02"><composer key="compo_018826">Krizen (E.W.J.)</composer> <title>Gräfenberger Polka</title>. Ebend. 5 Ngr.</bibl>
<bibl id="hofm_1843_06_0087_03"><composer key="compo_019583">Kümpel (B.)</composer> <title>Erinnerung an die Freudentage auf dem Seeberge bei Salzungen. Schott. Walzer</title>. <pubPlace key="place_0603">Salzungen</pubPlace>, <publisher key="publ_4206">Vocke</publisher> 7½ Ngr. n.</bibl>
<bibl id="hofm_1843_06_0087_04"><composer key="compo_021801">M. (H.)</composer> <title>Henrietten-Walzer. Op. <opus key="opus_0531">13</opus></title>. <pubPlace key="place_0475">München</pubPlace>, <publisher key="publ_0996">Falter</publisher> 54 Xr.</bibl>
<bibl id="hofm_1843_06_0087_05"><composer key="compo_022050">Maltzahn (W.)</composer> <title>Erinnerung an Warnemünde. Walzer. Op. <opus key="opus_3181">5</opus></title>. <pubPlace key="place_0044">Berlin</pubPlace>, <publisher key="publ_0589">Challier u. Co</publisher>. 10 Ngr.</bibl>
<bibl id="hofm_1843_06_0087_06"><composer key="compo_022499">Matthaey (E.)</composer> <title>Liebesträume. 2 Walzer</title>. <pubPlace key="place_0147">Dresden</pubPlace>, <publisher key="publ_2087">Koblitz</publisher> 5 Ngr.</bibl>
<bibl id="hofm_1843_06_0087_07"><composer key="compo_026314">P. (K.B.v.)</composer> <title>Erinnerung an Schönach. Walzer. Op. <opus key="opus_2737">4</opus></title>. <pubPlace key="place_0475">München</pubPlace>, <publisher key="publ_0996">Falter</publisher> 54 Xr.</bibl>
<bibl id="hofm_1843_06_0087_08">– <title>Gebirgsklänge. Ländler. Op. <opus key="opus_3181">5</opus></title>. Ebend. 36 Xr.</bibl>
<bibl id="hofm_1843_06_0087_09"><composer key="compo_026645">Plessen (F.L.v.)</composer> <title>Nordlands-Lust. Walzer. Op. <opus key="opus_2804">41</opus></title>, <pubPlace key="place_0147">Dresden</pubPlace>, <publisher key="publ_2661">Meser</publisher> 15 Ngr.</bibl>
<bibl id="hofm_1843_06_0087_10">– <title>Traumbilder. Walzer. Op. <opus key="opus_2915">43</opus></title>. Ebend. 15 Ngr.</bibl>
<bibl id="hofm_1843_06_0087_11">– <title>Die Humoristen. Walzer. Op. <opus key="opus_2948">44</opus></title>. Ebend. 22½ Ngr.</bibl>
<bibl id="hofm_1843_06_0087_12">– <title>Erinnerung schöner Stunden. Walzer. Op. <opus key="opus_2996">45</opus></title>. Ebend. 12½ Ngr.</bibl>
<bibl id="hofm_1843_06_0087_13">– <title>Vier Mazurs. Op. <opus key="opus_3029">46</opus></title>. Ebend. 4 Ngr.</bibl>
<bibl id="hofm_1843_06_0087_14">– <title>Erinnerung an die Heimath. Walzer. Op. <opus key="opus_3071">47</opus></title>. Ebend. 12½ Ngr.</bibl>
<bibl id="hofm_1843_06_0087_15">– <title>Marien-Walzer. Op. <opus key="opus_3105">48</opus></title>. Ebend. 12½ Ngr.</bibl>
<bibl id="hofm_1843_06_0087_16">– <title>Jagd-Polka. Op. <opus key="opus_3140">49</opus></title>. Ebend. 3 Ngr.</bibl>
<bibl id="hofm_1843_06_0087_17">– <title>Erinnerung an die erste Liebe. Walzer. Op. <opus key="opus_3204">50</opus></title>. Ebend. 12½ Ngr.</bibl>
<bibl id="hofm_1843_06_0087_18">– <title>Jugendlust. Walzer. Op. <opus key="opus_3282">52</opus></title>. Ebend. 12½ Ngr.</bibl>
<bibl id="hofm_1843_06_0087_19">– <title>Die Frühlingsboten. Walzer. Op. <opus key="opus_3316">53</opus></title>. Ebend. 12½ Ngr.</bibl>
<bibl id="hofm_1843_06_0087_20"><composer key="compo_028854">Rosellen (H.)</composer> <title>L’Aérienne. Valse Op. <opus key="opus_3034">46, No. 2</opus></title>. <pubPlace key="place_0044">Berlin</pubPlace>, <publisher key="publ_3471">Schlesinger</publisher> 10 Ngr.</bibl>
<bibl id="hofm_1843_06_0087_21"><composer key="compo_029888">Schacht (M.)</composer> <title>Polonaise (in <key>A</key>.)</title> <pubPlace key="place_0078">Braunschweig</pubPlace>, <publisher key="publ_4321">Weinholtz</publisher> 5 Ngr.</bibl>
<bibl id="hofm_1843_06_0087_22"><composer key="compo_030816">Schnepfleitner (C.)</composer> <title>Sehnsucht in die Ferne. Walzer</title>. <pubPlace key="place_0245">Grätz</pubPlace>, <publisher key="publ_1317">Greiner</publisher> 45 Xr.</bibl>
<bibl id="hofm_1843_06_0087_23"><composer key="compo_033015">Staude (E.)</composer> <title>Fest-Polonaise</title>. <pubPlace key="place_0280">Hannover</pubPlace>, <publisher key="publ_2808">Nagel</publisher> 5 Ngr.</bibl>
<bibl id="hofm_1843_06_0087_24"><composer key="compo_033569">Strauss (Joh.)</composer> <title>Minos-Klänge. Walzer. Op. <opus key="opus_0754">145</opus></title>. <pubPlace key="place_0731">Wien</pubPlace>, <publisher key="publ_1506">Haslinger</publisher> 45 Xr.</bibl>
<bibl id="hofm_1843_06_0087_25">– Idem im leichtesten Style. (Die junge Tänzerin. 38tes Heft.) Ebend. 30 Xr.</bibl>
<bibl id="hofm_1843_06_0087_26"><composer key="compo_034838">Trioll (P.)</composer> <title>Der deutsche Michel</title> (Neueste Berliner Lieblings-Galoppen No. 9.) <pubPlace key="place_0044">Berlin</pubPlace>, <publisher key="publ_0393">Bote u. Bock</publisher> 7½ Ngr.</bibl>
<bibl id="hofm_1843_06_0087_27"><composer key="compo_036036">Wallerstein (A.)</composer> <title>Scheideklänge. Drei Polonaisen. (Trennungs-, Sehnsuchts-und Liebes-Polonaise.)</title> <pubPlace key="place_0078">Braunschweig</pubPlace>, <publisher key="publ_4321">Weinholtz</publisher> 10 Ngr. Einzeln à 5 Ngr.</bibl>
</div><div id="hofm_1843_06_0087_div12"><head><hofClass key="hofCl_0250">Märsche für das Pianoforte.</hofClass></head>
<bibl id="hofm_1843_06_0087_28"><composer key="compo_010039">Friedrich (B.G.)</composer> <title>Erinnerungen an die Truppenübungen des 7ten und 8ten Armeecorps in Herbste 1842. Geschwindmarsch und Schottisch</title>. (Bouquet de Bal No. 14) <pubPlace key="place_0436">Magdeburg</pubPlace>, <publisher key="publ_1560">Heinrichshofen</publisher> 5 Ngr.</bibl>
<bibl id="hofm_1843_06_0087_29"><composer key="compo_011076">Gerold (J.)</composer> <title>Hermanns-Marsch zum Besten des Hermann’s Denkmal’s <edition>2te Aufl</edition></title>. <pubPlace key="place_0280">Hannover</pubPlace> (<pubPlace key="place_0392">Leipzig</pubPlace>, <publisher key="publ_1746">Hofmeister</publisher>) 7½ Ngr.</bibl>
<bibl id="hofm_1843_06_0087_30"><composer key="compo_019182">Kunze (G.)</composer> <title>Festmarsch bei der vierten Säcularfeier der Schützengesellschaft in Leipzig</title>. <pubPlace key="place_0392">Leipzig</pubPlace>, <publisher key="publ_1118">Friese</publisher> 5 Ngr.</bibl>
<bibl id="hofm_1843_06_0087_31"><composer key="compo_026645">Plessen (F.L.v.)</composer> <title>Parade-Marsch. Op. <opus key="opus_3244">51</opus></title>. <pubPlace key="place_0147">Dresden</pubPlace>, <publisher key="publ_2661">Meser</publisher> 5 Ngr.</bibl>
</div><div id="hofm_1843_06_0087_div13"><head><hofClass key="hofCl_0225">Musik für die Orgel.</hofClass></head>
<bibl id="hofm_1843_06_0087_32"><composer key="compo_000666">André (Jul.)</composer> <title>9 Orgelstücke verschiedenen Characters zum Gebrauch beim öffentlichem Gottesdienste. Op. <opus key="opus_1661">23</opus></title>. No. 7 der Orgelsachen. <pubPlace key="place_0044">Berlin</pubPlace>, <publisher key="publ_4068">Trautwein u. Co</publisher>. 15 Ngr.</bibl>
<pb n="88"/>
<bibl id="hofm_1843_06_0088_01"><composer key="compo_004081">Brauer</composer>, <title>Vorspiele zu Hentschel’s evangel. Choralbuche</title>. <pubPlace key="place_0723">Weissenfels</pubPlace>, <publisher key="publ_2673">Meusel</publisher>. Subcr.-Pr. (bis Michaelis 1843) 25 Ngr. n.</bibl>
<bibl id="hofm_1843_06_0088_02"><composer key="compo_019470">Körner (W.)</composer> <title>Der Orgelfreund. Vor- und Nachspiele, fugirte Choräle, Trios, Fughetten, Fugen, Fantasien u. s. w. 2ter Band 5tes und 6tes Heft</title>. <pubPlace key="place_0181">Erfurt</pubPlace>, <publisher key="publ_2240">Körner</publisher> à 15 Ngr.</bibl>
<bibl id="hofm_1843_06_0088_03">– Idem 3ter Band 1stes Heft. Ebend. 15 Ngr. (Subscr.-Pr. f. den Band in 6 Heften 1 Thlr. n.)</bibl>
<bibl id="hofm_1843_06_0088_04"><composer key="compo_036846">Weyse (C.E.F.)</composer> <title>32 lette Orgelpraeludier til Brug ved Gudsjenosten</title>. <pubPlace key="place_0360">Copenhagen</pubPlace>, <publisher key="publ_2487">Lose u. Olsen</publisher> 15 Ngr.</bibl></div><div id="hofm_1843_06_0088_div14"><head><hofClass key="hofCl_0068">Kirchenmusik.</hofClass></head>
<wip id="hofm_1843_06_0088_05"><composer key="compo_001234">Bach (J. Seb.)</composer> <title>Kirchengesänge f. Solo- u. Chorstimmen mit Instrumental-Begleitung. <format>Partitur</format> mit unterlegter Pianoforte-Begleitung v. J.P. Schmidt</title>. <title>No. 1, Dominica septuagesimae (Nimm was dein ist und gehe hin)</title> 1 Thlr. <title>No. 2, Dominica palmarum (Himmelskönig sei willkommen)</title> 1 Thlr. 25 Ngr. <pubPlace key="place_0044">Berlin</pubPlace>, <publisher key="publ_4068">Trautwein u. Co</publisher>.</wip>
<bibl id="hofm_1843_06_0088_06">– <title>Ausgesetzte Chorstimmen zu No. 1. 2. (Klassische Werke älterer und neuerer Kirchenmusik in ausges. Chorstimmen. 29ste Lief.)</title> Ebend. Subscr.-Pr. 17½ Ngr. n.</bibl>
<bibl id="hofm_1843_06_0088_07"><title>Bühler’s Werke. 4te Lief. 6 Missae. Op. <opus key="opus_0021">10</opus>, No. 4 u. 5., f. 4 <format>Singstimmen</format>, Orchester u. Orgel. <edition>3te Aufl</edition></title>. <pubPlace key="place_0026">Augsburg</pubPlace>, <publisher key="publ_2489">Lotter u. Sohn</publisher> (In Commission der <publisher key="publ_3258">M. Rieger’schen Buchhandlung</publisher>) 2 Thlr. 5 Ngr.</bibl>
<bibl id="hofm_1843_06_0088_08"><title>Melodienbuch (vollständiges) für Volksschulen, enth. alle Melodien, welche im Dresdner u. a. Gesangbüchern vorkommen, nach Hiller, sowie Melodien zu bekannten Volks- u. Kinderliedern, Canons, Responsorien etc</title>. <pubPlace key="place_0014">Annaberg</pubPlace>, <publisher key="publ_3329">Rudolph u. Dieterici</publisher> 2½ Ngr. n.</bibl>
<bibl id="hofm_1843_06_0088_09"><composer key="compo_032112">Seydler (L.C.)</composer> <title>Pastoral Messe in C, f. 4 Singst. 2 Viol. 2 Clarin. u. Orgel obl. (Alt, Flöte, 2 Tromp., Pauken, 3 Posaunen ad lib.)</title> <pubPlace key="place_0245">Grätz</pubPlace>, <publisher key="publ_1317">Greiner</publisher> 6 Fl. n.</bibl>
<bibl id="hofm_1843_06_0088_10"><composer key="compo_035034">Töpfer (J.G.)</composer> <title>Allgemeines und vollständiges Choralbuch, zunächst zu dem Dresdner, Weimarischen u. Erfurter Gesangbuche. Die Melodien nach Hiller, Rempt u. M.G. Fischer gesetzt und mit vierstimmiger Harmonie nebst kurzen doppelten Zwischenspielen versehen. Lief. 1</title>. <pubPlace key="place_0181">Erfurt</pubPlace>, <publisher key="publ_2240">Körner</publisher> 7½ Ngr. n. </bibl>
</div><div id="hofm_1843_06_0088_div15"><head><hofClass key="hofCl_0021">Gesangstücke für Concertmusik mit Begleitung mehrerer Instrumente.</hofClass></head>
<bibl id="hofm_1843_06_0088_11"><composer key="compo_018916">Krug (F.)</composer> <title>Zwei Duetten f. Sopran u. Tenor, mit Pfte., Violine u. Violoncell. Op. <opus key="opus_1068">17</opus>. No. 1, Der Schiffer und sein Liebchen, v. L. Bechstein. No. 2, Wiedersehn, v. A.v. Chamisso</title>. <pubPlace key="place_0339">Carlsruhe</pubPlace>, <publisher key="publ_0649">Creuzbauer</publisher> à 1 Thlr. 2½ Ngr.</bibl>
<bibl id="hofm_1843_06_0088_12"><composer key="compo_020420">Leibl (C.)</composer> <title>Fest-Cantate aufgeführt bei der Feier der Grundsteinlegung f. d. Fortbau des Cölner Domes f. Männerstimmen m. Begl. von Blasinstrumenten. <format>Partitur</format> nebst unterlegter Klavierbegleitung</title>. <pubPlace key="place_0371">Cöln</pubPlace>, <publisher key="publ_0864">Eck u. Co</publisher>. 1 Thlr. 20 Ngr.</bibl>
<bibl id="hofm_1843_06_0088_13"><composer key="compo_024958">Nohr (Fr.)</composer> <title>Nähe des Geliebten von Göthe f. Sopran m. Pfte. u. Waldhorn ad lib. (Ich denke dein)</title> <pubPlace key="place_0181">Erfurt</pubPlace>, <publisher key="publ_2240">Körner</publisher> 7½ Ngr.</bibl>
<bibl id="hofm_1843_06_0088_14"><composer key="compo_027077">Proch (H.)</composer> <title>Antwort (Risposta) Gedicht v. V. Zusner f. eine Singst. m. Begl. d. Waldhorn (od. Vclle.) u. Pfte. Op. <opus key="opus_4738">99</opus> (Ob ich deiner noch gedenke)</title>. <pubPlace key="place_0731">Wien</pubPlace>, <publisher key="publ_0735">Diabelli u. Co</publisher>. 45 Xr.</bibl>
<pb n="89"/>
<bibl id="hofm_1843_06_0089_01"><composer key="compo_033723">Stuntz (J.H.)</composer> <title>Die Burgfrau. Festgesang f. Männerchor m. 5 Hörnern, Bassposaune u. Ophykleide. <format>Part. u. Stimmen</format></title>. <pubPlace key="place_0475">München</pubPlace>, <publisher key="publ_0997">Falter u. Sohn</publisher> 1 Fl. 39 Xr.</bibl>
<bibl id="hofm_1843_06_0089_02">– <title>Chorgesang f. Männerchor m. Militairmusik. <format>Partitur und Stimmen</format></title>. Ebend. 1 Fl. 39 Xr.</bibl>
<bibl id="hofm_1843_06_0089_03">– <title>Deutscher Bardengesang. Festgedicht f. Männerchor m. 5 Tromp., 4 Hörner, Posaune, Ophykleide und Bombardon. <format>Part. u. Stimmen</format></title>. Ebend. 2 Fl. 33 Xr.</bibl>
</div><div id="hofm_1843_06_0089_div16"><head><hofClass key="hofCl_0102">Mehrstimmige Gesänge mit und ohne Pianoforte.</hofClass></head>
<bibl id="hofm_1843_06_0089_04"><title>Auswahl deutscher Lieder mit ein-, und mehrstimmigen Weisen. <edition>5te vermehrte und verbesserte Auflage</edition></title>. 16. <pubPlace key="place_0392">Leipzig</pubPlace>, <publisher key="publ_3759">Serig’sche Buchhandl</publisher>. geb. 22½ Ngr. n.</bibl>
<bibl id="hofm_1843_06_0089_05"><composer key="compo_009500">Fliedner (T.)</composer> <title>Liederbuch 1. Kleinkinderschulen u. d. untern Klassen der Elementarschulen, enth. 214 Lieder mit Melodien, Gebeten, Bibelsprüchen, Denkversen, Spielen, der Methode der Erziehung u. d. Unterrichts in d. Kleinkindersch., einer Anleit. solche Schulen zu errichten u. Selbstprüfungsfragen f. Kleinkinderlehrerinnen</title>. <pubPlace key="place_0157">Düsseldorf</pubPlace>, <publisher key="publ_3298">Roschütz u. Co. (in Comm.)</publisher> 15 Ngr. n.</bibl>
<bibl id="hofm_1843_06_0089_06"><title>Gesänge (drei- und vierstimmige religiöse) für obere Klassen und Gesangvereine. Heft 1-3</title>. qu. 4. <pubPlace key="place_0606">St. Gallen</pubPlace>, <publisher key="publ_3429">Scheitlin und Zollikofer</publisher> à 4 Ngr. n.</bibl>
<bibl id="hofm_1843_06_0089_07"><composer key="compo_015750">Haeser (W.)</composer> <title>6 vierstimmige Lieder schwäbsicher Dichter f. 4 Männerstimmen. Op. <opus key="opus_1390">20</opus>. <format>Partitur u. Stimmen</format> (Wir kommen, uns in dir zu baden – Alles still! – Den Wohlklang in der Kehle, – O Winter, schlimmer Winter! – Der Abend schleiert Flur und Hain – Wohl möcht’ ich herzlich weinen)</title>. 8. <pubPlace key="place_0662">Stuttgart</pubPlace>, <publisher key="publ_0049">allgemeine Musikhandlung</publisher> 1 Fl. 48 Xr.</bibl>
<bibl id="hofm_1843_06_0089_08"><composer key="compo_016570">Julius (M.)</composer> <title>Schweizer Volksmelodien f. vier Männerstimmen. <format>Partitur u. Stimmen</format>. 1stes Heft (I hab ein artiges Blümeli g’seh, – Brüder lasst uns fröhlich sein! – Bin alben e werthi Tochter g’si – I hab en a Häuserl am Roan, – I ha daheim en Maidli cha, – Jucbhe bal kann i wibe, – Stimmt ihr Freunde – Herz, mys Herz). 2tes Heft (Herz, wohi zieht es di? – Was ist doch o das heimelig? – Ulli mein Ulli – Was kann schöner sein – Gnugsam versehn mit baarem Gelde – I bin ein freier Schütze – Ne G’sang in Ehre – Alles athmet Wonne.)</title> 8. <pubPlace key="place_0696">Ulm</pubPlace>, <publisher key="publ_1544">Heerbrandt u. Thämel</publisher> à 15 Ngr. n.</bibl>
<wip id="hofm_1843_06_0089_09"><composer key="compo_019507">Kücken (Fr.)</composer> <title>4 Gesänge für vierstimmigen Männerchor. Op. <opus key="opus_2509">36</opus></title>. <title>Heft 3 (Sterne, in des Himmels Ferne! – Auf, ihr freien Söhne – Es gefallt mer nume Eini)</title> 25 Ngr. <title>Heft 4 (Das ist der Tag des Herrn!)</title> 1 Thlr. 15 Ngr. <format>Part u. Stimmen</format>. 8. <pubPlace key="place_0044">Berlin</pubPlace>, <publisher key="publ_3471">Schlesinger</publisher>.</wip>
<bibl id="hofm_1843_06_0089_10"><composer key="compo_019176">Kunz (K.M.)</composer> <title>Zwei Knödel. Burleske f. 4 Männer- u. 2 Zisch-Stimmen. Op. <opus key="opus_3565">6</opus>. <format>Partitur u. Stimmen</format>. (Oa Knödl sjedt scho)</title>. 8. <pubPlace key="place_0475">München</pubPlace>, <publisher key="publ_0028">Aibl</publisher> 1 Fl. 30 Xr.</bibl>
<bibl id="hofm_1843_06_0089_11"><title>Lieder (deutsche) nebst ihren Melodien (Vaterlands-, Burschen-, Trink- und Volkslieder)</title>. 8. <pubPlace key="place_0392">Leipzig</pubPlace>, <publisher key="publ_1118">Friese</publisher> 20 Ngr. n.</bibl>
<bibl id="hofm_1843_06_0089_12"><title>Lieder (teutsche) für teutschen Männerchor. 1tes Heft. 6 Lieder von Herwegb. <format>Partitur u. Stimmen</format>. (Der ist allein ein freier Mann – Die bange Nacht ist nun herum – Wo solch’ ein Feuer noch gedeiht – Sie sollen alle singen – Die Sonne, der wir lang geharrt, – Wohlauf, über Berg und Flur)</title>. 8. <pubPlace key="place_0651">Stettin</pubPlace>, <publisher key="publ_1544">Heerbrandt u. Thämel</publisher> 17½ Ngr. n.</bibl>
<pb n="90"/>
<bibl id="hofm_1843_06_0090_01"><composer key="compo_022424">Masini (P.)</composer> <title>Moissonneurs et Moissonneuses (Kommt herbei, ihr Schnitterinnen) Nocturne à 2 Voix av. Pfte</title>. (Caecilia No. 40). <pubPlace key="place_0044">Berlin</pubPlace>, <publisher key="publ_3471">Schlesinger</publisher> 5 Ngr.</bibl>
<bibl id="hofm_1843_06_0090_02"><composer key="compo_023119">Methfessel (Alb.)</composer> <title>„Was tönt durch Wald und Auen“ Deutsches Lied f. Solo- und Chorstimmen m. Begl. d. Pfte. Op. <opus key="opus_0216">109</opus>. <format>Partitur u. Stimmen</format></title>. <pubPlace key="place_0392">Leipzig</pubPlace>, <publisher key="publ_1746">Hofmeister</publisher> 15 Ngr. (Die 4 Singstimmen einzeln 5 Ngr.)</bibl>
<bibl id="hofm_1843_06_0090_03"><composer key="compo_025935">Pax (C.E.)</composer> <title>Die Preussische Losung. Vaterländisches Gesellschaftslied v. H. von Boyen f. Sopr., Alt, Tenor u. 2 Bässe m. Pfte. (Der Preussen Losung ist die Drei)</title> <pubPlace key="place_0044">Berlin</pubPlace>, <publisher key="publ_2971">Paez</publisher> 10 Ngr.</bibl>
<bibl id="hofm_1843_06_0090_04"><title>Polka (zwei) f. 4 Männerstimmen. Amalien- u. Frohsinn-Polka. (Röschen ist so lieb und hold – Hei das Leben ist so schön)</title> <pubPlace key="place_0696">Ulm</pubPlace>, <publisher key="publ_1544">Heerbrandt u. Thämel</publisher> 5 Ngr. n.</bibl>
<bibl id="hofm_1843_06_0090_05"><title>Rheinländer (die). Heitere Chor-Gesänge u. Quartette f. Männerstimmen. 3tes Heft. Fischer, C.J. „Ein Kaiser in der Gross-Türkei“ – Soldaten-Leben: „Jeder such das zu erheben“. <format>Partitur und Stimmen</format></title>. 8. <pubPlace key="place_0438">Mainz</pubPlace>, <publisher key="publ_3563">Schott</publisher> 1 Fl. 12 Xr.</bibl>
<bibl id="hofm_1843_06_0090_06"><title>Sänger-Saal (der deutsche) Leicht ausführbare Original-Compositionen f. 4 Männerstimmen, v. verschied. Componisten. Heft. 1, Mozart, Bundesl. André (Joh.) Rheinweinl. Mangold, heiterer Lebenslauf. Neeb, Freiheit. Speier Coeur König. Graun, zur Todten-Feier. Schädel, unsere Zuversicht. Spofford, Morgenlied. Quilling, das Unvergängliche. Wainwright, Geselligkeit. Speier, Frag’ u. Antwort. André (Jul.) das deutsche Lied. <format>Part</format></title>. qu. 4. geh. 1 Fl. 24 Xr. n. (Subcr.-Pr. f. 4 Hefte à 42 Xr. n.) Jede Stimme einzeln à 7 Xr. n.</bibl>
<bibl id="hofm_1843_06_0090_07"><composer key="compo_029906">Schaeffer (Aug.)</composer> <title>Heitere Lieder für vierstimmigen Männergesang. Op. <opus key="opus_4300">8</opus>. Heft 1. Der verliebte Nachtwächter. (Der Rathsnachtwächter Toms). <format>Part. u. Stimmen</format></title>. 8. <pubPlace key="place_0044">Berlin</pubPlace>, <publisher key="publ_3471">Schlesinger</publisher> 10 Ngr.</bibl>
<bibl id="hofm_1843_06_0090_08"><title>Schulgesangbuch (christliches) mit 2stimmigen Melodien. Herausgegeben von dem Calwer Verlags-Verein</title>. <pubPlace key="place_0662">Stuttgart</pubPlace>, <publisher key="publ_3890">Steinkopf</publisher> 6½ Ngr. n.</bibl>
<bibl id="hofm_1843_06_0090_09"><composer key="compo_031910">Seiferheld (C.)</composer> <title>Schwäbisch-fränkisches Archiv f. 4stimmigen Männergesang</title>. qu. 12. <pubPlace key="place_0627">Schwäbisch-Hall</pubPlace>, <publisher key="publ_3683">Schwend’sche Buchh</publisher>. (<pubPlace key="place_0662">Stuttgart</pubPlace>, <publisher key="publ_0856">Ebner u. Seubert</publisher>) à Bogen 2 Ngr. n. <lb/>Erster Band. <format>Partitur</format>, Bogen 1-17 (No. 1-65). <lb/><format>Die vier Stimmen</format>, Bogen 1-8 (No. 1-63).</bibl>
<bibl id="hofm_1843_06_0090_10"><composer key="compo_031940">Seiffert (C.T.)</composer> <title>Nur in Deutschland. Protest. Vaterland. f. Männerchor. <format>Part. u. Stimmen</format> (Zwischen Frankreich und den Böhmerwald – So lang ich noch ein Protestant – Was soll der Becher)</title>. 8. <pubPlace key="place_0662">Stuttgart</pubPlace>, <publisher key="publ_0049">allgem. Musikhandl</publisher>. 54 Xr.</bibl>
<bibl id="hofm_1843_06_0090_11"><composer key="compo_035020">Täglichsbeck (Th.)</composer> <title>Deutsche Liederhalle. Sammlung der beliebtesten älteren und neuern Lieder u. Gesänge- f. 4 Männerstimmen. 1ter Band 10tes Heft</title>. 12mo. <pubPlace key="place_0662">Stuttgart</pubPlace>, <publisher key="publ_1400">Göpel</publisher> geh. 24 Xr. n.</bibl>
<bibl id="hofm_1843_06_0090_12">– <title>Odeon für Quartett und Chorgesang ohne Begl. mit Original-Compositionen berühmter deutscher Tonsetzer. Partitur-Ausgabe. 6tes Heft</title>. 12mo. Ebend. geh. 24 Xr.</bibl>
<bibl id="hofm_1843_06_0090_13"><title>Volkslieder der Wenden in der Ober- und Niederlausitz, aus Volksmunde aufgezeichnet und mit den Sangweisen, deutscher Uebersetzung etc. herausgegeben v. L. Haupt und J.E. Schmaler. gr. 4. 2ter Theil, 1stes Heft</title>. <pubPlace key="place_0249">Grimma</pubPlace>, <publisher key="publ_1196">Gebhardt</publisher>. geh. 1 Thlr. n. (Kupferdruck 2 Thlr. n.)</bibl>
<pb n="91"/></div><div id="hofm_1843_06_0091_div17"><head><hofClass key="hofCl_0268">Opernmusik mit Pianofortebegleitung.</hofClass></head>

<bibl id="hofm_1843_06_0091_01"><composer key="compo_002747">Berwald (Joh.)</composer> <title>National-Divertissement, aufgeführt am 6. Februar 1843 im k. Theater zu Stockholm bei der Feier des Regierungs-Jubilaeums S.M.D. Königs. Worte v.C.W. Böttiger. Musik nach schwedischen Volksliedern. <format>Klavierauszug</format> mit schwedischem u. deutschem Texte</title>. <pubPlace key="place_0653">Stockholm</pubPlace>, <publisher key="publ_1129">Fritze</publisher> 1 Thlr. 20 Ngr. n.</bibl>
<bibl id="hofm_1843_06_0091_02"><composer key="compo_007199">Donizetti (G.)</composer> <title>L’Elisire d’Amore. Die Liebestrank. Kom. Oper in 2 Akten. <format>Vollständiger Klavier-Auszug</format> mit italienischem u. deutschem Texte</title>. <pubPlace key="place_0044">Berlin</pubPlace>, <publisher key="publ_3471">Schlesinger</publisher> geh. 6 Thlr. </bibl>
<bibl id="hofm_1843_06_0091_03">– <title>La Fille du Régiment No. 9bis, Couplets: Rasch voran (En avant)</title> <pubPlace key="place_0438">Mainz</pubPlace>, <publisher key="publ_3563">Schott</publisher> 18 Xr.</bibl>
<bibl id="hofm_1843_06_0091_04"><composer key="compo_008627">Esser (H.)</composer> <title>Thomas Riquiqui, oder die politische Heirath. Kom. Op. in 3 Akten, nach d. Franz. d. St. Georges u. de Leuven v.C. Gollmick. <format>Vollständiger Klavierauszug</format>. Op. <opus key="opus_0021">10</opus></title>. Ebend. geh. 9 Fl.</bibl>
<bibl id="hofm_1843_06_0091_05"><composer key="compo_021993">Majocchi</composer>, <title>Tirolese: Senti, gentile villanela (Höre, o ländliche Schöne) aus der Oper: Il Segreto</title>. Philomele No. 390. <pubPlace key="place_0731">Wien</pubPlace>, <publisher key="publ_0735">Diabelli u. Co</publisher>. 30 Xr.</bibl>
<bibl id="hofm_1843_06_0091_06"><composer key="compo_022964">Mercadante (S.)</composer> <title>Cavatine: Soave immagine (Wie lächelt freundlich mild) aus der Oper: Andronico</title>. Philomele No. 394. Ebend. 20 Xr.</bibl>
<bibl id="hofm_1843_06_0091_07"><composer key="compo_028199">Ricci (L.)</composer> <title>Cavatine aus der Oper: Il nuovo Figaro: Da te lontano (Von dir entfernt)</title> Philomele No. 395. Ebend. 30 Xr.</bibl>
<bibl id="hofm_1843_06_0091_08"><composer key="compo_028970">Rossini (G.)</composer> <title>Quartetto a. d. Oper: Moses: Mi manca la voce (Es schwinden die Sinne)</title> Philomele No. 393. Ebend. 40 Xr.</bibl>
<bibl id="hofm_1843_06_0091_09"><composer key="compo_029595">Salieri (A.)</composer> <title>Quartett aus der Oper: Palmira: Silenzio facciasi (Merkt auf, wie schauerlich)</title>. Philomele No. 389. Ebend. 20 Xr.</bibl>
<bibl id="hofm_1843_06_0091_10"><composer key="compo_032798">Spohr (L.)</composer> <title>Faust, Romant. Oper. No. 2 a, Rec. u. Arie f. Bariton: Liebe ist die zarte Blüthe (Tu che sei quel dolce Fiore)</title>. <pubPlace key="place_0392">Leipzig</pubPlace>, <publisher key="publ_3023">Peters</publisher> 10 Ngr.</bibl>
<bibl id="hofm_1843_06_0091_11">– Idem f. Tenor. Ebend. 10 Ngr.</bibl>
</div><div id="hofm_1843_06_0091_div18"><head><hofClass key="hofCl_0040">Gesänge für eine Stimme mit Begleitung des Pianoforte.</hofClass></head>
<bibl id="hofm_1843_06_0091_12"><composer key="compo_003011">Billert (C.)</composer> <title>4 Gesänge. Op. <opus key="opus_1372">2</opus>. (Frühlingsanfang. Als der Zephir flog vorüber. An Alma. Liebst du um Schönheit)</title>. <pubPlace key="place_0044">Berlin</pubPlace>, <publisher key="publ_0951">Esslinger</publisher> 12½ Ngr.</bibl>
<bibl id="hofm_1843_06_0091_13"><composer key="compo_005566">Cheret (P.)</composer> <title>En Mer (Auf dem Meere)</title>. Choix de Romances No. 234. <pubPlace key="place_0044">Berlin</pubPlace>, <publisher key="publ_3471">Schlesinger</publisher> 5 Ngr.</bibl>
<bibl id="hofm_1843_06_0091_14"><title>Deutschland (das singende). Album der ausgewähltesten Lieder u. Romanzen. 1ter Band in 12 Heften. Heft 1</title>. qu. 8. <pubPlace key="place_0392">Leipzig</pubPlace>, <publisher key="publ_3167">Reclam jun</publisher>. geh. 2½ Ngr. n.</bibl>
<bibl id="hofm_1843_06_0091_15"><composer key="compo_007039">Dietrichstein (M.v.)</composer> <title>Lied a. d. Lustspiele: Der Gang in’s Irrenhaus (Er ist dahin, ich find’ ihn nimmer)</title> Philomele No. 388. <pubPlace key="place_0731">Wien</pubPlace>, <publisher key="publ_0735">Diabelli u. Co</publisher>. 15 Xr.</bibl>
<bibl id="hofm_1843_06_0091_16"><composer key="compo_007199">Donizetti (G.)</composer> <title>Cavatine: Fuggi l’immagine tanto (Wie süss das Herz erhebt) eingelegt in der Oper: Beatrice di Tenda</title>. Philomele No. 396. Ebend. 30 Xr.</bibl>
<bibl id="hofm_1843_06_0091_17"><composer key="compo_008627">Esser (H.)</composer> <title>Des Saengers Fluch. Ballade v. L. Uhland. Op. <opus key="opus_4300">8</opus>. (Es stand in alten Zeiten)</title>. <pubPlace key="place_0438">Mainz</pubPlace> <publisher key="publ_3563">Schott</publisher> 1 Fl.</bibl>
<bibl id="hofm_1843_06_0091_18"><composer key="compo_008825">Falandry (A.G.)</composer> <title>L’Africain (Der Afrikaner). Romance</title>. <pubPlace key="place_0276">Hamburg</pubPlace>, <publisher key="publ_0640">Cranz</publisher> 5 Ngr.</bibl><pb n="92"/>

<bibl id="hofm_1843_06_0092_01">*<title>Festlied der Dombaufreunde von G. Pfarrius nach der Händel’schen Melodie: Seht der König naht (Lasst Gesanges Jubel)</title>. <pubPlace key="place_0371">Cöln</pubPlace> <publisher key="publ_0864">Eck u. Co</publisher>. 2½ Ngr.</bibl>
<bibl id="hofm_1843_06_0092_02"><composer key="compo_009297">Fink (G.W.)</composer> <title>Musikalischer Hausschatz der Deutschen. Eine Sammlung von 1000 Liedern und Gesängen mit Singweisen und Pfte.-Begl. In 10 Lief. 3te Lief</title>. gr. 8. <pubPlace key="place_0392">Leipzig</pubPlace>, <publisher key="publ_2597">Mayer u. Wigand</publisher> 10 Ngr. n.</bibl>
<bibl id="hofm_1843_06_0092_03"><composer key="compo_012597">Gyrowetz (A.)</composer> <title>Lied a. d. Schauspiele: Die stille Braut (Es säuselt ein Lüftchen im Morgengrau)</title>. Philomele No. 401. <pubPlace key="place_0731">Wien</pubPlace>, <publisher key="publ_0735">Diabelli u. Co</publisher>. 15 Xr.</bibl>
<bibl id="hofm_1843_06_0092_04"><composer key="compo_013020">Hahn (Werner)</composer> <title>Lied des Kindes a. d. Novelle v. Goethe. Op. <opus key="opus_0001">1</opus>. (Aus den Gruben, hier im Graben)</title>. <pubPlace key="place_0392">Leipzig</pubPlace>, <publisher key="publ_1276">Goetz</publisher> 10 Ngr.</bibl>
<bibl id="hofm_1843_06_0092_05"><composer key="compo_013820">Heidrich (H.)</composer> <title>Stimmen froher Mitfeier bei der Vermählung des Kronprinzen von Hannover. 3 Lieder (Ein Licht das blitzt – O Berg und grüne Fläche – Sagt, wer ist in die Burg gezogen)</title>. <pubPlace key="place_0007">Altenburg</pubPlace>, <publisher key="publ_1575">Helbig</publisher> 20 Ngr. n.</bibl>
<bibl id="hofm_1843_06_0092_06"><composer key="compo_014825">Hiller (F.)</composer> <title>6 Gesänge. Op. <opus key="opus_1881">26</opus>. (Der Mai ist auf dem Wege – Schwinge deine Fahnen – Was ist’s, o Vater – Seit ich ihn gesehen – Ich wandre durch die stille Nacht – Mein Herz ist im Hochstand</title>. <pubPlace key="place_0069">Bonn</pubPlace>, <publisher key="publ_3791">Simrock</publisher> 3 Fr.</bibl>
<bibl id="hofm_1843_06_0092_07"><composer key="compo_015336">Hopfe (Jul.)</composer> <title>6 Lieder. Op. <opus key="opus_2187">31</opus>. (O hätt’ ich doch ein Schätzchen – Die Abendwölkchen prangen – In der Heimath ist es schön – Leb’wohl, mein Lieb, – Ihr Junggesellen gross und klein – Ich lieb’s so sehr zu liegen)</title>. <pubPlace key="place_0044">Berl</pubPlace>, <publisher key="publ_1626">Hermes</publisher> 15 Ngr. n.</bibl>
<bibl id="hofm_1843_06_0092_08"><composer key="compo_018016">Koch (C.)</composer> <title>Lieder und Balladen. 1te Sammlung: Die drei Blumen. Zum Postillon (Er zieht hinaus – Setz’ ab das Horn)</title>. <pubPlace key="place_0044">Berlin</pubPlace>, <publisher key="publ_0589">Challier u. Co</publisher>. 15 Ngr.</bibl>
<bibl id="hofm_1843_06_0092_09"><composer key="compo_019393">Könemann (F.v.)</composer> <title>Die Fensterscheibe. Lied (In die blanke Fensterscheibe)</title>. <pubPlace key="place_0280">Hannover</pubPlace>, <publisher key="publ_2808">Nagel</publisher> 5 Ngr.</bibl>
<bibl id="hofm_1843_06_0092_10">*<composer key="compo_018969">Krätzschmer (F.)</composer> <title>Mündlichkeit und Oeffentlichkeit. Gedicht v.E. Reiniger</title>. <pubPlace key="place_0392">Leipzig</pubPlace>, <publisher key="publ_2182">Krätzschmer</publisher> 6 Ngr. n.</bibl>
<bibl id="hofm_1843_06_0092_11"><composer key="compo_019644">Labarre (Th.)</composer> <title>Mon Ami Pierre’ ( Mein Freund Peter). Ballade</title>. Choix de Romances No. 237. <pubPlace key="place_0044">Berlin</pubPlace>, <publisher key="publ_3471">Schlesinger</publisher> 5 Ngr.</bibl>
<bibl id="hofm_1843_06_0092_12"><composer key="compo_021207">Loewe (C.)</composer> <title>6 Lieder von Dilia Helena. Op. <opus key="opus_4542">89</opus>. (Das Glockenspiel der Phantasie – Ein Himmelreich dein Auge ist – Blättlein so fein und rund – O nimm mich an als deine Magd – Ich sinke dir ans volle Herz – Mit jedem Pulsschlag leb’ ich dir)</title>. Ebend. 22½ Ngr.</bibl>
<wip id="hofm_1843_06_0092_13"><composer key="compo_022297">Marschner (H.)</composer> <title>3 Gedichte von Wolfgang Müller für tiefe Stimme. Op. <opus key="opus_0451">123</opus></title>. <title>No. 1, Verloren (Ich ruh’ nicht in den Nächten)</title> 12½ Ngr. <title>No. 2, Hinaus in die Welt (Auf, tummle dich Hengst)</title> 15 Ngr. <title>No. 3, Der Seemann (Ich grüsse dich, blaues, unendliches Meer)</title> 17½ Ngr. Ebend.</wip>
<bibl id="hofm_1843_06_0092_14"><composer key="compo_022385">Marxsen (Ed)</composer> <title>Schneeglöckchen v. G. Lotz (Schneeglöckchen blicken hervor)</title>. <pubPlace key="place_0276">Hamburg</pubPlace>, <publisher key="publ_0640">Cranz</publisher> 5 Ngr.</bibl>
<bibl id="hofm_1843_06_0092_15"><composer key="compo_022472">Mathieux (J.)</composer> <title>Hymne auf den Tod des Marko Botzaris. Griechisches Volkslied. In’s Deutsche übertragen v. G. Kinkel (Männer von Hellas – ‘Ελληνες χλαυςωμεν)</title>. <pubPlace key="place_0371">Cöln</pubPlace>, <publisher key="publ_0893">Eisen</publisher> 5 Ngr. n.</bibl>
<bibl id="hofm_1843_06_0092_16"><composer key="compo_022865">Melchert (Jul.)</composer> <title>Klang und Nachklang. Wo du nicht bist. Wasserfaht. Wiegenlied. Op. <opus key="opus_1372">2</opus>. Liederkranz Heft 1. (Schmetterlinge hier – Wo du nicht bist – Ich stand gelehnet an den Mast – Schlaf und träume)</title>. <pubPlace key="place_0276">Hamburg</pubPlace>, <publisher key="publ_0640">Cranz</publisher> 15 Ngr.</bibl>
<bibl id="hofm_1843_06_0092_17">– <title>Seliger Traum. Sehnsucht. In die Ferne. Ständchen. Liederkranz. 2tes Heft Op. <opus key="opus_2116">3</opus>. (Ich sass im Grünen – Bei der Stunde Wiederkehr – Es zieht mich mächtig in die Ferne – Gute Nacht Mädchen das der Liebe lacht)</title>. <pubPlace key="place_0008">Altona</pubPlace>, <publisher key="publ_4392">Wiebe u. Bruckmann</publisher> 15 Ngr.</bibl>
<pb n="93"/>
<bibl id="hofm_1843_06_0093_01"><composer key="compo_023269">Meyerbeer (Giac.)</composer> <title>Sicilienne. Paroles de Méry</title>. L’Aurore No. 54. <pubPlace key="place_0438">Mainz</pubPlace>, <publisher key="publ_3563">Schott</publisher> 27 Xr.</bibl>
<bibl id="hofm_1843_06_0093_02">– Idem. Deutsche Uebersetzung v. L. Rellstab. Ebnd. 27 Xr.</bibl>
<bibl id="hofm_1843_06_0093_03">* <composer key="compo_023663">Monpou (H.)</composer> <title>Le Voile blanc (Der weisse Schleier)</title> Choix d’Airs No. 588. Ebend. 18 Xr.</bibl>
<bibl id="hofm_1843_06_0093_04"><composer key="compo_023890">Mozart (W.A.)</composer> <title>Abendempfindung (Abend ist’s, die Sonne ist verschwunden)</title>. <pubPlace key="place_0731">Wien</pubPlace>, <publisher key="publ_0735">Diabelli u. Co</publisher>. 30 Xr.</bibl>
<bibl id="hofm_1843_06_0093_05">– <title>An Chloe (Wenn die Lieb’ aus deinen blanen)</title>. Ebend. 30 Xr. (Philomele No. 386. 387.)</bibl>
<bibl id="hofm_1843_06_0093_06">* <title>National-Melodien (englische). No. 1, God save the Queen (Heil Dir im Siegerkranz)</title>. <pubPlace key="place_0276">Hamburg</pubPlace>, <publisher key="publ_0640">Cranz</publisher> 5 Ngr.</bibl>
<bibl id="hofm_1843_06_0093_07"><composer key="compo_025698">Panseron (A.)</composer> <title>Ah non lasciarmi (Nein, du darfst scheiden nicht). Arietta</title>. Philomele No. 392. <pubPlace key="place_0731">Wien</pubPlace>, <publisher key="publ_0735">Diabelli u. Co</publisher>. 15 Xr.</bibl>
<bibl id="hofm_1843_06_0093_08"><composer key="compo_025935">Pax (C.E.)</composer> <title>Stimme des preussischen Volks an seinen König Friedrich Wilhelm IV. (Stimmt ein ihr Preussen)</title> <pubPlace key="place_0044">Berlin</pubPlace>, <publisher key="publ_2971">Paez</publisher> 5 Ngr.</bibl>
<bibl id="hofm_1843_06_0093_09"><composer key="compo_027999">Reiter (F.)</composer> <title>Come o’er the Sea (Schiffe dich ein). Op. <opus key="opus_4562">9</opus></title>. <pubPlace key="place_0035">Basel</pubPlace>, <publisher key="publ_1547">Hegar</publisher> 48 Xr.</bibl>
<bibl id="hofm_1843_06_0093_10"><composer key="compo_028970">Rossini (G.)</composer> <title>Riunione musicale. Ariette et Canzonette. No. 1, La Passegiata (Der Spaziergang)</title>. <pubPlace key="place_0044">Berlin</pubPlace>, <publisher key="publ_3471">Schlesinger</publisher> 10 Ngr.</bibl>
<bibl id="hofm_1843_06_0093_11">*<title>Sammlung der National-Lieder aller Völker. No. 22, La Marseillaise (Die Marseiller Hymne). No. 24, La Parisienne (Volksgesang der Franzosen v. J. 1830)</title>. Ebend. à 5 Ngr.</bibl>
<bibl id="hofm_1843_06_0093_12"><composer key="compo_031110">Schubert (C.)</composer> <title>La Terre d’Exil. (Der Verbannte). Romance</title>. <pubPlace key="place_0276">Hamburg</pubPlace>, <publisher key="publ_0640">Cranz</publisher> 5 Ngr.</bibl>
<bibl id="hofm_1843_06_0093_13"><composer key="compo_031122">Schubert (Fr.)</composer> <title>Frühlingsglaube von Uhland. (Die linden Lüfte sind erwacht)</title>. <pubPlace key="place_0731">Wien</pubPlace>, <publisher key="publ_0735">Diabelli u. Co</publisher>. 20 Xr.</bibl>
<bibl id="hofm_1843_06_0093_14">– <title>Schlaflied von Mayrhofer. (Es mahnt der Wald)</title>. Ebend. 20 Ngr.</bibl>
<bibl id="hofm_1843_06_0093_15">– <title>Alles vergeht, von M.v. Collin. (Wenn ich durch Wald und Fluren geh’)</title>. Ebend. 20 Ngr. <lb/>(Philomele, Samml. d. beliebt. Ges. No. 398-400)</bibl>
<wip id="hofm_1843_06_0093_16"><title>Sion. Samml. classischer geistlicher Gesänge f. Alt</title>. <title>No. 17, Lotti, Miserere (O wende ab)</title> 5 Ngr. <title>No. 23, Bach, J.S., Passion n. Mattheus (Gebt mir meinen Jesum)</title> 5 Ngr. <title>No. 27, 28, Naumann, David, (Ach, wenn ich dich erblicke)</title> 10 Ngr. <title>(Und dir die Herrschaft rauben)</title> 7½ Ngr. <title>No. 29, 30, Leonardo Leo, Psalm CIX. (Ruhmvoll erscheinest du). Messe, (Dank dir, o Herr)</title>. à 5 Ngr.</wip>
<bibl id="hofm_1843_06_0093_17"><composer key="compo_033438">Stolle (Ed.)</composer> <title>Das Lied des Nomaden. Op. <opus key="opus_2116">3</opus>. (Hin nach allen Himmelszonen)</title>. <pubPlace key="place_0245">Grätz</pubPlace>, <publisher key="publ_1317">Greiner</publisher> 20 Xr.</bibl>
<bibl id="hofm_1843_06_0093_18">– <title>Lieb-Röschen. Maurische Romanze. Op. <opus key="opus_2737">4</opus>. (Jüngst ging ich in Gendanken)</title>. Ebend. 40 Xr.</bibl>
<bibl id="hofm_1843_06_0093_19"><title>Tarantella (la) napolitana. (Die Tarantella)</title>. Choix de Romances. No. 283. <pubPlace key="place_0044">Berlin</pubPlace>, <publisher key="publ_3471">Schlesinger</publisher> 5 Ngr.</bibl>
<bibl id="hofm_1843_06_0093_20"><composer key="compo_034566">Tiehsen (Otto)</composer> <title>Wiederhall der Liebe. Gedicht v. Geibel f. Sopran oder Tenor. Op. <opus key="opus_1390">20</opus>. (Die Liebe sass als Nachtigall)</title>. <pubPlace key="place_0147">Dresden</pubPlace>, <publisher key="publ_2993">Paul</publisher> 12½ Ngr.</bibl>
<bibl id="hofm_1843_06_0093_21"><composer key="compo_034685">Tomaschek (W.J.)</composer> <title>Altböhmische Lieder aus der königinhofer Handschrift (Starozitné Pisne) verteutscht v. W.A. Swoboda. Op. <opus key="opus_4377">82</opus></title>. <pubPlace key="place_0554">Prag</pubPlace>, <publisher key="publ_1729">Hoffmann</publisher> 1 Fl. 40 Xr.</bibl>
<bibl id="hofm_1843_06_0093_22"><composer key="compo_037276">Wiseneder (Caroline)</composer>. <title>Die Kraft der Erinnerung. Liebliche Maid. 2 Lieder. Op. <opus key="opus_4300">8</opus></title>. <pubPlace key="place_0078">Braunschweig</pubPlace>, <publisher key="publ_4321">Weinholtz</publisher> 5 Ngr.</bibl>
</div><div id="hofm_1843_06_0093_div19"><head><hofClass key="hofCl_0047">Gesänge mit Begleitung der Guitarre.</hofClass></head>
<bibl id="hofm_1843_06_0093_23"><composer key="compo_027779">Reichardt (Gust.)</composer> <title>Das Bild der Rose, von Harro Harring m. Begl. d. Guit</title>. <pubPlace key="place_0392">Leipzig</pubPlace>, <publisher key="publ_1746">Hofmeister</publisher> 5 Ngr.</bibl>
<pb n="94"/>
<bibl id="hofm_1843_06_0094_01"><composer key="compo_027982">Reissiger (C.G.)</composer> <title>Auswahl beliebter Lieder und Gesänge mit leichter Begl. d. Guit. No. 4, Die Brücke, (Eine Brücke kenn’ ich). „Ach, wenn du wärst mein eigen.“ No. 5, Mitternachtsständchen (Mädchen erwache!) No. 6, „Ach wüsstens die Blumen,“ Das Wörtchen Du. (Ein grosser Sinn)</title>. <pubPlace key="place_0147">Dresden</pubPlace>, <publisher key="publ_2993">Paul</publisher> à 5 Ngr.</bibl>
</div><div id="hofm_1843_06_0094_div20"><head><hofClass key="hofCl_0077">Lehrbücher für den Gesang.</hofClass></head>
<bibl id="hofm_1843_06_0094_02"><title>Anleitung zum Zifferngesang mit 75 zwei-, drei-, und vierstimmigen Liedern. Lief. 1</title>. gr. 8. <pubPlace key="place_0696">Ulm</pubPlace>, <publisher key="publ_3739">Seitz</publisher> 2½ Ngr. n. </bibl>
<bibl id="hofm_1843_06_0094_03"><composer key="compo_031761">Schütze (F.W.)</composer> <title>Praktischer Lehrgang für den Gesangunterricht in Volksschulen</title>. <pubPlace key="place_0147">Dresden</pubPlace>, <publisher key="publ_0102">Arnoldische Buchh</publisher>. geh. 17½ Ngr. n.</bibl>
</div><div id="hofm_1843_06_0094_div21"><head><hofClass key="hofCl_0287">Theoretische Werke.</hofClass></head>
<bibl id="hofm_1843_06_0094_04"><title>Auswahl vorzuglicher Musik-Werke in gebundner Schreibart von Meistern alter und neuer Zeit. Zweite Sammlung: ein-, zwei, und dreistimmige Gesänge. Dritte Lief. Händel, Rec. u. Duett f. Sopr. u. Alt, a. d. Oratorium: Theodora. Bach (C.P.E.) Rec. u. Arie f. Bass a. d. Oratorium: Die Israeliten in der Wüste</title>. <pubPlace key="place_0044">Berlin</pubPlace>, <publisher key="publ_4068">Trautwein u. Co</publisher>. Scubcr.-Pr. 10 Ngr. n.</bibl>
<bibl id="hofm_1843_06_0094_05"><author>Becker (Jul.)</author> <title>Kleine Harmonielehre für Dilettanten, oder Anweisung zur leichten Erlernung der Kunst, eine Melodie mit Pfte, Guitarre, Harfe oder mehren verschiedenen Instumenten zu accompagniren. Nach dem Französischen bearbeitet</title>. 8. <pubPlace key="place_0392">Leipzig</pubPlace>, <publisher key="publ_1107">Friedlein u. Hirsch</publisher> geh. 7½ Ngr. n.</bibl>
<bibl id="hofm_1843_06_0094_06"><author>Griepenkerl (W.R.)</author> <title>Ritter Berlioz in Braunschweig. Zur Charakeristik dieses Tondichters</title>. <pubPlace key="place_0078">Braunschweig</pubPlace>, <publisher key="publ_2349">Leibrock</publisher> 5 Ngr. n.</bibl>
<bibl id="hofm_1843_06_0094_07"><title>Jahrbuch für Musik. Vollständiges Verzeichniss der im Jahre 1842 erschienenen Musikalien, musikalischen Schriften und Abblildungen, nach d. versch. Klassen geordnet, m. Angabe der Verleger, Preise, Tonarten u. Texte b. Gesang-Comp. herausgegeben v. B. Senff</title>. 8. <pubPlace key="place_0392">Leipzig</pubPlace>, <publisher key="publ_0975">Expedition der Signale</publisher> geh. 15 Ngr. n.</bibl>
<bibl id="hofm_1843_06_0094_08"><author>Kützing (C.)</author> <title>Theoretisch-praktisches Handbuch der Fortepiano Baukunst, mit Berücksichtigung der neuesten Verbesserungen. Abth. 1. <edition>6te verbesserte Ausgabe</edition></title>. 8. <pubPlace key="place_0050">Bern</pubPlace>, <publisher key="publ_0676">Dalp</publisher> geh. 1 Thlr. n.</bibl>
<bibl id="hofm_1843_06_0094_09">– <title>Theoretisch-praktisches Handbuch der Orgelbaukunst. Mit 8. Kupfetafeln. <edition>2te verbesserte Auflage</edition></title>. 8. Ebend. geh. 1 Thlr. 5 Ngr. n. </bibl>
<bibl id="hofm_1843_06_0094_10"><title>Notice des Manuscrits autographes de la Musique composée par Cherubini</title>. 8. <pubPlace key="place_0537">Paris</pubPlace> geh. 1 Fr. n. </bibl>
<bibl id="hofm_1843_06_0094_11"><author>Thein (C.)</author> <title>Das Pianoforte. Ein nützliches Handbüchlein für Clavierspieler</title>. 8. <pubPlace key="place_0561">Quedlinburg</pubPlace>, <publisher key="publ_0194">Basse</publisher> 10 Ngr. n.</bibl>
<bibl id="hofm_1843_06_0094_12"><title>Zeitung für den Pianofortebau, enthaltend: Berichte über alle neue Erfindungen, Verbesserungen und Vervollkommnungen etc., die in Deutschland, England, Frankreich oder sonst wo im Pianofortebau gemacht worden sind. Heft 2, mit Zeichnungen</title>. 8. <pubPlace key="place_0392">Leipzig</pubPlace>, <publisher key="publ_3498">Schmaltz</publisher> 7½ Ngr. n</bibl>
</div><div id="hofm_1843_06_0094_div22"><head><hofClass key="hofCl_0281">Portraits.</hofClass></head>
<bibl id="hofm_1843_06_0094_13"><subject>Dorn (H.)</subject> <pubPlace key="place_0373">Königsberg</pubPlace>, <publisher key="publ_4216">Voigt</publisher> 20 Ngr. n. (chines. Pap. 25 Ngr. n.) </bibl>
<bibl id="hofm_1843_06_0094_14"><title><subject>Lewy (Carl)</subject> Lith</title>. Fol. <pubPlace key="place_0731">Wien</pubPlace>, <publisher key="publ_4060">Toma</publisher> 30 Xr. n.</bibl>
<pb n="95"/>
<bibl id="hofm_1843_06_0095_01"><title><subject>Lewy (Richard)</subject> Lith</title>. Fol. Ebend. 30 Xr. n.</bibl>
<bibl id="hofm_1843_06_0095_02"><title><subject>Liszt (Fr.)</subject> Lithographirt v. <artist>Hertel</artist></title>. <pubPlace key="place_0392">Leipzig</pubPlace>, <publisher key="publ_0540">Böhme</publisher> 15 Ngr. n. (chin. Pap. 20 Ngr. n.)</bibl>
<bibl id="hofm_1843_06_0095_03"><title><subject>Nicolai (O.)</subject> Lithographirt von <artist>J. Kriehuber</artist></title>. Fol. <pubPlace key="place_0731">Wien</pubPlace>, <publisher key="publ_2605">Mechetti</publisher> 1 Fl. n. (chines. Pap. 1 Fl. 30 Xr. n.)</bibl>
<bibl id="hofm_1843_06_0095_04"><title><subject>Rubinstein (Ant.)</subject> Lith. v. <artist>F.E. Feller</artist></title>. Fol. <pubPlace key="place_0044">Berlin</pubPlace>, <publisher key="publ_4068">Trautwein u. Co</publisher>. 15 Ngr. n.</bibl>
<bibl id="hofm_1843_06_0095_05"><title><subject>Wartel (Franç.)</subject> Lith. von <artist>Kriehuber</artist></title>. Fol. <pubPlace key="place_0731">Wien</pubPlace>, <publisher key="publ_0735">Diabelli u. Co</publisher> 1 Fl. n.</bibl>
<bibl id="hofm_1843_06_0095_06"><title><subject>Wartel (Theresa)</subject>. Lith. v. <artist>Kriehuber</artist></title>. Fol. Ebend. 1 Fl. n.</bibl>
</div><div id="hofm_1843_06_0095_div23"><head><hofClass key="hofCl_0284">Textbücher.</hofClass></head>
<bibl id="hofm_1843_06_0095_07"><title>Hochzeit (die) des Figaro. Oper in 2 Aufzügen, aus dem Italienischen übersetzt. Musik von W.A. Mozart. <edition>2te Aufl</edition></title>. 8. <pubPlace key="place_0731">Wien</pubPlace>, <publisher key="publ_4267">Wallishausser</publisher> geh. 30 Xr. n.</bibl>
<bibl id="hofm_1843_06_0095_08"><title>König (der) von Yvetot. Komischer Oper in 3 Aufzügen. Frei nach dem Französischen von <author>J. Francke</author>. Musik von A. Adam</title>. gr. 8. <pubPlace key="place_0392">Leipzig</pubPlace>, <publisher key="publ_0437">Br. u. Härtel</publisher> geh. 15 Ngr. n.</bibl>
<bibl id="hofm_1843_06_0095_09"><title>Riquiqui (Thomas) oder die politische Heirath. Komische Oper in 3 Acten. Frei nach dem Französ. d. St. Georges u. de Leuven von <author>C. Gollmick</author>. Musik v. H. Esser</title>. gr. 8. <pubPlace key="place_0438">Mainz</pubPlace>, <publisher key="publ_3563">Schott</publisher> 24 Xr. n.</bibl>
<bibl id="hofm_1843_06_0095_10"><title>Talismann (der) Posse mit Gesang in drei Acten von <author>A. Nestroi</author>. Musik v. Ad. Müller. Mit allegorischem, illuminirtem Bilde</title>. 8. <pubPlace key="place_0731">Wien</pubPlace>, <publisher key="publ_4267">Wallishausser</publisher> 1 Fl. n.</bibl>
<bibl id="hofm_1843_06_0095_11"><title>Turandot, Prinzessin von Schiras. Grosse Oper in 2 Acten. Bearbeitet nach <author>Schiller</author>. Musik von J. Hoven</title> gr. 8. <pubPlace key="place_0438">Mainz</pubPlace>, <publisher key="publ_3563">Schott</publisher> 24 Xr. n.
</bibl></div></body></text></TEI.2>