<?xml version="1.0" encoding="utf-8"?>
<!DOCTYPE TEI.2
  SYSTEM "../../dtd/tei/cch_tei.dtd">
<TEI.2 id="hofm_1844_12">
<teiHeader type="text"><fileDesc><titleStmt><title>December 1844</title></titleStmt><publicationStmt><p/></publicationStmt><sourceDesc><p/></sourceDesc></fileDesc><profileDesc><langUsage><language id="ger">German</language><language id="fre">French</language><language id="ita">Italian</language></langUsage></profileDesc><revisionDesc><change><date>2007-09-20</date><respStmt><name>EP</name></respStmt><item>missing @id added</item></change><change><date>2007-04-27</date><respStmt><name>RV</name></respStmt><item>Changed "biblGroup" elements in "listBibl"</item></change><change><date>2007-03-02</date><respStmt><name>EP</name></respStmt><item>Checked curly brackets</item></change><change><date>2007-02-26</date><respStmt><name>EP</name></respStmt><item>Encoded curly brackets</item></change><change><date>2006-12-19</date><respStmt><name>EP</name></respStmt><item>sic and unclear moved outside elements pubplaces, publisher, composer, hofclass, key, opus</item></change><change><date>2006-10-20</date><respStmt><name>Liz</name></respStmt><item>p. 178 Leschnick (not Leschnich)</item></change><change><date>2006-03-17</date><respStmt><name>Liz</name></respStmt><item>XRefs done</item></change><change><date>2006-01-18</date><respStmt><name>Liz</name></respStmt><item>removed 2 &lt;sic&gt; </item></change><change><date>2005-09-11</date><respStmt><name>Phillip</name></respStmt><item>amendments following checking</item></change><change><date>2005-01-15</date><respStmt><name>Phillip</name></respStmt><item>revised coding</item></change><change><date>2004-11-26</date><respStmt><name>Phillip</name></respStmt><item>first coding</item></change></revisionDesc></teiHeader>

<text><body><pb n="178"/><head>December 1844.</head><div id="hofm_1844_12_0178_div01"><head><hofClass key="hofCl_0164">Musik für das Orchester.</hofClass></head>      


<bibl id="hofm_1844_12_0178_01"><title>Ball-Tänze f. 2 Viol., Alt, Bass, Fl., 2 Clar, 2 Hörn., 2 Tromp., Pos. u. Pauken. Cah. 8. <composer key="compo_002699">Berthold</composer>, Polonaise über die Marseillaise, u. W.M. Polonaise nach Melodien a. d. Oper : Die Tochter des Regiments u. d. Schützenliede, v. Beermann</title>. <pubPlace key="place_0110">Chemnitz</pubPlace>, <publisher key="publ_1807">Häcker</publisher> 1 Thlr.</bibl>
<bibl id="hofm_1844_12_0178_02"><composer key="compo_002572">Berlioz (H.)</composer> <title>Le Carneval romain. Ouverture caractéristique à gr. Orchestre. Op. <opus key="opus_4562">9</opus></title>. <pubPlace key="place_0044">Berlin</pubPlace>, <publisher key="publ_3471">Schlesinger</publisher> 3 Thlr.</bibl>
<bibl id="hofm_1844_12_0178_03"><composer key="compo_012616">Gährig (W.)</composer> <title>Gluck! Gluck! Gluck! Walzer f. Orchester</title>. <pubPlace key="place_0044">Berlin</pubPlace>, <publisher key="publ_1394">Guttentag</publisher> 1 Thlr. 10 Ngr.</bibl>
<bibl id="hofm_1844_12_0178_04"><composer key="compo_012524">Gung’l (Joh.)</composer> <title>Ein Sträusschen. Walzer f. Orchester. Op. <opus key="opus_3181">5</opus></title>. <pubPlace key="place_0044">Berlin</pubPlace>, <publisher key="publ_3471">Schlesinger</publisher> 1 Thlr. 25 Ngr.</bibl>
<bibl id="hofm_1844_12_0178_05"><composer key="compo_012525">Gung’l (Jos.)</composer> <title>Ungarischer Marsch, Op. <opus key="opus_0001">1</opus>, und: Kettenbrücke-Galopp, Op. <opus key="opus_1372">2</opus>, f. Orchester</title>. <pubPlace key="place_0044">Berlin</pubPlace>, <publisher key="publ_0393">Bote u. B</publisher>. 1 Thlr. 15 Ngr.</bibl>
<bibl id="hofm_1844_12_0178_06">– <title>Erlanger Jubiläums-Walzer f. Orchester. Op. <opus key="opus_2268">32</opus></title>. Ebend. 1 Thlr. 15 Ngr.</bibl>
<bibl id="hofm_1844_12_0178_07">– <title>Paulinen-Polka, Op. <opus key="opus_2576">37</opus>, und: Stey’rers Heimweh-Marsch. Op. <opus key="opus_2630">38</opus>, f. Orchester</title>. Ebend. 1 Thlr. 15 Ngr.</bibl>
<bibl id="hofm_1844_12_0178_08"><composer key="compo_015706">Hänsel (A.)</composer> <title>4 Märsche über beliebte Motiven aus der Oper: Rienzi, der Letzte der Tribunen, von R. Wagner, und eine Reveille f. Militair-Musik. (Können auch 7stimmig vorgetragen werden)</title> <pubPlace key="place_0147">Dresden</pubPlace>, <publisher key="publ_2661">Meser</publisher> 3 Thlr.</bibl>
<bibl id="hofm_1844_12_0178_09"><title>Harmonie-Musik (10 oder 6–7stimmig) 3tes Samml. 5tes Heft, v. <composer key="compo_033797">Fr. Störr</composer></title>. <pubPlace key="place_0110">Chemnitz</pubPlace>, <publisher key="publ_1807">Häcker</publisher> 10 Ngr. n.</bibl>
<bibl id="hofm_1844_12_0178_10"><composer key="compo_020636">Leschnick (Marc.)</composer> <title>Eisenbahn-Actien Galopp f. Orchester</title>. <pubPlace key="place_0082">Breslau</pubPlace>, <publisher key="publ_3615">Schuhmann</publisher> 1 Thlr.</bibl>
<bibl id="hofm_1844_12_0178_11"><composer key="compo_020694">Leutner (Alb.)</composer> <title>Zigeuner-Polka, Op. <opus key="opus_0001">1</opus>, und: Cavallerie Signal-Marsch. Op. <opus key="opus_1372">2</opus>, f. Orchester</title>. <pubPlace key="place_0044">Berlin</pubPlace>, <publisher key="publ_0393">Bote u. B</publisher>. 1 Thlr.</bibl>
<bibl id="hofm_1844_12_0178_12"><composer key="compo_027643">Raymond (Ed.)</composer> <title>Polonaise zum Ball-Fest der Laetitia, f. Orchester</title>. <pubPlace key="place_0082">Breslau</pubPlace>, <publisher key="publ_3615">Schuhmann</publisher> 20 Ngr.</bibl>
<bibl id="hofm_1844_12_0178_13"><composer key="compo_033569">Strauss (Joh.)</composer> <title>Walzer f. Orchester. No. 76, Aurora-Fest-Klänge. Walzer. Op. <opus key="opus_1022">164</opus></title>. <pubPlace key="place_0731">Wien</pubPlace>, <publisher key="publ_1506">Haslinger</publisher> 2 Fl. 30 Xr.</bibl>
</div><div id="hofm_1844_12_0178_div02"><head><hofClass key="hofCl_0245">Musik für die Violine.</hofClass></head>      



<bibl id="hofm_1844_12_0178_14"><composer key="compo_003343">Blumenthal (Jos. v.)</composer> <title>3 Quartetten nach Motiven der Oper: Linda di Chamounix, v. G. Donizetti, f. 2 Violinen, Alt, u. Vclle. No. 1–3. (Quartetten nach Motiven bel. Opern. No. 13–15)</title> <pubPlace key="place_0731">Wien</pubPlace>, <publisher key="publ_0735">Diabelli u. Co</publisher>. à 2 Fl.</bibl>
<bibl id="hofm_1844_12_0178_15"><composer key="compo_013642">Hauser (M.)</composer> <title>Introduction et Variations de Concert sur des Thèmes de Donizetti, p. Violon avec Acc. d’Orchestre. Op. <opus key="opus_3967">7</opus></title>. <pubPlace key="place_0276">Hamburg</pubPlace>, <publisher key="publ_3605">Schuberth et Co</publisher>. 2 Thlr.</bibl>
<bibl id="hofm_1844_12_0178_16">– <title>6 Etudes de Concert, p. Violon. Op. <opus key="opus_4300">8</opus></title>. Ebend. 20 Ngr.</bibl>
<wip id="hofm_1844_12_0178_17"><composer key="compo_013697">Haydn (Jos.)</composer> <title>Partition des Quatuors p. 2 Violons, Alto et Vclle. <edition>Nouv. Edit</edition></title>. <title>No. 66, 67, in <key>Es</key>. <key>F</key></title>. (à 7½ Ngr.) 15 Ngr. <title>No. 68, 69, in <key>D</key>. <key>B</key></title>. (à 7½ Ngr.) 15 Ngr. 8. <pubPlace key="place_0044">Berlin</pubPlace>, <publisher key="publ_4068">Trautwein u. Co</publisher>. geh.</wip>
<pb n="179"/>
<bibl id="hofm_1844_12_0179_01"><composer key="compo_016246">Jansa (L.)</composer> <title>6 Duos p. 2 Violons. Op. <opus key="opus_3767">64</opus>. No. 4, in <key>G</key>. No. 5, in <key>B</key>. No. 6, in <key>A</key></title>. <pubPlace key="place_0392">Leipzig</pubPlace>, <publisher key="publ_3023">Peters</publisher> à 20 Ngr.</bibl>
<bibl id="hofm_1844_12_0179_02"><composer key="compo_021099">Lipinski (Ch.)</composer> <title>3 Caprices p. Violon seul. Op. <opus key="opus_2066">29</opus></title>. <pubPlace key="place_0276">Hamburg</pubPlace>, <publisher key="publ_3605">Schuberth u. Co</publisher>. 15 Ngr.</bibl>
<bibl id="hofm_1844_12_0179_03"><composer key="compo_027154">Prume (Franç.)</composer> <title>Concertino p. Violon av. Acc. d’Orchestre. Op. <opus key="opus_2738">4, No. 1</opus>, des Concertos (in <key>D</key>.)</title> <pubPlace key="place_0044">Berlin</pubPlace>, <publisher key="publ_3471">Schlesinger</publisher> 3 Thlr.</bibl>
<bibl id="hofm_1844_12_0179_04"><composer key="compo_030862">Schoen (M.)</composer> <title>A B C des Violinspiels. Vorschule z. gründlichen Erlernung des Violinspiels, nach den Regeln der vorzüglichsten deutschen Meister, mit 24 Uebungsstücken. Op. <opus key="opus_2268">32</opus></title>. <pubPlace key="place_0082">Breslau</pubPlace>, <publisher key="publ_2386">Leuckart</publisher> 15 Ngr.</bibl>
<bibl id="hofm_1844_12_0179_05">– <title>Praktischer Violin-Unterricht. 46 kleine Uebungsstücke f. Violine, mit einer begleitenden zweiten Violine f. d. Lehrer. <edition>3te Aufl</edition></title>. Ebend. 15 Ngr.</bibl>
<bibl id="hofm_1844_12_0179_06"><composer key="compo_033569">Strauss (Joh.)</composer> <title>Aurora-Fest-Klänge. Walzer f. 3 Violinen u. Bass. Op. <opus key="opus_1022">164</opus></title>. <pubPlace key="place_0731">Wien</pubPlace>, <publisher key="publ_1506">Haslinger</publisher> 1 Fl.</bibl>
<bibl id="hofm_1844_12_0179_07"><composer key="compo_035476">Vieuxtemps (H.)</composer> <title>Souvenir d’Amérique. Yankee doddle. Variations burlesques p. Violon av. Acc. de Quatuor. Op. <opus key="opus_1068">17</opus></title>. <pubPlace key="place_0276">Hamburg</pubPlace>, <publisher key="publ_3605">Schuberth u. Co</publisher>. 1 Thlr.</bibl>
<bibl id="hofm_1844_12_0179_08"><title>Violinspieler (der junge) Sammlung beliebter Opern, für Anfänger bearbeitet. No. 18, <composer key="compo_024650">Netzer (Jos.)</composer> Mara</title>. <pubPlace key="place_0078">Braunschweig</pubPlace>, <publisher key="publ_3822">Spehr</publisher> 10 Ngr.</bibl>
</div><div id="hofm_1844_12_0179_div03"><head><hofClass key="hofCl_0200">Musik für die Flöte.</hofClass></head>      



<bibl id="hofm_1844_12_0179_09"><title>Flötenspieler (der junge) Samml. d. besten Opern. No. 51, <composer key="compo_007196">Donizetti</composer>, d. Favoritin, No. 52, <composer key="compo_007196">Donizetti</composer>, Marie, d. Regimentstochter No. 53, <composer key="compo_024650">Netzer (Jos.)</composer> Mara</title>. <pubPlace key="place_0078">Braunschw</pubPlace>., <publisher key="publ_3822">Spehr</publisher> à 20 Ngr.</bibl>
<bibl id="hofm_1844_12_0179_10"><composer key="compo_032462">Smancini (G.)</composer> <title>Improvista. Valzer p. Flauto solo</title>. <pubPlace key="place_0437">Mailand</pubPlace>, <publisher key="publ_3241">Ricordi</publisher> 1 Fr. 50 Ct.</bibl>
<wip id="hofm_1844_12_0179_11"><composer key="compo_032658">Soussmann (H.)</composer> <title>Practische Flötenschule (Methode practique p. Flûte) Op. <opus key="opus_3316">53</opus> u. <opus key="opus_3351">54</opus>. (Mit Soussmann’s Portrait und Schuberth’s musik. Fremdwörterbuche)</title> <pubPlace key="place_0276">Hamburg</pubPlace>, <publisher key="publ_3605">Schuberth u. Co</publisher>. geb. 5 Thlr. 10 Ngr. <lb/>Hieraus einzeln: <title>Tabelle der natürlichen oder gewöhnlichen Töne und der Kreuze und B</title>. (5 Ngr.) <title>Tabelle der Triller</title> 10 Ngr.</wip>
<bibl id="hofm_1844_12_0179_12"><composer key="compo_033569">Strauss (Joh.)</composer> <title>Lieblings-Walzer f. Flöte. No. 95, Aurora-Fest-Klänge. Op. <opus key="opus_1022">164</opus></title>. <pubPlace key="place_0731">Wien</pubPlace>, <publisher key="publ_1506">Haslinger</publisher> 20 Xr.</bibl>
</div><div id="hofm_1844_12_0179_div04"><head><hofClass key="hofCl_0131">Musik für verschiedene Blasinstrumente.</hofClass></head>      



<bibl id="hofm_1844_12_0179_13"><composer key="compo_018962">Krähmer (Ern.)</composer> <title>Rondo militaire p. 2 Csakan av. Acc. de Pfte. (ou de Guitare) Op. <opus key="opus_2509">36</opus></title>. <pubPlace key="place_0731">Wien</pubPlace>, <publisher key="publ_0735">Diabelli u. Co</publisher>. 1 Fl. 15 Xr.</bibl>
<bibl id="hofm_1844_12_0179_14">– <title>Fantaisie sur des Motifs favoris de l’Opéra : Le Pre aux Clercs (Der Zweikampf) de Herold, p. Csakan av. Acc. de Pfte. (ou de Guitare) Op. <opus key="opus_2576">37</opus></title>. Ebend. 1 Fl. 15 Xr.</bibl>
<bibl id="hofm_1844_12_0179_15"><composer key="compo_033569">Strauss (Joh.)</composer> <title>Lieblings-Walzer f. Csakan. No. 95, Aurora-Fest-Klänge. Op. <opus key="opus_1022">164</opus></title>. <pubPlace key="place_0731">Wien</pubPlace>, <publisher key="publ_1506">Haslinger</publisher> 20 Xr.</bibl>
</div><div id="hofm_1844_12_0179_div05"><head><hofClass key="hofCl_0205">Musik für die Guitarre.</hofClass></head>      



<bibl id="hofm_1844_12_0179_16"><composer key="compo_003975">Brand (Alex.)</composer> <title>6 Valses brillantes p. Violon av. Acc. de Guitare</title> <pubPlace key="place_0438">Mainz</pubPlace>, <publisher key="publ_3563">Schott</publisher> 54 Xr.</bibl>
<bibl id="hofm_1844_12_0179_17"><composer key="compo_019510">Küffner (J.)</composer> <title>Delassement musicale. Collection de Morceaux faciles sur des Thèmes favoris de Adam, Auber, Bellini, Donizetti, p. Pfte et Guitare. Op. <opus key="opus_2291">322</opus> en 6 Livr. No. 1. 2</title>. Ebend. à 1 Fl. 12 Xr.</bibl>
<bibl id="hofm_1844_12_0179_18"><composer key="compo_033569">Strauss (Joh.)</composer> <title>Lieblings-Walzer f. Guitarre. No. 95, Aurora-Fest-Klänge. Op. <opus key="opus_1022">164</opus></title>. <pubPlace key="place_0731">Wien</pubPlace>, <publisher key="publ_1506">Haslinger</publisher> 30 Xr.</bibl></div>

<pb n="180"/>
<div id="hofm_1844_12_0180_div06"><head><hofClass key="hofCl_0167">Musik für das Pianoforte mit Begleitung.</hofClass></head>      



<bibl id="hofm_1844_12_0180_02_a"><composer key="compo_001322">Baerman (Ch.)</composer> <title>La petite Mendiante (Die kleine Bettlerin) Scène chantante transcrite p. Violoncelle av. Acc. de Pfte. Op. <opus key="opus_0684">14</opus></title>. <pubPlace key="place_0438">Mainz</pubPlace>, <publisher key="publ_3563">Schott</publisher> 1 Fl.</bibl>
<bibl id="hofm_1844_12_0180_02"><composer key="compo_001914">Bazzini (A.)</composer> <title>Fantaisie sur la Romance et un Choeur de l’Opéra : La Favorita de Donizetti, p. Violon av. Acc. de Pfte. Op. <opus key="opus_1078">17, No. 4</opus></title>, <pubPlace key="place_0044">Berlin</pubPlace>, <publisher key="publ_3471">Schlesinger</publisher> 22½ Ngr.</bibl>
<bibl id="hofm_1844_12_0180_03">– <title>Air de l’Opéra : I Puritani p. Violon av. Acc. de Pfte. Op. <opus key="opus_1082">17, No. 6</opus></title>. Ebend. 1 Thlr.</bibl>
<bibl id="hofm_1844_12_0180_04"><composer key="compo_002150">Belcke (C.G.)</composer> <title>Melodien f. Flöte u. Pfte. Op. <opus key="opus_1482">21</opus></title>. <pubPlace key="place_0392">Leipzig</pubPlace>, <publisher key="publ_3023">Peters</publisher> 22½ Ngr.</bibl>
<bibl id="hofm_1844_12_0180_05"><composer key="compo_003975">Brand (Alex.)</composer> <title>6 Valses brillantes p. Violon av. Acc. de Pfte</title>. <pubPlace key="place_0438">Mainz</pubPlace>, <publisher key="publ_3563">Schott</publisher> 1 Fl. 12 Xr.</bibl>
<wip id="hofm_1844_12_0180_06"><composer key="compo_006921">Diabelli (Ant.)</composer> <title>Concordance. Periodisches Werk f. Pfte. u. Violine concertant</title>. <pubPlace key="place_0731">Wien</pubPlace>, <publisher key="publ_0735">Diabelli u. Co</publisher>. à 1 Fl. 15 Xr. <lb/><title>Heft 45, Schubert (Fr.) Lieder. 1ste Abth. (Der Wanderer. Wanderers Nachtlied. Fischerweise. Morgenständchen. Der blinde Knabe. Der Schmetterling. Lob der Thränen. Der Alpenjäger. An eine Quelle) <lb/>Heft 46, Schubert (Fr.) Lieder. 2te Abth. (Hymne an die Jungfrau. Die Forelle. Frühlingsglaube. Das Wandern. Wohin? Morgengruss. Im Haine. Der Neugierige. Ungeduld.)</title></wip>
<bibl id="hofm_1844_12_0180_07">– <title>Productionen im häuslichen Freundschafts-Zirkel f. Flöte mit Begl. d. Pfte</title>. Ebend.à 1 Fl. 15 Xr. <lb/><title>No. 56, Schubert (Fr.) Lieder. 1ste Abth. <lb/>No. 57, – do. 2te Abth</title>.</bibl>
<bibl id="hofm_1844_12_0180_08"><composer key="compo_009725">Franck (C.A.)</composer> <title>3 Trios p. Pfte, Violon et Vclle. Op. <opus key="opus_0009">1. No. 2</opus>, in <key>B</key></title>. <pubPlace key="place_0276">Hamburg</pubPlace>, <publisher key="publ_3605">Schuberth u. Co</publisher>. 2 Thlr. 22½ Ngr.</bibl>
<bibl id="hofm_1844_12_0180_09"><composer key="compo_010419">Fürstenau (A.B.)</composer> <title>Reminiscenses de Rienzi. Introduction et Rondino p. Flûte et Pfte. Op. <opus key="opus_0738">143</opus></title>. <pubPlace key="place_0147">Dresden</pubPlace>, <publisher key="publ_2661">Meser</publisher> 25 Ngr.</bibl>
<bibl id="hofm_1844_12_0180_10"><composer key="compo_012525">Gung’l (Jos.)</composer> <title>Erlanger Jubiläums-Walzer f. Violine m. Begl. d. Pfte. Op. <opus key="opus_2268">32</opus></title>. <pubPlace key="place_0044">Berlin</pubPlace>, <publisher key="publ_0393">Bote u. B</publisher>. 12½ Ngr.</bibl>
<bibl id="hofm_1844_12_0180_11"><composer key="compo_013642">Hauser (M.)</composer> <title>Introduction und Rondo über ungarische National-Motive f. Violine mit Begl. d. Pfte. Op. <opus key="opus_1372">2</opus></title>. <pubPlace key="place_0276">Hamburg</pubPlace>, <publisher key="publ_3605">Schuberth u. Co</publisher>. 25 Ngr.</bibl>
<bibl id="hofm_1844_12_0180_12"><composer key="compo_019130">Kummer (F.A.)</composer> <title>Fantaisie sur des Motifs de l’Opéra : Rienzi, de R. Wagner, p. Violoncelle av. Acc. de Pfte. Op. <opus key="opus_4214">78</opus></title>. <pubPlace key="place_0147">Dresden</pubPlace>, <publisher key="publ_2661">Meser</publisher> 25 Ngr.</bibl>
<wip id="hofm_1844_12_0180_13"><composer key="compo_021385">Lubin (Léon de St)</composer> <title>Morceaux de Salon. 2 Nocturnes en Forme d’Andante. Op. <opus key="opus_3071">47</opus></title>. <title>No. 1, Notturno suivie d’un Rondino</title> (20 Ngr.) <title>No. 2, Notturno suivie d’une Polonaise</title> (25 Ngr.) <pubPlace key="place_0276">Hamburg</pubPlace>, <publisher key="publ_3605">Schuberth u. Co</publisher>.</wip>
<bibl id="hofm_1844_12_0180_14"><composer key="compo_025594">Pacini (Giov.)</composer> <title>La Fidanzata Corso. Opera, rid. p. Violino e Pfte. da P. Mandanici</title>. <pubPlace key="place_0437">Mailand</pubPlace>, <publisher key="publ_3241">Ricordi</publisher> 24 Fr.</bibl>
<bibl id="hofm_1844_12_0180_14_m">– Idem p. Vcllo. et Pfte. Ebend. 24 Fr.</bibl>
<bibl id="hofm_1844_12_0180_16">– Idem p. Flauto e Pfte. Ebend. 24 Fr.</bibl>
<bibl id="hofm_1844_12_0180_17"><composer key="compo_027167">Praeger (H.A.)</composer> <title>12 Melodies populaires sur des Motifs favoris p. Pfte. et Violon. No. 1, Alpensänger-Marsch. No. 2. Weber (C.M. v.) Jägerchor. No. 3, Air suisse. No. 4, Weber (C.M. v.) derniere Valse. No. 5, Air ecosais : Auld Robin Gray. No. 6, Rossini, Di tanti palpit. No. 7, Batti, batti. No. 8, Haydn, Gott erhalte. No. 9, Mozart, Non piu andrai. No. 10, Beethoven, Marche et dernière Valse. No. 11, Auber, Barcarole und Schlummerlied. No. 12, Mozart, La ei darem la mano</title>. <pubPlace key="place_0069">Bonn</pubPlace>, <publisher key="publ_3791">Simrock</publisher> à 1 Fr. 25 Ct.</bibl>
<pb n="181"/>
<bibl id="hofm_1844_12_0181_01"><composer key="compo_027154">Prume (Franç.)</composer> <title>Concertino p. Violon av. Acc. de Pfte. Op. <opus key="opus_2738">4. No. 1</opus> des Concertos (in <key>D</key>.)</title> <pubPlace key="place_0044">Berlin</pubPlace>, <publisher key="publ_3471">Schlesinger</publisher> 2 Thlr.</bibl>
<bibl id="hofm_1844_12_0181_02"><composer key="compo_031529">Schwencke (Ch.)</composer> <title>3 Duos concertans p. Pfte et Violon. Op. <opus key="opus_2948">44</opus>. No. 1, Choeur de Norma de Bellini. No. 2, Duo de Norma de Bellini. No. 3, L’Andalouse de Mompou</title>. <pubPlace key="place_0069">Bonn</pubPlace>, <publisher key="publ_3791">Simrock</publisher> à 2 Fr.</bibl>
<bibl id="hofm_1844_12_0181_03"><composer key="compo_032798">Spohr (L.)</composer> <title>Elegisch und humoristisch. 6 Duettinen (Lieder ohne Worte) f. Pfte. u. Violine. Op. <opus key="opus_0495">127</opus></title>. <pubPlace key="place_0276">Hamburg</pubPlace>, <publisher key="publ_3605">Schubert u. Co</publisher>. 3 Thlr. 10 Ngr.</bibl>
<bibl id="hofm_1844_12_0181_04"><composer key="compo_033318">Steveniers (J.)</composer> <title>Le Souvenir. Mélodie transcrite p. Violoncelle av. Acc. de Pfte. p. A. Defrance</title>. <pubPlace key="place_0438">Mainz</pubPlace>, <publisher key="publ_3563">Schott</publisher> 1 Fl.</bibl>
<bibl id="hofm_1844_12_0181_05"><composer key="compo_033569">Strauss (Joh.)</composer> <title>Aurora-Fest-Klänge. Walzer f. Violine u. Pfte. Op. <opus key="opus_1022">164</opus></title>. <pubPlace key="place_0731">Wien</pubPlace>, <publisher key="publ_1506">Haslinger</publisher> 45 Xr.</bibl>
<bibl id="hofm_1844_12_0181_06">– Idem f. Flöte u. Pfte. Ebend. 45 Xr.</bibl>
<bibl id="hofm_1844_12_0181_07"><composer key="compo_034917">Truzzi (L.)</composer> <title>Fantasia concertante sopra Motivi dell’ Opèra: Ernani de Verdi, p. Pfte. e Flauto. Op. <opus key="opus_4096">74</opus></title>. <pubPlace key="place_0437">Mailand</pubPlace>, <publisher key="publ_3241">Ricordi</publisher> 7 Fr.</bibl>
<bibl id="hofm_1844_12_0181_08"><composer key="compo_035476">Vieuxtemps (H.)</composer> <title>Souvenir d’Amerique. Yankee doddle. Variations burlesques p. Violon av. Acc. de Pfte. Op. <opus key="opus_1068">17</opus></title>. <pubPlace key="place_0276">Hamburg</pubPlace>, <publisher key="publ_3605">Schubert u. Co</publisher>. 25 Ngr.</bibl>
</div><div id="hofm_1844_12_0181_div07"><head><hofClass key="hofCl_0171">Musik für das Pianoforte zu vier Händen.</hofClass></head>      



<bibl id="hofm_1844_12_0181_09"><composer key="compo_002205">Bellini (V.)</composer> <title>Beatrice di Tenda (Das Castell von Ursino) Lyrische Tragödie von F.X. Chotek</title>. <pubPlace key="place_0731">Wien</pubPlace>, <publisher key="publ_0735">Diabelli u. Co</publisher>. geh. 10 Fl.</bibl>
<bibl id="hofm_1844_12_0181_10"><composer key="compo_002709">Bertini (H.)</composer> <title>Etudes musicales. Op. <opus key="opus_4709">97. No. 1. 2</opus></title>. <pubPlace key="place_0069">Bonn</pubPlace>, <publisher key="publ_3791">Simrock</publisher> à 2 Fr. 50 Ct.</bibl>
<bibl id="hofm_1844_12_0181_11"><composer key="compo_004435">Brunner (C.T.)</composer> <title>2 Divertissements sur des Motifs favoris de l’Opéra : La Part du Diable de Auber. Op. <opus key="opus_3665">61. No. 1. 2</opus></title>. Ebend. à 3 Fr.</bibl>
<wip id="hofm_1844_12_0181_12"><composer key="compo_005672">Chwatal (F.X.)</composer> <title>Das Schönste aus den Opern von W.A. Mozart arr</title>. <pubPlace key="place_0044">Berlin</pubPlace>, <publisher key="publ_3471">Schlesinger</publisher>. <lb/><title>No. 1, Don Juan. Duo: Gieb mir die Hand (La ci darem)</title> 5 Ngr. <lb/><title>No. 2, – Aria: Freunde eilt (Il mio tesoro)</title> 7½ Ngr.</wip>
<bibl id="hofm_1844_12_0181_13"><composer key="compo_006106">Cramer (H.)</composer> <title>Potpourri sur les Motifs favoris de l’Opéra : La Sirene</title>. <pubPlace key="place_0438">Mainz</pubPlace>, <publisher key="publ_3563">Schott</publisher> 1 Fl. 12 Xr.</bibl>
<bibl id="hofm_1844_12_0181_14"><composer key="compo_006111">Cramer (J.B.)</composer> <title>12 leichte instructive Stücke. Melodien von Bellini, Corelli, Meyerbeer u. A. Anhang zur practischen Schule: Der beste Rathgeber am Clavier (12 Pieces faciles) Op. <opus key="opus_4722">98</opus>. Liv. 4</title>. <pubPlace key="place_0044">Berlin</pubPlace>, <publisher key="publ_3471">Schlesinger</publisher> 10 Ngr.</bibl>
<bibl id="hofm_1844_12_0181_15"><composer key="compo_006306">Czerny (Ch.)</composer> <title>Der gute Clavierspieler. 50 Tonleiter-Uebungen mit genauer Bezeichnung des Fingersatzes. (L’Exercice des Gammes) Liv. 1</title>. Ebend. 15 Ngr.</bibl>
<bibl id="hofm_1844_12_0181_16"><composer key="compo_006921">Diabelli (Ant.)</composer> <title>Euterpe. Eine Reihe moderner und vorzüglich beliebter Tonstücke</title>. <pubPlace key="place_0731">Wien</pubPlace>, <publisher key="publ_0735">Diabelli u. Co</publisher>. <listBibl rend="curly"><bibl><seg><title>No. 438, Erstes</title></seg><seg id="hofm_1844_12_0181_16_first_1" rend="curly-left"><title>Potpourri nach Motiven der Oper: Ernani v. Donizetti</title>.</seg><seg id="hofm_1844_12_0181_16_second_1" rend="curly-left">à 1 Fl. 30 Xr.</seg></bibl><bibl><seg><title>439, Zweites</title></seg><seg sameAs="hofm_1844_12_0181_16_first_1"/><seg sameAs="hofm_1844_12_0181_16_second_1"/></bibl><bibl><seg><title>440, Drittes</title></seg><seg sameAs="hofm_1844_12_0181_16_first_1"/><seg sameAs="hofm_1844_12_0181_16_second_1"/></bibl><bibl><seg><title>441, Viertes</title></seg><seg sameAs="hofm_1844_12_0181_16_first_1"/><seg sameAs="hofm_1844_12_0181_16_second_1"/></bibl></listBibl></bibl>


<bibl id="hofm_1844_12_0181_17">– <title>Wiener Lieblingsstücke</title>. Siehe: <xref type="external" from="hofm_1844_12_0183_09" to="DITTO" targOrder="U">Solos f. Pfte</xref>.</bibl>
<bibl id="hofm_1844_12_0181_18"><composer key="compo_012525">Gung’l (Jos.)</composer> <title>Erlanger Jubiläums-Walzer. Op. <opus key="opus_2268">32</opus></title>. <pubPlace key="place_0044">Berlin</pubPlace>, <publisher key="publ_0393">Bote u. B</publisher>. 20 Ngr.</bibl>
<bibl id="hofm_1844_12_0181_19">– <title>Paulinen-Polka. Op. <opus key="opus_2576">37</opus></title>. Ebend. 10 Ngr.</bibl>
<bibl id="hofm_1844_12_0181_20">– <title>Stey’rers Heimweh-Marsch. Op. <opus key="opus_2630">38</opus></title>. Ebend. 5 Ngr.</bibl>
<bibl id="hofm_1844_12_0181_21"><composer key="compo_021137">Liszt (F.)</composer> <title>Grande Valse di Bravure arr. Op. <opus key="opus_3565">6</opus></title>. <pubPlace key="place_0276">Hamburg</pubPlace>, <publisher key="publ_3605">Schuberth u. Co</publisher>. 1 Thlr.</bibl>
<pb n="182"/>
<wip id="hofm_1844_12_0182_01"><title>Mozart und Haydn, Sammlung der ansprechensten Adagio’s, Menuetten etc. leicht arr</title>. <pubPlace key="place_0436">Magdeburg</pubPlace>, <publisher key="publ_1560">Heinrichshofen</publisher>. <lb/><title>No. 4, <composer key="compo_013690">Haydn</composer>, Adagio aus Sinfonie No. 9, in <key>C</key></title>. 10 Ngr. <lb/>– <title>7, – Allegretto aus Sinfonie No. 4, in <key>G</key></title>. 10 Ngr. <lb/>– <title>8, – Menuetto aus Sinfonie No. 4, in <key>G</key></title>. 7½ Ngr.</wip>
<bibl id="hofm_1844_12_0182_02"><composer key="compo_026351">Philipp (B.E.)</composer> <title>Die kleinen Virtuosen. 2 ganz leichte und heitere Rondo’s</title>. <pubPlace key="place_0082">Breslau</pubPlace>, <publisher key="publ_2386">Leuckart</publisher> 15 Ngr.</bibl>
<bibl id="hofm_1844_12_0182_03"><composer key="compo_031122">Schubert (Fr.)</composer> <title>Der Neugierige. Im Haine</title>. Siehe: <xref type="external" from="hofm_1844_12_0183_09" to="DITTO" targOrder="U">Solos f. d. Pfte Diabelli, Wiener Lieblingsstücke</xref>.</bibl>
<bibl id="hofm_1844_12_0182_04"><composer key="compo_033569">Strauss (Joh.)</composer> <title>Aurora-Fest-Klänge. Walzer. Op. <opus key="opus_1022">164</opus></title>. <pubPlace key="place_0731">Wien</pubPlace>, <publisher key="publ_1506">Haslinger</publisher> 1 Fl. 15 Xr.</bibl>
<bibl id="hofm_1844_12_0182_05"><composer key="compo_033686">Struve (G.)</composer> <title>Der musikalische Jugendfreund</title>. Siehe: <xref type="external" from="hofm_1844_12_0184_06" to="DITTO" targOrder="U">Solos f. d. Pfte</xref>.</bibl>
</div><div><bibl id="hofm_1844_12_0182_06"><composer key="compo_037492">Wolff (Ed.)</composer> <title>Duo brillant sur des Motifs favoris de l’Opéra : La Sirène d’Auber. Op. <opus key="opus_0137">104</opus></title>. <pubPlace key="place_0044">Berlin</pubPlace>, <publisher key="publ_3471">Schlesinger</publisher> 25 Ngr.</bibl>
</div><div id="hofm_1844_12_0182_div08"><head><hofClass key="hofCl_0166">Musik für das Pianoforte allein.</hofClass></head>      



<bibl id="hofm_1844_12_0182_07"><composer key="compo_000092">Adam (Ad.)</composer> <title>Der Brauer von Preston. Oper. 3 Potpourris nach den beliebtesten Motiven von Ant. Diabelli</title>. <pubPlace key="place_0731">Wien</pubPlace>, <publisher key="publ_0735">Diabelli u. Co</publisher>. geh. 2 Fl. 30 Xr.</bibl>
<bibl id="hofm_1844_12_0182_08"><composer key="compo_001079">Auber (D.F.E.)</composer> <title>Die Sirene. Oper. 3 Potpourris nach den beliebtesten Motiven v. Ant. Diabelli</title>. Ebend. geh. 1 Fl. 40 Xr.</bibl>
<bibl id="hofm_1844_12_0182_09"><composer key="compo_002709">Bertini (H.)</composer> <title>Fantaisie-Valse. Op <opus key="opus_0873">154</opus></title>. <pubPlace key="place_0438">Mainz</pubPlace>, <publisher key="publ_3563">Schott</publisher> 1 Fl. 30 Xr.</bibl>
<bibl id="hofm_1844_12_0182_10"><composer key="compo_002826">Beyer (Ferd.)</composer> <title>Reminiscenses de Milanollo. 2 Morceaux de Salon. Op. <opus key="opus_3836">66. No. 1. 2</opus></title>. <pubPlace key="place_0069">Bonn</pubPlace>, <publisher key="publ_3791">Simrock</publisher> à 2 Fr.</bibl>
<album id="hofm_1844_12_0182_11"><title>Bouquet (le) de Perles. Album 1845 (<composer key="compo_016826">Kalkbrenner (F.)</composer> La Solitude. <composer key="compo_007387">Dreyschock (A.)</composer> Notturno. Op. <opus key="opus_1999">28</opus>. <composer key="compo_025440">Osborne (G.A.)</composer> La Bateliere. <composer key="compo_037491">Wolff (E.)</composer> Elégie. <composer key="compo_027150">Prudent (E.)</composer> Barcarola. <composer key="compo_028886">Rosenhain (J.)</composer> Le Passé. <composer key="compo_028854">Rosellen (H.)</composer> L’Esperance. <composer key="compo_000389">Alkan (C.V.)</composer> Désir)</title> <pubPlace key="place_0438">Mainz</pubPlace>, <publisher key="publ_3563">Schott</publisher> 2 Fl. 24 Xr.</album>
<bibl id="hofm_1844_12_0182_12"><composer key="compo_004435">Brunner (C.T.)</composer> <title>Thème favori de l’Opéra : Beatrice di Tenda de Donizetti varié. Op. <opus key="opus_3529">59</opus></title>. <pubPlace key="place_0069">Bonn</pubPlace>, <publisher key="publ_3791">Simrock</publisher> 2 Fr.</bibl>
<bibl id="hofm_1844_12_0182_13">– <title>Fantaisie sur des Motifs favoris de l’Opéra : La Part du Diable d’Auber. Op. <opus key="opus_3586">60</opus></title>. Ebend. 2 Fr. 25 Ct.</bibl>
<bibl id="hofm_1844_12_0182_14">– <title>Souvenirs de Mozart. 6 Transcriptions faciles en Forme de petites Fantaisies sur des Motifs favoris d’Opéras de W.A. Mozart. Op. <opus key="opus_3825">66</opus>. No. 1, L’Enlèvement du Serail. No. 2, Le Nozze di Figaro. No. 3. 4, Don Giovanni. No. 5, La Flûte magique. No. 6, La Clemenza di Tito</title>. <pubPlace key="place_0147">Dresden</pubPlace>, <publisher key="publ_2993">Paul</publisher> à 12½ Ngr.</bibl>
<bibl id="hofm_1844_12_0182_15"><composer key="compo_004748">Burkhardt (Sal.)</composer> <title>Kleine leichte Potpourris nach den beliebtesten Melodien aus den neuesten Opern. Cah. 6, Netzer (Jos.) Mara</title>. <pubPlace key="place_0147">Dresden</pubPlace>, <publisher key="publ_1660">Heydt</publisher> 10 Ngr.</bibl>
<bibl id="hofm_1844_12_0182_16"><composer key="compo_004709">Burgmüller (Ferd.)</composer> <title>Opernfreund. Potpourris im leichten Arrangement. No. 13, Donizetti, die Favoritin. No. 15, Donizetti, der Liebestrank. No. 19, Halevy, Guido und Ginevra. No. 22, Lortzing, Czaar und Zimmermann</title>. <pubPlace key="place_0276">Hamburg</pubPlace>, <publisher key="publ_3605">Schuberth u. Co</publisher>. 10 Ngr.</bibl>
<wip id="hofm_1844_12_0182_17"><composer key="compo_005672">Chwatal (F.X.)</composer> <title>Variations amusantes et non difficiles. Op. <opus key="opus_1999">28</opus></title>. <title>No. 1, Hannchen vor Allen</title> (12½ Ngr.) <title>No. 2, Die letzten Zehn vom vierten Régiment</title> (12½ Ngr.) <title>No. 3, Die Heimath</title> (10 Ngr.) Ebend.</wip>
<bibl id="hofm_1844_12_0182_18">– <title>Musikalisches Blumengärtchen. Eine Reihe leichter und ansprechender Rondinos, Variationen, Bagatellen und Tänze über die beliebtesten Themas. Op. <opus key="opus_3490">58</opus>. Heft 8</title>. <pubPlace key="place_0436">Magdeburg</pubPlace>, <publisher key="publ_1560">Heinrichshofen</publisher> 10 Ngr.</bibl>
<pb n="183"/>
<bibl id="hofm_1844_12_0183_01"><composer key="compo_005672">Chwatal (F.X.)</composer> <title>Rondo brillant et non difficile sur des Thèmes favoris de l’Opéra : La Sirène d’Auber. Op. <opus key="opus_3995">70. No. 2</opus></title>. <pubPlace key="place_0044">Berlin</pubPlace>, <publisher key="publ_3471">Schlesinger</publisher> 17½ Ngr.</bibl>
<bibl id="hofm_1844_12_0183_02"><composer key="compo_006106">Cramer (H.)</composer> <title>23me Potpourri sur les Motifs favoris de l’Opéra : Fidelio, de Beethoven</title>. <pubPlace key="place_0438">Mainz</pubPlace>, <publisher key="publ_3563">Schott</publisher> 54 Xr.</bibl>
<bibl id="hofm_1844_12_0183_03">– <title>25me Potpourri sur les Motifs favoris de l’Opéra : La Muette de Portici d’Auber</title>. Ebend. 54 Xr.</bibl>
<bibl id="hofm_1844_12_0183_04"><composer key="compo_006306">Czerny (Ch.)</composer> <title>Le parfait Pianiste. 25 Etudes progressives pour les petites Mains (Der gute Clavierspieler. 25 fertschreitende Uebungen) Op. <opus key="opus_4122">748</opus>. Liv. 1–3</title>. <pubPlace key="place_0044">Berlin</pubPlace>, <publisher key="publ_3471">Schlesinger</publisher> à 20 Ngr.</bibl>
<bibl id="hofm_1844_12_0183_05">– <title>Le Progrès (Le parfait Pianiste Op. <opus key="opus_4124">749. No. 2</opus>) 25 Etudes progressives ou Introduction à celles de J.B. Cramer. (Der Fortschritt. 25 leichte fortschreitende Uebungen) Liv. 1–3</title>. Ebend. à 20 Ngr.</bibl>
<bibl id="hofm_1844_12_0183_06">– <title>Le Progrès (Le parfait Pianiste) 30 Etudes progressives ou Introduction à celles de J.B. Cramer. (Der Fortschritt. 30 instructive Uebungen) Op. <opus key="opus_4143">753</opus>. Liv. 1–4</title>. Ebend. à 20 Ngr.</bibl>
<bibl id="hofm_1844_12_0183_07">– <title>6 Rondos im leicht brillantem Style auf die beliebtesten Motiven der Oper: Rienzi von R. Wagner. Op. <opus key="opus_4149">758. No. 1–6</opus></title>. <pubPlace key="place_0147">Dresden</pubPlace>, <publisher key="publ_2661">Meser</publisher> à 12½ Ngr.</bibl>
<wip id="hofm_1844_12_0183_08"><composer key="compo_006408">Damcke (B.)</composer> <title>Intermezzi. Op. <opus key="opus_1068">17</opus></title>. <title>No. 1, Elégie</title> (15 Ngr.) <title>No. 2, Romance</title> (7½ Ngr.) <title>No. 3, Idylle</title> (10 Ngr.) <title>No. 4, La Cascade</title> (10 Ngr.) <title>No. 5, Chansonnette</title> (7½ Ngr.) <title>No. 6, Nocturne</title> (7½ Ngr.) <pubPlace key="place_0044">Berlin</pubPlace>, <publisher key="publ_3471">Schlesinger</publisher>.</wip><wip id="hofm_1844_12_0183_09"><composer key="compo_006921">Diabelli (Ant.)</composer> <title>Wiener Lieblings-Stücke der neuesten Zeit f. Pfte. allein und zu vier Händen</title>. <pubPlace key="place_0731">Wien</pubPlace>, <publisher key="publ_0735">Diabelli u. Co</publisher>. à 30 Xr. <lb/><title>No. 41. Schubert (Fr.) Der Neugierige. <lb/>– 42, – Im Haine</title>.</wip>

<bibl id="hofm_1844_12_0183_10"><composer key="compo_011607">Goldschmidt (Sig.)</composer> <title>Polka. Danse bohemienne. Op. <opus key="opus_4562">9</opus></title>. <pubPlace key="place_0044">Berlin</pubPlace> <publisher key="publ_1394">Guttentag</publisher> 22½ Ngr.</bibl>
<bibl id="hofm_1844_12_0183_11">– <title>Scene de Bal. Rondeau brillant. Op. <opus key="opus_0234">11</opus></title>. Ebend. 20 Ngr.</bibl>
<wip id="hofm_1844_12_0183_12"><composer key="compo_012011">Gressler (F.A.)</composer> <title>6 Volks-Favoriten, oder beliebte Volksweisen mit Introductionen, Rondinos und Variationen einfach, leicht und ansprechend gesetzt mit Applicatur. Op. <opus key="opus_0806">15</opus></title>. <pubPlace key="place_0241">Gotha</pubPlace>, <publisher key="publ_2779">Müller</publisher> 1 Thlr. <title>No. 1, Var. (Fahret hin.) No. 2, Rondo pastorale (An Alexis.) No. 3, Var. (Es ritten drei Reiter). No. 4, Rondo militair (Dessauer Marsch). No. 5, Var. (Du du liegst mir im Herzen). No. 6. Rondo alla russe (Schöne Minka)</title> à 5 Ngr.</wip>
<bibl id="hofm_1844_12_0183_13"><composer key="compo_012127">Grobe (H.)</composer> <title>Elégie. Op. <opus key="opus_1372">2</opus></title>. <pubPlace key="place_0438">Mainz</pubPlace>, <publisher key="publ_3563">Schott</publisher> 1 Fl. 12 Xr.</bibl>
<bibl id="hofm_1844_12_0183_14"><composer key="compo_015697">Händel</composer>, <title>4ème Concerto p. Pfte (ou Orgue) redigé p. Mortier de Fontaine</title>. <pubPlace key="place_0044">Berlin</pubPlace>, <publisher key="publ_3471">Schlesinger</publisher> 25 Ngr.</bibl>
<bibl id="hofm_1844_12_0183_15"><composer key="compo_014251">Henselt (A.)</composer> <title>Das ferne Land. Romance favorite de Mdme Viardot-Garcia</title>. <pubPlace key="place_0276">Hamburg</pubPlace>, <publisher key="publ_3605">Schuberth u. Co</publisher>. 7½ Ngr.</bibl>
<bibl id="hofm_1844_12_0183_16"><composer key="compo_014350">Herion (A.)</composer> <title>3 Nocturnes. Op. <opus key="opus_1372">2</opus></title>. <pubPlace key="place_0147">Dresden</pubPlace>, <publisher key="publ_2993">Paul</publisher> 15 Ngr.</bibl>
<bibl id="hofm_1844_12_0183_17"><composer key="compo_014556">Herz (Jacq.)</composer> <title>Grande Valse élégante. Op. <opus key="opus_2764">40</opus>, in <key>Es</key></title>. <pubPlace key="place_0044">Berlin</pubPlace>, <publisher key="publ_3471">Schlesinger</publisher> 20 Ngr.</bibl>
<bibl id="hofm_1844_12_0183_18"><composer key="compo_018639">Krebs (C.)</composer> <title>Auswahl der beliebtesten Lieder f. Pfte übertragen. No. 5, Die Heimath</title>. <pubPlace key="place_0276">Hamburg</pubPlace>, <publisher key="publ_3605">Schuberth u. Co</publisher>. 17½ Ngr.</bibl>
<bibl id="hofm_1844_12_0183_19"><composer key="compo_018822">Krispin (Ladisl.)</composer> <title>Pensée fugitive. Op. <opus key="opus_0001">1</opus></title>. <pubPlace key="place_0731">Wien</pubPlace>, <publisher key="publ_1269">Glöggl</publisher> 15 Xr.</bibl>
<bibl id="hofm_1844_12_0183_20"><composer key="compo_018913">Krug (D.)</composer> <title>Caprice en Forme d’une Tarantelle. Op. <opus key="opus_1372">2</opus></title>. <pubPlace key="place_0276">Hamburg</pubPlace>, <publisher key="publ_3605">Schuberth u. Co</publisher>. 15 Ngr.</bibl>
<bibl id="hofm_1844_12_0183_21"><composer key="compo_019119">Kullak (Th.)</composer> <title>6 Soli. Op. <opus key="opus_1804">25. No. 1</opus>, Graçe et Caprice</title>. <pubPlace key="place_0044">Berlin</pubPlace>, <publisher key="publ_3471">Schlesinger</publisher> 17½ Ngr.</bibl>
<bibl id="hofm_1844_12_0183_22"><composer key="compo_020069">Laskovsky (J. de)</composer> <title>Nocturne. Op. <opus key="opus_4562">9</opus></title>. <pubPlace key="place_0276">Hamb</pubPlace>., <publisher key="publ_3605">Schuberth u. Co</publisher>. 10 Ngr.</bibl>
<bibl id="hofm_1844_12_0183_23"><composer key="compo_021753">Lührss (C.)</composer> <title>Fantaisie sur des Motifs de l’Opéra : Jessonda de L. Spohr</title>. <pubPlace key="place_0069">Bonn</pubPlace>, <publisher key="publ_3791">Simrock</publisher> 3 Fr. 50 Ct.</bibl>
<pb n="184"/>
<bibl id="hofm_1844_12_0184_01"><title>Potpourri (No. 2) aus der Oper : Rienzi, der Letzte der Tribunen von R. Wagner</title>. <pubPlace key="place_0147">Dresden</pubPlace>, <publisher key="publ_2661">Meser</publisher> 22½ Ngr.</bibl>
<bibl id="hofm_1844_12_0184_02"><composer key="compo_028854">Rosellen (H.)</composer> <title>Les Fleurs. Petit Album des jeunes Pianistes</title>. <pubPlace key="place_0438">Mainz</pubPlace>, <publisher key="publ_3563">Schott</publisher> à 30 Xr. <lb/><title>No. 1, Le Réséda. Petit Rondo. <lb/>– 2, L’Iris. Divertissement. <lb/>– 3, La Rose blanche. Valse. <lb/>– 4, L’Hortensia. Air tyrolien varié. <lb/>– 5, Le Bouton d’or. Rondo-Galop. <lb/>– 6, Le Lys. Choeur de Norma varié</title>.</bibl>
<bibl id="hofm_1844_12_0184_03"><composer key="compo_029887">Schachner (Rud.)</composer> <title>Grosses Concert-Stück. Op. <opus key="opus_3565">6</opus>, in <key>Fm</key></title>. <pubPlace key="place_0731">Wien</pubPlace>, <publisher key="publ_1506">Haslinger</publisher> 1 Fl. 30 Xr.</bibl>
<bibl id="hofm_1844_12_0184_04"><composer key="compo_029892">Schad (J.)</composer> <title>Grande Fantaisie sur le célèbre Te Deum de Haydn. Op. <opus key="opus_2066">29</opus></title>. <pubPlace key="place_0438">Mainz</pubPlace>, <publisher key="publ_3563">Schott</publisher> 1 Fl. 30 Xr.</bibl>
<bibl id="hofm_1844_12_0184_05"><composer key="compo_032768">Spindler (Fréd.)</composer> <title>Pensées melancoliques</title>. <pubPlace key="place_0147">Dresden</pubPlace>, <publisher key="publ_2993">Paul</publisher> 5 Ngr.</bibl>
<bibl id="hofm_1844_12_0184_06"><composer key="compo_033686">Struve (Gottfr.)</composer> <title>Der musikalische Jugendfreund. Eine Sammlung kleiner, leichter und gefälliger Musikstücke zum Gebr. beim Unterricht zu 2 und 4 Händen. Op. <opus key="opus_2131">30</opus>. Heft 1–3</title>. qu. 4. <pubPlace key="place_0561">Quedlinburg</pubPlace>, <publisher key="publ_0194">Basse</publisher> à 10 Ngr.</bibl>
<bibl id="hofm_1844_12_0184_07"><composer key="compo_034169">Taubert (Guill)</composer> <title>Tour de Mazourka. Op. <opus key="opus_3282">52</opus></title>. <pubPlace key="place_0044">Berlin</pubPlace>, <publisher key="publ_3471">Schlesinger</publisher> 20 Ngr.</bibl>
<bibl id="hofm_1844_12_0184_08"><composer key="compo_034322">Thalberg (S.)</composer> <title>Tremolo. Nocturne. Op. <opus key="opus_2458">35</opus>. <edition>Nouv. Edit</edition></title>. <pubPlace key="place_0276">Hamburg</pubPlace>, <publisher key="publ_3605">Schuberth u. Co</publisher>. 20 Ngr.</bibl>
<bibl id="hofm_1844_12_0184_09">– Idem. <edition>Edition facilitée. Nouv. Edit</edition>. Ebend. 20 Ngr.</bibl>
<bibl id="hofm_1844_12_0184_10">– <title>Fantaisie sur des Motifs de l’Opéra : La Muette de Portici, d’Auber. Op. <opus key="opus_3282">52</opus></title>. <pubPlace key="place_0731">Wien</pubPlace>, <publisher key="publ_2605">Mechetti</publisher> 1 Fl. 30 Xr.</bibl>
<bibl id="hofm_1844_12_0184_11">– <title>Le Départ. Romance variée en Forme d’Etude. Op. <opus key="opus_3385">55</opus></title>. <pubPlace key="place_0438">Mainz</pubPlace>, <publisher key="publ_3563">Schott</publisher> 1 Fl. 12 Xr.</bibl>
<bibl id="hofm_1844_12_0184_12">– <title>Grande Sonate. Op. <opus key="opus_3416">56</opus>, in <key>Cm</key></title>. <pubPlace key="place_0392">Leipzig</pubPlace>, <publisher key="publ_0437">Br. u. Härtel</publisher> 2 Thlr. 10 Ngr.</bibl>
<bibl id="hofm_1844_12_0184_13"><composer key="compo_034917">Truzzi (L.)</composer> <title>Ernani. Second Divertimento. Op. <opus key="opus_4070">73</opus></title>. <pubPlace key="place_0437">Mailand</pubPlace>, <publisher key="publ_3241">Ricordi</publisher> 3 Fr.</bibl>
<bibl id="hofm_1844_12_0184_14"><composer key="compo_035727">Vollweiler (Ch.)</composer> <title>3 Etudes mélodiques. Op. <opus key="opus_2737">4</opus>. Cah. 2</title>. <pubPlace key="place_0276">Hamburg</pubPlace>, <publisher key="publ_3605">Schuberth u. Co</publisher>. 22½ Ngr.</bibl>
<bibl id="hofm_1844_12_0184_15"><composer key="compo_035871">Wagner (E.D.)</composer> <title>Transcriptions faciles. Op. <opus key="opus_2915">43</opus>. No. 2, Rule Britannia. No. 3, La Marseillaise</title>. <pubPlace key="place_0044">Berlin</pubPlace>, <publisher key="publ_3471">Schlesinger</publisher> à 7½ Ngr.</bibl>
<bibl id="hofm_1844_12_0184_16"><composer key="compo_035909">Wagner (Rich.)</composer> <title>Rienzi, der Letzte der Tribunen. Tragische Oper eing. mit Hinweglassung der Worte von C.G. Klink</title>. <pubPlace key="place_0147">Dresden</pubPlace>, <publisher key="publ_2661">Meser</publisher> geb. 8 Thlr.</bibl>
<bibl id="hofm_1844_12_0184_17"><composer key="compo_037128">Willmers (Rud.)</composer> <title>Tarantella furiosa. Op. <opus key="opus_2737">4</opus></title>. <pubPlace key="place_0276">Hamburg</pubPlace>, <publisher key="publ_3605">Schuberth u. Co</publisher>. 1 Thlr.</bibl>
</div><div id="hofm_1844_12_0184_div09"><head><hofClass key="hofCl_0273">Ouverturen für das Pianoforte.</hofClass></head>      



<bibl id="hofm_1844_12_0184_18"><composer key="compo_005570">Cherubini (L.)</composer> <title>Ouverture zur Oper: Die Tage der Gefahr (Les deux Journées)</title>. <pubPlace key="place_0731">Wien</pubPlace>, <publisher key="publ_0735">Diabelli u. Co</publisher>. 45 Xr.</bibl>
<bibl id="hofm_1844_12_0184_19">– <title>Ouverture zur Oper: Medea</title>. Ebend. 45 Xr.</bibl>
<bibl id="hofm_1844_12_0184_20">– <title>Ouverture zur Oper: Lodoiska</title>. Ebend. 45 Xr.</bibl>
<bibl id="hofm_1844_12_0184_21"><composer key="compo_032803">Spontini (C.)</composer> <title>Ouverture zur Oper: Die Vestalin</title>. Ebend. 45 Xr.</bibl>
</div><div id="hofm_1844_12_0184_div10"><head><hofClass key="hofCl_0288">Tänze für das Pianoforte.</hofClass></head>      



<album id="hofm_1844_12_0184_22"><title>Ballsaal (der) Album für 1845. Sammlung der neuesten und vorzüglichsten Gesellschafts-Tänze. ( 7 Galoppen, 5 Polkas, Polonaise, 2 Walzer, Ländler, Mazurka, Kegel-Quadrille, Triolett, Tempête, Française und Ecossaise à la Figaro) von <composer key="compo_025324">Olbrich</composer>, <composer key="compo_035180">Unverricht</composer>, <composer key="compo_007338">Drescher</composer>, <composer key="compo_004643">Bunke</composer> u. A. 5ter Jahrg</title>. <pubPlace key="place_0082">Breslau</pubPlace>, <publisher key="publ_2386">Leuckart</publisher> 15 Ngr.</album>
<pb n="185"/>
<bibl id="hofm_1844_12_0185_01"><composer key="compo_002825">Beyer (F.)</composer> <title>Anna-Walzer nach Melodien aus der Oper: Anna Bolena von Donizetti. (No. 549)</title>. 8. <pubPlace key="place_0438">Mainz</pubPlace>, <publisher key="publ_3563">Schott</publisher> 8 Xr.</bibl>
<bibl id="hofm_1844_12_0185_02">– <title>Anna-Galopp nach Melodien aus do. (No. 550.)</title> 8. Ebend. 8 Xr.</bibl>
<bibl id="hofm_1844_12_0185_03"><composer key="compo_005246">Canthal (A.M.)</composer> <title>Carneval-Polka. Op. <opus key="opus_4436">84</opus></title>. <pubPlace key="place_0276">Hamburg</pubPlace>, <publisher key="publ_3605">Schuberth u. Co</publisher>. 7½ Ngr.</bibl>
<bibl id="hofm_1844_12_0185_04"><composer key="compo_006263">Cuzent (P.)</composer> <title>Neue pariser Polka</title>. <pubPlace key="place_0392">Leipzig</pubPlace>, <publisher key="publ_2039">Klemm</publisher> 5 Ngr.</bibl>
<bibl id="hofm_1844_12_0185_05"><composer key="compo_012615">Gährich (W.)</composer> <title>Gluck! Gluck! Gluck! Walzer</title> (Tanzreigen No. 8.) <pubPlace key="place_0044">Berlin</pubPlace>, <publisher key="publ_1394">Guttentag</publisher> 7½ Ngr.</bibl>
<bibl id="hofm_1844_12_0185_06"><composer key="compo_012524">Gung’l (Joh.)</composer> <title>Ein Sträusschen. Walzer. Op. <opus key="opus_3181">5</opus></title>. <pubPlace key="place_0044">Berlin</pubPlace>, <publisher key="publ_3471">Schlesinger</publisher> 12½ Ngr.</bibl>
<bibl id="hofm_1844_12_0185_07"><composer key="compo_012525">Gung’l (Jos.)</composer> <title>Erlanger Jubiläums-Walzer. Op. <opus key="opus_2268">32</opus></title>. <pubPlace key="place_0044">Berlin</pubPlace>, <publisher key="publ_0393">Bote u. B</publisher>. 15 Ngr.</bibl>
<bibl id="hofm_1844_12_0185_08">– <title>Paulinen-Polka. Op. <opus key="opus_2576">37</opus></title>. Ebend. 7½ Ngr.</bibl>
<bibl id="hofm_1844_12_0185_09"><composer key="compo_016101">Jacob (E.)</composer> <title>Neuer Helm-Galopp u. Polka</title>. <pubPlace key="place_0082">Breslau</pubPlace>, <publisher key="publ_3615">Schuhmann</publisher> 5 Ngr.</bibl>
<bibl id="hofm_1844_12_0185_10"><composer key="compo_017769">Kliegl (A.H.)</composer> Op. <opus key="opus_1661">23</opus>. <opus key="opus_1731">24</opus>. <opus key="opus_1802">25</opus>. Siehe: <xref type="external" from="hofm_1844_12_0185_16" to="DITTO" targOrder="U">Rheinländer</xref>.</bibl>
<bibl id="hofm_1844_12_0185_11"><composer key="compo_019183">Kunze (Gust.)</composer> <title>Ballnachtsträume. Beliebte Galoppen, Polkas etc</title>. <pubPlace key="place_0147">Dresden</pubPlace>, <publisher key="publ_2993">Paul</publisher> à 5 Ngr. <lb/><title>No. 1, Bosco-Galopp. Op. <opus key="opus_3316">53</opus>. <lb/>No. 2, Rébus-Polka. Op. <opus key="opus_3351">54</opus></title>.</bibl>
<bibl id="hofm_1844_12_0185_12"><composer key="compo_020694">Leutner (Alb.)</composer> <title>Zigeuner-Polka. Op. <opus key="opus_0001">1</opus></title>. (Neueste Berliner Lieblings-Polka No. 7.) <pubPlace key="place_0044">Berlin</pubPlace>, <publisher key="publ_0393">Bote u. B</publisher>. 5 Ngr.</bibl>
<bibl id="hofm_1844_12_0185_13"><title><composer key="compo_025324">Olbrich</composer>’s (M.) Tanz-Album f. 1845 (5 Polkas, 5 Galoppen, Länder und Masurek.)</title> <pubPlace key="place_0082">Breslau</pubPlace>, <publisher key="publ_3615">Schuhmann</publisher> 15 Ngr.</bibl>
<bibl id="hofm_1844_12_0185_14"><composer key="compo_027163">Przyluski (F.)</composer> <title>Mazure avec Introduction et Coda</title>. <pubPlace key="place_0082">Breslau</pubPlace>, <publisher key="publ_2386">Leuckart</publisher> 7½ Ngr.</bibl>
<bibl id="hofm_1844_12_0185_15"><composer key="compo_027643">Raymond (Ed.)</composer> <title>Polonaise zum Ball-Fest der Laetitia</title>. <pubPlace key="place_0082">Breslau</pubPlace>, <publisher key="publ_3615">Schuhmann</publisher> 5 Ngr.</bibl>
<wip id="hofm_1844_12_0185_16"><title>Rheinländer (die) Sammlung beliebter Polkas, Galoppen etc</title>. <pubPlace key="place_0438">Mainz</pubPlace>, <publisher key="publ_3563">Schott</publisher> à 18 Xr. <lb/><title>No. 69, <composer key="compo_003199">Blatt (F.T.)</composer> Die Vereinigten. 3 Polkas</title>. <lb/>– <title>70, <composer key="compo_030159">Scheurer (C.)</composer> Monuments-Polka</title>. <lb/>– <title>71, <composer key="compo_013173">Hammer (G.)</composer> Speyerer-Polka</title>. <lb/>– <title>72, <composer key="compo_017769">Kliegl (A.H.)</composer> Böhmischer-Polka. Op. <opus key="opus_1661">23</opus></title>. <lb/>– <title>73, – Husaren-Polka. Op. <opus key="opus_1731">24</opus></title>. <lb/>– <title>74, – Eugen-Polka. Op. <opus key="opus_1802">25</opus></title>.</wip>
<bibl id="hofm_1844_12_0185_17"><composer key="compo_033569">Strauss (Joh.)</composer> <title>Aurora-Fest-Klänge. Walzer. Op. <opus key="opus_1022">164</opus></title>. <pubPlace key="place_0731">Wien</pubPlace>, <publisher key="publ_1506">Haslinger</publisher> 45 Xr.</bibl>
<bibl id="hofm_1844_12_0185_18">– Idem im leichteren Style. (Die junge Tänzerin. 50stes Heft.) Ebend. 30 Xr.</bibl>
<album id="hofm_1844_12_0185_19"><title>Tanz-Album f. 1845. 4ter Jahrg. (<composer key="compo_012612">Gährich</composer>, Polonaise und Walzer a. d. Ballet: Die Insel der Liebe. <composer key="compo_012525">Gung’l (Jos.)</composer> Mai-Blümchen, Galopp; Der fröhliche Uhlane. Mazurka: Paulinen-Polka. <composer key="compo_001128">Augustowicz</composer>, Amazonen-Quadrille.)</title> <pubPlace key="place_0044">Berlin</pubPlace>, <publisher key="publ_0393">Bote u. B</publisher>. 1 Thlr.</album>
<bibl id="hofm_1844_12_0185_20"><title>Tanz-Kränzchen (das) im Hause. Sammlung leicht arrangirter Tänze. 2ter Jahrgang No. 1, <composer key="compo_017298">Kerssen</composer>, Ophelia-Mazurek. No. 2, <composer key="compo_035181">Unverricht (A.)</composer> Die Königin des Balles. No. 3, <composer key="compo_007196">Donizetti</composer>, Marsch a. d. Oper: Die Tochter des Regiments. No. 4, <composer key="compo_008436">Epstein (E.)</composer> Loewen-Polka. No. 5, <composer key="compo_017298">Kerssen</composer>, Latour, der erste Grenadier. Galopp. No. 6, <composer key="compo_027641">Raymond (E.)</composer> Das Fächer-Regiment</title>. 8. <pubPlace key="place_0082">Breslau</pubPlace>, <publisher key="publ_3615">Schuhmann</publisher> à 2½ Ngr.</bibl>
<bibl id="hofm_1844_12_0185_21"><composer key="compo_034474">Thomas (Ambr.)</composer> <title>Grande Valse de l’Opéra: Mina</title>. <pubPlace key="place_0438">Mainz</pubPlace>, <publisher key="publ_3563">Schott</publisher> 45 Xr.</bibl>
<bibl id="hofm_1844_12_0185_22"><composer key="compo_038243">Zopff (H.H.)</composer> <title>Burschen-Galopp nach den beliebtesten Studentenliedern. Op. <opus key="opus_2850">42</opus></title>. <pubPlace key="place_0082">Breslau</pubPlace>, <publisher key="publ_3615">Schuhmann</publisher> 10 Ngr.</bibl></div>
<pb n="186"/>

<div id="hofm_1844_12_0186_div11"><head><hofClass key="hofCl_0250">Märsche für das Pianoforte.</hofClass></head>      


<bibl id="hofm_1844_12_0186_01"><composer key="compo_012524">Gung’l (Joh.)</composer> <title>Vorwärts. Marsch. Op. <opus key="opus_3181">5</opus></title>. <pubPlace key="place_0044">Berlin</pubPlace>, <publisher key="publ_3471">Schlesinger</publisher> 5 Ngr.</bibl>
<bibl id="hofm_1844_12_0186_02"><composer key="compo_012525">Gung’l (Jos.)</composer> <title>Steyrer’s Heimweh-Marsch. Op. <opus key="opus_2630">38</opus></title>. <pubPlace key="place_0044">Berlin</pubPlace>, <publisher key="publ_0393">Bote u. B</publisher>. 5 Ngr.</bibl>
<bibl id="hofm_1844_12_0186_03"><composer key="compo_020694">Leutner (Alb.)</composer> <title>Cavallerie-Signal-Marsch</title>. <pubPlace key="place_0044">Berlin</pubPlace>, <publisher key="publ_0393">Bote u. B</publisher>. 5 Ngr.</bibl>
</div><div id="hofm_1844_12_0186_div12"><head><hofClass key="hofCl_0072">Lehrbücher für das Pianoforte.</hofClass></head>      



<bibl id="hofm_1844_12_0186_04"><composer key="compo_015948">Hünten (W.)</composer> <title>Nouvelle Methode facile et progressive pour le Piano (Neue Pianoforte-Schule.) Vorschule zu allen grösseren Werken) Op. <opus key="opus_3204">50</opus></title>. <pubPlace key="place_0438">Mainz</pubPlace>, <publisher key="publ_3563">Schott</publisher> geh. 4 Fl. 12 Xr.</bibl>
</div><div id="hofm_1844_12_0186_div13"><head><hofClass key="hofCl_0225">Musik für die Orgel.</hofClass></head>      



<bibl id="hofm_1844_12_0186_05"><composer key="compo_004360">Brosig (M.)</composer> <title>3 Präludien und Fugen f. Orgel</title>. <pubPlace key="place_0082">Breslau</pubPlace>, <publisher key="publ_3615">Schuhmann</publisher> 20 Ngr.</bibl>
<bibl id="hofm_1844_12_0186_06"><composer key="compo_019470">Körner (W.)</composer> <title>Postludienbuch. Sammlung leichter Nachspiele 1ster Band 3te Lief</title>. <pubPlace key="place_0181">Erfurt</pubPlace>, <publisher key="publ_2240">Körner</publisher> 15 Ngr.</bibl>
<bibl id="hofm_1844_12_0186_07"><composer key="compo_028507">Ritter (A.G.)</composer> u. <composer key="compo_019466">G.W. Körner</composer> <title>Die Kunst des Orgel-Spiels Theoretisch praktische Anweisung f. alle vorkommenden Fälle im Orgelspiele auf ihrem heutigen Standpunkte, mit durchgängiger Pedal-Applicatur und Angabe der Registerzüge. 1ste Lief</title>. 4. Ebend. Subscr. Pr. f. 6–8 Lieferungen 1 Thlr. 15 Ngr. n.</bibl>
<bibl id="hofm_1844_12_0186_08"><composer key="compo_035034">Töpfer (J.G.)</composer> <title>35 Cadenzen und kleine Vorspiele in allen Tonarten <edition>3te Aufl</edition></title>. 4. Ebend. 15 Ngr.</bibl>
<bibl id="hofm_1844_12_0186_09">– <title>36 Cadenzen und kleine Vorspiele in allen Moll-Tonarten. <edition>3te Aufl</edition></title>. 4. Ebend. 15 Ngr.</bibl>
</div><div id="hofm_1844_12_0186_div14"><head><hofClass key="hofCl_0068">Kirchenmusik.</hofClass></head>      



<bibl id="hofm_1844_12_0186_10"><composer key="compo_001045">Assmayr (Ign.)</composer> <title>Graduale (Domine Dominus noster) f. 4 Singst. 2 Viol., Alt., 2 Clar. 2 Fagott, 2 Hörner, Vclle Conterb. u. Orgel Partitur Op. <opus key="opus_3385">55</opus>, in <key>F</key></title>. (Ecclesiasticon No. 71.) <pubPlace key="place_0731">Wien</pubPlace> <publisher key="publ_0735">Diabelli u. Co</publisher>. 1 Fl.</bibl>
<bibl id="hofm_1844_12_0186_11"><composer key="compo_001086">Auberlen (W.A.)</composer> <title>Choralmelodien f. Männerstimmen 4te Lief.(No. 140–183) oder Neue Folge 1ste Lief</title>. <pubPlace key="place_0662">Stuttgart</pubPlace>, <publisher key="publ_3892">Steinkopf’sche Buchhldl</publisher>. 36 Xr. n.</bibl>
<bibl id="hofm_1844_12_0186_12"><composer key="compo_001708">Batka (J.N.)</composer> <title>Graduale (Confitebor tibi Domine) f. 2 Discant (od. Tenore) u. Bass, Violoncell (od. Clarinett) solo m. Begl. v. 2 Violinen, Alt, 2 Oboen, 2 Waldhörnern u. Bass (od. f. 2 Sopr. (od. Tenore) und Bass solo mit Bass (Orgel od. Physharmonica)</title> <pubPlace key="place_0731">Wien</pubPlace>, <publisher key="publ_4456">Witzendorf</publisher> 1 Fl. 24 Xr.</bibl>
<bibl id="hofm_1844_12_0186_13"><composer key="compo_006306">Czerny (Carl)</composer> <title>Offertorium (Ave Maria, gratia plena) Solo f. Sopran mit Begl. v. 2 Viol. Alt, Flöte 2 Clarinetten, 2 Fagott, 2 Hörner, Violoncello u. Contrab. (Mit beigef. Begl. d. Pfte anstatt d. Orchesters) Op. <opus key="opus_4169">760</opus></title> <pubPlace key="place_0731">Wien</pubPlace>, <publisher key="publ_0735">Diabelli u. Co</publisher>. 2 Fl.</bibl>
<bibl id="hofm_1844_12_0186_14"><composer key="compo_010396">Führer (Rob.)</composer> <title>Messe in <key>G</key>. f. 4 Singst. 2 Viol. Alt, 2 Tromp. Pauken Orgel m. Contrab. u. Vclle</title>. <pubPlace key="place_0554">Prag</pubPlace>, <publisher key="publ_0282">Berra</publisher> 2 Fl. 45 Xr.</bibl>
<bibl id="hofm_1844_12_0186_15"><composer key="compo_019658">Labler (Fr.)</composer> <title>Graduale in <key>A</key> f. 4 Singst. 2 Viol. Alt 2 Oboen, 2 Hörner Violoncell solo, Contrab. u. Orgel</title> 8. Ebend. 50 Xr.</bibl>
<bibl id="hofm_1844_12_0186_16">– <title>2 Graduale in <key>G</key>. <key>A</key>. (comune unius Martyris) f. 4 Singst. 2 Viol. 2 Alte u. Orgel (2 Oboen u. Hörner nicht obl.)</title> 8. Ebend. 1 Fl. 20 Xr.</bibl>
<pb n="187"/>
<bibl id="hofm_1844_12_0187_01"><composer key="compo_019658">Labler (Fr.)</composer> <title>Pastoralmesse in <key>C</key>. f. 4 Singst. 2 Viol, Alt, Flöte, 2 Oboen, 2 Tromp. u. Pauken, Violoncell. (od. Fagott) Contrab. u. Orgel</title>. <pubPlace key="place_0554">Prag</pubPlace>, <publisher key="publ_0282">Berra</publisher> 4 Fl.</bibl>
<bibl id="hofm_1844_12_0187_02"><composer key="compo_022403">Maschek (Alb.)</composer> <title>Requiem im leicht ausführlichen Style f Sopr., Alt, Ten. u. Bass</title>. Ebend. 1 Fl. 20 Xr.</bibl>
<bibl id="hofm_1844_12_0187_03"><composer key="compo_023890">Mozart (W.A.)</composer> <title>Offertorium in <key>Es</key> (Tremendum ac vivificum) f. 4 Singst., Orchester u. Orgel. <format>Partitur</format></title>. (Ecclesiasticon No. 65.) <pubPlace key="place_0731">Wien</pubPlace>, <publisher key="publ_0735">Diabelli u. Co</publisher>. 2 Fl. 30 Xr.</bibl>
<bibl id="hofm_1844_12_0187_04"><composer key="compo_026401">Pichler (C.)</composer> <title>Offertorium (Ave Maria gratia plena) f. Sopr. m. Begl. d. Pfte. Op. <opus key="opus_0021">10</opus></title>. <pubPlace key="place_0731">Wien</pubPlace>, <publisher key="publ_1269">Glöggl</publisher>. 15 Xr.</bibl>
<bibl id="hofm_1844_12_0187_05"><composer key="compo_031800">Sechter (S.)</composer> <title>Salve Regina f. Alt u. Bass unisono und: Ave Maris Stella f. Sopr., Alt, Ten. und Bass, mit Begl. von 2 Viol., Alt, Vclle., Contreb. u. Orgel. Op. <opus key="opus_3738">63</opus>. <format>Partitur</format></title>. (Ecclesiasticon No. 66.) <pubPlace key="place_0731">Wien</pubPlace>, <publisher key="publ_0735">Diabelli u. Co</publisher>. 40 Xr.</bibl>
<bibl id="hofm_1844_12_0187_06"><composer key="compo_037308">Wittassek (J.N.)</composer> <title>Ave Maria f. Sopr., Alt, Ten. u. Bass mit willk. Begl. d. Orgel</title>. <pubPlace key="place_0554">Prag</pubPlace>, <publisher key="publ_0282">Berra</publisher> 20 Xr.</bibl>
<bibl id="hofm_1844_12_0187_07"><composer key="compo_037586">Worzischek (J.H.)</composer> <title>Offertorium in <key>Cm</key>. (Quoniam iniquitatem) f. 4 Singst., 2 Viol., Alt, 2 Hoboen, 2 Fagotte, 3 Trombonen, 2 Trompet., Pauken, Vclle, Contreb. und Orgel. Letztes Werk. <format>Partitur</format></title>. (Ecclesiasticon No. 67.) <pubPlace key="place_0731">Wien</pubPlace>, <publisher key="publ_0735">Diabelli u. Co</publisher>. 1 Fl. 30 Xr.</bibl>
</div><div id="hofm_1844_12_0187_div15"><head><hofClass key="hofCl_0021">Gesangstücke für Concertmusik mit Begleitung mehrerer Instrumente.</hofClass></head>      



<bibl id="hofm_1844_12_0187_08"><composer key="compo_015159">Hohenzollern-Hechingen (Fürst v.)</composer> <title>Schiffers Abendlied f. Sopr. (od Tenor) m. Pfte u. Violoncell-Begl. (Gleite, Kahn)</title>. <pubPlace key="place_0662">Stuttgart</pubPlace>, <publisher key="publ_0049">Allgemeine Musikhandlung</publisher> 54 Xr.</bibl>
<bibl id="hofm_1844_12_0187_09"><composer key="compo_018639">Krebs (C.)</composer> <title>Den fernen Lieben. Lied f. Sopran (od. Tenor) mit Begl. d. Pfte u. Violoncelle (od. Horn)</title>. <pubPlace key="place_0044">Berlin</pubPlace>, <publisher key="publ_3471">Schlesinger</publisher> 15 Ngr.</bibl>
</div><div id="hofm_1844_12_0187_div16"><head><hofClass key="hofCl_0102">Mehrstimmige Gesänge mit und ohne Pianoforte.</hofClass></head>      



<bibl id="hofm_1844_12_0187_10"><composer key="compo_006803">Derckum (Fr.)</composer> <title>Wanderlied von W. Müller. Venetianer Trias. Postillonslied. 3 Lieder f. vierstimmigen Männerchor. <format>Partitur und Stimmen</format>. (Ist das des Schenken gepriesene Haus – Ich wollt’ wenn nur das Wünschen hälf – Schmettre Horn.)</title> 8. <pubPlace key="place_0371">Cöln</pubPlace>, <publisher key="publ_0864">Eck u. Co</publisher>. 1 Thlr. 27½ Ngr. (Stimmen allein 1 Thlr.)</bibl>
<bibl id="hofm_1844_12_0187_11"><composer key="compo_008497">Erk (L.)</composer> <title>Neue Sammlung deutscher Volkslieder mit ihren eigenthümlichen Melodien. 2ter Band, 6tes Heft. (54 Lieder.)</title> 8. <pubPlace key="place_0044">Berlin</pubPlace>, <publisher key="publ_2473">Logier</publisher> 10 Ngr.</bibl>
<bibl id="hofm_1844_12_0187_12"><composer key="compo_008532">Ernemann (M.)</composer> <title>6 Lieder f. Männergesang. Op. <opus key="opus_0927">16</opus>. 2te Sammlung der vierstimmigen Lieder. (Rheinweinlied. Gebet vor der Schlacht. Vanitas, Vanitatum vanitas. Soldatenlied. Das Lied von den Jahren. Die Vogelscheuche.) <format>Partitur und Stimmen</format></title>. 8. <pubPlace key="place_0082">Breslau</pubPlace>, <publisher key="publ_2386">Leuckart</publisher> 1 Thlr. 5 Ngr.</bibl>
<bibl id="hofm_1844_12_0187_13"><composer key="compo_012875">Hackel (Ant.)</composer> <title>Die beiden Nachtigallen. Gedicht v. L. Bechstein f. 2 Soprane m. Begl. d. Pfte. Op. <opus key="opus_2187">31</opus>. (Zwei Nachtigallen sangen.)</title> <pubPlace key="place_0731">Wien</pubPlace>, <publisher key="publ_4456">Witzendorf</publisher> 30 Xr.</bibl>
<bibl id="hofm_1844_12_0187_14">– <title>Die beiden Rosen. Gedicht von S. Mosenthal f. Sopr. und Bass mit Begl. d. Pfte. Op. <opus key="opus_4489">86</opus>. (O nimm mich auf.)</title> Ebend. 45 Xr.</bibl>
<pb n="188"/>
<bibl id="hofm_1844_12_0188_01"><composer key="compo_019283">Kämpfe (J.)</composer> <title>Liedersammlung, enthaltend dreistimmige Lieder und Choräle, zwei- und dreistimmige Canons und ein- und zweistimmige Treffübungen durch alle Intervalle zum Schulgebrauch</title>. qu. 4 <pubPlace key="place_0436">Magdeburg</pubPlace>, <publisher key="publ_1560">Heinrichshofen</publisher> 15 Ngr.</bibl>
<bibl id="hofm_1844_12_0188_02"><composer key="compo_018639">Krebs (C.)</composer> <title>2 Duette f. Sopran und Alt (od. Tenor u. Bass) mit Begl. d. Pfte. Op. <opus key="opus_0641">136</opus></title>. <pubPlace key="place_0044">Berlin</pubPlace>, <publisher key="publ_3471">Schlesinger</publisher> à 12½ Ngr. <lb/><title>No. 1, Auf dem Wasser. (Mit fröhlichem Muth.) <lb/>– 2, Mein Wunsch. (Ich möchte wohl du Vogel sein.)</title></bibl>
<bibl id="hofm_1844_12_0188_03"><composer key="compo_019691">Lachner (V.)</composer> <title>6 Quartette f. Männerstimmen. Heft 2, Trunkene Disputation. Klage. Taschen- und Flaschenlied. (Freunde schaut einmal empor – Warum soll ich denn nicht schauen – Volle Taschen, volle Flaschen.) <format>Partitur und Stimmen</format></title>. 8. <pubPlace key="place_0438">Mainz</pubPlace>, <publisher key="publ_3563">Schott</publisher> 1 Fl. 30 Xr.</bibl>
<bibl id="hofm_1844_12_0188_04"><composer key="compo_034896">Truhn (H.)</composer> <title>Mondnacht. Loreley. Venetianische Vesper. 3 Quartetten im Freien zu singen f. Sopran. Alt, Ten. u. Bass. Op. <opus key="opus_3988">70</opus>. (Es war als hätt’ der Himmel – Ich weiss nicht, was es soll bedeuten – Jubilate amen.) <format>Partitur und Stimmen</format></title>. 8. <pubPlace key="place_0044">Berlin</pubPlace>, <publisher key="publ_3471">Schlesinger</publisher> 1 Thlr.</bibl>
<bibl id="hofm_1844_12_0188_05">– <title>Meerfahrt. Liebesstern. 2 Duette mit Begl. d. Pfte. Op. <opus key="opus_4017">71</opus>. (Mein Liebchen, wir sassen beisammen, f. Sopr. u. Ten. – Es fällt ein Stern herunter, f. 2 Sopr.)</title> <pubPlace key="place_0044">Berlin</pubPlace>, <publisher key="publ_1394">Guttentag</publisher> 15 Ngr.</bibl>
<bibl id="hofm_1844_12_0188_06"><composer key="compo_035908">Wagner (R.)</composer> <title>Gruss seiner Treuen an Friedrich August dem Gerechten bei Seiner Zurückkunft aus England am 9. Aug. 1844 f. vierstimmigen Männergesang. <format>Partitur u. Stimmen</format>. (Im treuen Sachsenland.)</title> <pubPlace key="place_0147">Dresden</pubPlace>, <publisher key="publ_2661">Meser</publisher> 10 Ngr.</bibl>
</div><div id="hofm_1844_12_0188_div17"><head><hofClass key="hofCl_0268">Opernmusik mit Pianofortebegleitung.</hofClass></head> <wip id="hofm_1844_12_0188_07"><composer key="compo_033881">Suppé (Fr.)</composer> <title>Der Krämer und sein Commis. Posse von F. Kaiser <format>Clavierauszug</format> vom Autor</title>. <pubPlace key="place_0731">Wien</pubPlace>, <publisher key="publ_0735">Diabelli u. Co</publisher>. <lb/><title>No. 1, Lied: Da g’hört doch a bissel a Wahnsinn dazu</title> 30 Xr. <lb/>– <title>2, Lied: Was soll man da sagen – man lächelt dazu</title>, 30 Xr. <lb/>– <title>3, Lied: Es kann nicht so bleiben – es muss anders wern</title> 30 Xr.</wip>
<wip id="hofm_1844_12_0188_08"><composer key="compo_034474">Thomas (Ambr.)</composer> <title>Mina, oder die dreifache Haushaltung. Opéra comique en 3 Actes</title> <pubPlace key="place_0438">Mainz</pubPlace>, <publisher key="publ_3563">Schott</publisher>. <lb/><title>No. 1, Duo: Ah du sort quel caprice (Welch ein grausam Geschick)</title> 45. Xr. <lb/>– <title>4. Couplets: Le coeur lui (Herzchen du schlägst)</title> 36 Xr. <lb/>– <title>5, Cavatine: Quel regret (Ach wie bin ich zu beklagen)</title> 27 Xr. <lb/>– <title>7, Air: Quel bonheur (Ach wie wohl ist mir)</title> 36 Xr. <lb/>– <title>8, Air: Il faut de mon supplice (Nicht länger kann ich tragen</title> 36 Xr. <lb/>– <title>10, Duo: A ce soir (Diese Nacht)</title> 45 Xr. <lb/>– <title>11, Rondo: Bonheur facile (Ich will nicht murren)</title> 27 Xr. <lb/>– <title>13, Duo: Oh c’est un Mensonge (Ha so lebt in ihrer Seele)</title> 36 Xr.</wip>
</div><div id="hofm_1844_12_0188_div18"><head><hofClass key="hofCl_0040">Gesänge für eine Stimme mit Begleitung des Pianoforte.</hofClass></head>      



<bibl id="hofm_1844_12_0188_09"><composer key="compo_000875">Arlet (Alex.)</composer> <title>Mein Vaterland Kärnthen. Lied f. Tenor (oder Sopran) Op. <opus key="opus_0001">1</opus> (Dort wo Tyrol.)</title> <pubPlace key="place_0731">Wien</pubPlace>, <publisher key="publ_1269">Glöggl</publisher>. 20 Xr.</bibl>
<pb n="189"/>
<bibl id="hofm_1844_12_0189_01"><composer key="compo_001395">Balfe (M.W.)</composer> <title>Das Glück vergangener Tage (The Light of other days)</title>. <pubPlace key="place_0078">Braunschweig</pubPlace>, <publisher key="publ_3822">Spehr</publisher> 7½ Ngr.,</bibl>
<bibl id="hofm_1844_12_0189_02"><composer key="compo_001434">Banck (C.)</composer> <title>Die Meerfee. Der Elfenkönig. Die Sennerin. Reiterlied. Op. <opus key="opus_3454">57</opus>. (Helle Silberglöcklein klingen – Leise schweben durch die Lüfte – Der dunkle Abend sinkt – Die bange Nacht ist nun herum)</title> <pubPlace key="place_0436">Magdeburg</pubPlace>, <publisher key="publ_1560">Heinrichshofen</publisher> 17½ Ngr.</bibl>
<bibl id="hofm_1844_12_0189_03"><composer key="compo_001604">Barth (Gust.)</composer> <title>Waldklänge. Ein Liederkranz von J.N. Vogl. Op. <opus key="opus_0807">15. No. 1</opus>, Morgen wieder</title>. <pubPlace key="place_0731">Wien</pubPlace>, <publisher key="publ_4456">Witzendorf</publisher> 30 Xr.</bibl>
<bibl id="hofm_1844_12_0189_04"><composer key="compo_004123">Braune (F.W.Otto)</composer> <title>Frühlingsleben (Vögelein flattern,)</title> Liederquell No. 7. <pubPlace key="place_0044">Berlin</pubPlace>, <publisher key="publ_1394">Guttentag</publisher> 10 Ngr.</bibl>
<bibl id="hofm_1844_12_0189_05"><composer key="compo_007602">Duvivier (Ad.)</composer> <title>3 Romances caractéristiques. Op. <opus key="opus_0001">1</opus>. La Folle du Tibre (Die Wahnsinnige an der Tiber) Le Retour d’un Croise (Des Kreuzfahrers Heimkehr) Chant d’une jeune Fille (Mägdleins Lied)</title> <pubPlace key="place_0044">Berlin</pubPlace>, <publisher key="publ_1394">Guttentag</publisher> 15 Ngr.</bibl>
<bibl id="hofm_1844_12_0189_06"><composer key="compo_008006">Ehrlich (C.F.)</composer> <title>5 Lieder. Op. <opus key="opus_1881">26</opus>. (Abschied im Frühling. Jetzt ist’s noch gut. Von Dir geschieden bin ich bei Dir. Ich liebe Dich! An die Heimath</title>. <pubPlace key="place_0436">Magdeburg</pubPlace>, <publisher key="publ_1560">Heinrichshofen</publisher> 15 Ngr.</bibl>
<bibl id="hofm_1844_12_0189_07"><composer key="compo_008310">Enckhausen (H.)</composer> <title>Aufforderung zum Liede, von F. Schlüter. Op. <opus key="opus_3798">65</opus>. (Sing mir ein Lied, mein Vögelein)</title> <pubPlace key="place_0280">Hannover</pubPlace>, <publisher key="publ_2808">Nagel</publisher> 10 Ngr.</bibl>
<bibl id="hofm_1844_12_0189_08"><composer key="compo_008532">Ernemann (M.)</composer> <title>3 Hymnen zur häuslichen Andacht. Op. <opus key="opus_1166">18. No. 1</opus>, Ave Maria</title>. <pubPlace key="place_0082">Breslau</pubPlace>, <publisher key="publ_2386">Leuckart</publisher> 5 Ngr.</bibl>
<bibl id="hofm_1844_12_0189_09"><composer key="compo_010388">Füchs (F.C.)</composer> <title>Schiffers Gruss. Gedicht von O. Prechtler, f. Alt oder Bass. Op. <opus key="opus_2116">3</opus>. (Wellen säuseln, Winde locken)</title> <pubPlace key="place_0731">Wien</pubPlace>, <publisher key="publ_4456">Witzendorf</publisher> 30 Xr.</bibl>
<bibl id="hofm_1844_12_0189_10"><composer key="compo_012615">Gährich (W.)</composer> <title>Lebewohl von Byron f. Mezzo-Sopran</title>. (Liederquelle No. 8) <pubPlace key="place_0044">Berlin</pubPlace>, <publisher key="publ_1394">Guttentag</publisher> 7½ Ngr.</bibl>
<bibl id="hofm_1844_12_0189_11"><composer key="compo_010982">Geraldy (J.)</composer> <title>Amour et Mystère</title>. (Lyre française No. 87) <pubPlace key="place_0438">Mainz</pubPlace>, <publisher key="publ_3563">Schott</publisher> 18 Xr.</bibl>
<bibl id="hofm_1844_12_0189_12"><composer key="compo_012499">Gumbert (Ferd.)</composer> <title>In den Augen liegt das Herz</title>. (Auswahl beliebter Gesänge und Lieder) <pubPlace key="place_0044">Berlin</pubPlace>, <publisher key="publ_3471">Schlesinger</publisher> 5 Ngr.</bibl>
<bibl id="hofm_1844_12_0189_13"><composer key="compo_014252">Henselt (Ad.)</composer> <title>Das ferne Land. (Ma patria.) Romanze favorite de Mdme. Viardot-Garcia f. Sopr. od. Tenor</title>. <pubPlace key="place_0276">Hamburg</pubPlace>, <publisher key="publ_3605">Schuberth u. Co</publisher>. 7½ Ngr.</bibl>
<bibl id="hofm_1844_12_0189_14"><composer key="compo_014574">Herzberg (W.)</composer> <title>6 Lieder für Sopran od. Tenor. Op. <opus key="opus_0001">1</opus>. (Frühlingsengel. Heimathlied. Liebeshoffnung. Schön-Rohtraut. Holdes Mädchen von Athen. Ständchen v. Reinick.)</title> <pubPlace key="place_0044">Berlin</pubPlace>, <publisher key="publ_1394">Guttentag</publisher> 20 Ngr.</bibl>
<bibl id="hofm_1844_12_0189_15"><composer key="compo_014659">Hetsch (L.)</composer> <title>Lebens-Lieder und Bilder von A. v. Chamisso f. Sopran oder Bariton. Op. <opus key="opus_1482">21</opus></title>. <pubPlace key="place_0276">Hamburg</pubPlace>, <publisher key="publ_3605">Schuberth u. Co</publisher>. 1 Thlr. 20 Ngr.</bibl>
<bibl id="hofm_1844_12_0189_16"><composer key="compo_014826">Hiller (Ferd.)</composer> <title>2 Psalmen. Op. <opus key="opus_1932">27</opus></title>. <pubPlace key="place_0069">Bonn</pubPlace>, <publisher key="publ_3791">Simrock</publisher> à 2 Fr. <lb/><title>No. 1, An den Wassern zu Babilon. <lb/>– 2, Wenn der Herr die Gefangenen Zions</title>.</bibl>
<bibl id="hofm_1844_12_0189_17"><composer key="compo_018639">Krebs (C.)</composer> <title>Die Wolke. Romance f. Sopran (oder Tenor.) Op. <opus key="opus_4489">86</opus>. (Seg’le du mit goldnen Säumen)</title> <pubPlace key="place_0276">Hamburg</pubPlace>, <publisher key="publ_3605">Schuberth u. Co</publisher>. 10 Ngr.</bibl>
<bibl id="hofm_1844_12_0189_18">– Idem f. Alt oder Bariton. Ebend. 10 Ngr.</bibl>
<bibl id="hofm_1844_12_0189_19"><composer key="compo_020458">Leitermayer (Alex.)</composer> <title>Die Nacht auf den Bergen. Gedicht von Lyser. Op. <opus key="opus_0001">1</opus>. (Eingehüllt in nächtlich Dämmern)</title> <pubPlace key="place_0731">Wien</pubPlace>, <publisher key="publ_1269">Glöggl</publisher> 15 Xr.</bibl>
<bibl id="hofm_1844_12_0189_20">– <title>Wohin. Gedicht von Henriette Ottenheimer. Op. <opus key="opus_1372">2</opus>. (Lüfte des Himmels, wo ziehet ihr hin)</title> Ebend. 20 Xr.</bibl>
<pb n="190"/>
<bibl id="hofm_1844_12_0190_01"><composer key="compo_020546">Lenz (L.)</composer> <title>Der Landknecht unter Georg von Freundsberg, ein Cyklus von 12 Liedern und Gesängen, gedichtet von Hoffmann v. Fallersleben. Op. <opus key="opus_2630">38</opus>. (Loblied. Abschied. Des Landsknechts Kirmeslied. Georg von Freundsberg. Auf dem Heerzuge. Schlachtgesang. Des frommen Landsknechts Morgenlied. Sturmlied vor Rom. Das treue Ross. Trinklied. Sehnsucht in der Heimath. Der alte Landsknecht.)</title> <pubPlace key="place_0438">Mainz</pubPlace>, <publisher key="publ_3563">Schott</publisher> 3 Fl. 12 Xr.</bibl>
<bibl id="hofm_1844_12_0190_02"><composer key="compo_020968">Lindblad (A.F.)</composer> <title>Schwedische Lieder. Deutsch von A.E. Wollheim, mit Beibehaltung des Originaltextes. Cah. 3. (O komm. Der Postillon. Nachts. Dalkullo-Lied. Der Mutterlose. Der Invalide. Einem jungen Mädchen in’s Stammbuch. Am Aarensee. Vergehn. Was mir gewährt)</title> <pubPlace key="place_0276">Hamburg</pubPlace>, <publisher key="publ_3605">Schuberth u. Co</publisher>. 1 Thlr.</bibl>
<bibl id="hofm_1844_12_0190_03"><composer key="compo_021681">Löwe (C.)</composer> <title>Alpin’s Klage um Morar. Gesang Ossians von Göthe. Op. <opus key="opus_4654">94</opus></title>. <pubPlace key="place_0044">Berlin</pubPlace>, <publisher key="publ_3471">Schlesinger</publisher> 1 Thlr.</bibl>
<bibl id="hofm_1844_12_0190_04"><composer key="compo_021753">Lührss (C.)</composer> <title>Frühlingslied. Mädchen von Athen. Wo weilt meine Liebe. Der Abendstern. Lieder. Op. <opus key="opus_4562">9</opus>, Heft 1. (Und wenn die Primel – Gieb mir Mädchen – Wo weilt meine Liebe – Du lieblicher Stern)</title> <pubPlace key="place_0044">Berlin</pubPlace>, <publisher key="publ_1394">Guttentag</publisher> 17½ Ngr.</bibl>
<bibl id="hofm_1844_12_0190_05">– <title>6 Lieder. (Müllers trockne Blumen: Ihr Blümchen alle. Ständchen: Morgens als Lerche. Mein Herz ist im Hochland. Sie wallt in Schönheit. Die finstre Nacht. O komm zu mir.)</title> <pubPlace key="place_0069">Bonn</pubPlace>, <publisher key="publ_3791">Simrock</publisher> 2 Fl. 50 Xt.</bibl>
<bibl id="hofm_1844_12_0190_06"><composer key="compo_024796">Nicola (G.)</composer> <title>Ohne Liebe keine Welt. Gedicht v. F.X. Told. Op. <opus key="opus_0001">1</opus>. (Liebe ist die milde Sonne)</title> <pubPlace key="place_0731">Wien</pubPlace>, <publisher key="publ_1269">Glöggl</publisher> 30 Xr.</bibl>
<bibl id="hofm_1844_12_0190_07"><composer key="compo_027077">Proch (H.)</composer> <title>Reiterlied für Walmoden-Kürassiere. Gedicht v. Rupertus. Op. <opus key="opus_0335">116</opus>. (Die Fahne ist mein Leben)</title> <pubPlace key="place_0731">Wien</pubPlace>, <publisher key="publ_0735">Diabelli u. Co</publisher>. 30 Xr.</bibl>
<bibl id="hofm_1844_12_0190_08"><composer key="compo_027523">Randhartinger (B.)</composer> <title>Das Erkennen. Wanderlied von J.N. Vogl. Op. <opus key="opus_3140">49</opus>. (Ein Wanderbursch mit dem Stab in der Hand)</title> <pubPlace key="place_0731">Wien</pubPlace>, <publisher key="publ_4456">Witzendorf</publisher> 45 Xr.</bibl>
<bibl id="hofm_1844_12_0190_09">– <title>Die nächtliche Heerschau. Gedicht v. Freih. v. Zedlitz. Op. <opus key="opus_3204">50</opus> (Nachts um die zwölfte Stunde)</title> Ebend. 54 Xr.</bibl>
<bibl id="hofm_1844_12_0190_10">– <title>Heilmittel in österreichischer Mundart, von Z.G. Seidl. Op. <opus key="opus_3244">51</opus>. (Was los’st denn, liabs Diarndl)</title> Ebend. 30 Xr.</bibl>
<bibl id="hofm_1844_12_0190_11">– <title>Ein Jahr später am Grabe Sephinens. Gedicht v. Rupertus. Op. <opus key="opus_3658">61</opus>. (Sieh dieselben Blumen)</title> Ebend. 30 Xr.</bibl>
<bibl id="hofm_1844_12_0190_12">– <title>Der Verlassene. Gedicht v. Rupertus. Op. <opus key="opus_3701">62</opus>. (Zackige Blitze spalten)</title> Ebend. 45 Xr.</bibl>
<bibl id="hofm_1844_12_0190_13"><composer key="compo_029606">Salis (Ch. de)</composer> <title>Le Chrétien mourant. Meditation 27 de Delamartine</title> (Lyre française No. 103.) <pubPlace key="place_0438">Mainz</pubPlace>, <publisher key="publ_3563">Schott</publisher> 45 Xr.</bibl>
<bibl id="hofm_1844_12_0190_14"><composer key="compo_032713">Speier (W.)</composer> <title>Schifferlied von Kopisch. Op. <opus key="opus_3140">49</opus>. (Im Meere möcht ich fahren)</title> <pubPlace key="place_0438">Mainz</pubPlace>, <publisher key="publ_3563">Schott</publisher> 27 Xr.</bibl>
</div><div id="hofm_1844_12_0190_div19"><head><hofClass key="hofCl_0047">Gesänge mit Begleitung der Guitarre.</hofClass></head>      



<bibl id="hofm_1844_12_0190_15"><composer key="compo_018639">Krebs (C.)</composer> <title>Lieder. No. 10, Die süsse Bell (Der Frühling kehret lächelnd wieder)</title> <pubPlace key="place_0276">Hamburg</pubPlace>, <publisher key="publ_3605">Schuberth u. Co</publisher>. 7½ Ngr.</bibl>
</div><div id="hofm_1844_12_0190_div20"><head><hofClass key="hofCl_0287">Theoretische Werke.</hofClass></head>      


<bibl id="hofm_1844_12_0190_16"><author>Schuberth (L.)</author> <title>Gründlicher Unterricht in der Theorie der Tonsetzkunst. 1ster Theil. Die Generalbasslehre theoretisch-praktisch dargestellt zum Selbstunterricht</title>. 8. <pubPlace key="place_0276">Hamburg</pubPlace>, <publisher key="publ_3605">Schuberth u. Co</publisher>. geh. 26½ Ngr. n.</bibl>
</div></body></text></TEI.2>