<?xml version="1.0" encoding="utf-8"?>
<!DOCTYPE TEI.2
  SYSTEM "../../dtd/tei/cch_tei.dtd">
<TEI.2 id="hofm_1845_08">
<teiHeader type="text"><fileDesc><titleStmt><title>August 1845</title></titleStmt><publicationStmt><p/></publicationStmt><sourceDesc><p/></sourceDesc></fileDesc><profileDesc><langUsage><language id="ger">German</language><language id="fre">French</language><language id="ita">Italian</language></langUsage></profileDesc><revisionDesc><change><date>2007-04-27</date><respStmt><name>RV</name></respStmt><item>Changed "biblGroup" elements in "listBibl"</item></change><change><date>2007-03-02</date><respStmt><name>EP</name></respStmt><item>Checked curly brackets</item></change><change><date>2007-02-26</date><respStmt><name>EP</name></respStmt><item>Encoded curly brackets</item></change><change><date>2006-12-19</date><respStmt><name>EP</name></respStmt><item>sic and unclear moved outside elements pubplaces, publisher, composer, hofclass, key, opus</item></change><change><date>2007-01-02</date><respStmt><name>Liz</name></respStmt><item>p. 121, Töpfer (J.G.) - not (L.G.)</item></change><change><date>2006-12-20</date><respStmt><name>Liz</name></respStmt><item>p. 123 Schöne (not Schone)</item></change><change><date>2006-03-16</date><respStmt><name>Sarah</name></respStmt><item>Fixed Xrefs</item></change><change><date>2005-11-14</date><respStmt><name>Liz</name></respStmt><item>p. 116 Böhme, not Bohme</item></change><change><date>2005-10-25</date><respStmt><name>Liz</name></respStmt><item>p. 125 'Gesänge für eine Stimme' (not eme Stimme); p. 115, verschiedene (not rerschiedene)</item></change><change><date>2005-09-15</date><respStmt><name>Sarah</name></respStmt><item>Corrections following checking pages. Adjusted publisher tagging.</item></change><change><date>2005-07-19</date><respStmt><name>Sarah</name></respStmt><item>Corrections following checking pages. Adjusted album tagging.</item></change><change><date>2005-04-20</date><respStmt><name>Sarah</name></respStmt><item>First encoding.</item></change><change><date>2005-03-23</date><respStmt><name>Liz</name></respStmt><item>pasting in</item></change></revisionDesc></teiHeader>
<text><body><pb n="114"/><head>August 1845.</head>
<div id="hofm_1845_08_0114_div01"><head><hofClass key="hofCl_0164">Musik für das Orchester.</hofClass></head>
<bibl id="hofm_1845_08_0114_01"><composer key="compo_002201">Bellini (Fermo)</composer> <title>Weber. Rossini. Schubert. 3 Arie da Caccia o Fanfare p. Trombi, Corni, Tromboni ed Officleide. No. 1–3</title>. <pubPlace key="place_0437">Mailand</pubPlace>, <publisher key="publ_3241">Ricordi</publisher> à 1 Fr. 80 Ct.</bibl>
<wip id="hofm_1845_08_0114_02"><composer key="compo_003509">Boehmer (C.)</composer> <title>Entreacts f. Orchester</title>. <pubPlace key="place_0110">Chemnitz</pubPlace>, <publisher key="publ_1807">Häcker</publisher>. <lb/><title>Cah. 2, Intermezzo scherzoso. Menuetto pathetico. Op. <opus key="opus_2948">44</opus></title>. 1 Thlr. <lb/>– <title>3, Rondo giojoso. Op. <opus key="opus_2996">45</opus></title>. 1 Thlr.</wip>
<bibl id="hofm_1845_08_0114_03"><title>Cassino, die Musikgesellschaft auf dem Lande. 10te Lieferung, Potpourri aus der Oper: Des Teufels Antheil, von <composer key="compo_001079">D.F.E. Auber</composer>, f. 8stimmiges Orchester, als: 2 Viol., Bratsche, Bass, Flöte, Clarinette u. 2 Hörner (Violoncell, Trompeten u. Pauken ad lib.) eing. von Ph. Roeth</title>. <pubPlace key="place_0475">München</pubPlace>, <publisher key="publ_0028">Aibl</publisher> 3 Fl.</bibl>
<bibl id="hofm_1845_08_0114_04"><title>Harmonie-Musik (10 Stimmen, auch mit 6–7 Stimmen auszuführen). 3te Samml. 6tes Heft, von <composer key="compo_036550">L. Weissenborn</composer></title>. 4. <pubPlace key="place_0110">Chemnitz</pubPlace>, <publisher key="publ_1807">Häcker</publisher> 10 Ngr.</bibl>
<bibl id="hofm_1845_08_0114_05"><composer key="compo_014194">Henning (C.)</composer> <title>6 Piecen f. 5 Clarinetten, Flöte, 2 Horner, 2 Trompeten, 2 Fagotts, Posaune, Serpent, gr. u. kL. Trommel</title>. 24ste Lief. d. Militairmusik. 4. Ebend. 15 Ngr.</bibl>
<bibl id="hofm_1845_08_0114_06">– <title>2 Piecen f. 5 Clarinetten, Flöte, 2 Hörner, 2 Trompeten, 2 Fagotts, Posaune, gr. u. kl. Trommel</title>. 25ste Lief. d. Militairmusik. 4. Ebend. 15 Ngr.</bibl>
<bibl id="hofm_1845_08_0114_07"><composer key="compo_016840">Kalliwoda (J.W.)</composer> <title>10ième Ouverture de Concert à gr. Orchestre. Op. <opus key="opus_0720">141</opus>, in <key>Fm</key></title>. <pubPlace key="place_0392">Leipzig</pubPlace>, <publisher key="publ_3023">Peters</publisher> 2 Thlr. 10 Ngr.</bibl>
<bibl id="hofm_1845_08_0114_08"><composer key="compo_019654">Labitzky (Jos.)</composer> <title>Kinder-Freuden. 3 Polka f. Orchester. Op. <opus key="opus_0325">115</opus></title>. <pubPlace key="place_0392">Leipzig</pubPlace>, <publisher key="publ_1746">Hofmeister</publisher> 1 Thlr. 10 Ngr.</bibl>
<wip id="hofm_1845_08_0114_09"><composer key="compo_021499">Lumbye (H.C.)</composer> <title>Tänze f. Orchester</title>. <pubPlace key="place_0392">Leipzig</pubPlace>, <publisher key="publ_0437">Br. u. Härtel</publisher>.<lb/><title>No. 1, Les Souvenirs de Paris. Polka, Walzer u. Galopp</title>. 2 Thlr. <lb/>– <title>2, Eine Sommernacht in Dänemark. Galopp</title>. 1 Thlr. <lb/>– <title>3, Le Carneval de Paris. Polka</title>. 1 Thlr.</wip>
<bibl id="hofm_1845_08_0114_10"><composer key="compo_028665">Roeth</composer>. <title>Potpourri, des Teufels Antheil</title>. Siehe: <xref type="external" from="hofm_1845_08_0114_03" to="DITTO" targOrder="U">Cassino</xref>.</bibl>
<bibl id="hofm_1845_08_0114_11"><title>Sammlung von Potpourris aus den neuesten Opern f. 4 Clarinetten, Flöte, 2 Hörner, 2 Venliltrompelen, 2 Fagotts, Bassposaune u. gr. Trommel. No. 1, <composer key="compo_000088">Adam</composer>, die eiserne Hand</title>. <pubPlace key="place_0110">Chemnitz</pubPlace>, <publisher key="publ_1807">Häcker</publisher> 1 Thlr.</bibl>
<bibl id="hofm_1845_08_0114_12"><title>Sammlung von potpourris aus den neuesten Opern f. kleines Orchester. No. 2, <composer key="compo_018758">Kreutzer</composer>, der Edelknecht</title>. Ebend. 1 Thlr.</bibl>
<bibl id="hofm_1845_08_0114_13"><composer key="compo_033569">Strauss (Joh.)</composer> <title>Walzer f. Orchester. No. 82, Odeon-Tänze. Op. <opus key="opus_1107">172</opus></title>. <pubPlace key="place_0731">Wien</pubPlace>, <publisher key="publ_1506">Haslinger</publisher> 2 Fl. 45 Xr.</bibl>
<bibl id="hofm_1845_08_0114_14">– <title>Marianka-Polka f. Orchester. Op. <opus key="opus_1115">173</opus></title>. Ebend. 2 Fl.</bibl>
<wip id="hofm_1845_08_0114_15"><title>Tänze (neue) f. kleines Orchester von verschiedenen Componisten</title>. <title>8te Samml</title>. <title>11tes Heft von W. Schmidt</title>. <title>12tes Heft v. B. Meyer</title>. <title>13tes Heft von Fr. Walther</title>. <title>9te Samml</title>. <title>1stes Heft von C. Henning</title>. <title>2tes Heft von C. Richter</title>. 4. <pubPlace key="place_0110">Chemnitz</pubPlace>, <publisher key="publ_1807">Häcker</publisher> à 10 Ngr.</wip>
<bibl id="hofm_1845_08_0114_16"><composer key="compo_036111">Walther (Fr)</composer> <title>5 Piecen f. 2 Klappenhörner, Ventiltrompete. 2 Trompeten, 2 Waldhorner, 3 Posaunen u. Basshorn</title>. 4. Ebend. 15 Ngr.</bibl></div>
<pb n="115"/>
<div id="hofm_1845_08_0115_div02"><head><hofClass key="hofCl_0245">Musik für die Violine.</hofClass></head>
<bibl id="hofm_1845_08_0115_01"><composer key="compo_001234">Bach (Joh. Seb.)</composer> <title>Ciaccona (3 Sonates No. 2) p. Violino</title>. <pubPlace key="place_0044">Berlin</pubPlace>, <publisher key="publ_3471">Schlesinger</publisher> 7½ Ngr.</bibl>
<bibl id="hofm_1845_08_0115_02"><composer key="compo_016246">Jansa (L.)</composer> <title>Souvenir d’Amitié. Adagio et Rondo p. Violon av. Acc. d’Orchestre. Op. <opus key="opus_3934">69</opus></title> (Déd. à Mr. Ferd. David). <pubPlace key="place_0392">Leipzig</pubPlace>, <publisher key="publ_3023">Peters</publisher> 2 Thlr.</bibl>
<wip id="hofm_1845_08_0115_03"><composer key="compo_018771">Kreutzer (R.)</composer> <title>40 Etudes ou Caprices p. Violon. <edition>Nouvelle Edition</edition> corrigée p. F.W. Ressel</title>. <title>Liv. 1, 2</title>. <pubPlace key="place_0044">Berlin</pubPlace>, <publisher key="publ_3471">Schlesinger</publisher> à 20 Ngr.</wip>
<bibl id="hofm_1845_08_0115_04"><composer key="compo_023884">Mozart</composer>, <title>Choix d’Airs de l’Opéra : Don Juan, p. 2 Violons. <edition>Nouv. Edit</edition></title>. <pubPlace key="place_0438">Mainz</pubPlace>, <publisher key="publ_3563">Schott</publisher> 1 Fl. 12 Xr.</bibl>
<bibl id="hofm_1845_08_0115_05"><composer key="compo_027154">Prume (Franç.)</composer> <title>Grande Polonaise brillante p. Violon av. Acc. de gr. Orchestre. Op. <opus key="opus_3181">5</opus></title>. <pubPlace key="place_0731">Wien</pubPlace>, <publisher key="publ_1506">Haslinger</publisher> 4 Fl. 30 Xr.</bibl>
<bibl id="hofm_1845_08_0115_06"><composer key="compo_032081">Servais (Fr.)</composer> et <composer key="compo_011177">J. Ghys</composer>, <title>Variations brillantes et concertantes sur l’Air : God save the King, p. Violon et Violoncelle. Op. <opus key="opus_2630">38</opus></title>. <pubPlace key="place_0044">Berlin</pubPlace>, <publisher key="publ_3471">Schlesinger</publisher> 1 Thlr. 5 Ngr.</bibl>
<bibl id="hofm_1845_08_0115_07"><composer key="compo_033569">Strauss (Joh.)</composer> <title>Odeon Tänze, f. 3 Violinen u. Bass. Op. <opus key="opus_1107">172</opus></title>. <pubPlace key="place_0731">Wien</pubPlace>, <publisher key="publ_1506">Haslinger</publisher> 1 Fl.</bibl>
<bibl id="hofm_1845_08_0115_08">– <title>Walzer f. Violine. No. 2, Odeon-Tänze. Op. <opus key="opus_1107">172</opus></title>. Ebend. 20 Xr.</bibl>
<bibl id="hofm_1845_08_0115_09"><composer key="compo_036249">Weber (C.M. de)</composer> <title>Ouverture de l’Opéra : Preciosa, arr. p. 2 Violons, Alto et Violoncello</title>. <pubPlace key="place_0044">Berlin</pubPlace>, <publisher key="publ_3471">Schlesinger</publisher> 25 Ngr.</bibl>
</div><div id="hofm_1845_08_0115_div03"><head><hofClass key="hofCl_0184">Musik für das Violoncello.</hofClass></head>
<bibl id="hofm_1845_08_0115_10"><composer key="compo_007289">Dotzauer (J.J.F.)</composer> <title>3 Duos p. 2 Violoncelles. Op. <opus key="opus_0806">15</opus>. <edition>Nouv. Edit</edition></title>. <pubPlace key="place_0438">Mainz</pubPlace>, <publisher key="publ_3563">Schott</publisher> 2 Fl.</bibl>
<bibl id="hofm_1845_08_0115_11"><composer key="compo_019130">Kummer (F.A.)</composer> <title>Réminiscences de l’Opéra : Armide, de Gluck, p. Violoncelle av. Acc. de Quatuor. Op. <opus key="opus_4181">77</opus></title>. <pubPlace key="place_0044">Berlin</pubPlace>, <publisher key="publ_3471">Schlesinger</publisher> 1 Thlr.</bibl>
<bibl id="hofm_1845_08_0115_12"><composer key="compo_028761">Romberg (B.)</composer> <title>Le Rève. Pièce de Fantaisie p. Violoncelle av. Acc. de Quatuor. <opus key="opus_4776">Op. posthume</opus></title>. <pubPlace key="place_0731">Wien</pubPlace>, <publisher key="publ_1506">Haslinger</publisher> 1 Fl. 45 Xr.</bibl>
</div><div id="hofm_1845_08_0115_div04"><head><hofClass key="hofCl_0200">Musik für die Flöte.</hofClass></head>
<bibl id="hofm_1845_08_0115_13"><composer key="compo_007421">Drouët (L.)</composer> <title>Duo concertant p. 2 Flûtes, calculé pour faire quelques progres à Ceux qui désirent acquerir le Manuellement des Flûtes à differentes Clefs. Op. <opus key="opus_2975">442</opus>. <edition>Nouv. Edit</edition></title>. <pubPlace key="place_0438">Mainz</pubPlace>, <publisher key="publ_3563">Schott</publisher> 1 Fl. 30 Xr.</bibl>
<bibl id="hofm_1845_08_0115_14"><composer key="compo_008802">Fahrbach (Gius.)</composer> <title>Il Telegrafo musicale. Raccolta periodica di Potpourris brillanti sopra Motivi delle Opera teatrale più recenti e più acclamate p. Flauto, Clarinetto (o Oboe) e Fagotto. Op. <opus key="opus_1482">21</opus>. Fasc. 22–24, Ernani de Mo. Verdi</title>. <pubPlace key="place_0437">Mailand</pubPlace>, <publisher key="publ_3241">Ricordi</publisher> à 6 Fr.</bibl>
<bibl id="hofm_1845_08_0115_15"><composer key="compo_017173">Keller (Ch.)</composer> <title>3 Fantaisies p. Flûte. Op. <opus key="opus_3254">51. No. 1–3</opus>, in <key>Cm</key>. <key>E</key>. <key>Am</key></title>. <pubPlace key="place_0438">Mainz</pubPlace>, <publisher key="publ_3563">Schott</publisher> à 36 Xr.</bibl>
<bibl id="hofm_1845_08_0115_16"><composer key="compo_033569">Strauss (Joh.)</composer> <title>Lieblings-Walzer f. Flöte. No. 101, Odeon-Tänze. Op. <opus key="opus_1107">172</opus></title>. <pubPlace key="place_0731">Wien</pubPlace>, <publisher key="publ_1506">Haslinger</publisher> 20 Xr.</bibl>
<bibl id="hofm_1845_08_0115_17">– <title>Marianka-Polka f. Flöte. Op. <opus key="opus_1115">173</opus></title>. Ebend. 15 Xr.</bibl>
</div><div id="hofm_1845_08_0115_div05"><head><hofClass key="hofCl_0131">Musik für verschiedene Blasinstrumente.</hofClass></head>
<bibl id="hofm_1845_08_0115_18"><composer key="compo_005447">Cavallini (E.)</composer> <title>3 Duos p. 2 Clarinettes. No. 1</title>. <pubPlace key="place_0437">Mailand</pubPlace>, <publisher key="publ_3241">Ricordi</publisher> 5 Fr. 70 Ct.</bibl>
<wip id="hofm_1845_08_0115_19"><composer key="compo_010776">Gebauer (E.)</composer> <title>3 Duos p. 2 Clarinettes. Op. <opus key="opus_1068">17</opus></title>. <title>Liv. 1, 2. <edition>Nouv. Edit</edition></title>. <pubPlace key="place_0438">Mainz</pubPlace>, <publisher key="publ_3563">Schott</publisher> à 1 Fl. 12 Xr.</wip>
<bibl id="hofm_1845_08_0115_20"><composer key="compo_033569">Strauss (Joh.)</composer> <title>Lieblings-Walzer f. Csakan. No. 101, Odeon-Tänze. Op. <opus key="opus_1107">172</opus></title>. <pubPlace key="place_0731">Wien</pubPlace>, <publisher key="publ_1506">Haslinger</publisher> 20 Xr.</bibl></div>
<pb n="116"/>
<div id="hofm_1845_08_0116_div06"><head><hofClass key="hofCl_0205">Musik für die Guitarre.</hofClass></head>
<bibl id="hofm_1845_08_0116_01"><composer key="compo_033569">Strauss (Joh.)</composer> <title>Lieblings-Walzer f. Guitarre. No. 82, Odeon-Tänze. Op. <opus key="opus_1107">172</opus></title>. <pubPlace key="place_0731">Wien</pubPlace>, <publisher key="publ_1506">Haslinger</publisher> 30 Xr.</bibl>
<bibl id="hofm_1845_08_0116_02">– <title>Marianka-Polka. Op. <opus key="opus_1115">173</opus>, f. Guitarre</title>. Ebend. 15 Xr.</bibl>
</div><div id="hofm_1845_08_0116_div07"><head><hofClass key="hofCl_0167">Musik für das Pianoforte mit Begleitung.</hofClass></head>
<bibl id="hofm_1845_08_0116_03"><composer key="compo_000976">Artot (J.)</composer> <title>Grande Fantaisie sur des Motifs de Robert le Diable p. Violon av. Acc. de Pfte. Op. <opus key="opus_1271">19</opus></title>. <pubPlace key="place_0438">Mainz</pubPlace>, <publisher key="publ_3563">Schott</publisher> 2 Fl.</bibl>
<bibl id="hofm_1845_08_0116_04"><composer key="compo_001234">Bach (Joh. Seb.)</composer> <title>Ciaccona (3 Sonate No. 2) p. Violino con Acc. di Pfte. da F.W. Ressel</title>. <pubPlace key="place_0044">Berlin</pubPlace>, <publisher key="publ_3471">Schlesinger</publisher> 25 Ngr.</bibl>
<bibl id="hofm_1845_08_0116_05"><composer key="compo_002077">Beethoven (L. van)</composer> <title>Sonate p. Pfte. et Violon. Op. <opus key="opus_1731">24</opus>, in <key>F</key>. <edition>Nouv. Edit</edition></title>. <pubPlace key="place_0276">Hamburg</pubPlace>, <publisher key="publ_0540">Böhme</publisher> 25 Ngr.</bibl>
<bibl id="hofm_1845_08_0116_06"><composer key="compo_002300">Bendl (C.)</composer> <title>Meerfräuleins Wiegenlieder. Walzer f. Violine u. Pfte. Op. <opus key="opus_3105">48</opus></title>. <pubPlace key="place_0731">Wien</pubPlace>, <publisher key="publ_1506">Haslinger</publisher> 45 Xr.</bibl>
<bibl id="hofm_1845_08_0116_07">– <title>Schneeglöckchen. Walzer f. Violine u. Pfte. Op. <opus key="opus_3140">49</opus></title>. Ebend. 45 Xr.</bibl>
<bibl id="hofm_1845_08_0116_08">– <title>Cyklopen-Walzer, f. Violine u. Pfte. Op. <opus key="opus_3204">50</opus></title>. Ebend. 45 Xr.</bibl>
<bibl id="hofm_1845_08_0116_09"><composer key="compo_011178">Ghys (Jul.)</composer> <title>6me Air varié p. Violon av. Acc. de Pfte. Op. <opus key="opus_1881">26</opus>, in <key>E</key></title>. <pubPlace key="place_0044">Berlin</pubPlace>, <publisher key="publ_3471">Schlesinger</publisher> 22½ Ngr.</bibl>
<bibl id="hofm_1845_08_0116_10"><composer key="compo_014659">Hetsch (L.)</composer> <title>Grosses Duo f. Pfte. u. Violine (od. Violoncell) Op. <opus key="opus_0531">13</opus>, <edition>Neue Ausgabe</edition>. (La Partie du Violoncelle est arrangée p. Ch. Schuberth.)</title> <pubPlace key="place_0276">Hamburg</pubPlace>, <publisher key="publ_3605">Schuberth u. Co</publisher>. 2 Thlr.</bibl>
<bibl id="hofm_1845_08_0116_11"><composer key="compo_016246">Jansa (L.)</composer> <title>Der junge Opernfrennd. Ausgewählte Melodien f. Violine m. Begl. d. Pfte. Op. <opus key="opus_3586">60</opus>. No. 20, Balfe, die vier Haimonskinder</title>. <pubPlace key="place_0731">Wien</pubPlace>, <publisher key="publ_1506">Haslinger</publisher> 45 Xr.</bibl>
<bibl id="hofm_1845_08_0116_12">– <title>Der junge Opernfreund. Ausgewählte Melodien f. Flöte m. Begl. d. Pfte. Op. <opus key="opus_3658">61</opus>. No. 20, Balfe, die vier Haimonskinder</title>. Ebend. 45 Xr.</bibl>
<bibl id="hofm_1845_08_0116_13">– <title>Souvenir d’Amitié. Adagio et Rondo p. Violon av. Acc. de Pfte. Op. <opus key="opus_3934">69</opus></title>. <pubPlace key="place_0392">Leipzig</pubPlace>, <publisher key="publ_3023">Peters</publisher> 25 Ngr.</bibl>
<bibl id="hofm_1845_08_0116_14"><composer key="compo_018919">Krug (G.)</composer> <title>Grosses Duo f. Pfte. u. Violine (oder Violoncell), Op. <opus key="opus_2116">3</opus>, <edition>Neue Ausgabe</edition>. (La Partie du Violoncelle est arrangée p. Ch. Schuberth)</title> <pubPlace key="place_0276">Hamburg</pubPlace>, <publisher key="publ_3605">Schuberth u. Co</publisher>. 2 Thlr.</bibl>
<bibl id="hofm_1845_08_0116_15">– <title>Adagio und Rondo f. Pfte. u. Alto. Op. <opus key="opus_2737">4</opus></title>. Ebend. 25 Ngr.</bibl>
<bibl id="hofm_1845_08_0116_16"><composer key="compo_022692">Mayseder (J.)</composer> <title>Duo concertant p. Violon et Pfte. Op. <opus key="opus_3586">60</opus>, in <key>A</key></title>. <pubPlace key="place_0731">Wien</pubPlace>, <publisher key="publ_1506">Haslinger</publisher> 3 Fl. 45 Xr.</bibl>
<bibl id="hofm_1845_08_0116_17"><composer key="compo_025691">Panofka (H.)</composer> <title>Air tyrolien varié p. Violon av. Acc. de Pfte. Op. <opus key="opus_0684">14</opus></title>. <pubPlace key="place_0044">Berlin</pubPlace>, <publisher key="publ_3471">Schlesinger</publisher> 20 Ngr.</bibl>
<bibl id="hofm_1845_08_0116_18">– <title>Fantaisie de Concert sur des Motifs du Desert de Félicien David, p. Violon av. Acc. de Pfte. Op. <opus key="opus_3385">55</opus></title>. <pubPlace key="place_0044">Berlin</pubPlace>, <publisher key="publ_3899">Stern u. Co</publisher>. 1 Thlr.</bibl>
<bibl id="hofm_1845_08_0116_19"><composer key="compo_027154">Prume (Franç.)</composer> <title>Grande Polonaise brillante p. Violon av. Acc. de Pfte. Op. <opus key="opus_3181">5</opus></title>. <pubPlace key="place_0731">Wien</pubPlace>, <publisher key="publ_1506">Haslinger</publisher> 2 Fl.</bibl>
<bibl id="hofm_1845_08_0116_20"><composer key="compo_028761">Romberg (B.)</composer> <title>Le Rêve. Pièce de Fantaisie p. Violoncelle av. Acc. de Pfte. <opus key="opus_4776">Op. posthume</opus></title>. <pubPlace key="place_0731">Wien</pubPlace>, <publisher key="publ_1506">Haslinger</publisher> 1 Fl. 45 Xr.</bibl>
<bibl id="hofm_1845_08_0116_21"><composer key="compo_033569">Strauss (Joh.)</composer> <title>Odeon-Walzer f. Violine u. Pfte. Op. <opus key="opus_1107">172</opus></title>. Ebend. 45 Xr.</bibl>
<bibl id="hofm_1845_08_0116_22">– Idem f. Flöte u. Pfte. Ebend. 45 Xr.</bibl>
<bibl id="hofm_1845_08_0116_23">– <title>Marianka-Polka f. Violine u. Pfte. Op. <opus key="opus_1115">173</opus></title>. Ebend. 20 Xr.</bibl>
<bibl id="hofm_1845_08_0116_24"><composer key="compo_036249">Weber (C.M. de)</composer> <title>Trio p. Pfte., Violon et Violoncelle. Op. <opus key="opus_3738">63</opus>. (Le Partie de Flûte arr. p. Violon p. F.W. Ressel.)</title> <pubPlace key="place_0044">Berlin</pubPlace>, <publisher key="publ_3471">Schlesinger</publisher> 1 Thlr. 25 Ngr.</bibl>
</div><div id="hofm_1845_08_0116_div08"><head><hofClass key="hofCl_0124">Musik für zwei Pianoforte.</hofClass></head>
<bibl id="hofm_1845_08_0116_25"><composer key="compo_005570">Cherubini</composer>, <title>Ouverture zur Oper: Die Abencerragen f. 2 Pftes. zu 8 Händen arr. v. G.M. Schmidt</title>. <pubPlace key="place_0392">Leipzig</pubPlace>, <publisher key="publ_2039">Klemm</publisher> 1 Thlr.</bibl>
<pb n="117"/>
<bibl id="hofm_1845_08_0117_01"><composer key="compo_023884">Mozart</composer>, <title>6 grandes Sinfonies arr. p. 2 Pftes à 8 Mains p. G.M. Schmidt. No. 3, in <key>Gm</key></title>. <pubPlace key="place_0392">Leipzig</pubPlace>, <publisher key="publ_2039">Klemm</publisher> 2 Thlr.</bibl>
</div><div id="hofm_1845_08_0117_div09"><head><hofClass key="hofCl_0171">Musik für das Pianoforte zu vier Händen.</hofClass></head>
<bibl id="hofm_1845_08_0117_02"><composer key="compo_004435">Brunner (C.T.)</composer> <title>6 Piècen aus den Opern: Des Teufels Antheil, Czaar und Zimmermann, Der Wildschütz, Die Tochter des Regiments, Die Puritaner. Op. <opus key="opus_3868">67</opus></title>. (Der Dilettant Cah. 3.) <pubPlace key="place_0110">Chemnitz</pubPlace>, <publisher key="publ_1807">Häcker</publisher> 22½ Ngr.</bibl>
<bibl id="hofm_1845_08_0117_03">– <title>Fantasie über drei Volkslieder von F. Mendelssohn-Bartholdy. Op. <opus key="opus_4070">73</opus></title>. <pubPlace key="place_0392">Leipzig</pubPlace>, <publisher key="publ_2039">Klemm</publisher> 20 Ngr.</bibl>
<bibl id="hofm_1845_08_0117_04"><composer key="compo_006392">Dalla-Vecchia (G.)</composer> <title>Introduzione del second’ Atto dell’ Opera: Ernani di Verdi, liberamente trascritta</title>. <pubPlace key="place_0437">Mailand</pubPlace>, <publisher key="publ_3241">Ricordi</publisher> 3 Fr. 90 Ct.</bibl>
<bibl id="hofm_1845_08_0117_05"><composer key="compo_007599">Duvernoy (J.B.)</composer> <title>Une Chanson des Alpes. Petite Fantaisie sur une Mélodie suisse. Op. <opus key="opus_0706">140</opus></title>. <pubPlace key="place_0392">Leipzig</pubPlace>, <publisher key="publ_0437">Br. u. Härtel</publisher> 10 Ngr.</bibl>
<wip id="hofm_1845_08_0117_06">– <title>Naples et Florence. 2 petites Fantaisies sur des Motifs de Bellini et Donizetti. Op. <opus key="opus_0754">145</opus></title>. <title>No. 1</title> (10 Ngr.) <title>No. 2</title> (15 Ngr.) Ebend.</wip>
<wip id="hofm_1845_08_0117_07"><composer key="compo_009542">Flotow (Fr. v.)</composer> <title>Alessandro Stradella, romantische Oper</title>. <pubPlace key="place_0276">Hamburg</pubPlace>, <publisher key="publ_0540">Böhme</publisher>.<lb/> 
    <title>No. 1, 2, Intr., Chor u. Serenade: In des Mondes Silberhelle</title>. 15 Ngr. <lb/>
    – <title>3, Scene u. Notturno: Durch die Thäler über Hügel</title>. 7½ Ngr. <lb/>
    – <title>4, Finale: Doch horch! ein Tross der wilden Schaaren</title>. 1 Thlr. <lb/>
    – <title>4a, Ballet</title>. 12½ Ngr. <lb/>
    – <title>5, Arie: Seid meiner Wonne stille Zeugen</title>. 10 Ngr.<lb/> 
    – <title>6, Glockenchor: Hört die Glocken</title>. 7½ Ngr. <lb/>
    – <title>7, Duett: An dem linken Strand der Tiber</title>. 15 Ngr.<lb/> 
    – <title>8, Finale: Glockenklänge</title>. 1 Thlr. <lb/>
    – <title>8a, Trinklied: Raus mit dem Nass</title>. 5 Ngr.<lb/> 
    – <title>8b, Ballet</title>. 12½ Ngr. <lb/>
    – <title>8c, Romanze: ‘S ist nichts so schlimm</title>. 7½ Ngr.<lb/> 
    – <title>9, Wechselgesang: Italia, mein Vaterland</title>. 12½ Ngr. <lb/>
    – <title>10, Pilgerchor: Rosig strahlt die Morgensonne</title>. 5 Ngr. <lb/>
    <listBibl rend="curly"><bibl><seg>– <title>11, Terzett: Sag’ doch an, Freund</title></seg><seg id="hofm_1845_08_0117_07_1" rend="curly-left">.17½ Ngr. </seg></bibl>
        <bibl><seg>– <title>12a, Terzettino: Ruhig, leise, stille</title></seg><seg sameAs="hofm_1845_08_0117_07_1">.</seg></bibl></listBibl>
        – <title>12, Finale: Wie freundlich strahlt</title>. 15 Ngr.</wip>
<wip id="hofm_1845_08_0117_08"><composer key="compo_014550">Herz (H.)</composer> <title>6 Amusements arr. Op. <opus key="opus_0182">107</opus></title>. <pubPlace key="place_0438">Mainz</pubPlace>, <publisher key="publ_3563">Schott</publisher> à 1 Fl. 12 Xr.<lb/><title>No. 4, Chant saxon</title>. <lb/>– <title>5, Andante de Beethoven</title>.</wip>
<bibl id="hofm_1845_08_0117_09">– <title>Marche triomphale de Ries variée, arr. p. L. Farrenc. Op. <opus key="opus_0477">125</opus></title>. Ebend. 1 Fl. 48 Xr.</bibl>
<bibl id="hofm_1845_08_0117_10"><composer key="compo_015944">Hünten (Fr.)</composer> <title>Variations brillantes sur la Polka nationale, arr. Op. <opus key="opus_0631">135</opus></title>. <pubPlace key="place_0392">Leipzig</pubPlace>, <publisher key="publ_3023">Peters</publisher> 25 Ngr.</bibl>
<bibl id="hofm_1845_08_0117_11"><composer key="compo_016840">Kalliwoda (J.W.)</composer> <title>Grande Sonate. Op. <opus key="opus_0631">135</opus>, in <key>Gm</key></title>. Ebend. 2 Thlr.</bibl>
<wip id="hofm_1845_08_0117_12"><composer key="compo_018919">Krug (G.)</composer> <title>Charakteristisches Tongemälde, 3 grosse Sonaten zu 4 u. 2 Händen. Op. <opus key="opus_0021">10</opus></title>. <pubPlace key="place_0276">Hamburg</pubPlace>, <publisher key="publ_3605">Schuberth u. Co</publisher>. 4 Thlr. 15 Ngr <lb/><title>No. 1, Der Liebe Erwachen. Sonate in 4 Sätzen: Erste Begegnung. Das Ständchen. Die Liebeserklärung [zu 2 Händen]. Die Verlobung</title>. 1 Thlr. 20 Ngr. <lb/>– <title>2, Der Brautstand, Sonate in 3 Sätzen: Das Brautpaar. Trennung u. Wiedersehen. Die Hochzeit</title>. 1 Thlr. 20 Ngr. <lb/>– <title>3, Der Ehestand, Sonate in 4 Sätzen: Der hänsliche Zwist. Die Gardinenpredigt [zu 2 Händen]. Erwiderung des Ehemanns [zu 2 Händen]. Finale</title>. 1 Thlr. 20 Ngr.</wip>
<bibl id="hofm_1845_08_0117_13"><composer key="compo_019654">Labitzky (Jos.)</composer> <title>Kinderfreuden. 3 Polka. Op. <opus key="opus_0325">115</opus></title>. <pubPlace key="place_0392">Leipzig</pubPlace>, <publisher key="publ_1746">Hofmeister</publisher> 15 Ngr.</bibl>
<bibl id="hofm_1845_08_0117_14"><composer key="compo_020257">Lecarpentier (Ad.)</composer> <title>Les Plaisirs de l’Etude, 24 Morceaux favoris. Liv. 1</title>. <pubPlace key="place_0438">Mainz</pubPlace>, <publisher key="publ_3563">Schott</publisher> 1 Fl.</bibl>
<pb n="118"/>
<bibl id="hofm_1845_08_0118_01"><composer key="compo_021499">Lumbye (H.C.)</composer> <title>Döbler’s Zauber-Galopp</title>. <pubPlace key="place_0360">Copenhagen</pubPlace>, <publisher key="publ_2487">Lose u. Olsen</publisher> 10 Ngr.</bibl>
<bibl id="hofm_1845_08_0118_02"><composer key="compo_022385">Marxsen (Ed.)</composer> <title>Wingakersflicka. Lieblingslied von Jenny Lind variirt. Op. <opus key="opus_3385">55</opus></title>. <pubPlace key="place_0276">Hamburg</pubPlace>, <publisher key="publ_0540">Böhme</publisher> 25 Ngr.</bibl>
<bibl id="hofm_1845_08_0118_03"><composer key="compo_028393">Ries (F.)</composer> <title>Di tanti palplti. Cavatine de Tancrède, Musique de Rossini variée. <edition>Nouv Edit</edition></title>. <pubPlace key="place_0438">Mainz</pubPlace>, <publisher key="publ_3563">Schott</publisher> 1 Fl. 12 Xr.</bibl>
<bibl id="hofm_1845_08_0118_04"><composer key="compo_031253">Schulz (E.)</composer> <title>Polka de Salon</title>. <pubPlace key="place_0437">Mailand</pubPlace>, <publisher key="publ_3241">Ricordi</publisher> 2 Fr.</bibl>
<bibl id="hofm_1845_08_0118_05"><composer key="compo_033569">Strauss (Joh.)</composer> <title>Odeon-Tänze. Op. <opus key="opus_1107">172</opus></title>. <pubPlace key="place_0731">Wien</pubPlace>, <publisher key="publ_1506">Haslinger</publisher> 1 Fl, 15 Xr.</bibl>
<bibl id="hofm_1845_08_0118_06">– <title>Marianka-Polka. Op. <opus key="opus_1115">173</opus></title>. Ebend. 30 Xr.</bibl>
<bibl id="hofm_1845_08_0118_07"><composer key="compo_034887">Trube (Ad.)</composer> <title>Variationen über ein Thema aus dem Liebestrank, von Auber. Op. <opus key="opus_4300">8</opus></title>. (Der Dilettant. Cah. 4.) <pubPlace key="place_0110">Chemnitz</pubPlace>, <publisher key="publ_1807">Häcker</publisher> 17½ Ngr.</bibl>
</div><div id="hofm_1845_08_0118_div10"><head><hofClass key="hofCl_0272">Ouverturen für das Pianoforte zu vier Händen.</hofClass></head>
<bibl id="hofm_1845_08_0118_08"><composer key="compo_016840">Kalliwoda (J.W.)</composer> <title>10ième Ouverture de Concert, arr. Op. <opus key="opus_0720">141</opus>, in <key>Fm</key></title>. <pubPlace key="place_0392">Leipzig</pubPlace>, <publisher key="publ_3023">Peters</publisher> 25 Ngr.</bibl>
<bibl id="hofm_1845_08_0118_09"><composer key="compo_021327">Lortzing (Alb.)</composer> <title>Ouverture zu der Oper: Undine</title>. <pubPlace key="place_0392">Leipzig</pubPlace>, <publisher key="publ_0437">Br. u. Härtel</publisher> 15 Ngr.</bibl>
</div><div id="hofm_1845_08_0118_div11"><head><hofClass key="hofCl_0166">Musik für das Pianoforte allein.</hofClass></head>
<wip id="hofm_1845_08_0118_10"><composer key="compo_002826">Beyer (Ferd)</composer> <title>Les Charmes de l’Opéra. 12 Amusements d’aprés des Thèmes favoris des Opéras de Bellini, Donizetti, Adam etc. Op. <opus key="opus_2347">33</opus></title>. <pubPlace key="place_0438">Mainz</pubPlace>, <publisher key="publ_3563">Schott</publisher> à 27 Xr. <lb/><title>No. 1, Bellini, i Montechi ed Capuleti</title>. <lb/>– <title>2, Benedict, der Zigeunerin Warnung</title>. <lb/>– <title>3, Bellini, la Straniera</title>. <lb/>– <title>4, Adam, le Postillon de Lonjumeau</title>. <lb/>– <title>5, Bellini, i Puritani</title>. <lb/>– <title>6, Meyerbeer, Robert le Diable</title>. <lb/>– <title>7, Bellini, Norma</title>. <lb/>– <title>8, Rossini, Guillaume Tell</title>. <lb/>– <title>9, Bellini, la Sonnambula</title>. <lb/>– <title>10, Adam, le Brasseur de Preston</title>. <lb/>– <title>11, Meyerbeer, les Huguenots</title>. <lb/>– <title>12, Donizetti, Anne de Boulen</title>.</wip>
<bibl id="hofm_1845_08_0118_11"><composer key="compo_004435">Brunner (C.T.)</composer> <title>Gentillesses. Elegante Kleinigkeiten. Auswahl leichter und gefälliger Tonstücke, theils bearbeitet, theils componirt. Op. <opus key="opus_4326">80</opus>. 1stes Heft</title>. <pubPlace key="place_0392">Leipzig</pubPlace>, <publisher key="publ_2039">Klemm</publisher> 10 Ngr.</bibl>
<wip id="hofm_1845_08_0118_12">– <title>Opern-Bibliothek. Eine Auswahl der schönsten Melodien aus den neuesten Opern, in Form von Potpourris im leichten Arrangement</title>. <pubPlace key="place_0110">Chemnitz</pubPlace>, <publisher key="publ_1807">Häcker</publisher> à 15 Ngr. 
    <listBibl rend="curly"><bibl><seg><title>Heft 9</title>,</seg><seg id="hofm_1845_08_0118_12_1" rend="curly-left"><title>Adam, der König von Yvetot</title>. </seg></bibl>
        <bibl><seg>– <title>10</title>,</seg><seg sameAs="hofm_1845_08_0118_12_1"/></bibl></listBibl>
        – <title>11, Kreutzer, der Edelknecht</title>. <lb/>
        – <title>12, Esser, Thomas Riquiqui</title>. <lb/>
        – <title>13, Verdi, Nabucodonosor</title>. <lb/>
        – <title>15, Halevy, Karl VI</title>. <lb/>
        – <title>16, Verdi, Nabucodonosor</title>.</wip>
<wip id="hofm_1845_08_0118_13"><composer key="compo_004709">Burgmüller (Ferd.)</composer> <title>Stradella-Rondinos über Motive von F. v. Flotow</title>. <pubPlace key="place_0276">Hamburg</pubPlace>, <publisher key="publ_3605">Schuberth u. Co</publisher>. <lb/><title>No. 1, Glockenchor</title>. 15 Ngr. <lb/>– <title>2, Trinklied</title>. 15 Ngr.</wip>
<wip id="hofm_1845_08_0118_14"><composer key="compo_005773">Clementi (M.)</composer> <title>6 Sonatinen in fortschreitender Ordnung mit genauer Bezeichnung des Fingersatzes. Op. <opus key="opus_2509">36</opus>. <edition>Neueste ganz correcte Ausgabe</edition>. No. 1–6</title> (à 5 Ngr.) cpl. 20 Ngr. <pubPlace key="place_0044">Berlin</pubPlace>, <publisher key="publ_3471">Schlesinger</publisher>.</wip>
<bibl id="hofm_1845_08_0118_15"><composer key="compo_006106">Cramer (H.)</composer> <title>Potpourri sur des Motifs favoris de l’Opéra : I Montecchi ed i Capuleti de V. Bellini</title>. <pubPlace key="place_0438">Mainz</pubPlace>, <publisher key="publ_3563">Schott</publisher> 54 Xr.</bibl>
<pb n="119"/>
<bibl id="hofm_1845_08_0119_01"><composer key="compo_006306">Czerny (Ch.)</composer> <title>La Corbeille de Violettes. 3 Rondeaux enfantins à l’Usage des Elèves avancés. Op. <opus key="opus_3816">656. No. 1</opus>, Le Postilion de Lonjumeau par Adam. <edition>Nouv. Edit</edition></title>. <pubPlace key="place_0392">Leipzig</pubPlace>, <publisher key="publ_1746">Hofmeister</publisher> 15 Ngr.</bibl>
<bibl id="hofm_1845_08_0119_02"><composer key="compo_006392">Dalla-Vecchia (G.)</composer> <title>Cavatina: „Odio solo ed odio atroce,“ nell’ Opera: I due Foscari, di Verdi, variata</title>. <pubPlace key="place_0437">Mailand</pubPlace>, <publisher key="publ_3241">Ricordi</publisher> 3 Fr. 90 Ct.</bibl>
<bibl id="hofm_1845_08_0119_03">– <title>Divertimento sopra Motivi dell’ Opera: Ernani di G. Verdi</title>. Ebend. 5 Fr. 40 Ct.</bibl>
<bibl id="hofm_1845_08_0119_04">– <title>Fantasia brillante sopra Motivi dell’ Opera: Maria Padilla di Donizetti</title>. Ebend. 5 Fr. 70 Ct.</bibl>
<bibl id="hofm_1845_08_0119_05"><composer key="compo_006563">David (Félicien)</composer> <title>Rêverie du Soir. Melodie du Desert. Petite Fantaisie</title>. <pubPlace key="place_0438">Mainz</pubPlace>, <publisher key="publ_3563">Schott</publisher> 54 Xr.</bibl>
<wip id="hofm_1845_08_0119_06"><composer key="compo_007639">Döhler (Th.)</composer> <title>Transcriptious faciles. Arrangement facile de E.D. Wagner. No. 1, 2</title>. <pubPlace key="place_0044">Berlin</pubPlace>, <publisher key="publ_3471">Schlesinger</publisher>. <lb/><title>No. 1, Adieu de Schubert. Op. <opus key="opus_2996">45</opus></title>. 10 Ngr. <lb/>– <title>2, La Favorite de Donizetti. Fantaisie. Op. <opus key="opus_3244">51</opus></title>. 15 Ngr.</wip>
<bibl id="hofm_1845_08_0119_07"><composer key="compo_007599">Duvernoy (J.B.)</composer> <title>Petite Fantaisie sur l’Opéra : Torquato Tasso, de G. Donizetti. Op. <opus key="opus_0738">143</opus></title>. <pubPlace key="place_0392">Leipzig</pubPlace>, <publisher key="publ_0437">Br. u. Härtel</publisher> 15 Ngr.</bibl>
<bibl id="hofm_1845_08_0119_08">– <title>La Fiorentina. Fantaisie élégante. Op. <opus key="opus_0744">144</opus></title>, Ebend. 15 Ngr.</bibl>
<bibl id="hofm_1845_08_0119_09"><composer key="compo_008692">Evers (C.)</composer> <title>4te grosse Sonate, Op. <opus key="opus_1932">27</opus>, in <key>Fm</key></title>. <pubPlace key="place_0731">Wien</pubPlace>, <publisher key="publ_1506">Haslinger</publisher>. 2 Fl.</bibl>
<wip id="hofm_1845_08_0119_10"><composer key="compo_009603">Fontana (Jul.)</composer> <title>Douze Réveries pouvant servir comme Etudes de Style. Op. <opus key="opus_4300">8</opus> en 2 Suites</title>. <title>Liv. 1, 2</title>. <pubPlace key="place_0438">Mainz</pubPlace>, <publisher key="publ_3563">Schott</publisher> à 1 Fl. 21 Xr.</wip>
<wip id="hofm_1845_08_0119_11">– <title>12 Morceaux caractéristiques en Forme d’Etudes. Op. <opus key="opus_4562">9</opus>, en 2 Suites</title>. <title>Liv. 1, 2</title>. Ebend. à 1 Fl. 21 Xr.</wip>
<bibl id="hofm_1845_08_0119_12"><composer key="compo_010423">Fürstenau (Chr.)</composer> <title>Der Jugendfreund am Pfte. ein Unterhaltungsblatt f. wenig Geuhte. enth. lange u. in Verständniss u. Ausführung sehr leichte Stucke mit Fingersatz. 1stes Heft</title>. <pubPlace key="place_0522">Oldenburg</pubPlace>, <publisher key="publ_1143">Fränckel</publisher>. 6¼ Ngr. (Alle 2 Monate erscheint ein Heft).</bibl>
<bibl id="hofm_1845_08_0119_13"><composer key="compo_012968">Hagen (Th.)</composer> <title>Trois Nocturnes. Op. <opus key="opus_2116">3</opus></title>. <pubPlace key="place_0276">Hamburg</pubPlace>, <publisher key="publ_0540">Böhme</publisher> 12½ Ngr.</bibl>
<bibl id="hofm_1845_08_0119_14"><composer key="compo_016278">Japha (Louise)</composer> <title>Trois Gondolières. Op. <opus key="opus_0234">11</opus></title>. <pubPlace key="place_0044">Berlin</pubPlace>, <publisher key="publ_3471">Schlesinger</publisher> 15 Ngr.</bibl>
<bibl id="hofm_1845_08_0119_15"><composer key="compo_018919">Krug (G.)</composer> <title>Der Liebe Erwachen. Der Brautstand. Der Ehestand</title>. Siehe: <xref type="external" from="hofm_1845_08_0117_12" to="DITTO" targOrder="U">Musik f. Pfte. zu vier Händen</xref>.</bibl>
<bibl id="hofm_1845_08_0119_16"><composer key="compo_019524">Kühmstedt (Fr.)</composer> <title>Gradus ad Parnassum</title>. Siehe: <xref type="external" from="hofm_1845_08_0121_21" to="DITTO" targOrder="U">Musik f. Orgel</xref>.</bibl>
<bibl id="hofm_1845_08_0119_17"><composer key="compo_020257">Lecarpentier (Ad.)</composer> <title>Rondinos sur des Motifs de Mlle. L. Puget. Op. <opus key="opus_3780">64. No. 7</opus>, Prends garde à ton coeur</title>. <pubPlace key="place_0438">Mainz</pubPlace>, <publisher key="publ_3563">Schott</publisher> 54 Xr.</bibl>
<bibl id="hofm_1845_08_0119_18">– <title>Les Hirondelles, Mélodie de F. David variée. Op. <opus key="opus_0065">101</opus></title>. Ebend. 1 Fl.</bibl>
<bibl id="hofm_1845_08_0119_19"><title>Lieblings-Stucke (Leipziger) der neuesten Zeit. No. 10, <composer key="compo_036249">Weber (C.M. v.)</composer> Letzier Gedanke und das Herzeleid</title>. <pubPlace key="place_0392">Leipzig</pubPlace>, <publisher key="publ_2039">Klemm</publisher> 5 Ngr.</bibl>
<bibl id="hofm_1845_08_0119_20"><composer key="compo_027153">Prudent (L.)</composer> <title>Rondo brillant sur un Bolero de Ad. Adam. Op. <opus key="opus_2116">3</opus></title>. <pubPlace key="place_0044">Berlin</pubPlace>, <publisher key="publ_3471">Schlesinger</publisher> 17½ Ngr.</bibl>
<bibl id="hofm_1845_08_0119_21"><composer key="compo_031182">Schulhoff (Jul.)</composer> <title>2 Polkas originales, Op. <opus key="opus_2737">4</opus></title>. <pubPlace key="place_0392">Leipzig</pubPlace>, <publisher key="publ_1746">Hofmeister</publisher> 10 Ngr.</bibl>
<bibl id="hofm_1845_08_0119_22"><composer key="compo_031528">Schwencke</composer>, <title>24 kleine Stücke, grösstenthells bekannte Melodien, mit Fingersetzung und in fortschreilender Ordnung</title>. <pubPlace key="place_0276">Hamburg</pubPlace>, <publisher key="publ_0540">Böhme</publisher> 12½ Ngr.</bibl>
<bibl id="hofm_1845_08_0119_23"><composer key="compo_034210">Tedesco (Ign.)</composer> <title>Fantaisie sur des Motifs de la Juive, Opéra de Halevy. Op. <opus key="opus_0531">13</opus></title>. <pubPlace key="place_0044">Berlin</pubPlace>, <publisher key="publ_3471">Schlesinger</publisher> 22½ Ngr.</bibl>
<listBibl><bibl id="hofm_1845_08_0119_24"><composer key="compo_034886">Trube (A.)</composer> <title>Lied von Fr. Kücken: „Ach wenn du wärst mein eigen,“ variirt, Op. <opus key="opus_3181">5</opus> und: 2 Lieder ohne Worte, Op. <opus key="opus_4562">9</opus></title>. <pubPlace key="place_0110">Chemnitz</pubPlace>, <publisher key="publ_1807">Häcker</publisher> 15 Ngr.</bibl>
<bibl id="hofm_1845_08_0119_25">– <title>Divertissement. Op. <opus key="opus_0234">11</opus></title>. Ebend. 15 Ngr.</bibl>
<bibl id="hofm_1845_08_0119_26">– <title>Variationen über das Sachsenlied, von J. Otto. Op. <opus key="opus_0392">12</opus></title>. Ebend. 15 Ngr. <lb/>(Der Salon-Pianist. 1ster Band. Heft 4–6.)</bibl>
</listBibl><pb n="120"/>
<bibl id="hofm_1845_08_0120_01"><composer key="compo_034917">Truzzi (L.)</composer> <title>I due Foscari. Terzo Divertimento. Op. <opus key="opus_4130">75</opus></title>. <pubPlace key="place_0437">Mailand</pubPlace>, <publisher key="publ_3241">Ricordi</publisher> 4 Fr. 20 Ct.</bibl>
<wip id="hofm_1845_08_0120_02"><composer key="compo_035403">Verdi (Gius.)</composer> <title>Giovanna d’Arco. Dramma lirica. <format>Riduzione</format> del Mo. L. Truzzi</title>. Ebend. <lb/><title>No. 7, Cabaletta, Terzettino e Stretta: Son guerriera</title>. 1 Fr. 80 Ct. <lb/>– <title>12, Gran Marcie trionfale</title>. 1 Fr. 80 Ct.</wip>
<bibl id="hofm_1845_08_0120_03"><composer key="compo_037396">Wohlfahrt (H.)</composer> <title>Klavier-Uebungen f. Kinder, um selbige nach seiner Kinder-Klavierschule weiter zu führen. 1ste Lief., enthaltend 136 Etuden</title>. 4. <pubPlace key="place_0392">Leipzig</pubPlace>, <publisher key="publ_0437">Br. u. Härtel</publisher> geh. 20 Ngr.</bibl>
</div><div id="hofm_1845_08_0120_div12"><head><hofClass key="hofCl_0273">Ouverturen für das Pianoforte.</hofClass></head>
<bibl id="hofm_1845_08_0120_04"><composer key="compo_009116">Ferrari (G.B.)</composer> <title>Overtura nell’ Azione lirica: Gli ultimi Giorni di Suli</title>. <pubPlace key="place_0437">Mailand</pubPlace>, <publisher key="publ_3241">Ricordi</publisher> 5 Fr.</bibl>
<bibl id="hofm_1845_08_0120_05"><composer key="compo_022297">Marschner (H.)</composer> <title>Ouverture zur Oper: Adolph v. Nassau</title>. <pubPlace key="place_0280">Hannover</pubPlace>, <publisher key="publ_0145">Bachmann</publisher> 17½ Ngr.</bibl>
</div><div id="hofm_1845_08_0120_div13"><head><hofClass key="hofCl_0288">Tänze für das Pianoforte.</hofClass></head>
<bibl id="hofm_1845_08_0120_06"><composer key="compo_002300">Bendl (C.)</composer> <title>Meerfräuleins Wiegenlieder. Walzer. Op. <opus key="opus_3105">48</opus></title>. <pubPlace key="place_0731">Wien</pubPlace>, <publisher key="publ_1506">Haslinger</publisher> 45 Xr.</bibl>
<bibl id="hofm_1845_08_0120_07">– <title>Schnee-Glöckchen, Walzer. Op. <opus key="opus_3140">49</opus></title>. Ebend. 45 Xr.</bibl>
<bibl id="hofm_1845_08_0120_08">– <title>Cyklopen-Walzer. Op. <opus key="opus_3204">50</opus></title>. Ebend. 45 Xr.</bibl>
<bibl id="hofm_1845_08_0120_09"><composer key="compo_002313">Benedict (Giul.)</composer> <title>Natale-Polka</title>. <pubPlace key="place_0437">Mailand</pubPlace>, <publisher key="publ_3241">Ricordi</publisher> 1 Fr. 50 Ct.</bibl>
<bibl id="hofm_1845_08_0120_10"><composer key="compo_004435">Brunner (C.T.)</composer> <title>Huldigung der Freude. Eine Sammlung sehr leichter Tänze. Op. <opus key="opus_3416">56</opus>. Cah. 1</title>. <pubPlace key="place_0110">Chemnitz</pubPlace>, <publisher key="publ_1807">Häcker</publisher> 7½ Ngr.</bibl>
<bibl id="hofm_1845_08_0120_11"><composer key="compo_005246">Canthal (Aug. M.)</composer> <title>Gruss an Deutschland. Hamburger Walzer, neue Tanzform (Inhalt: Introduction, Tyroler oder langsamer Walzer, Schnellwalzer, Polka oder Schottisch, Galopp oder Jäger) Op. <opus key="opus_4654">94</opus></title>. <pubPlace key="place_0276">Hamburg</pubPlace>, <publisher key="publ_3605">Schuberth u. Co</publisher>. 15 Ngr.</bibl>
<bibl id="hofm_1845_08_0120_12"><composer key="compo_006553">Dause (R.)</composer> <title>Vergissmeinnicht-Polonaise. Mit Gesang ad lib. Op. <opus key="opus_0234">11</opus></title>. <pubPlace key="place_0044">Berlin</pubPlace>, <publisher key="publ_3471">Schlesinger</publisher> 7½ Ngr.</bibl>
<bibl id="hofm_1845_08_0120_13"><composer key="compo_011076">Gerold (J.)</composer> <title>Stradella-Polka</title> (Sammlung von Märschen u. Tänzen. No. 35.) <pubPlace key="place_0280">Hannover</pubPlace>, <publisher key="publ_0145">Bachmann</publisher> 5 Ngr.</bibl>
<bibl id="hofm_1845_08_0120_14"><composer key="compo_015568">Hubovszky (Ph. v.)</composer> <title><title>Fastnachts-Träume. Walzer. Op. <opus key="opus_2187">31</opus></title></title>. <pubPlace key="place_0731">Wien</pubPlace>, <publisher key="publ_1506">Haslinger</publisher> 45 Xr.</bibl>
<bibl id="hofm_1845_08_0120_15"><composer key="compo_016571">Jullien</composer>, <title>La Polka reale</title>. <pubPlace key="place_0437">Mailand</pubPlace>, <publisher key="publ_3241">Ricordi</publisher> 1 Fr. 50 Ct.</bibl>
<bibl id="hofm_1845_08_0120_16"><composer key="compo_017768">Kliegl (A.)</composer> <title>Bernhard-Walzer. Op. <opus key="opus_1482">21</opus></title>. <pubPlace key="place_0438">Mainz</pubPlace>, <publisher key="publ_3563">Schott</publisher> 45 Xr.</bibl>
<bibl id="hofm_1845_08_0120_17"><composer key="compo_019654">Labitzky (Jos.)</composer> <title>Kinder-Freuden. 3 Polka. Op. 115</title>. (21ste Sammlung der National-Polka) <pubPlace key="place_0392">Leipzig</pubPlace>, <publisher key="publ_1746">Hofmeister</publisher> 10 Ngr.</bibl>
<bibl id="hofm_1845_08_0120_18">– Idem im leichtesten Arrangement (Ball-Sträusschen 20stes Heft) Ebend. 10 Ngr.</bibl>
<bibl id="hofm_1845_08_0120_19">– <title>Mazurka. Op. <opus key="opus_0335">116</opus></title>. Ebend. 7½ Ngr.</bibl>
<wip id="hofm_1845_08_0120_20"><title><composer key="compo_020007">Lanner</composer>’s Nachlass. Walzer</title>. <title>5tes u. 6tes Heft</title>. <pubPlace key="place_0731">Wien</pubPlace>, <publisher key="publ_1506">Haslinger</publisher> à 1 Fl.</wip>
<wip id="hofm_1845_08_0120_21"><composer key="compo_021499">Lumbye (H.C.)</composer> <title>Tänze</title>. <pubPlace key="place_0392">Leipzig</pubPlace>, <publisher key="publ_0437">Br. u. Härtel</publisher>. <lb/><title>No. 1, Les Souvenirs de Paris. Polka, Walzer und Galopp</title>. 10 Ngr. <lb/>– <title>3, Eine Sommernacht in Dänemark. Galopp</title>. 10 Ngr. <lb/>– <title>3, Le Carneval de Paris. Polka</title>. 5 Ngr.</wip>
<bibl id="hofm_1845_08_0120_22"><composer key="compo_022297">Marschner (H.)</composer> <title>Ballet aus der Oper: Adolph von Nassau. No. 1b</title>. <pubPlace key="place_0280">Hannover</pubPlace>, <publisher key="publ_0145">Bachmann</publisher> 10 Ngr.</bibl>
<bibl id="hofm_1845_08_0120_23"><composer key="compo_023465">Mirabaud (H.)</composer> <title>Mes Souvenirs. Galops</title>. <pubPlace key="place_0437">Mailand</pubPlace>, <publisher key="publ_3241">Ricordi</publisher> 2 Fr. 10 Ct.</bibl>
<bibl id="hofm_1845_08_0120_24"><composer key="compo_023954">Musard</composer>, <title>Les Tambours de la Garde. Quadrille militaire</title>. <pubPlace key="place_0438">Mainz</pubPlace>, <publisher key="publ_3563">Schott</publisher> 36 Xr.</bibl>
<pb n="121"/>
<wip id="hofm_1845_08_0121_01"><title>Rheinländer (die) Sammlung beliebter Polka’s, Galoppen etc. No. 90, 91</title>. <pubPlace key="place_0438">Mainz</pubPlace>, <publisher key="publ_3563">Schott</publisher> à 18 Xr. <lb/><title>No. 90, <composer key="compo_024701">Neumann (E.)</composer> Carnevals-Galopp</title>. <lb/>– <title>91, <composer key="compo_030159">Scheurer (C.)</composer> Rossignol-Polka</title>.</wip>
<listBibl><bibl id="hofm_1845_08_0121_02"><composer key="compo_032604">Sommerlatt (B.)</composer> <title>Galopp der nordischen Nachtigall gewidmet</title>. <pubPlace key="place_0280">Hannover</pubPlace>, <publisher key="publ_0145">Bachmann</publisher> 7½ Ngr.</bibl>
<bibl id="hofm_1845_08_0121_03">– <title>Vetter-Michel-Polka</title>. Ebend. 7½ Ngr. <lb/>(Galoppen-Kranz No. 11, 12.)</bibl>
</listBibl><bibl id="hofm_1845_08_0121_04">– <title>Hannoverscher Schützen-Galopp</title>. Ebend. 7½ Ngr.</bibl>
<bibl id="hofm_1845_08_0121_05"><composer key="compo_033569">Strauss (Joh.)</composer> <title>Odeon-Tänze. Op. <opus key="opus_1107">172</opus></title>. <pubPlace key="place_0731">Wien</pubPlace>, <publisher key="publ_1506">Haslinger</publisher> 45 Xr.</bibl>
<bibl id="hofm_1845_08_0121_06">– Idem im leichteren Style (Die junge Tänzerin 56stes Heft.) Ebend. 30 Xr.</bibl>
<bibl id="hofm_1845_08_0121_07">– <title>Marianka-Polka. Op. <opus key="opus_1115">173</opus></title>. Ebend. 20 Xr.</bibl>
<bibl id="hofm_1845_08_0121_08"><title>Tänze nach den schönsten Melodieen beliebter Opern. No. 23, 2 Polka aus der Oper: der Edelknecht, von <composer key="compo_018761">C. Kreutzer</composer></title>. <pubPlace key="place_0110">Chemnitz</pubPlace>, <publisher key="publ_1807">Häcker</publisher> 2½ Ngr. n.</bibl>
<bibl id="hofm_1845_08_0121_09"><composer key="compo_034681">Tomann (Fr.)</composer> <title>Rukavina-Erinnerungs-Walzer</title>. <pubPlace key="place_0437">Mailand</pubPlace>, <publisher key="publ_3241">Ricordi</publisher> 3 Fr.</bibl>
<bibl id="hofm_1845_08_0121_10"><composer key="compo_035005">Tutsch (G.)</composer> <title>Esmeralda-Polka. Op. <opus key="opus_3767">64</opus></title>. Ebend. 1 Fr.</bibl>
</div><div id="hofm_1845_08_0121_div14"><head><hofClass key="hofCl_0250">Märsche für das Pianoforte.</hofClass></head>
<bibl id="hofm_1845_08_0121_11"><composer key="compo_011076">Gerold (J.)</composer> <title>Zweiter Marien-Marsch</title> (Sammlung beliebter Märsche und Tänze No. 32.) <pubPlace key="place_0280">Hannover</pubPlace>, <publisher key="publ_0145">Bachmann</publisher> 5 Ngr.</bibl>
<bibl id="hofm_1845_08_0121_12"><composer key="compo_019573">Kühner (W.)</composer> <title>2 Märsche aus G. Verdi’s Nabucadnezar</title>. <pubPlace key="place_0438">Mainz</pubPlace>, <publisher key="publ_3563">Schott</publisher> 27 Xr.</bibl>
<bibl id="hofm_1845_08_0121_13"><composer key="compo_022297">Marschner (H.)</composer> <title>Marsch aus der Oper: Adolph von Nassau. No. 15</title>. <pubPlace key="place_0280">Hannover</pubPlace>, <publisher key="publ_0145">Bachmann</publisher> 5 Ngr.</bibl>
<bibl id="hofm_1845_08_0121_14"><composer key="compo_032604">Sommerlatt (B.)</composer> <title>Hannoverscher Schützen-Marsch</title>. Ebend. 5 Ngr.</bibl>
</div><div id="hofm_1845_08_0121_div15"><head><hofClass key="hofCl_0225">Musik für die Orgel.</hofClass></head>
<wip id="hofm_1845_08_0121_15"><composer key="compo_001234">Bach (Joh. Seb.)</composer> <title>Compositionen f. Orgel. <edition>Kritisch-korrecte Ausgabe</edition>, von F.C. Griepenkerl u. F. Roitzsch. 3ter Band</title>. <pubPlace key="place_0392">Leipzig</pubPlace>, <publisher key="publ_3023">Peters</publisher> 3 Thlr. 15 Ngr. <lb/>Idem einzeln: <lb/><title>No. 1, Praeludium et Fuga, in <key>Es</key></title>. 20 Ngr. <lb/>– <title>2, Toccata et Fuga, in <key>F</key></title>. 20 Ngr. <lb/>– <title>3, Toccata et Fuga, (Dorisch)</title> 17½ Ngr. <lb/>– <title>4, Praeludium et Fuga, in <key>Dm</key></title>. 10 Ngr. <lb/>– <title>5, Praeludium et Fuga, in <key>Gm</key></title>. 12½ Ngr. <lb/>– <title>6, Fantasia et Fuga, in <key>Cm</key></title>. 12½ Ngr. <lb/>– <title>7, Praeludium et Fuga, in <key>C</key></title>. 15 Ngr. <lb/>– <title>8, Toccata et Fuga, in <key>C</key></title>. 17½ Ngr. <lb/>– <title>9, Praeludium et Fuga, in <key>Am</key></title>. 7½ Ngr. <lb/>– <title>10, Praeludium et Fuga, in <key>Em</key></title>. 7½ Ngr.</wip>
<bibl id="hofm_1845_08_0121_16">– <title>Choralvorspiel zu: Durch Adams Fall ist ganz verderbt</title> (Der Orgelvirtuose No. 59.) 4. <pubPlace key="place_0181">Erfurt</pubPlace>, <publisher key="publ_2240">Körner</publisher> 5 Ngr.</bibl>
<bibl id="hofm_1845_08_0121_17">– <title>Fantasie in <key>Cm</key></title>. 4. Ebend. 5 Ngr.</bibl>
<bibl id="hofm_1845_08_0121_18">– <title>Präludium und Fuge in <key>C</key></title>, und <composer key="compo_035034">Töpfer (J.G.)</composer> <title>Nachspiel in <key>D</key></title>. 4. Ebend. 10 Ngr. <lb/>(Der Orgel-Virtuose No. 5, 41.)</bibl>
<bibl id="hofm_1845_08_0121_19"><composer key="compo_015852">Höpner (Chr. Gott.)</composer> <title>Adagio, aus den 6 Orgelstücken verschiedener Art. Op. <opus key="opus_0392">12</opus></title> (Der Orgel-Virtuos No. 33.) 4. Ebend. 10 Ngr.</bibl>
<wip id="hofm_1845_08_0121_20"><composer key="compo_019466">Körner (G.W.)</composer> u. <composer key="compo_028507">A.G. Ritter</composer>, <title>Der Orgelfreund</title>. <title>6ter Band, 5tes u. 6tes Heft</title>. 4. Ebend. à 15 Ngr.</wip>
<bibl id="hofm_1845_08_0121_21"><composer key="compo_019524">Kühmstedt (Fr.)</composer> <title>Gradus ad Parnassum, oder Vorschule zu Seb. Bach’s Klavier u. Orgelcompositionen, in Praeludien und Fugen durch alle Tonarten f. Orgel od. Pfte. Op. <opus key="opus_2737">4</opus>. Lief. 7</title>. 4to. <pubPlace key="place_0438">Mainz</pubPlace>, <publisher key="publ_3563">Schott</publisher> 48 Xr.</bibl>
<pb n="122"/>
<wip id="hofm_1845_08_0122_01"><composer key="compo_023735">Morandi (Gio.)</composer> <title>12ma Raccolta di Sonate per gli Organi moderni</title>. <title>Lib. 1</title> (4 Fr. 50 Ct.) <title>Lib. 2</title> (3 Fr. 60 Ct.) <title>Lib. 3</title> (3 Fr. 30 Ct.) <title>Lib. 4</title> (1 Fr. 80 Ct.) <pubPlace key="place_0437">Mailand</pubPlace>, <publisher key="publ_3241">Ricordi</publisher>.</wip>
<bibl id="hofm_1845_08_0122_02"><composer key="compo_025583">Pachelbel (Joh.)</composer> <title>Vorspiel zu: Allein zu dir Herr Jesu Christ</title>. (Der Orgel-Virtuos No. 42.) <pubPlace key="place_0181">Erfurt</pubPlace>, <publisher key="publ_2240">Körner</publisher> 5 Ngr.</bibl>
<bibl id="hofm_1845_08_0122_03"><composer key="compo_029159">Rudolph (C.F.)</composer> <title>Nachspiel in <key>C</key></title>. (Der Orgel-Virtuos No. 56.) 4. Ebend. 5 Ngr.</bibl>
<bibl id="hofm_1845_08_0122_04"><composer key="compo_035034">Töpfer (J.G.)</composer> <title>Theoretisch-praktische Organisten-Schule, enthaltend die voltständige Harmonielehre nebst ihrer Anwendung auf die Compositionen der gebräuchlichsten Orgelstücke</title>. 4. Ebend. geh. 2 Thlr. 15 Ngr. (Subscr.-Pr. bis Ende 1846 1 Thlr. 10 Ngr. n.)</bibl>
<bibl id="hofm_1845_08_0122_05">– <title>Vorspiel des Chorals: Jesu, meine Freude</title>. (Der Orgel-Virtuos No. 10.) 4. Ebend. 5 Ngr.</bibl>
</div><div id="hofm_1845_08_0122_div16"><head><hofClass key="hofCl_0068">Kirchenmusik.</hofClass></head>
<wip id="hofm_1845_08_0122_06"><composer key="compo_001234">Bach (Joh. Seb.)</composer> <title>Motetten. Ausgesetzte Singstimmen</title>. <pubPlace key="place_0392">Leipzig</pubPlace>, <publisher key="publ_0437">Br. u Härtel</publisher>. <lb/><title>No. 1, Singet dem Herrn ein neues Lied. Achtstimmig</title>. 1 Thlr. 10 Ngr. <lb/>– <title>2, Fürchte dich nicht, ich bin bei dir. Achtstimmig</title>. 1 Thlr. <lb/>– <title>3, Ich lasse dich nicht. Achtstimmig</title>. 20 Ngr. <lb/>– <title>4, Komm Jesu. Achtstimmig</title>. 20 Ngr. <lb/>– <title>5, Jesu meine Freude. Funfstimmig</title>. 1 Thlr. <lb/>– <title>6, Der Geist hilft unsrer Schwachheit auf. Achtstimmig</title>. 1 Thlr.</wip>
<bibl id="hofm_1845_08_0122_07"><composer key="compo_004435">Brunner (C.T.)</composer> <title>Trauungsgesang f. vierstimmigen Männerchor. Op. <opus key="opus_3701">62</opus>. <format>Partitur u. Stimmen</format> (Reich gesegnet sei die Stunde.)</title> 8. <pubPlace key="place_0110">Chemnitz</pubPlace>, <publisher key="publ_1807">Häcker</publisher> 7½ Ngr.</bibl>
<bibl id="hofm_1845_08_0122_08"><composer key="compo_012707">Görres (Maria)</composer> <title>Geistliche Lieder von Guido Görres, f. 2 od. 3 Sopran-Stimmen m. Orgel od. Pfte. Op. <opus key="opus_2116">3</opus></title>. 12mo. <pubPlace key="place_0354">Coblenz</pubPlace>, <publisher key="publ_0341">Blum</publisher> geh. 4 Ngr. n.</bibl>
<bibl id="hofm_1845_08_0122_09"><composer key="compo_014659">Hetsch (L.)</composer> <title>Der 130. Psalm (Aus der Tiefe rufe ich) f. Solo- und Chorstimmen. <format>Klavier-Auszug</format>. Op. <opus key="opus_4562">9</opus>. (Von dem deutschen Nationalverein f. Musik u. ihre Wissenschaft, mit dem Preise gekrönt)</title>. <pubPlace key="place_0276">Hamburg</pubPlace>, <publisher key="publ_3605">Schuberth u. Co</publisher>. geh. 1 Thlr. 10 Ngr.</bibl>
<bibl id="hofm_1845_08_0122_10"><composer key="compo_026090">Pernsteiner (M.)</composer> <title>10 Vesper-Psalmen, nebst dem Magnificat, Domine ad adjuvandum und Hymnus, mit Text für alle Feste, f. 3 Singstimmen, 2 Violinen, Flöte, 2 Hörner (abwechselnd 2 Trompeten u. Pauken) Orgel u. Contrab. Op. <opus key="opus_1881">26</opus></title>. <pubPlace key="place_0475">München</pubPlace>, <publisher key="publ_0028">Aibl</publisher> 3 Fl. 36 Xr.</bibl>
</div><div id="hofm_1845_08_0122_div17"><head><hofClass key="hofCl_0021">Gesangstücke für Concertmusik mit Begleitung mehrerer Instrumente.</hofClass></head>
<bibl id="hofm_1845_08_0122_11"><composer key="compo_037284">Wiss (H.B.)</composer> <title>Das Abendglöckchen, f. Bass mit Begl. d. Pfte. u. obl. Violoncelle od. Bassethorn, od. englisch-Horn. Op. <opus key="opus_2066">29</opus> (Wie traulich tönt des Abendglöckleins Läuten.)</title> <pubPlace key="place_0642">Speyer</pubPlace>, <publisher key="publ_2287">Lang</publisher> 54 Xr.</bibl>
</div><div id="hofm_1845_08_0122_div18"><head><hofClass key="hofCl_0102">Mehrstimmige Gesänge mit und ohne Pianoforte.</hofClass></head>
<bibl id="hofm_1845_08_0122_12"><composer key="compo_016840">Kalliwoda (J.W.)</composer> <title>Fischerlied, f. Sopran, Alt, Tenor u. Bass m. Begl. d. Pfte. Op. <opus key="opus_0744">144</opus>. <format>Partitur u. Stimmen</format> (Wie gleitet schnell das leichte Boot.)</title> <pubPlace key="place_0392">Leipzig</pubPlace>, <publisher key="publ_3023">Peters</publisher> 20 Ngr.</bibl>
<pb n="123"/>
<wip id="hofm_1845_08_0123_01"><composer key="compo_022096">Mangold (C.A.)</composer> <title>12 vierstimmige Gesänge f. Sopran, Alt, Tenor u. Bass m. Begl. d. Pfte. Op. 22</title>, <title>Heft 3, 4</title>. <pubPlace key="place_0642">Speyer</pubPlace>, <publisher key="publ_2287">Lang</publisher>. <format>Partitur u. Stimmen</format> (à 1 Fl. 48 Xr.) <format>Stimmen</format> (à 36 Xr.) <lb/><title>Heft 3, Im Sommer such’ ein Liebchen dir. Blauer Himmel (Heiter blick’ ich ohne Reue). Waldröslein (Warum stehst du so verborgen)</title>. <lb/>– <title>4, Frühlings-Abend (Bekränzt vom rothen Schein des Himmels). Der Abend (Senke, strahlender Gott)</title>.</wip>
<bibl id="hofm_1845_08_0123_02"><composer key="compo_031660">Schöne (C.G.)</composer> <title>Mein Lieben. Das Lied der Deutschen. Protest. Was dir gehört. Wer ist frei. Mein Vaterland. 6 Vaterlandslieder nebst Schlusslied f. 4 Mannerstimmen. <format>Part. u. Stimmen</format> (Wie könnt’ ich dein vergessen – Deutschland über Alles – So lang’ ich noch ein Protestant –Was dir gehört, lass nimmer dir entreissen – Der ist allein ein freier Mann – Treue Liebe bis zum Grabe – Was soll der Becher)</title> 8. <pubPlace key="place_0276">Hamburg</pubPlace>, <publisher key="publ_0540">Böhme</publisher> 1 Thlr. 5 Ngr.</bibl>
<bibl id="hofm_1845_08_0123_03"><composer key="compo_032275">Silcher (Fr.)</composer> <title>12 Lieder f. Turner, dreistimmig gesetzt. Op. <opus key="opus_2948">44</opus></title>. 12mo. <pubPlace key="place_0693">Tübingen</pubPlace>, <publisher key="publ_2311">Laupp</publisher> geh. 4 Ngr. n.</bibl>
<bibl id="hofm_1845_08_0123_04"><composer key="compo_032604">Sommerlatt (B.)</composer> <title>Fest-Gesang von Neumann, f. 4 Männerstimmen m. Begl. d. Pfte. (Aus dem sanften Frühlingsschlummer.)</title> <pubPlace key="place_0280">Hannover</pubPlace>, <publisher key="publ_0145">Bachmann</publisher> 7½ Ngr.</bibl>
<bibl id="hofm_1845_08_0123_05"><composer key="compo_032713">Speyer (W.)</composer> <title>Männerchore f. Gesang- und Turnvereine. Heft 1</title>. <format>Partitur</format> (10 Ngr.) <format>Stimmen</format> (à 6¼ Ngr.) <pubPlace key="place_0199">Frankfurt</pubPlace>, <publisher key="publ_1915">Jäger</publisher>.</bibl>
<bibl id="hofm_1845_08_0123_06"><composer key="compo_033124">Stein (P.)</composer> <title>Sammlung zwei- und dreistimmiger Lieder f. obere Klassen katholischer Volksschulen. 2tes Heft, <edition>2te Aufl</edition></title>. <pubPlace key="place_0354">Coblenz</pubPlace>, <publisher key="publ_0341">Blum</publisher> 4 Ngr.</bibl>
</div><div id="hofm_1845_08_0123_div19"><head><hofClass key="hofCl_0268">Opernmusik mit Pianofortebegleitung.</hofClass></head>
<wip id="hofm_1845_08_0123_07"><composer key="compo_001719">Battista (Vinc.)</composer> <title>Rosvina de la Forest. Tragedia lirica</title>. <pubPlace key="place_0437">Mailand</pubPlace>, <publisher key="publ_3241">Ricordi</publisher>. <lb/><title>Sc. e Cavatina (Ten.): Tutto silenzio</title>. 4 Fr. 80 Ct. <lb/><title>Sc. e Quartetto: Abbandona in questo petto</title>. 6 Fr. <lb/><title>Sc. e Preghiera (Sopr.): Sommo Dio</title>. 1 Fr. 50 Ct. <lb/><title>Rec. e Cavatina (Basso): Tu non sai qual torni</title>, 4 Fr. 50 Ct. <lb/><title>Sc. e Duetto-Finale (Sopr. e Basso) Spinti d’avversa</title>. 5 Fr. 70 Ct. <lb/><title>Prel., Sc. ed Aria-Finale: Scenda dal Ciel</title>. 5 Fr. 70 Ct.</wip>
<wip id="hofm_1845_08_0123_08"><composer key="compo_007200">Donizetti (Gaet.)</composer> <title>Caterina Cornaro. Tragedia lirica</title>. Ebend. <lb/><title>No. 3, Sc. e Cavatina (Basso) Dell’ Empio cipro</title>. 2 Fr. 40 Ct. <lb/>– <title>6, Sc. e Romanza (Sopr.) Vieni o tu</title>. 3 Fr. <lb/>– <title>8, Sc. e Duetto (Sopr. e Ten.) Spero in me</title>. 5 Fr. 40 Ct. <lb/>– <title>9, Prel., Sc. e Cavatina (Basso) Credi che dorma</title>. 2 Fr. 40 Ct. <lb/>– <title>10, Sc. e Romanza (Barit.) Da che a sposa</title>. 1 Fr. 80 Ct. <lb/>– <title>12, Sc. e Duetto (Ten. e Barit.) Su ferisci</title>. 5 Fr. 40 Ct. <lb/>– <title>14, Sc. e Romanza (Barit.) Non turbati</title>. 1 Fr. 50 Ct. <lb/>– <title>15, Sc. e Duetto (Sopr. e Ten.) Da quel di che lacerato</title>. 3 Fr. 90 Ct. <lb/>– <title>16, Sc. e Quartetto-Finale (Sopr., Ten., Barit. e Basso) Indietro</title>. 7 Fr. <lb/>– <title>17, Sc. ed Aria (Ten.) Jo trar non voglio</title>. 4 Fr. 80 Ct. <lb/>– <title>19, Sc. Preghiera e Rondo-Finale (Sopr.) Pieta, o Signor</title>. 5 Fr. 10 Ct.</wip>
<bibl id="hofm_1845_08_0123_09">– <title>Gianni di Parigi. Melodramma comico di Felice Romani. <format>Riduzione p. Canto con Acc. di Pfte</format></title>. Ebend. geh. 30 Fr.</bibl>
<bibl id="hofm_1845_08_0123_10"><composer key="compo_019686">Lachner (Ign.)</composer> <title>Gesänge aus der Alpenscene: ’S letzti Fensterl’n, von F.V. Kobell und J.G. Seidl. <format>Klavierauszug</format> vom Autor, (Lied: A Bliemi im Mieda. Abschieds-Duett: Adies, lieber Jaga)</title>. <pubPlace key="place_0475">München</pubPlace>, <publisher key="publ_0028">Aibl</publisher> 36 Xr.</bibl>
<pb n="124"/>
<bibl id="hofm_1845_08_0124_01"><composer key="compo_019686">Lachner (Ign.)</composer> <title>Gesänge aus der Alpenscene: Drei Jahrl’n nach’m letzten Fensterl’n, von J.G. Seidl. <format>Klavierauszug</format> vom Autor. (Lied: Hoch drob’n auf der Alma. Erkennungs-Duett: Dös Sternl dös gwissi. Erzählung von der Schlacht: Mit di Fahna und Trummiun. Lied: Am Sunta da hab i god’s jammerli gwoant. Gebet: I dank da, mei God. Schluss-Duett: Jaga, itzt san mar a Paar.)</title> <pubPlace key="place_0475">München</pubPlace>, <publisher key="publ_0028">Aibl</publisher> 1 Fl. 12 Xr.</bibl>
<bibl id="hofm_1845_08_0124_02"><composer key="compo_021820">Mabellini (Teodulo)</composer> <title>Il Conte di Lavagna. Tragedia lirica, in 4 Atti di Fr. Guidi. <format>Riduzione p. Canto con Acc. di Pfte</format>. dell’ Autore</title>. <pubPlace key="place_0437">Mailand</pubPlace>, <publisher key="publ_3241">Ricordi</publisher> geh. 32 Fr.</bibl>
<wip id="hofm_1845_08_0124_03"><composer key="compo_022297">Marschner (H.)</composer> <title>Kaiser Adolph von Nassau. Grosse Oper in 4 Acten von Herib. Rau. <format>Vollstandiger Clavierauszug</format> vom Componisten. Op. <opus key="opus_0559">130</opus></title>. <pubPlace key="place_0280">Hannover</pubPlace>, <publisher key="publ_0145">Bachmann</publisher> geh. 8 Thlr. <lb/>Hieraus einzeln: <lb/><title>No. 2, Rec. u. Duett (Ten. u. Bass) Dein Auge hat dich nicht <sic>betrotrogen</sic></title>. 22½ Ngr. <lb/>– <title>3, Romanze (Ten.) Umhüllet vom Purpur</title>. 7½ Ngr. <lb/>– <title>5, Chor der Nonnen (Soprane u. Alte) Ave Maria</title>. 10 Ngr. <lb/>– <title>6, Rec. u. Romanze (Sopr.) Einstens nach der Vater Schloss</title>. 7½ Ngr. <lb/>– <title>7, Rec. u. Cavatine (Sopr.) O sage doch der Luft</title>. 10 Ngr. <lb/>– <title>8, Rec. u. Duett (2 Soprane) Dem Schicksal musst</title>. 7½ Ngr. <lb/>– <title>9 A, Duett (Sopr. u. Ten.) Ha! was seh’ ich</title>. 10 Ngr. <lb/>– <title>10, Preghiera (Sopr.) Wenn das Herz</title>. 5 Ngr. <lb/>– <title>11, Rec. u; Duett (Sopr. u. Bass) O Gnade für des Kalsers Haupt</title>. 15 Ngr. <lb/>– <title>12, Rec. u. Duett (Sopr. u. Ten.) Nein, o nein, mich täuscht kein Wahn</title>. 10 Ngr. <lb/>– <title>16, Duett (2 Bässe) Es ist geschehn</title>. 15 Ngr. <lb/>– <title>17, Rec. u. Duett (2 Sopr.) O theure Freundin</title>. 15 Ngr. <lb/>– <title>18, Rec. u. Terzett (Sopr. u. 2 Basse) O schönes Weib</title>. 20 Ngr. <lb/>– <title>19, A, Arie m. Chor (Ten.) Fluch ihm!</title> 10 Ngr. <lb/>– <title>20, Schlachllied (Bass m. Chor) Neunt mir den schönsten deutschen Strom</title>. 7½ Ngr. <lb/>– <title>21, Rec. u. Arie (Ten. m. Chor) Die Trompete schalle</title>. 15 Ngr.</wip>
<wip id="hofm_1845_08_0124_04"><composer key="compo_022964">Mercadante (S.)</composer> <title>Il Vascello de Gama. Melodrama romantico</title>. <pubPlace key="place_0437">Mailand</pubPlace>, <publisher key="publ_3241">Ricordi</publisher>. <lb/><title>No. 2, Sc. e Romanza (Barit.) Abbia da quel misero</title>. 2 Fr. 40 Ct. <lb/>– <title>4, Rec. e Cabaletta (Barit.) Deh! mia virtù</title>. 2 Fr. 70 Ct. <lb/>– <title>11, Sc. e Duetto (Sopr. e Barit.) L’odi alfin</title>. 4 Fr. 20 Ct. <lb/>– <title>13, Sc. e Duetto (Barit. e Basso.) Lungi, o spogia</title>. 6 Fr.</wip>
<bibl id="hofm_1845_08_0124_05"><composer key="compo_026824">Poniatowski (Principe Gius.)</composer> <title>Bonifacio de Geremei. Tragedia lirica. Sc. e Quartetto (Sopr., Ten. et 2 Bassi) M’odi Imelda</title>. Ebend. 6 Fr. 30 Ct.</bibl>
<bibl id="hofm_1845_08_0124_06"><composer key="compo_032798">Spohr (L.)</composer> <title>Die Kreuzfahrer. Grosse Oper in 3 Acten, bearbeitet nach Kotzebue’s Schauspiel. <format>Vollständiger Klavierauszug</format> vom Componisten</title>. <pubPlace key="place_0276">Hamburg</pubPlace>, <publisher key="publ_3605">Schuberth u. Co</publisher>. geh. 8 Thlr.</bibl>
<wip id="hofm_1845_08_0124_07"><composer key="compo_035403">Verdi (Gius.)</composer> <title>Giovanna d’Arco. Dramma lirico</title>. <pubPlace key="place_0437">Mailand</pubPlace>, <publisher key="publ_3241">Ricordi</publisher>. <lb/><title>No. 7, Cabaletta, Terzettino e Stretta: Son guerriera</title>. 3 Fr. <lb/>– <title>9, Sc. ed Aria (Barit.) Franco son io</title>. 3 Fr. 90 Ct. <lb/>– <title>10, Sc. e Romanza: O fatidica foresta</title>. 1 Fr. 80 Ct. <lb/>– <title>11, Sc. e Duetto: Dunque, o coreda</title>. 6 Fr. 60 Ct. <lb/>– <title>13, Sc. e Romanza (Barit.) Speme al vecchio</title>. 1 Fr. 20 Ct. <lb/>– <title>15, Terzettino (Sopr., Ten, e Barit) No! ferme d’angelo</title>. 4 Fr. 50 Ct. <lb/>– <title>17, Sc. e Duetto (Sopr. e Barit) Amai, ma un solo</title>. 4 Fr. 50 Ct. <lb/>– <title>19, Sc. e Romanza: Quale più fido amico</title>. 1 Fr. 50 Ct. <lb/>– <title>21, Scena-Finale (Sopr., Ten. e Barit.) S’apre il cielo</title>. 3 Fr.</wip></div>
<pb n="125"/>
<div id="hofm_1845_08_0125_div20"><head><hofClass key="hofCl_0040">Gesänge für eine Stimme mit Begleitung des Pianoforte.</hofClass></head>
<bibl id="hofm_1845_08_0125_01"><composer key="compo_000092">Adam (Ad.)</composer> <title>Le Rêve du Bonheur (Der Traum des Glücks). Romance</title>. (Recueil de Compositions p. Chant No. 16.) <pubPlace key="place_0044">Berlin</pubPlace>, <publisher key="publ_3899">Stern u. Co</publisher>. 5 Ngr.</bibl>
<bibl id="hofm_1845_08_0125_02"><composer key="compo_000131">Adhémar (Cte. Ab. d’)</composer> <title>Le Roi des Vilains (Der König der Vagabunden) p. Basse</title>. <pubPlace key="place_0044">Berlin</pubPlace>, <publisher key="publ_3471">Schlesinger</publisher> 5 Ngr.</bibl>
<bibl id="hofm_1845_08_0125_03"><composer key="compo_001835">Baumes-Arnaud</composer>, <title>C’est an pays qu’on doit mourir. Romance</title>. (Lyre francaise No. 153.) <pubPlace key="place_0438">Mainz</pubPlace>, <publisher key="publ_3563">Schott</publisher> 18 Xr.</bibl>
<bibl id="hofm_1845_08_0125_04"><composer key="compo_002077">Beethoven (L. v.)</composer> und <composer key="compo_012712">Göthe</composer>, <title>Hymne, zusammengefugt und zur Bekranzung des Bonner Denkmales bei dessen feierlicher Enthüllung am 11. Aug. 1845 dargebracht v. Friedr. Schmidt. Nach dem Trio Op. <opus key="opus_4704">97</opus> (Wer darf ihn nennen?)</title> 4. <pubPlace key="place_0720">Weimar</pubPlace>, <publisher key="publ_4216">Voigt</publisher> 7½ Ngr. n.</bibl>
<bibl id="hofm_1845_08_0125_05"><composer key="compo_005417">Castrioto-Scanderbeg (le Prince)</composer> <title>„Oh ! quand je dors !“ Paroles de Victor Hugo</title>. <pubPlace key="place_0731">Wien</pubPlace>, <publisher key="publ_2779">Müller</publisher> 30 Xr.</bibl>
<bibl id="hofm_1845_08_0125_06">– <title>S’il est un charmant Gazon, Paroles de Victor Hugo</title>. Ebend, 30 Xr.</bibl>
<bibl id="hofm_1845_08_0125_07"><composer key="compo_006563">David (Félicien)</composer> <title>Les Hirondelles (Die Schwalben) Melodie. <edition>Nouv. Edit</edition></title>. <pubPlace key="place_0044">Berlin</pubPlace>, <publisher key="publ_3471">Schlesinger</publisher> 5 Ngr.</bibl>
<bibl id="hofm_1845_08_0125_08">– <title>Rêverie. A la Nuit (Traumerei an die Nacht) Beliebte arabische Volksmelodie</title>. <pubPlace key="place_0044">Berlin</pubPlace>, <publisher key="publ_3471">Schlesinger</publisher> 5 Ngr.</bibl>
<bibl id="hofm_1845_08_0125_09">– Idem die deutsche Ausgabe apart. Ebend. 2½ Ngr.</bibl>
<wip id="hofm_1845_08_0125_10"><composer key="compo_006842">Dessauer (J.)</composer> <title>Gesänge</title>. <pubPlace key="place_0731">Wien</pubPlace>, <publisher key="publ_2779">Müller</publisher>. <lb/><title>No. 5, Aus Sieg fr. Kapper’s slavischen Liedern</title>. <lb/><title>d) Die Braut, f. Alt (Du fragst immer, o Mutter mein)</title> 30 Xr. <lb/><title>f) Der Drahtbinder (Gebt mir meine Wandertasche)</title> 45 Xr. <lb/>– <title>6, Im Walde. Gedicht von N. Lenau, f. Bass (Durch den Hain, mit bangem Stosse)</title> 45 Xr. <lb/>– <title>7, Sicilianisches Lied, von Fr. Rückert (Liebst du um Schönhoit)</title> 30 Xr. <lb/>– <title>8, Meeresstille. Gedicht von Freih. v. Eichendorff, f. Bass (Ich seh’ von des Schiffes Rande)</title> 30 Xr. <lb/>– <title>9, Der Einsiedler, Gedicht von Freih. v. Eichendorff f. Bass (Komm, Trost der Welt)</title> 45 Xr. <lb/>– <title>10, Nachklang. Gedicht von Freih. v. Eichendorff (Mir träumt’, ich ruhte wieder)</title> 30 Xr. <lb/>– <title>11, Der König im Norden. Gedicht von Chamisso (Es war ein König im Norden)</title> 45 Xr.</wip>
<bibl id="hofm_1845_08_0125_11"><title>Deutschland (das singende) Album ausgewählter Lieder und Romanzen. 3ter Band</title>. qu. 4. <pubPlace key="place_0392">Leipzig</pubPlace>, <publisher key="publ_3168">Ph. Reclam jun</publisher>. geh. 1 Thlr. n.</bibl>
<bibl id="hofm_1845_08_0125_12"><composer key="compo_007196">Donizetti</composer>, <title>„Anch’io provai le tenere smanie“. Neu eingelegte Arie zur Lucrezia Borgia</title>. (Recueil de Compositions p. Chant. No. 2.) <pubPlace key="place_0044">Berlin</pubPlace>, <publisher key="publ_3899">Stern u. Co</publisher>. 12½ Ngr.</bibl>
<bibl id="hofm_1845_08_0125_13"><composer key="compo_007714">Dürrner (J.)</composer> <title>6 Lieder. Op. <opus key="opus_0684">14</opus>: Winterlied (Canzonetta d’inverno). Frühlingswonne (Contento di primavera). Ständchen (Serenata). Der Neugierige (Il curioso). Gedicht (Canzone). Ein Liebeslied (Canzonetto amoroso). (Mir ist leide, dass der Winter – Der Frühling strahlt durch Feld und Au – Gleitet Elfen über Wiesen – Ich frage keine Blume – Am klareu Bach im Thalesgrund – Ich weiss ein schön Jungfräulein.)</title> <pubPlace key="place_0392">Leipzig</pubPlace>, <publisher key="publ_3023">Peters</publisher> 25 Ngr.</bibl>
<bibl id="hofm_1845_08_0125_14"><composer key="compo_008907">Fauconier (C.)</composer> <title>Non, ne dirai pas : je t’aime. Chansonette</title>. (Lyre francaise No. 152.) <pubPlace key="place_0438">Mainz</pubPlace>, <publisher key="publ_3563">Schott</publisher> 18 Xr.</bibl>
<pb n="126"/>
<bibl id="hofm_1845_08_0126_01"><composer key="compo_009803">Frankel (Berth.)</composer> <title>J’ai dit à mon Coeur. Mélodie. Op. <opus key="opus_3181">5</opus></title>. <pubPlace key="place_0731">Wien</pubPlace>, <publisher key="publ_2779">Müller</publisher> 30 Xr.</bibl>
<bibl id="hofm_1845_08_0126_02"><composer key="compo_010272">Fuchs (R.)</composer> <title>Ferne Liebe. 3 Lieder: Gruss in die Ferne (Traget ihr lieblichen Frühlingswinde). Der Liebe Zuversicht (Wenn ich einsam trauernd wandle). Nah oder fern</title>. <pubPlace key="place_0438">Mainz</pubPlace>, <publisher key="publ_3563">Schott</publisher> 54 Xr.</bibl>
<bibl id="hofm_1845_08_0126_03"><composer key="compo_012499">Gumbert (Ferd.)</composer> <title>„Das Meer hat seine Perlen“ f. Sopran oder Tenor. Op. <opus key="opus_0022">10, No. 1</opus></title>. (Auswahl bel. Gesänge f. Sopran No. 73.) <pubPlace key="place_0044">Berlin</pubPlace>, <publisher key="publ_3471">Schlesinger</publisher> 7½ Ngr.</bibl>
<bibl id="hofm_1845_08_0126_04"><composer key="compo_013060">Halevy (F.)</composer> <title>La Bouquetière (Das Blumenmädchen) Romance p. Sopr. ou Ten</title>. (Choix de Romances No. 339.) Ebend. 7½ Ngr.</bibl>
<bibl id="hofm_1845_08_0126_05">– <title>Le Maure à Grenade (Der Maure zu Granada). Canzonetta</title> (Recueil de Compositions p. Chant No. 17). <pubPlace key="place_0044">Berlin</pubPlace>, <publisher key="publ_3899">Stern u. Co</publisher>. 5 Ngr.</bibl>
<bibl id="hofm_1845_08_0126_06"><composer key="compo_013173">Hammer (G.)</composer> <title>Grubenlied aus der Jungfrau von Ornas. Gedicht v. Tromlitz, f. Alt oder Bass (Im tiefen Schacht suchet der Bergmann das Glück)</title>. <pubPlace key="place_0438">Mainz</pubPlace>, <publisher key="publ_3563">Schott</publisher> 27 Xr.</bibl>
<bibl id="hofm_1845_08_0126_07">– <title>Die Todtennacht. Ballade von G. Fuchs f. Bass od. Bariton (Düster ist es draussen)</title>. Ebend. 56 Xr.</bibl>
<bibl id="hofm_1845_08_0126_08"><composer key="compo_013949">Heintz (Alb.)</composer> <title>6 Lieder. Op. <opus key="opus_0001">1</opus>: Der gute Fund (Wir haben uns durch Gottes Hand). Ingeborg’s Klage (Herbst ist es nun). Du bist wie eine Blume. Du meine Seele. Frühlingslied (Wie die Nelken duftig athmen). In’s Auge geblickt (Wer dir in’s Auge hat geblickt)</title>. <pubPlace key="place_0392">Leipzig</pubPlace>, <publisher key="publ_0437">Br. u. Härtel</publisher> 15 Ngr.</bibl>
<bibl id="hofm_1845_08_0126_09"><composer key="compo_015820">Hölzel (Gust.)</composer> <title>Deutsche Barcarole. Sehnsucht und Wiedersehn. 2 Lieder (Wellen säusseln, Winde locken – Fern von dir mein herzig Lieb)</title>. <pubPlace key="place_0731">Wien</pubPlace>, <publisher key="publ_1506">Haslinger</publisher> 45 Xr.</bibl>
<wip id="hofm_1845_08_0126_10"><composer key="compo_016840">Kalliwoda (J.W.)</composer> <title>5 Lieder. Op. <opus key="opus_0666">139</opus></title>. <pubPlace key="place_0392">Leipzig</pubPlace>, <publisher key="publ_3023">Peters</publisher>. <lb/><title>Heft 1, Gondoliera (O komm zu mir). Die Fahnenwacht (Der Sänger hält im Feld). „O frage nicht.“</title> 17½ Ngr. <lb/>– <title>2, Heimweh (Hin zu euch). Sängers Morgenlied (Grünende Pfade enflang)</title>. 15 Ngr.</wip>
<wip id="hofm_1845_08_0126_11"><composer key="compo_018639">Krebs (C.)</composer> <title>3 humoristische Gesänge f. Bariton oder Bass. Op. <opus key="opus_0621">134</opus></title>. <pubPlace key="place_0044">Berlin</pubPlace>, <publisher key="publ_3471">Schlesinger</publisher> 20 Ngr. <lb/><title>No. 1, Der Stotterer (Thomas Haase musst’ erscheinen)</title>. 10 Ngr. <lb/>– <title>2, „Ich hatt’ einmal ein junges Weib.“</title> 5 Ngr. <lb/>– <title>3, Der gecke Finlay (Wer ist vor meiner Kammerthür)</title>. 10 Ngr.</wip>
<bibl id="hofm_1845_08_0126_12">– <title>Den fernen Lieben. Lied von Zusner. Op. <opus key="opus_0666">139</opus>. (Wenn die Sonne sanft und milde.)</title> (Auswahl bel. Gesänge für Sopr. No. 70.) <pubPlace key="place_0044">Berlin</pubPlace>, <publisher key="publ_3471">Schlesinger</publisher> 10 Ngr.</bibl>
<bibl id="hofm_1845_08_0126_13"><composer key="compo_018665">Kreipl (J.)</composer> <title>’S Mailüfterl vom Baron Klesheim (Wan’s Mailüfterl wàht.)</title> <pubPlace key="place_0731">Wien</pubPlace>, <publisher key="publ_2779">Müller</publisher> 30 Xr.</bibl>
<bibl id="hofm_1845_08_0126_14"><composer key="compo_021753">Lührss (C.)</composer> <title>6 Lieder. Op. <opus key="opus_0234">11</opus>: Die Himmelsthräne (Der Himmel hat eine Thräne geweint). Liebesfrühling (Ich hab in mich gesogen). Der Liebsten Herz ist aufgewacht. Du wunderholde Maid. Die einsame Thräne (Was will die einsame Thräne). Frühlingseinzug (Die Fenster auf)</title>. <pubPlace key="place_0392">Leipzig</pubPlace>, <publisher key="publ_0437">Br. u. Härtel</publisher> 20 Ngr.</bibl>
<bibl id="hofm_1845_08_0126_15"><composer key="compo_023612">Molitor (L.)</composer> <title>Aus der Ferne. Lied f. Sopr. od. Ten. (Soll ich denn nimmer wieder blicken)</title>. <pubPlace key="place_0642">Speyer</pubPlace>, <publisher key="publ_2287">Lang</publisher> 36 Xr.</bibl>
<bibl id="hofm_1845_08_0126_16"><composer key="compo_023663">Monpou (H.)</composer> <title>Gaslbeiza, le Fou de Tolède (Der Narr von Toledo) f. Bass od. Contralt</title>. <pubPlace key="place_0044">Berlin</pubPlace>, <publisher key="publ_3471">Schlesinger</publisher> 5 Ngr.</bibl>
<bibl id="hofm_1845_08_0126_17"><title><composer key="compo_023834">Moser</composer>’s Wiener Local-Gesänge. 4te Abth. No. 35, Mein’ Nachbarin und I</title>. <pubPlace key="place_0731">Wien</pubPlace>, <publisher key="publ_1506">Haslinger</publisher> 30 Xr.</bibl>
<pb n="127"/>
<wip id="hofm_1845_08_0127_01"><composer key="compo_024794">Nicola (C.)</composer> <title>5 Gedichte</title>. <pubPlace key="place_0280">Hannover</pubPlace>, <publisher key="publ_0145">Bachmann</publisher> 17½ Ngr. <lb/><title>No. 1, Märznacht (Horch wie brauset der Sturm)</title> 5 Ngr. <lb/>– <title>2, Du schönes Fischermadchen</title>. 5 Ngr. <lb/>– <title>3, Der König Wiswamitra</title>. 5 Ngr. <lb/>– <title>4, Mir träumte von einem Königskind</title>. 5 Ngr. <lb/>– <title>5, Aus der Jugendzeit</title>. 7½ Ngr.</wip>
<wip id="hofm_1845_08_0127_02"><composer key="compo_024806">Nicolai (Gust.)</composer> <title>3 romantische Dichtungen von Uhland. Op. <opus key="opus_1390">20</opus></title>. <pubPlace key="place_0276">Hamburg</pubPlace>, <publisher key="publ_3605">Schuberth u. Co</publisher>. <lb/><title>No. 1, Das Turnier (Es ritten sieben Reiter)</title>. 15 Ngr. <lb/>– <title>2, Das Schwerdt (Zur Schmiede ging ein junger Held)</title>. 10 Ngr. <lb/>– <title>3, Die Jäger (Es ritten drei Jäger wohl auf die Birsch)</title>. 15 Ngr.</wip>
<wip id="hofm_1845_08_0127_03"><composer key="compo_027453">Rahles (F.)</composer> <title>Sammlung der schönsten Lieder des Mittelalters (der Minnesänger, Barden und Troubadours.)</title> <pubPlace key="place_0354">Coblenz</pubPlace>. <publisher key="publ_3186">Reiff</publisher> à 5 Ngr. <lb/><title>No. 1, Chanson Roland, franzosisches kriegslied mit Chor (Soldats français)</title>. <lb/>– <title>2, Minnelied vom Minnesänger Wolkensteiner (Dein Blick, dein Kuss.)</title></wip>
<bibl id="hofm_1845_08_0127_04"><composer key="compo_027879">Reinecke (C.)</composer> <title>6 Lieder. Op. <opus key="opus_3181">5</opus>: Schneeglöckchen, bist du schon erwacht. Frühlingslied (Bald erblüht die Welt). Durch schöne Augen. Das Mädchen am Bache (Ich sass im Grünen). Die schlafenden Sterne (In der Frühlingsnacht). Liebst du um Schönheit</title>. <pubPlace key="place_0392">Leipzig</pubPlace>, <publisher key="publ_0437">Br. u. Härtel</publisher>. 20 Ngr.</bibl>
<bibl id="hofm_1845_08_0127_05"><composer key="compo_028717">Rolle (G.)</composer> <title>Schlummerlied, v. Hoffmann v. Fallersleben (Alles still in süsser Ruh’)</title>. <pubPlace key="place_0362">Cracau</pubPlace>, <publisher key="publ_1106">Friedlein</publisher> 5 Ngr.</bibl>
<wip id="hofm_1845_08_0127_06"><composer key="compo_031584">Schäffer (Aug.)</composer> <title>3 Lieder. Op. <opus key="opus_3565">6</opus></title>. <pubPlace key="place_0044">Berlin</pubPlace>, <publisher key="publ_3471">Schlesinger</publisher> 12½ Ngr. <lb/><title>No. 1, Die Post im Walde (Im Walde rollt der Wagen)</title>. 7½ Ngr. <lb/>– <title>2, Der Mönch von Amundeville (Habet Acht vor dem Mönch)</title>. 5 Ngr. <lb/>– <title>3, Altenglisches Volkslied (Anne Marie, die Sonne ist auf)</title>. 5 Ngr.</wip>
<bibl id="hofm_1845_08_0127_07"><composer key="compo_030557">Schmidt (Fr.)</composer> <title>Göthe und Beethoven. Hymne</title>. Siehe: <xref type="external" from="hofm_1845_08_0125_04" to="DITTO" targOrder="U">Beethoven</xref>.</bibl>
<bibl id="hofm_1845_08_0127_08"><composer key="compo_033517">Strakosch (M.)</composer> <title>Il Canto veneziano (La mia gondoletta)</title>. <pubPlace key="place_0437">Mailand</pubPlace>, <publisher key="publ_3241">Ricordi</publisher> 1 Fr. 20 Ct.</bibl>
<bibl id="hofm_1845_08_0127_09">– <title>Lina, Arietta p. Basso</title>. Ebend. 1 Fr. 20 Ct.</bibl>
<wip id="hofm_1845_08_0127_10"><composer key="compo_036519">Weiss (Jul.)</composer> <title>2 Lieder f. Sopran od. Tenor. Op. <opus key="opus_0531">13</opus></title>, <pubPlace key="place_0044">Berlin</pubPlace>, <publisher key="publ_3471">Schlesinger</publisher>. <lb/><title>No. 1, Im Fliederbusch ein Vöglein sass</title>. 10 Ngr. <lb/>– <title>2, O dürft’ ich mein dich nennen</title>. 7½ Ngr.</wip>
<bibl id="hofm_1845_08_0127_11"><composer key="compo_037178">Winkelmeier (H.)</composer> <title>Traum und Erwachen. (Mir träumte viel von hehren Klängen)</title>. <pubPlace key="place_0642">Speyer</pubPlace>, <publisher key="publ_2287">Lang</publisher> 54 Xr.</bibl>
<bibl id="hofm_1845_08_0127_12"><composer key="compo_037655">Wurda (J.)</composer> <title>„Nein ich will es nicht verhehlen, dass mein Herz gefesselt Ist.“ Lied f. Bass</title>. <pubPlace key="place_0276">Hamburg</pubPlace>, <publisher key="publ_0540">Böhme</publisher> 7½ Ngr.</bibl>
</div><div id="hofm_1845_08_0127_div21"><head><hofClass key="hofCl_0047">Gesänge mit Begleitung der Guitarre.</hofClass></head>
<bibl id="hofm_1845_08_0127_13"><composer key="compo_019686">Lachner (Ign.)</composer> <title>Gesänge aus der Alpenscene: ’S letzti Fensterl’n. Text von F.V. Kobell und J.G. Seidl, mit Begl. d. Guit. (Lied: A Bliemi im Mieda. Abschiedsduett: Adies, lieber Jaga.)</title> <pubPlace key="place_0475">München</pubPlace>, <publisher key="publ_0028">Aibl</publisher> 36 Xr.</bibl>
</div><div id="hofm_1845_08_0127_div22"><head><hofClass key="hofCl_0077">Lehrbücher für den Gesang.</hofClass></head>
<wip id="hofm_1845_08_0127_14"><composer key="compo_022074">Mandanici (Plac.)</composer> <title>12 Solfeggi per voce di Basso con Acc. di Pfte</title>. <title>Lib. 1</title> (7 Fr.) <title>Lib. 2</title> (8 Fr.) <pubPlace key="place_0437">Mailand</pubPlace>, <publisher key="publ_3241">Ricordi</publisher>.</wip>
<wip id="hofm_1845_08_0127_15"><composer key="compo_034292">Teschner (G.W.)</composer> <title>24 Solfeggi und Vocalizzi f. Bass oder Bariton, theils componirt, theils bearbeitet und mit Pftebegleitung versehen</title>. <title>Heft 1, 2</title>. <pubPlace key="place_0392">Leipzig</pubPlace>, <publisher key="publ_2039">Klemm</publisher> à 1 Thlr.</wip></div>
<pb n="128"/>
<div id="hofm_1845_08_0128_div23"><head><hofClass key="hofCl_0287">Theoretische Werke.</hofClass></head>
<bibl id="hofm_1845_08_0128_01"><author>Mosewius (Joh. Theod.)</author> <title>Johann Sebastian Bach in seinen Kirchencantaten und Choralgesängen</title>, 4. <pubPlace key="place_0044">Berlin</pubPlace>, <publisher key="publ_1394">Guttentag</publisher> geh. 1 Thlr.</bibl>
<bibl id="hofm_1845_08_0128_02"><author>Weinlig (Ch. Th.)</author> <title>Theoretisch-praktische Einleitung zur Fuge, für den Selbstunterricht, und allenthalben durch Notenbeispiele vollständig erläutert</title>. gr, 8. <pubPlace key="place_0147">Dresden</pubPlace>, <publisher key="publ_3320">Rotter</publisher> geh. 4 Thlr. n.</bibl>
<bibl id="hofm_1845_08_0128_03"><author>Winterfeld (C. v.)</author> <title>Der evangelische Kirchengesang und sein Verhältniss zur Kunst des Tonsatzes. 2ter Theil. Der evangelische Kirchengesang im siebzehnten Jahrhunderte</title>. 4. <pubPlace key="place_0392">Leipzig</pubPlace>, <publisher key="publ_0437">Br. u. Härtel</publisher> geh. 16 Thlr. n.</bibl>
</div><div id="hofm_1845_08_0128_div24"><head><hofClass key="hofCl_0281">Portraits.</hofClass></head>
<bibl id="hofm_1845_08_0128_04"><title><subject>Sivori (Camillo)</subject> lithogr. Mit Facsimile</title>. Fol. <pubPlace key="place_0276">Hamburg</pubPlace>, <publisher key="publ_0640">Cranz</publisher>. chines. Pap. 15 Ngr. n.</bibl>
<bibl id="hofm_1845_08_0128_05"><title><subject>Spohr (Louis)</subject> nach der Natur gezeichnet und lithographirt von <artist>George Koch</artist>. Mit Facsimile</title>. <pubPlace key="place_0341">Cassel</pubPlace>, <publisher key="publ_1034">Fischer</publisher> 1 Thlr.</bibl>
</div></body></text></TEI.2>