<?xml version="1.0" encoding="utf-8"?>
<!DOCTYPE TEI.2
  SYSTEM "../../dtd/tei/cch_tei.dtd">
<TEI.2 id="hofm_1845_11">
<teiHeader type="text"><fileDesc><titleStmt><title>November 1845</title></titleStmt><publicationStmt><p/></publicationStmt><sourceDesc><p/></sourceDesc></fileDesc><profileDesc><langUsage><language id="ger">German</language><language id="fre">French</language><language id="ita">Italian</language></langUsage></profileDesc><revisionDesc><change><date>2007-09-20</date><respStmt><name>EP</name></respStmt><item>missing @id added</item></change><change><date>2007-04-27</date><respStmt><name>RV</name></respStmt><item>Changed "biblGroup" elements in "listBibl"</item></change><change><date>2007-03-02</date><respStmt><name>EP</name></respStmt><item>Checked curly brackets</item></change><change><date>2007-02-26</date><respStmt><name>EP</name></respStmt><item>Encoded curly brackets</item></change><change><date>2006-12-19</date><respStmt><name>EP</name></respStmt><item>sic and unclear moved outside elements pubplaces, publisher, composer, hofclass, key, opus</item></change><change><date>2007-01-28</date><respStmt><name>Sarah</name></respStmt><item>Removed extra author tags.</item></change><change><date>2006-12-20</date><respStmt><name>Liz</name></respStmt><item>p. 168, Schacht (not Schackt)</item></change><change><date>2006-12-14</date><respStmt><name>Liz</name></respStmt><item>Homilius, not Homllius</item></change><change><date>2006-06-06</date><respStmt><name>Liz</name></respStmt><item>p. 169 Gödsche publisher (not regno)</item></change><change><date>2006-03-16</date><respStmt><name>Sarah</name></respStmt><item>Fixed Xrefs</item></change><change><date>2006-02-22</date><respStmt><name>Liz</name></respStmt><item>p. 173 adjustments to tagging in Portraits section</item></change><change><date>2006-01-18</date><respStmt><name>Liz</name></respStmt><item>p. 173 gregorianischen; p. 170 Schultess... tagged separately as publisher</item></change><change><date>2005-10-20</date><respStmt><name>Liz</name></respStmt><item>p. 173 Kiel, not Klel</item></change><change><date>2005-10-19</date><respStmt><name>Liz</name></respStmt><item>p. 171, 172 corrections</item></change><change><date>2005-09-15</date><respStmt><name>Sarah</name></respStmt><item>Corrections following checking pages. Adjusted publisher tagging.</item></change><change><date>2005-07-19</date><respStmt><name>Sarah</name></respStmt><item>Corrections following checking pages. Adjusted album tagging.</item></change><change><date>2005-05-04</date><respStmt><name>Sarah</name></respStmt><item>First encoding.</item></change><change><date>2005-04-08</date><respStmt><name>Liz</name></respStmt><item>clarifications from ONB incorporated</item></change><change><date>2005-03-23</date><respStmt><name>Liz</name></respStmt><item>pasting in</item></change></revisionDesc></teiHeader>
<text><body><pb n="162"/><head>November 1845.</head>
<div id="hofm_1845_11_0162_div01"><head><hofClass key="hofCl_0164">Musik für das Orchester.</hofClass></head>
<bibl id="hofm_1845_11_0162_01"><composer key="compo_007196">Donizetti</composer>, <title>Ouverture zur Oper: Belisar, f. 2 Violinen; Alt, Bass, Flöte, Clarinette u. 2 Hörner (Violoncell, Trompeten und Pauken, abwechselnd grosse Trommel, Becken u. Triangel ad. lib.)</title> Sammlung von Ouverturen f. 8-, 12- u. 15stimmiges Orchester No. 12. <pubPlace key="place_0475">München</pubPlace>, <publisher key="publ_0028">Aibl</publisher> 2 Fl. 42 Xr.</bibl>
<bibl id="hofm_1845_11_0162_02"><composer key="compo_033569">Strauss (Joh.)</composer> <title>Walzer f. Orchester. No. 84, Geheimnisse aus der Wiener Tanzwelt. Op. <opus key="opus_1134">176</opus></title>. <pubPlace key="place_0731">Wien</pubPlace>, <publisher key="publ_1506">Haslinger</publisher> 2 Fl. 45 Xr.</bibl>
<wip id="hofm_1845_11_0162_03"><composer key="compo_033572">Strauss (Joh., Sohn)</composer> <title>Sammlung von Walzern, Quadrillen, Polka’s etc. f. Orchester</title>. <pubPlace key="place_0731">Wien</pubPlace>, <publisher key="publ_2605">Mechetti</publisher>. <lb/><title>No. 2, Debut-Quadrille. Op. <opus key="opus_1372">2</opus></title>. 2 Fl. <lb/>– <title>3, Herzenslust-Polka. Op. <opus key="opus_2116">3</opus></title>. 1 Fl. 30 Xr. <lb/>– <title>4, Gunstwerber. Walzer. Op. <opus key="opus_2737">4</opus></title>. 2 Fl. 30 Xr.</wip>
</div><div id="hofm_1845_11_0162_div02"><head><hofClass key="hofCl_0245">Musik für die Violine.</hofClass></head>
<bibl id="hofm_1845_11_0162_04"><composer key="compo_000243">Alard (Delph.)</composer> <title>Fantaisie sur Linda di Chamounix. Opéra de Donizetti, p. Violon av. Acc. d’Orchestre. Op. <opus key="opus_0392">12</opus></title>. <pubPlace key="place_0438">Mainz</pubPlace>, <publisher key="publ_3563">Schott</publisher> 4 Fl. 48 Xr.</bibl>
<bibl id="hofm_1845_11_0162_05"><composer key="compo_016246">Jansa (L.)</composer> <title>6 Duos p. Violon et Alto. Op. <opus key="opus_3988">70</opus>. No. 1, in <key>Am</key>. No. 2, in <key>G</key>. No. 3, in <key>Es</key></title>. <pubPlace key="place_0392">Leipzig</pubPlace>, <publisher key="publ_3023">Peters</publisher> à 25 Ngr.</bibl>
<wip id="hofm_1845_11_0162_06"><composer key="compo_022699">Mazas (F.)</composer> <title>Collection des Duos de Salon, p. 2 Violons. 1er Volume. 6 Duos brillans. Op. <opus key="opus_4416">83</opus>, en 3 Livres</title>. <title>Liv. 1–3</title>. <pubPlace key="place_0438">Mainz</pubPlace>, <publisher key="publ_3563">Schott</publisher> à 1 Fl. 30 Xr.</wip>
<bibl id="hofm_1845_11_0162_07"><composer key="compo_033569">Strauss (Joh.)</composer> <title>Geheimnisse aus der Wiener Tanzwelt. Walzer f. 3 Violinen u. Bass. Op. <opus key="opus_1134">176</opus></title>. <pubPlace key="place_0731">Wien</pubPlace>, <publisher key="publ_1506">Haslinger</publisher> 1 Fl.</bibl>
<bibl id="hofm_1845_11_0162_08">– <title>Walzer f. eine Violine. No. 4, Geheimnisse aus der Wiener Tanzwelt. Op. <opus key="opus_1134">176</opus></title>. Ebend. 20 Xr.</bibl>
</div><div><head><hofClass key="hofCl_0184">Musik für das Violoncello.</hofClass></head>
<bibl id="hofm_1845_11_0162_09"><composer key="compo_012188">Gross (J.B.)</composer> <title>Ballade p. Violoncelle av. Acc. de l’Orchestre. Op. <opus key="opus_2764">40</opus></title>. <pubPlace key="place_0078">Braunschweig</pubPlace>, <publisher key="publ_2681">Meyer</publisher> 2 Thlr.</bibl>
</div><div id="hofm_1845_11_0162_div04"><head><hofClass key="hofCl_0200">Musik für die Flöte.</hofClass></head>
<wip id="hofm_1845_11_0162_10"><composer key="compo_017173">Keller (Ch.)</composer> <title>3 Divertissemens sur des Motifs d’Opéras favoris p. Flûte av. Acc. d’une 2de Flûte (ou Violon) ad lib. Op. <opus key="opus_3502">58. No. 1–3</opus></title>. <pubPlace key="place_0438">Mainz</pubPlace>, <publisher key="publ_3563">Schott</publisher> à 45 Xr. <lb/><title>No. 1, Clapisson, la Figurante</title>. <lb/>– <title>2, Donizetti, Lucia di Lammermoor</title>. <lb/>– <title>3, Mercadante, la Zaïre</title>.</wip>
<bibl id="hofm_1845_11_0162_11"><composer key="compo_033569">Strauss (Joh.)</composer> <title>Lieblings-Walzer f. Flöte. No. 103, Geheimnisse aus der Wiener Tanzwelt. Op. <opus key="opus_1134">176</opus></title>. <pubPlace key="place_0731">Wien</pubPlace>, <publisher key="publ_1506">Haslinger</publisher> 20 Xr.</bibl>
</div><div id="hofm_1845_11_0162_div05"><head><hofClass key="hofCl_0131">Musik für verschiedene Blasinstrumente.</hofClass></head>
<bibl id="hofm_1845_11_0162_12"><composer key="compo_021043">Lindpaintner (P.)</composer> <title>10 Airs favoris de l’Opéra :  Die sicilianische Vesper, arr. p. Clarinette seule, p. J. Küffner</title>. <pubPlace key="place_0438">Mainz</pubPlace>, <publisher key="publ_3563">Schott</publisher> 36 Xr.</bibl>
<pb n="163"/>
<bibl id="hofm_1845_11_0163_01"><composer key="compo_033569">Strauss (Joh.)</composer> <title>Lieblings-Walzer f. Csakan. No. 103, Geheimnisse aus der Wiener Tanzwelt. Op. <opus key="opus_1134">176</opus></title>. <pubPlace key="place_0731">Wien</pubPlace>, <publisher key="publ_1506">Haslinger</publisher> 20 Xr.</bibl>
</div><div id="hofm_1845_11_0163_div06"><head><hofClass key="hofCl_0247">Musik für die Zither.</hofClass></head>
<listBibl><bibl id="hofm_1845_11_0163_02"><composer key="compo_004724">Burgstaller (F.X.)</composer> <title>Die Fröhlichen, Walzer. Op. <opus key="opus_1372">2</opus></title>. <pubPlace key="place_0475">München</pubPlace>, <publisher key="publ_0996">Falter</publisher> 36 Xr.</bibl>
<bibl id="hofm_1845_11_0163_03">– <title>Rotthaler Ländler. Op. <opus key="opus_2116">3</opus></title>. Ebend. 36 Xr.<lb/>(Samml. verschiedener Musikstücke f. Zither. No. 12, 13.)</bibl>
</listBibl></div><div id="hofm_1845_11_0163_div07"><head><hofClass key="hofCl_0205">Musik für die Guitarre.</hofClass></head>
<wip id="hofm_1845_11_0163_04"><composer key="compo_019510">Küffner (J.)</composer> <title>Récréations musicales. Collection de Morceaux faciles sur des Motifs d’Opéras favoris p. Guitarre et Flûte (on Violon). Op. <opus key="opus_2287">321</opus> en 8 Cahiers</title>. <title>Cah. 1–4</title>. <pubPlace key="place_0438">Mainz</pubPlace>, <publisher key="publ_3563">Schott</publisher> à 54 Xr. <lb/><title>Cah. 1, La Fille du Regiment. Lncia di Lammermoor</title>. <lb/>– <title>2, Lucia di Lammermoor</title>. <lb/>– <title>3, Norma. Straniera. La Sonnambula</title>. <lb/>– <title>4, I Puritani</title>.</wip>
<bibl id="hofm_1845_11_0163_05"><composer key="compo_033569">Strauss (Joh.)</composer> <title>Lieblings-Walzer f. Guitarre. No. 84, Geheimnisse aus der Wiener Tanzwelt. Op. <opus key="opus_1134">176</opus></title>. <pubPlace key="place_0731">Wien</pubPlace>, <publisher key="publ_1506">Haslinger</publisher> 30 Xr.</bibl>
</div><div id="hofm_1845_11_0163_div08"><head><hofClass key="hofCl_0167">Musik für das Pianoforte mit Begleitung.</hofClass></head>
<bibl id="hofm_1845_11_0163_06"><composer key="compo_000243">Alard (Delph.)</composer> <title>Fantaisie sur Linda di Chamounix. Opéra de Donizetti, p. Violon av. Acc. de Pfte. Op. <opus key="opus_0392">12</opus></title>. <pubPlace key="place_0438">Mainz</pubPlace>, <publisher key="publ_3563">Schott</publisher> 2 Fl. 24 Xr.</bibl>
<bibl id="hofm_1845_11_0163_07">– <title>Souvenir des Pyrénées. Nocturne p. Violon av. Acc. de Pfte. Op. <opus key="opus_0531">13</opus></title>. Ebend. 1 Fl. 12 Xr.</bibl>
<bibl id="hofm_1845_11_0163_08">– <title>Tarentelle. Duo concertant p. Pfte. et Violon. Op. <opus key="opus_0684">14</opus></title>. Ebend. 2 Fl.</bibl>
<bibl id="hofm_1845_11_0163_09"><composer key="compo_002709">Bertini (H.)</composer> <title>2e Sonate p. Pfte. et Violon. Op. <opus key="opus_0860">153</opus>, in <key>Am</key></title>. Ebend. 3 Fl. 36 Xr.</bibl>
<bibl id="hofm_1845_11_0163_10"><composer key="compo_004262">Briccialdi (G.)</composer> <title>Mélodies hongroises transcrites p. Flûte av. Acc. de Pfte. Op. <opus key="opus_1932">27</opus></title>. <pubPlace key="place_0731">Wien</pubPlace>, <publisher key="publ_2779">Müller</publisher> 1 Fl. 45 Xr.</bibl>
<bibl id="hofm_1845_11_0163_11"><composer key="compo_009143">Fesca (Alex.)</composer> <title>5ième grand Trio p. Pfte., Violon et Violoncelle. Op. <opus key="opus_3029">46</opus>, in <key>H</key></title>. <pubPlace key="place_0078">Braunschweig</pubPlace>, <publisher key="publ_2681">Meyer</publisher> 2 Thlr. 15 Ngr.</bibl>
<wip id="hofm_1845_11_0163_12"><composer key="compo_009542">Flotow (F. de)</composer> et <composer key="compo_025279">J. Offenbach</composer>, <title>Chants du Soir p. Pfte. et Violoncelle</title>. <pubPlace key="place_0276">Hamburg</pubPlace>, <publisher key="publ_0540">Böhme</publisher>. <lb/><title>No. 1, Au Bord de la Mer</title>. 12½ Ngr. <lb/>– <title>2, Souvenir de Bal</title>. 15 Ngr. <lb/>– <title>3, La Prière du Soir</title>. 10 Ngr. <lb/>– <title>4, La Retraite</title>. 12½ Ngr. <lb/>– <title>5, Ballade du Pàtre</title>. 17½ Ngr. <lb/>– <title>6, Danse norvegienne</title>. 15 Ngr.</wip>
<bibl id="hofm_1845_11_0163_13"><composer key="compo_009749">Franco-Mendes (Jacq.)</composer> <title>Fantaisie sur des Motifs de Lucie de Lammermoor, p. Violoncelle av. Acc. de Pfte. Op. <opus key="opus_2403">34</opus></title>. <pubPlace key="place_0438">Mainz</pubPlace>, <publisher key="publ_3563">Schott</publisher> 1 Fl. 30 Xr.</bibl>
<bibl id="hofm_1845_11_0163_14"><composer key="compo_012188">Gross (J.B.)</composer> <title>Ballade p. Violoncelle av. Acc. de Pfte. Op. <opus key="opus_2764">40</opus></title>. <pubPlace key="place_0078">Braunschweig</pubPlace>, <publisher key="publ_2681">Meyer</publisher> 1 Thlr. 5 Ngr.</bibl>
<wip id="hofm_1845_11_0163_15"><composer key="compo_014550">Herz (H.)</composer> <title>Les trois Soeurs. 3 Fantaisies, arr. p. Pfte. et Violon p. N. Louis. Op. <opus key="opus_0362">118. No. 1–3</opus></title>. <pubPlace key="place_0438">Mainz</pubPlace>, <publisher key="publ_3563">Schott</publisher> à 1 Fl. 48 Xr. <lb/><title>No. 1, La Gracieuse</title>. <lb/>– <title>2, La Sentimentale</title>. <lb/>– <title>3, L’Enjouée</title>.</wip>
<pb n="164"/>
<bibl id="hofm_1845_11_0164_01"><composer key="compo_019038">Kufferath (L.)</composer> <title>Réponse à l’Elegie de H.W. Ernst, p. Violon av. Acc. de Pfte. Op. <opus key="opus_4562">9</opus></title>. <pubPlace key="place_0438">Mainz</pubPlace>, <publisher key="publ_3563">Schott</publisher> 1 Fl. 12 Xr.</bibl>
<bibl id="hofm_1845_11_0164_02"><composer key="compo_019130">Kummer (F.A.)</composer> <title>Notturno über ein Lied von Proch, f. Violoncell m. Begl. d. Pfte. Op. <opus key="opus_4377">82</opus></title>. <pubPlace key="place_0280">Hannover</pubPlace>, <publisher key="publ_2808">Nagel</publisher> 10 Ngr.</bibl>
<bibl id="hofm_1845_11_0164_03"><composer key="compo_021931">Mahl (M.)</composer> <title>Fantaisie et Variations sur des Thèmes de l’Opèra :  Les Huguenots. p. Violon av. Acc. de Pfte. Op. <opus key="opus_4300">8</opus></title>. <pubPlace key="place_0400">Leitmeritz</pubPlace>, <publisher key="publ_3080">Pohlig</publisher> 2 Fl. 15 Xr.</bibl>
<bibl id="hofm_1845_11_0164_04"><composer key="compo_033282">Stern (Jul.)</composer> <title>Les Adieux. Romance (à deux Voix) p. Violon av. Acc. de Pfte. Op. <opus key="opus_1802">25</opus></title>. <pubPlace key="place_0392">Leipzig</pubPlace>, <publisher key="publ_1746">Hofmeister</publisher> 10 Ngr.</bibl>
<bibl id="hofm_1845_11_0164_05"><composer key="compo_033313">Steuer (Al.)</composer> <title>Rondeau brillant p. 2 Violons concertants av. Acc. de Pfte. Op. <opus key="opus_0001">1</opus></title>. <pubPlace key="place_0731">Wien</pubPlace>, <publisher key="publ_4456">Witzendorf</publisher> 1 Fl. 8 Xr.</bibl>
<bibl id="hofm_1845_11_0164_06"><composer key="compo_033569">Strauss (Joh.)</composer> <title>Geheimnisse aus der Wiener Tanzwelt. Walzer f. Violine u. Pfte. Op. <opus key="opus_1134">176</opus></title>. <pubPlace key="place_0731">Wien</pubPlace>, <publisher key="publ_1506">Haslinger</publisher> 45 Xr.</bibl>
<bibl id="hofm_1845_11_0164_07">– Idem f. Flöte u. Pfte. Ebend. 45 Xr.</bibl>
<bibl id="hofm_1845_11_0164_08"><composer key="compo_037128">Willmers (Rud.)</composer> <title>Ode à l’Amour. Scène chantante (arr.) p. Violoncelle av. Acc. de Pfte. Op. <opus key="opus_2131">30</opus></title>. <pubPlace key="place_0078">Braunschweig</pubPlace>, <publisher key="publ_2681">Meyer</publisher> 25 Ngr.</bibl>
</div><div id="hofm_1845_11_0164_div09"><head><hofClass key="hofCl_0171">Musik für das Pianoforte zu vier Händen.</hofClass></head>
<bibl id="hofm_1845_11_0164_09"><composer key="compo_007639">Döhler (Th.)</composer> <title>2ième Ballade, arr. p. Ch. Czerny. Op. <opus key="opus_3385">55</opus></title>. <pubPlace key="place_0731">Wien</pubPlace>, <publisher key="publ_2605">Mechetti</publisher> 45 Xr.</bibl>
<bibl id="hofm_1845_11_0164_10"><composer key="compo_013697">Haydn (Jos.)</composer> <title>Symphonie No. 16, in <key>G</key>, gesetzt von Carl Klage</title>. <pubPlace key="place_0436">Magdeburg</pubPlace>, <publisher key="publ_1560">Heinrichshofen</publisher> 1 Thlr. 5 Ngr.</bibl>
<bibl id="hofm_1845_11_0164_10_c"><composer key="compo_014051">Heller (St.)</composer> et <composer key="compo_008564">H.W. Ernst</composer>, <title>Grand Duo sur des Motifs favoris de l’Opéra :  Dom Sébastien, de G. Donizetti, arr. p. Ch. Czerny. Op. <opus key="opus_1482">21</opus></title>. <pubPlace key="place_0731">Wien</pubPlace>, <publisher key="publ_2605">Mechetti</publisher> 1 Fl. 30 Xr.</bibl>
<bibl id="hofm_1845_11_0164_12"><composer key="compo_022249">Marks (G.W.)</composer> <title>38ème Potpourri sur des Motifs de l’Opéra :  La Vestale, de S. Mercadante. Op. <opus key="opus_0299">113</opus></title>. <pubPlace key="place_0276">Hamburg</pubPlace>, <publisher key="publ_0640">Cranz</publisher> 1 Thlr. 10 Ngr.</bibl>
<bibl id="hofm_1845_11_0164_13"><composer key="compo_022385">Marxsen (Ed.)</composer> <title>Den Manen Beethoven’s. Charakteristisches Tongemälde f. gr. Orchester mit 4 obl. Violoncells, einger. vom Componisten. Op. <opus key="opus_3586">60</opus></title>. <pubPlace key="place_0276">Hamburg</pubPlace>, <publisher key="publ_3605">Schuberth u. Co</publisher>. 1 Thlr.</bibl>
<bibl id="hofm_1845_11_0164_14"><composer key="compo_023178">Meumann (Ern.)</composer> <title>Grande Sonate. Op. <opus key="opus_0021">10</opus>, in <key>E</key></title>. (Déd. à Mr. Al. Schmitt). <pubPlace key="place_0044">Berlin</pubPlace>, <publisher key="publ_3899">Stern et Co</publisher>. 1 Thlr. 10 Ngr.</bibl>
<wip id="hofm_1845_11_0164_15"><composer key="compo_023890">Mozart (W.A.)</composer> <title>Sinfonies arr. p. Jul. Andrè. No. 5, 6</title>. <pubPlace key="place_0519">Offenbach</pubPlace>, <publisher key="publ_0065">André</publisher>. <lb/><title>No. 5, in <key>C</key></title>. 2 Fl. 24 Xr. <lb/>– <title>6, in <key>D</key></title>. 2 Fl. 24 Xr.</wip>
<bibl id="hofm_1845_11_0164_16">– <title>Cosi fan tutte. Siehe: Samml. bel. Opern</title>.</bibl>
<bibl id="hofm_1845_11_0164_16_h"><title>Sammlung beliebter Opern älterer und neuerer Zeit. No. 12, <composer key="compo_023890">Mozart (W.A.)</composer> Cosi fan tutte (Weibertreue) Komische Oper in 2 Aufzügen, arr. von F.L. Schubert</title>. qu. 4. <pubPlace key="place_0392">Leipzig</pubPlace>, <publisher key="publ_1107">Friedlein u. H</publisher>. Subscr.-Pr. 2 Thlr. 22½ Ngr.</bibl>
<bibl id="hofm_1845_11_0164_18"><composer key="compo_031529">Schwencke (C.)</composer> <title>Rossini. Auber. Donizetti. 3 leichte Rondo’s. Op. <opus key="opus_3426">56. No. 2</opus>, Die Stumme von Portici</title>. <pubPlace key="place_0276">Hamburg</pubPlace>, <publisher key="publ_3605">Schuberth u. Co</publisher>. 15 Ngr.</bibl>
<bibl id="hofm_1845_11_0164_19"><composer key="compo_033569">Strauss (Joh.)</composer> <title>Geheimnisse aus der Wiener Tanzwelt. Walzer. Op. <opus key="opus_1134">176</opus></title>. <pubPlace key="place_0731">Wien</pubPlace>, <publisher key="publ_1506">Haslinger</publisher> 1 Fl. 15 Xr.</bibl>
<bibl id="hofm_1845_11_0164_20"><composer key="compo_034322">Thalberg (S.)</composer> <title>Fantaisie sur des Motifs de l’Opéra :  La Muette de Portici, d’Auber, arr. p. Ch. Czerny. Op. <opus key="opus_3282">52</opus></title>. <pubPlace key="place_0731">Wien</pubPlace>, <publisher key="publ_2605">Mechetti</publisher> 1 Fl. 30 Xr.</bibl>
</div><div id="hofm_1845_11_0164_div10"><head><hofClass key="hofCl_0272">Ouverturen für das Pianoforte zu vier Händen.</hofClass></head>
<bibl id="hofm_1845_11_0164_21"><composer key="compo_008627">Esser (H.)</composer> <title>Ouverture aus der Oper: Die zwei Prinzen</title>. <pubPlace key="place_0438">Mainz</pubPlace>, <publisher key="publ_3563">Schott</publisher> 1 Fl.</bibl>
</div><div id="hofm_1845_11_0164_div11"><head><hofClass key="hofCl_0166">Musik für das Pianoforte allein.</hofClass></head>
<bibl id="hofm_1845_11_0164_22"><composer key="compo_000389">Alkan (C.V.)</composer> <title>Lé Preux. Etude de Concert. Op. <opus key="opus_1068">17</opus></title>. <pubPlace key="place_0438">Mainz</pubPlace>, <publisher key="publ_3563">Schott</publisher> 1 Fl. 30 Xr.</bibl>
<pb n="165"/>
<bibl id="hofm_1845_11_0165_01"><composer key="compo_001936">Becher (A.J.)</composer> <title>Monologe am Klavier. (Gesätes und Verwehtes. Geträumtes und Entkeimtes. Erstrebtes und Erlebtes.) Op. <opus key="opus_4562">9</opus>. Heft 1</title>. <pubPlace key="place_0731">Wien</pubPlace>, <publisher key="publ_2779">Müller</publisher> 2 Fl.</bibl>
<bibl id="hofm_1845_11_0165_02"><composer key="compo_002077">Beethoven (L. van)</composer> <title>3 Sonaten. Op. <opus key="opus_0021">10</opus>. No. 1, in <key>Cm</key>. No. 2, in <key>F</key>. No. 3, in <key>D</key></title>. <pubPlace key="place_0280">Hannover</pubPlace>, <publisher key="publ_2808">Nagel</publisher> à 15 Ngr.</bibl>
<bibl id="hofm_1845_11_0165_03">– <title>Sonata quasi una Fantasia. Op. <opus key="opus_1932">27</opus>. No. 1, in <key>Es</key>. No. 2, in <key>Cism</key></title>. Ebend. à 15 Ngr.</bibl>
<bibl id="hofm_1845_11_0165_04"><composer key="compo_002826">Beyer (Ferd.)</composer> <title>Le Désert. Ode-Symphonie de F. David. Bouquet de Melodies. Op. <opus key="opus_2866">42. No. 2</opus></title>. <pubPlace key="place_0438">Mainz</pubPlace>, <publisher key="publ_3563">Schott</publisher> 1 Fl.</bibl>
<bibl id="hofm_1845_11_0165_05"><composer key="compo_003160">Blahetka (Leopoldine)</composer> <title>Erinnerungen an Holland. Fantasie und Variationen über holländ. Volkslieder. Op. <opus key="opus_2347">33</opus></title>. Ebend. 1 Fl. 30 Xr.</bibl>
<bibl id="hofm_1845_11_0165_06"><composer key="compo_003989">Brandenburg (F.)</composer> <title>Opern-Klänge. Eine Sammlung von Potpourri’s, Divertissement’s, Fantasien, Rondo’s etc. nach Themen aus den neuesten und beliebtesten Opern. 1ste Folge (Lucia di Lammermoor. Die Tochter des Regiments. Die Königin von Cypern. Der Herzog von Olonne. Lucrezia Borgia.)</title> <pubPlace key="place_0594">Rudolstadt</pubPlace>, <publisher key="publ_2779">Müller</publisher> geh. 2 Fl. 48 Xr.</bibl>
<bibl id="hofm_1845_11_0165_07"><composer key="compo_004709">Burgmüller (Ferd.)</composer> <title>Opernfreund. Eine Auswahl beliebter Stücke im leichten Arrangement (Potpourris.) No. 19, Flotow, Alessandro Stradella</title>. <pubPlace key="place_0276">Hamburg</pubPlace>, <publisher key="publ_3605">Schuberth u. Co</publisher>. 10 Ngr.</bibl>
<bibl id="hofm_1845_11_0165_08">– <title>2 Rondinos über Themas aus der Oper: Die Kreuzfahrer, von L. Spohr. No. 2</title>. Ebend. 10 Ngr.</bibl>
<bibl id="hofm_1845_11_0165_09"><composer key="compo_005623">Chotek (F.X.)</composer> <title>Anthologie musicale. Fantaisie brillantes sur les Motifs les plus favoris d’Opéras nouveaux. Cah. 24, Flotow (F. de) Alessandro Stradella. Op. <opus key="opus_3934">69</opus></title>. <pubPlace key="place_0731">Wien</pubPlace>, <publisher key="publ_2605">Mechetti</publisher> 1 Fl.</bibl>
<bibl id="hofm_1845_11_0165_10"><composer key="compo_006106">Cramer (H.)</composer> <title>Fantaisie sur des Motifs de l’Opéra :  La Fille du Regiment. Op. <opus key="opus_2187">31</opus></title>. <pubPlace key="place_0519">Offenbach</pubPlace>, <publisher key="publ_0065">André</publisher> 1 Fl.</bibl>
<wip id="hofm_1845_11_0165_11">– <title>Potpourris über bel. Opern-Themas, leicht ausführbar</title>. Ebend.<lb/><title>No. 11, Euryanthe</title>. 1 Fl. <lb/>– <title>12, Oberon</title>. 1 Fl.</wip>
<bibl id="hofm_1845_11_0165_12">– <title>Potpourris sur des Thèmes l’Opéras favoris. No. 12, Flotow, Alessandro Stradella</title>. Ebend. 1 Fl. 21 Xr.</bibl>
<bibl id="hofm_1845_11_0165_13">– <title>37ème Potpourri sur les Motifs de l’Opéra :  Othello. Musique de G. Rossini</title>. <pubPlace key="place_0438">Mainz</pubPlace>, <publisher key="publ_3563">Schott</publisher> 54 Xr.</bibl>
<bibl id="hofm_1845_11_0165_14">– <title>38ème Potpourri sur les Motifs favoris de l’Opéra :  Jean de Paris. Musique de Boieldieu</title>. Ebend. 54 Xr.</bibl>
<wip id="hofm_1845_11_0165_15"><composer key="compo_006306">Czerny (Ch.)</composer> <title>Guirlande de Fleurs de l’Opéra. 12 Rondinos brillans et non difficiles sur des Motifs des Opéras modernes. Op. <opus key="opus_4174">766. No. 1–12</opus></title>. <pubPlace key="place_0731">Wien</pubPlace>, <publisher key="publ_2779">Müller</publisher> à 30 Xr. <lb/><title>No. 1, Balfe, les quatres Fils d’Aymon</title>. <lb/>– <title>2, Lortzing, Czaar und Zimmermann</title>. <lb/>– <title>3, Bellini, Norma</title>. <lb/>– <title>4, – la Sonnambula</title>. <lb/>– <title>5, Donizetti, la Fille du Regiment</title>. <lb/>– <title>6, – l’Elisire d’Amore</title>. <lb/>– <title>7, – Belisario</title>. <lb/>– <title>8, Bellini, la Straniera</title>. <lb/>– <title>9, Donizetti, Lucia di Lammermoor</title>. <lb/>– <title>10, – Lucrezia Borgia</title>. <lb/>– <title>11, Bellini, i Puritani</title>. <lb/>– <title>12, – i Montecchi ed i Capuleti</title>.</wip>
<wip id="hofm_1845_11_0165_16">– <title>Rondolettos über beliebte Motive der Oper: Alessandro Sradella, von Flotow. Op. <opus key="opus_4197">770. No. 1, 2</opus></title>. Ebend. à 45 Xr. <lb/><title>No. 1, Trinklied: ’raus mit dem Nass</title>. <lb/>– <title>2, Glockenchor: Hört die Glocken</title>.</wip>
<pb n="166"/>
<bibl id="hofm_1845_11_0166_01"><composer key="compo_007126">Doctor (F.E.)</composer> <title>Fantaisie brillante p. Pfte. Op. <opus key="opus_0001">1</opus></title>. <pubPlace key="place_0731">Wien</pubPlace>, <publisher key="publ_4456">Witzendorf</publisher> 45 Xr.</bibl>
<wip id="hofm_1845_11_0166_02"><composer key="compo_007639">Döhler (Th.)</composer> <title>3 Mazourkas. Op. <opus key="opus_3316">53</opus></title>. <pubPlace key="place_0438">Mainz</pubPlace>, <publisher key="publ_3563">Schott</publisher>. <lb/><title>No. 1, La Mélodieuse</title>. 54 Xr. <lb/>– <title>2, L’Harmonieuse</title>. 54 Xr. <lb/>– <title>3, La Dansante</title>. 45 Xr.</wip>
<bibl id="hofm_1845_11_0166_03"><composer key="compo_007198">Donizetti (Caj.)</composer> <title>Belisar. Tragische Oper in 3 Acten. <format>Vollständiger Klavierauszug ohne Worte</format></title>. <pubPlace key="place_0475">München</pubPlace>, <publisher key="publ_0028">Aibl</publisher> geh. 5 Fl. 24 Xr.</bibl>
<bibl id="hofm_1845_11_0166_04"><composer key="compo_007599">Duvernoy (J.B.)</composer> <title>Fantaisies sur les Hirondelles de Fél. David. Op. <opus key="opus_0830">150</opus></title>. <pubPlace key="place_0438">Mainz</pubPlace>, <publisher key="publ_3563">Schott</publisher> 1 Fl. 12 Xr.</bibl>
<bibl id="hofm_1845_11_0166_05">– <title>Souvenirs du Désert de F. David. Op. <opus key="opus_0840">151</opus></title>. Ebend. 54 Xr.</bibl>
<wip id="hofm_1845_11_0166_06"><title>L’Echo de l’Opéra ou Collection de Potpourris brillants</title>. <pubPlace key="place_0475">München</pubPlace>, <publisher key="publ_0028">Aibl</publisher> à 1 Fl. 12 Xr. <lb/><title>Liv. 29, Auber, der Feensee, arr. v. Ph. Röth</title>. <lb/>– <title>33, Halevy, der Guitarrespieler, arr. v. G. Pordesch</title>. <lb/>– <title>36, Mozart, Figaro, arr. v. Ph. Röth</title>.</wip>
<bibl id="hofm_1845_11_0166_07"><composer key="compo_009691">Frade (Fr. Ch.)</composer> <title>Trois Morceaux de Salon. Op. <opus key="opus_2737">4</opus></title>. <pubPlace key="place_0731">Wien</pubPlace>, <publisher key="publ_2779">Müller</publisher> 45 Xr.</bibl>
<bibl id="hofm_1845_11_0166_08"><composer key="compo_010041">Friedrich (E.F.)</composer> <title>Le jeune Pianiste et Allegretto scherzando. Op. <opus key="opus_0531">13</opus></title>. <pubPlace key="place_0436">Magdeburg</pubPlace>, <publisher key="publ_1560">Heinrichshofen</publisher> 10 Ngr.</bibl>
<bibl id="hofm_1845_11_0166_09"><composer key="compo_011609">Goldschmidt (Sigm.)</composer> <title>6 Etudes de Concert. Op. <opus key="opus_0531">13</opus>. Cah. 2 des Etudes</title>. <pubPlace key="place_0276">Hamburg</pubPlace>, <publisher key="publ_3605">Schuberth u. Co</publisher>. 1 Thlr. 5 Ngr.</bibl>
<wip id="hofm_1845_11_0166_10"><composer key="compo_015944">Hünten (Fr.)</composer> <title>Feuilles d’Automne, 2 Fantaisies. Op. <opus key="opus_0651">137</opus></title>. <pubPlace key="place_0392">Leipzig</pubPlace>, <publisher key="publ_3023">Peters</publisher> à 18 Ngr. <lb/><title>No. 1, Fantaisie sur des Thèmes de Donizetti</title>. <lb/>– <title>2, Rêve de Silvio Pellico</title>.</wip>
<bibl id="hofm_1845_11_0166_11"><composer key="compo_016826">Kalkbrenner (Fréd.)</composer> <title>Grande Sonate brillante. Op. <opus key="opus_1140">177</opus>, in <key>As</key></title>. (Déd, à Mr. Sigm. Thalberg). <pubPlace key="place_0392">Leipzig</pubPlace>, <publisher key="publ_1746">Hofmeister</publisher> 1 Thlr. 10 Ngr.</bibl>
<bibl id="hofm_1845_11_0166_12"><composer key="compo_019079">Kuhn (E.)</composer> <title>Ricordanza. Mélange sur des Motifs de l’Opéra :  Le Braconnier (Der Wildschütz). Op. <opus key="opus_0021">10</opus></title>. <pubPlace key="place_0438">Mainz</pubPlace>, <publisher key="publ_3563">Schott</publisher> 54 Xr.</bibl>
<bibl id="hofm_1845_11_0166_13"><composer key="compo_019681">Lachner</composer>, siehe: <xref type="external" from="hofm_1845_11_0166_18" to="DITTO" targOrder="U">Lieblingsstücke</xref>.</bibl>
<bibl id="hofm_1845_11_0166_14"><composer key="compo_020486">Lemcke (H.)</composer> <title>3 Mazurkas élégantes. Op. <opus key="opus_2131">30</opus></title>. <pubPlace key="place_0392">Leipzig</pubPlace>, <publisher key="publ_3023">Peters</publisher> 15 Ngr.</bibl>
<bibl id="hofm_1845_11_0166_15"><composer key="compo_020612">Lepont</composer>, <title>Impromptu sur la Fille du Regiment, de Donizetti</title>. <pubPlace key="place_0731">Wien</pubPlace>, <publisher key="publ_2779">Müller</publisher> 45 Xr.</bibl>
<bibl id="hofm_1845_11_0166_16"><composer key="compo_020581">Leonhard (J. Emil)</composer> <title>4 Romanzen. Op. <opus key="opus_4562">9</opus>. Cah. 1</title>. <pubPlace key="place_0276">Hamburg</pubPlace>, <publisher key="publ_3605">Schuberth u. Co</publisher>. 20 Ngr.</bibl>
<wip id="hofm_1845_11_0166_17"><composer key="compo_020768">Lewy (Ch.)</composer> <title>6 Feuillets d’Album. Op. <opus key="opus_3576">6. No. 1–6</opus></title>. <pubPlace key="place_0731">Wien</pubPlace>, <publisher key="publ_2779">Müller</publisher> à 45 Xr. <lb/><title>No. 1, Rêverie du Soir</title>. <lb/>– <title>2, Mélodie hongroise</title>. <lb/>– <title>3, Chant du Berceau</title>. <lb/>– <title>4, Mazourka</title>. <lb/>– <title>5, Lied</title>. <lb/>– <title>6, Pastorale</title>.</wip>
<wip id="hofm_1845_11_0166_18"><title>Lieblingsstücke (Münchner) der neuesten Zeit. No. 17, 18</title>. <pubPlace key="place_0475">München</pubPlace>, <publisher key="publ_0028">Aibl</publisher> à 18 Xr. <lb/><title>No. 17, <composer key="compo_019686">Lachner (Ign.)</composer> Gesänge aus der Alpenscene: Drei Jahrl’n nach’m letzten Fensterl’n (Hoch droben – Mit die Fahn)</title>. <lb/>– <title>18, – aus do. (Am Sunnta – Jaga, itzt san mar)</title>.</wip>
<bibl id="hofm_1845_11_0166_19"><composer key="compo_021202">Loeschhorn (A.)</composer> <title>Grande Valse brillante. Op. <opus key="opus_0392">12</opus>, in <key>F</key></title>. (Dèd. à Mr. Th. Döhler). <pubPlace key="place_0392">Leipzig</pubPlace>, <publisher key="publ_1746">Hofmeister</publisher> 12½ Ngr.</bibl>
<bibl id="hofm_1845_11_0166_20"><composer key="compo_022317">Martin (C.)</composer> <title>Variationen über ein beliebtes Thema aus der Oper: Die Regimentstochter, von Donizetti. Op. <opus key="opus_1661">23</opus></title>. <pubPlace key="place_0044">Berlin</pubPlace>, <publisher key="publ_0951">Esslinger</publisher> 10 Ngr.</bibl>
<bibl id="hofm_1845_11_0166_21">– <title>Variationen brillant über ein Original-Thema. Op. <opus key="opus_1802">25</opus></title>. Ebend. 15 Ngr.</bibl>
<pb n="167"/>
<wip id="hofm_1845_11_0167_01"><composer key="compo_022317">Martin (C.)</composer> <title>Quatre Rondeaux sur des Thêmes favoris des Opéras à l’Usage des Commençans. No. 2, 3</title>. <pubPlace key="place_0044">Berlin</pubPlace>, <publisher key="publ_0951">Esslinger</publisher>. <lb/>– <title>No. 2, La Sonnambula</title>. 10 Ngr. <lb/>– <title>3, Belisar</title>. 10 Ngr.</wip>
<album id="hofm_1845_11_0167_02"><title>Meisterwerke (die deutschen) für Instrumentalmusik, für Aufänger bearbeitet von J.C. Lohe. 2tes Heft, <composer key="compo_002076">Beethoven</composer>, Sinfonie, in <key>C</key>. <composer key="compo_023884">Mozart</composer>, Sinfonie, in <key>Es</key></title>. <pubPlace key="place_0594">Rudolstadt</pubPlace>, <publisher key="publ_2779">Müller</publisher> 1 Fl. 12 Xr.</album>
<bibl id="hofm_1845_11_0167_03"><composer key="compo_023239">Meyer (L. de)</composer> <title>Airs russes. Fantaisie. Op. <opus key="opus_2915">43</opus></title>. <pubPlace key="place_0438">Mainz</pubPlace>, <publisher key="publ_3563">Schott</publisher> 1 Fl. 12 Xr.</bibl>
<bibl id="hofm_1845_11_0167_04"><composer key="compo_023890">Mozart (W.A.)</composer> <title>Fantaisie et Sonate. Op. <opus key="opus_0234">11</opus>. <edition>Nouv. Edition</edition></title>. Ebend. 1 Fl. 30 Xr.</bibl>
<wip id="hofm_1845_11_0167_05">– <title>14 Sonates. Edition nouvelle et très-correcte</title>. <title>No. 8, in <key>C</key></title> (20 Ngr.) <title>No. 9, in <key>B</key></title> (15 Ngr.) <title>No. 10, in <key>C</key></title> (12½ Ngr.) <pubPlace key="place_0078">Braunschweig</pubPlace>, <publisher key="publ_2681">Meyer</publisher>.</wip>
<bibl id="hofm_1845_11_0167_06">– <title>Opern, neu arrangirt v. A.E. Marschner. <edition>2te Auflage</edition> in einem Bande von 7 Lieferungen. Lief. 1, Don Juan. Mit Mozart’s Portrait</title>. <pubPlace key="place_0392">Leipzig</pubPlace>, <publisher key="publ_1107">Friedlein u. Hirsch</publisher> Subscr.-Pr. 1 Thlr.’</bibl>
<bibl id="hofm_1845_11_0167_07">– <title>Die Gärtnerin aus Liebe</title>. Siehe: <xref type="external" from="hofm_1845_11_0167_12" to="DITTO" targOrder="U">Sammlung beliebter Opern</xref>.</bibl>
<bibl id="hofm_1845_11_0167_08"><composer key="compo_025586">Pacher (J.A.)</composer> <title>Nocturne. Op. <opus key="opus_3565">6</opus></title>. <pubPlace key="place_0731">Wien</pubPlace>, <publisher key="publ_2605">Mechetti</publisher> 30 Xr.</bibl>
<bibl id="hofm_1845_11_0167_09"><composer key="compo_025855">Pauer (E.)</composer> <title>Scherzo. Op. <opus key="opus_1068">17</opus></title>. <pubPlace key="place_0519">Offenbach</pubPlace>, <publisher key="publ_0065">André</publisher> 42 Xr.</bibl>
<bibl id="hofm_1845_11_0167_10"><composer key="compo_026588">Plachy (W.)</composer> <title>Bonbonnière musicale. Mélodies favorites transcrites dans un Style brillant. Op. <opus key="opus_4718">97. No. 9</opus>, Trio final de l’Opéra :  Ernani de J. Verdi, varié</title>. <pubPlace key="place_0731">Wien</pubPlace>, <publisher key="publ_2605">Mechetti</publisher> 30 Xr.</bibl>
<bibl id="hofm_1845_11_0167_11"><composer key="compo_028207">Riccius (A.F.)</composer> <title>Zigeunertanz. Gemüthlichkeit. Tändelei. Missmuth. 4 leichte Characterstücke. Op. <opus key="opus_1372">2</opus></title>. <pubPlace key="place_0392">Leipzig</pubPlace>, <publisher key="publ_2017">Kistner</publisher> 12½ Ngr.</bibl>
<bibl id="hofm_1845_11_0167_12"><title>Sammlung beliebter Opern alterer und neuerer Zeit. No. 8, <composer key="compo_023884">Mozart</composer>, die Gärtnerin aus Liebe. <edition>Neue Ausg</edition></title>. 4. <pubPlace key="place_0392">Leipzig</pubPlace>, <publisher key="publ_1107">Friedlein u. Hirsch</publisher> geh. 1 Thlr. 15 Ngr.</bibl>
<bibl id="hofm_1845_11_0167_13"><composer key="compo_031182">Schulhoff (Jul.)</composer> <title>Andante et Etude de Concert. Op. <opus key="opus_2116">3</opus></title>. <pubPlace key="place_0438">Mainz</pubPlace>, <publisher key="publ_3563">Schott</publisher> 1 Fl. 12 Xr.</bibl>
<bibl id="hofm_1845_11_0167_14"><composer key="compo_032801">Sponholtz (A.H.)</composer> <title>Etudes caractéristiques. Nocturnes romantiques. Op. <opus key="opus_4562">9</opus>. <edition>Nouv. Edit</edition></title>. <pubPlace key="place_0276">Hamburg</pubPlace>, <publisher key="publ_3605">Schuberth u. Co</publisher>. 1 Thlr.</bibl>
<wip id="hofm_1845_11_0167_15"><composer key="compo_033313">Steuer (Al.)</composer> <title>Zwei leichte Rondos f. Pfte. Op. <opus key="opus_1377">2, No. 1, 2</opus></title>. <pubPlace key="place_0731">Wien</pubPlace>, <publisher key="publ_4456">Witzendorf</publisher> à 30 Xr. <lb/><title>No. 1, Die Post</title>. <lb/>– <title>2, Der kleine Soldat</title>.</wip>
<bibl id="hofm_1845_11_0167_16"><composer key="compo_034322">Thalberg (S.)</composer> <title>Marche funèbre variée. Op. <opus key="opus_3529">59</opus></title>. <pubPlace key="place_0731">Wien</pubPlace>, <publisher key="publ_2605">Mechetti</publisher> 1 Fl.</bibl>
<bibl id="hofm_1845_11_0167_17"><composer key="compo_035758">Voss (Ch.)</composer> <title>Souvenir de Alessandro Stradella. Fantaisie brillante. Op. <opus key="opus_3738">63</opus></title>. <pubPlace key="place_0519">Offenbach</pubPlace>, <publisher key="publ_0065">André</publisher> 1 Fl. 12 Xr.</bibl>
<bibl id="hofm_1845_11_0167_18"><composer key="compo_037128">Willmers (Rud.)</composer> <title>La Sirène. Scherzo fantastique. Op. <opus key="opus_2630">38</opus></title>. <pubPlace key="place_0731">Wien</pubPlace>, <publisher key="publ_2605">Mechetti</publisher> 1 Fl. 30 Xr.</bibl>
<bibl id="hofm_1845_11_0167_19">– <title>Sobri-Dala. Thème hongrois, varié. Op. <opus key="opus_2670">39</opus></title>. <pubPlace key="place_0731">Wien</pubPlace>, <publisher key="publ_2779">Müller</publisher> 1 Fl.</bibl>
<bibl id="hofm_1845_11_0167_20">– <title>Il Trobadore inspirato. Notturno fantastica. Op. <opus key="opus_2804">41</opus></title>. <pubPlace key="place_0392">Leipzig</pubPlace>, <publisher key="publ_2017">Kistner</publisher> 20 Ngr.</bibl>
</div><div id="hofm_1845_11_0167_div12"><head><hofClass key="hofCl_0288">Tänze für das Pianoforte.</hofClass></head>
<bibl id="hofm_1845_11_0167_21"><composer key="compo_002406">Berens (Conr.)</composer> <title>Galopp aus der Oper: Die vier Haimonskinder</title>. <pubPlace key="place_0276">Hamburg</pubPlace>, <publisher key="publ_0640">Cranz</publisher> 6¼ Ngr.</bibl>
<bibl id="hofm_1845_11_0167_22">– <title>Polka aus der Oper: Die vier Haimonskinder</title>. Ebend. 5 Ngr.</bibl>
<bibl id="hofm_1845_11_0167_23"><composer key="compo_003559">Bohlmann (H.)</composer> <title>La Noce à mon Frère André. Quadrille dansant sur des Motifs de F. Bérat et G. Donizetti</title>. <pubPlace key="place_0438">Mainz</pubPlace>, <publisher key="publ_3563">Schott</publisher> 36 Xr.</bibl>
<bibl id="hofm_1845_11_0167_24"><composer key="compo_006456">Danek (Vinc.)</composer> <title>La charmante Galicienne. Danses (Polonaise. 7 Mazures. Quadrille. Polka)</title>. <pubPlace key="place_0401">Lemberg</pubPlace>, <publisher key="publ_2707">Millikowsky</publisher> 1 Fl.</bibl>
<bibl id="hofm_1845_11_0167_25"><title>Eisenbahn (die) Neueste Modetänze. 2te Fahrt. (4 Polka, Galopp, 2 Mazurka und Marcia turca.)</title> <pubPlace key="place_0170">Eisleben</pubPlace>, <publisher key="publ_3181">Reichardt</publisher> 10 Ngr. n.</bibl>
<pb n="168"/>
<bibl id="hofm_1845_11_0168_01"><composer key="compo_008199">Elias (A.)</composer> <title>Le Feu des Amants. Quadrille. Op. <opus key="opus_1372">2</opus></title>. <pubPlace key="place_0731">Wien</pubPlace>, <publisher key="publ_4456">Witzendorf</publisher> 45 Xr.</bibl>
<bibl id="hofm_1845_11_0168_02"><composer key="compo_008233">Ellissen (C.W.)</composer> <title>Emilien-Tyrolienne</title>, <pubPlace key="place_0280">Hannover</pubPlace>, <publisher key="publ_1773">Hornemann</publisher> 2½ Ngr.</bibl>
<bibl id="hofm_1845_11_0168_03"><composer key="compo_012525">Gung’l (Jos.)</composer> <title>Potsdamer Casino-Polka. Op. <opus key="opus_2996">45</opus></title>. <pubPlace key="place_0044">Berlin</pubPlace>, <publisher key="publ_0393">Bote u. B</publisher>. 7½ Ngr.</bibl>
<bibl id="hofm_1845_11_0168_04"><composer key="compo_012981">Hagg</composer>, <title>3 Polkas</title>. <pubPlace key="place_0438">Mainz</pubPlace>, <publisher key="publ_3563">Schott</publisher> 27 Xr.</bibl>
<bibl id="hofm_1845_11_0168_05"><composer key="compo_013173">Hammer (G.)</composer> <title>Marien-Walzer mit Worten</title>. Ebend. 27 Xr.</bibl>
<bibl id="hofm_1845_11_0168_06"><composer key="compo_014581">Herzog (Aug.)</composer> <title>Alster-Regata-Galopp</title>. <pubPlace key="place_0276">Hamburg</pubPlace>, <publisher key="publ_0540">Böhme</publisher> 10 Ngr.</bibl><bibl id="hofm_1845_11_0168_07">– <title>Haimonskinder-Polka und-Galopp</title>. Ebend. 5 Ngr.</bibl>
<bibl id="hofm_1845_11_0168_08"><composer key="compo_017101">Kayser (H.E.)</composer> <title>Redowak-Polka, getanzt von Dlle. Fanny Cerrito und Herrn St. Léon</title>. <pubPlace key="place_0276">Hamburg</pubPlace>, <publisher key="publ_0640">Cranz</publisher> 5 Ngr.</bibl>
<bibl id="hofm_1845_11_0168_09"><composer key="compo_017320">Kessler (J.C.)</composer> <title>Mazure et Valse</title>. <pubPlace key="place_0400">Leitmeritz</pubPlace>. <publisher key="publ_3080">Pohlig</publisher> 15 Xr.</bibl>
<bibl id="hofm_1845_11_0168_10"><composer key="compo_020900">Liehmann (Jos.)</composer> <title>Eisenbahn-Freuden-Signal-Galopp</title>. <pubPlace key="place_0554">Prag</pubPlace>, <publisher key="publ_1729">Hoffmann</publisher> 20 Xr.</bibl>
<bibl id="hofm_1845_11_0168_11">– <title>Schillerfest-Quadrille</title>. Ebend. 20 Xr.</bibl>
<bibl id="hofm_1845_11_0168_12"><composer key="compo_021017">Lindner (Ad.)</composer> <title>Souvenir de Genève. Grande Valse</title>. <pubPlace key="place_0438">Mainz</pubPlace>, <publisher key="publ_3563">Schott</publisher> 36 Xr.</bibl>
<bibl id="hofm_1845_11_0168_13"><composer key="compo_022592">Maximilian (Herzog von Baiern)</composer> <title>Erinnerungen an Paris. Walzer. Op. <opus key="opus_1390">20</opus></title>. Ebend. 36 Xr.</bibl>
<bibl id="hofm_1845_11_0168_14"><composer key="compo_023954">Musard</composer>, <title>Il Fantasma de Persiani. Quadrille</title>. Ebend. 36 Xr.</bibl>
<bibl id="hofm_1845_11_0168_15"><title>Polka (la) Cerrito-, Die schöne Böhmin-, Böhmischer-, Augusta-, Die schöna Russin-. Wilhelminen-, Sperl-, Posthorn-, Annen-, Aurora-, Die Vereinigten- und Eugen-Polka</title>. <pubPlace key="place_0276">Hamburg</pubPlace>, <publisher key="publ_0640">Cranz</publisher> 10 Ngr.</bibl>
<bibl id="hofm_1845_11_0168_16"><composer key="compo_027051">Primavera (C.)</composer> <title>Lucrezia Borgia-Tänze. Walzer nach Themas von G. Donizetti</title>. <pubPlace key="place_0354">Coblenz</pubPlace>, <publisher key="publ_0994">Falckenberg</publisher> 15 Ngr.</bibl>
<bibl id="hofm_1845_11_0168_17"><composer key="compo_027087">Prochazka (Joh.)</composer> <title>Prager Eisenbahn-Eröffnungs-Galopp</title>. <pubPlace key="place_0554">Prag</pubPlace>, <publisher key="publ_1729">Hoffmann</publisher> 24 Xr.</bibl>
<bibl id="hofm_1845_11_0168_18">– <title>Eisenbahn-Freudenfest-Polka</title>. Ebend. 15 Xr.</bibl>
<bibl id="hofm_1845_11_0168_19">– <title>Vive le Commerce ! Polka</title>. Ebend. 15 Xr.</bibl>
<bibl id="hofm_1845_11_0168_20">– <title>Walzer über beliebte Motive aus der Oper: Die vier Haimonskinder</title>, Ebend. 30 Xr.</bibl>
<wip id="hofm_1845_11_0168_21"><composer key="compo_029888">Schacht (M.)</composer> <title>Beliebte Tanze</title>. <pubPlace key="place_0280">Hannover</pubPlace>, <publisher key="publ_2808">Nagel</publisher> à 5 Ngr. <lb/><title>No. 36, Braunschweiger-Damen-Galopp</title>. <lb/>– <title>37, Johannen-Galopp</title>.</wip>
<bibl id="hofm_1845_11_0168_22"><composer key="compo_031076">Schröder (Fr.)</composer> <title>Wiener Polka. Op. <opus key="opus_0021">10</opus></title>. <pubPlace key="place_0731">Wien</pubPlace>, <publisher key="publ_4456">Witzendorf</publisher> 15 Xr.</bibl>
<bibl id="hofm_1845_11_0168_23">– <title>Fest-Quadrille. Op. <opus key="opus_0234">11</opus></title>. Ebend. 30 Xr.</bibl>
<bibl id="hofm_1845_11_0168_24">– <title>Maiblüthen. Walzer. Op. <opus key="opus_0392">12</opus></title>. Ebend. 45 Xr.</bibl>
<bibl id="hofm_1845_11_0168_25">– <title>Die Unverhofften. Walzer. Op. <opus key="opus_0531">13</opus></title>. Ebend. 45 Xr.</bibl>
<bibl id="hofm_1845_11_0168_26"><composer key="compo_032847">Staab (J.)</composer> <title>Julien-Mazurka. No. 552</title>. 8vo. <pubPlace key="place_0438">Mainz</pubPlace>, <publisher key="publ_3563">Schott</publisher> 8 Xr.</bibl>
<bibl id="hofm_1845_11_0168_27"><composer key="compo_033569">Strauss (Joh.)</composer> <title>Geheimnisse aus der Wiener Tanzwelt. Op. <opus key="opus_1134">176</opus></title>. <pubPlace key="place_0731">Wien</pubPlace>, <publisher key="publ_1506">Haslinger</publisher> 45 Xr.</bibl>
<bibl id="hofm_1845_11_0168_28">– Idem im leichteren Style (Die junge Tänzerin 58stes Heft). Ebend. 30 Xr.</bibl>
<bibl id="hofm_1845_11_0168_29"><composer key="compo_033572">Strauss (Joh., Sohn)</composer> <title>Cytheren-Quadrille. Op. <opus key="opus_3565">6</opus></title>. <pubPlace key="place_0731">Wien</pubPlace>, <publisher key="publ_2605">Mechetti</publisher> 30 Xr.</bibl>
<bibl id="hofm_1845_11_0168_30">– <title>Die jungen Wiener. Walzer. Op. <opus key="opus_3967">7</opus></title>. Ebend. 45 Xr.</bibl>
<bibl id="hofm_1845_11_0168_31"><composer key="compo_033934">Swoboda (J.F.)</composer> <title>Emillien-Polka</title>. <pubPlace key="place_0554">Prag</pubPlace>, <publisher key="publ_1729">Hoffmann</publisher> 15 Xr.</bibl>
</div><div id="hofm_1845_11_0168_div13"><head><hofClass key="hofCl_0250">Märsche für das Pianoforte.</hofClass></head>
<bibl id="hofm_1845_11_0168_32"><composer key="compo_005036">Börs (Otto)</composer> <title>Beruhigungs-Marsch der vier Haimonskinder</title>. <pubPlace key="place_0276">Hamburg</pubPlace>, <publisher key="publ_0640">Cranz</publisher> 2½ Ngr.</bibl>
<bibl id="hofm_1845_11_0168_33"><composer key="compo_004602">Budinsky (Fr.)</composer> <title>Retraite über die beliebtesten Opern-Melodien</title>. <pubPlace key="place_0554">Prag</pubPlace>, <publisher key="publ_1729">Hoffmann</publisher> 38 Xr.</bibl>
<bibl id="hofm_1845_11_0168_34"><composer key="compo_013157">Hamm (J. Val.)</composer> <title>Cäcilie und Emilie. 2 Märsche über 2 beliebte Tyroler-Lieder</title>. <pubPlace key="place_0438">Mainz</pubPlace>, <publisher key="publ_3563">Schott</publisher> 27 Xr.</bibl>
<bibl id="hofm_1845_11_0168_35"><composer key="compo_019512">Küffner (Jos.)</composer> F<title>est- und Jubelmarsch, sufgeführt bei dem grossen Sängerfeste zu Würzburg, am 4., 5. und 6. August 1845</title>. Ebend. 18 Xr.</bibl></div>
<pb n="169"/>
<div id="hofm_1845_11_0169_div14"><head><hofClass key="hofCl_0225">Musik für die Orgel.</hofClass></head>
<bibl id="hofm_1845_11_0169_01"><composer key="compo_001234">Bach (Joh. Seb.)</composer> <title>Trio, in <key>Dm</key></title>. (Der Orgel-Virtuos No. 48.) 4. <pubPlace key="place_0181">Erfurt</pubPlace>, <publisher key="publ_2240">Körner</publisher> 5 Ngr.</bibl>
<bibl id="hofm_1845_11_0169_02"><composer key="compo_001984">Becker (C.F.)</composer> <title>Cäcilla. Tonstücke f. Orgel. 2ter Band, 3tes Heft, Schellenberg, Fantasie über den Namen Bach. Becker, 2 Chorale: Nun sich der Tag, und: Herr, ich habe missgehandelt. Hiller, Trio, in <key>Gm</key>. Kindscher, Choral: Wer nur den lieben Gott. Wolff, Choral: Wir Christenlent’. Martini, Fuge in <key>Hm</key></title>. qu. 8. <pubPlace key="place_0392">Leipzig</pubPlace>, <publisher key="publ_1107">Friedlein u. Hirsch</publisher> 15 Ngr. (Subser.-Pr. 7½ Ngr.)</bibl>
<bibl id="hofm_1845_11_0169_03"><composer key="compo_015303">Homilius</composer>, <title>Vorspiel: O Haupt voll Blut</title>. (Der Orgel-Virtsos. No. 187.) 4. <pubPlace key="place_0181">Erfurt</pubPlace>, <publisher key="publ_2240">Körner</publisher> 5 Ngr.</bibl>
<bibl id="hofm_1845_11_0169_04"><composer key="compo_019466">Körner (G.W.)</composer> <title>Neues Orgel-Journal. Erster Band, 4tes Heft</title>. 4. Ebend. 15 Ngr. (Subscr.-Pr. f. d. isten Band in 4 Heften 1 Thlr.)</bibl>
<bibl id="hofm_1845_11_0169_05">– <title>Das höhere Orgel-Spiel. Orgel-Trios ausgezeichneter Meister. 3tes Heft, Stolze, Trio, in <key>G</key></title>. 4. Ebend. 7½ Ngr. (Subscr.-Pr. 5 Ngr.)</bibl>
<bibl id="hofm_1845_11_0169_06"><composer key="compo_019466">Körner (G.W.)</composer> und <composer key="compo_028507">A.G. Ritter</composer>, <title>der Orgelfreund. 7ter Band, 3tes Heft</title>. 4. Ebend. 15 Ngr.</bibl>
<bibl id="hofm_1845_11_0169_07"><composer key="compo_033466">Stolze</composer>, <title>Trio, in <key>G</key></title>. Siehe: <xref type="external" from="hofm_1845_11_0169_05" to="DITTO" targOrder="U">Körner, das höhere Orgelspiel</xref>.</bibl>
</div><div id="hofm_1845_11_0169_div15"><head><hofClass key="hofCl_0068">Kirchenmusik.</hofClass></head>
<bibl id="hofm_1845_11_0169_08"><composer key="compo_008310">Enckhausen (H.)</composer> <title>Responsorien zu Collection und Antiphonen f. d. vierstimmigen Männerchor (od. Sopr., Alt, Ten. u. Bass.) <format>Partitur</format>. Op. <opus key="opus_3868">67</opus></title>. 16mo. <pubPlace key="place_0280">Hannover</pubPlace>, <publisher key="publ_2808">Nagel</publisher> 5 Ngr. n.</bibl>
<bibl id="hofm_1845_11_0169_09"><composer key="compo_010396">Führer (Rob.)</composer> <title>Preis-Messe f. 4 Singstimmen, 2 Violinen, Alt, 2 Hoboen, 2 Hörner, 2 Trompeten und Pauken, Contrabass mit Violencell und Orgel</title>. <pubPlace key="place_0554">Prag</pubPlace>, <publisher key="publ_0282">Berra</publisher> 5 Fl.</bibl>
<bibl id="hofm_1845_11_0169_10">– <title>Graduale (Specie tua) und Offertorium (Ave Regina) zur Preis-Messe f. 4 Singstimmen, 2 Violinen, Alt, 2 Hoboen, 2 Hörner, 2 Trompeten, Contrabass mit Violoncell und Orgel</title>. Ebend. 1 Fl. 45 Xr.</bibl>
<bibl id="hofm_1845_11_0169_11"><composer key="compo_010862">Geissler (C.)</composer> <title>9 Melodien zum Vater Unser und zu den Einsetzungsworten des heiligen Ahendmahls, mit vierst. Orgelbegleitung. 2tes Heft</title>. 4. <pubPlace key="place_0449">Meissen</pubPlace>, <publisher key="publ_1397">Gödsche</publisher> 20 Ngr. n.</bibl>
<bibl id="hofm_1845_11_0169_12"><composer key="compo_012992">Hahn (B.)</composer> <title>Vierte Messe f. Sopr., Alt, Tenor u. Bass, 2 Violinen, Alt (2 Heboen u. 2 Hörner ad lib.) Orgel u. Contrab. (Musikalischer Kirchenschatz 1ste Lief.)</title> <pubPlace key="place_0082">Breslau</pubPlace>, <publisher key="publ_2386">Leuckart</publisher> 2 Thlr.</bibl>
<wip id="hofm_1845_11_0169_13"><title>Kirchenschatz (musikalischer) Ein Cyclus neuer, leichter und mit sehr geringen Mitteln ausführbarer, wirklich gediegener Kirchenmusikalien</title>. <title>Lief. 1, 2</title>. <pubPlace key="place_0082">Breslau</pubPlace>, <publisher key="publ_2386">Leuckart</publisher>. Siehe: <xref type="external" from="hofm_1845_11_0169_12" to="DITTO" targOrder="U">Hahn</xref> u. <xref type="external" from="hofm_1845_11_0169_16" to="DITTO" targOrder="U">Schnabel</xref>.</wip>
<bibl id="hofm_1845_11_0169_14"><composer key="compo_019686">Lachner (Ign.)</composer> <title>Messe f. 4 Singst. u. Orgel mit beliebiger Blasinstrumenten-Begleitung</title>. <pubPlace key="place_0662">Stuttgart</pubPlace>, <publisher key="publ_2756">Zum Haydn</publisher>. <lb/><format>Partitur</format>. geh. 1 Fl. 48 Xr. n. <lb/><format>Auflagestimmen</format>. 2 Fl. 15 Xr. n.</bibl>
<bibl id="hofm_1845_11_0169_15"><composer key="compo_025210">Oechsner (A.)</composer> <title>Pastoral-Messe f. 4 Singstimmen m. Orchester-Begleitung. Op. <opus key="opus_3181">5</opus></title>. <pubPlace key="place_0438">Mainz</pubPlace>. <publisher key="publ_3563">Schott</publisher> 4 Fl. 48 Xr.</bibl>
<bibl id="hofm_1845_11_0169_16"><composer key="compo_030719">Schnabel (Jos.)</composer> <title>4 Gradualien mit kleinem Orchester u. Orgel: Inclina Domine (f. Bass-Solo), Exaudi Domine (f. 4 Singst.), Veni sancta Spiritus (f. 4 Singst.) Lauda Sion (f. Bass- u. Sopran-Sole u. Chor). Musikalischer Kirchenschatz 2te Lief</title>. <pubPlace key="place_0082">Breslau</pubPlace>, <publisher key="publ_2386">Leuckart</publisher> 1 Thlr. 15 Ngr.</bibl>
</div><div id="hofm_1845_11_0169_div16"><head><hofClass key="hofCl_0102">Mehrstimmige Gesänge mit und ohne Pianoforte.</hofClass></head>
<bibl id="hofm_1845_11_0169_17"><composer key="compo_001602">Barth (G.)</composer> <title>3 Quartetten f. Männerstimmen. Op. <opus key="opus_0928">16. No. 1</opus>, Ständchen, von Reinick (In dem Himmel ruht die Erde). <format>Partitur u. Stimmen</format></title>. 8, <pubPlace key="place_0731">Wien</pubPlace>, <publisher key="publ_1269">Glöggl</publisher> 45 Xr.</bibl>
<bibl id="hofm_1845_11_0169_18"><composer key="compo_011498">Goedecke (H.)</composer> <title>6 vierstimmige Lieder v. Hoffmann v. Fallerslehen, f. d. Männerchor. Op. <opus key="opus_2116">3</opus>. <format>Partitur u. Stimmen</format>: Vortanz. Früh-Itngsmahnung. Weinlied. Weinrausch. Mein Lieben. Gesang u. Wein (Was ist das? – Heda! Hallo! aufgemacht – Bidibum, und der Winter ist herum – Auf schenket ein mir reinen Wein – Wie könnt’ ich dein vergessen – Von alles guten Dingen)</title>. 8. <pubPlace key="place_0392">Leipzig</pubPlace>, <publisher key="publ_1746">Hofmeister</publisher> 1 Thlr.</bibl>
<pb n="170"/>
<wip id="hofm_1845_11_0170_01"><composer key="compo_020839">Liebe (L.)</composer> <title>Waldklänge. G Gedichte von E. Brämer, f. 2 Soprane (od. Tenöre) m. Pfte. Op. <opus key="opus_2758">4. No. 5, 6</opus></title>. <pubPlace key="place_0438">Mainz</pubPlace>, <publisher key="publ_3563">Schott</publisher>. <lb/><title>No. 5, Waldesruf (Aus den Bergen, aus den Klüften)</title>. 36 Xr. <lb/>– <title>6, Waldsehnsucht (Blauer Himmel, laue Lüfte)</title>. 27 Xr.</wip>
<bibl id="hofm_1845_11_0170_02"><title>Liedersammlung für Schule u. Haus, (f. 2 u. 3 Singstimmen) herausgegeben von dem Lehrpersonale der Leitmeritzer Diözesan- und Kreis-Hauptschule, 4tes Heft</title>. qu. 4. <pubPlace key="place_0400">Leitmeritz</pubPlace>, <publisher key="publ_3080">Pohlig</publisher> 4 Ngr. n.</bibl>
<bibl id="hofm_1845_11_0170_03"><composer key="compo_022385">Marxsen (Ed.)</composer> <title>Sonntagsfrühe. Trinklied. Schlummerlied. Die Schleichhändler. Hoffen und Harren. Die schwersten Zeiten. 6 Lieder f. vlerstimmigen Männerchor. Op. <opus key="opus_3490">58</opus>. <format>Partitur u. Stimmen</format> (Feier-Il her Glockenklang – Horch! wie es draussen braus’t – Gute Nacht, müde hast du mich gewacht – Sachte, dass Euch Niemand sieht – Mein Schatz hat mich verlassen – Ach, wie sind die Zeiten Schwer)</title>. 8. <pubPlace key="place_0276">Hamburg</pubPlace>, <publisher key="publ_0540">Böhme</publisher> 1 Thlr. 5 Ngr.</bibl>
<wip id="hofm_1845_11_0170_04"><title>Orpheus. Sammlung von Liedern und Gesangen f. 4 Männerstimmen. 1ster–10ter Band (1ste u. 2te Folge.) Enth. gegen 350 Compositionen der belieblesten Componisten älterer und neuerer Zeit. <edition>Neue wohlfelte Gesammt-Ausgabe</edition>. In 4 Stimmheften</title>. 16mo. <pubPlace key="place_0392">Leipzig</pubPlace>, <publisher key="publ_1107">Friedlein u. Hirsch</publisher> geh. 5 Thlr. n.</wip>
<bibl id="hofm_1845_11_0170_05">– <title>Register zum 1stes–10ten Bande</title>. Ebend. geh. 2½ Ngr.</bibl>
<bibl id="hofm_1845_11_0170_06"><composer key="compo_027032">Preyer (Gottfr.)</composer> <title>Um Mitternacht. Gedicht von Fr. Rückert, f. Männerchor. Op. <opus key="opus_4542">89</opus> (Um Mitternachl hab’ ich gewacht). <format>Partitur u. Stimmen</format>. (Liederbuch des Wiener Männergesang-Vereins. 3tes Heft)</title>. 4. <pubPlace key="place_0731">Wien</pubPlace>, <publisher key="publ_1269">Glöggl</publisher> 45 Xr.</bibl>
<bibl id="hofm_1845_11_0170_07"><title>Sang und Klang. Sammlung einfacher Gesänge f. 4 Männerstimuen. Zum Gehr. in Lehrer-Conferenzen, Fortbildungsschulen, kl. Gesangvereinen u. a. Sängerkreisen. 1stes Heft</title>. <pubPlace key="place_0171">Elberfeld</pubPlace>, <publisher key="publ_3493">Schmachtenberg</publisher> 6 Ngr.</bibl>
<bibl id="hofm_1845_11_0170_08"><composer key="compo_030753">Schneider (Fr.)</composer> <title>Das freie Wort. Gedicht v. Carl Haltaus. Chorgesang f. 4 Männerstimmen. (Brich deine Fessein, Geist der Zeit)</title>. 8. <pubPlace key="place_0392">Leipzig</pubPlace>, <publisher key="publ_1746">Hofmeister</publisher> 6 Ngr.</bibl>
<bibl id="hofm_1845_11_0170_09"><composer key="compo_031660">Schöne (C.G.)</composer> <title>3 Duetten f. Mezzo-Sopran und Bass m. Begl. d. Pfte. 1ste Lief. Verrathne Liebe (Da Nachts wir uns küssten). Liebste was kann denn uns scheiden. Du Freund an meinem Herzen.)</title> <pubPlace key="place_0276">Hamburg</pubPlace>, <publisher key="publ_0540">Böhme</publisher> 17½ Ngr.</bibl>
<bibl id="hofm_1845_11_0170_10"><composer key="compo_032827">Sprüngli (J.J.)</composer> <title>46 Männergesange von Freunden d. Tonkunst, gesammelt zu Gunsten der Mozart-Stiftung in Frankfurt a. M</title>. <pubPlace key="place_0767">Zurich</pubPlace>, <publisher key="publ_4172">Verlag vom Herausgeber</publisher> (<publisher key="publ_3624">Schulthess in Comm</publisher>.) <lb/><format>Partitur</format>. gr. 4. geh. 1 Thlr. 17½ Ngr. n. <lb/><format>Die 4 Singstimmen</format>. qu. 8. 2 Thlr. 7½ Ngr. n.</bibl>
<bibl id="hofm_1845_11_0170_11">– <title>Männergesänge von Freunden der Tonkunst, gesammelt zu Gunsten des eidgenössischen Sängervereins. 2te Sammlung</title>. Ebend. <lb/><format>Partitur</format>. gr. 4. geh. 1 Thlr. 17½ Ngr. n. <lb/><format>Die 4 Singstimmen</format>. qu. 8. geh. 2 Thlr, 7½ Ngr. n.</bibl>
<bibl id="hofm_1845_11_0170_12"><composer key="compo_033467">Stolze (H.W.)</composer> <title>Leipzig’s Todte 1845. Gedicht von E. Freih v. Hammerstein, f. 4 Männerstimmen (od. f. eine Singstimme m. Begl. d. Pfte.) „Es zucket durch Deutschland so ernst.“</title> <pubPlace key="place_0276">Hamburg</pubPlace>, <publisher key="publ_3605">Schuberth u. Co</publisher>. 5 Ngr.</bibl>
<bibl id="hofm_1845_11_0170_13"><composer key="compo_038342">Zöllner (C.)</composer> <title>Rossbach und die Katzbach. General Vandamme. 2 Droh- u. Spottlieder für Franzosenhasser, von Fr. Rückert f. 4 Männerstimmen (Nehmt euch in Acht vor den Bächen – General Vandamme). Besonderer Abdruck aus dem 11ten Bande des Orpheus</title>. qu. 8. <pubPlace key="place_0392">Leipzig</pubPlace>, <publisher key="publ_1107">Friedlein u. Hirsch</publisher> 10 Ngr.</bibl>
</div><div id="hofm_1845_11_0170_div17"><head><hofClass key="hofCl_0268">Opernmusik mit Pianofortebegleitung.</hofClass></head>
<bibl id="hofm_1845_11_0170_14"><composer key="compo_007197">Donizetti (C.)</composer> <title>Dom Sebastian von Portugal. Grosse Oper in 5 Acten, nach dem Französischen des M.E. Scribe, von Leo Herz. <format>Vollständiger Klavierauszug</format> mit italienischem und deutschem Texte. Mit dem Portrait des Componisten</title>. <pubPlace key="place_0731">Wien</pubPlace>, <publisher key="publ_2605">Mechetti</publisher> geb. 15 Fl.</bibl>
<bibl id="hofm_1845_11_0170_15"><composer key="compo_023890">Mozart (W.A.)</composer> <title>Don Juan. Oper in 2 Aufzügen. <format>Vollständiger Klavier-Auszug</format> mit deutschem und italienischem Texte</title>. <pubPlace key="place_0392">Leipzig</pubPlace>, <publisher key="publ_1502">Hartung</publisher> geh. 1 Thlr. u.</bibl></div>
<pb n="171"/>
<div id="hofm_1845_11_0171_div18"><head><hofClass key="hofCl_0040">Gesänge für eine Stimme mit Begleitung des Pianoforte.</hofClass></head>
<bibl id="hofm_1845_11_0171_01"><composer key="compo_001871">Baur (A.L.)</composer> <title>6 Lieder: Mei Hüttla. Das Augenpaar (Ich kenne zwel Augen). Sehnsucht (In die Ferne möcht’ ich ziehen). Das Roslein (Wohl ein einsam Röslein stand). Ländchen der Liebe (Voli Falschheit und Ränke). Sehnsucht nach Hülfe (Gluthen, 1hr verzehret mich)</title>. <pubPlace key="place_0015">Ansbach</pubPlace>, <publisher key="publ_0781">Dollfus’sche Buchhdl</publisher>. 86 Xr. n.</bibl>
<bibl id="hofm_1845_11_0171_02"><composer key="compo_001997">Becker (Fr.)</composer> <title>Lied in der See, v. Prokesch (Ach wär’ mein Lied so ferne)</title>. <pubPlace key="place_0475">München</pubPlace>, <publisher key="publ_0996">Falter</publisher> 36 Xr.</bibl>
<bibl id="hofm_1845_11_0171_03"><composer key="compo_002313">Benedict (Jul.)</composer> <title>La Fedeltà (Die Treue). Cavatina cantata da Signora Grisi</title>. (L’Aurore No. 82.) <pubPlace key="place_0438">Mainz</pubPlace>, <publisher key="publ_3563">Schott</publisher> 45 Xr.</bibl>
<bibl id="hofm_1845_11_0171_04"><composer key="compo_006563">David (Fel.)</composer> <title>Le Sommeil de l’Enfant. Mélodie</title>. (Lyre française No. 156.) Ebend. 18 Xr.</bibl>
<wip id="hofm_1845_11_0171_05"><composer key="compo_006843">Dessauer (Jos.)</composer> <title>6 Gesänge. Op. <opus key="opus_2996">45</opus></title>. <pubPlace key="place_0731">Wien</pubPlace>, <publisher key="publ_2605">Mechetti</publisher>. <lb/><title>No. 3, Waldruhe, von C. Grünes, f. Bariton (Im Walde, im stillen Walde)</title>. 30 Xr. <lb/>– <title>4, Liebesquell, aus Kapper’s slav. Gedichten, f. Mezzo-Sopran (Ich wollt’ ich wär’ ein Bronnen)</title>. 30 Xr. <lb/>– <title>5, Jägerliebe aus Kapper’s slav. Gedichten, f. Tenor (O könnt’ ich blasen ein Lied)</title>. 30 Xr. <lb/>– <title>6, Liebesbettler. Gedicht von C. Hugo, f. Sopran oder Tenor (Verbann’ mich nicht aus deinem Kreis)</title>. 30 Xr.</wip>
<bibl id="hofm_1845_11_0171_06"><composer key="compo_009143">Fesca (Alex.)</composer> <title>5 Lieder f. Sopr. od. Ten. Op. <opus key="opus_3071">47</opus>: Im Frühling (Es glänzt im Ahendsonnengolde). Im Thal (Es rauschen die Wasser). Schottisches Lied (Lass’ ab mein Lieh). War’ meine Seele doch ein Lied. Liehchens Vertrauen (Hold erblüht die Rose)</title>. <pubPlace key="place_0078">Braunschweig</pubPlace>, <publisher key="publ_2681">Meyer</publisher> 20 Ngr.</bibl>
<bibl id="hofm_1845_11_0171_07"><composer key="compo_009746">Franckel (Berth.)</composer> <title>Gondoliera v. Em. Geibel. Op. <opus key="opus_3565">6</opus>. (O komm zu mir – Deh vien! allor)</title>. <pubPlace key="place_0731">Wien</pubPlace>, <publisher key="publ_2779">Müller</publisher> 45 Xr.</bibl>
<bibl id="hofm_1845_11_0171_08"><composer key="compo_011374">Glimes (Jul. de)</composer> <title>Extase. Mélodie. Poesie de Vict. Hugo</title> (Lyre française No. 159). <pubPlace key="place_0438">Mainz</pubPlace>, <publisher key="publ_3563">Schott</publisher> 18 Xr.</bibl>
<bibl id="hofm_1845_11_0171_09"><composer key="compo_012499">Gumbert (Ferd.)</composer> <title>Der Geliebten. Gedicht v. C. Herlosssohn, Op. <opus key="opus_0684">14</opus>. (Röthet dir, Liebchen, der Purpur die Wange.)</title> <pubPlace key="place_0731">Wien</pubPlace>, <publisher key="publ_2605">Mechetti</publisher> 30 Xr.</bibl>
<bibl id="hofm_1845_11_0171_10"><composer key="compo_013173">Hammer (G.)</composer> <title>Marien-Walzer mit Worten</title>. Siehe: <xref type="external" from="hofm_1845_11_0168_05" to="DITTO" targOrder="U">Tänze f. d. Pfte</xref>.</bibl>
<bibl id="hofm_1845_11_0171_11"><composer key="compo_015159">Hohenzollern-Hechingen (F.W.C. Fürst zu)</composer> <title>Der Fremdling. Lied (Fern komm’ ich her)</title>. <pubPlace key="place_0438">Mainz</pubPlace>, <publisher key="publ_3563">Schott</publisher> 18 Xr.</bibl>
<bibl id="hofm_1845_11_0171_12"><composer key="compo_017320">Kessler (J.C.)</composer> <title>6 Lieder. Op. <opus key="opus_1584">22</opus>: An die Hoffnung. Geständniss. An die Nacht. Sehnsucht. Das Beständige. Ewige Leuchte (Schaff das Tagwerk meiner Hände – Kana’s nicht länger mehr verschweigen – Schelten dich des Menschen Feindin – Als mein Auge sie fand – Alles hat mir schon gelogen – Bist noch immer nicht verglommen)</title>. <pubPlace key="place_0400">Leitmeritz</pubPlace>, <publisher key="publ_3080">Pohlig</publisher> 1 Fl.</bibl>
<bibl id="hofm_1845_11_0171_13">– <title>6 geistliche Lieder. Op. <opus key="opus_2347">33</opus>: Trost. Unsterblichkeit. Vertrauen. Liebe. Sonntagslied. Auferstehen (Wenn Traurigkeit dein Herz erfüllt – Ich bin zur Ewigkeit geboren – Dem Freudenbecher mischest du – Ew’ge Liebe – Dies 1st der Tag zum Segen – Wenn ich einst von jenem Schlummer)</title>. Ebend. 1 Fl.</bibl>
<bibl id="hofm_1845_11_0171_14">– <title>Ständchen. Gedicht von Jul. Treutler. Op. <opus key="opus_2403">34</opus> (Komm, Liebchen, komm an’s Fenster)</title>. Ebend. 30 Xr.</bibl>
<wip id="hofm_1845_11_0171_15"><composer key="compo_019507">Kücken (Fr.)</composer> <title>5 deutsche Lieder f. Alt oder Bariton (arr.) Op. <opus key="opus_0001">1</opus></title>. <title>Heft 1, 2</title>. <pubPlace key="place_0276">Hamburg</pubPlace>, <publisher key="publ_3605">Schuberth u. Co</publisher>. à 10 Ngr. <lb/><title>Heft 1, Lied in der Fremde. Da drüben. Sehnsucht (Einsam? nein, das bin ich nicht – Da drüben. über’m Walde – Wenn ich ein Vöglein wär’)</title>. <lb/>– <title>2, Lieb Aunchen. Treue im Wechsel. (Ein Lämmchen weiss wie Schnee – Herz, was treibt dich rastlos.)</title></wip>
<pb n="172"/>
<bibl id="hofm_1845_11_0172_01"><composer key="compo_020589">Leonhardt (A.)</composer> <title>Verlorner Mai, v. J.N. Vogl (Es blüht der Mai)</title>. <pubPlace key="place_0731">Wien</pubPlace>, <publisher key="publ_4456">Witzendorf</publisher> 30 Xr.</bibl>
<wip id="hofm_1845_11_0172_02"><composer key="compo_020839">Liebe (L.)</composer> <title>Waldklänge. 6 Gedichte v. E. Brämer, f. Sopran od. Tenor. Op. <opus key="opus_2751">4. No. 2, 3</opus></title>. <pubPlace key="place_0438">Mainz</pubPlace>, <publisher key="publ_3563">Schott</publisher>. <lb/><title>No. 2, Der Himmel im Wald (Da droben auf dem Berge)</title>. 27 Xr. <lb/>– <title>3, Am Walde (Am Walde steht ein Bronnen)</title>. 18 Xr.</wip>
<bibl id="hofm_1845_11_0172_03"><composer key="compo_021681">Löwe (C.)</composer> <title>Die Reigerbaize. Ballade von A. Grün. Op. <opus key="opus_0163">106</opus> (Als Lenz die Erde wieder)</title>. <pubPlace key="place_0078">Braunschweig</pubPlace>, <publisher key="publ_2681">Meyer</publisher> 20 Ngr.</bibl>
<bibl id="hofm_1845_11_0172_04"><composer key="compo_022385">Marxsen (Ed.)</composer> <title>Wandrer’s Abendlied, von Rückert. Op. <opus key="opus_3659">61. No. 1</opus> (Wie sich Schatten dehnen)</title>. <pubPlace key="place_0276">Hamburg</pubPlace>, <publisher key="publ_0540">Böhme</publisher> 7½ Ngr.</bibl>
<bibl id="hofm_1845_11_0172_05"><composer key="compo_024153">Müller (Ad.)</composer> <title>Menschen und Uhren. Gedicht v. J.G. Seidl. Eingelegt v. Herrn Wallner in die Posse: Stadt und Land (Die Menschen die hab’n akkurat)</title>. 8. <pubPlace key="place_0392">Leipzig</pubPlace>, <publisher key="publ_1974">Kell</publisher> 5 Ngr. n.</bibl>
<bibl id="hofm_1845_11_0172_06"><title>Nationallied (schleswig-holsteinisches). „Auf, Volk! steh’ auf!“</title> <pubPlace key="place_0276">Hamburg</pubPlace>, <publisher key="publ_3605">Schuberth u. Co</publisher>. 2½ Ngr.</bibl>
<bibl id="hofm_1845_11_0172_07"><composer key="compo_029624">Salvi (M.)</composer> <title>Aria: Ah gia s’apre al mio pensiero (Schon eröffnet vor meinem Blicke) esegnita nell’ Opera: Chi dura vince, del L. Ricci dalla Signora E. Angri</title> (Aurora No. 312.) <pubPlace key="place_0731">Wien</pubPlace>, <publisher key="publ_2605">Mechetti</publisher> 45 Xr.</bibl>
<bibl id="hofm_1845_11_0172_08"><composer key="compo_029892">Schad (J.)</composer> <title>La Vierge de Domremi. Ballade nationale</title> (Lyre français No. 155). <pubPlace key="place_0438">Mainz</pubPlace>, <publisher key="publ_3563">Schott</publisher> 27 Xr.</bibl>
<bibl id="hofm_1845_11_0172_09"><composer key="compo_030591">Schmidt (M.H.)</composer> <title>3 Lieder f. Sopran od. Tenor. Op. <opus key="opus_2737">4</opus>: Lied der Anne Lyle. Gondollera. Fruhlingsnacht (Wärst du bei mir – O komm zu mir – Ueberm Garten durch die Lufte)</title>. <pubPlace key="place_0078">Braunschweig</pubPlace>, <publisher key="publ_2681">Meyer</publisher> 17½ Ngr.</bibl>
<bibl id="hofm_1845_11_0172_10">– <title>Du bist das sanfte Feuer. Italienische Canzone f. Sopran od. Tenor. Op. <opus key="opus_3181">5</opus></title>. Ebend. 12½ Ngr.</bibl>
<bibl id="hofm_1845_11_0172_11"><composer key="compo_031845">Seemann (Ad.)</composer> <title>Liebesweben. Treue Liebe. Geheimer Schmerz. 8 Lieder. Op. <opus key="opus_1372">2</opus> (Das Herz, das du gegeben – Ein getreues Herze wissen – Verbirgst du mir den Schmerz)</title>. <pubPlace key="place_0280">Hannover</pubPlace> <publisher key="publ_2808">Nagel</publisher> 10 Ngr.</bibl>
<bibl id="hofm_1845_11_0172_12"><composer key="compo_032670">Spaeth (A.)</composer> <title>Der Verbannte. Das Gebet. Des Todtengräbers Braut. 3 Gesänge f. Bass. Op. <opus key="opus_1051">168</opus>. (Tiefer Schmerz und banges Sehnen – Du dessen Augen sonnenklar – Die Stürme stöhnen, es brausst der Wald)</title>. <pubPlace key="place_0438">Mainz</pubPlace>, <publisher key="publ_3563">Schott</publisher> 1 Fl. 12 Xr.</bibl>
<bibl id="hofm_1845_11_0172_13"><composer key="compo_032713">Speier (W.)</composer> <title>Schlaf ein, mein Herz, in Frieden, von Rückert, f. Mezzosopran, Alt oder Bariton. Op. <opus key="opus_3351">54</opus></title>. <pubPlace key="place_0519">Offenbach</pubPlace>, <publisher key="publ_0065">André</publisher> 36 Xr.</bibl>
<bibl id="hofm_1845_11_0172_14"><composer key="compo_032801">Sponholtz (A.H.)</composer> <title>„Es rauscht das rothe Laub zu meinen Füssen.“ Gedicht von E. Geibel, f. Sopran od. Tenor. Op. <opus key="opus_1068">17</opus>. (Preis-Gedicht und Preis-Composition, gekrönt vom Preis-Institut des Norddeutschen Musikvereins)</title>. <pubPlace key="place_0276">Hamburg</pubPlace>, <publisher key="publ_3605">Schuberth u. Co</publisher>. 15 Ngr.</bibl>
<bibl id="hofm_1845_11_0172_15"><composer key="compo_033467">Stolze (H.W.)</composer> <title>Leipzig’s Todte 1845. Gedicht von E. Freih. v. Hammerstein (Es zuckt durch Deutschland so ernst). Auch für 4 Männerstimmen</title>. <pubPlace key="place_0276">Hamburg</pubPlace>, <publisher key="publ_3605">Schuberth u. Co</publisher>. 5 Ngr.</bibl>
<bibl id="hofm_1845_11_0172_16"><composer key="compo_034896">Truhn (H.)</composer> <title>Spielmanns-Lied, Gedicht von E. Gelbel, f. Sopran od. Tenor. Op. <opus key="opus_4241">79</opus> (Und legt ihr zwischen mich und sie)</title>. <pubPlace key="place_0078">Braunschweig</pubPlace>, <publisher key="publ_2681">Meyer</publisher> 17½ Ngr.</bibl>
<bibl id="hofm_1845_11_0172_17"><composer key="compo_037783">Würst (Rich.)</composer> <title>6 deutsche Lieder. Op. <opus key="opus_4562">9</opus>: Der Mond kommt still gegangen. Die Augen, meiner Augen. Die Nachtigall (Ich ging hinaus zum grünen Hain). Morgenklänge (Liebchen, mach’ die Aeuglein auf). Unter den dunklen Linden (Zurückgekehrt zum Heimathsort). Eine Thräne (Rinne leise, meine Thräne)</title>. <pubPlace key="place_0392">Leipzig</pubPlace>, <publisher key="publ_1746">Hofmeister</publisher> 17½ Ngr.</bibl>
</div><div id="hofm_1845_11_0172_div19"><head><hofClass key="hofCl_0077">Lehrbücher für den Gesang.</hofClass></head>
<bibl id="hofm_1845_11_0172_18"><composer key="compo_036827">Wex</composer>, <title>Gesangbuch f. Gymnasien, Volks- u. Bürgerschules. <edition>4te Aufl</edition></title>. 8. <pubPlace key="place_0025">Aschersleben</pubPlace>, <publisher key="publ_2306">Laue</publisher> geh. 3¾ Ngr.</bibl>
<pb n="173"/>
<bibl id="hofm_1845_11_0173_01"><composer key="compo_037284">Wiss (H.B.)</composer> <title>Choralgesang-Schule, oder: leichtfasslicher Unterricht in den Gregorianischen Choral mit Rücksicht auf den römischen, mainzischen, trierschen u. französischen Choral</title>. 8. <pubPlace key="place_0642">Speyer</pubPlace>, <publisher key="publ_2836">Neidhard</publisher> geh. 20 Ngr. n.</bibl>
</div><div id="hofm_1845_11_0173_div20"><head><hofClass key="hofCl_0287">Theoretische Werke.</hofClass></head>
<bibl id="hofm_1845_11_0173_02"><title><author>Beethoven’s (L. v.)</author> Missa solemnis. Op. <opus key="opus_0451">123</opus>. Eine kurze erklärende Beschreibung</title>. gr. 8. <pubPlace key="place_0069">Bonn</pubPlace>, <publisher key="publ_1603">Henry u. Cohen</publisher> geh. 7½ Ngr.</bibl>
<wip id="hofm_1845_11_0173_03"><author>Berlioz (H.)</author> <title>Die moderne Instrumentation und Orchestration (Grand Traité d’Instrumentation et d’Orchestration)</title>. <title>Lief. 5–8 (Schluss)</title>. <pubPlace key="place_0044">Berlin</pubPlace>, <publisher key="publ_3471">Schlesinger</publisher> Subscr.-Pr. geh. 4 Thlr. n.</wip>
<bibl id="hofm_1845_11_0173_04"><author>Breidenstein (H.K.)</author> <title>Festgabe zu der am 11. August 1845 stallfindenden Inaugurations des Beethoven-Monuments</title>. gr. 4. <pubPlace key="place_0069">Bonn</pubPlace>, <publisher key="publ_1423">Habicht</publisher> geh. 20 Ngr. n.</bibl>
<bibl id="hofm_1845_11_0173_05"><title>Erinnerung an L. van Beethoven und die Feier der Enthüllung seines Monuments zu Bonn am 10–13. Aug. 1845. Enth. B’s. Biographie, Gesch u. Beschrelbung seines Monuments nebst 2 Kpfrn. und 2 Lithugr. B’s. Portrait, Geburshaus, Grabmal in Wien u. Monument in Bonn</title>. gr. 8. <pubPlace key="place_0069">Bonn</pubPlace>. <publisher key="publ_3067">Pleimes</publisher> geh. 15 Ngr.</bibl>
<bibl id="hofm_1845_11_0173_06"><author>Katterfeldt (J.)</author> <title>Die Musik als Förderungsmittel der religlösen Erbauung</title>. gr. 8. <pubPlace key="place_0345">Kiel</pubPlace>. <publisher key="publ_4110">Universitäts-Buchhandlung</publisher> geh. 5 Ngr. n.</bibl>
<bibl id="hofm_1845_11_0173_07"><author>Müller (W.)</author> <title>Beethoven. Festgabe bei der Inauguration seines Monuments</title>. gr. 8. <pubPlace key="place_0069">Bonn</pubPlace>, <publisher key="publ_1603">Henry u. Cohen</publisher> geh. 5 Ngr.</bibl>
<bibl id="hofm_1845_11_0173_08"><title>Zeitschrift für Orgel-, Klavier- und Flügelbau. 4tes Heft</title>. gr. 4. <pubPlace key="place_0720">Weimar</pubPlace>, <publisher key="publ_4216">Voigt</publisher> geh. 11¼ Ngr.</bibl>
</div><div id="hofm_1845_11_0173_div21"><head><hofClass key="hofCl_0284">Textbücher.</hofClass></head>
<bibl id="hofm_1845_11_0173_09"><title>Antigone. Ein Declamatorium Behufs der Consertaufführung der Compositionen von F. Mendelssohn-Bartholdy zu der Tragödie des Sophocles, bearb. v. Ulrich Riesler</title>. gr. 8. <pubPlace key="place_0642">Speier</pubPlace>, <publisher key="publ_2287">Lang</publisher> geh. 7½ Ngr.</bibl>
<bibl id="hofm_1845_11_0173_10"><author>Gollmick (C.)</author> <title>Deutscher Sänger-Saal. Auswahl von Gedichten zum Componiren</title>. 8. <pubPlace key="place_0128">Darmstadt</pubPlace>, <publisher key="publ_1894">Jonghaus</publisher> geh. 1 Thir. 15 Ngr.</bibl>
<bibl id="hofm_1845_11_0173_11"><title>Lieder-Bibliothek (kleine) od. vollständige Sammlung der beliebtesten neuen und alten Lieder. 1stes Heft</title>. 18mo. <pubPlace key="place_0181">Erfurt</pubPlace>, <publisher key="publ_2681">Meyer</publisher> 3 Ngr. (Subscr.-Pr. f. d. Jahrg. in 12 Heften à 2 Ngr.)</bibl>
<bibl id="hofm_1845_11_0173_12"><title>Liederbuch für das deutsche Volk und seine Vereine. (125 Lieder)</title>. 16vo. <pubPlace key="place_0436">Magdeburg</pubPlace>, <publisher key="publ_0156">Baensch</publisher> 4 Ngr.</bibl>
<bibl id="hofm_1845_11_0173_13"><title>Turnlieder. Herausg. bei Einweihung d. Turnanstalt in Zittau</title>. kl. 8. <pubPlace key="place_0757">Zittau</pubPlace>, <publisher key="publ_3708">Schöpsische Buchh</publisher>. geh. 2 Ngr. n.</bibl>
</div><div id="hofm_1845_11_0173_div22"><head><hofClass key="hofCl_0281">Portraits.</hofClass></head>
<bibl id="hofm_1845_11_0173_14"><title>Apothesse an <subject>Beethoven</subject>. Federzeichnung von <artist>J.N. Geiger</artist>. Gedr. bei J. Rauh</title>. Fol. <pubPlace key="place_0731">Wien</pubPlace>, <publisher key="publ_2605">Mechetti</publisher> (chin. Pap.) 1 Fl.</bibl>
<bibl id="hofm_1845_11_0173_15"><title><subject>Christiani (Lise B.)</subject> am Violoncell, d’apres un Croqui de T. Couture. Imprime p. Lemercier</title>. Imp. Form. <pubPlace key="place_0537">Paris</pubPlace>, <publisher key="publ_2362">Lemercier</publisher> 1 Thlr. 10 Ngr. n.</bibl>
<bibl id="hofm_1845_11_0173_16"><title><subject>Menter (Jos.)</subject> lithogr. von Eybl, gedr. bel A. Leykum in Wien</title>. Fol. <pubPlace key="place_0542">Pesth</pubPlace>, <publisher key="publ_4248">Wagner</publisher> 1 Fl. n. (chin. Papier 1 Fl. 30 Xr. n.)</bibl>
<bibl id="hofm_1845_11_0173_17"><title><subject>Pleyel (Marie)</subject> lithogr</title>. 4to. <pubPlace key="place_0438">Mainz</pubPlace>, <publisher key="publ_3563">Schott</publisher> 36 Xr. n.</bibl>
<bibl id="hofm_1845_11_0173_18"><title><subject>Rosellen (Henry)</subject> lithogr</title>. Fol. Ebend. 48 Xr. n.</bibl>
<bibl id="hofm_1845_11_0173_19"><title><subject>Zöllner (Carl)</subject> n. d. Wehner’schen Daguerrot. lith. v. <artist>E. Schnabel</artist>, mit Facsimile</title>. 4to. 5 Ngr. n. (chin. Pap. 7½ Ngr. n.)</bibl>
</div></body></text></TEI.2>