<?xml version="1.0" encoding="utf-8"?>
<!DOCTYPE TEI.2
  SYSTEM "../../dtd/tei/cch_tei.dtd">
<TEI.2 id="hofm_1846_03">
<teiHeader type="text"><fileDesc><titleStmt><title>März 1846</title></titleStmt><publicationStmt><p/></publicationStmt><sourceDesc><p/></sourceDesc></fileDesc><profileDesc><langUsage><language id="ger">German</language><language id="fre">French</language><language id="ita">Italian</language></langUsage></profileDesc><revisionDesc><change><date>2007-09-20</date><respStmt><name>EP</name></respStmt><item>missing @id added</item></change><change><date>2007-06-26</date><respStmt><name>ER</name></respStmt><item>p. 44, Stegmayer (not Stegmeyer)</item></change><change><date>2007-06-01</date><respStmt><name>ER</name></respStmt><item>p. 46, Hesse entries - opus and title tagging adjusted</item></change><change><date>2007-05-21</date><respStmt><name>ER</name></respStmt><item>p. 42, Dobrzynski (J.Fél.) - not Féd.</item></change><change><date>2007-04-27</date><respStmt><name>RV</name></respStmt><item>Changed "biblGroup" elements in "listBibl"</item></change><change><date>2007-03-02</date><respStmt><name>EP</name></respStmt><item>Checked curly brackets</item></change><change><date>2007-02-26</date><respStmt><name>EP</name></respStmt><item>Encoded curly brackets</item></change><change><date>2006-12-19</date><respStmt><name>EP</name></respStmt><item>sic and unclear moved outside elements pubplaces, publisher, composer, hofclass, key, opus</item></change><change><date>2007-01-02</date><respStmt><name>Liz</name></respStmt><item>p. 45 Swoboda (not Swobada); p. 44 Turanyi (not Turnayi)</item></change><change><date>2006-12-22</date><respStmt><name>Liz</name></respStmt><item>p. 42 Strube (not Stube) etc.</item></change><change><date>2006-12-14</date><respStmt><name>Liz</name></respStmt><item>p. 49 Henrion (not Hernrion)</item></change><change><date>2006-11-28</date><respStmt><name>Liz</name></respStmt><item>p. 46 Börs (not Bòrs)</item></change><change><date>2006-03-17</date><respStmt><name>Liz</name></respStmt><item>XRefs done</item></change><change><date>2006-01-12</date><respStmt><name>Liz</name></respStmt><item>p. 45 Heinrichshofen (not Heinrischshofen)</item></change><change><date>2005-12-04</date><respStmt><name>Mekala</name></respStmt><item>p. 46 Friedlein u. Hirsch (not Hrisch)</item></change><change><date>2005-07-13</date><respStmt><name>Mekala</name></respStmt><item>Final</item></change><change><date>2005-06-30</date><respStmt><name>Mekala</name></respStmt><item>Checking Screen and Revisions</item></change><change><date>2005-05-28</date><respStmt><name>Mekala</name></respStmt><item>Revised for &lt;albums&gt;, checking screens</item></change><change><date>2005-04-21</date><respStmt><name>Mekala</name></respStmt><item>Checking Screens, Revisions</item></change><change><date>2005-02-08</date><respStmt><name>Mekala</name></respStmt><item>Revisions following feedback Feb. 8, 2005</item></change><change><date>2005-01-31</date><respStmt><name>Mekala</name></respStmt><item>Revisions following feedback Jan. 13, 14, &amp; 24, 2005</item></change><change><date>2004-12-24</date><respStmt><name>Mekala</name></respStmt><item>Revisions following Dec. 15, 2004 guidelines and Dec. 18, 2004 feedback</item></change><change><date>2004-12-07</date><respStmt><name>Mekala</name></respStmt><item>Revisions following feedback Dec. 7, 2004</item></change><change><date>2004-11-12</date><respStmt><name>Mekala</name></respStmt><item>First Coding March 1846</item></change></revisionDesc></teiHeader>
<text><body><pb n="38"/><head>März 1846.</head><div id="hofm_1846_03_0038_div01"><head><hofClass key="hofCl_0164">Musik für das Orchester.</hofClass></head>      
<bibl id="hofm_1846_03_0038_01"><composer key="compo_005246">Canthal (Aug. M.)</composer> <title>Hamburger Dampf-Walzer, f. Orchester. Op. <opus key="opus_3868">67</opus></title>. <pubPlace key="place_0276">Hamburg</pubPlace>, <publisher key="publ_3605">Schuberth u. Co</publisher>. 2 Thlr. 10 Ngr.</bibl>
<bibl id="hofm_1846_03_0038_02">– <title>Venus-Polka, über Motive aus dem Ballet: Venus und Mars, f. Orchester. Op. <opus key="opus_4580">90</opus></title>. Ebend. 1 Thlr. 10 Ngr.</bibl>
<bibl id="hofm_1846_03_0038_03">– <title>Soldatengruss. Marsch f. Orch. Op. <opus key="opus_4671">95</opus>. <format>Partitur</format></title>. Ebend. 15 Ngr.</bibl>
<bibl id="hofm_1846_03_0038_04">– Idem f. Militair-Musik. Op. <opus key="opus_4671">95</opus>. <format>Partitur</format>. Ebend. 15 Ngr.</bibl>
<bibl id="hofm_1846_03_0038_05"><composer key="compo_012525">Gung’l (Jos.)</composer> <title>Stettiner Soireé-Walzer f. Orchester. Op.<opus key="opus_3105"> 48</opus></title>. (Sammlung von Tänzen und Märschen. 34stes Heft.) <pubPlace key="place_0044">Berlin</pubPlace>, <publisher key="publ_0393">Bote u. B</publisher>. 1 Thlr. 15 Ngr.</bibl>
<wip id="hofm_1846_03_0038_06">– <title>Sammlung von Märschen f. Militairmusik eingerichtet, f. d. Gebrauch der Musik-Chöre der königl. preuss. Armee. <format>Partitur</format></title>. Ebend. <lb/>Für Infanterie. <lb/><title>No. 4, Mein Gruss an Berlin</title>. 20 Ngr. <lb/>– <title>5, Der 15te October</title> 20 Ngr. <lb/>Für Cavallerie. <lb/><title>No. 3, Mein Gruss an Berlin</title>. 20 Ngr. <lb/>– <title>5, Magner, Husaren-Muth</title>. 20 Ngr.</wip>
<bibl id="hofm_1846_03_0038_07"><composer key="compo_022297">Marschner (H.)</composer> <title>Ouverture zur Oper: Adolph von Nassau, f. grosses Orch</title>. <pubPlace key="place_0280">Hannover</pubPlace>, <publisher key="publ_0145">Bachmann</publisher> 3 Thlr.</bibl>
<wip id="hofm_1846_03_0038_08"><title>Sammlung von Märschen für die königl. hannoversche Armee f. Militairmusik. <format>Partitur</format></title>. 8. Ebend. <lb/><title>No. 5, Sommerlatt, Doublir-Marsch</title>. 22½ Ngr. <lb/>– <title>6, Schulze (Fr.) Doublir-Marsch</title>. 12½ Ngr. <lb/>– <title>7, Brosang (H.) Doublir-Marsch</title>. 1 Thlr. <lb/>– <title>8, Gerold, grosser Fest-Marsch</title>. 1 Thlr.</wip>
<bibl id="hofm_1846_03_0038_09"><composer key="compo_033569">Strauss (Joh.)</composer> <title>Walzer f. Orchester. No. 87, Heitere Lebensbilder. Op. <opus key="opus_1187">181</opus></title>. <pubPlace key="place_0731">Wien</pubPlace>, <publisher key="publ_1506">Haslinger</publisher> 2 Fl. 30 Xr.</bibl>
</div><div id="hofm_1846_03_0038_div02"><head><hofClass key="hofCl_0245">Musik für die Violine.</hofClass></head>
<bibl id="hofm_1846_03_0038_10"><composer key="compo_009595">Fontaine (Ant.)</composer> <title>3 grands Duos concertans p. 2 Violons. Op. <opus key="opus_2272">32. No. 1–3</opus></title>. <pubPlace key="place_0438">Mainz</pubPlace>, <publisher key="publ_3563">Schott</publisher> à 1 Fl. 30 Xr.</bibl>
<bibl id="hofm_1846_03_0038_11"><composer key="compo_010391">Füchs (Ferd. C.)</composer> <title>Adagio f. 2 Violinen, Alt u. Violoncell. Op. <opus key="opus_2670">39</opus></title>. <pubPlace key="place_0731">Wien</pubPlace>, <publisher key="publ_1506">Haslinger</publisher> 45 Xr.</bibl>
<bibl id="hofm_1846_03_0038_12"><composer key="compo_025363">Onslow (G.)</composer> <title>36me Quatuor p. 2 Violons, Alto et Violoncelle. Op. <opus key="opus_3934">69</opus>, in <key>A</key></title>. <pubPlace key="place_0392">Leipzig</pubPlace>, <publisher key="publ_2017">Kistner</publisher> 1 Thlr. 25 Ngr.</bibl>
<wip id="hofm_1846_03_0038_13"><composer key="compo_030862">Schoen (M.)</composer> <title>Praktischer Lehrgang für den Violinunterricht in 10 Lieferungen</title>. <pubPlace key="place_0082">Breslau</pubPlace>, <publisher key="publ_2386">Leuckart</publisher> à 12 Ngr. n. <lb/><title>Lief. 1, A. B. C. des Violinspiels. Vorschule zur gründlichen Erlernung des Violinspiels nach den Regeln der vorz. deutschen Meister mit 24 Uebungsstücken. Op. <opus key="opus_2268">32</opus></title>. <lb/>– <title>2, Erster Lehrmeister f. d. praktischen Violin-Unterricht in stufenweise geordneten Uebungen der ersten Position durch alle Tonleitern und Tonarten. Op. <opus key="opus_1584">22</opus>. 1stes Heft</title>. </wip><bibl id="hofm_1846_03_0038_14"><composer key="compo_031145">Schuberth (C.)</composer> <title>Premier Quintetto f. 2 Violons, Alto et 2 Violoncelles. Op. <opus key="opus_0806">15</opus>, in <key>D</key></title>. <pubPlace key="place_0276">Hamb</pubPlace>., <publisher key="publ_3605">Schuberth et Co</publisher>. 2 Thlr. 10 Ngr.</bibl>
<bibl id="hofm_1846_03_0038_15"><composer key="compo_033569">Strauss (Joh.)</composer> <title>Heitere Liebesbilder. Walzer f. 3 Violinen und Bass. Op. <opus key="opus_1187">181</opus></title>. <pubPlace key="place_0731">Wien</pubPlace>, <publisher key="publ_1506">Haslinger</publisher> 1 Fl.</bibl>
<bibl id="hofm_1846_03_0038_16">– Walzer f. eine Violine. <title>No. 7, Heitere Lebensbilder. Op. <opus key="opus_1187">181</opus></title>. Ebend. 20 Ngr.</bibl>
<pb n="39"/>
<bibl id="hofm_1846_03_0039_01"><composer key="compo_035476">Vieuxtemps (H.)</composer> <title>Deuxième Concerto p. Violon av. Acc. d’Orch. Op. <opus key="opus_1271">19</opus>, in <key>Fism</key></title>. <pubPlace key="place_0276">Hamburg</pubPlace>, <publisher key="publ_3605">Schuberth et Co</publisher>. 4 Thlr. 15 Ngr.</bibl>
<wip id="hofm_1846_03_0039_02"><title>Violinspieler (der junge) Sammlung beliebter Opern f. Anfänger bearbeitet</title>. <pubPlace key="place_0078">Braunschweig</pubPlace>, <publisher key="publ_3138">Rademacher</publisher>. <lb/><title>No. 19, Flotow, Stradella</title>. 10 Ngr. <lb/>– <title>20, Spohr, Jessonda</title>. 10 Ngr.</wip>
</div><div id="hofm_1846_03_0039_div03"><head><hofClass key="hofCl_0184">Musik für das Violoncello.</hofClass></head><bibl id="hofm_1846_03_0039_03"/>
<bibl id="hofm_1846_03_0039_04"><composer key="compo_019130">Kummer (F.A.)</composer> <title>Morceau de Salon sur des Mélodies de l’Opéra : Guillaume Tell, de Rossini, p. Violoncelle av. Acc. de 2 Violons, Alto et Basso (Instruments à vent ad libitum). Op. <opus key="opus_4416">83</opus></title>. <pubPlace key="place_0280">Hannover</pubPlace>, <publisher key="publ_2808">Nagel</publisher> 1 Thlr. 5 Ngr.</bibl>
</div><div id="hofm_1846_03_0039_div04"><head><hofClass key="hofCl_0200">Musik für die Flöte.</hofClass></head>
<bibl id="hofm_1846_03_0039_05"><composer key="compo_002386">Berbiguier (F.)</composer> <title>Kleine theoretisch-praktische Flötenschule. Ausz. aus der grossen Flötenschule. Op. <opus key="opus_0706">140</opus></title>. (Abrégé de l’Art de la Flûte). <pubPlace key="place_0392">Leipzig</pubPlace>, <publisher key="publ_1746">Hofmeister</publisher> geh. 1 Thlr. 15 Ngr.</bibl>
<bibl id="hofm_1846_03_0039_06"><title>Flötenspieler (der junge). Sammlung der besten Opern. No. 54, Flotow, Stradella</title>. <pubPlace key="place_0078">Braunschweig</pubPlace>, <publisher key="publ_3138">Rademacher</publisher> 10 Ngr.</bibl>
<bibl id="hofm_1846_03_0039_07"><composer key="compo_033569">Strauss (Joh.)</composer> <title>Lieblings-Walzer f. Flöte. No. 106. Heitere Lebensbilder. Op. <opus key="opus_1187">181</opus></title>. <pubPlace key="place_0731">Wien</pubPlace>, <publisher key="publ_1506">Haslinger</publisher> 20 Xr.</bibl>
</div><div id="hofm_1846_03_0039_div05"><head><hofClass key="hofCl_0131">Musik für verschiedene Blasinstrumente.</hofClass></head>
<bibl id="hofm_1846_03_0039_08"><composer key="compo_018208">Kolleschowsky (Sig. M.)</composer> <title>Adagio religioso f. 2 Clarinetten u. 2 Fagotten</title>. <pubPlace key="place_0554">Prag</pubPlace>, <publisher key="publ_1729">Hoffmann</publisher> 20 Xr.</bibl>
<bibl id="hofm_1846_03_0039_09"><composer key="compo_033569">Strauss (Joh.)</composer> <title>Lieblings-Walzer f. Csakan. No. 106, Heitere Lebensbilder. Op. <opus key="opus_1187">181</opus></title>. <pubPlace key="place_0731">Wien</pubPlace>, <publisher key="publ_1506">Haslinger</publisher> 20 Xr.</bibl>
</div><div id="hofm_1846_03_0039_div06"><head><hofClass key="hofCl_0205">Musik für die Guitarre.</hofClass></head>
<bibl id="hofm_1846_03_0039_10"><composer key="compo_033569">Strauss (Joh.)</composer> <title>Lieblings-Walzer f. Guitarre. No. 87, Heitere Lebensbilder. Op. <opus key="opus_1187">181</opus></title>. <pubPlace key="place_0731">Wien</pubPlace>, <publisher key="publ_1506">Haslinger</publisher> 30 Xr.</bibl>
</div><div id="hofm_1846_03_0039_div07"><head><hofClass key="hofCl_0247">Musik für die Zither.</hofClass></head>
<bibl id="hofm_1846_03_0039_11"><composer key="compo_003464">Bodenmüller (Jos.)</composer> <title>Potpourri f. Zither. Op. <opus key="opus_0001">1</opus></title>. <pubPlace key="place_0475">München</pubPlace>, <publisher key="publ_0996">Falter</publisher> 36 Xr.</bibl>
</div><div id="hofm_1846_03_0039_div08"><head><hofClass key="hofCl_0167">Musik für das Pianoforte mit Begleitung.</hofClass></head>
<bibl id="hofm_1846_03_0039_12"><composer key="compo_001914">Bazzini (A.)</composer> <title>6 Morceaux caracteristiques p. Violon av. Acc. de Pfte. Op. <opus key="opus_1166">18. No. 1</opus>, Elégie</title>. <pubPlace key="place_0044">Berlin</pubPlace>, <publisher key="publ_3471">Schlesinger</publisher> 15 Ngr.</bibl>
<bibl id="hofm_1846_03_0039_12_b"><composer key="compo_002077">Beethoven (L. van)</composer> <title>Grand Trio. Pfte., Violon et Vclle., arr. d’aprés le grand Quatuor. Op. <opus key="opus_3537">59. No. 3</opus>, p. F. Hartmann</title>. <pubPlace key="place_0078">Braunschweig</pubPlace>, <publisher key="publ_3138">Rademacher</publisher> 2 Thlr.</bibl>
<bibl id="hofm_1846_03_0039_14">– <title>Adelaide transcrite p. Violoncelle et Pfte par R.E. Bockmühl</title>. <pubPlace key="place_0392">Leipzig</pubPlace>, <publisher key="publ_3775">Siegel et Stoll</publisher> 22½ Ngr.</bibl>
<bibl id="hofm_1846_03_0039_15"><composer key="compo_002300">Bendl (C.)</composer> <title>Lock-Quadrille f. Violine u. Pfte. Op. <opus key="opus_3244">51</opus></title>. (Quadrille No. 8.) <pubPlace key="place_0731">Wien</pubPlace>, <publisher key="publ_1506">Haslinger</publisher> 45 Xr.</bibl>
<bibl id="hofm_1846_03_0039_16"><composer key="compo_002348">Bennett (W.St.)</composer> <title>Sextett f. Pfte, 2 Violinen, Alt, Violoncell und Contrebass (oder 2 Violoncelle.) Op. <opus key="opus_4300">8</opus>, in <key>A</key></title>. <pubPlace key="place_0392">Leipzig</pubPlace>, <publisher key="publ_2017">Kistner</publisher> 3 Thlr. 15 Ngr.</bibl>
<pb n="40"/>
<bibl id="hofm_1846_03_0040_01"><composer key="compo_003455">Bockmühl (Rob. Em.)</composer> <title>Album de l’Amateur, contenant des Chants et des petites Fantaisies sur des Motifs originaux p. Violoncelle (sans Application du Ponce) av. Acc. de Pfté. Op. <opus key="opus_2996">45</opus>. Liv. 1. (No. 1–4.) Op. <opus key="opus_3029">46</opus>. Liv. 2. (No. 5–8.)</title> <pubPlace key="place_0392">Leipzig</pubPlace>, <publisher key="publ_3775">Siegel u. Stoll</publisher>. <lb/><title>No. 1, La Sérénade du Chasseur</title> 15 Ngr. <lb/>– <title>2, Chant de Berceau</title> 12½ Ngr. <lb/>– <title>3, Tyrolienne variée</title> 17½ Ngr. <lb/>– <title>4, Tarantelle</title> 17½ Ngr. <lb/>– <title>5, Nocturne</title> 12½ Ngr. <lb/>– <title>6, Thème original varié</title> 17½ Ngr. <lb/>– <title>7, Au Rouet</title> 15 Ngr. <lb/>– <title>8, Valse</title> 17½ Ngr.</bibl>
<bibl id="hofm_1846_03_0040_02"><composer key="compo_004262">Briccialdi (Guil.)</composer> <title>Reminiscenze dell’Opera: Maria di Rohan di G. Donizetti. Fantasia romantica p. Flauto con Acc. di Pfte. Op. <opus key="opus_2458">35</opus></title>. <pubPlace key="place_0731">Wien</pubPlace>, <publisher key="publ_0735">Diabelli u. Co</publisher>. 1 Fl. 45 Xr.</bibl>
<bibl id="hofm_1846_03_0040_03"><composer key="compo_013412">Hartmann (Fr.)</composer> <title>Trantelle mélodieuse p. Pfte. et Violon. Op. <opus key="opus_2915">43</opus></title>. <pubPlace key="place_0078">Braunschweig</pubPlace>, <publisher key="publ_3138">Rademacher</publisher> 22½ Ngr.</bibl>
<bibl id="hofm_1846_03_0040_04"><composer key="compo_013422">Hartmann (J.P.E.)</composer> <title>Sonate f. Pfte u. Violine. Op. <opus key="opus_2670">39</opus> in <key>C</key></title>. (Herrn L. Spohr gewidm.) <pubPlace key="place_0276">Hamburg</pubPlace>, <publisher key="publ_3605">Schuberth u. Co</publisher>. 2 Thlr. 7½ Ngr.</bibl>
<bibl id="hofm_1846_03_0040_05"><composer key="compo_015178">Hohnstock (Ch.)</composer> <title>Grande Sonate p. Pfte. et Violon. Op. <opus key="opus_0001">1</opus>, in <key>Es</key></title>. <pubPlace key="place_0078">Braunschweig</pubPlace>, <publisher key="publ_3138">Rademacher</publisher> 2 Thlr.</bibl>
<bibl id="hofm_1846_03_0040_06"><composer key="compo_016659">Jähns (Fr. Guill.)</composer> <title>Grande Sonate p. Pfte et Violon. Op. <opus key="opus_2268">32</opus>, in <key>A</key></title>. <pubPlace key="place_0731">Wien</pubPlace>, <publisher key="publ_1506">Haslinger</publisher> 3 Fl.</bibl>
<bibl id="hofm_1846_03_0040_07">– <title>Grand Duo p. Pfte et Violoncelle. Op. <opus key="opus_2347">33</opus>, in <key>E</key></title>. Ebend. 1 Fr. 30 Xr.</bibl>
<bibl id="hofm_1846_03_0040_08"><composer key="compo_019130">Kummer (F.A.)</composer> <title>Morceau de Salon sur de Mélodies de l’Opéra : Guillaume Tell, de Rossini, p. Vclle. av. Acc. de Pfte. Op. <opus key="opus_4416">83</opus></title>. <pubPlace key="place_0280">Hannover</pubPlace>, <publisher key="publ_2808">Nagel</publisher> 17½ Ngr.</bibl>
<bibl id="hofm_1846_03_0040_09"><composer key="compo_020063">Lassekk (Ch.)</composer> <title>Aux Ames sensibles. Impressions printanières. 3 Romances p. Pfte av. Acc. obl. du Violoncelle</title>. (La Partie du Violoncelle adaptée à cet Instrument p. F.A. Kummer.) <pubPlace key="place_0392">Leipzig</pubPlace>, <publisher key="publ_0437">Br. et Härtel</publisher> 22½ Ngr.</bibl>
<bibl id="hofm_1846_03_0040_10"><composer key="compo_022904">Mendelssohn-Bartholdy (F.)</composer> <title>Second grand Trio p. Pfte, Violon et Violoncellle. Op. <opus key="opus_3825">66</opus>, in <key>Es</key></title>. (Dèd. à L. Spohr.) Ebend. 3 Thlr. 15 Ngr.</bibl>
<bibl id="hofm_1846_03_0040_11"><composer key="compo_022994">Merk (Jos.)</composer> <title>Divertissement facile p. Vclle. av. Acc. de Pfte. Op. <opus key="opus_1999">28</opus></title>. <pubPlace key="place_0731">Wien</pubPlace>, <publisher key="publ_1269">Glöggl</publisher> 1 Fl. 30 Xr.</bibl>
<bibl id="hofm_1846_03_0040_12"><composer key="compo_026380">Piatti (Alfr.)</composer> <title>Intr. et Variations sur un Thème de Lucia di Lammermoor de Donizetti, p. Violoncelle av. Acc. de Pfte. Op. <opus key="opus_1372">2</opus></title>. <pubPlace key="place_0438">Mainz</pubPlace>, <publisher key="publ_3563">Schott</publisher> 1 Fl. 48 Xr.</bibl>
<bibl id="hofm_1846_03_0040_13"><composer key="compo_033569">Strauss (Joh.)</composer> <title>Heitere Lebensbilder. Walzer f. Violine u. Pfte. Op. <opus key="opus_1187">181</opus></title>. <pubPlace key="place_0731">Wien</pubPlace>, <publisher key="publ_1506">Haslinger</publisher> 45 Xr.</bibl>
<bibl id="hofm_1846_03_0040_14">– Idem f. Flöte u. Pfte. Op. <opus key="opus_1187">181</opus>. Ebend. 45 Xr.</bibl>
<bibl id="hofm_1846_03_0040_15"><composer key="compo_035476">Vieuxtemps (H.)</composer> <title>Deuxième Concerto p. Violon av. Acc. de Pfte. Op. <opus key="opus_1271">19</opus>, in <key>Fism</key></title>. <pubPlace key="place_0276">Hamburg</pubPlace>, <publisher key="publ_3605">Schuberth u. Co</publisher>. 2 Thlr.</bibl>
<bibl id="hofm_1846_03_0040_16"> <composer key="compo_035727">Vollweiler (Ch.)</composer> <title>Trio concertant sur des Thèmes italiens p. Pfte, Violon (ou Clarinette) et Violoncelle. Op. <opus key="opus_0806">15</opus></title>. Ebend. 1 Thlr. 7½ Ngr.</bibl>
<pb n="41"/>
</div><div id="hofm_1846_03_0041_div09"><head><hofClass key="hofCl_0171">Musik für das Pianoforte zu vier Händen.</hofClass></head>
<wip id="hofm_1846_03_0041_01"><composer key="compo_000062">Abt (Franc.)</composer> <title>Album musicale des jeunes Pianistes, ou Recueil de Rondinos et Variations. Op. <opus key="opus_3529">59</opus></title>. (4ième Année.) <pubPlace key="place_0392">Leipzig</pubPlace>, <publisher key="publ_1746">Hofmeister</publisher> geh. 1 Thlr. 20 Ngr.</wip><wip id="hofm_1846_03_0041_01a">– Idem einzeln: <lb/><title>No. 1, Rondino sur des Thèmes de l’Opéra : Nabucodonosor de G. Verdi</title> 12½ Ngr. <lb/>– <title>2, Rondino sur des Thèmes de l’Opéra : Alessandro Stradella, de Flotow</title> 10 Ngr. <lb/>– <title>3, Rondino sur des Thèmes de l’Opéra : Lucrezia Borgia de Donizetti</title> 10 Ngr. <lb/>– <title>4, Rondino sur des Thèmes de l’Opéra : Die vier Haimonskinder de Balfe</title> 10 Ngr. <lb/>– <title>5, Variationen über das beliebte Tyrolerlied: Von meinem Bergle muss ich scheiden</title>. 10 Ngr. <lb/>– <title>6, Variationen über das beliebte österreichische Lied: Mei Dirnd’nl is harb auf mi</title>. 12½ Ngr.</wip>
<wip id="hofm_1846_03_0041_02"><composer key="compo_000666">André (Jul.)</composer> <title>Klassische Tonstücke deutscher Meister älterer und neuerer Zeit, einger. 3te u. 4te Lief</title>. <pubPlace key="place_0044">Berlin</pubPlace>,<publisher key="publ_4068">Trautwein u. Co</publisher>. à 1 Thlr. <lb/><title>Lief. 3, Bach (J.S.) Grosses Preludium u. Fuge (in <key>Es</key>.)</title> <lb/>–<title>4, Bach (J.S.) Fuge (in <key>Gm</key>.) Präludium (in <key lang="ger">Bm</key>.) Mozart, Gigue. Bach (J.C.F.) Fuge. André (J.) Figurirte Chor</title>.</wip>
<bibl id="hofm_1846_03_0041_03"><composer key="compo_001225">Bach (J.S.)</composer> <title>Fuge über die Buchstaben B. A. C. H, arr. von F.X. Gleichauf</title>. (Fugen von Bach, Mozart etc. No. 1.) <pubPlace key="place_0392">Leipzig</pubPlace>, <publisher key="publ_3775">Siegel u. Stoll</publisher> 15 Ngr.</bibl>
<bibl id="hofm_1846_03_0041_04">– <title>Präludium u. Fuge (in <key>Es</key>.)</title> Siehe: <xref type="external" from="hofm_1846_03_0041_02" to="DITTO" targOrder="U">André, Tonstücke</xref>. 
</bibl><bibl id="hofm_1846_03_0041_05"><composer key="compo_002709">Bertini (H.)</composer> <title>Grand Duo sur les Thèmes de Moïse, Opéra de Rossini. Op. <opus key="opus_0915">159</opus></title>. <pubPlace key="place_0438">Mainz</pubPlace>, <publisher key="publ_3563">Schott</publisher> 2 Fl. 24 Xr.</bibl>
<wip id="hofm_1846_03_0041_06"><composer key="compo_004435">Brunner (C.T.)</composer> <title>Petits Exercises agréables, progressifs et doigtes. Op. <opus key="opus_4436">84</opus>. Cah. 1–3</title>. <pubPlace key="place_0280">Hannover</pubPlace>, <publisher key="publ_0145">Bachmann</publisher>. <title>Cah. 1</title> (17½ Ngr.) <title>Cah. 2, 3</title> (à 15 Ngr.)</wip>
<bibl id="hofm_1846_03_0041_07"><composer key="compo_005623">Chotek (F.X.)</composer> <title>10tes Rondinetto über beliebte Motive aus der Oper: Die vier Haimonskinder von M.W. Balfe. Op. <opus key="opus_4070">73</opus></title>. <pubPlace key="place_0731">Wien</pubPlace>, <publisher key="publ_0735">Diabelli u. Co</publisher>. 45 Xr.</bibl>
<bibl id="hofm_1846_03_0041_08"><composer key="compo_005672">Chwatal (F.X.)</composer> <title>Die Lustwandler im Gehiete der Töne. Leichte und ansprechende Rondinos, Variationen, Bagatellen etc. nach beliebten Themas. Op. <opus key="opus_4354">81</opus>. Heft 1–3</title>. <pubPlace key="place_0436">Magdeburg</pubPlace>, <publisher key="publ_1560">Heinrichshofen</publisher> à 10 Ngr.</bibl>
<bibl id="hofm_1846_03_0041_09"><composer key="compo_009162">Fessy (A.)</composer> <title>Premiere Polka sur des Thèmes du Diable à quatre, Ballet d’A. Adam</title>. <pubPlace key="place_0438">Mainz</pubPlace>, <publisher key="publ_3563">Schott</publisher> 36 Xr.</bibl>
<bibl id="hofm_1846_03_0041_10"><composer key="compo_013697">Haydn (Jos.)</composer> <title>Sinfonie in <key>G</key>, arr. p. C. Klage. Premier Edition de cette Sinfonie</title>. <pubPlace key="place_0044">Berlin</pubPlace>, <publisher key="publ_0393">Bote et B</publisher>. 1 Thlr. 5 Ngr.</bibl>
<bibl id="hofm_1846_03_0041_11"><composer key="compo_014552">Herz (J.)</composer> <title>Masurka du Ballet: Le Diable à quatre d’A. Adam</title>. <pubPlace key="place_0438">Mainz</pubPlace>, <publisher key="publ_3563">Schott</publisher> 54 Xr.</bibl>
<bibl id="hofm_1846_03_0041_12"><composer key="compo_022435">Massak (Franz)</composer> <title>Arader isr Jugend-Vereins-Tänze. Walzer. Op. <opus key="opus_0531">13</opus></title>. <pubPlace key="place_0280">Hannover</pubPlace>, <publisher key="publ_0145">Bachmann</publisher> 20 Ngr.</bibl>
<bibl id="hofm_1846_03_0041_13">– <title>Die Wanderer. Walzer. Op. <opus key="opus_0684">14</opus></title>. Ebend. 17½ Ngr.</bibl>
<bibl id="hofm_1846_03_0041_14">– <title>Die Gratulauten. Walzer. Op. <opus key="opus_0806">15</opus></title>. Ebend. 17½ Ngr.</bibl>
<bibl id="hofm_1846_03_0041_15"><composer key="compo_023890">Mozart (W.A.)</composer> <title>Symphonie No. 6, in <key>D</key>, gesetzt v. C. Klage</title>. <pubPlace key="place_0436">Magdeburg</pubPlace>, <publisher key="publ_1560">Heinrichshofen</publisher> 1 Thlr.</bibl>
<bibl id="hofm_1846_03_0041_16"><composer key="compo_025363">Onslow (G.)</composer> <title>Quintetto No. 25, p. Violon, arr. p. F. Mockwitz. Op. <opus key="opus_3658">61</opus>, in <key>Fm</key></title>. <pubPlace key="place_0392">Leipzig</pubPlace>, <publisher key="publ_2017">Kistner</publisher> 1 Thlr. 22½ Ngr.</bibl>
<bibl id="hofm_1846_03_0041_17">– <title>Quintetto No. 26, p. Violon, arr. p. F. Mockwitz. Op. <opus key="opus_3868">67</opus>, in <key>Cm</key></title>. Ebend. 1 Thlr. 25 Ngr.</bibl>
<bibl id="hofm_1846_03_0041_18"><composer key="compo_025935">Pax (C.E.)</composer> <title>Le Maître et L’Ecolier. 3 Sonatine très-faciles. Op. <opus key="opus_2920">43. No. 2</opus></title>. <pubPlace key="place_0044">Berlin</pubPlace>, <publisher key="publ_2971">Paez</publisher> 12 ½ Ngr.</bibl>
<bibl id="hofm_1846_03_0041_19"><composer key="compo_032798">Spohr (L.)</composer> <title>Erstes Trio f. Pfte, bearbeitet von Mortier de Fontaine. Op. <opus key="opus_0299">113</opus>, in <key>E</key></title>. <pubPlace key="place_0276">Hamburg</pubPlace>, <publisher key="publ_3605">Schuberth u. Co</publisher>. 2 Thlr. 15 Ngr.</bibl>
<pb n="42"/>
<bibl id="hofm_1846_03_0042_01"><composer key="compo_033569">Strauss (Joh.)</composer> <title>Heitere Lebensbilder. Walzer. Op. <opus key="opus_1187">181</opus></title>. <pubPlace key="place_0731">Wien</pubPlace>, <publisher key="publ_1506">Haslinger</publisher> 1 Fl. 15 Xr.</bibl>
<bibl id="hofm_1846_03_0042_02"><composer key="compo_033664">Strube (C.H.)</composer> <title>Sammlung grosser Walzer. No. 1, Erinnerung an Harzburg. Op. <opus key="opus_1068">17</opus></title>. <pubPlace key="place_0280">Hannover</pubPlace>, <publisher key="publ_0145">Bachmann</publisher> 20 Ngr.</bibl>
<bibl id="hofm_1846_03_0042_03"><composer key="compo_035758">Voss (Ch.)</composer> <title>Fantaisie de Concert sur des Motifs de l’Opéra : Das Nachtlager von Granada, de C. Kreutzer, arr. p. F. Mockwitz. Op. <opus key="opus_2403">34</opus></title>. <pubPlace key="place_0044">Berlin</pubPlace>, <publisher key="publ_0393">Bote u. B</publisher>. 1 Thlr. </bibl>
</div><div id="hofm_1846_03_0042_div10"><head><hofClass key="hofCl_0166">Musik für das Pianoforte allein.</hofClass></head>
<bibl id="hofm_1846_03_0042_04"><composer key="compo_001395">Balfe (M.W.)</composer> <title>Die vier Haimonskinder. Oper. <format>Vollständiger Auszug</format> von Ant. Diabelli</title>. <pubPlace key="place_0731">Wien</pubPlace>, <publisher key="publ_0735">Diabelli u. Co</publisher>. geh. 6 Fl.</bibl>
<bibl id="hofm_1846_03_0042_05">– <title>Der Liebesbrunnen. Oper. 4 Potpourris von Ant. Diabelli</title>. Ebend. geh. 3 Fl. 30 Xr.</bibl>
<bibl id="hofm_1846_03_0042_06"><composer key="compo_002348">Bennett (W.St.)</composer> <title>Capriccio scherzando. Op. <opus key="opus_1932">27</opus></title>. <pubPlace key="place_0392">Leipzig</pubPlace>, <publisher key="publ_2017">Kistner</publisher> 10 Ngr.</bibl>
<bibl id="hofm_1846_03_0042_07"><composer key="compo_002826">Beyer (Ferd.)</composer> <title>6 Morceaux élégants sur des Air allemands favoris. Op. <opus key="opus_4328">80. No. 1. 2</opus></title>. <pubPlace key="place_0438">Mainz</pubPlace>, <publisher key="publ_3563">Schott</publisher> à 45 Xr. <lb/><title>No. 1, Gung’l (J.) Kriegers Lust</title>. <lb/>– <title>2, Proch (H.) Das Alpenhorn</title>.</bibl>
<bibl id="hofm_1846_03_0042_08">– <title>Nocturne. Op. <opus key="opus_4354">81</opus></title>. Ebend. 45 Xr.</bibl>
<bibl id="hofm_1846_03_0042_09"><composer key="compo_003990">Brandenburg (Ferd.)</composer> <title>Opern-Klänge. Eine Sammlung von Potpourri’s, Divertissements, Fantasien etc. nach Themen aus den neuesten und beliebtesten Opern, im eleganten Style. 2te Folge. Lief. 6, Potpourri nach Themen aus: „Des Teufels Antheil.“</title> <pubPlace key="place_0594">Rudolstadt</pubPlace>, <publisher key="publ_2779">Müller</publisher> 36 Xr.</bibl>
<bibl id="hofm_1846_03_0042_10"><composer key="compo_006563">David (Félic.)</composer> <title>Andante</title>. <pubPlace key="place_0438">Mainz</pubPlace>, <publisher key="publ_3563">Schott</publisher> 54 Xr.</bibl>
<bibl id="hofm_1846_03_0042_11"><composer key="compo_006921">Diabelli (Ant.)</composer>  Euterpe. Eine Reihe moderner und vorzüglich beliebter Tonstücke. No. 465–468. <pubPlace key="place_0731">Wien</pubPlace>, <publisher key="publ_0735">Diabelli u. Co</publisher>. à 1 Fl. <listBibl rend="curly"><bibl><seg><title>No. 465, Erstes</title></seg><seg id="hofm_1846_03_0042_11_1" rend="curly-left"><title>Potpourri nach Motiven der Oper: Der Liebesbrunnen (Les Puits d’ Amour) Musik v. Balfe</title>.</seg></bibl><bibl><seg>– <title>466, Zweites</title></seg><seg sameAs="hofm_1846_03_0042_11_1"/></bibl><bibl><seg>– <title>467, Drittes</title></seg><seg sameAs="hofm_1846_03_0042_11_1"/></bibl><bibl><seg>– <title>468, Viertes</title></seg><seg sameAs="hofm_1846_03_0042_11_1"/></bibl></listBibl></bibl>
<wip id="hofm_1846_03_0042_12">– <title>Kleinigkeiten. Auswahl beliebter Melodien, mit Berücksischtigung kleiner Hände 47stes–52stes Heft</title>. Ebend. à 30 Xr. <lb/><title>Heft 47, Balfe (M.W.) Favorit-Melodien aus der Oper: Der Liebesbrunnen</title>. <lb/>– <title>48, Ricci (L.) Favorit-Melodien a. der Oper: Chi dura vince</title>. <lb/>– <title>49, Persiani, Favorit-Melodien aus der Oper: Il Fantasma</title>. <lb/>– <title>50, Favorit-Melodien aus L. v. Beethoven’s Werken</title>. <lb/>– <title>51, Lesueur, Napoleons Krönungs-Marsch. Keller, dei Feldflasche. Weigl, Andante aus Alcina. Air russe. Schweizer Alpenlied. Krakowiak</title>. <lb/>– <title>52, Ungarische National-Melodien</title>.</wip>
<bibl id="hofm_1846_03_0042_13"><composer key="compo_007124">Dobrzynski (J. Fél.)</composer> <title>3 Mazourkas. Op. <opus key="opus_1932">27</opus></title>. <pubPlace key="place_0392">Leipzig</pubPlace>, <publisher key="publ_1746">Hofmeister</publisher> 15 Ngr.</bibl>
<bibl id="hofm_1846_03_0042_14"><composer key="compo_007639">Döhler (Th.)</composer> <title>Mélodies russes, variées. Op. <opus key="opus_3595">60. No. 1–3</opus></title>. <pubPlace key="place_0731">Wien</pubPlace>, <publisher key="publ_0735">Diabelli et Co</publisher>. à 45 Xr. <lb/><title>No. 1, Glinka, Trio de l’Opéra : La Vie pour le Czaar</title>. <lb/>– <title>2, Aliéneff, Le Rossignol (Salavé) Mélodie populaire</title>. <lb/>– <title>3, Wielhorsky (M.) Passé. Romance</title>.</bibl>
<bibl id="hofm_1846_03_0042_15"><composer key="compo_007387">Dreyschock (A.)</composer> <title>Romance. Op. <opus key="opus_1068">17</opus>. <edition>Nouv. Edit</edition></title>. <pubPlace key="place_0392">Leipzig</pubPlace>, <publisher key="publ_1746">Hofmeister</publisher> 10 Ngr.</bibl>
<bibl id="hofm_1846_03_0042_16">– <title>Les Regrets. Op. <opus key="opus_1165">18</opus>. <edition>Nouv. Edit</edition></title>. Ebend. 15 Ngr.</bibl>
<bibl id="hofm_1846_03_0042_17"><composer key="compo_007599">Duvernoy (J.B.)</composer> <title>Léa. Valse brillante. Op. <opus key="opus_0851">152</opus></title>. Ebend. 10 Ngr.</bibl>
<bibl id="hofm_1846_03_0042_18">– <title>Bagatelle sur la Lisette de Béranger, d. F. Berat. Op. <opus key="opus_0860">153</opus></title>. Ebend. 10 Ngr.</bibl>
<bibl id="hofm_1846_03_0042_19">– <title>Rondo-Valse. Op. <opus key="opus_0874">154. No. 1</opus></title>. Ebend. 12½ Ngr.</bibl>
<bibl id="hofm_1846_03_0042_20">– <title>Barcarolle italienne. Op. <opus key="opus_0876">154. No. 2</opus></title>. Ebend. 10 Ngr.</bibl>
<pb n="43"/>
<bibl id="hofm_1846_03_0043_01"><composer key="compo_007599">Duvernoy (J.B.)</composer> <title>Dieu vous benisse! Bluette. Op. <opus key="opus_0902">157</opus></title>. (av. Vign.) Ebend. 10 Ngr.</bibl>
<bibl id="hofm_1846_03_0043_02"><composer key="compo_008310">Enckhausen (H.)</composer> <title>Das Pianofote-Spielers erste Studien. Leichte melodische Tonstücke in zunehmend’schwieriger Folge. Op. <opus key="opus_3738">63</opus></title>. 4tes Heft. <pubPlace key="place_0280">Hannover</pubPlace>, <publisher key="publ_2808">Nagel</publisher> 15 Ngr.</bibl>
<bibl id="hofm_1846_03_0043_03"><composer key="compo_008694">Evers (Ch.)</composer> <title>Fantaisie héroique. Op. <opus key="opus_1999">28</opus></title>. <pubPlace key="place_0731">Wien</pubPlace>, <publisher key="publ_1506">Haslinger</publisher> 1 Fl. 30 xr.</bibl>
<bibl id="hofm_1846_03_0043_04">– <title>Tarantelle. Op. <opus key="opus_2187">31</opus></title>. Ebend. 1 Fl.</bibl>
<bibl id="hofm_1846_03_0043_05">– <title>Souvenir de Vienne. Valse brillante. Op. <opus key="opus_2268">32</opus></title>. Ebend. 1 Fl.</bibl>
<bibl id="hofm_1846_03_0043_06">– <title>Souvenir de Wildhaus en Stirie. Valse. Op. <opus key="opus_2347">33</opus></title>. Ebend. 35 Xr.</bibl>
<wip id="hofm_1846_03_0043_07"><title>Flore théatrale. Nouv. Collection de Fantaisie élégantes ou Potpourris brillants sur des Thèmes d’ Opéras modernes et favoris. Cah. 78, 79</title>. Ebend. à 1 Fl. <listBibl rend="curly"><bibl><seg><title>Cah. 78</title></seg><seg id="hofm_1846_03_0043_07_1" rend="curly-left"><title>Balfe (M.W.) Der Liebesbrunnen, p. Ch. Haslinger (Op. <opus key="opus_1505">21 No. 36, 37</opus>.)</title></seg></bibl><bibl><seg>– <title>79</title></seg><seg sameAs="hofm_1846_03_0043_07_1">,</seg></bibl></listBibl></wip>
<bibl id="hofm_1846_03_0043_08"><composer key="compo_015699">Händel (G.F.)</composer> <title>Der Messias. Oratorium. Mit Hinweglassung der Worte eingerichtet von C. Czerny</title>. Ebend. geh. 8 Fl.</bibl>
<bibl id="hofm_1846_03_0043_09"><composer key="compo_014252">Henselt (Ad.)</composer> <title>Romance de Thal, transcrite</title>. <pubPlace key="place_0276">Hamburg</pubPlace>, <publisher key="publ_3605">Schuberth et Co</publisher>. 10 Ngr.</bibl>
<bibl id="hofm_1846_03_0043_10"><composer key="compo_014313">Herdtmann (C.G.W.)</composer> <title>Barcarolle. Op. <opus key="opus_3658">61</opus></title>. <pubPlace key="place_0392">Leipzig</pubPlace>, <publisher key="publ_1746">Hofmeister</publisher> 10 Ngr.</bibl>
<bibl id="hofm_1846_03_0043_11">– <title>Les Adieux de Helsingfors. Nocturne. Op. <opus key="opus_3868">67</opus></title>. Ebend. 5 Ngr.</bibl>
<bibl id="hofm_1846_03_0043_12"><composer key="compo_014550">Herz (H.)</composer> <title>Collection des Gammes, Passages et Préludes, d’une Difficultè progressive, à l’Usage des Elèves qui desirent de faire des Progrés rapides. <edition>Edition nouvelle</edition> et augmentée</title>. <pubPlace key="place_0280">Hannover</pubPlace>, <publisher key="publ_0145">Bachmann</publisher> 20 Ngr.</bibl>
<bibl id="hofm_1846_03_0043_13"><composer key="compo_014552">Herz (J.)</composer> <title>Valse du Diable à quatre. Ballet d’Ad. Adam. Op. <opus key="opus_3029">46</opus></title>. <pubPlace key="place_0438">Mainz</pubPlace>, <publisher key="publ_3563">Schott</publisher> 54 Xr.</bibl>
<bibl id="hofm_1846_03_0043_14"><composer key="compo_021137">Liszt (Fr.)</composer> <title>Tscherkessen-Marsch aus Glinka’s Oper: Russian und Ludmilla</title>. <pubPlace key="place_0276">Hamburg</pubPlace>, <publisher key="publ_3605">Schuberth u. Co</publisher>. 20 Ngr.</bibl>
<bibl id="hofm_1846_03_0043_15"><composer key="compo_021140">Litolff (H.)</composer> <title>Tarantelle calabraise. Op. <opus key="opus_1804">25. No. 1</opus></title>. <pubPlace key="place_0044">Berlin</pubPlace>, <publisher key="publ_3471">Schlesinger</publisher> 20 Ngr.</bibl>
<bibl id="hofm_1846_03_0043_16">– <title>2 Vagabondes Polkas. Op. <opus key="opus_1821">25. No. 2</opus></title>. Ebend. 15 Ngr.</bibl>
<wip id="hofm_1846_03_0043_17">– <title>Momens de Tristess. 2 Nocturnes Op. <opus key="opus_2131">30</opus></title>. <pubPlace key="place_0044">Berlin</pubPlace>, <publisher key="publ_0393">Bote et Bock</publisher>. <lb/><title>No. 1, Douleur</title>. 17½ Ngr. <lb/>– <title>2, Consolation</title>. 12½ Ngr.</wip>
<bibl id="hofm_1846_03_0043_18">– <title>L’Invitation à la Polka. Op. <opus key="opus_2187">31</opus></title>. Ebend. 17½ Ngr.</bibl>
<bibl id="hofm_1846_03_0043_19"><composer key="compo_022904">Mendelssohn-Bartholdy (F.)</composer> <title>Antigone de Sophokles. Arrangement v. C.E. Horsley. Op. <opus key="opus_3385">55</opus></title>. <pubPlace key="place_0392">Leipzig</pubPlace>, <publisher key="publ_2017">Kistner</publisher> 1 Thlr. 5 Ngr.</bibl>
<bibl id="hofm_1846_03_0043_20"><composer key="compo_022964">Mercadante (S.)</composer> <title>Il Vascello de Gama. Melodramma romantico. No. 19, Tempesta</title>. <pubPlace key="place_0437">Mailand</pubPlace>, <publisher key="publ_3241">Ricordi</publisher> 2 Fr. 50 Ct.</bibl>
<bibl id="hofm_1846_03_0043_21"><composer key="compo_024042">Mérode (Ch.de)</composer> <title>Tarantelle. Op. <opus key="opus_3181">5</opus></title>. (Nouveautés du Jour. Cah. 48.) <pubPlace key="place_0731">Wien</pubPlace>, <publisher key="publ_0735">Diabelli et Co</publisher>. 45 Kr.</bibl>
<bibl id="hofm_1846_03_0043_22"><composer key="compo_023245">Meyer (Léop. de)</composer> <title>Andante (Hortense). Op. <opus key="opus_2850">42</opus></title>. Ebend. 45 Xr.</bibl>
<bibl id="hofm_1846_03_0043_23"><composer key="compo_023828">Moscheles (Ign.)</composer> <title>Album des Chants favoris de Pischek, transcrits en Forme de Fantaisie brillante. Op. <opus key="opus_0281">112</opus> (Chanson bohémienne. Rhein-Sehnsucht. Ballade bohémienne. Fahnenwacht)</title>. <pubPlace key="place_0392">Leipzig</pubPlace>, <publisher key="publ_2017">Kistner</publisher> 20 Ngr.</bibl>
<bibl id="hofm_1846_03_0043_24"><composer key="compo_024151">Müller (A.B.)</composer> <title>Instructive Uebungsstücke in fortschrietender Ordnung. Ein Beitrag zu jeder Pfteschule, insbesondere zu des Verfassers Elemantarbuch. <edition>Neue Originalausgabe</edition>, m. vollständiger Bezeichnung des Fingersatzes. (Mit Portrait v. A.E. Müller.) hoch Fol. Heft 1–6</title>. <pubPlace key="place_0392">Leipzig</pubPlace>, <publisher key="publ_3023">Peters</publisher> à 15 Ngr.</bibl>
<bibl id="hofm_1846_03_0043_25"><composer key="compo_024175">Müller (C.)</composer> <title>Sonate. Op. <opus key="opus_0001">1</opus>, in <key>D</key></title>. <pubPlace key="place_0392">Leipzig</pubPlace>, <publisher key="publ_4383">Whistling (in Comm.)</publisher> 1 Thlr. 15 Ngr.</bibl>

<pb n="44"/><bibl id="hofm_1846_03_0044_01"><composer key="compo_025440">Osborne (G.A.)</composer> <title>Douce Pensée. Mélodié variée. Op. <opus key="opus_3316">53</opus></title>. <pubPlace key="place_0438">Mainz</pubPlace>, <publisher key="publ_3563">Schott</publisher> 54 Xr.</bibl>
<bibl id="hofm_1846_03_0044_02">– <title>Etude de Salon. Op. <opus key="opus_3385">55</opus></title>. Ebend. 45 Xr.</bibl>
<bibl id="hofm_1846_03_0044_03"><composer key="compo_025586">Pacher J.A.)</composer> <title>L’Elégante. Etude de Salon. Op. <opus key="opus_3967">7</opus></title>. <pubPlace key="place_0731">Wien</pubPlace>, <publisher key="publ_0735">Diabelli et Co</publisher>. 45 Xr.</bibl>
<bibl id="hofm_1846_03_0044_04">– <title>Adagio et Allegro capriccioso. Op. <opus key="opus_4300">8</opus></title>. Ebend. 1 Fl. 30 Xr.</bibl>
<bibl id="hofm_1846_03_0044_05"><composer key="compo_025857">Pauer (Ern.)</composer> <title>Fantasie. Op. <opus key="opus_0684">14</opus></title>. <pubPlace key="place_0731">Wien</pubPlace>, <publisher key="publ_1506">Haslinger</publisher> 1 Fl. 30 Xr.</bibl>
<bibl id="hofm_1846_03_0044_06"><title>Répertoire de l’Opéra  à Berlin. Collection de Potpourris. No. 19, Donizetti, Lucia di Lammermoor</title>. <pubPlace key="place_0044">Berlin</pubPlace>, <publisher key="publ_0393">Bote et B</publisher>. 20 Ngr.</bibl>
<wip id="hofm_1846_03_0044_07"><composer key="compo_028886">Rosenhain (J.)</composer> <title>Characterstücke. Aus Op. <opus key="opus_1802">25</opus>, <opus key="opus_2187">31</opus>, <opus key="opus_2576">37</opus> besonders abgedruckt</title>. <pubPlace key="place_0438">Mainz</pubPlace>, <publisher key="publ_3563">Schott</publisher>. <lb/><title>No. 1, Spanisches Lied (Canzonetta espagnola)</title>. 27 Xr. <lb/>– <title>2, Die Rückerinnerung (Le Regret)</title>. 27 Xr. <lb/>– <title>3, Die Unruhe (L’Inquiètude.)</title> 27 Xr. <lb/>– <title>4, Alpen-Gesang (Chant montagnard)</title>. 27 Xr. <lb/>– <title>5, Polnisches Lied (Chanson polonaise)</title>. 27 Xr. <lb/>– <title>6, Zum Abschied (Les Adieux)</title>. 18 Xr. <lb/>– <title>7, In der Fremde (A l’Etranger)</title>. 18 Xr. <lb/>– <title>8, Innerer Kampf (Lutte intérieure)</title>. 45 Xr. <lb/>– <title>9, Orientalische Lieder (Chants israelites)</title>. 27 Xr. <lb/>– <title>11, Die Undine (L’Ondine)</title>. 27 Xr. <lb/>– <title>12, Klage Geliebten (La Plainte de l’Amant)</title>. 27. Xr.</wip>
<bibl id="hofm_1846_03_0044_08"><composer key="compo_029887">Schachner (Rud.)</composer> <title>La Chasse (Die Jagd). Caprice. Op. <opus key="opus_0392">12</opus></title>. (Dèd. à Mr. G. Meyerbeer.) <pubPlace key="place_0044">Berlin</pubPlace>, <publisher key="publ_3471">Schlesinger</publisher> 22½ Ngr.</bibl>
<bibl id="hofm_1846_03_0044_09"><composer key="compo_031682">Schönfelder (E.)</composer> <title>La Cracovienne, avec Introduction, Variations et Finale en Forme de Mazure</title>. <pubPlace key="place_0082">Breslau</pubPlace>, <publisher key="publ_2386">Leuckart</publisher> 15 Ngr.</bibl>
<bibl id="hofm_1846_03_0044_10"><composer key="compo_032801">Sponholtz (A.H.)</composer> <title>Second Bouquet musical. Op. <opus key="opus_0234">11</opus> (Menuetto. Elégie. Mazurka. Scherzo pour la Main gauche. Chant de Kücken transcrit. Galop brillant.)</title> <pubPlace key="place_0276">Hamburg</pubPlace>, <publisher key="publ_3605">Schuberth et Co</publisher>. 20 Ngr.</bibl>
<bibl id="hofm_1846_03_0044_11"><composer key="compo_033076">Stegmayer (F.)</composer> <title>Bagatelles</title>. <pubPlace key="place_0554">Prag</pubPlace>, <publisher key="publ_1729">Hoffmann</publisher> 20 Xr.</bibl>
<bibl id="hofm_1846_03_0044_12">– <title>Le Souvenir. Rondeau</title>. Ebend. 45 Xr.</bibl>
<bibl id="hofm_1846_03_0044_13"><composer key="compo_034986">Turanyi (Ch.)</composer> <title>Nocturne. Op. <opus key="opus_1372">2</opus></title>. <pubPlace key="place_0276">Hamburg</pubPlace>, <publisher key="publ_3605">Schuberth et Co</publisher>. 10 Ngr.</bibl>
<bibl id="hofm_1846_03_0044_14"><composer key="compo_035727">Vollweiler (Ch.)</composer> <title>Grand Caprice sur des Motifs de l’Opéra de Glinka : Russlan et Ludmilla (Exécuté à son Concert d’Adieu de St. Petersbourg, p. F. Liszt)</title>. Ebend. 1 Thlr.</bibl>
<bibl id="hofm_1846_03_0044_15">– <title>Transcriptions. No. 1, Rêverie du Soir. Mélodie arabe, de Fél. David</title>. Ebend. 10 Ngr.</bibl>
<bibl id="hofm_1846_03_0044_16"><composer key="compo_035758">Voss (Ch.)</composer> <title>Sérénade. Op. <opus key="opus_3658">61</opus></title>. <pubPlace key="place_0044">Berlin</pubPlace>, <publisher key="publ_0393">Bote et Bock</publisher> 22½ Ngr.</bibl>
<bibl id="hofm_1846_03_0044_17">– <title>Hommage aux Grâces. Esmeralda. Melodie espagnole. Op. <opus key="opus_3799">65. No. 1</opus></title>. Ebend. 15 Ngr.</bibl>
<bibl id="hofm_1846_03_0044_18"><composer key="compo_036802">Westphal (Fr.)</composer> <title>Une Fleur de Souvenir. Romance</title>. <pubPlace key="place_0624">Schwerin</pubPlace>, <publisher key="publ_2269">Kürschner’sche Buchhdl</publisher>. 5 Ngr.</bibl>
<bibl id="hofm_1846_03_0044_19"><composer key="compo_037126">Willmers (Rod)</composer> <title>Fata Morgana. Nocturne romantique. Op. <opus key="opus_2764">40</opus></title>. <pubPlace key="place_0731">Wien</pubPlace>, <publisher key="publ_1506">Haslinger</publisher> 1 Fl 15 Xr.</bibl>
<bibl id="hofm_1846_03_0044_20"><composer key="compo_037246">Winterle (Edm.)</composer> <title>Concert-Walzer. Op. <opus key="opus_1482">21</opus></title>. <pubPlace key="place_0731">Wien</pubPlace>, <publisher key="publ_1506">Haslinger</publisher> 1 Fl.</bibl>
</div><div id="hofm_1846_03_0044_div11"><head><hofClass key="hofCl_0273">Ouverturen für das Pianoforte.</hofClass></head>
<bibl id="hofm_1846_03_0044_21"><composer key="compo_004699">Westmorland (Lord)</composer> <title>Ouverture de l’Opéra : L’Eroe di Lancastro, arr. p. C. Klage</title>. <pubPlace key="place_0044">Berlin</pubPlace>, <publisher key="publ_3471">Schlesinger</publisher>. 15 Ngr.</bibl>
</div><div id="hofm_1846_03_0044_div12"><head><hofClass key="hofCl_0288">Tänze für das Pianoforte.</hofClass></head>
<bibl id="hofm_1846_03_0044_22"><composer key="compo_002302">Bendl (Ch.)</composer> <title>Lock-Quadrille. Op. <opus key="opus_3244">51</opus></title>. <pubPlace key="place_0731">Wien</pubPlace>, <publisher key="publ_0735">Diabelli u. Co</publisher>. 30 Xr.</bibl>
<bibl id="hofm_1846_03_0044_23"><composer key="compo_002653">Bernt (E.)</composer> <title>Erinnerung an Willmers. Galopp. Op. <opus key="opus_3181">5</opus></title>. <pubPlace key="place_0554">Prag</pubPlace>, <publisher key="publ_1729">Hoffmann</publisher> 15 Ngr.</bibl>
<pb n="45"/>
<bibl id="hofm_1846_03_0045_01"><composer key="compo_003560">Bohlmann (Henri)</composer> <title>Les Ménétriers. Quadrille sur des Motifs favoirs de M. Bienaimé</title>. <pubPlace key="place_0438">Mainz</pubPlace>, <publisher key="publ_3563">Schott</publisher> 36 Xr.</bibl>
<bibl id="hofm_1846_03_0045_02">– <title>Pierre et Marie. Quadrille savoyard</title>. Ebend. 36 Xr.</bibl>
<bibl id="hofm_1846_03_0045_03">– <title>La Vallée de Chamounix. Quadrille</title>. Ebend. 36 Xr.</bibl>
<bibl id="hofm_1846_03_0045_04"><composer key="compo_005246">Canthal (Aug. M.)</composer> <title>Dampf-Walzer. Op. <opus key="opus_3868">67</opus></title>. <pubPlace key="place_0276">Hamburg</pubPlace>, <publisher key="publ_3605">Schuberth u. Co</publisher>. 15 Ngr.</bibl>
<bibl id="hofm_1846_03_0045_05">– <title>Polka militaire. Op. <opus key="opus_4326">80</opus>. 2te in <key>D</key>. <edition>transponirte Ausgabe</edition></title>. Ebend. 7½ Ngr.</bibl>
<bibl id="hofm_1846_03_0045_06">– <title>Vive la Polka. Redouten-Polka. Op. <opus key="opus_0137">104</opus></title>. Ebend. 7½ Ngr.</bibl>
<bibl id="hofm_1846_03_0045_07"><composer key="compo_005672">Chwatal (F.X.)</composer> <title>Carneval-Galopp. Op. 60. No. 8</title> (Bouquet de Bal No. 41). <pubPlace key="place_0436">Magdeburg</pubPlace>, <publisher key="publ_1560">Heinrichshofen</publisher> 2 ½ Ngr.</bibl>
<bibl id="hofm_1846_03_0045_08"><composer key="compo_010081">Friese (A.)</composer> <title>Klärchen’s Traum. Galopp</title>. <pubPlace key="place_0624">Schwerin</pubPlace>, <publisher key="publ_2929">Oertzen u. Schlöpke</publisher> 7½ Ngr. n.</bibl>
<bibl id="hofm_1846_03_0045_09">– <title>Schweriner-Polka</title>. Ebend. 3 Ngr. n.</bibl>
<bibl id="hofm_1846_03_0045_10"><composer key="compo_012615">Gährich (W.)</composer> <title>Polka aus dem Ballet: Die unterbrochene Hochzeit</title>. (Neueste Berliner Lieblings-Polkas. No. 16) <pubPlace key="place_0044">Berlin</pubPlace>, <publisher key="publ_0393">Bote u. Bock</publisher> 5 Ngr.</bibl>
<bibl id="hofm_1846_03_0045_11"><composer key="compo_010755">Gautsch (A.v.)</composer> <title>Wien-Galopp aus Undine</title> (Bouquet de Bal No. 42). <pubPlace key="place_0436">Magdeburg</pubPlace>, <publisher key="publ_1560">Heinrichshofen</publisher> 2½ Ngr.</bibl>
<bibl id="hofm_1846_03_0045_12"><composer key="compo_012525">Gung’l (Jos.)</composer> <title>Stettiner Soirée-Walzer. Op. <opus key="opus_3105">48</opus></title>. <pubPlace key="place_0044">Berlin</pubPlace>, <publisher key="publ_0393">Bote u. B</publisher>. 15 Ngr.</bibl>
<bibl id="hofm_1846_03_0045_13"><composer key="compo_013199">Hampel (Jean)</composer> <title>Polka d’Amitié. Op. <opus key="opus_2737">4</opus></title>. <pubPlace key="place_0554">Prag</pubPlace>, <publisher key="publ_1729">Hoffmann</publisher> 15 Xr.</bibl>
<bibl id="hofm_1846_03_0045_14"><composer key="compo_014010">Held (Aug.)</composer> <title>Favorit-Polka aus Alessandro Stradella</title>. (Bouquet de Bal No. 40.) <pubPlace key="place_0436">Magdeburg</pubPlace>, <publisher key="publ_1560">Heinrichshofen</publisher> 2½ Ngr.</bibl>
<bibl id="hofm_1846_03_0045_15"><composer key="compo_014593">Herzog (Jos.)</composer> <title>Carnevals-Grüsse. Walzer</title>. <pubPlace key="place_0731">Wien</pubPlace>, <publisher key="publ_0735">Diabelli u. Co</publisher>. 45 Xr.</bibl>
<bibl id="hofm_1846_03_0045_16"><composer key="compo_016343">Jelinek (Ig.)</composer> <title>Gabrielen-Polka</title>. <pubPlace key="place_0554">Prag</pubPlace>, <publisher key="publ_1729">Hoffmann</publisher> 15 Xr.</bibl>
<bibl id="hofm_1846_03_0045_17">– <title>Rebus-Polka</title>. Ebend. 15 Xr.</bibl>
<bibl id="hofm_1846_03_0045_18"><title>Lätitia. Eine Sammlung der ausgewähltesten Tänze u. Märsche. No. 34, Weckesser (E.) Mina-, Elisen- u. Marien-Polka</title>. <pubPlace key="place_0280">Hannover</pubPlace>, <publisher key="publ_2808">Nagel</publisher> 5 Ngr.</bibl>
<bibl id="hofm_1846_03_0045_19"><composer key="compo_020257">Lecarpentier (Ad.)</composer> <title>Le Diable à quatre. Quadrille facile et brillant</title>. <pubPlace key="place_0438">Mainz</pubPlace>, <publisher key="publ_3563">Schott</publisher> 36 Xr.</bibl>
<bibl id="hofm_1846_03_0045_20"><composer key="compo_020635">Leschnick (M.)</composer> <title>Keine Rosen ohne Dornen. Polonaise, Walzer, 3 Polka. Galopp</title>. <pubPlace key="place_0082">Breslau</pubPlace>, <publisher key="publ_2386">Leuckart</publisher> 7½ Ngr.</bibl>
<bibl id="hofm_1846_03_0045_21"><composer key="compo_022435">Massak (Franz)</composer> <title>Arader isr. Jugend-Vereins-Tänze. Walzer. Op. <opus key="opus_0531">13</opus></title>. <pubPlace key="place_0280">Hannover</pubPlace>, <publisher key="publ_0145">Bachmann</publisher> 12 ½ Ngr.</bibl>
<bibl id="hofm_1846_03_0045_22">– <title>Die Wanderer. Walzer. Op. <opus key="opus_0684">14</opus></title>. Ebend. 10 Ngr.</bibl>
<bibl id="hofm_1846_03_0045_23">– <title>Die Gratulanten. Walzer. Op. <opus key="opus_0806">15</opus></title>. Ebend. 10 Ngr.</bibl>
<bibl id="hofm_1846_03_0045_24"><composer key="compo_023323">Michel (Fr.)</composer> <title>Philomelen-Polka</title>. <pubPlace key="place_0554">Prag</pubPlace>, <publisher key="publ_1729">Hoffmann</publisher> 15 Xr.</bibl>
<bibl id="hofm_1846_03_0045_25">– <title>Medusen-Galopp</title>. Ebend. 15 Xr.</bibl>
<bibl id="hofm_1846_03_0045_26"><composer key="compo_023954">Musard</composer>, <title>La Danse des Almées. Quadrille tirée de l’Ode-Symphonie : Le Désert de Fél. David</title>. <pubPlace key="place_0438">Mainz</pubPlace>, <publisher key="publ_3563">Schott</publisher> 36 Xr.</bibl>
<bibl id="hofm_1846_03_0045_27"><composer key="compo_024118">Mühlberger (Joh.)</composer> <title>Theresien-Polka</title>. <pubPlace key="place_0731">Wien</pubPlace>, <publisher key="publ_1269">Glöggl</publisher> 15 Xr.</bibl>
<bibl id="hofm_1846_03_0045_28"><composer key="compo_026990">Preissler (Ad.)</composer> <title>Lachröschen-Galop</title>. <pubPlace key="place_0554">Prag</pubPlace>, <publisher key="publ_1729">Hoffmann</publisher> 15 Xr.</bibl>
<bibl id="hofm_1846_03_0045_29"><composer key="compo_027087">Prochazka (Joh.)</composer> <title>Hof-Ball-Tänze</title>. Ebend. 45 Xr.</bibl>
<bibl id="hofm_1846_03_0045_30">– <title>Salon-Tänze. (Lustfahrt-Galopp.  Lilien- und Strakonitzer-Polka.)</title> Ebend. 45 Xr.</bibl>
<bibl id="hofm_1846_03_0045_31"><composer key="compo_028461">Ringelsberg (Mathilde)</composer> <title>Polka militaire</title>. Ebend. 15 Xr.</bibl>
<bibl id="hofm_1846_03_0045_32"><composer key="compo_033332">Stiastny (Ludw.)</composer> <title>Infanterie-Galopp. Op. <opus key="opus_3565">6</opus></title>. Ebend. 15 Xr.</bibl>
<bibl id="hofm_1846_03_0045_33">– <title>Frühlingsgruss. Polka. Op. <opus key="opus_3967">7</opus></title>. Ebend. 15 Xr.</bibl>
<bibl id="hofm_1846_03_0045_34">– <title>Zenobia-Galopp</title>. Ebend. 15 Xr.</bibl>
<bibl id="hofm_1846_03_0045_35"><composer key="compo_033569">Strauss (Joh.)</composer> <title>Heitere Lebensbilder. Walzer. Op. <opus key="opus_1187">181</opus></title>. <pubPlace key="place_0731">Wien</pubPlace>, <publisher key="publ_1506">Haslinger</publisher> 45 Xr.</bibl>
<bibl id="hofm_1846_03_0045_36">– Idem im leichteren Style. (Die junge Tänzerin, 61stes Heft.) Ebend. 30 Xr.</bibl>
<bibl id="hofm_1846_03_0045_37"><composer key="compo_033831">Suchanek (J.B.)</composer> <title>Deux Mazurs</title>. <pubPlace key="place_0554">Prag</pubPlace>, <publisher key="publ_1729">Hoffmann</publisher> 15 Xr.</bibl>
<bibl id="hofm_1846_03_0045_38"><composer key="compo_033930">Swoboda (F.W.)</composer> <title>Hussiten-Galopp</title>. Ebend. 15 Xr.</bibl>
<bibl id="hofm_1846_03_0045_39">– <title>Juris-Polka</title>. Ebend. 15 Xr.</bibl>
<pb n="46"/>
<bibl id="hofm_1846_03_0046_01"><composer key="compo_033930">Swoboda (F.W.)</composer> <title>Lidia-Quadrille</title>. <pubPlace key="place_0554">Prag</pubPlace>, <publisher key="publ_1729">Hoffmann</publisher> 30 Xr.</bibl>
<bibl id="hofm_1846_03_0046_02"><composer key="compo_034151">Tarnow (Helmine)</composer> <title>Fleurs du Nord. Quadrille française</title>. Ebend. 30 Xr.</bibl>
<bibl id="hofm_1846_03_0046_03">– <title>Themis-Polka</title>. Ebend. 15 Xr.</bibl>
</div><div id="hofm_1846_03_0046_div13"><head><hofClass key="hofCl_0250">Märsche für das Pianoforte.</hofClass></head><bibl id="hofm_1846_03_0046_04"><composer key="compo_005036">Börs (Otto)</composer> <title>Der Krieger Heimkehr. Geschwindmarsch aus der Oper: Nabucodonosor</title>. <pubPlace key="place_0276">Hamburg</pubPlace>, <publisher key="publ_0640">Cranz</publisher> 5 Ngr.</bibl>
<bibl id="hofm_1846_03_0046_05"><composer key="compo_011076">Gerold (J.)</composer> Sammlung beliebter Märsche und Tänze. <title>No. 36, Jubel-Marsch zur hohen Geburtstags-Feier des Erbprinzen von Hannover</title>. <pubPlace key="place_0280">Hannover</pubPlace>, <publisher key="publ_0145">Bachmann</publisher> 10 Ngr.</bibl>
<bibl id="hofm_1846_03_0046_06">– <title>Marsch zum Besten des zu errichtenden Denkmals des General Grafen von Alten</title>. Ebend. 5 Ngr.</bibl>
<bibl id="hofm_1846_03_0046_07"><composer key="compo_028112">Resnitschek (Jos.)</composer> <title>Kaiser Nicolaus-Märsch</title>. (Beliebte Märsche No. 64.) <pubPlace key="place_0731">Wien</pubPlace>, <publisher key="publ_0735">Diabelli u. Co</publisher>. 15 Xr.</bibl>
</div><div id="hofm_1846_03_0046_div14"><head><hofClass key="hofCl_0072">Lehrbücher für das Pianoforte.</hofClass></head>
<bibl id="hofm_1846_03_0046_08"><composer key="compo_027958">Reiser (H.)</composer> <title>Clavier-Schule f. Kinder, mit besonderer Rücksicht auf einen leichten und langam fortschreitenden Stufengang. Op. <opus key="opus_4300">8</opus>. 1ste Abtheilung</title>. qu. 8. <pubPlace key="place_0662">Stuttgart</pubPlace>, <publisher key="publ_1453">Halberger’sche Verlagshandl</publisher>. geb. 25 Ngr. n. </bibl>
</div><div id="hofm_1846_03_0046_div15"><head><hofClass key="hofCl_0225">Musik für die Orgel.</hofClass></head>
<bibl id="hofm_1846_03_0046_09"><composer key="compo_001986">Becker (C.G.)</composer> <title>Cäcilia. Tonstücke f. Orgel. 3ter Bd. 1stes Heft (Muffat, Toccata. Becker, Adagio in <key>C</key>. 2 Choräle: Ach Gott, u. Du klagst. Kindscher, 3 Choralvorspiele: Gott des Himmels, Hern Jesu Christ, u. Nun danket all. Lorenz, Choral: Sei Lob un Ehr’. Albrechtsberger, Fuga alla Decima</title>. qu. 8. <pubPlace key="place_0392">Leipzig</pubPlace>, <publisher key="publ_1107">Friedlein u. Hirsch</publisher>. Subscr.-Pr. f. d. 3ten Band. in 6 Heften 1 Thlr. 15 Ngr. n.</bibl>
<bibl id="hofm_1846_03_0046_10"><composer key="compo_004407">Bruhns (N.)</composer> <title>Choral: Nun komm’ der Heiden Heiland</title>. (Der Orgel-Virtuos No. 136). 4. <pubPlace key="place_0181">Erfurt</pubPlace>, <publisher key="publ_2240">Körner</publisher> 10 Ngr.</bibl>
<bibl id="hofm_1846_03_0046_11"><composer key="compo_004833">Buttstedt (J.H.)</composer> <title>Fuga</title>. (Der Orgel-Virtuos. No. 135). 4. Ebend. 5 Ngr.</bibl>
<bibl id="hofm_1846_03_0046_12"><composer key="compo_014623">Hesse (Ad.)</composer> <title>Fantasie. Op. <opus key="opus_4153">76</opus></title>. No. 43 der Orgelcompositionen. <pubPlace key="place_0044">Berlin</pubPlace>, <publisher key="publ_0393">Bote u. Bock</publisher> 15 Ngr.</bibl>
<bibl id="hofm_1846_03_0046_13">– <title>6 Orgelstücke zum Gebrauch beim Gottesdienste, wie auch für den Unterricht. Op. <opus key="opus_4181">77</opus></title>. No. 44 der Orgelcompositionen. Ebend. 15 Ngr.</bibl>
<bibl id="hofm_1846_03_0046_14"><composer key="compo_014749">Heyn (C.W.)</composer> <title>Modulationen mit Erläuterungen, aus Cdur u. Cmoll in alle übrigen Tonraten. Nebst: 13 leichte und kurze Vorspiele f. Orgel. Hauptsächlich z. Gebrauch für angehende Orgelspieler</title>. <pubPlace key="place_0205">Freiberg</pubPlace>, <publisher key="publ_0923">Engelhard</publisher> 15 Ngr.</bibl>
<bibl id="hofm_1846_03_0046_15"><composer key="compo_019466">Körner (G.W.)</composer> und <composer key="compo_028507">A.G. Ritter</composer>, <title>Der Orgelfreund. 8ter Band. Heft 1–3</title>. 4. <pubPlace key="place_0181">Erfurt</pubPlace>, <publisher key="publ_2240">Körner</publisher>. Subscr.-Pr. f. d. 8ten Band. in 6 Heften 1 Thlr. n. (Ladenpr. 2 Thlr.)</bibl>
<bibl id="hofm_1846_03_0046_16"><composer key="compo_037831">Zachau (F.W.)</composer> <title>2 Choralvorspiele</title>. (Der Orgel-Virtuos No. 134.) 4. Ebend. 5 Ngr.</bibl>
</div><div id="hofm_1846_03_0046_div16"><head><hofClass key="hofCl_0068">Kirchenmusik.</hofClass></head>
<bibl id="hofm_1846_03_0046_17"><composer key="compo_010395">Führer (Rob. A.)</composer> <title>Grosse Messe für 4 Singstimmen, Orchester und Orgel</title>. <pubPlace key="place_0731">Wien</pubPlace>, <publisher key="publ_1506">Haslinger</publisher> 7 Fl.</bibl>
<bibl id="hofm_1846_03_0046_18"><composer key="compo_013018">Hahn (Th.)</composer> <title>Der 103te Psalm: „Lobe den Herrn meine Seele,“ für 4 Männerstimmen u. Begl. d. Pfte. Op. <opus key="opus_0806">15</opus>. <format>Partitur und Stimmen</format></title>. <pubPlace key="place_0044">Berlin</pubPlace>, <publisher key="publ_0393">Bote u. Bock</publisher> 1 Thlr. 5 Ngr.</bibl>
<bibl id="hofm_1846_03_0046_19"><composer key="compo_016198">Jakob (F.A.L.)</composer> <title>100 dreistimmige Fituralgesänge oder sogennante Arien für alle Feste u. festliche Veranlassungen im kirchlichen Leben. (Der Festtags-Sänger. 3ter Theil.) Op. <opus key="opus_1068">17</opus></title>. qu. 4. <pubPlace key="place_0392">Leipzig</pubPlace>, <publisher key="publ_2594">Mayer</publisher> 20 Ngr.</bibl>
<pb n="47"/>
<bibl id="hofm_1846_03_0047_01"><title>Melodien (die gewöhnlichen) zu den Kirchliedern nach dem Hiller’schen Choralbuche</title>. 8. <pubPlace key="place_0496">Neustadt a. O</pubPlace>., <publisher key="publ_4248">Wagner</publisher> geh. 2 ½ Ngr. n.</bibl>
<bibl id="hofm_1846_03_0047_02"><composer key="compo_023890">Mozart (W.A.)</composer> <title>Messe in <key>D</key>, f. 4 Singstimmen, 2 Violinen (2 Trompeten ad lib.) Violoncell u. Orgel. <format>Partitur</format></title>. <pubPlace key="place_0554">Prag</pubPlace>, <publisher key="publ_1729">Hoffmann</publisher> 2 Fl.</bibl>
<bibl id="hofm_1846_03_0047_03"><composer key="compo_031822">Seegner (F.G.)</composer> <title>Offertorium. No. 5, Confitebor tibi. Solo für Sopran u. Violine, mit Chor u. Begl. d. Orchesters. u. Orgel. Op. <opus key="opus_3071">47</opus></title>. <pubPlace key="place_0731">Wien</pubPlace>, <publisher key="publ_0735">Diabelli u. Co</publisher>. 2 Fl. 45 Xr.</bibl>
<bibl id="hofm_1846_03_0047_04">– <title>Offertorium. No. 8. Ad te Domine. Solo f. Bass m. Chor. u. Begl. d. Orch. u. Orgel. (Nebst <format>Klav.-Ausz</format>.) Op. <opus key="opus_3204">50</opus></title>. Ebend. 2 Fl. 45 Xr.</bibl>
<bibl id="hofm_1846_03_0047_05"><composer key="compo_034685">Tomaschek (W.J.)</composer> <title>Krönungs-Messe f. 4 Singstimmen, Orchester und Orgel. (<format>Auflagestimmen</format>.)</title> <pubPlace key="place_0554">Prag</pubPlace>, <publisher key="publ_1729">Hoffmann</publisher> 8 Fl.</bibl>
<bibl id="hofm_1846_03_0047_06"><composer key="compo_036123">Wandel (Franz)</composer> <title>Lobe den Herrn, meine Seele. Männerchor. <format>Partitur u. Stimmen</format></title>. <pubPlace key="place_0082">Breslau</pubPlace>, <publisher key="publ_2386">Leuckart</publisher> 15 Ngr.</bibl>
<bibl id="hofm_1846_03_0047_07"><composer key="compo_038342">Zöllner (C.)</composer> <title>Vierstimmiges Choralbuch zum Gesangbuche der deutsch-katholischen Christen, f. Orgel u. Chorgesang eing</title>. qu. 8. <pubPlace key="place_0392">Leipzig</pubPlace>, <publisher key="publ_2828">Naumburg</publisher> geh. 15 Ngr. n.</bibl>
</div><div id="hofm_1846_03_0047_div17"><head><hofClass key="hofCl_0102">Mehrstimmige Gesänge mit und ohne Pianoforte.</hofClass></head>
<bibl id="hofm_1846_03_0047_08"><composer key="compo_006306">Czerny (C.)</composer> <title>Ave Maris Stella (Der Stern des Meeres). Gedicht v. O.L.B. Wolff, f. d. vierstimmigen Männerchor mit Begl. d. Pfte. und ad lib. d. Physharmonika (oder 2ten Pfte.) Op. <opus key="opus_4118">743</opus>. <format>Partitur und Stimmen</format>. (Sei gegrüsst, du Stern der Meere)</title>. <pubPlace key="place_0280">Hannover</pubPlace>, <publisher key="publ_0145">Bachmann</publisher> 1 Thlr.</bibl>
<bibl id="hofm_1846_03_0047_09"><composer key="compo_006719">Dellith (G.)</composer> <title>Der kleine Sängerchor. Sammlung dreistimm. Gesänge für Schule u. Haus. 1stes Heft. <edition>3te Aufl</edition></title>. gr. 16. <pubPlace key="place_0341">Cassel</pubPlace>, <publisher key="publ_2504">Luckhardt’sche Buchhdl</publisher>. 3 Ngr. n.</bibl>
<bibl id="hofm_1846_03_0047_10"><composer key="compo_008497">Erk (L.)</composer> <title>Sammlung mehrstimmiger Gesänge für Männerstimmen. 2tes Heft. <edition>2te sehr verb. u. verm. Aufl</edition></title>. 4. <pubPlace key="place_0184">Essen</pubPlace>, <publisher key="publ_0534">Bädeker</publisher> geb. 20 Ngr. n.</bibl>
<bibl id="hofm_1846_03_0047_11"><composer key="compo_008497">Erk (L.)</composer> u. <composer key="compo_016098">A. Jacob</composer>, <title>Deutscher Liedergarten. Sammlung von ein-, zwei-, drei- und vierstimmigen Liedern für Mädchenschulen. 2tes Heft</title>. 8. Ebend. 3½ Ngr. n.</bibl>
<bibl id="hofm_1846_03_0047_12"><composer key="compo_011935">Greef (W.)</composer> <title>Männerlieder, Alte und neue, für Freunde des mehrstimmigen Männergesanges, 1stes Heft</title>. qu. 8. Ebend. geh. 3 Ngr. n.</bibl>
<bibl id="hofm_1846_03_0047_13"><composer key="compo_014675">Heune (W.)</composer> <title>50 zweistimmige Volkschullieder</title>. kl. 8. <pubPlace key="place_0436">Magdeburg</pubPlace>, <publisher key="publ_1560">Heinrichshofen</publisher> geh. 6 Ngr. n.</bibl>
<bibl id="hofm_1846_03_0047_14"><composer key="compo_016340">Jelen (Al.)</composer> <title>Ceske Puvodni Sbori, f. 4 Männerstimmen. <format>Partitur</format></title>. 8. <pubPlace key="place_0554">Prag</pubPlace>, <publisher key="publ_1729">Hoffmann</publisher> 20 Xr. n.</bibl>
<bibl id="hofm_1846_03_0047_15"><composer key="compo_016840">Kalliwoda (J.W.)</composer> <title>Sturm und Segen, von A.G. Eberhard. Vierstimmiger Männergesang. Op. <opus key="opus_0768">146</opus>. <format>Partitur und Stimmen</format>. (Welch heilig stilles Schweigen.)</title> <pubPlace key="place_0392">Leipzig</pubPlace>, <publisher key="publ_3775">Siegel und Stoll</publisher> 1 Thlr. 15 Ngr.</bibl>
<bibl id="hofm_1846_03_0047_16"><composer key="compo_022366">Marx. (A.B.)</composer> <title>Schlummerlied von L. Tieck f. Sopran, Alt, Tenor u. Bass u. Pfte ad lib. Op. <opus key="opus_0806">15</opus>. <format>Partitur u. Stimmen</format>. (Ruhe, süss Liebchen, im Schatten.)</title> Ebend. 1 Thlr. 5 Ngr.</bibl>
<bibl id="hofm_1846_03_0047_17"><composer key="compo_023884">Mozart</composer> u. <composer key="compo_013690">Haydn</composer>, <title>2 Canons, musikalische Scherze in geslligen Zirkeln von Sängern auszuführen. <edition>Neue Aufl</edition></title>. <pubPlace key="place_0392">Leipzig</pubPlace>, <publisher key="publ_1746">Hofmeister</publisher> 5 Ngr.</bibl>
<bibl id="hofm_1846_03_0047_18"><composer key="compo_028259">Richter (Ernst)</composer> <title>Der gute Jahrgang. Variatio oder Recipe. Feuerlied. 3 Lieder f. 4 Männerstimmen. Op. <opus key="opus_2804">41</opus>. <format>Partitur und Stimmen</format>. (Jüngstens sah ich auf dem Wege – Das goldne Nass zu nippen – Feuer! Feuer!)</title> 8. <pubPlace key="place_0044">Berlin</pubPlace>, <publisher key="publ_3899">Stern u. Co</publisher>. 1 Thlr. </bibl>
</div><div id="hofm_1846_03_0047_div18"><head><hofClass key="hofCl_0268">Opernmusik mit Pianofortebegleitung.</hofClass></head>
<bibl id="hofm_1846_03_0047_19"><composer key="compo_003035">Binder (C.)</composer> <title>Der fliegende Holländer. Zaubermährchen</title>. (Müller [Ad.] Theatralisches Panorama. No. 18. 19.) <pubPlace key="place_0731">Wien</pubPlace>, <publisher key="publ_1506">Haslinger</publisher> à 20 Xr.<pb n="48"/><title>No. 18, Lied: Die Welt lässt sich mit Mancherlei vergleichen</title>. <lb/>– <title>19, Lied: Wer es im Leben nur einmal so weit zu bringen weiss</title>.</bibl>
<wip id="hofm_1846_03_0048_01"><composer key="compo_008628">Esser (Heinr.)</composer> <title>Die zwei Prinzen. Oper</title>. <pubPlace key="place_0438">Mainz</pubPlace>, <publisher key="publ_3563">Schott</publisher>. <lb/><title>No. 1, Lied (Sopr.) Artige Blondine</title>. 18 Xr. <lb/>–<title>2, Ariette (Ten.) Was glänzt so hell</title>. 18 Xr. <lb/>– <title>3, Duett (Sopr. u. Ten.) So eben komme ich vom Vater</title>. 54 Xr. <lb/>– <title>4, Arie (Tenor) Hold verschämt</title>. 36 Xr. <lb/>– <title>5, Terzett (Barit. u. 2 Bässe) Er ist todt?</title> 54 Xr. <lb/>– <title>6, Arie (Sopr.) Ach, ich lausche</title>. 36 Xr. <lb/>– <title>7, Duett (Sopr. u. Ten.) O güt’ger Gott</title> 36 Xr. <lb/>– <title>8, Ariette (Sopr.) Der Liebe Rosenkette</title>. 27 Xr. <lb/>– <title>9, Arie (Bass) Alles brotzelt, bratet, siedet</title>. 36 Xr. <lb/>– <title>10, Romanze (Ten.) Lebt wohl</title>. 18 Xr. <lb/>– <title>11, Duett (Sopr. u. Ten.) O Himmel</title>. 45 Xr.</wip>
<bibl id="hofm_1846_03_0048_02"><composer key="compo_022964">Mercadante (S.)</composer> <title>Il Vascello de Gamma. Melodramo romantico. No. 21, Sc. ed Aria finale (Sopr.) Ad implorati</title>. <pubPlace key="place_0437">Mailand</pubPlace>, <publisher key="publ_3241">Ricordi</publisher> 6 Fr.</bibl>
<bibl id="hofm_1846_03_0048_03"><composer key="compo_023890">Mozart (W.A.)</composer> <title>Die schönsten Arien aus seinen Opern. Lief. 1. Gesänge für Sopran oder Tenor: Zauberflöte: Dies Bildniss ist bezuaubernd schön (Oh cara immagina). Alles fühlt der Liebe Freuden (Regna amore). Der Holle Rache kocht in meinem Herzen (Gli angui d’inferno). Ach, ich fühl’s, es ist verschwunden (Ah! io so). Don Juan: O flieh den Bösewicht (Ah fuggi il traditor). Ja, ihre Ruhe ist auch die meine Daila suo pace). Schmäle, lube, lieber Junge! (Batti, batti). Wenn du fein fromm bist (Vedrai carino). Figaro: Nette Freuden, nette Schmerzen (Non so più cosa)</title>. <pubPlace key="place_0392">Leipzig</pubPlace>, <publisher key="publ_3775">Siegel u. Stoll</publisher> 1 Thlr. 15 Ngr.</bibl>
<wip id="hofm_1846_03_0048_04"><composer key="compo_025594">Pacini (Giov.)</composer> <title>Stella di Napoli</title>. <pubPlace key="place_0437">Mailand</pubPlace>, <publisher key="publ_3241">Ricordi</publisher>. <lb/><title>Sc. e Cavatina (Basso). Come angelica</title>. 6 Fr. 60Ct. <lb/><title>Sc. e Cavatina (Sopr.). Ove colui dimora</title>. 5 Fr. 40 Ct. <lb/><title>Sc. ed Aria (Contralto). Sull’ altar</title>. 4 Fr. 80 Ct. <lb/><title>Sc. e Duetto (Sopr. è Ten.) Qui non mi tragge</title>. 6 Fr.</wip>
<wip id="hofm_1846_03_0048_05"><composer key="compo_026105">Persiani (G.)</composer> <title>Il Fantasma. Opera semi-seria</title>. <pubPlace key="place_0438">Mainz</pubPlace>, <publisher key="publ_3563">Schott</publisher>. <lb/><title>No. 6, Terzettino (Sopr., Barit. e Basso) Tutto qui arride</title> 36 Xr. <lb/>– <title>7, Polacca: Ah: no no no no non è ver</title>. 45 Xr. <lb/>– <title>8, Barcarola: Era notte</title>. 45 Xr. <lb/>– <title>13, Romanza: Ah! che faro?</title> 27 Xr. <lb/>– <title>16, Romanza (Sopr.) Volanda a ciel</title>. 27 Xr. <lb/>– <title>20, Romanza: Ah! vedi prega</title>. 36 Xr.</wip><wip id="hofm_1846_03_0048_06"><composer key="compo_027238">Puzone (Gius.)</composer> <title>Il Figlio dello Schiavo. Melodramma serio</title>. <pubPlace key="place_0437">Mailand</pubPlace>, <publisher key="publ_3241">Ricordi</publisher>. <lb/><title>Sc. e Cavatina (Sopr.) Ah! cosi, mio ben</title>. 3 Fr. 90 Ct. <lb/><title>Sc. ed Aria (Ten.) Volgi, o cielo</title>. 3 Fr. 60 Ct. <lb/><title>Sc. ed Aria (Basso) Quante pene</title>. 5 Fr. 70 Ct.</wip>
<bibl id="hofm_1846_03_0048_07"><composer key="compo_029686">Sanelli (G.)</composer> <title>Ermengarda. Melodramma. Duetto (Sopr. e Ten.) D’oscuro vel ricopresi</title>. Ebend. 4 Fr. 20 Ct.</bibl>
<bibl id="hofm_1846_03_0048_08"><composer key="compo_035237">Vaccaj (Nic.)</composer> <title>Virginia Tragedia lirica. No. 9. Sc. e Duetto (Sopr. e Ten.) Ministro vil d’un perfide</title>. Ebend. 4 Fr. 50 Ct.</bibl>
</div><div id="hofm_1846_03_0048_div19"><head><hofClass key="hofCl_0040">Gesänge für eine Stimme mit Begleitung des Pianoforte.</hofClass></head>
<bibl id="hofm_1846_03_0048_09"><composer key="compo_000202">Ahlström (J.N.)</composer> <title>Schwedische Volkslieder, mit schwedischem Original-Texte, gesungen v. Frl. Jenny Lind. No. 1–3</title>. <pubPlace key="place_0044">Berlin</pubPlace>, <publisher key="publ_0393">Bote u. Bock</publisher> à 5 Ngr.<pb n="49"/><title>No. 1, Jung Hillewi- (Der Rittersmann der redet.)</title> <lb/>– <title>2, Volkslied aus Uppland (Hier im Thale.)</title> <lb/>– <title>3, Volkslied aus Gothland (Es leuchten droben am Himmel.)</title></bibl>
<bibl id="hofm_1846_03_0049_01"><composer key="compo_002077">Beethoven (L.v.)</composer> <title>Adelaide. Gedicht v. Matthisson. Op. <opus key="opus_3029">46</opus>. <edition>Neueste Orginal-Augabe</edition></title>. <pubPlace key="place_0731">Wien</pubPlace>, <publisher key="publ_0106">Artaria u. Co</publisher>. 30 Xr.</bibl>
<bibl id="hofm_1846_03_0049_02">– <title>6 geistliche Lieder von Gellert. <edition>Neueste Original-Ausgabe</edition></title>. Ebend. 45 Xr.</bibl>
<bibl id="hofm_1846_03_0049_03">– <title>6 Lieder von C.L. Reissig (Lied aus der Ferne. Der Jüngling in der Fremde. An den fernen Geliebten. Der Liebende. Der Zufriedene. Sehnsucht). <edition>Neueste Original-Ausgabe</edition></title>. Ebend. 1 Fl.</bibl>
<bibl id="hofm_1846_03_0049_04"><composer key="compo_002701">Berthold (G.)</composer> <title>Nachtwächterlied in launigen Strophen (Ihr jungen Herrn und lasset euch sagen.) No. 5</title>. <pubPlace key="place_0392">Leipzig</pubPlace>, <publisher key="publ_3775">Siegel und Stoll</publisher> 5 Ngr.</bibl>
<bibl id="hofm_1846_03_0049_05">– <title>Leipziger Schneider-Affaire. Tragikomische Romanze. (Der Schneider muss nach Eutritzsch heut.) No. 6</title>. Ebend. 5 Ngr.</bibl>
<bibl id="hofm_1846_03_0049_06"><composer key="compo_002702">Berthold (H.)</composer> <title>Verlassen sein! Lied von A.v. Hausen</title>. <pubPlace key="place_0082">Breslau</pubPlace>, <publisher key="publ_2386">Leuckart</publisher> 7½ Ngr.</bibl>
<bibl id="hofm_1846_03_0049_07"><composer key="compo_007388">Dreyschock (Alex.)</composer> <title>Du bist wie eine Blume. Lied. <edition>2te Aufl</edition></title>. <pubPlace key="place_0371">Cöln</pubPlace>, <publisher key="publ_0865">Eck u. Lefèbvre</publisher> 7½ Ngr.</bibl>
<bibl id="hofm_1846_03_0049_08"><composer key="compo_008692">Evers (C.)</composer> <title>6 Lieder f. Alt. Op. 29: Stumme Liebe. (Kenn’ euch ein Mädchen). Am Meere. (Sei mir gegrüsst in deiner Pracht.) Du hast um mich geweint. (Verbirgst du mir den Schmerz). Mignon. (Nur wer die Sehnsucht kennt). Klage. (Süsse Morgenlüfte). Wann ich dich nicht zu küssen habe</title>. <pubPlace key="place_0731">Wien</pubPlace>, <publisher key="publ_1506">Haslinger</publisher> 1 Fl. 30 Xr.</bibl>
<wip id="hofm_1846_03_0049_09"><composer key="compo_009851">Franz (Rob.)</composer> <title>12 Gesänge. Op. <opus key="opus_3181">5</opus>. 2 Hefte</title>. <pubPlace key="place_0392">Leipzig</pubPlace>, <publisher key="publ_4382">Whistling</publisher>. <lb/><title>Heft 1, Aus meinen grossen Schmerzen. Leibchen ist da (Blümlein im Garten). Auf dem Meere (Aus den Himmelsaugen droben). Will über Nacht wohl durch das Thal. Mädchen mit dem rothen Mündchen. Ich hab’ in deinem Auge</title>. 15 Ngr. <lb/><title>Heft 2, Gute Nacht (Die Höhn und Wälder). Ich lobe mir die Vögelein. Stiller Abend (Se’ge Abende niedersteigen). Erinnerung (O banger Traum). Hör’ ich das Liedchen klingen. Genesung (Und nun ein End’ dem Trauern)</title>. 20 Ngr.</wip>
<bibl id="hofm_1846_03_0049_10"><composer key="compo_009879">Freibier (A.W.)</composer> <title>Gruss an’s Vaterland. Gedicht von W. Müller, f. Sopr. oder Tenor (Sonst zog’s mich gar mächtig hinaus in die Welt)</title>. <pubPlace key="place_0624">Schwerin</pubPlace>, <publisher key="publ_2269">Kürschner’sche Buchhdl</publisher>. 7½ Ngr.</bibl>
<bibl id="hofm_1846_03_0049_11"><composer key="compo_010089">Friese (Th.)</composer> <title>Lieder f. Deutschlands singende Jugend, von Hoffmann von Fallersleben. Op. <opus key="opus_3967">7</opus></title>. <pubPlace key="place_0276">Hamburg</pubPlace>, <publisher key="publ_0640">Cranz</publisher> 17½ Ngr.</bibl>
<bibl id="hofm_1846_03_0049_12"><composer key="compo_011076">Gerold (J.)</composer> <title>Ständchen (Es ist Nacht). Liedergarten No. 11</title>. <pubPlace key="place_0280">Hannover</pubPlace>, <publisher key="publ_0145">Bachmann</publisher> 7½ Ngr.</bibl>
<album id="hofm_1846_03_0049_13"><title>Gesänge (schwedische) von Lindblad, Geier, Nordblom etc. Vorgetragen von Jenny Lind, in deutscher Bearbeitung von Ferd. Gumbert (mit schwedischem Text). No. 7–12. Wingakersficka. Ein Lappländer. Ein Norweger. Ein Bauer aus Mora. König Carl Johann. Norwegischer Nationalgesang</title>. <pubPlace key="place_0044">Berlin</pubPlace>, <publisher key="publ_3471">Schlesinger</publisher> 12½ Ngr.</album>
<bibl id="hofm_1846_03_0049_14"><composer key="compo_011289">Girschner (C.F.J.)</composer> <title>Schweizer-Lied (Wenn das Horn auf der Alm.) <edition>2te Aufl</edition></title>. <pubPlace key="place_0371">Cöln</pubPlace>, <publisher key="publ_0865">Eck u. Lefèbvre</publisher> 10 Ngr.</bibl>
<bibl id="hofm_1846_03_0049_15"><composer key="compo_012499">Gumbert (Ferd.)</composer> <title>Spielmann’s Lied, von E. Geibel, f. Sopran od. Tenor. Op. <opus key="opus_1166">18. No. 1</opus> (Und legt ihr zwischen mich und sie)</title>. <pubPlace key="place_0044">Berlin</pubPlace>, <publisher key="publ_3471">Schlesinger</publisher> 10 Ngr.</bibl>
<bibl id="hofm_1846_03_0049_16">– Idem f. Alt od. Bariton. Ebend. 10 Ngr.</bibl>
<listBibl><bibl id="hofm_1846_03_0049_17"><composer key="compo_014219">Henrion (Paul)</composer> <title>En parlant de lui. Romance</title>. <pubPlace key="place_0438">Mainz</pubPlace>, <publisher key="publ_3563">Schott</publisher> 18 Xr.</bibl>
<bibl id="hofm_1846_03_0049_18">– <title>Souvenirs et Regrets. Romance</title>. Ebend. 18 Xr. <lb/>(Lyre française. No. 171, 172.)</bibl></listBibl>
<bibl id="hofm_1846_03_0049_19"><composer key="compo_016340">Jelen (Al.)</composer> <title>Ceské Puvodini Pisnè. Cah. 1, 2</title>. 8vo. <pubPlace key="place_0554">Prag</pubPlace>, <publisher key="publ_1729">Hoffmann</publisher> à 30 Xr. n.</bibl>
<pb n="50"/>
<bibl id="hofm_1846_03_0050_01"><composer key="compo_018639">Krebs (C.)</composer> <title>Es rauscht das rothe Laub zu meinen Füssen. Preis-Gedicht von E. Geibel, f. Sopr. od. Ten. Op. <opus key="opus_0501">128</opus></title>. <pubPlace key="place_0276">Hamburg</pubPlace>, <publisher key="publ_3605">Schuberth u. Co</publisher>. 15 Ngr.</bibl>
<bibl id="hofm_1846_03_0050_02">– Idem f. Alt od. Bariton. Ebend. <sic>Ebend.</sic>15 Ngr.</bibl>
<bibl id="hofm_1846_03_0050_03"><composer key="compo_020048">Lappe (Ph.)</composer> <title>An Louise. Gedicht von Gebillon (Küsse auf der Töne Schwingen)</title>. <pubPlace key="place_0624">Schwerin</pubPlace>, <publisher key="publ_2269">Kürschner’sche Buchhdl</publisher>. 5 Ngr.</bibl>
<bibl id="hofm_1846_03_0050_04"><composer key="compo_022433">Massak (F.)</composer> <title>Das deutsche hohe Lied, von E. Wend. Op. <opus key="opus_1068">17</opus> (Wer singt von jenen Helden)</title>. Liedergarten. No. 7. <pubPlace key="place_0280">Hannover</pubPlace>, <publisher key="publ_0145">Bachmann</publisher> 10 Ngr.</bibl>
<bibl id="hofm_1846_03_0050_05"><composer key="compo_022472">Mathieux (J.)</composer> <title>6 Lieder f. Alt oder Bariton. Op. <opus key="opus_0806">15</opus>. <edition>2te Aufl</edition></title>. <pubPlace key="place_0371">Cöln</pubPlace>, <publisher key="publ_0865">Eck u. Lefèbvre</publisher>. 20 Ngr.</bibl>
<bibl id="hofm_1846_03_0050_06"><title>Mucker (der) Lied aus dem Fremdenbuche auf der Rudesburg f. Bass u. Chor m. Begl. d. Pfte. ad lib. (Halb zehn Uhr täglich befen)</title>. <pubPlace key="place_0392">Leipzig</pubPlace>, <publisher key="publ_1107">Friedlein u. Hirsch</publisher> 5 Ngr.</bibl>
<bibl id="hofm_1846_03_0050_07"><composer key="compo_026448">Pierson (H.H.)</composer> <title>2 Lieder</title>. <pubPlace key="place_0276">Hamburg</pubPlace>, <publisher key="publ_3605">Schuberth u. Co</publisher>. à 7 ½ Ngr. <lb/><title>No. 1, Verrathene Liebe (Da Nachts wir uns küssten)</title>. <lb/>– <title>2, All’ mein Herz ist dein, Lieb’ (All my Heart’s)</title>. </bibl>
<bibl id="hofm_1846_03_0050_08"><composer key="compo_027032">Preyer (Gottfr.)</composer> <title>Vöglein mein Bote. Gedicht von J.G. Seidl, f. Sopran oder Tenor. Op. <opus key="opus_3071">47</opus> (Vöglein! flieg’ fort)</title>. <pubPlace key="place_0731">Wien</pubPlace>, <publisher key="publ_0735">Diabelli u. Co</publisher>. 30 Xr.</bibl>
<bibl id="hofm_1846_03_0050_09">– Idem f. Alt oder Bariton. Ebend. 30 Xr.</bibl>
<bibl id="hofm_1846_03_0050_10">– <title>Der Blinde. Gedicht von Rupertus, f. Sopran oder Tenor. Op. <opus key="opus_3105">48</opus> (Herr! nach deinem hehren willen)</title>. <pubPlace key="place_0731">Wien</pubPlace>, <publisher key="publ_0735">Diabelli u. Co</publisher>. 30 Xr.</bibl>
<bibl id="hofm_1846_03_0050_11">– Idem f. Alt oder Bariton. Ebend. 30 Xr.</bibl>
<bibl id="hofm_1846_03_0050_12"><composer key="compo_027077">Proch (H.)</composer> <title>Wo ein treues Herz in Liebe vergeht. Gedicht v. Wilh. Müller. Op. <opus key="opus_0501">128</opus></title>. Ebend. 45 Xr.</bibl>
<bibl id="hofm_1846_03_0050_13"><composer key="compo_027778">Reichardt (G.)</composer> <title>Sol u. Selene. Huldigung in Wort, Bild u. Tönen. I.M. der Königin Elisabeth von Treussen zum 13ten Novbr. (Den Blick hinauf zu lichten Höhen)</title>. <pubPlace key="place_0392">Leipzig</pubPlace>, <publisher key="publ_1746">Hofmeister</publisher> 5 Ngr.</bibl>
<bibl id="hofm_1846_03_0050_14"><composer key="compo_029618">Saloman (Siegfr.)</composer> <title>Wenn du wärst mein eigen, f. Alt oder Barit. Aus Op. <opus key="opus_1372">2</opus> einzeln</title>. <pubPlace key="place_0276">Hamburg</pubPlace>, <publisher key="publ_3605">Schuberth u. Co</publisher>. 5 Ngr.</bibl>
<bibl id="hofm_1846_03_0050_15"><composer key="compo_032713">Speier (W.)</composer> <title>Musik. Gedicht von I.K.H. Helene Herzogin von Orleans, f. Sopr. oder Tenor. Op. <opus key="opus_3454">57</opus> (Wer einsam steht im bunten Lebenskreise)</title>. Frl. Jenny Lind zugeeignet. <pubPlace key="place_0392">Leipzig</pubPlace>, <publisher key="publ_2017">Kistner</publisher> 12 ½ Ngr.</bibl>
<bibl id="hofm_1846_03_0050_16">– <title>6 Gesellschaftslieder aus den Blättern und Trauben, von J.N. Vogl, m. chor ad lib. Op. <opus key="opus_3529">59</opus>. 1stes Heft: Jungfrau Kanne. Lied f. Männer. Sahara. Liebesgedanken beim Wein. Wasser und Wein. Tempora mutantur (Viel holde Jungfrau – Bist du ein Mann – Sahara ist ein schlimmes Wort – Ich denke dein beim ersten Glas – Ich bin ein grosser Hasser – Viele volle Becher klangen)</title>. <pubPlace key="place_0438">Mainz</pubPlace>, <publisher key="publ_3563">Schott</publisher> 54 Xr.</bibl>
<bibl id="hofm_1846_03_0050_17"><composer key="compo_033187">Steinhardt (W.W.)</composer> <title>4 Gedichte. Liebeslied (Und wieder singt die Nachtigall). Du bist wie eine Blume. Herein (Trätest du zur Thür herein). Im Wirthshause (Schon Mitternacht)</title>. <pubPlace key="place_0554">Prag</pubPlace>, <publisher key="publ_1729">Hoffmann</publisher> 1 Fl.</bibl>
<bibl id="hofm_1846_03_0050_18"><composer key="compo_034223">Teichmann (A.)</composer> <title>Ave Maria (latein.)</title> <pubPlace key="place_0731">Wien</pubPlace>, <publisher key="publ_0735">Diabelli u. Co</publisher>. 30 Xr.</bibl>
<bibl id="hofm_1846_03_0050_19"><composer key="compo_034685">Tomaschek (W.J.)</composer> <title>4 italienische Canzonetten, mit deutschem und böhmischem Text, von W.A. Swoboda. Op. <opus key="opus_1999">28</opus> (Die Fischerin. Liebesschwur. Ankunft des Frühlings. Die Schäkerin)</title>. <pubPlace key="place_0554">Prag</pubPlace>, <publisher key="publ_1729">Hoffmann</publisher> 1 Fl. 30 Xr.</bibl>
<bibl id="hofm_1846_03_0050_20"><composer key="compo_035560">Vivier (E.)</composer> <title>Romances. No. 2. Wiegenlied (Berceuse)</title>. <pubPlace key="place_0044">Berlin</pubPlace>, <publisher key="publ_3471">Schlesinger</publisher> 5 Ngr.</bibl>
<pb n="51"/>
<bibl id="hofm_1846_03_0051_01"><composer key="compo_036840">Weyrauch (A.H.v.)</composer> <title>Sängers Winterlied f. eine Singst. u. Pfte. m. obligater Schellenbegleitung (Braus’, brause, kalter Wind)</title>. <pubPlace key="place_0147">Dresden</pubPlace>, <publisher key="publ_2088">Koblitz in Comm</publisher>. 10 Ngr. baar. </bibl>
<bibl id="hofm_1846_03_0051_02"><composer key="compo_037721">Wöhler (H.)</composer> <title>2 Liebeslieder von Hoffmann von Fallersleben, m. Klavierbegl. f. d. linke Hand (Ich sah wohl ein liehliches Blümlein – Die Blumen sind verwelket)</title>. <pubPlace key="place_0624">Schwerin</pubPlace>, <publisher key="publ_2269">Kürschner’sche Buchhdl</publisher>. 7 ½ Ngr.</bibl></div><div id="hofm_1846_03_0051_div20"><head><hofClass key="hofCl_0047">Gesänge mit Begleitung der Guitarre.</hofClass></head>
<bibl id="hofm_1846_03_0051_03"><composer key="compo_013173">Hammer (G.)</composer> <title>Wehmuth. Lied m. Begl. d. Guit. Op. <opus key="opus_3529">59</opus> (Es giebt im Leben trübe Stunden)</title>. <pubPlace key="place_0642">Speier</pubPlace>, <publisher key="publ_2287">Lang</publisher> 18 Xr.</bibl>
<bibl id="hofm_1846_03_0051_04"><composer key="compo_032801">Sponholtz (A.H.)</composer> <title>Es rauscht das rothe Laub zu meinen Füssen. Preis-Composition. Gedicht von E. Geibel, m. Begl. d. Guit. Op. <opus key="opus_1068">17</opus></title>. <pubPlace key="place_0276">Hamburg</pubPlace>, <publisher key="publ_3605">Schuberth u. Co</publisher>. 10 Ngr.</bibl>
<bibl id="hofm_1846_03_0051_05"><composer key="compo_036504">Weiss (Ch.)</composer> <title>Die Heimath. Lied m. Belg. d. Guit. (Wo wir lieben, ist die Heimath)</title>. <pubPlace key="place_0642">Speyer</pubPlace>, <publisher key="publ_2287">Lang</publisher> 36 Xr.</bibl>
</div><div id="hofm_1846_03_0051_div21"><head><hofClass key="hofCl_0077">Lehrbücher für den Gesang.</hofClass></head>
<bibl id="hofm_1846_03_0051_06"><author>Schulze (H.B.)</author> <title>Praktische Gesanglehre für Volksschulen, nebst 60 grösstentheils zweistimmig gesetzten Liedern und Canons, so wie: 100 Choralmelodien nach Hiller kl</title>. 8. <pubPlace key="place_0763">Zwickau</pubPlace>, <publisher key="publ_4544">Zückler</publisher> 5 Ngr. n.</bibl>
</div><div id="hofm_1846_03_0051_div22"><head><hofClass key="hofCl_0248">Musikalische Zeitschriften.</hofClass></head>
<bibl id="hofm_1846_03_0051_07"><title>Teutonia. Literarisch-kritische Blätter f. d. deutschen Männergesang, redigirt v. Jul. Otto u. Jul. Schladebach</title>. 1ster Jahrg. 1846 (26 Nrn. Bogen) 8. <pubPlace key="place_0615">Schleusingen</pubPlace>, <publisher key="publ_1260">Glaser</publisher> 1 Thlr. 10 Ngr. n.</bibl>
</div><div id="hofm_1846_03_0051_div23"><head><hofClass key="hofCl_0281">Portraits.</hofClass></head>
<bibl id="hofm_1846_03_0051_08"><title><subject>Leonard (H.)</subject> Gez. u. lith. von <artist>Feckert</artist>. Druck von L. Zöllner. Mit Facsimile</title>. Fol. <pubPlace key="place_0044">Berlin</pubPlace>, <publisher key="publ_3471">Schlesinger</publisher> 20 Ngr.</bibl>
<bibl id="hofm_1846_03_0051_09"><title><subject>Pischek (J.B.)</subject> Lithogr. von <artist>Kriehuber</artist>. Druck von Höfelich</title>. Fol. <pubPlace key="place_0731">Wien</pubPlace>, <publisher key="publ_2605">Mechetti</publisher> 1 Fl. (chin. Pap. 1 Fl. 30 Xr.)</bibl>

</div></body></text></TEI.2>