<?xml version="1.0" encoding="utf-8"?>
<!DOCTYPE TEI.2
  SYSTEM "../../dtd/tei/cch_tei.dtd">
<TEI.2 id="hofm_1847_03">
<teiHeader type="text"><fileDesc><titleStmt><title>März 1847</title></titleStmt><publicationStmt><p/></publicationStmt><sourceDesc><p/></sourceDesc></fileDesc><profileDesc><langUsage><language id="ger">German</language><language id="fre">French</language><language id="ita">Italian</language></langUsage></profileDesc><revisionDesc><change><date>2007-09-20</date><respStmt><name>EP</name></respStmt><item>missing @id added</item></change><change><date>2007-06-26</date><respStmt><name>ER</name></respStmt><item>p. 48, l'Enfance (not l'Eufance)</item></change><change><date>2007-04-27</date><respStmt><name>RV</name></respStmt><item>Changed "biblGroup" elements in "listBibl"</item></change><change><date>2007-03-02</date><respStmt><name>EP</name></respStmt><item>Checked curly brackets</item></change><change><date>2007-02-26</date><respStmt><name>EP</name></respStmt><item>Encoded curly brackets</item></change><change><date>2006-12-19</date><respStmt><name>EP</name></respStmt><item>sic and unclear moved outside elements pubplaces, publisher, composer, hofclass, key, opus</item></change><change><date>2006-12-20</date><respStmt><name>Liz</name></respStmt><item>p. 47 Rosellen (not Roselien)</item></change><change><date>2006-11-29</date><respStmt><name>Liz</name></respStmt><item>p. 50 Casciolini (Cl.)</item></change><change><date>2006-10-18</date><respStmt><name>Liz</name></respStmt><item>p. 46 key tagging adjusted</item></change><change><date>2006-03-20</date><respStmt><name>Liz</name></respStmt><item>XRefs done</item></change><change><date>2005-12-04</date><respStmt><name>Liz</name></respStmt><item>p. 54 Fleckeisen, not Fleckelsen</item></change><change><date>2005-10-20</date><respStmt><name>Liz</name></respStmt><item>p. 49 corr; p. 53 Anstalt (not Anstatt)</item></change><change><date>2005-10-18</date><respStmt><name>Liz</name></respStmt><item>one correction</item></change><change><date>2005-07-13</date><respStmt><name>Mekala</name></respStmt><item>Final</item></change><change><date>2005-06-30</date><respStmt><name>Mekala</name></respStmt><item>Checking Screen and Revisions</item></change><change><date>2005-05-13</date><respStmt><name>Mekala</name></respStmt><item>Revised</item></change><change><date>2005-05-04</date><respStmt><name>Mekala</name></respStmt><item>First Coding</item></change><change><date>2005-04-12</date><respStmt><name>Liz</name></respStmt><item>pasting in</item></change></revisionDesc></teiHeader>
<text><body><pb n="42"/><head>März 1847.</head><div id="hofm_1847_03_0042_div01"><head><hofClass key="hofCl_0164">Musik für das Orchester.</hofClass></head>
<bibl id="hofm_1847_03_0042_01"><composer key="compo_019632">Laade (Friedr.)</composer> <title>Künstler-Grüsse. Walzer f. Orchester. Op. <opus key="opus_1390">20</opus></title>. <pubPlace key="place_0044">Berlin</pubPlace>, <publisher key="publ_2971">Paez</publisher> 2 Thlr. 15 Ngr.</bibl>
<wip id="hofm_1847_03_0042_02"><composer key="compo_019654">Labitzky (Jos.)</composer> <title>Beliebte Walzer und Galoppen für Orchester. No. 72, 73</title>. <pubPlace key="place_0392">Leipzig</pubPlace>, <publisher key="publ_1746">Hofmeister</publisher>. <lb/><title>No. 72, Cambridge-Walzer. Op. <opus key="opus_0612">133</opus></title>. 1 Thlr. 20 Ngr. <lb/>– <title>73, Gruss an London. 3 Polka. Op. <opus key="opus_0621">134</opus></title>. 1 Thlr. 25 Ngr.</wip>
<bibl id="hofm_1847_03_0042_03"><title>Sammlung von Geschwindmärschen f. vollst. türkische Musik, zum best. Gebr. d. pr. Armee. No. 133</title>. Siehe: <xref type="external" from="hofm_1847_03_0042_05" to="DITTO" targOrder="U">Wieprecht</xref>.</bibl>
<wip id="hofm_1847_03_0042_04"><composer key="compo_033569">Strauss (Joh.)</composer> <title>Walzer f. Orchester. No. 96, 97</title>. <pubPlace key="place_0731">Wien</pubPlace>, <publisher key="publ_1506">Haslinger</publisher>. <lb/><title>No. 96, Bouquets. Op. <opus key="opus_1334">197</opus></title>. 2 Fl. 45 Xr. <lb/>– <title>97, Ländlich, sittlich. Op. <opus key="opus_1339">198</opus></title>. 2 Fl. 30 Xr.</wip>
<bibl id="hofm_1847_03_0042_04_c"><composer key="compo_036994">Wieprecht (W.)</composer> <title>Armee-Marsch nach der Gazelle von Kullak, f. vollst. türkische Musik. No. 133. <format>Partitur</format></title>. <pubPlace key="place_0044">Berlin</pubPlace>, <publisher key="publ_1394">Guttentag</publisher> 22½ Ngr.</bibl>
</div><div id="hofm_1847_03_0042_div02"><head><hofClass key="hofCl_0245">Musik für die Violine.</hofClass></head>
<bibl id="hofm_1847_03_0042_06"><composer key="compo_022592">M(ax) H(erzog in Bayern)</composer> <title>Bayerische Oberländer. Tänze f. 2 Violinen, Alt. u. Bass. Op. <opus key="opus_2187">31</opus></title>. <pubPlace key="place_0475">München</pubPlace>, <publisher key="publ_0996">Falter</publisher> 36 Xr.</bibl>
<bibl id="hofm_1847_03_0042_07"><composer key="compo_023601">Molique (B.)</composer> <title>6tes Quartett f. 2 Violinen, Alt u. Violoncell. Op <opus key="opus_1999">28</opus>, in <key>As</key></title>. <pubPlace key="place_0392">Leipzig</pubPlace>, <publisher key="publ_2017">Kistner</publisher> 2 Thlr.</bibl>
<bibl id="hofm_1847_03_0042_08"><composer key="compo_033569">Strauss (Joh.)</composer> <title>Bouquets. Walzer f. 3 Violinen u. Bass. Op. <opus key="opus_1334">197</opus></title>. <pubPlace key="place_0731">Wien</pubPlace>, <publisher key="publ_1506">Haslinger</publisher> 1 Fl.</bibl>
<bibl id="hofm_1847_03_0042_09">– <title>Ländlich, sittlich. Walzer f. 3 Violinen u. Bass. Op. <opus key="opus_1339">198</opus></title>. Ebend. 1 Fl.</bibl>
<bibl id="hofm_1847_03_0042_10">– <title>Walzer f. eine Violine. No. 17, 18</title>. <pubPlace key="place_0731">Wien</pubPlace>, <publisher key="publ_1506">Haslinger</publisher> à 20 Xr. <lb/><title>No. 17, Bouquets. Op. <opus key="opus_1334">197</opus></title>. <lb/>– <title>18, Ländlich, sittlich. Op. <opus key="opus_1339">198</opus></title>.</bibl>
</div><div id="hofm_1847_03_0042_div03"><head><hofClass key="hofCl_0200">Musik für die Flöte.</hofClass></head>
<bibl id="hofm_1847_03_0042_11"><composer key="compo_033569">Strauss (Joh.)</composer> <title>Lieblings-Walzer f. Flöte. No. 115, 116</title>. <pubPlace key="place_0731">Wien</pubPlace>, <publisher key="publ_1506">Haslinger</publisher> à 20 Xr. <lb/><title>No. 115, Bouquets. Op. <opus key="opus_1334">197</opus></title>. <lb/>– <title>116, Ländlich, sittlich. Op. <opus key="opus_1339">198</opus></title>.</bibl>
</div><div id="hofm_1847_03_0042_div04"><head><hofClass key="hofCl_0187">Musik für den Csakan.</hofClass></head>
<bibl id="hofm_1847_03_0042_12"><composer key="compo_033569">Strauss (Joh.)</composer> <title>Lieblings-Walzer f. Csakan. No. 115, 116</title>. <pubPlace key="place_0731">Wien</pubPlace>, <publisher key="publ_1506">Haslinger</publisher> à 20 Xr. <lb/><title>No. 115, Bouquets. Op. <opus key="opus_1334">197</opus></title>. <lb/>– <title>116, Ländlich, sittlich. Op. <opus key="opus_1339">198</opus></title>.</bibl>
</div><div id="hofm_1847_03_0042_div05"><head><hofClass key="hofCl_0205">Musik für die Guitarre.</hofClass></head>
<bibl id="hofm_1847_03_0042_13"><composer key="compo_005284">Carcassi (M.)</composer> <title>4 Airs favoris (2 Airs italiens. Air suisse. Dernière Pensée de Weber) variés p. Guit. Extraits de la Méthode</title>. <pubPlace key="place_0438">Mainz</pubPlace>, <publisher key="publ_3563">Schott</publisher> 36 Xr.</bibl>
<pb n="43"/>
<bibl id="hofm_1847_03_0043_01"><composer key="compo_033569">Strauss (Joh.)</composer> <title>Lieblings-Walzer f. Guitarre. No. 96, 97</title>. <pubPlace key="place_0731">Wien</pubPlace>, <publisher key="publ_1506">Haslinger</publisher> à 30 Xr. <lb/><title>No. 96, Bouquets. Op. <opus key="opus_1334">197</opus></title>. <lb/>– <title>97. Ländlich, sittlich. Op. <opus key="opus_1339">198</opus></title>.</bibl>
</div><div id="hofm_1847_03_0043_div06"><head><hofClass key="hofCl_0247">Musik für die Zither.</hofClass></head>
<bibl id="hofm_1847_03_0043_02"><composer key="compo_005636">Christ (Fanny)</composer> <title>Souvenir de Milanollo (f. Zither)</title>. <pubPlace key="place_0475">München</pubPlace>, <publisher key="publ_0996">Falter</publisher> 18 Xr.</bibl>
<bibl id="hofm_1847_03_0043_03"><composer key="compo_033217">Steinruk (C.)</composer> <title>Grosses Quodlibet f. Zither. Op. <opus key="opus_2804">41</opus></title>. <pubPlace key="place_0475">München</pubPlace>, <publisher key="publ_0996">Falter</publisher> 36 Xr.</bibl>
</div><div><head><hofClass key="hofCl_0167">Musik für das Pianoforte mit Begleitung.</hofClass></head>
<bibl id="hofm_1847_03_0043_04"><composer key="compo_000661">André (J.B.)</composer> et <composer key="compo_003454">R.E. Bockmühl</composer>, <title>Fantaisie brillante sur des Motifs nationales ecossaises p. Pfte et Vclle. Op. <opus key="opus_3105">48</opus></title>. <pubPlace key="place_0392">Leipzig</pubPlace>, <publisher key="publ_1746">Hofmeister</publisher> 1 Thlr. 10 Ngr.</bibl>
<bibl id="hofm_1847_03_0043_05"><composer key="compo_009729">Franck (H.)</composer> <title>Schweizerklänge. Variationen über eine Tyrolienne f. Ohoe mit Begl. d. Pfte. Op. <opus key="opus_0021">10</opus></title>. <pubPlace key="place_0276">Hamburg</pubPlace>, <publisher key="publ_2870">Niemeyer</publisher> 1 Thlr.</bibl>
<bibl id="hofm_1847_03_0043_06"><composer key="compo_014826">Hiller (Ferd.)</composer> <title>6 Studien f. Pfte u. Violine. Op. <opus key="opus_2630">38</opus></title>. <pubPlace key="place_0044">Berlin</pubPlace>, <publisher key="publ_1394">Guttentag</publisher> 1 Thlr. 25 Ngr.</bibl>
<bibl id="hofm_1847_03_0043_07">– Idem in 2 Heften à 1 Thlr.</bibl>
<bibl id="hofm_1847_03_0043_08"><composer key="compo_017101">Kayser (H.E.)</composer> <title>Les Délices des Amateurs, sur des Motifs fav. p. Pfte et Violon. Op. <opus key="opus_0400">12. No. 2, 4</opus></title>. <pubPlace key="place_0276">Hamburg</pubPlace>, <publisher key="publ_0640">Cranz</publisher> à 17½ Ngr. <lb/><title>No. 2, Les Huguenots de Meyerbeer</title>. <lb/>– <title>4, Cenerentola de Rossini</title>.</bibl>
<bibl id="hofm_1847_03_0043_09"><composer key="compo_021359">Louis (N.)</composer> <title>Souvenirs de Dom Sébastien. 2 Divertissements p. Pfte et Violon. Op. <opus key="opus_0769">146. No. 1</opus></title>. <pubPlace key="place_0438">Mainz</pubPlace>, <publisher key="publ_3563">Schott</publisher> 1 Fl. 30 Xr.</bibl>
<wip id="hofm_1847_03_0043_10"><composer key="compo_028116">Ressel (F.W.)</composer> <title>Chants p. Pfte et Violon. Op. <opus key="opus_0027">10. No. 1, 2</opus></title>. <pubPlace key="place_0044">Berlin</pubPlace>; <publisher key="publ_1394">Guttentag</publisher>. <lb/><title>No. 1, Elégie</title>. 15 Ngr. <lb/>– <title>2, La Mignonne</title>. 20 Ngr.</wip>
<bibl id="hofm_1847_03_0043_11"><composer key="compo_031529">Schwencke (Ch.)</composer> <title>Rondeau brillant av. Acc. de Quatuor ad lib. Op. <opus key="opus_0927">16</opus></title>. <pubPlace key="place_0276">Hamburg</pubPlace>, <publisher key="publ_2870">Niemeyer</publisher> 1 Thlr. 10 Ngr.</bibl>
<bibl id="hofm_1847_03_0043_12"><composer key="compo_033569">Strauss (Joh.)</composer> <title>Bouquets. Walzer f. Violine u. Pfte. Op. <opus key="opus_1334">197</opus></title>. <pubPlace key="place_0731">Wien</pubPlace>, <publisher key="publ_1506">Haslinger</publisher> 45 Xr.</bibl>
<bibl id="hofm_1847_03_0043_13">– Idem f. Flöte u. Pfte. Ebend. 45 Xr.</bibl>
<bibl id="hofm_1847_03_0043_14">– <title>Ländlich, sittlich. Walzer f. Violine u. Pfte. Op. <opus key="opus_1339">198</opus></title>. Ebend. 45 Xr.</bibl>
<bibl id="hofm_1847_03_0043_15">– Idem f. Flöte u. Pfte. Ebend. 45 Xr.</bibl>
</div><div id="hofm_1847_03_0043_div08"><head><hofClass key="hofCl_0124">Musik für zwei Pianoforte.</hofClass></head>
<bibl id="hofm_1847_03_0043_16"><composer key="compo_002077">Beethoven (L. van)</composer> <title>6te Symphonie (pasterale) f. 2 Pftes einger. von M.C. Eberwein. Op. <opus key="opus_3895">68</opus></title>. <pubPlace key="place_0392">Leipzig</pubPlace>, <publisher key="publ_0437">Br. u. Härtel</publisher> 3 Thlr.</bibl>
</div><div id="hofm_1847_03_0043_div09"><head><hofClass key="hofCl_0171">Musik für das Pianoforte zu vier Händen.</hofClass></head>
<bibl id="hofm_1847_03_0043_17"><composer key="compo_002709">Bertini (H.)</composer> <title>Grand Duo sur la Cloche des Agonisants et la Poste, Mélodies de Franz Schubert. Op. <opus key="opus_1029">165</opus></title>. <pubPlace key="place_0438">Mainz</pubPlace>, <publisher key="publ_3563">Schott</publisher> 2 Fl.</bibl>
<bibl id="hofm_1847_03_0043_18"><composer key="compo_004705">Burgmüller (Fr.)</composer> <title>Le Ramier Messager. Grande Valse brillante sur la Romance favorite d’E. Arnaud</title>. <pubPlace key="place_0438">Mainz</pubPlace>, <publisher key="publ_3563">Schott</publisher> 1 Fl. 30 Xr.</bibl>
<bibl id="hofm_1847_03_0043_19">– <title>Valse favorite d’Emma d’Auber</title>. Ebend. 1 Fl. 21 Xr.</bibl>
<pb n="44"/>
<bibl id="hofm_1847_03_0044_01"><composer key="compo_008310">Enckhausen (H.)</composer> <title>Elementar Unterricht im vierhändigen Pianoforte-Spiel, nach method. Stufenfolge unt. Anwend. d. richt. Fingersatzes. Op. <opus key="opus_3490">58</opus>. 2tes Heft, Uebungsstücke m. zufäll. Versetzungszeichen, im Umf. d. naturl. Lage d. 5 Finger, der 8 Töne u. eine Octave wenig überschreitend. 2te Abth</title>. <pubPlace key="place_0280">Hannover</pubPlace>, <publisher key="publ_2808">Nagel</publisher> 12½ Ngr.</bibl>
<bibl id="hofm_1847_03_0044_02"><composer key="compo_014550">Herz (H.)</composer> <title>Grand Duo concertant sur des Motifs favoris du Désert, Musique de Fél. David. Op. <opus key="opus_0897">156</opus></title>. <pubPlace key="place_0438">Mainz</pubPlace>, <publisher key="publ_3563">Schott</publisher> 2 Fl.</bibl>
<bibl id="hofm_1847_03_0044_03"><composer key="compo_014825">Hiller (F.)</composer> <title>Tanz aus der Oper: Ein Traum in der Christnacht. (No. 7.)</title> <pubPlace key="place_0392">Leipzig</pubPlace>, <publisher key="publ_0437">Br. u. Härtel</publisher> 7½ Ngr.</bibl>
<bibl id="hofm_1847_03_0044_04"><composer key="compo_019654">Labitzky (Jos.)</composer> <title>Cambridge-Walzer. Op. <opus key="opus_0612">133</opus></title>. <pubPlace key="place_0392">Leipzig</pubPlace>, <publisher key="publ_1746">Hofmeister</publisher> 20 Ngr.</bibl>
<bibl id="hofm_1847_03_0044_05">– <title>Gruss an London. 3 Polka. Op. <opus key="opus_0621">134</opus></title>. Ebend. 20 Ngr.</bibl>
<bibl id="hofm_1847_03_0044_06"><composer key="compo_020063">Lasekk (Ch.)</composer> <title>L’Ecolier et son Maitre. 6 Pièces</title>. <pubPlace key="place_0392">Leipzig</pubPlace>, <publisher key="publ_0437">Br. et Härtel</publisher> 1 Thlr.</bibl>
<bibl id="hofm_1847_03_0044_07"><title>Sammlung beliebter Tänze und Märsche. No. 1. Hammonia-Polka</title>. <pubPlace key="place_0276">Hamburg</pubPlace>, <publisher key="publ_2870">Niemeyer</publisher> 5 Ngr.</bibl>
<bibl id="hofm_1847_03_0044_07_k"><composer key="compo_030657">Schmitt (Jacq.)</composer> <title>8 petits Rondos non difficites. Op. <opus key="opus_3872">67. No. 1–3</opus></title>. <pubPlace key="place_0276">Hamburg</pubPlace>, <publisher key="publ_2870">Niemeyer</publisher> à 17½ Ngr.</bibl>
<bibl id="hofm_1847_03_0044_09">– <title>6 Pièces faciles. Tirées de sa Méthode</title>. Ebend. 12½ Ngr.</bibl>
<bibl id="hofm_1847_03_0044_10"><composer key="compo_033569">Strauss (Joh.)</composer> <title>Bouquets. Walzer zur Erinnerung an Troppau. Op. <opus key="opus_1334">197</opus></title>. <pubPlace key="place_0731">Wien</pubPlace>, <publisher key="publ_1506">Haslinger</publisher> 1 Fl. 15 Xr.</bibl>
<bibl id="hofm_1847_03_0044_11">– <title>Ländlich, sittlich! Walzer (im Ländlerstyle). Op. <opus key="opus_1339">198</opus></title>. Ebend. 1 Fl. 15 Xr.</bibl>
<bibl id="hofm_1847_03_0044_11_o"><composer key="compo_037492">Wolff (Ed.)</composer> <title>Les deux Amis. 12 Morceaux. Op. <opus key="opus_0448">122. No. 9–12</opus></title>. <pubPlace key="place_0438">Mainz</pubPlace>, <publisher key="publ_3563">Schott</publisher> à 54 Xr. <lb/><title>No. 9, Mosaïque sur la Reine de Chypre et Charles VI</title>. <lb/>– <title>10, Mazurka favorite</title>. <lb/>– <title>11, Air des Puritains</title>. <lb/>– <title>12, Mosaïque sur la Sonnambula</title>.</bibl>
</div><div id="hofm_1847_03_0044_div10"><head><hofClass key="hofCl_0272">Ouverturen für das Pianoforte zu vier Händen.</hofClass></head>
<bibl id="hofm_1847_03_0044_13"><composer key="compo_014826">Hiller (Ferd.)</composer> <title>Ouverture zur Oper: Ein Traum in der Christnacht</title>. <pubPlace key="place_0392">Leipzig</pubPlace>, <publisher key="publ_0437">Br. u. Härtel</publisher> 25 Ngr.</bibl>
</div><div id="hofm_1847_03_0044_div11"><head><hofClass key="hofCl_0166">Musik für das Pianoforte allein.</hofClass></head>
<wip id="hofm_1847_03_0044_14"><composer key="compo_002077">Beethoven (L. van)</composer> <title>Sonates. Métronomisees p. J. Moscheles</title>. <pubPlace key="place_0078">Braunschweig</pubPlace>, <publisher key="publ_3822">Spehr</publisher>. <lb/><title>Op. <opus key="opus_1373">2. No. 1</opus>, in <key>Fm</key></title>. 12½ Ngr. <lb/>– <title>No. 2, in <key>A</key></title>. 17½ Ngr. <lb/><title>Op. <opus key="opus_1933">27. No. 1</opus>, in <key>Cism</key></title>. 12½ Ngr. <lb/><title>Op. <opus key="opus_3351">54</opus>. in <key>F</key></title>. 12½ Ngr. <lb/><title>Op. <opus key="opus_0216">109</opus>, in <key>E</key></title>. 17½ Ngr.</wip>
<bibl id="hofm_1847_03_0044_15"><composer key="compo_002592">Bernard (M.)</composer> <title>3 Mazourkas de Salon</title>. <pubPlace key="place_0392">Leipzig</pubPlace>, <publisher key="publ_0437">Br. et Härtel</publisher> 15 Ngr.</bibl>
<bibl id="hofm_1847_03_0044_16"><composer key="compo_002709">Bertini (H.)</composer> <title>25 Uebungen f. Anfänger. Einleitung zu den Elementar-Uebungen (Op. <opus key="opus_0651">137</opus>). Op. <opus key="opus_1035">166</opus>. (25 Etudes primaires p. les petites Mains)</title>. <pubPlace key="place_0438">Mainz</pubPlace>, <publisher key="publ_3563">Schott</publisher> 2 Fl. 24 Xr.</bibl>
<bibl id="hofm_1847_03_0044_17"><composer key="compo_002826">Beyer (Ferd.)</composer> <title>Répertoire des jeunes Pianistes. Petites Fantaisies instructives sur les Motifs favoris d’Opéras. Op. <opus key="opus_2515">36. No. 15</opus>, Meyerbeer, Robert le Diable</title>. <pubPlace key="place_0438">Mainz</pubPlace>, <publisher key="publ_3563">Schott</publisher> 45 Xr.</bibl>
<bibl id="hofm_1847_03_0044_18">– <title>12 Amusements sur les Motifs favoris des Opéras de Rossini, Bellini, Donizetti et Verdi. Op. <opus key="opus_4513">87. No. 7–9</opus></title>. Ebend. à 45 Xr. <lb/><title>No. 7, Bellini, Norma</title>. <lb/>– <title>8, Donizetti, Belisario</title>. <lb/>– <title>9, Verdi, Nabucodonosor</title>.</bibl>
<pb n="45"/>
<bibl id="hofm_1847_03_0045_01"><composer key="compo_002826">Beyer (Ferd.)</composer> <title>Les Progrès des Jeunes Elèves. Douze Morceaux instructifs en Variations et Rondeaux sur des Thèmes favoris. Op. <opus key="opus_4534">88. No. 4–6</opus></title>. <pubPlace key="place_0392">Leipzig</pubPlace>, <publisher key="publ_1746">Hofmeister</publisher> à 12½ Ngr. <lb/><title>No. 4, La Fille du Regiment</title>. <lb/>– <title>5, Rondo-Valse</title>. <lb/>– <title>6, Thème allemand: „An Alexis.“</title></bibl>
<bibl id="hofm_1847_03_0045_02"><composer key="compo_003103">Bischoff (K.J.)</composer> <title>Das goldene Buch. 100 Kleinigkeiten, bestehend in ausgewählten beliébten Melodien. Heft 1, 2</title>. <pubPlace key="place_0475">München</pubPlace>, <publisher key="publ_0028">Aibl</publisher> à 36 Xr.</bibl>
<bibl id="hofm_1847_03_0045_03"><composer key="compo_005457">Cavigny</composer>, Op. <opus key="opus_2737">4</opus>. Siehe: <xref type="external" from="hofm_1847_03_0046_22" to="DITTO" targOrder="U">Miniatures</xref>.</bibl>
<bibl id="hofm_1847_03_0045_04"><composer key="compo_005623">Chotek (F.X.)</composer> <title>Anthologie musicale. Fantaisies brill. sur les Motifs les plus favoris d’Opéras nouveaux Cah. 29, 30. Balfe, Die Belagerung von Rochelle. Op. <opus key="opus_3991">70. No. 1, 2</opus></title>. <pubPlace key="place_0731">Wien</pubPlace>, <publisher key="publ_2605">Mechetti</publisher> à 1 Fl.</bibl>
<bibl id="hofm_1847_03_0045_05"><composer key="compo_006106">Cramer (H.)</composer> <title>Potpourris sur les Motifs fav. des Opéras. No. 60, 62</title> <pubPlace key="place_0438">Mainz</pubPlace>, <publisher key="publ_3563">Schott</publisher> à 54 Xr. <lb/><title>No. 60, Der Templer und die Jüdin. Mus. de H. Marschner</title>. <lb/>– <title>62, Jessonda. Musique de L. Spohr</title>.</bibl>
<bibl id="hofm_1847_03_0045_06"><composer key="compo_006170">Croisez (A.)</composer> <title>Naples et Venise. 2 Fantaisies italiennes. Op. <opus key="opus_1885">26. No. 1, 2</opus></title>. <pubPlace key="place_0392">Leipzig</pubPlace>, <publisher key="publ_1746">Hofmeister</publisher> à 10 Ngr. <lb/><title>No. 1, Naples. Thème de Bellini</title>. <lb/>– <title>2, Venise. Barcarolle populaire</title>.</bibl>
<bibl id="hofm_1847_03_0045_07">– <title>Encouragement el Recompense. 2 Morceaux progressifs. Op <opus key="opus_2135">30. No. 1, 2</opus></title>. Ebend. à 10 Ngr. <lb/><title>No. 1, Echo de Lucerne. Rondino</title>. <lb/>– <title>2, Chant de Ferrare. Air varié</title>.</bibl>
<bibl id="hofm_1847_03_0045_08"><composer key="compo_006306">Czerny (Ch.)</composer> <title>Le Début du jeune Pianiste. 6 Rondinos. Op. <opus key="opus_4201">773. No. 1–6</opus></title>. <pubPlace key="place_0438">Mainz</pubPlace>, <publisher key="publ_3563">Schott</publisher> à 36 Xr.</bibl>
<bibl id="hofm_1847_03_0045_09">– <title>6 Rondinos im leichten Style nach beliebten Motiven der Opern: Stradella v. Flotow, und: Mara v. Netzer. Op. <opus key="opus_4208">778. No. 1–6</opus></title>. <pubPlace key="place_0078">Braunschweig</pubPlace>, <publisher key="publ_3822">Spehr</publisher> à 10 Ngr.</bibl>
<bibl id="hofm_1847_03_0045_10"><composer key="compo_006563">David (Fél.)</composer> <title>Fleurs d’Eté. 3 Valses expressives</title>. (Mit color, gedr. Vign.) <pubPlace key="place_0438">Mainz</pubPlace>, <publisher key="publ_3563">Schott</publisher> 1 Fl.</bibl>
<bibl id="hofm_1847_03_0045_11"><composer key="compo_006681">Dejazet (Jul.)</composer> <title>Rondo tyrolien. Op. <opus key="opus_4300">8</opus></title>. <pubPlace key="place_0276">Hamburg</pubPlace>, <publisher key="publ_2870">Niemeyer</publisher> 15 Ngr.</bibl>
<bibl id="hofm_1847_03_0045_12"><composer key="compo_007599">Duvernoy (J.B.)</composer> <title>Petite Fantaisie sur la Chansonnette : Les Brodeuses de la Reine, de P. Henrion. Op. <opus key="opus_1010">162</opus></title>. <pubPlace key="place_0392">Leipzig</pubPlace>, <publisher key="publ_1746">Hofmeister</publisher> 12½ Ngr.</bibl>
<bibl id="hofm_1847_03_0045_13">– <title>Petite Fantaisie sur la Chansonnette : Le Maréchal-Ferrant, de P. Henrion. Op. <opus key="opus_1016">163</opus></title>. Ebend. 12½ Ngr.</bibl>
<bibl id="hofm_1847_03_0045_14"><composer key="compo_007969">Ehlert (L.)</composer> <title>Sonate. Op. <opus key="opus_0001">1</opus>, in <key>Am</key></title>. <pubPlace key="place_0044">Berlin</pubPlace>, <publisher key="publ_1394">Guttentag</publisher> 1 Thlr.</bibl>
<bibl id="hofm_1847_03_0045_15"><composer key="compo_011662">Gomion (L.)</composer> <title>La jeune Creole. Fantaisie sur une Romance de Mme L. Brice. Op. <opus key="opus_2915">43</opus></title>. <pubPlace key="place_0475">München</pubPlace>, <publisher key="publ_0028">Aibl</publisher> 1 Fl. 3 Xr.</bibl>
<bibl id="hofm_1847_03_0045_16">– <title>Les Noms. Morceaux faciles et progressifs sur des Motifs originaux ou choisles. Op. <opus key="opus_4354">81</opus>. Suite 1, 2</title>. Ebend. à 45 Xr. <lb/><title>Suite 1, L’Angeline. La Céline</title>. <lb/>– <title>2. L’Eliss. La Fanny</title>.</bibl>
<wip id="hofm_1847_03_0045_17">– <title>Les 3 Cousines. Mélodies variées. Op. <opus key="opus_4377">82</opus></title>. Ebend. <lb/><title>Suite 1, La Tyrolienne</title>. 45 Xr. <lb/>– <title>2, L’Auvergnate</title>. 45 Xr. <lb/>– <title>3, L’Allemande</title>. 36 Xr.</wip>
<bibl id="hofm_1847_03_0045_18">– <title>L’Altrayant. Fantaisie sur un Thème original. Op. <opus key="opus_4542">89</opus></title>. Ebend. 1 Fl. 21 Xr.</bibl>
<bibl id="hofm_1847_03_0045_19"><composer key="compo_011667">Gompertz (Gertrude)</composer> <title>Variations sur un Thème original de Th. Milanollo</title>. <pubPlace key="place_0475">München</pubPlace>, <publisher key="publ_0996">Falter</publisher> 45 Xr.</bibl>
<bibl id="hofm_1847_03_0045_20"><composer key="compo_011692">Goria (A.)</composer> <title>Alice. Valse brillante. Op. <opus key="opus_0392">12</opus></title>. <pubPlace key="place_0438">Mainz</pubPlace>, <publisher key="publ_3563">Schott</publisher> 45 Xr.</bibl>
<bibl id="hofm_1847_03_0045_21">– <title>L’Eleganza. Etude de Salon. Op. <opus key="opus_0806">15</opus></title>. Ebend. 54 Xr.</bibl>
<bibl id="hofm_1847_03_0045_22">– <title>Rêverie, Op. <opus key="opus_1271">19</opus></title>. Ebend. 54 Xr.</bibl>
<bibl id="hofm_1847_03_0045_23"><composer key="compo_014550">Herz (H.)</composer> <title>Les Célébrités du Jour. 6 grandes Valses brillantes. Op. <opus key="opus_0902">157</opus></title>. <pubPlace key="place_0438">Mainz</pubPlace>, <publisher key="publ_3563">Schott</publisher> 1 Fl. 30 Xr.</bibl>
<pb n="46"/>
<bibl id="hofm_1847_03_0046_01"><composer key="compo_015612">Hummel (J.N.)</composer> <title>La bella Capricciosa. Polonaise. Op. <opus key="opus_3385">55</opus>. <edition>Nouv. Edit</edition></title>. <pubPlace key="place_0044">Berlin</pubPlace>, <publisher key="publ_2971">Paez</publisher> 20 Ngr.</bibl>
<bibl id="hofm_1847_03_0046_02"><composer key="compo_015944">Hünten (Fr.)</composer> <title>Le Retour du Chalet. Air national varié. Op. <opus key="opus_0744">144</opus></title>. <pubPlace key="place_0438">Mainz</pubPlace>, <publisher key="publ_3563">Schott</publisher> 1 Fl.</bibl>
<bibl id="hofm_1847_03_0046_03">– <title>Mélodie bohémienne variée. Op. <opus key="opus_0754">145</opus></title>. Ebend. 1 Fl.</bibl>
<bibl id="hofm_1847_03_0046_04">– <title>Variations brillantes sur un Duo de l’Opéra : Sultana, de M. Bourges. Op. <opus key="opus_0840">151</opus></title>. <pubPlace key="place_0392">Leipzig</pubPlace>, <publisher key="publ_0437">Br. u. Härtel</publisher> 25 Ngr.</bibl>
<bibl id="hofm_1847_03_0046_05"><composer key="compo_019119">Kullak (Th.)</composer> <title>Ein Feldlager in Schlesien, von G. Meyerbeer. Fantasie. Op. <opus key="opus_2131">30</opus></title>. <pubPlace key="place_0044">Berlin</pubPlace>, <publisher key="publ_3471">Schlesinger</publisher> 1 Thlr.</bibl>
<bibl id="hofm_1847_03_0046_06">– Idem leicht arr. von E.D. Wagner. Ebend. 20 Ngr.</bibl>
<wip id="hofm_1847_03_0046_07">– <title>Rayons et Ombres. 6 Pièces caractéristiques. Op. <opus key="opus_2670">39</opus></title>. <pubPlace key="place_0044">Berlin</pubPlace>, <publisher key="publ_1394">Guttentag</publisher>. <lb/><title>Cah. 1, Sérénade. Marche de Nuit. La Cloche du Soir</title>. 27½ Ngr. <lb/>– <title>2, Adieux à la Mer. Rêverie. Chant du Soir</title>. 25 Ngr.</wip>
<bibl id="hofm_1847_03_0046_08"><composer key="compo_020159">Laurent (ainé)</composer> <title>Frisette. Polka du Château rouge</title>. (Mit color. gedr. Vign.) <pubPlace key="place_0438">Mainz</pubPlace>, <publisher key="publ_3563">Schott</publisher> 45 Xr.</bibl>
<wip id="hofm_1847_03_0046_09"><composer key="compo_020257">Lecarpentier (Ad.)</composer> <title>2 petites Rècréations. Op. <opus key="opus_3031">46. No. 1, 2</opus></title>. <pubPlace key="place_0475">München</pubPlace>, <publisher key="publ_0028">Aibl</publisher>. <lb/><title>No. 1, La Chansonette du Pays de Mme L. Price</title>. 45 Xr. <lb/>– <title>2, Thème favori de Donizetti</title>. 54 Xr.</wip>
<bibl id="hofm_1847_03_0046_10">– <title>Rondo espagnol. Op. <opus key="opus_3738">63</opus></title>. Ebend. 1 Fl. 3 Xr.</bibl>
<bibl id="hofm_1847_03_0046_11">– <title>2 petites Récréations. Op. <opus key="opus_0137">104</opus></title>. <pubPlace key="place_0438">Mainz</pubPlace>, <publisher key="publ_3563">Schott</publisher> 1 Fl.</bibl>
<bibl id="hofm_1847_03_0046_12">– <title>Fantaisie sur deux Motifs de l’Opéra : Marie Stuart, de L. Niedermeyer. Op. <opus key="opus_0281">112</opus></title>. <pubPlace key="place_0438">Mainz</pubPlace>, <publisher key="publ_3563">Schott</publisher>. 54 Xr.</bibl>
<bibl id="hofm_1847_03_0046_13"><composer key="compo_020295">Leduc (A.)</composer> <title>Paquita. Ballet. Musique de E. Deldevez. Valse favorite</title>. (Mit color. gedr. Vign.) <pubPlace key="place_0438">Mainz</pubPlace>, <publisher key="publ_3563">Schott</publisher> 54 Xr.</bibl>
<bibl id="hofm_1847_03_0046_14"><composer key="compo_020767">Lewy (C.)</composer> <title>Fantasie über Motive der Oper: Die Zigeunerin, von M. W. Balfe. Op. <opus key="opus_0021">10</opus></title>. <pubPlace key="place_0731">Wien</pubPlace>, <publisher key="publ_2605">Mechetti</publisher> 1 Fl.</bibl>
<bibl id="hofm_1847_03_0046_15"><composer key="compo_021207">Loewe (C.)</composer> <title>Zigeuner-Sonate. Op. <opus key="opus_0182">107</opus>, in <key>A</key></title>. <pubPlace key="place_0147">Dresden</pubPlace>, <publisher key="publ_2993">Paul</publisher> 1 Thlr. 25 Ngr.</bibl>
<bibl id="hofm_1847_03_0046_16"><composer key="compo_022612">Mayer (Ch.)</composer> <title>Souvenir de l’Elbe. 1er Divertissement. Op. <opus key="opus_4671">95</opus></title>. <pubPlace key="place_0147">Dresden</pubPlace>, <publisher key="publ_2661">Meser</publisher> 1 Thlr.</bibl>
<bibl id="hofm_1847_03_0046_17">– <title>Air varié sur un Thème original. Op. <opus key="opus_4687">96</opus></title>. <pubPlace key="place_0392">Leipzig</pubPlace>, <publisher key="publ_2017">Kistner</publisher> 20 Ngr.</bibl>
<bibl id="hofm_1847_03_0046_18">– <title>Etude mélancolique. Op. <opus key="opus_4704">97</opus></title>. Ebend. 15 Ngr.</bibl>
<bibl id="hofm_1847_03_0046_19">– <title>La Dolcezza. Pensée fugitive</title>. <pubPlace key="place_0731">Wien</pubPlace>, <publisher key="publ_2605">Mechetti</publisher> 30 Xr.</bibl>
<bibl id="hofm_1847_03_0046_20">– <title>Le Rossignol captif. Valse</title>. <pubPlace key="place_0731">Wien</pubPlace>, <publisher key="publ_2605">Mechetti</publisher> 30 Xr.</bibl>
<bibl id="hofm_1847_03_0046_21"><composer key="compo_023239">Meyer (L. de)</composer> <title>La Danse du Serail. Grande Fantaisie orientale. Op. <opus key="opus_3244">51</opus></title>. <pubPlace key="place_0392">Leipzig</pubPlace>, <publisher key="publ_0437">Br. et Härtel</publisher> 1 Thlr.</bibl>
<wip id="hofm_1847_03_0046_22"><title>Miniatures d’Opéras modernes italiennes. Collection de Morceaux choisis. Cah. 1–12</title>. <pubPlace key="place_0475">München</pubPlace>, <publisher key="publ_0028">Aibl</publisher> à 36 Xr. <lb/><title>Cah. 1–3, <composer key="compo_005457">Cavigny</composer>, Nabucodonosor de Verdi. Op. <opus key="opus_2737">4</opus></title>. <lb/>– <title>4–6, – 1 Lombardi de Verdi. Op. <opus key="opus_2737">4</opus></title>. <lb/>– <title>7. 8, – Saffo de Pacini. Op. <opus key="opus_2737">4</opus></title>. <lb/>– <title>9, – Linda di Chamounix de Donizetti. Op. <opus key="opus_2737">4</opus></title>. <lb/>– <title>10–12, <composer key="compo_034914">Truzzi</composer>, Ernani de Verdi. Op. <opus key="opus_4017">71</opus></title>.</wip>
<bibl id="hofm_1847_03_0046_23"><composer key="compo_023828">Moscheles (Ign.)</composer> <title>Fantaisie sur des Motifs de l’Opéra : Le Siège de Rochelle, de M.W. Balfe</title>. <pubPlace key="place_0731">Wien</pubPlace>, <publisher key="publ_2605">Mechetti</publisher> 1 Fl.</bibl>
<bibl id="hofm_1847_03_0046_24"><composer key="compo_023890">Mozart (W.A.)</composer> <title>3 Quatuors p. Pfte, Viol., Alto et Vclle, arrangés en Sonates p. C.F. Ebers (in <key>Es</key>. <key>Gm</key>. <key>A</key>.) <edition>Neue Ausgabe</edition> in einem Bande</title>. <pubPlace key="place_0392">Leipzig</pubPlace>, <publisher key="publ_1746">Hofmeister</publisher> 1 Thlr. 15 Ngr.</bibl>
<bibl id="hofm_1847_03_0046_25"><composer key="compo_024457">Naumann (E.)</composer> <title>Sonate. Op. <opus key="opus_0001">1</opus>, in <key>Cm</key></title>. <pubPlace key="place_0392">Leipzig</pubPlace>, <publisher key="publ_0437">Br. et Härtel</publisher> 1 Thlr. 10 Ngr.</bibl>
<bibl id="hofm_1847_03_0046_26"><composer key="compo_025260">Oesten (Th.)</composer> <title>Variations sur la derniére Pensée de C.M. de Weber. Op. <opus key="opus_1271">19</opus></title>. <pubPlace key="place_0276">Hamburg</pubPlace>, <publisher key="publ_2870">Niemeyer</publisher> 10 Ngr.</bibl>
<wip id="hofm_1847_03_0046_27"><title>Oiseau d’Or (l’) Nouvel Album des Jeunes Pianistes. Contenant 12 Morceaux. <edition>Edition revue</edition> p. H. Herz</title>. <pubPlace key="place_0475">München</pubPlace>, <publisher key="publ_0028">Aibl</publisher> 3 Fl. <lb/><title>No. 1, Lecarpentier, L’Alouelle. Petite Bagatelle</title>. 36 Xr. <lb/>– <title>2, Hunten (Fr.) Le Bengali. Rondino</title>. 27 Xr.</wip>
<pb n="47"/>
<wip id="hofm_1847_03_0047_01"><title>Oiseau d’Or (l’) Nouvel Album des Jeunes Planistes</title>. <pubPlace key="place_0475">München</pubPlace>, <publisher key="publ_0028">Aibl</publisher>. <lb/><title>No. 3, Döhler, Le Pinson, Rondino</title>. 36 Xr. <lb/>– <title>4, Hünten (Fr.) L’Hirondelle. Rondino</title>. 36 Xr. <lb/>– <title>5, Döhler, La Fauvelle. Fantaisie</title>. 36 Xr. <lb/>– <title>6, Hunten (Fr.) Le Rossignol. Rondino</title>. 27 Xr. <lb/>– <title>7, Gomion, La’Tourterelle. Petite. Fantaisie</title>. 36 Xr. <lb/>– <title>8, Hunten (Fr.) Le Perroquet. Rondino</title>. 27 Xr. <lb/>– <title>9, Döhler, La Caille. Petite Fantaisie</title>. 36 Xr. <lb/>– <title>10, Herz (H.) Le Pigeon, Andante sentimental</title>. 27 Xr. <lb/>– <title>11, Döhler, Le Faucon. Rondino</title>. 36 Xr. <lb/>– <title>12, Beethoven, L’Aigle. Valse</title>. 27 Xr.</wip>
<album id="hofm_1847_03_0047_02"><title>Opernfreund (der kleine) Sammlung vorzüglicher Opern in einer Answahl der beliebtesten Melodien. No. 13–18</title>. <pubPlace key="place_0276">Hamburg</pubPlace>. <publisher key="publ_2870">Niemeyer</publisher> à 12½ Ngr. <lb/><title>No. 13, <composer key="compo_002199">Bellini</composer>, Die Puritaner</title>. <lb/>– <title>14, <composer key="compo_007196">Donizetti</composer>, Der Liebestrank</title>. <lb/>– <title>15, – Die Techter des Regiments</title>. <lb/>– <title>16, – Lucrezia Borgia</title>. <lb/>– <title>17, <composer key="compo_035402">Verdi</composer>, Nabucodonosor</title>. <lb/>– <title>18, <composer key="compo_028968">Rossini</composer>, Der Barbier von Sevilla</title>.</album>
<bibl id="hofm_1847_03_0047_03"><composer key="compo_025855">Pauer (E.)</composer> <title>Pensées Tùgitives. Op. <opus key="opus_1276">19. No. 1–3</opus></title>. <pubPlace key="place_0731">Wien</pubPlace>, <publisher key="publ_2605">Mechetti</publisher> à 30 Xr. <lb/><title>No. 1, Romance</title>. <lb/>– <title>2, Scherzo capriccioso</title>. <lb/>– <title>3, Nocturne</title>.</bibl>
<bibl id="hofm_1847_03_0047_04"><composer key="compo_026588">Plachy (W.)</composer> <title>Mélorama. Suite de Mélodies agréables et gracieuses. Op. <opus key="opus_0045">100</opus>. Cah. 8, 3 Motifs de l’Opéra : Le Siège de Rochelle de M.W. Balfe, variés</title>. <pubPlace key="place_0731">Wien</pubPlace>, <publisher key="publ_2605">Mechetti</publisher> 30 Xr.</bibl>
<bibl id="hofm_1847_03_0047_05"><title>Potpourri 11re de l’Opéra : Lucrezla Borgia de Donizetti, arr. p. C. Martin</title>. <pubPlace key="place_0044">Berlin</pubPlace>, <publisher key="publ_2971">Paez</publisher> 20 Ngr.</bibl>
<bibl id="hofm_1847_03_0047_06"><composer key="compo_027150">Prudent (E.)</composer> <title>Fantaïsie sur l’Opéra de F. Halevy : La Juive. Op. <opus key="opus_1881">26</opus></title>. <pubPlace key="place_0438">Mainz</pubPlace>, <publisher key="publ_3563">Schott</publisher> 2 Fl.</bibl>
<bibl id="hofm_1847_03_0047_07"><composer key="compo_027445">Raff (J.)</composer> <title>Tarantelle. Op. <opus key="opus_2187">31</opus></title>. <pubPlace key="place_0731">Wien</pubPlace>, <publisher key="publ_2605">Mechetti</publisher> 1 Fl.</bibl>
<bibl id="hofm_1847_03_0047_08"><composer key="compo_027647">Razoumovsky (le Comte)</composer> <title>Fantaisie sur des Thèmes de l’Opéra : Zayre, de S.A. le (D) uc de (S) achse-(C)oburg-(G)otha. Op. <opus key="opus_2737">4</opus></title>. <pubPlace key="place_0117">Coburg</pubPlace>, <publisher key="publ_3795">Sinner’sche Buchh</publisher>. 15 Ngr.</bibl>
<bibl id="hofm_1847_03_0047_09"><composer key="compo_028326">Riedel (Ant.)</composer> <title>Pensée fugitive. Etude concertante. Op. <opus key="opus_0001">1</opus></title>. <pubPlace key="place_0731">Wien</pubPlace>, <publisher key="publ_1269">Glöggl</publisher> 30 Xr.</bibl>
<bibl id="hofm_1847_03_0047_10"><composer key="compo_028854">Rosellen (H.)</composer> <title>3 Airs de Ballet arr. en Rondeaux. Op. <opus key="opus_1076">17. No. 2</opus>, Pas de Mlle Th. Eissler</title>. <pubPlace key="place_0276">Hamburg</pubPlace>, <publisher key="publ_0640">Cranz</publisher> 15 Ngr.</bibl>
<bibl id="hofm_1847_03_0047_11">– <title>Les Illustrations de la Scène italienne 5 Fantaisies élégantes. Op. <opus key="opus_4528">88. No. 1–5</opus></title>. <pubPlace key="place_0438">Mainz</pubPlace>, <publisher key="publ_3563">Schott</publisher> à 54 Xr. <lb/><title>No. 1, Fant. sur des Mélodies de Rossini</title>. <lb/>– <title>2, Fant. sur la Figlia dell’ Regimento</title>. <lb/>– <title>3, Fant. sur l’Opéra : Nabucodonosor</title>. <lb/>– <title>4, Fant. sur des Mélodies de Mercadante</title>. <lb/>– <title>5, Fant. sur l’Opéra : Linda di Chamounix</title>.</bibl>
<bibl id="hofm_1847_03_0047_12">– <title>Les Fleurs. Petit Album. No. 1–6</title>. <pubPlace key="place_0475">München</pubPlace>, <publisher key="publ_0028">Aibl</publisher> à 36 Xr. <lb/><title>No. 1, La Reseda</title>. <lb/>– <title>2, L’Iris</title>. <lb/>– <title>3, Le Rose blanche</title>. <lb/>– <title>4, L’Hortensia</title>. <lb/>– <title>5, Le Bouton-d’Or</title>. <lb/>– <title>6, Le Lys</title>.</bibl>
<bibl id="hofm_1847_03_0047_13"><composer key="compo_029911">Schaeffer (Jul.)</composer> <title>Fantasiestücke. Op. <opus key="opus_0001">1</opus></title>. <pubPlace key="place_0392">Leipzig</pubPlace>, <publisher key="publ_0437">Br. u. Härtel</publisher> 1 Thlr. 5 Ngr.</bibl>
<bibl id="hofm_1847_03_0047_14"><composer key="compo_030657">Schmitt (Jacq.)</composer> <title>Tendre reproche. Nocturne. Op. <opus key="opus_0451">123</opus>, <edition>Nouv, Edit</edition></title>. <pubPlace key="place_0276">Hamburg</pubPlace>, <publisher key="publ_2870">Niemeyer</publisher> 12½ Ngr.</bibl>
<bibl id="hofm_1847_03_0047_15">– <title>Adagio et Rondeau, tiré du grand Concert. Op. <opus key="opus_2146">300</opus></title>. Ebend. 22½ Ngr.</bibl>
<bibl id="hofm_1847_03_0047_16">– <title>Tägliche Uebungen, um den Fingern eine gleichmäsaige Kraft und Ausufauer zu geben. Auszug aus der grossen Pfteschule</title>. Ebend. 15 Ngr.</bibl>
<pb n="48"/>
<bibl id="hofm_1847_03_0048_01"><composer key="compo_031181">Schulhoff (J.)</composer> <title>Morceau de Concert</title>. Siehe: <xref type="external" from="hofm_1847_03_0048_16" to="DITTO" targOrder="U">Ouverturen: Mehul, Ouv. du jeune Henri</xref>.</bibl>
<bibl id="hofm_1847_03_0048_02"><composer key="compo_032543">Sokulski (Ant.)</composer> <title>Souvenir à mes Elèves. Cah. 1, 2</title>. <pubPlace key="place_0392">Leipzig</pubPlace>, <publisher key="publ_2017">Kistner</publisher> à 25 Ngr. <lb/><title>Cah. 1, Introduction de l’Opéra : Lucrezia Borgia, de Donizetti. Traduction</title>. <lb/>– <title>2, Fantaisie sur des Motifs de l’Opéra : Lucrezia Borgia</title>.</bibl>
<bibl id="hofm_1847_03_0048_03"><composer key="compo_032801">Sponholtz (A.H.)</composer> <title>4 Pièces caractéristiques. Op. <opus key="opus_0927">16</opus>. (Les Amans. Les Extrêmes. Les Flots. La Gràce.)</title> <pubPlace key="place_0044">Berlin</pubPlace>, <publisher key="publ_1394">Guttentag</publisher> 22½ Ngr.</bibl>
<bibl id="hofm_1847_03_0048_04"><composer key="compo_034169">Taubert (Guill.)</composer> <title>Preciosa. Solo, Op. <opus key="opus_4017">71</opus></title>. <pubPlace key="place_0044">Berlin</pubPlace>, <publisher key="publ_1394">Guttentag</publisher> 20 Ngr.</bibl>
<bibl id="hofm_1847_03_0048_05"><composer key="compo_034210">Tedesco (Ign.)</composer> <title>Réminiscences du Barbier de Seville de Rossini. Grande Fantaisie. Op. <opus key="opus_1165">18</opus></title>. <pubPlace key="place_0392">Leipzig</pubPlace>, <publisher key="publ_0437">Br. et Härtel</publisher> 1 Thlr.</bibl>
<bibl id="hofm_1847_03_0048_06">– <title>3 Pensées fugitives. Op. <opus key="opus_1271">19</opus></title>. Ebend. 15 Ngr.</bibl>
<bibl id="hofm_1847_03_0048_07">– <title>Böhmische National-Lieder. Op. <opus key="opus_1584">22</opus>. 1stes Heft</title>. Ebend. 15 Ngr.</bibl>
<bibl id="hofm_1847_03_0048_08"><composer key="compo_034914">Truzzi</composer>, Op. <opus key="opus_4017">71</opus>. Siehe: <xref type="external" from="hofm_1847_03_0046_22" to="DITTO" targOrder="U">Miniatures</xref>.</bibl>
<bibl id="hofm_1847_03_0048_09"><composer key="compo_035171">Unia (Jos)</composer> <title>Petit Caprice sur l’Opéra de Verdi: Attila. Op. <opus key="opus_2764">40</opus></title>. <pubPlace key="place_0475">München</pubPlace>, <publisher key="publ_0028">Aibl</publisher> 1 Fl. 3 Xr.</bibl>
<bibl id="hofm_1847_03_0048_10"><composer key="compo_035758">Voss (Ch.)</composer> <title>Regards d’Amour. Mélodie. Op. <opus key="opus_4153">76</opus></title>. <pubPlace key="place_0044">Berlin</pubPlace>, <publisher key="publ_0393">Bote et B</publisher>. 15 Ngr.</bibl>
<bibl id="hofm_1847_03_0048_11">– <title>Grande Fantaisie sur Belisario et Elisire d’Amore. Opéras de Donizetti. Op. <opus key="opus_4181">77</opus></title>. Ebend. 1 Thlr. 5 Ngr.</bibl>
<bibl id="hofm_1847_03_0048_12"><composer key="compo_036022">Wallace (W.V.)</composer> <title>Chant’ Amour. Romance. Op. <opus key="opus_1881">26</opus></title>. <pubPlace key="place_0438">Mainz</pubPlace>, <publisher key="publ_3563">Schott</publisher> 1 Fl.</bibl>
<bibl id="hofm_1847_03_0048_13"><composer key="compo_037125">Willmers (R.)</composer> <title>Rêveries poëtiques. Op. <opus key="opus_3105">48</opus></title>. <pubPlace key="place_0731">Wien</pubPlace>, <publisher key="publ_2605">Mechetti</publisher> 1 Fl. 15 Xr.</bibl>
<bibl id="hofm_1847_03_0048_14"><composer key="compo_037473">Wolfart (H.)</composer> <title>Les Jeux et Fêtes de l’Enfance, Recompense des Enfants laborieux. 20 Morceaux mignons et progressifs. Cah. 1, Le Cerceau. Fantaisie sur la Lisette de Beranger. La Fête du bon Papa. Rondo sur une Romance de Donizetti</title>. <pubPlace key="place_0044">Berlin</pubPlace>, <publisher key="publ_3899">Stern et Co</publisher>. 15 Ngr.</bibl>
<bibl id="hofm_1847_03_0048_15"><composer key="compo_038309">Zwirner (H.)</composer> <title>Polonaise</title> (F. Mendelssohn-Bartholdy gew.) <pubPlace key="place_0392">Leipzig</pubPlace>, <publisher key="publ_0134">Autor</publisher> 10 Ngr.</bibl>
</div><div id="hofm_1847_03_0048_div12"><head><hofClass key="hofCl_0273">Ouverturen für das Pianoforte.</hofClass></head>
<bibl id="hofm_1847_03_0048_16"><composer key="compo_024030">Méhul</composer>, <title>Ouverture du jeune Henri, arr. p. J. Schulhoff</title>. (Morceau de Concert.) <pubPlace key="place_0438">Mainz</pubPlace>, <publisher key="publ_3563">Schott</publisher> 1 Fl. 48 Xr.</bibl>
</div><div id="hofm_1847_03_0048_div13"><head><hofClass key="hofCl_0288">Tänze für das Pianoforte.</hofClass></head>
<bibl id="hofm_1847_03_0048_17"><composer key="compo_000459">Alred (A.J.)</composer> <title>Emille. Mazure</title>. <pubPlace key="place_0401">Lemberg</pubPlace>, <publisher key="publ_2873">Niemirowski</publisher> 20 Xr.</bibl>
<bibl id="hofm_1847_03_0048_18"><composer key="compo_001395">Balfe (M.W.)</composer> <title>Walzer über Motive der Oper: Die Zigeunerin</title>. <pubPlace key="place_0731">Wien</pubPlace>, <publisher key="publ_2605">Mechetti</publisher> 45 Xr.</bibl>
<bibl id="hofm_1847_03_0048_19"><composer key="compo_001507">Baresch (M.)</composer> <title>La Rose. Polka</title>. <pubPlace key="place_0401">Lemberg</pubPlace>, <publisher key="publ_2873">Niemirowski</publisher> 15 Xr.</bibl>
<bibl id="hofm_1847_03_0048_20"><composer key="compo_005036">Börs (Otto)</composer> <title>Zigëunerleben. Tänze. No. 1–4</title>. <pubPlace key="place_0276">Hamburg</pubPlace>, <publisher key="publ_0640">Cranz</publisher> à 5 Ngr. <lb/><title>No. 1, Githana-Walzer</title>. <lb/>– <title>2, Githana-Galopp</title>. <lb/>– <title>3, Githana-Polka</title>. <lb/>– <title>4, Zigeuner-Marsch</title>.</bibl>
<bibl id="hofm_1847_03_0048_21"><composer key="compo_005246">Canthal (A.M.)</composer> <title>Polka infernale. Op. <opus key="opus_4502">87</opus></title>. <pubPlace key="place_0276">Hamburg</pubPlace>. <publisher key="publ_2870">Niemeyer</publisher> 7½ Ngr.</bibl>
<bibl id="hofm_1847_03_0048_22">– <title>Bunte Blumen. Walzer. Op. <opus key="opus_0115">103</opus></title>. Ebend. 12½ Ngr.</bibl>
<bibl id="hofm_1847_03_0048_23">– <title>Lombarden-Polka. Op. <opus key="opus_0299">113</opus></title>. Ebend. 7½ Ngr.</bibl>
<bibl id="hofm_1847_03_0048_24"><composer key="compo_009360">Fischer (C.)</composer> <title>Huldigungs-Polka</title>. <pubPlace key="place_0157">Düsseldorf</pubPlace>, <publisher key="publ_0307">Beyer u. Co</publisher>. (<pubPlace key="place_0392">Leipz</pubPlace>, <publisher key="publ_1746">Hofmeister</publisher>) 5 Ngr.</bibl>
<bibl id="hofm_1847_03_0048_25"><composer key="compo_010762">Gawlikowski (Ph.)</composer> <title>La Mode. Nouvelle Valse à cinq Tems. Avec la Théorie de cette Danse</title>. <pubPlace key="place_0438">Mainz</pubPlace>, <publisher key="publ_3563">Schott</publisher> 18 Xr.</bibl>
<bibl id="hofm_1847_03_0048_26">– <title>La Napolitaine. Nouvelle Tarentelle Avec la Théorie de cette Danse</title>. Ebend. 18 Xr.</bibl>
<pb n="49"/>
<bibl id="hofm_1847_03_0049_01"><composer key="compo_011435">Gnatkowski (A.)</composer> <title>5 Mazures et Polka pour le Carneval 1847. Op. <opus key="opus_0927">16</opus></title>. <pubPlace key="place_0401">Lemberg</pubPlace>, <publisher key="publ_4432">Winiarz</publisher> 40 Xr.</bibl>
<listBibl><bibl id="hofm_1847_03_0049_02"><composer key="compo_019573">Kühner (W.)</composer> <title>Charlotten-Polka. Op. <opus key="opus_4502">87</opus></title>. <pubPlace key="place_0438">Mainz</pubPlace>, <publisher key="publ_3563">Schott</publisher> 18 Xr.</bibl>
<bibl id="hofm_1847_03_0049_03">– <title>Lisetten-Galopp. Op. <opus key="opus_4601">91</opus></title>. Ebend. 18 Xr. <lb/>(Die Rheinländer No. 114, 115.)</bibl></listBibl>
<bibl id="hofm_1847_03_0049_04">– <title>Polka-Mazurka und Valse arragonaise</title>. Ebend. 18 Xr.</bibl>
<bibl id="hofm_1847_03_0049_05"><composer key="compo_019632">Laade (Friedr.)</composer> <title>Künstler-Grüsse. Walzer. Op. <opus key="opus_1390">20</opus></title>. <pubPlace key="place_0044">Berlin</pubPlace>, <publisher key="publ_2971">Paez</publisher> 15 Ngr.</bibl>
<bibl id="hofm_1847_03_0049_06"><composer key="compo_019654">Labitzky (Jos.)</composer> <title>Cambridge-Walzer. Op. <opus key="opus_0612">133</opus></title>. <pubPlace key="place_0392">Leipzig</pubPlace>, <publisher key="publ_1746">Hofmeister</publisher> 15 Ngr.</bibl>
<bibl id="hofm_1847_03_0049_07">– <title>Gruss an London. 3 Polka. Op. <opus key="opus_0621">134</opus></title>. Ebend. 15 Ngr.</bibl>
<bibl id="hofm_1847_03_0049_08">– <title>Ball-Sträusschen. Sammlung beliebter Tänze im leichtesten Arrangement. Heft 35, 36</title>. Ebend. à 10 Ngr. <lb/><title>Heft 35, Cambridge-Walzer</title>. <lb/>– <title>36, Gruss an London. 3 Polka</title>.</bibl>
<bibl id="hofm_1847_03_0049_09"><composer key="compo_020755">Lewicki (Jos.)</composer> <title>4 Mazures</title>. <pubPlace key="place_0401">Lemberg</pubPlace>, <publisher key="publ_2873">Niemirowski</publisher> 30 Xr.</bibl>
<bibl id="hofm_1847_03_0049_10"><composer key="compo_025586">Pacher (J.A.)</composer> <title>4 Valses. Op. <opus key="opus_0531">13</opus></title>. <pubPlace key="place_0731">Wien</pubPlace>, <publisher key="publ_2605">Mechetti</publisher> 45 Xr.</bibl>
<bibl id="hofm_1847_03_0049_11"><composer key="compo_026239">Petzmayer (Joh.)</composer> <title>Ball-Bouquet. Walzer. Op. <opus key="opus_0234">11</opus></title>. <pubPlace key="place_0475">München</pubPlace>, <publisher key="publ_0996">Falter</publisher> 54 Xr.</bibl>
<bibl id="hofm_1847_03_0049_12"><composer key="compo_028286">Richter (L.)</composer> <title>Louisen-Walzer</title>. <pubPlace key="place_0044">Berlin</pubPlace>, <publisher key="publ_0951">Esslinger</publisher> 15 Ngr.</bibl>
<album id="hofm_1847_03_0049_13"><title>Sammlung der beliebtesten Tänze und Märsche. No. 12–14, 16</title>. <pubPlace key="place_0276">Hamburg</pubPlace>, <publisher key="publ_2870">Niemeyer</publisher> à 5 Ngr. <lb/><title>No. 12, <composer key="compo_010439">G. v. A.</composer>, Mathilden-Polka</title>. <lb/>– <title>13, Carnevals-Quadrille</title>. <lb/>– <title>14, <composer key="compo_001169">Axt</composer>, <unclear>Holsaten</unclear>-Galopp</title>. <lb/>– <title>16, <composer key="compo_002928">Biehl</composer>, Elisen- und Jenny-Polka</title>. 8. <pubPlace key="place_0475">München</pubPlace>, <publisher key="publ_0996">Falter</publisher> 9 Xr.</album>
<bibl id="hofm_1847_03_0049_14"><composer key="compo_029888">Schacht (M.)</composer> <title>Beliebte Tänze. No. 40, 41</title>. <pubPlace key="place_0280">Hannover</pubPlace>. <publisher key="publ_2808">Nagel</publisher> à 5 Ngr. <lb/><title>No. 40, Der lusilge Tänzer. Galopp</title>. <lb/>– <title>41, Gondelfahrer-Galopp</title>.</bibl>
<bibl id="hofm_1847_03_0049_15"><composer key="compo_031769">Sckell (Pauline)</composer> <title>Fanny-Polka</title>. <pubPlace key="place_0475">München</pubPlace>, <publisher key="publ_0996">Falter</publisher> 9 Xr.</bibl>
<bibl id="hofm_1847_03_0049_16"><composer key="compo_033569">Strauss (Joh.)</composer> <title>Bouquets. Walzer zur Erinnerung an Troppau. Op. <opus key="opus_1334">197</opus></title>. <pubPlace key="place_0731">Wien</pubPlace>, <publisher key="publ_1506">Haslinger</publisher> 45 Xr.</bibl>
<bibl id="hofm_1847_03_0049_17">– <title>Ländlich, sittlich! Walzer (im Ländlerstyle). Op. <opus key="opus_1339">198</opus></title>. Ebend. 45 Xr.</bibl>
<bibl id="hofm_1847_03_0049_18">– <title>Die junge Tänzerin. Sammlung der schönsten Walzer im leichteren Style</title>. Ebend. à 30 Xr. <lb/><title>Heft 70, Bouquets (als Erinnerung an Troppau)</title>. <lb/>– <title>71, Ländlich, sittlich!</title></bibl>
<bibl id="hofm_1847_03_0049_19"><composer key="compo_036202">Warzieszkiewicz (St.)</composer> <title>2 Mazures</title>. <pubPlace key="place_0401">Lemberg</pubPlace>, <publisher key="publ_2873">Niemirowski</publisher> 20 Xr.</bibl>
</div><div id="hofm_1847_03_0049_div14"><head><hofClass key="hofCl_0250">Märsche für das Pianoforte.</hofClass></head>
<bibl id="hofm_1847_03_0049_20"><composer key="compo_000589">Andel (A.v.)</composer> <title>Parade-Marsch</title>. <pubPlace key="place_0276">Hamburg</pubPlace>, <publisher key="publ_2870">Niemeyer</publisher> 5 Ngr.</bibl>
<bibl id="hofm_1847_03_0049_21"><composer key="compo_013144">Hamm</composer>, <title>Milanollo-Marsch</title>. <pubPlace key="place_0157">Düsseldorf</pubPlace>, <publisher key="publ_0307">Beyer u. Co</publisher>. (<pubPlace key="place_0392">Leipz</pubPlace>., <publisher key="publ_1746">Hofmeister</publisher>) 5 Ngr.</bibl>
</div><div id="hofm_1847_03_0049_div15"><head><hofClass key="hofCl_0072">Lehrbücher für das Pianoforte.</hofClass></head>
<bibl id="hofm_1847_03_0049_22"><composer key="compo_030657">Schmitt (Jacq.)</composer> <title>Vollständlge practische Pianoforte-Schule für Lehrer und Lernende mit mehr als 500 Notenbeisplelen</title>. <pubPlace key="place_0276">Hamburg</pubPlace>, <publisher key="publ_2870">Niemeyer</publisher> geh. 4 Thlr.</bibl>
<bibl id="hofm_1847_03_0049_23">– Idem in 4 Lieferungen. 1ste Lieferung. Ebend. 1 Thlr.</bibl>
<bibl id="hofm_1847_03_0049_24"><composer key="compo_038235">Zogbaum (Gust.)</composer> <title>Die Verzierungen im Pianofortespiele. Theoretisch-practische Schule aller im neuen Klavier-Spiele vorkommenden wesentliches Verzierungen: Vorschlag, Doppelvorschlag, Schleifer, Triller, Ribatutta, Pralltriller, Doppelschlag, Arpeggio, Tremolo, mit Berücksicht. der älteren Manieren, wie: Nachschlag, Zusammenschlag, Mordent. Battement, und 80 zweckmässigen Uebungastücken. Op. <opus key="opus_2948">44</opus></title>. <pubPlace key="place_0044">Berlin</pubPlace>, <publisher key="publ_2971">Paez</publisher> 1 Thlr. 15 Ngr.</bibl>
<pb n="50"/>
</div><div id="hofm_1847_03_0050_div16"><head><hofClass key="hofCl_0068">Kirchenmusik.</hofClass></head>
<bibl id="hofm_1847_03_0050_01"><composer key="compo_000217">Aiblinger (J.C.)</composer> <title>17 Vesperpsalmen f. 4 Singst., 2 Viol., Viola, 2 Hörner, 2 Trompeten, 2 Oboen, Pauken u. Orgel. Op. <opus key="opus_0392">12</opus></title>. <pubPlace key="place_0475">München</pubPlace>, <publisher key="publ_0996">Falter</publisher> 7 Fl. 12 Xr.</bibl>
<bibl id="hofm_1847_03_0050_02">– <title>6 Offertoria und 6 Gradualia f. 5 Singstimmen. Op. <opus key="opus_0531">13</opus> u. <opus key="opus_0684">14</opus></title>. Ebend. 2 Fl. 24 Xr.</bibl>
<bibl id="hofm_1847_03_0050_03"><composer key="compo_002540">Bergt (Aug.)</composer> <title>Die christlichen Feste. Leicht ausführbare Kirchenmusiken. No. 3, Cantate zum Reformationsfeste f. 4 Singst., 2 Viol., Bratsche, Bass, 2 Clarin., 2 Hörner, 2 Tromp. u. Pauken (2 Fagotts u. Bassposaune ad lib.)</title> 4. <pubPlace key="place_0449">Meissen</pubPlace>, <publisher key="publ_1397">Gödsche</publisher> 1 Thlr. 5 Ngr. n.</bibl>
<album id="hofm_1847_03_0050_04"><title>Bibliothek (neue) f. Kirchen-Musik, mehrstimmig mit Orgel-Begl. Part. 5te Lief., <composer key="compo_008738">Eykens</composer>, Tantum ergo. <composer key="compo_006798">Deprès</composer>, Miserere, und: Ave vera virginitatis. <composer key="compo_016261">Janssen</composer>, Adoro te. Benedictio, Tota pulchra, und: Aima. <composer key="compo_007583">Duval</composer>, Iste confessor, und: Ave Maria. <composer key="compo_005382">Casciolini</composer>, Panis angelicus. <composer key="compo_009318">Fioravanti</composer>, O vos omnes</title>. <pubPlace key="place_0438">Mainz</pubPlace>, <publisher key="publ_3563">Schott</publisher> 36 Xr. n.</album>
<bibl id="hofm_1847_03_0050_05"><title>Cantica spiritualla, od. Auswahl geistl. Lieder</title>. Siehe: <xref type="external" from="hofm_1847_03_0053_04" to="DITTO" targOrder="U">Gesange f. eine Stimme m. Pfte</xref>.</bibl>
<bibl id="hofm_1847_03_0050_06"><composer key="compo_005382">Casciolini (Cl.)</composer> <title>Missa a 4 Vocibus (Sopr., Contralto, Ten. et Basso) cum Organo</title>. <pubPlace key="place_0438">Mainz</pubPlace>, <publisher key="publ_3563">Schott</publisher> 2 Fl. 24 Xr.</bibl>
<wip id="hofm_1847_03_0050_07"><composer key="compo_005894">Commer (Fr.)</composer> <title>2 Motetten f. 4 Männerstimmen. (Wie der Hirsch schreit. Mein Gott warum hast du). <format>Partitur u. Stimmen</format></title>. 8. <pubPlace key="place_0044">Berlin</pubPlace>, <publisher key="publ_1394">Guttentag</publisher> 27½ Ngr. <lb/><format>Partitur</format> 12½ Ngr. <lb/><format>Stimmen</format> 15 Ngr.</wip>
<bibl id="hofm_1847_03_0050_08"><composer key="compo_007584">Duval (E.)</composer> <title>Stabat Mater a 4 Vocibus (2 Ten. et 2 Bassi) cum Organo</title>. <pubPlace key="place_0438">Mainz</pubPlace>, <publisher key="publ_3563">Schott</publisher> 1 Fl. 12 Xr.</bibl>
<bibl id="hofm_1847_03_0050_09"><composer key="compo_008497">Erk (L.)</composer> <title>Choralmelodienbuch f. Schulen u. Kirchen evangel. Bekennmisses. Mit unterl. Texte u. hericht. Lesarten. 86 Melodien</title>. <pubPlace key="place_0044">Berlin</pubPlace>, <publisher key="publ_2473">Logier</publisher> 2½ Ngr. n.</bibl>
<bibl id="hofm_1847_03_0050_10"><composer key="compo_012992">Hahn (B.)</composer> <title>6te Messe f. Sopran. Alt, Ten. u. Bass, 2 Viol., Viola, Contrab, 2 Oboen, 2 Hörner u. Orgel</title>. (Musikalischer Kirchenschalz Lief. 6.) <pubPlace key="place_0082">Breslau</pubPlace>, <publisher key="publ_2386">Leuckart</publisher> 2 Thlr. 10 Ngr.</bibl>
<bibl id="hofm_1847_03_0050_11"><composer key="compo_016264">Janssen (N.A.)</composer> <title>Missa a 3 Vocibus (2 Ten. et Basso) cum Organo</title>. <pubPlace key="place_0438">Mainz</pubPlace>, <publisher key="publ_3563">Schott</publisher> 1 Fl. 30 Xr.</bibl>
<bibl id="hofm_1847_03_0050_12"><composer key="compo_017214">Kelz (J.F.)</composer> <title>Der 90ste Psalm (Herr Gott, du bist unsre Zuflucht) f. Sopr., Alt, Tenor u. Bass. Op. <opus key="opus_1985">277</opus>. <format>Partitur u. Stimmen</format></title>. <pubPlace key="place_0044">Berlin</pubPlace>, <publisher key="publ_2971">Paez</publisher> 20 Ngr. (Stimmen einzeln à 2½ Ngr.)</bibl>
<bibl id="hofm_1847_03_0050_13"><composer key="compo_018698">Krenn (Fr.)</composer> <title>Requiem f. 4 Singst. u. Orgel obl. (2 Viol. u. 2 Hörner ad lib.) Op. <opus key="opus_1068">17</opus>, in <key>Dm</key></title>. <pubPlace key="place_0475">München</pubPlace>, <publisher key="publ_0996">Falter</publisher> 2 Fl. 24 Xr.</bibl>
<bibl id="hofm_1847_03_0050_14"><composer key="compo_031119">Schubert (Ferd.)</composer> <title>Offertorium (Tu es Deus) f. 4 Männerstimmen. Op. <opus key="opus_1584">22</opus></title>. 8vo. <pubPlace key="place_0731">Wien</pubPlace>, <publisher key="publ_1269">Glöggl</publisher> 15 Xr.</bibl>
<bibl id="hofm_1847_03_0050_15">– <title>Die Kinder bel der Krippe, f. 2 Soprane u. Alt, m. Begl. von 2 Viol., Viola, Vclle u. Contrab., Flöte u. 2 Waldhörner, auch ohne Orch. m. Orgel od. Pfte. Op. <opus key="opus_2630">38</opus></title>. Ebend. 1 Fl.</bibl>
<bibl id="hofm_1847_03_0050_16"><composer key="compo_035416">Verhulst (J.J.H.)</composer> <title>Messe. Op. <opus key="opus_1390">20</opus>. Die 4 Solo- und 4 Chorstimmen</title>. <pubPlace key="place_0438">Mainz</pubPlace>, <publisher key="publ_3563">Schott</publisher> 6 Fl. 36 Xr.</bibl>
<bibl id="hofm_1847_03_0050_17"><composer key="compo_036519">Weiss (Jul.)</composer> <title>Der 138ste Psalm (Ich danke dir von ganzem Herzen) f. Sopr., Alt, Ten. u. Bass. Op. <opus key="opus_0927">16</opus>. <format>Part. u. Stimmen</format></title>. 8. <pubPlace key="place_0044">Berlin</pubPlace>, <publisher key="publ_1394">Guttentag</publisher> 1 Thlr. <lb/><format>Partitur</format> 10 Ngr. <lb/><format>Stimmen</format> (à 5 Ngr.) 20 Ngr.</bibl>
<pb n="51"/>
</div><div id="hofm_1847_03_0051_div17"><head><hofClass key="hofCl_0021">Gesangstücke für Concertmusik mit Begleitung mehrerer Instrumente.</hofClass></head>
<bibl id="hofm_1847_03_0051_01"><composer key="compo_030562">Schmidt (G.)</composer> <title>Vöglein mein Bote, f. eine Singstimme m. Begl. d. Violine u. Pfte</title>. <pubPlace key="place_0080">Bremen</pubPlace>, <publisher key="publ_1467">Hampe</publisher> 10 Ngr.</bibl>
<bibl id="hofm_1847_03_0051_02"><composer key="compo_035020">Täglichsbeck (Th.)</composer> <title>5 Chorgesänge f. Sopr., Alt, Ten, u. Bass m. Begl. von 2 Trompeten, 2 Hörner, 3 Posaunen und Ophykleide (od. Bombardon). Op. <opus key="opus_2066">29</opus>. (Weihegesang. Aufforderung. Festlied. Fest-Abendlied. Nachruf an die fortzichenden Krieger)</title>. 8. <pubPlace key="place_0475">München</pubPlace>, <publisher key="publ_0996">Falter</publisher> 1 Fl. 48 Xr.</bibl>
</div><div id="hofm_1847_03_0051_div18"><head><hofClass key="hofCl_0102">Mehrstimmige Gesänge mit und ohne Pianoforte.</hofClass></head>
<bibl id="hofm_1847_03_0051_03"><composer key="compo_001602">Barth (G.)</composer> <title>Abend und Morgen. Gedicht v. C. Hor, f. 4 Mäunerstimmen. <format>Part. u. Stimmen</format></title>. (Liederbuch des Wiener Männergesang. Vereins 2ter Jahrg. 1ste Lief.) 8. <pubPlace key="place_0731">Wien</pubPlace>. <publisher key="publ_1269">Glöggl</publisher> 1 Fl.</bibl>
<bibl id="hofm_1847_03_0051_04"><composer key="compo_012185">Gross (G.H.)</composer> <title>Liederkranz. Mehrstimmige Gesänge (f. 4 Mánnerstimmen) der Hamburger Volks-Liedertafel. 1ster–3ter Band</title>. qu. 8. <pubPlace key="place_0276">Hamburg</pubPlace>, <publisher key="publ_2870">Niemeyer</publisher> geb: à 1 Thlr. *n.</bibl>
<bibl id="hofm_1847_03_0051_05"><composer key="compo_013599">Hauptmann (M.)</composer> <title>6 vierstimmige Lieder f. Sopr., Alt, Ten. u. Bass. Op. <opus key="opus_2268">32</opus>. <format>Part. u. Stimmen</format>. (Sängerfahrt. Zigeunerlied. Frühlingsliebe. Abendlied. Frühlingsreïgen. Waldeinsamkeit)</title>. 8. <pubPlace key="place_0392">Leipzig</pubPlace>, <publisher key="publ_0437">Br. u. Härtel</publisher> 1 Thlr. 20 Ngr.</bibl>
<bibl id="hofm_1847_03_0051_06"><composer key="compo_014574">Herzberg (W.)</composer> <title>6 vierstimmige Gesänge f. Sopran, Alt, Ten. u. Bass. <format>Part. u. Stimmen</format>. Op. <opus key="opus_3967">7</opus>. (Vogelsprache. Herbstlust. Elfenlied. Im Wald. Frühlingsglaube. Die Braut.)</title> <pubPlace key="place_0044">Berlin</pubPlace>, <publisher key="publ_1394">Guttentag</publisher> 1 Thlr. 10 Ngr. (<format>Stimmen</format> à 7½ Ngr.)</bibl>
<wip id="hofm_1847_03_0051_07"><composer key="compo_014826">Hiller (Ferd.)</composer> <title>Gesang der Geister über dem Wasser. Gedicht v. Göthe, für Chor u. Orchester. Op. <opus key="opus_2509">36</opus></title>. <pubPlace key="place_0044">Berlin</pubPlace>, <publisher key="publ_1394">Guttentag</publisher>. <lb/><format>Klavier-Auszug</format> 25 Ngr. <lb/><format>Chorstimmen</format>. qu. 8. (à 2½ Ngr.) 10 Ngr.</wip>
<wip id="hofm_1847_03_0051_08"><composer key="compo_017898">Knappe</composer>, <title>3 deutsche Lieder f. vierstimmigen Männerchor. <format>Partitur u. Stimmen</format>. (Mein Lieben. Bundeszeichen. Gebet.)</title> 8. <pubPlace key="place_0157">Düsseldorf</pubPlace>, <publisher key="publ_0307">Beyer u. Co</publisher>. (<pubPlace key="place_0392">Leipzig</pubPlace>, <publisher key="publ_1746">Hofmeister</publisher>) 15 Ngr. (Die <format>Stimmen</format> apart 10 Ngr.)</wip>
<bibl id="hofm_1847_03_0051_09"><composer key="compo_018763">Kreutzer (Conr.)</composer> <title>Sammlung von 134 vierstimmigen Gesängen u. Chören f. Männerstimmen. Neue Ausgabe in <format>Part. u. Stimmen</format>. 11tes Heft, 6 Gedichte. (Der Gesang. Das Lied der Schweizer. Heimweh. Die Kapelle. Mädchens Morgenlied. Jägers Lust.)</title> 8. <pubPlace key="place_0438">Mainz</pubPlace>, <publisher key="publ_3563">Schott</publisher> Subscr.-Pr. 54 Xr. n.</bibl>
<bibl id="hofm_1847_03_0051_10"><composer key="compo_018811">Krigar (H.)</composer> <title>Frühlingsträume. Duett f. Sopr. u. Ten. m. Begl. d. Pfte. Op. <opus key="opus_3565">6</opus></title>. <pubPlace key="place_0044">Berlin</pubPlace>, <publisher key="publ_2165">Krigar</publisher> 7½ Ngr.</bibl>
<bibl id="hofm_1847_03_0051_11"><composer key="compo_020839">Liebe (L.)</composer> <title>6 Turnlieder f. 4 Männerstimmen. Op. <opus key="opus_4300">8</opus>. Heft 1, 2. <format>Part. u. Stimmen</format></title>. 8. <pubPlace key="place_0438">Mainz</pubPlace>, <publisher key="publ_3563">Schott</publisher> à 1 Fl. 12 Xr. <lb/><title>Heft 1, Auf! ihr Turner. Worte u. Thaten. Auf! ihr Brüder. Fahnenweihe. Stosst an. Was ist ein Turner</title>. <lb/>– <title>2, Gut Heil. Bahnfrei. Deutsches Wanderlied. Auf und singt. Gebet. Abendmarsch</title>.</bibl>
<wip id="hofm_1847_03_0051_12"><title>Liederkrone (Deutschlands) herausg. v. F. Brand. 2ter Band, 2te Lief</title>. 160. <pubPlace key="place_0627">Schw. Hall</pubPlace>, <publisher key="publ_2882">Nitzsche</publisher>. <lb/><format>Stimmen</format> (à 3 Ngr.) 12 Ngr. n. <lb/><format>Partitur</format> 6 Ngr. n.</wip>
<wip id="hofm_1847_03_0051_13"><composer key="compo_025516">Otto (Jul.)</composer> <title>Ernst und Schërz. Originalcompositionen f. Männerstimmen. 18te Heft, Becker (V.E.) Gesellschaftslied, und: Marsch. Abt, Abendlied. Fischer (W.) Kirmeslied. Otto, Zwiegesang</title>. 8. <pubPlace key="place_0615">Schleusingen</pubPlace>, <publisher key="publ_1260">Glaser</publisher>. <lb/><format>Partitur</format> 6 Ngr. n. <lb/><format>Stimmen</format> (à 2½ Ngr.) 10 Ngr. n.</wip>
<bibl id="hofm_1847_03_0051_14"><composer key="compo_026230">Petschke (H.T.)</composer> <title>6 Lieder und Gesänge f. vierstimmigen Männerchor. 2te Samml. Op. <opus key="opus_0234">11</opus>. (Waldlied. Die Studenten. Grabgesang. Bachanale. Reiterlied. Musketierlied.) <format>Part. u. Stimmen</format></title>. 8. <pubPlace key="place_0392">Leipzig</pubPlace>, <publisher key="publ_2017">Kistner</publisher> 1 Thlr. 15 Ngr.</bibl>
<pb n="52"/>
<bibl id="hofm_1847_03_0052_01"><composer key="compo_026895">Postel (R.)</composer> <title>Heimathlied f. Sopr., Alt, Ten. v. Bass m. obl. Pftebegl. Part. Op. <opus key="opus_0001">1</opus></title>. <pubPlace key="place_0044">Berlin</pubPlace>, <publisher key="publ_0951">Esslinger</publisher> 10 Ngr.</bibl>
<wip id="hofm_1847_03_0052_02"><composer key="compo_027976">Reisser (H.)</composer> <title>dreistimmige Lieder für die reifere Jugend</title>. 8. <pubPlace key="place_0662">Stuttgart</pubPlace>, <publisher key="publ_1453">Hallberger’sche Verlagshdl</publisher>. <lb/><format>Partitur</format> 10 Ngr. n. <lb/><format>Stimmen</format> (à 6 Ngr.). 18 Ngr. n.</wip>
<bibl id="hofm_1847_03_0052_03"><composer key="compo_028377">Riem (W.F.)</composer> <title>Deutschlands Anlwort f. 4 Männerstimmen. <format>Part. u. Stimmen</format></title>. <pubPlace key="place_0080">Bremen</pubPlace>, <publisher key="publ_1467">Hampe</publisher> 10 Ngr.</bibl>
<bibl id="hofm_1847_03_0052_04"><composer key="compo_030562">Schmidt (G.)</composer> <title>Die Stille, f. 2 Soprane m. Begl. d. Pfte</title>. <pubPlace key="place_0080">Bremen</pubPlace>, <publisher key="publ_1467">Hampe</publisher> 10 Ngr.</bibl>
<bibl id="hofm_1847_03_0052_05"><composer key="compo_032713">Speier (W.)</composer> <title>Die vier Stimmen. Soloquartett f 4 Männerstimmen. Op. <opus key="opus_3738">63</opus></title>. Siehe: <xref type="external" from="hofm_1847_03_0054_03" to="DITTO" targOrder="U">Gesänge f. eine Stimme m. Pfte</xref>.</bibl>
<bibl id="hofm_1847_03_0052_06"><composer key="compo_035020">Täglichsbeck (Th.)</composer> <title>5 Chorgesänge f. Sopr., Alt, Tenor und Bass, m. Begl. d. Pfte. Op. <opus key="opus_2066">29</opus>. <format>Partitur</format>. (Weihegesang. Aufforderung. Festlied. Fest-Abendlied. Nachruf an die fortziehenden Krieger.)</title> 8. <pubPlace key="place_0475">München</pubPlace>, <publisher key="publ_0996">Falter</publisher> 54 Xr.</bibl>
<bibl id="hofm_1847_03_0052_07"><title>Volkslieder (alte und neue) mit Bildern und Singweisen, herausgegeben von L. Richter u. A. E. Marschner</title>. kl.-8. <pubPlace key="place_0392">Leipzig</pubPlace>, <publisher key="publ_2594">Mayer</publisher> geh. 10 Ngr. n.</bibl>
<bibl id="hofm_1847_03_0052_08"><composer key="compo_037994">Zeisiger (A.)</composer> u. <composer key="compo_016040">W. Irmer</composer>, <title>Zweistimmige Gesänge f. Schulen. 5tes Heft. <edition>4te verm. Aufl</edition></title>. qu.-8. <pubPlace key="place_0044">Berlin</pubPlace>, <publisher key="publ_0301">G. Bethge</publisher> geh. 1 Ngr. n.</bibl>
</div><div id="hofm_1847_03_0052_div19"><head><hofClass key="hofCl_0268">Opernmusik mit Pianofortebegleitung.</hofClass></head>
<wip id="hofm_1847_03_0052_09"><composer key="compo_001395">Balfe (M.W.)</composer> <title>Die Zigeunerin. Romantische Oper</title>. <pubPlace key="place_0731">Wien</pubPlace>, <publisher key="publ_2605">Mechetti</publisher>. <lb/><title>No. 1b, Cavatine (Bass) Soldatenbrust kennt nur</title>. 15 Xr. <lb/>– <title>2, Rec. u. Arie (Ten.) Ich schied von dir</title>. 30 Xr. <lb/>– <title>4, Duett (Ten. u. Bass) Camerad, die Hand</title>. 45 Xr. <lb/>– <title>5, Arie (Barit.) Ist nicht Hülfe bei der Hand</title>. 30 Xr. <lb/>– <title>8, Romanze (Sopr.) Im Traum sah ich mich</title>. 30 Xr. <lb/>– <title>9, Duett (Sopr. u. Ten.) Ihr Vaterhaus</title>. 1 Fl. <lb/>– <title>11, Duett (Sopr. u. Bass) Das ist dein Werk</title>. 30 Xr. <lb/>– <title>12, Romanze m. Chor (Sopr.) Folgt der Zigennerbraut</title>. 30 Xr. <lb/>– <title>14, Chor u. Quartett (2 Sopr., Ten. u. Bass) Aus balsamischen Thal</title>. 1 Fl. <lb/>– <title>16, Cavatine (Bass) Das Herz von Kummer</title>. 30 Xr. <lb/>– <title>16b, Idem im Violinschlüssel</title>. 30 Xr. <lb/>– <title>19, Cavatine (Ten.) Schwärmt Andrer Herz</title>. 30 Xr. <lb/>– <title>20, Terzett (Sopr., Ten. u. Bass) Durch die Welt</title>. 30 Xr. <lb/>– <title>21a, Quintett (2 Sopr., Ten., Barit. u. Bass) Schwand auch die Hoffnung</title>. 1 Fl. <lb/>– <title>21b, Duettino (Sopr. u. Bass) Vater, ich fleh’ euch</title>. 15 Xr. <lb/>– <title>21c, Cavatine (Ten.) Als der Huf eurer Rosse</title>. 30 Xr. <lb/>– <title>21d, Terzett (Sopr., Ten. u. Bass) Nicht soll das Leid</title>. 30 Xr. <lb/>– <title>21e, Schlussarie m. Chor (Sopr.) Welche Seligkeit</title>. 45 Xr.</wip>
<wip id="hofm_1847_03_0052_10"><composer key="compo_014826">Hiller (Ferd.)</composer> <title>Ein Traum in der Christnacht. Oper in 3 Aufzügen, nach Raupach’s Drama: Der Müller und sein Kind, bearbeitet v. C. Gollmick. <format>Vollständiger Clavierauszug</format> vom Componisten</title>. <pubPlace key="place_0392">Leipzig</pubPlace>, <publisher key="publ_0437">Br. u. Härtel</publisher> geh. 7 Thlr. <lb/><title>No. 1, Introduction: Die Glocke ruft uns her</title>. 25 Ngr. <lb/>– <title>2, Lied (Barit.) Bedenk, wie schön</title>. 7½ Ngr. <lb/>– <title>3, Lied (Ten.) In einem kühlen Grunde</title>. 7½ Ngr. <lb/>– <title>4, Melodram u. Duett (Sopr. u. Ten.) Nicht kann ich fassen</title>. 17½ Ngr. <lb/>– <title>5, Finale: Was seh’ ich</title>. 1 Thlr. 5 Ngr. <lb/>– <title>6, Entreact u. Chor: Welch ein Glanz</title>. 25 Ngr. <lb/>– <title>8, Ballade (Bass) Wenn alles schläft</title>. 7½ Ngr. <lb/>– <title>9, Chor: Und bleiben auch mal die Musikanten</title>. 7½ Ngr.</wip>
<pb n="53"/>
<wip id="hofm_1847_03_0053_01"><composer key="compo_014826">Hiller (Ferd.)</composer> <title>Ein Traum in der Christnacht</title>. <pubPlace key="place_0392">Leipz</pubPlace>., <publisher key="publ_0437">Br. u. Härtel</publisher>. <lb/><title>No. 10, Lied (Bass) Ein Mägdlein sass im Kämmerlein</title>. 5 Ngr. <lb/>– <title>11, Duett (Barit. u. Bass) Schlag zwölf</title>. 15 Ngr. <lb/>– <title>12, Rec. u. Arie (Ten.) Sie ist mir verloren</title>. 15 Ngr. <lb/>– <title>13, Chor u. Ensemble: Lasst uns hinein</title>. 1 Thlr. <lb/>– <title>14, Sc. u. Arie m. Chor (Sopr.) Conrad, er flieht</title>. 15 Ngr. <lb/>– <title>15, Arie, Melodram u. Finale (Barit.) Hinab mit euch</title>. 1 Thlr.</wip>
</div><div id="hofm_1847_03_0053_div20"><head><hofClass key="hofCl_0040">Gesänge für eine Stimme mit Begleitung des Pianoforte.</hofClass></head>
<bibl id="hofm_1847_03_0053_02"><composer key="compo_000589">Andel (A. v.)</composer> <title>Das Mädchen im Ungewitter. An den spielenden Knaben. 2 Lieder f. Bariton od. Alt</title>. <pubPlace key="place_0276">Hamburg</pubPlace>, <publisher key="publ_2870">Niemeyer</publisher> 7½ Ngr.</bibl>
<bibl id="hofm_1847_03_0053_03"><composer key="compo_001434">Banck (C.)</composer> <title>Venus und Adonis. Gedichtet v. O.A. Banck. Op. <opus key="opus_3767">64</opus>. (Sehnsucht. Noch. immer.)</title> <pubPlace key="place_0392">Leipzig</pubPlace>, <publisher key="publ_1746">Hofmeister</publisher> 15 Ngr.</bibl>
<bibl id="hofm_1847_03_0053_04"><title>Cantica spiritualia, oder Auswahl der schönsten geistllchen Lieder ällerer Zeit in ihren originalen Sangweisen u. grossenth. auch ihren alten Texten. Zunächst f. eine Singst. u. Pfte, jedoch also einger., dass die choralmässigen Lieder auch v. d. Kirchengemeinde m. Orgel od. vierst. gesungen werden können. 2ter Band (Schluss d. Werks)</title>. 4. <pubPlace key="place_0475">München</pubPlace>, <publisher key="publ_2459">literarisch-artistische Anstalt</publisher> geh. 1 Thlr. 15 Ngr. n.</bibl>
<bibl id="hofm_1847_03_0053_05"><composer key="compo_005804">Cobelli (B.)</composer> <title>Frühlingslied</title>. <pubPlace key="place_0276">Hamburg</pubPlace>, <publisher key="publ_2870">Niemeyer</publisher> 7½ Ngr.</bibl>
<bibl id="hofm_1847_03_0053_06"><composer key="compo_007969">Ehlert (L.)</composer> <title>5 Lieder. Op. <opus key="opus_1372">2</opus>. (Ade. Die Nacht. Der Wassermann. Am Feuer. War ein alter König.)</title> <pubPlace key="place_0044">Berlin</pubPlace>, <publisher key="publ_1394">Guttentag</publisher> 22½ Ngr.</bibl>
<bibl id="hofm_1847_03_0053_07"><composer key="compo_008627">Esser (H.)</composer> <title>Mein Engel, f. Alt oder Bariton</title>. <pubPlace key="place_0438">Mainz</pubPlace>, <publisher key="publ_3563">Schott</publisher> 36 Xr.</bibl>
<bibl id="hofm_1847_03_0053_08"><composer key="compo_008752">F. (M.M.D.)</composer> <title>2 Polenlieder. (Das Polenmädchen. Des Polen Hoffnung.)</title> <pubPlace key="place_0044">Berlin</pubPlace>, <publisher key="publ_1394">Guttentag</publisher> 15 Ngr.</bibl>
<bibl id="hofm_1847_03_0053_09"><composer key="compo_009728">Franck (Ed.)</composer> <title>6 Lieder f. Sopran (oder Tenor). Op. <opus key="opus_4300">8</opus>. (Du bist wie eine Blume. Gekommen ist der Mai. Herbstlied. Ständchen. Frühlingsliebe. Nachtreise.)</title> <pubPlace key="place_0044">Berlin</pubPlace>, <publisher key="publ_1394">Guttentag</publisher> 1 Thlr.</bibl>
<bibl id="hofm_1847_03_0053_10"><composer key="compo_013884">Heinemann (M.)</composer> <title>Traumkönig und sein Liebchen</title>. (Liederquelle No. 13.) <pubPlace key="place_0044">Berlin</pubPlace>, <publisher key="publ_1394">Guttentag</publisher> 15 Ngr.</bibl>
<bibl id="hofm_1847_03_0053_11"><composer key="compo_014328">Hering (C.)</composer> <title>Odumein Mond in stiller Nacht. Op. <opus key="opus_3566">6. No. 1</opus></title>. <pubPlace key="place_0044">Berlin</pubPlace>, <publisher key="publ_2971">Paez</publisher> 5 Ngr.</bibl>
<wip id="hofm_1847_03_0053_12"><composer key="compo_017389">Kiel (Aug.)</composer> <title>4 Lieder. Op. <opus key="opus_1482">21</opus></title>. <pubPlace key="place_0280">Hannover</pubPlace>, <publisher key="publ_2808">Nagel</publisher> 15 Ngr. <lb/><title>No. 1, Voglein mein Bote</title>. 5 Ngr. <lb/>– <title>2, Wenn du mir vorüber</title>. 5 Ngr. <lb/>– <title>3, Ich wandert an des Bächleins Rand</title>. 5 Ngr. <lb/>– <title>4, Das Blatt im Bache</title>. 3¾ Ngr.</wip>
<wip id="hofm_1847_03_0053_13"><composer key="compo_019507">Kücken (Fr.)</composer> <title>Lieder und Gesänge f. Sopran od. Tenor. Op. <opus key="opus_1271">19</opus>. 7tes Liederheft. <edition>Neue Ausg</edition></title>. <pubPlace key="place_0276">Hamburg</pubPlace>, <publisher key="publ_2870">Niemeyer</publisher>. 22½ Ngr. <title>No. 1, Ave Maria</title>. 7½ Ngr.<lb/> – <title>2, Frühlingsglaube</title>. 7½ Ngr.<lb/> – <title>3, Ich sass Im Grünen</title>. 10 Ngr.<lb/> – <title>4, Du bist wie eine Blume</title>. 5 Ngr.<lb/> – <title>5, Mi Schatz isch jö schöni</title>. 5 Ngr.</wip>
<bibl id="hofm_1847_03_0053_14">* <title>Lanner im Olymp. Komisches Volkslied nach Lanner’schen Walzern</title>. <pubPlace key="place_0642">Speyer</pubPlace>, <publisher key="publ_2287">Lang</publisher> 36 Xr. n.</bibl>
<wip id="hofm_1847_03_0053_15"><title>Lieder und Gesänge. No. 1–4</title>. <pubPlace key="place_0044">Berlin</pubPlace>, <publisher key="publ_2971">Paez</publisher>.<lb/> <title>No. 1, Der Fichtenbaum. (Lied am Nordpol.)</title> 10 Ngr.<lb/> <lb/>– <title>2, Du Engel, gute Nacht</title>. 5 Ngr.<lb/> – <title>3, Das Verständniss</title>. 5 Ngr.<lb/> <lb/>– <title>4, Che pensava allor? (Canzonetta veneziana.)</title> 5 Ngr.</wip>
<bibl id="hofm_1847_03_0053_16"><composer key="compo_024685">Neukomm (S.)</composer> <title>Mignons Sehnsucht nach der Helmath. Lied von Göthe</title>. <pubPlace key="place_0276">Hamburg</pubPlace>, <publisher key="publ_2870">Niemeyer</publisher> 7½ Ngr.</bibl>
<bibl id="hofm_1847_03_0053_17"><composer key="compo_030562">Schmidt (G.)</composer> <title>Der Ungenannten</title>. <pubPlace key="place_0080">Bremen</pubPlace>. <publisher key="publ_1467">Hampe</publisher> 5 Ngr.</bibl>
<bibl id="hofm_1847_03_0053_18">– <title>Du bist wie eine Blume</title>. Ebend. 5 Ngr.</bibl>
<pb n="54"/>
<bibl id="hofm_1847_03_0054_01"><composer key="compo_032713">Speier (W.)</composer> <title>Die Lerche. Lied f. Sopran (oder Tenor). Op. <opus key="opus_3658">61</opus></title>. <pubPlace key="place_0731">Wien</pubPlace>, <publisher key="publ_2605">Mechetti</publisher> 30 Xr.</bibl>
<bibl id="hofm_1847_03_0054_02">– Idem f. Alt (od. Bariton). Ebend. 30 Xr.</bibl>
<bibl id="hofm_1847_03_0054_03">– <title>Die vierte Stimme. Ballade. Nebst Einleitung (ad lib.): Die vier Stimmen. Soloquartett f. 4 Männerstimmen. Op. <opus key="opus_3738">63</opus></title>. <pubPlace key="place_0438">Mainz</pubPlace>, <publisher key="publ_3563">Schott</publisher> 54 Xr.</bibl>
<wip id="hofm_1847_03_0054_04">* – <title>3 Zigeunerlieder von J.N. Vogl. Op. <opus key="opus_3767">64</opus></title>. Ebend. <lb/><title>No. 1, Zigeuner auf dem Friedhof</title>. 27 Xr.<lb/> – <title>2, Zigeuner auf der Haide</title>. 27 Xr.<lb/> – <title>3, Zigeunermusik</title>. 54 Xr.</wip>
<bibl id="hofm_1847_03_0054_05"><composer key="compo_032907">Stahlknecht (A.H.)</composer> <title>3 maurische Lieder. (Dem Vaterlande und dem Fürsten. Mit dem Jubel des Gesanges. Brüder, lasst die Gtäser klingen.)</title> 4. <pubPlace key="place_0449">Meissen</pubPlace>, <publisher key="publ_1397">Gödsche</publisher> 7½ Ngr. n.</bibl>
<bibl id="hofm_1847_03_0054_06"><title>Tanzlied aus Dalekarlien: Komm, du liebes Mädchen (Komm du lilla Flicka), gesungen von Dem. Jenny Lind</title>. <pubPlace key="place_0475">München</pubPlace>, <publisher key="publ_0028">Aibl</publisher> 18 Xr.</bibl>
<bibl id="hofm_1847_03_0054_07"><composer key="compo_034168">Taubert (W.)</composer> <title>Klänge aus der Kinderwelt. 12 Lieder. Op. <opus key="opus_3895">68</opus>. 2tes Heft</title>. <pubPlace key="place_0044">Berlin</pubPlace>, <publisher key="publ_1394">Guttentag</publisher> 1 Thlr.</bibl>
<bibl id="hofm_1847_03_0054_08"><composer key="compo_034262">Tengnagel (Fabr. v.)</composer> <title>Nun ist der Tag geschieden. Lied im Volkstone f. Alt</title>. <pubPlace key="place_0044">Berlin</pubPlace>, <publisher key="publ_2971">Paez</publisher> 5 Ngr.</bibl>
</div><div id="hofm_1847_03_0054_div21"><head><hofClass key="hofCl_0047">Gesänge mit Begleitung der Guitarre.</hofClass></head>
<bibl id="hofm_1847_03_0054_09"><composer key="compo_005329">Caroli (A.)</composer> <title>Phoebus. Auswahl beliebter Opern-Arien u. Gesänge m. leichter Guit.-Begl. 1ste Samml</title>. qu.-8. <pubPlace key="place_0276">Hamburg</pubPlace>, <publisher key="publ_2870">Niemeyer</publisher> geh. 22½ Ngr. n.</bibl>
<bibl id="hofm_1847_03_0054_10"><composer key="compo_019391">Köncke</composer>, <title>Der Steckbrief, m. Begl. d. Guit</title>. <pubPlace key="place_0276">Hamburg</pubPlace>, <publisher key="publ_2870">Niemeyer</publisher> 7½ Ngr.</bibl>
<bibl id="hofm_1847_03_0054_11"><composer key="compo_026184">Petersen (J.)</composer> <title>In die Ferne, m. Begl. d. Guit</title>: <pubPlace key="place_0276">Hamburg</pubPlace>. <publisher key="publ_2870">Niemeyer</publisher> 7½ Ngr.</bibl>
<bibl id="hofm_1847_03_0054_12">– <title>Der Zigeunerknabe im Norden, do</title>. Ebend. 7½ Ngr.</bibl>
</div><div id="hofm_1847_03_0054_div22"><head><hofClass key="hofCl_0077">Lehrbücher für den Gesang.</hofClass></head>
<wip id="hofm_1847_03_0054_13"><title>Vorübungen zum Gesangunterricht f. eine Singstimme</title>. <pubPlace key="place_0276">Hamburg</pubPlace>, <publisher key="publ_2870">Niemeyer</publisher>. <lb/><title>Für Tenor oder Sopran</title>. 10 Ngr. <lb/><title>Für Bass</title>. 10 Ngr.</wip>
<bibl id="hofm_1847_03_0054_14"><composer key="compo_037261">Wirk (A.C.)</composer> <title>Catechetische Gesang-Erläuterungen für Schule und Haus. 1ste Lief</title>. gr. 8. <pubPlace key="place_0289">Helmstedt</pubPlace>, <publisher key="publ_1049">Fleckeisen</publisher> geh. 7½ Ngr. n.</bibl>
</div><div id="hofm_1847_03_0054_div23"><head><hofClass key="hofCl_0287">Theoretische Werke.</hofClass></head>
<bibl id="hofm_1847_03_0054_15"><title>Jahrbuch für Musik. Vollständiges Verzeichniss der im Jahre 1846 erschienenen Musikalien, musikalischen Schriften und Abbildungen m. Angabe d. Verleger u. Preise, herausg. v. B. Senff. 5ter Jahrg</title>. 8. <pubPlace key="place_0392">Leipzig</pubPlace>, <publisher key="publ_0975">Expedition der Signale</publisher> geh. 25 Ngr. * n.</bibl>
<bibl id="hofm_1847_03_0054_16"><composer key="compo_024192">Müller (Don.)</composer> <title>Der kathol. Schullehrer als Kirchensänger, Organist u. Kirchendiener. 8ter u. 4ter Band</title>. gr. 8. <pubPlace key="place_0026">Augsburg</pubPlace>, <publisher key="publ_3529">Schmid’sche Buchh</publisher>. à 17½ Ngr. n.</bibl>
<bibl id="hofm_1847_03_0054_17"><author>Sanzenbacher (G.F.)</author> <title>Unentbehrlicher Rathgeber, sich beim Ankaufe von Klavierinstrumenten vor Schaden zu bewahren</title>. 12. <pubPlace key="place_0286">Heilbronn</pubPlace>, <publisher key="publ_0800">Drechsler’sche Buchhdl. (in Comm.)</publisher> geh. 3 Ngr. n.</bibl>
<bibl id="hofm_1847_03_0054_18"><author>Zeheter (M.)</author> u. <author>M. Winkler</author>, <title>Vollst. theoretisch-praktische Generalbass- und Harmonielehre. 6tes u. 7tes (letztes) Heft</title>. gr. 8. <pubPlace key="place_0509">Nördlingen</pubPlace>, <publisher key="publ_0236">Beck’sche Buchh</publisher>. Subscr.-Pr. geh. 1 Thlr. n. (Das vollst. Werk in 2 Bänden kostet 3 Thlr. 15 Ngr. n.)</bibl>
<bibl id="hofm_1847_03_0054_19"><title>Zeitschrift f. Orgel-, Clavier- und Flügelbau. Herausg. von C. Hartmann. 6tes Heft</title>. gr. 4. <pubPlace key="place_0720">Weimar</pubPlace>, <publisher key="publ_4216">Voigt</publisher> 8¾ Ngr. n.</bibl>
</div><div id="hofm_1847_03_0054_div24"><head><hofClass key="hofCl_0279">Portraits und Büsten.</hofClass></head>
<bibl id="hofm_1847_03_0054_20"><title><subject>Bochkolz (Anna)</subject> Lithogr</title>. Fol. <pubPlace key="place_0438">Mainz</pubPlace>, <publisher key="publ_3563">Schott</publisher> 48 Xr.</bibl>
<bibl id="hofm_1847_03_0054_21"><title><subject>Lind (Jenny)</subject> Lith. v. <artist>G. Atzinger</artist></title>. Fol. <pubPlace key="place_0475">München</pubPlace>, <publisher key="publ_0028">Aibl</publisher> 45 Xr. (chines. Pap. 54 Xr.)</bibl>
<pb n="55"/>
<bibl id="hofm_1847_03_0055_01"><title><subject>Lind (Jenny)</subject> in ganzer Figur im Costüme der Regimentstochter. Lithogr. von <artist>G. Atzinger</artist>. Mit Facsimile</title>. Fol. <pubPlace key="place_0475">München</pubPlace>, <publisher key="publ_0028">Aibl</publisher> 54 Xr. (chines. Pap. 1 Fl. 12 Xr.)</bibl>
<bibl id="hofm_1847_03_0055_02"><title><subject>Meyerbeer (G.)</subject> Lithogr. v. <artist>Kriehuber</artist>. Mit Facsimile</title>. Fol. <pubPlace key="place_0731">Wien</pubPlace>, <publisher key="publ_2605">Mechetti</publisher> 1 Fl. 30 Xr. (chines. Pap. 2 Fl.)</bibl>
<bibl id="hofm_1847_03_0055_03"><title><subject>Mortier de Fontaine</subject>, Lithogr. von <artist>Prinzhofer</artist></title>. Fol. Mit Facsimile. <pubPlace key="place_0731">Wien</pubPlace>, <publisher key="publ_2605">Mechetti</publisher> 1 Fl.</bibl>
<bibl id="hofm_1847_03_0055_04"><title><subject>Schloss (Sophie)</subject> Concert-Sängerin. Gemalt von <artist>Fay</artist>. Lith. von <artist>Dirks</artist></title>. Fol. <pubPlace key="place_0371">Cöln</pubPlace>, <publisher key="publ_3486">Schloss</publisher> chin. Pap. * 20 Ngr. n.</bibl>
<bibl id="hofm_1847_03_0055_05"><title><subject>Schulhoff (J.)</subject> Lithogr</title>. Fol. <pubPlace key="place_0438">Mainz</pubPlace>, <publisher key="publ_3563">Schott</publisher> 48 Xr.</bibl>
<bibl id="hofm_1847_03_0055_06"><title>Componisten in Büste (4½ Lpzgr Zoll hoch), in Biscuit-Porzellan ausgeführt</title>. <pubPlace key="place_0392">Leipzig</pubPlace>, <publisher key="publ_2039">Klemm</publisher>. <listBibl rend="curly"><bibl><seg><subject>Bach (Joh. Seb.)</subject></seg><seg id="hofm_1847_03_0055_06_1" rend="curly-left">à 11¼ Ngr. n. baar. </seg></bibl><bibl><seg><subject>Beethoven (Louis von)</subject></seg><seg sameAs="hofm_1847_03_0055_06_1"/></bibl><bibl><seg><subject>Händel (C.F.)</subject></seg><seg sameAs="hofm_1847_03_0055_06_1"/></bibl><bibl><seg><subject>Mozart (W.A.)</subject></seg><seg sameAs="hofm_1847_03_0055_06_1"/></bibl><bibl><seg><subject>Weber (Carl Maria von)</subject></seg><seg sameAs="hofm_1847_03_0055_06_1"/></bibl></listBibl></bibl>





</div></body></text></TEI.2>