<?xml version="1.0" encoding="utf-8"?>
<!DOCTYPE TEI.2
  SYSTEM "../../dtd/tei/cch_tei.dtd">
<TEI.2 id="hofm_1847_08">
<teiHeader type="text"><fileDesc><titleStmt><title>August 1847</title></titleStmt><publicationStmt><p/></publicationStmt><sourceDesc><p/></sourceDesc></fileDesc><profileDesc><langUsage><language id="ger">German</language><language id="fre">French</language><language id="ita">Italian</language></langUsage></profileDesc><revisionDesc><change><date>2007-09-20</date><respStmt><name>EP</name></respStmt><item>missing @id added</item></change><change><date>2007-06-26</date><respStmt><name>ER</name></respStmt><item>p. 132, Le Dieu (not Dien)</item></change><change><date>2007-05-16</date><respStmt><name>ER</name></respStmt><item>Panizza, Croff &amp; Bajetti tagged as composers</item></change><change><date>2007-04-27</date><respStmt><name>RV</name></respStmt><item>Changed "biblGroup" elements in "listBibl"</item></change><change><date>2007-03-02</date><respStmt><name>EP</name></respStmt><item>Checked curly brackets</item></change><change><date>2007-02-26</date><respStmt><name>EP</name></respStmt><item>Encoded curly brackets</item></change><change><date>2006-12-19</date><respStmt><name>EP</name></respStmt><item>sic and unclear moved outside elements pubplaces, publisher, composer, hofclass, key, opus</item></change><change><date>2006-12-14</date><respStmt><name>Liz</name></respStmt><item>p. 137 Graben-Hoffmann hyphenated</item></change><change><date>2006-11-28</date><respStmt><name>Liz</name></respStmt><item>p. 130 Aggiutorio (not Aggiutorie)</item></change><change><date>2006-10-16</date><respStmt><name>Liz</name></respStmt><item>p. 129 Döhler (not Dohler)</item></change><change><date>2006-09-27</date><respStmt><name>Liz</name></respStmt><item>p. 134 Lose u. D = publisher (not opus)</item></change><change><date>2006-03-20</date><respStmt><name>Liz</name></respStmt><item>XRef done</item></change><change><date>2006-03-03</date><respStmt><name>Liz</name></respStmt><item>p. 139 Stuhr’sche Buchh. (Gottschick) reinstated in one pair tags!</item></change><change><date>2006-02-22</date><respStmt><name>Liz</name></respStmt><item>p. 139 author tagged in Textbücher category</item></change><change><date>2006-01-17</date><respStmt><name>Liz</name></respStmt><item>p. 123 Mitau (not Milan)</item></change><change><date>2005-11-11</date><respStmt><name>Liz</name></respStmt><item>p. 139 Gottschick</item></change><change><date>2005-10-24</date><respStmt><name>Liz</name></respStmt><item>p. 136 Nördlingen</item></change><change><date>2005-10-21</date><respStmt><name>Liz</name></respStmt><item>p. 139 Anstalt, not Austalt</item></change><change><date>2005-07-13</date><respStmt><name>Mekala</name></respStmt><item>Final</item></change><change><date>2005-06-30</date><respStmt><name>Mekala</name></respStmt><item>Checking Screen and Revisions</item></change><change><date>2005-05-22</date><respStmt><name>Mekala</name></respStmt><item>Revised</item></change><change><date>2005-05-19</date><respStmt><name>Mekala</name></respStmt><item>First Coding</item></change><change><date>2005-04-13</date><respStmt><name>Liz</name></respStmt><item>pasting in</item></change></revisionDesc></teiHeader>
<text><body><pb n="126"/><head>August 1847.</head><div id="hofm_1847_08_0126_div01"><head><hofClass key="hofCl_0164">Musik für das Orchester.</hofClass></head>
<bibl id="hofm_1847_08_0126_01"><composer key="compo_012524">Gung’l (Joh.)</composer> <title>Petersburger Hofball-Quadrille f. Orchester. Op. <opus key="opus_1731">24</opus></title>. <pubPlace key="place_0044">Berlin</pubPlace>, <publisher key="publ_3471">Schlesinger</publisher> 1 Thlr. 15 Ngr.</bibl>
<bibl id="hofm_1847_08_0126_02"><composer key="compo_019654">Labitzky (Jos.)</composer> <title>Liebesgrüsse. Walzer f. gr. Orchester. Op. <opus key="opus_0658">138</opus></title>. <pubPlace key="place_0392">Leipzig</pubPlace>, <publisher key="publ_1746">Hofmeister</publisher> 1 Thlr. 15 Ngr.</bibl>
<bibl id="hofm_1847_08_0126_03">– <title>Wanderlust. 3 Polka f. gr. Orchester. Op. <opus key="opus_0666">139</opus>. (Badner Conversations-, Stephanien- und: Lichtenthaler Allee-Polka.)</title> Ebend. 1 Thlr. 15 Ngr.</bibl>
<bibl id="hofm_1847_08_0126_04"><composer key="compo_023185">Meves (W.)</composer> <title>Variations p. 2 Violons av. Acc. d’Orchestre. Op. <opus key="opus_0234">11</opus></title>. <pubPlace key="place_0392">Leipzig</pubPlace>, <publisher key="publ_2017">Kistner</publisher> 2 Thlr.</bibl>
<bibl id="hofm_1847_08_0126_05"><composer key="compo_023268">Meyerbeer (G.)</composer> <title>Der Aufruhr (Fanfare, Marsch und Chor) aus Struensee. <format>Partitur u. Orchesterstimmen</format></title>. <pubPlace key="place_0044">Berlin</pubPlace>, <publisher key="publ_3471">Schlesinger</publisher> 5 Thlr.</bibl>
<bibl id="hofm_1847_08_0126_06"><composer key="compo_030944">Schott (A.J.)</composer> <title>2 Pas redoubles sur des Motifs de l’Opéra : I Lombardi, de G. Verdi, arr. p. Musique militaire</title>. <pubPlace key="place_0438">Mainz</pubPlace>, <publisher key="publ_3563">Schott</publisher> 3 Fl. 36 Xr.</bibl>
<bibl id="hofm_1847_08_0126_07"><composer key="compo_033569">Strauss (Joh.)</composer> <title>Walzer f. Orchester No. 100, Helenen-Walzer. Op. <opus key="opus_1437">204</opus></title>. <pubPlace key="place_0731">Wien</pubPlace>, <publisher key="publ_1506">Haslinger</publisher> 2 Fl. 45 Xr.</bibl>
<bibl id="hofm_1847_08_0126_08">– <title>Triumph-Quadrille f. Orch. Op. <opus key="opus_1441">205</opus></title>. Ebend. 2 Fl. 30 Xr.</bibl>
<bibl id="hofm_1847_08_0126_09"><composer key="compo_033572">Strauss (Joh., Sohn)</composer> <title>Die Zillerthaler. Walzer f. Orchester. Op. <opus key="opus_2131">30</opus></title>. <pubPlace key="place_0731">Wien</pubPlace>, <publisher key="publ_2779">Müller</publisher> 2 Fl. 30 Xr.</bibl>
</div><div id="hofm_1847_08_0126_div02"><head><hofClass key="hofCl_0245">Musik für die Violine.</hofClass></head>
<bibl id="hofm_1847_08_0126_10"><composer key="compo_005627">Choulet (Ch.)</composer> <title>Quatuor p. 2 Violons, Alto et Violoncelle. Op. <opus key="opus_1271">19</opus>, in <key>D</key></title>. <pubPlace key="place_0537">Paris</pubPlace> (<pubPlace key="place_0392">Leipz</pubPlace>., <publisher key="publ_1746">Hofmeister</publisher>) 9 Fr.</bibl>
<bibl id="hofm_1847_08_0126_11"><composer key="compo_021591">Léonard (H.)</composer> <title>Souvenir de Gretry, Fantaisie pastorale p. Violon av. Acc. d’Orchestre. Op. <opus key="opus_4562">9</opus></title>. <pubPlace key="place_0078">Braunschweig</pubPlace>, <publisher key="publ_2681">Meyer</publisher> 2 Thlr. 10 Ngr.</bibl>
<wip id="hofm_1847_08_0126_12"><composer key="compo_023268">Meyerbeer (G.)</composer> <title>Struensee. Arr. p. 2 Violons, Alto et Violoncelle, p. F.W. Ressel. No. 1–6</title>. <pubPlace key="place_0044">Berlin</pubPlace>, <publisher key="publ_3471">Schlesinger</publisher>. <title>No. 1, Ouverture (p. 2 Viol., Alto, Vclle et Basse.)</title> 1 Thlr. 15 Ngr. – <title>2, Der Aufruhr (La Revolte.)</title> 25 Ngr. – <title>3, Gr. Polonaise. Der Ball</title>. 1 Thlr. – <title>4, Die Dorfschenke</title>. 20 Ngr. <listBibl rend="curly"><bibl><seg>– <title>5, Struensee’s Traum</title></seg><seg id="hofm_1847_08_0126_12_1" rend="curly-left">20 Ngr. </seg></bibl><bibl><seg>– <title>6, Trauermarsch</title></seg><seg sameAs="hofm_1847_08_0126_12_1">.</seg></bibl></listBibl></wip>
<bibl id="hofm_1847_08_0126_13"><composer key="compo_025363">Onslow (G.)</composer> <title>27e Quartetto f. 2 Violons, Alto et Violoncelle. Op. <opus key="opus_3316">53</opus>, in <key>D</key>. <format>Partitur</format></title>. 8. <pubPlace key="place_0392">Leipzig</pubPlace>, <publisher key="publ_2017">Kistner</publisher> geh. 1 Thlr.</bibl>
<bibl id="hofm_1847_08_0126_14">– <title>28e Quartetto p. 2 Violons, Alto et Violoncelle. Op. <opus key="opus_3351">54</opus>, in <key>Es</key>. <format>Partitur</format></title>. 8. Ebend, geh. 1 Thlr.</bibl>
<bibl id="hofm_1847_08_0126_15">– <title>25e Quintetto p. 2 Violons, Alto et 2 Violoncelles. Op. <opus key="opus_3658">61</opus>, in <key>Fm</key>. <format>Partitur</format></title>. 8. Ebend. geh. 1 Thlr.</bibl>
<bibl id="hofm_1847_08_0126_16"><composer key="compo_033569">Strauss (Joh.)</composer> <title>Helenen-Walzer für 3 Violinen u. Bass. Op. <opus key="opus_1437">204</opus></title>. <pubPlace key="place_0731">Wien</pubPlace>, <publisher key="publ_1506">Haslinger</publisher> 1 Fl.</bibl>
<bibl id="hofm_1847_08_0126_17">– <title>Walzer für eine Violine. No. 20, Helenen-Walzer</title>. Ebend. 20 Xr.</bibl>
<pb n="127"/>
</div><div id="hofm_1847_08_0127_div03"><head><hofClass key="hofCl_0184">Musik für das Violoncelle.</hofClass></head>
<wip id="hofm_1847_08_0127_01"><composer key="compo_025281">Offenbach (Jul.)</composer> <title>Cours méthodique de Duos p. 2 Violoncelles. Lettre A, B</title>. <pubPlace key="place_0438">Mainz</pubPlace>, <publisher key="publ_3563">Schott</publisher>. <lb/><title>Lettre A. 6 Duos très-faciles, déd. aux Commençans. Op. <opus key="opus_3140">49</opus>. Liv. 1, 2</title>, à 1 Fl. 21 Xr. <lb/>– <title>B. 6 Duos faciles, déd. aux Eléves. Op. <opus key="opus_3204">50</opus>. Liv. 1, 2</title>, à 1 Fl. 30 Xr.</wip>
</div><div id="hofm_1847_08_0127_div04"><head><hofClass key="hofCl_0200">Musik für die Flöte.</hofClass></head>
<bibl id="hofm_1847_08_0127_02"><composer key="compo_007268">Dorus (L.)</composer> <title>Echos des Lagunes. 16 Airs variés, Fantaisies, Mélanges etc. sur des Mélodies de Donizetti p. Flûte. 4 Suites</title>. <pubPlace key="place_0438">Mainz</pubPlace>, <publisher key="publ_3563">Schott</publisher> à 45 Xr.</bibl>
<bibl id="hofm_1847_08_0127_03"><composer key="compo_018496">Krakamp (E.)</composer> <title>2e gr. Fantasia di Concerto, sopra la Canzone napolitana: „Luisella,“ variata p. Flauto con Acc. d’Orch. Op. <opus key="opus_3738">63</opus></title>. <pubPlace key="place_0437">Mailand</pubPlace>, <publisher key="publ_3241">Ricordi</publisher> 14 Fr.</bibl>
<bibl id="hofm_1847_08_0127_04"><composer key="compo_022225">Marini (L.)</composer> <title>3 Duetti p. 2 Flauti. Op. <opus key="opus_2403">34</opus></title>. <pubPlace key="place_0437">Mailand</pubPlace>, <publisher key="publ_3241">Ricordi</publisher> 12 Fr.</bibl>
<bibl id="hofm_1847_08_0127_05"><composer key="compo_033569">Strauss (Joh.)</composer> <title>Lieblings-Walzer f. Flöte. No. 119, Helenen-Walzer. Op. <opus key="opus_1437">204</opus></title>. <pubPlace key="place_0731">Wien</pubPlace>, <publisher key="publ_1506">Haslinger</publisher> 20 Xr.</bibl>
<bibl id="hofm_1847_08_0127_06">– <title>Triumph-Quadrille f. Flöte. Op. <opus key="opus_1441">205</opus></title>. Ebend. 20 Xr.</bibl>
</div><div id="hofm_1847_08_0127_div05"><head><hofClass key="hofCl_0131">Musik für verschiedene Blasinstrumente.</hofClass></head>
<bibl id="hofm_1847_08_0127_07"><composer key="compo_033569">Strauss (Joh.)</composer> <title>Lieblings-Walzer f. Csakan. No. 119, Helenen-Walzer. Op. <opus key="opus_1437">204</opus></title>. <pubPlace key="place_0731">Wien</pubPlace>, <publisher key="publ_1506">Haslinger</publisher> 20 Xr.</bibl>
</div><div id="hofm_1847_08_0127_div06"><head><hofClass key="hofCl_0205">Musik für die Guitarre.</hofClass></head>
<bibl id="hofm_1847_08_0127_08"><composer key="compo_019510">Küffner (J.)</composer> <title>Récréations musicales ou Morceaux faciles sur des Motifs d’Opéras favoris p. Guitare et Flûte (ou Violon). Op. <opus key="opus_2287">321</opus>. Cah. 12. Verdi, Ernani</title>. <pubPlace key="place_0438">Mainz</pubPlace>, <publisher key="publ_3563">Schott</publisher> 54 Xr.</bibl>
<bibl id="hofm_1847_08_0127_08_b"><composer key="compo_033569">Strauss (Joh.)</composer> <title>Lieblings-Walzer f. Guitarre. No. 100, Helenen-Walzer. Op. <opus key="opus_1437">204</opus></title>. <pubPlace key="place_0731">Wien</pubPlace>, <publisher key="publ_1506">Haslinger</publisher> 30 Xr.</bibl>
<bibl id="hofm_1847_08_0127_10">– <title>Triumph-Quadrille f. Guit. Op. <opus key="opus_1441">205</opus></title>. Ebend. 20 Xr.</bibl>
</div><div id="hofm_1847_08_0127_div07"><head><hofClass key="hofCl_0167">Musik für das Pianoforte mit Begleitung.</hofClass></head>
<bibl id="hofm_1847_08_0127_11"><composer key="compo_002077">Beethoven (L. van)</composer> <title>3 Sonates, arr. p. Flûte et Piano p. L. Drouet. Op. <opus key="opus_2136">30. No. 1–3</opus></title>. <pubPlace key="place_0438">Mainz</pubPlace>, <publisher key="publ_3563">Schott</publisher> à 2 Fl.</bibl>
<wip id="hofm_1847_08_0127_12"><composer key="compo_009542">Flotow (Fr. de)</composer> et <composer key="compo_025279">J. Offenbach</composer>, <title>Rêveries. Mélodies p. Pfte et Violoncelle. No. 1–6</title>. <pubPlace key="place_0731">Wien</pubPlace>, <publisher key="publ_2779">Müller</publisher>. <lb/><title>No. 1. La Harpe éolienne</title>. 30 Xr. <lb/>– <title>2, Scherzo</title>. 1 Fl. <lb/>– <title>3, Polka de Salon</title>. 1 Fl. <lb/>– <title>4, Chanson d’autrefois</title> 1 Fl. <lb/>– <title>5, Les Larmes</title>. 45 Xr. <lb/>– <title>6, Redowa brillante</title>. 1 Fl. 15 Xr.</wip>
<wip id="hofm_1847_08_0127_13"><composer key="compo_013642">Hauser (M.)</composer> <title>6 Pièces p. Violon av. Acc. de Pfte</title>. <pubPlace key="place_0731">Wien</pubPlace>, <publisher key="publ_2779">Müller</publisher>. <lb/><title>Op. <opus key="opus_0235">11. No. 1</opus>, Chanson d’Amour</title>. 24 Xr. <lb/>– <title>No. 2, Chanson Berceau</title>. 24 Xr. <lb/><title>Op. <opus key="opus_0928">16. No. 1</opus>, Barcarole</title>. 24 Xr. <lb/>– <title>No. 2, La Capricieuse. Chanson</title>. 24 Xr. <lb/><title>Op. <opus key="opus_1482">21</opus>. Impromptu</title>. 24 Xr. <lb/><title>Op. <opus key="opus_1584">22</opus>. Scherzo</title>. 30 Xr.</wip>
<pb n="128"/>
<bibl id="hofm_1847_08_0128_01"><composer key="compo_014251">Henselt (A.)</composer> <title>Concerto p. Pfte av. Acc. de gr. Orchestre. Op. <opus key="opus_0927">16</opus>, in <key>Fm</key></title>. <pubPlace key="place_0392">Leipzig</pubPlace>, <publisher key="publ_0437">Br. et Härtel</publisher> 5 Thlr. 20 Ngr.</bibl>
<bibl id="hofm_1847_08_0128_02">– Idem av. Acc. de Quintuor. Ebend. 3 Thlr. 20 Ngr.</bibl>
<bibl id="hofm_1847_08_0128_03"><composer key="compo_016307">Jauch (J.N.)</composer> <title>Fantaisie et Variations sur des Airs irlandais p. Pfte et Flûte (ou Violon). Op. <opus key="opus_2915">43</opus></title>. <pubPlace key="place_0537">Paris</pubPlace> (<pubPlace key="place_0392">Leipz</pubPlace>., <publisher key="publ_1746">Hofmeister</publisher>) 9 Fr.</bibl>
<bibl id="hofm_1847_08_0128_04"><composer key="compo_017101">Kayser (H.E.)</composer> <title>Les Délices des Amateurs sur des Motifs favoris des meilleurs Opéras p. Pfte et Violon. Op. <opus key="opus_0392">12</opus>. No. 3, La Fille du Régiment, de Donizetti</title>. <pubPlace key="place_0276">Hamburg</pubPlace>, <publisher key="publ_0640">Cranz</publisher> 25 Ngr.</bibl>
<bibl id="hofm_1847_08_0128_05">– <title>Fantaisie de Salon sur des Motifs de l’Opéra : Les Huguenots, de Meyerbeer, p. Pfte et Violon. Op. <opus key="opus_0927">16</opus></title>. Ebend. 20 Ngr.</bibl>
<bibl id="hofm_1847_08_0128_06"><composer key="compo_018496">Krakamp (E.)</composer> <title>2e gŕ. Fantasia di Concerto, Sopra la Canzone napolitana: „Luisella,“ variata p. Flauto con Acc. di Pfte. Op. <opus key="opus_3738">63</opus></title>. <pubPlace key="place_0437">Mailand</pubPlace>, <publisher key="publ_3241">Ricordi</publisher> 7 Fr.</bibl>
<bibl id="hofm_1847_08_0128_07"><composer key="compo_018496">Krakamp (E.)</composer> e <composer key="compo_022695">F. Maza</composer>, <title>Momento d’Ozio. Scherzo sul Core delle Donne nell’Opera: Stella di Napoli, di Pacini, p. Flauto e Pfte. Op. <opus key="opus_3767">64</opus></title>. Ebend. 7 Fr.</bibl>
<bibl id="hofm_1847_08_0128_08"><composer key="compo_019512">Küffner (Jos.)</composer> <title>Revue musicale. Collection de Morceaux faciles sur des Thèmes fav. p. Pfte et Violon (ou Flûte) Op. <opus key="opus_2163">305</opus>. Cah. 14, Halevy, Les Mousquetaires de la Reine</title>. <pubPlace key="place_0438">Mainz</pubPlace>, <publisher key="publ_3563">Schott</publisher> 1 Fl. 30 Xr.</bibl>
<bibl id="hofm_1847_08_0128_08_j"><composer key="compo_020305">Lee (S.)</composer> <title>Valse brillante p. Violoncelle av. Acc. de Pfte. Op. <opus key="opus_2850">42</opus></title>. <pubPlace key="place_0438">Mainz</pubPlace>, <publisher key="publ_3563">Schott</publisher> 1 Fl.</bibl>
<bibl id="hofm_1847_08_0128_10">– <title>Le premier Bal. Scène caractéristique p. Violoncelle av. Acc. de Pfte. Op. <opus key="opus_2948">44</opus></title>. Ebend. 1 Fl. 30 Xr.</bibl>
<bibl id="hofm_1847_08_0128_11"><composer key="compo_021591">Léonard (H.)</composer> <title>Souvenir de Grétry. Fantasie pastorale p. Violon av. Acc. Pfte. Op. <opus key="opus_4562">9</opus></title>. <pubPlace key="place_0078">Braunschweig</pubPlace>, <publisher key="publ_2681">Meyer</publisher> 1 Thlr.</bibl>
<bibl id="hofm_1847_08_0128_12"><composer key="compo_021040">Lindpaintner</composer>, <title>Le Tremolo. Variations sur un Thème de Beethoven, p. Flûte av. Acc. de Pfte. Op. <opus key="opus_0427">121</opus></title>. <pubPlace key="place_0438">Mainz</pubPlace>, <publisher key="publ_3563">Schott</publisher> 1 Fl. 48 Xr.</bibl>
<bibl id="hofm_1847_08_0128_13"><composer key="compo_021359">Louis (N.)</composer> <title>Fantaisie-Valse sur des Motifs de Paquita, p. Pfte et Violon. Op. <opus key="opus_0999">161</opus></title>. <pubPlace key="place_0438">Mainz</pubPlace>, <publisher key="publ_3563">Schott</publisher> 1 Fl. 30 Xr.</bibl>
<bibl id="hofm_1847_08_0128_14"><composer key="compo_022225">Marini (L.)</composer> <title>Reminiscenze della Beatrice di Tenda, di Bellini, trascritte e variate p. Flauto con Acc. di Pfte. Op. <opus key="opus_2630">38</opus></title>. <pubPlace key="place_0437">Mailand</pubPlace>, <publisher key="publ_3241">Ricordi</publisher> 6 Fr.</bibl>
<bibl id="hofm_1847_08_0128_15">– <title>Reminiscenze della Saffo di Pacini. Fantasia p. Flaute con Acc di Pfte. Op. <opus key="opus_2670">39</opus></title>. Ebend. 7 Fr.</bibl>
<bibl id="hofm_1847_08_0128_16"><composer key="compo_023185">Meves (W.)</composer> <title>Variations p. 2 Violons av. Acc. de Pfte. Op. <opus key="opus_0234">11</opus></title>. <pubPlace key="place_0392">Leipzig</pubPlace>, <publisher key="publ_2017">Kistner</publisher> 1 Thlr.</bibl>
<bibl id="hofm_1847_08_0128_17"><composer key="compo_023543">Moeser (Aug.)</composer> <title>Souvenir d’Afrique. Grand Rondo original p. Violon av. Acc. de Pfte. Op. <opus key="opus_2737">4</opus></title>. <pubPlace key="place_0044">Berlin</pubPlace>, <publisher key="publ_3471">Schlesinger</publisher> 1 Thlr. 7½ Ngr.</bibl>
<bibl id="hofm_1847_08_0128_18"><composer key="compo_025439">Osborne</composer> et <composer key="compo_034980">Tulou</composer>, <title>Grand Duo sur les plus beaux Motifs du Barbier de Seville, Opéra de G. Rossini, p. Pfte et Flûte</title>. <pubPlace key="place_0438">Mainz</pubPlace>, <publisher key="publ_3563">Schott</publisher> 2 Fl. 24 Xr.</bibl>
<bibl id="hofm_1847_08_0128_19"><composer key="compo_025767">Parish-Alvars</composer>, <title>Concert f. Pfte m. Begl. d. Orchesters. Op. <opus key="opus_4580">90</opus>, in <key>Gm</key></title>. <pubPlace key="place_0392">Leipzig</pubPlace>, <publisher key="publ_2017">Kistner</publisher> 5 Thlr. 10 Ngr.</bibl>
<bibl id="hofm_1847_08_0128_20"><composer key="compo_029607">Salis (Ete U.)</composer> <title>Il Carnevale di Venezia. Capriccio p. Flauto con Acc. di Pfte</title>. <pubPlace key="place_0437">Mailand</pubPlace>, <publisher key="publ_3241">Ricordi</publisher> 6 Fr.</bibl>
<bibl id="hofm_1847_08_0128_21"><composer key="compo_035963">Silphin vom Walde</composer>, <title>3 Salon-Trio. (Romanze, Notturno und Scene) f. Pfte. Violine u. Violoncell</title>. <pubPlace key="place_0440">Mannheim</pubPlace>, <publisher key="publ_1534">Heckel</publisher> 22½ Ngr.</bibl>
<bibl id="hofm_1847_08_0128_22"><composer key="compo_033569">Strauss (Joh.)</composer> <title>Helenen-Walzer f. Violine u. Pfte. Op. <opus key="opus_1437">204</opus></title>. <pubPlace key="place_0731">Wien</pubPlace>, <publisher key="publ_1506">Haslinger</publisher> 45 Xr.</bibl>
<bibl id="hofm_1847_08_0128_23">– Idem f. Flöte u. Pfte. Ebend. 45 Xr.</bibl>
<bibl id="hofm_1847_08_0128_24">– <title>Triumph-Quadrille f. Violine u. Pfte. Op. <opus key="opus_1441">205</opus></title>. Ebend. 45 Xr.</bibl>
<bibl id="hofm_1847_08_0128_25"><composer key="compo_034111">Tamplini (Guis.)</composer> <title>Souvenir de Bellini. Fantasia p. Fagotto con Acc. di Pfte</title>. <pubPlace key="place_0437">Mailand</pubPlace>, <publisher key="publ_3241">Ricordi</publisher> 6 Fr.</bibl>
<pb n="129"/>
</div><div id="hofm_1847_08_0129_div08"><head><hofClass key="hofCl_0124">Musik für zwei Pianoforte.</hofClass></head>
<bibl id="hofm_1847_08_0129_01"><composer key="compo_028970">Rossini (G.)</composer> <title>Ouverture de l’Opéra : Guillaume Tell, arr. p. 2 Pfte à 8 Mains par G.M. Schmidt</title>. <pubPlace key="place_0438">Mainz</pubPlace>, <publisher key="publ_3563">Schott</publisher> 2 Fl. 42 Xr.</bibl>
</div><div id="hofm_1847_08_0129_div09"><head><hofClass key="hofCl_0171">Musik für das Pianoforte zu vier Händen.</hofClass></head>
<bibl id="hofm_1847_08_0129_02"><composer key="compo_002077">Beethoven (L. van)</composer> <title>Zweite Sinfonie, bearbeitet von H. Enckhausen. Op. <opus key="opus_2509">36</opus>, in <key>D</key></title>. <pubPlace key="place_0280">Hannover</pubPlace>, <publisher key="publ_2808">Nagel</publisher> 1 Thlr. 15 Ngr.</bibl>
<bibl id="hofm_1847_08_0129_03"><composer key="compo_002620">Berner (L.)</composer> <title>Beliebte Tanze, No. 1. 2</title>. <pubPlace key="place_0589">Rostock</pubPlace>, <publisher key="publ_1438">Hagemann u. Topp</publisher> à 5 Ngr. <lb/><title>No. 1, Veilchen-Polka</title>. <lb/>– <title>2, Zerlinen-Polka</title>.</bibl>
<bibl id="hofm_1847_08_0129_04"><composer key="compo_002709">Bertini (H.)</composer> <title>25 Etudes musicales. Op. <opus key="opus_4704">97</opus>. Liv. 1, 2</title>. (Choix d’Etudes progressives. Liv. 3, 4.) <pubPlace key="place_0392">Leipzig</pubPlace>, <publisher key="publ_3775">Siegel et Stoll</publisher> à 25 Ngr.</bibl>
<bibl id="hofm_1847_08_0129_05"><composer key="compo_002709">Bertini (H.)</composer> <title>3 Duos sur Bellini. No. 1–3</title>. <pubPlace key="place_0438">Mainz</pubPlace>, <publisher key="publ_3563">Schott</publisher> à 1 Fl. 30 Xr. <lb/><title>No. 1, Fantaisie sur : I Puritani. Op. <opus key="opus_1051">168</opus></title>. <lb/>– <title>2, Duo sur : Norma, de Bellini. Op. <opus key="opus_1060">169</opus></title>. <lb/>– <title>3, Fantasia sur : La Sonnambula, de Bellini. Op. <opus key="opus_1085">170</opus></title>.</bibl>
<bibl id="hofm_1847_08_0129_06"><composer key="compo_006106">Cramer (H.)</composer> <title>10ième Potpourri sur les Motifs favoris de l’Opéra : La Sonnambula, Musique de Bellini</title>. <pubPlace key="place_0438">Mainz</pubPlace>, <publisher key="publ_3563">Schott</publisher> 1 Fl. 30 Xr.</bibl>
<bibl id="hofm_1847_08_0129_07"><composer key="compo_007639">Döhler (Th.)</composer> <title>Esmeralda. Air napolitain varié, arr. p. C. Klage. Op. <opus key="opus_3711">62. No. 2</opus></title>. <pubPlace key="place_0044">Berlin</pubPlace>, <publisher key="publ_3471">Schlesinger</publisher> 17½ Ngr.</bibl>
<bibl id="hofm_1847_08_0129_08"><composer key="compo_011578">Golde (Jos.)</composer> <title>Deutscher Marsch über die beiden beliebten Lieder: Schleswig-Holstein meerumschlungen, und: Was ist des Deutschen Vaterland</title>. <pubPlace key="place_0181">Erfurt</pubPlace>, <publisher key="publ_0379">Born</publisher> 7½ Ngr.</bibl>
<bibl id="hofm_1847_08_0129_09"><composer key="compo_013060">Halevy (F.)</composer> <title>Les Mousquetaires de la Reine. Opéra. Arrangement p. C. Klage</title>. <pubPlace key="place_0044">Berlin</pubPlace>, <publisher key="publ_3471">Schlesinger</publisher> geh. 3 Thlr.</bibl>
<bibl id="hofm_1847_08_0129_10"><composer key="compo_013697">Haydn (Jos.)</composer> <title>Collection compléte des Sinfonies, arr. p. Fr. Mockwitz. No. 10, in <key>C</key></title>. <pubPlace key="place_0589">Rostock</pubPlace>, <publisher key="publ_1438">Hagemann et Topp</publisher> (<pubPlace key="place_0044">Berlin</pubPlace>, <publisher key="publ_0951">Esslinger</publisher>) 1 Thlr. 5 Ngr.</bibl>
<bibl id="hofm_1847_08_0129_11"><composer key="compo_014919">Hirschbach (H.)</composer> <title>Fantasie f. Orchester, eing. v. Fr. Mockwitz, in <key>D</key></title>. <pubPlace key="place_0392">Leipzig</pubPlace>, <publisher key="publ_0426">Brauns</publisher> 1 Thlr. 15 Ngr.</bibl>
<bibl id="hofm_1847_08_0129_12"><composer key="compo_019119">Kullak (Th.)</composer> <title>Le Carneval de Venise d’aprés Paganini et Ernst. Arrangement p. E.D. Wagner. Op. <opus key="opus_4577">9. No. 7</opus></title>. <pubPlace key="place_0044">Berlin</pubPlace>, <publisher key="publ_3471">Schlesinger</publisher> 22½ Ngr.</bibl>
<bibl id="hofm_1847_08_0129_13"><composer key="compo_019654">Labitzky (Jos.)</composer> <title>Liebesgrüsse. Walzer. Op. <opus key="opus_0658">138</opus></title>. <pubPlace key="place_0392">Leipzig</pubPlace>, <publisher key="publ_1746">Hofmeister</publisher> 17½ Ngr.</bibl>
<bibl id="hofm_1847_08_0129_14">– <title>Wanderlust. 3 Polka. Op. <opus key="opus_0666">139</opus>. (Badner Conversations-, Stephanien- u. Lichtenthaler Allee-Polka.)</title> Ebend. 20 Ngr.</bibl>
<bibl id="hofm_1847_08_0129_15"><composer key="compo_022297">Marschner (H.)</composer> <title>Der Templer u. die Jüdin. Grosse Oper. <format>Vollständiger Klavierauszug</format> (ohne Worte.)</title> <pubPlace key="place_0392">Leipzig</pubPlace>, <publisher key="publ_1746">Hofmeister</publisher> geh. 6 Thlr.</bibl>
<bibl id="hofm_1847_08_0129_16"><composer key="compo_027879">Reinecke (C.)</composer> <title>3 Kleine Fantasien. Op. <opus key="opus_4562">9</opus></title>. <pubPlace key="place_0360">Copenhagen</pubPlace>, <publisher key="publ_2486">Lose u. Delbanco</publisher> 17½ Ngr.</bibl>
<bibl id="hofm_1847_08_0129_17"><composer key="compo_029687">Sanelli (Gualt.)</composer> <title>Luisa Strozzi. Opera. No. 2–6. 8. 9. 11. 12. 13</title>. <pubPlace key="place_0437">Mailand</pubPlace>, <publisher key="publ_3241">Ricordi</publisher> à 1 Fr. 50 Ct. – 5 Fr.</bibl>
<bibl id="hofm_1847_08_0129_18"><composer key="compo_030796">Schneider (Th.)</composer> <title>Silberglöckchen-Galopp</title>. <pubPlace key="place_0392">Leipzig</pubPlace>, <publisher key="publ_3775">Siegel u. Stoll</publisher> 18 Ngr.</bibl>
<bibl id="hofm_1847_08_0129_19"><composer key="compo_033569">Strauss (Joh.)</composer> <title>Helenen-Walzer. Op. <opus key="opus_1437">204</opus></title>. <pubPlace key="place_0731">Wien</pubPlace>, <publisher key="publ_1506">Haslinger</publisher> 1 Fl. 15 Xr.</bibl>
<bibl id="hofm_1847_08_0129_20">– <title>Triumph-Quadrille. Op. <opus key="opus_1441">205</opus></title>. Ebend. 1 Fl.</bibl>
<bibl id="hofm_1847_08_0129_21"><composer key="compo_034323">Thalberg (Sig.)</composer> <title>Mélodies styriennes variées. Arrangement u. Ed. Wolff. Op. <opus key="opus_3658">61</opus></title>. <pubPlace key="place_0044">Berlin</pubPlace>, <publisher key="publ_3471">Schlesinger</publisher> 1 Thlr.</bibl>
<pb n="130"/>
<bibl id="hofm_1847_08_0130_01"><composer key="compo_034917">Truzzi (L.)</composer> <title>La Gioja delle Madri. Raccolta di piccoli Divertimenti sopra Motivi delle Opere moderne. Op. <opus key="opus_3825">66</opus>. Fasc. 12–15</title>. <pubPlace key="place_0437">Mailand</pubPlace>, <publisher key="publ_3241">Ricordi</publisher> à 2 Fr. 50 Ct. <lb/><title>Fasc. 12, 13: Verdi, I due Foscari</title>. <lb/>– <title>14, 15: – Giovanna d’Arco</title></bibl>
</div><div id="hofm_1847_08_0130_div10"><head><hofClass key="hofCl_0166">Musik für das Pianoforte allein.</hofClass></head>
<bibl id="hofm_1847_08_0130_02"><composer key="compo_000167">Aggiutorio (R.)</composer> <title>Speranza. Nocturne-Etude. Op. <opus key="opus_1584">22</opus></title>. <pubPlace key="place_0537">Paris</pubPlace> (<pubPlace key="place_0392">Leipzig</pubPlace>, <publisher key="publ_1746">Hofmeister</publisher>) 4 Fr. 50 Ct.</bibl>
<bibl id="hofm_1847_08_0130_03"><composer key="compo_000389">Alkan (C.V.)</composer> <title>Partitions p. Pfte, tirés des Oeuvres de Marcello, Gluck, Haydn, Gretry, Mozart. No. 5, Marche et Choeur, des Janissaires de Gretry</title>. <pubPlace key="place_0044">Berlin</pubPlace>, <publisher key="publ_3471">Schlesinger</publisher> 15 Ngr.</bibl>
<bibl id="hofm_1847_08_0130_04"><composer key="compo_002077">Beethoven (L. van)</composer> <title>3 Trios, arr. p. L. Winkler. Op. <opus key="opus_4569">9. No. 1–3</opus>, in <key>G</key>. <key>D</key>. <key>Cm</key></title>. <pubPlace key="place_0078">Braunschweig</pubPlace>, <publisher key="publ_2681">Meyer</publisher> à 25 Ngr.</bibl>
<bibl id="hofm_1847_08_0130_05">– <title>3 Sonates, arr. Op. <opus key="opus_0398">12. No. 1–3</opus>, in <key>D</key>. <key>A</key>. <key>Es</key></title>. Ebend. à 25 Ngr.</bibl>
<bibl id="hofm_1847_08_0130_06">– <title>Grand Quintetto, arr. p. L. Winkler. Op. <opus key="opus_2066">29</opus>, in <key>C</key></title>. Ebend. 1 Thlr.</bibl>
<bibl id="hofm_1847_08_0130_07">– <title>3 Sonates, arr. Op. <opus key="opus_2136">30. No. 1–3</opus>, in <key>A</key>.<key>Cm</key>.<key>G</key></title>. Ebend. à 25 Ngr.</bibl>
<bibl id="hofm_1847_08_0130_08"><composer key="compo_002193">Belleville-Onry (Anna de)</composer> <title>Souvenirs de Paris. Introduction et Valse</title>. <pubPlace key="place_0437">Mailand</pubPlace>, <publisher key="publ_3241">Ricordi</publisher> 2 Fr. 70 Ct.</bibl>
<bibl id="hofm_1847_08_0130_09"><composer key="compo_002313">Benedict (Jul.)</composer> <title>Fantaisie brillante sur des Motifs favoris de l’Opéra : La Bohémienne, p. Balfe. Op. <opus key="opus_2509">36</opus></title>. <pubPlace key="place_0438">Mainz</pubPlace>, <publisher key="publ_3563">Schott</publisher> 1 Fl. 12 Xr.</bibl>
<bibl id="hofm_1847_08_0130_10"><composer key="compo_002825">Beyer (F.)</composer> <title>Répertoire des jeunes Pianistes. Petites Fantaisies instructifs sur des Motifs favoris d’Opéras. Op. <opus key="opus_2509">36</opus>. Liv. 17, Donizetti, Linda di Chamounix</title>. <pubPlace key="place_0438">Mainz</pubPlace>, <publisher key="publ_3563">Schott</publisher> 45 Xr.</bibl>
<bibl id="hofm_1847_08_0130_11">– <title>Bouquet de Mélodies. Op. <opus key="opus_2856">42. No. 14, 15</opus></title>. <pubPlace key="place_0438">Mainz</pubPlace>, <publisher key="publ_3563">Schott</publisher> à 1 Fl. <lb/><title>No. 14, Linda di Chamounix de Donizetti</title>. <lb/>– <title>15, Ernani de G. Verdi</title>.</bibl>
<bibl id="hofm_1847_08_0130_12"><composer key="compo_003015">Billet (A.)</composer> <title>Grande Etude sur la Ballade : Gli amanti indiani, de J. Litta. Op. <opus key="opus_2403">34</opus></title>. <pubPlace key="place_0437">Mailand</pubPlace>, <publisher key="publ_3241">Ricordi</publisher> 3 Fr. 50 Ct.</bibl>
<bibl id="hofm_1847_08_0130_13"><composer key="compo_003103">Bischoff (K.J.)</composer> <title>Das goldene Buch. 100 Kleinigkeiten bestehend in ausgewählten beliebten Melodien, mit Berücksichfigung kleiner Hände. Heft 3–6</title>. <pubPlace key="place_0475">München</pubPlace>, <publisher key="publ_0028">Aibl</publisher> à 36 Xr.</bibl>
<bibl id="hofm_1847_08_0130_14">– Idem. Erstes Bändchen (Heft 1–6.) Enthaltend 24 Kleinigkeiten. Ebend. Elegant geb. 3 Fl. 36 Xr.</bibl>
<bibl id="hofm_1847_08_0130_15"><composer key="compo_004433">Brunner (C.F.)</composer> <title>50 petites Etudes instructives et progressives. Op. <opus key="opus_4704">97</opus>. Cah. 2</title>. <pubPlace key="place_0392">Leipzig</pubPlace>, <publisher key="publ_3775">Siegel et Stoll</publisher> 15 Ngr.</bibl>
<bibl id="hofm_1847_08_0130_16"><composer key="compo_004712">Burgmüller (Fréd.)</composer> <title>Benedetta. Fantaisie brillante sur la Romanze favorite de L. Puget. Op. <opus key="opus_4672">95. No. 1</opus></title>. <pubPlace key="place_0438">Mainz</pubPlace>, <publisher key="publ_3563">Schott</publisher> 1 Fl.</bibl>
<bibl id="hofm_1847_08_0130_17"><composer key="compo_004705">Burgmüller (Fr.)</composer> <title>Fantaisie brillante sur : Attila de G. Verdi</title>. <pubPlace key="place_0360">Copenhagen</pubPlace>, <publisher key="publ_2486">Lose et Delbanco</publisher> 15 Ngr.</bibl>
<bibl id="hofm_1847_08_0130_18"><composer key="compo_005672">Chwatal (F.X.)</composer> <title>Guirlande musicale. 6 Merceaux faciles d’après des Motifs favoris. Op. <opus key="opus_4153">76</opus>. Liv. 1, 2</title>. <pubPlace key="place_0436">Magdeburg</pubPlace>, <publisher key="publ_1560">Heinrichshofen</publisher> à 25 Ngr. <lb/><title>Liv. 1, Rondino militaire : La Sirène. – Le Carneval de Venise Varié. – Rondino : Valse des Philomèles</title>. <lb/>– <title>2, Rondino : Rataplan. – Variations : La Laitière. – Rondeau mignon : Polka de Gung’l</title>.</bibl>
<bibl id="hofm_1847_08_0130_19"><composer key="compo_005870">Colla (V.)</composer> <title>Rimembranze su i Motivi della Borgia e dei Foscari trascr. e variate. Op. <opus key="opus_2850">42</opus></title>. <pubPlace key="place_0437">Mailand</pubPlace>, <publisher key="publ_3241">Ricordi</publisher> 4 Fr. 80 Ct.</bibl>
<bibl id="hofm_1847_08_0130_20"><composer key="compo_005991">Coppola (P.A.)</composer> <title>L’Orfana guelfa. Opera. No. 3. 5. 7. 10</title>. <pubPlace key="place_0437">Mailand</pubPlace>, <publisher key="publ_3241">Ricordi</publisher> à 2 Fr. 40 Ct. – 3 Fr. 60 Ct.</bibl>
<pb n="131"/>
<bibl id="hofm_1847_08_0131_01"><composer key="compo_006106">Cramer (H.)</composer> <title>Fantaisie sur la Cavatine célèbre : „I tuoi frequenti palpiti,“ de l’Opéra : Niobé, de Pacini. Op. <opus key="opus_2850">42</opus></title>. <pubPlace key="place_0438">Mainz</pubPlace>, <publisher key="publ_3563">Schott</publisher> 1 Fl. 21 Xr.</bibl>
<bibl id="hofm_1847_08_0131_02">– <title>65e Potpourri sur les Motifs favoris de l’Opéra : Idomeneo, Rè di Creta, Musique de Mozart</title>. Ebend. 54 Xr.</bibl>
<bibl id="hofm_1847_08_0131_03">– <title>Der kleine Pianoforte-Spieler. Auswahl von Fantasien, Divertissements, Potpourris über bel. Walzer, Polka’s, Märsche, Lieder und Opern-Themas. 1stes Heft</title>. <pubPlace key="place_0519">Offenbach</pubPlace>, <publisher key="publ_0065">André</publisher> 54 Xr. n.</bibl>
<bibl id="hofm_1847_08_0131_04"><composer key="compo_006306">Czerny (C.)</composer> <title>Musikalischer Jugendschatz. No. 13–23</title>. <pubPlace key="place_0731">Wien</pubPlace>, <publisher key="publ_1506">Haslinger</publisher> à 15 Xr. <lb/><title>No. 13, Bolero (Ernani von Verdi.)</title> <lb/>– <title>14, Rondino (Dessauer Marsch.)</title> <lb/>– <title>15, Rondinetto (Gisella von Adam.)</title> <lb/>– <title>16, Variationen (Favorita von Donizetti.)</title> <lb/>– <title>17, Walzer-Rondo (Die Musketiere der Königin.)</title> <lb/>– <title>18, Rondino (Favorita.)</title> <lb/>– <title>19, Rondo über ungarische Nationalmelodien</title>. <lb/>– <title>20, Rondino (Luftschiffer-Manövrir-Marsch.)</title> <lb/>– <title>21, Fantasina (Schubert’s Ständchen.)</title> <lb/>– <title>22, Rondino (La Provence, von Evers.)</title> <lb/>– <title>23, Potpourri über ungarische Nationalmelodien</title>.</bibl>
<bibl id="hofm_1847_08_0131_05"><composer key="compo_007639">Döhler (Th.)</composer> <title>Le Postillon. Rondeau brillant sur une Mélodie du Prince de Hohenzollern-Hechingen. Op. <opus key="opus_3738">63</opus></title>. <pubPlace key="place_0438">Mainz</pubPlace>, <publisher key="publ_3563">Schott</publisher> 1 Fl. 12 Xr.</bibl>
<bibl id="hofm_1847_08_0131_06"><composer key="compo_007388">Dreyschock (Alex.)</composer> <title>Pastorella. Op. <opus key="opus_2850">42</opus></title>. <pubPlace key="place_0731">Wien</pubPlace>, <publisher key="publ_2779">Müller</publisher> 45 Xr.</bibl>
<bibl id="hofm_1847_08_0131_07">– <title>Scherzo. Op. <opus key="opus_2915">43</opus></title>. Ebend. 1 Fl. 15 Xr.</bibl>
<bibl id="hofm_1847_08_0131_08">– <title>Capriccio. Op. <opus key="opus_2948">44</opus></title>. Ebend. 1 Fl.</bibl>
<bibl id="hofm_1847_08_0131_09">– <title>Morceau caractéristique. Op. <opus key="opus_2996">45</opus></title>. <pubPlace key="place_0438">Mainz</pubPlace>, <publisher key="publ_3563">Schott</publisher> 1 Fl. 12 Xr.</bibl>
<album id="hofm_1847_08_0131_10"><title>Echo (I’) de l’Opéra, ou Collection de Potpourris brillants. Liv. 55, 56</title>. <pubPlace key="place_0475">München</pubPlace>, <publisher key="publ_0028">Aibl</publisher>. <lb/><title>Liv. 55, <composer key="compo_036241">Weber</composer>, der Freischütz, arr. v. Bischoff</title>. <lb/>– <title>56, <composer key="compo_013059">Halevy</composer>, die Musketiere der Königin, arr. v. Bischoff</title>.</album>
<bibl id="hofm_1847_08_0131_11"><composer key="compo_009438">Fischhof (Jos.)</composer> <title>Bewährte Studien aus den Besten gewahlt, mit Erlauterung und Fingersatz. 1ste Folge. Uehungen, welche die Unabhängigkeit und Kraftigung der Finger bezwecken. 2tes Heft, Clementi. No. 4–6</title>. <pubPlace key="place_0731">Wien</pubPlace>, <publisher key="publ_2779">Müller</publisher> 1 Fl.</bibl>
<bibl id="hofm_1847_08_0131_12"><composer key="compo_009555">Flügel (G.)</composer> <title>Nachtgespenst, Nachtsturm und Gebet. Characterstücke. Op. <opus key="opus_0021">10</opus></title>. <pubPlace key="place_0438">Mainz</pubPlace>, <publisher key="publ_3563">Schott</publisher> 1 Fl. 12 Xr.</bibl>
<bibl id="hofm_1847_08_0131_13">– <title>Fantasie-Bilder. Op. <opus key="opus_0234">11</opus>. Heft 1, 2</title>. <pubPlace key="place_0438">Mainz</pubPlace>, <publisher key="publ_3563">Schott</publisher> à 1 Fl.</bibl>
<bibl id="hofm_1847_08_0131_14">– <title>Mondschein-Bilder. Op. <opus key="opus_1165">18</opus></title>. <pubPlace key="place_0392">Leipzig</pubPlace>, <publisher key="publ_1746">Hofmeister</publisher> 15 Ngr.</bibl>
<bibl id="hofm_1847_08_0131_15"><composer key="compo_010041">Friedrich (E.F.)</composer> <title>Der fleissige Pianoforte-Spieler. Neue Schule der Geläufigkeit in 40 fortschreitenden Uebungsstücken. Op. <opus key="opus_1999">28</opus>. Heft 1–3</title>. <pubPlace key="place_0078">Braunschweig</pubPlace>, <publisher key="publ_2681">Meyer</publisher> à 15 Ngr.</bibl>
<bibl id="hofm_1847_08_0131_16"><composer key="compo_010592">Gambini (C.A.)</composer> <title>Rimembranze di Paganini. Op. <opus key="opus_3211">50. No. 1–3</opus></title>. <pubPlace key="place_0437">Mailand</pubPlace>, <publisher key="publ_3241">Ricordi</publisher> à-3 Fr. 50 Ct. <lb/><title>No. 1, Allegro di Concerto</title>. <lb/>– <title>2, Carnevale di Venezia</title>. <lb/>– <title>3, Le Streghe</title>.</bibl>
<bibl id="hofm_1847_08_0131_17"><composer key="compo_011618">Golinelli (S.)</composer> <title>Toccata pastorale. Op. <opus key="opus_2630">38</opus></title>. <pubPlace key="place_0437">Mailand</pubPlace>, <publisher key="publ_3241">Ricordi</publisher> 2Fr. 40 Ct.</bibl>
<bibl id="hofm_1847_08_0131_18">– <title>Le viole mammole. Preludi e Melodie ad uso di giovanni Pianisti. Op. <opus key="opus_2670">39</opus></title>. Ebend. 3 Fr. 90 ct</bibl>
<bibl id="hofm_1847_08_0131_19"><composer key="compo_011692">Goria (A.)</composer> <title>Caprice-Nocturne. Op. <opus key="opus_3565">6</opus></title>. <pubPlace key="place_0438">Mainz</pubPlace>, <publisher key="publ_3563">Schott</publisher> 45 Xr.</bibl>
<bibl id="hofm_1847_08_0131_20">– <title>Fantaisie élégante sur : Sultana, de M. Bourges, Op. <opus key="opus_1731">24</opus></title>. <pubPlace key="place_0438">Mainz</pubPlace>, <publisher key="publ_3563">Schott</publisher> 1 Fl. 12 Xr.</bibl>
<bibl id="hofm_1847_08_0131_21"><composer key="compo_013103">Hallé (Ch.)</composer> <title>4 Romances sans Pareies. Op. <opus key="opus_0001">1</opus></title>. <pubPlace key="place_0044">Berlin</pubPlace>, <publisher key="publ_3471">Schlesinger</publisher> 1 Thlr.</bibl>
<pb n="132"/>
<bibl id="hofm_1847_08_0132_01"><composer key="compo_014550">Herz (H.)</composer> <title>Paquerette. Mélodie</title>. <pubPlace key="place_0438">Mainz</pubPlace>, <publisher key="publ_3563">Schott</publisher> 36 Xr.</bibl>
<bibl id="hofm_1847_08_0132_02">– <title>Collection de Gammes, Exercises, Passages et Préludes d’une Difficulté progressive</title>. <pubPlace key="place_0392">Leipzig</pubPlace>, <publisher key="publ_3775">Siegel et Stoll</publisher> 20 Ngr.</bibl>
<bibl id="hofm_1847_08_0132_03"><composer key="compo_014556">Herz (Jacq.)</composer> <title>La Coquette. Valse brillante. Op. <opus key="opus_3244">51</opus></title>. <pubPlace key="place_0438">Mainz</pubPlace>, <publisher key="publ_3563">Schott</publisher> 1 Fl. 12 Xr.</bibl>
<bibl id="hofm_1847_08_0132_04"><composer key="compo_015944">Hünten (Fr.)</composer> <title>Thème de Himmelt „An Alexis send’ich dich,“ varié. Op. <opus key="opus_1881">26</opus></title>. <pubPlace key="place_0392">Leipzig</pubPlace>, <publisher key="publ_3775">Siegel et Stoll</publisher> 15 Ngr.</bibl>
<bibl id="hofm_1847_08_0132_05"><composer key="compo_016826">Kalkbrenner (Fr.)</composer> <title>3 Themas mit Variationen. Besonderer Abdruck a. d. Pfte-Schule. Op. <opus key="opus_0198">108</opus></title>. <pubPlace key="place_0392">Leipzig</pubPlace>, <publisher key="publ_2017">Kistner</publisher> 10 Ngr.</bibl>
<bibl id="hofm_1847_08_0132_06"><composer key="compo_018234">Komorowska (Ctsse Stephanie)</composer> <title>Fantaisie sur un Motif de Preciosa, de C.M. de Weber</title>, <pubPlace key="place_0463">Mitau</pubPlace>, <publisher key="publ_3219">Reyher</publisher>, 20 Ngr.</bibl>
<bibl id="hofm_1847_08_0132_07">– <title>Mes Adieux. Andante</title>. Ebend. 7½ Ngr.</bibl>
<bibl id="hofm_1847_08_0132_08">– <title>Pensée fugitive</title>. Ebend. 5 Ngr.</bibl>
<bibl id="hofm_1847_08_0132_09"><composer key="compo_018276">Kontski (Ant. de)</composer> <title>Petite Fantaisie sur les Motifs fav. de : Stradella, de L. Niedermeyer. Op. <opus key="opus_1932">27</opus></title>. <pubPlace key="place_0437">Mailand</pubPlace>, <publisher key="publ_3241">Ricordi</publisher> 3 Fr.</bibl>
<bibl id="hofm_1847_08_0132_10">– <title>Caprice Fantastique. Op. <opus key="opus_1999">28</opus></title>. Ebend. 3 Fr. 60 Ct.</bibl>
<bibl id="hofm_1847_08_0132_11"><composer key="compo_019507">Kücken (Fr.)</composer> <title>Rondeau d’après deux Thèmes de l’Opéra : Le Prétendant</title>. <pubPlace key="place_0662">Stuttgart</pubPlace>, <publisher key="publ_4248">Wagner</publisher> 36 Xr.</bibl>
<wip id="hofm_1847_08_0132_12"><composer key="compo_020257">Lecarpentier (Ad.)</composer> <title>10 Bagatelles sur des Motifs des Opéras</title>. <pubPlace key="place_0437">Mailand</pubPlace>, <publisher key="publ_3241">Ricordi</publisher>. <lb/><title>No. 66, Rossini, Gazza ladra</title>. 2 Fr. 40 Ct. <lb/>– <title>67, Cimarosa, Il Matrimonio segretto</title>. 2 Fr. 10 Ct. <lb/>– <title>68, Auber, La Fiancée</title>. 2 Fr. 10 Ct. <lb/>– <title>69, – Le Dieu et la Bajadère</title>. 2 Fr. 10 Ct. <lb/>– <title>70, Rossini, L’Italiana in Algeri</title>. 2 Fr. 10 Ct. <lb/>– <title>71, Auber, Lestocq</title>. 2 Fr. 10 Ct. <lb/>– <title>76, Rossini, Siège de Corinthe</title>. 2 Fr. 10 Ct. <lb/>– <title>77, Bellini, Il Pirata</title>. 2 Fr. 10 Ct. <lb/>– <title>78, Nicolo, Joconde</title>. 2 Fr. 10 Ct. <lb/>– <title>79, Bazin, Trompette de Monsieur le Prince</title>.</wip>
<bibl id="hofm_1847_08_0132_13"><composer key="compo_020767">Lewy (C.)</composer> <title>Frühlingsnahen. Intermazzo. Op. <opus key="opus_1271">19</opus></title>. <pubPlace key="place_0731">Wien</pubPlace>, <publisher key="publ_2779">Müller</publisher> 36 Xr.</bibl>
<bibl id="hofm_1847_08_0132_14"><composer key="compo_021140">Litolff (H.)</composer> <title>Promenade du Soir au Bord du Rhin. Fantaisie. Op. <opus key="opus_2948">44</opus></title>. <pubPlace key="place_0078">Braunschweig</pubPlace>, <publisher key="publ_2681">Meyer</publisher> 25 Ngr.</bibl>
<wip id="hofm_1847_08_0132_15"><composer key="compo_021207">Loewe (C.)</composer> <title>Characteristische Stücke aus der Zigeuner-Sonate. Op. <opus key="opus_0182">107</opus></title>. <pubPlace key="place_0147">Dresden</pubPlace>, <publisher key="publ_2993">Paul</publisher>. <lb/><title>Indisches Mährchen</title>. 7½ Ngr. <lb/><title>Zigeuner-Tanz</title>. 15 Ngr. <lb/><title>Abend-Cultus</title>. 7½ Ngr.</wip>
<bibl id="hofm_1847_08_0132_16"><composer key="compo_022612">Mayer (Ch.)</composer> <title>Grande Etude. Op. <opus key="opus_3659">61. No. 1</opus>, in <key>E</key></title>. <pubPlace key="place_0392">Leipzig</pubPlace>, <publisher key="publ_1746">Hofmeister</publisher> 10 Ngr.</bibl>
<bibl id="hofm_1847_08_0132_17"><composer key="compo_022964">Mercadante (Sav.)</composer> <title>Orazy e Curiazy. Tragedia lirica. <format>Riduzione p. Pfte. solo</format></title>. <pubPlace key="place_0437">Mailand</pubPlace>, <publisher key="publ_3241">Ricordi</publisher> geh. 26 Fr.</bibl>
<bibl id="hofm_1847_08_0132_18"><composer key="compo_023016">Merli (Henriette, Aveugle et agée de six Ans)</composer> <title>Caprice-Etude. Op. <opus key="opus_2737">4</opus></title>. <pubPlace key="place_0437">Mailand</pubPlace>, <publisher key="publ_3241">Ricordi</publisher> 3 Fr. 30 Ct.</bibl>
<bibl id="hofm_1847_08_0132_19"><composer key="compo_024794">Nicola (C.)</composer> <title>Erinnerung. Rhapsodie. Op. <opus key="opus_1802">25</opus></title>. <pubPlace key="place_0078">Braunschweig</pubPlace>, <publisher key="publ_2681">Meyer</publisher> 15 Ngr.</bibl>
<bibl id="hofm_1847_08_0132_20"><composer key="compo_025060">Nowakowski (Jos.)</composer> <title>12 Etudes. Op. <opus key="opus_1802">25</opus>. Cah. 1, 2</title>. <pubPlace key="place_0392">Leipzig</pubPlace>, <publisher key="publ_2017">Kistner</publisher> à 1 Thlr. 5 Ngr.</bibl>
<bibl id="hofm_1847_08_0132_21">– <title>Quatre Mazourkas. Op. <opus key="opus_1881">26</opus></title>. Ebend. 15 Ngr.</bibl>
<album id="hofm_1847_08_0132_22"><composer key="compo_025260">Oesten (Th.)</composer> <title>Réminiscences d’Opéras. Collection de Fantaisies élégantes en Forme de Potpourris sur des Thèmes d’Opéras modernes et favoris. No. 2. 4. 5. 6. 8</title>. <pubPlace key="place_0589">Rostock</pubPlace>, <publisher key="publ_1438">Hagemann et Topp</publisher> à 20 Ngr. <lb/><title>No. 2, <composer key="compo_001394">Balfe</composer>, der Liebesbrunnen. Op. <opus key="opus_1802">25</opus></title>. <lb/>– <title>4, <composer key="compo_002199">Bellini</composer>, La Sonnambula. (Op. <opus key="opus_1932">27</opus>.)</title> <lb/>– <title>5, <composer key="compo_007196">Donizetti</composer>, Don Pasquale. (Op. <opus key="opus_1999">28</opus>.)</title> <lb/>– <title>6, – Belisario. (Op. <opus key="opus_2066">29</opus>.)</title> <lb/>– <title>8, – Linda di Chamounix. (Op. <opus key="opus_2187">31</opus>.)</title></album>
<pb n="133"/>
<bibl id="hofm_1847_08_0133_01"><composer key="compo_025260">Oesten (Th.)</composer> <title>Les Fleurs de l’Opéra. Bouquets de Mélodies sur des Motifs favoris. Op. <opus key="opus_2518">36. No. 1, 2</opus></title>. <pubPlace key="place_0078">Braunschweig</pubPlace>, <publisher key="publ_4321">Weinholtz</publisher> à 12½ Ngr. <lb/><title>No. 1, Kreutzer, Das Nachtlager in Granada</title>. <lb/>– <title>2, Rossini, Othello</title>.</bibl>
<album id="hofm_1847_08_0133_02"><title>Opern-Bibliothek. Potpourris nach Favorit-Themen der neuesten Opern. No. 61–63. Arr. v. A.E. Marschner</title>. <pubPlace key="place_0392">Leipzig</pubPlace>, <publisher key="publ_1107">Friedlein u. Hirsch</publisher> à 20 Ngr. <lb/><title>No. 61, <composer key="compo_021325">Lortzing</composer>, der Waffenschmied</title>. <lb/>– <title>62, <composer key="compo_035402">Verdi</composer>, Hernani</title>. <lb/>– <title>63, <composer key="compo_001075">Auber</composer>, der Maurer und der Schlosser</title>.</album>
<bibl id="hofm_1847_08_0133_03"><composer key="compo_025594">Pacini (Giov.)</composer> <title>La Regina di Cipro. Dramma lirico. <format>Riduzione p. Pfte solo</format></title>. <pubPlace key="place_0437">Mailand</pubPlace>, <publisher key="publ_3241">Ricordi</publisher> geh. 20 Fr.</bibl>
<bibl id="hofm_1847_08_0133_04"><composer key="compo_025767">Parish-Alvars</composer>, <title>Concert. Op. <opus key="opus_4580">90</opus>, in <key>Gm</key></title>. <pubPlace key="place_0392">Leipzig</pubPlace>, <publisher key="publ_2017">Kistner</publisher> 1 Thlr. 20 Ngr.</bibl>
<bibl id="hofm_1847_08_0133_05"><composer key="compo_025973">Pedrotti (Carl)</composer> <title>Romea di Montfort. Opera. <format>Riduzione p. Pfte. solo</format></title>. <pubPlace key="place_0437">Mailand</pubPlace>, <publisher key="publ_3241">Ricordi</publisher> geh. 20 Fr.</bibl>
<wip id="hofm_1847_08_0133_06"><composer key="compo_027627">Ravina (H.)</composer> <title>Etudes de Style et de Perfectionnement. Op. <opus key="opus_0684">14</opus></title>. En 2 Suites (à 2 Fl.) <pubPlace key="place_0438">Mainz</pubPlace>, <publisher key="publ_3563">Schott</publisher> compl. geh. 3 Fl. 36 Xr.</wip>
<bibl id="hofm_1847_08_0133_07"><composer key="compo_027982">Reissiger (C.G.)</composer> <title>L’Amabilità. Adagio espressivo. Op. <opus key="opus_2948">44</opus>. <edition>Nouvelle Edition</edition></title>. <pubPlace key="place_0147">Dresden</pubPlace>, <publisher key="publ_2993">Paul</publisher> 10 Ngr.</bibl>
<bibl id="hofm_1847_08_0133_08"><composer key="compo_028854">Rosellen (H.)</composer> <title>Grande Fantaisie et Variations sur des Motifs du Chalet, d’A. Adam, arr. Op. <opus key="opus_3565">6</opus></title>. <pubPlace key="place_0438">Mainz</pubPlace>, <publisher key="publ_3563">Schott</publisher> 1 Fl. 30 Xr.</bibl>
<bibl id="hofm_1847_08_0133_09">– <title>Fantaisie sur des Motifs de Robert Bruce, Opéra de G. Rossini. Op. <opus key="opus_4654">94</opus></title>. <pubPlace key="place_0438">Mainz</pubPlace>, <publisher key="publ_3563">Schott</publisher> 1 Fl. 48 Xr.</bibl>
<bibl id="hofm_1847_08_0133_10">– <title>Tradita. Romance de L. Graziani, transcrite</title>. <pubPlace key="place_0438">Mainz</pubPlace>, <publisher key="publ_3563">Schott</publisher> 36 Xr.</bibl>
<bibl id="hofm_1847_08_0133_11"><composer key="compo_029893">Schad (Jós.)</composer> <title>24 Etudes faciles et progressives, composées expressément pour les petites Mains. Op. <opus key="opus_2187">31</opus>. Liv. 2</title>. <pubPlace key="place_0392">Leipzig</pubPlace>, <publisher key="publ_1746">Hofmeister</publisher> 25 Ngr.</bibl>
<bibl id="hofm_1847_08_0133_12"><composer key="compo_030596">Schmidt (P.)</composer> <title>Komisches Potpourri</title>. <pubPlace key="place_0440">Mannheim</pubPlace>, <publisher key="publ_1534">Heckel</publisher> 15 Ngr.</bibl>
<bibl id="hofm_1847_08_0133_13"><composer key="compo_031182">Schulhoff (Jul.)</composer> <title>2ième Nocturne. Op. <opus key="opus_1271">19</opus></title>. <pubPlace key="place_0438">Mainz</pubPlace>, <publisher key="publ_3563">Schott</publisher> 54 Xr.</bibl>
<bibl id="hofm_1847_08_0133_14">– <title>2ième Valse brillante. Op. <opus key="opus_1390">20</opus></title>. Ebend. 54 Xr.</bibl>
<bibl id="hofm_1847_08_0133_15"><composer key="compo_031366">Schuncke (L.)</composer> <title>Rondo. Op. <opus key="opus_0806">15</opus></title>. <pubPlace key="place_0662">Stuttgart</pubPlace>, <publisher key="publ_0049">Allgemeine Musikhandl</publisher>. 54 Xr.</bibl>
<bibl id="hofm_1847_08_0133_16"><composer key="compo_032768">Spindler (Fréd.)</composer> <title>Divertissement. Op. <opus key="opus_2116">3</opus></title>. <pubPlace key="place_0392">Leipzig</pubPlace>, <publisher key="publ_4382">Whistling</publisher> 15 Ngr.</bibl>
<bibl id="hofm_1847_08_0133_17"><composer key="compo_034917">Truzzi (L.)</composer> <title>Le Speranze materne. Raccolta di Sonatine facilissime. Op. <opus key="opus_4518">88</opus>. Fasc. 5, 6</title>. <pubPlace key="place_0437">Mailand</pubPlace>, <publisher key="publ_3241">Ricordi</publisher> à 2 Fr. <lb/><title>Fasc. 5, Lucia di Lammermoor</title>. <lb/>– <title>6, Roberto Devereux</title>.</bibl>
<bibl id="hofm_1847_08_0133_18"><composer key="compo_035403">Verdi (Guis.)</composer> <title>Macbeth. Opera. <format>Riduzione p. Pfte. solo</format></title>. <pubPlace key="place_0437">Mailand</pubPlace>, <publisher key="publ_3241">Ricordi</publisher> geh. 26 Fr.</bibl>
<bibl id="hofm_1847_08_0133_19"><composer key="compo_035758">Voss (Ch.)</composer> <title>A ma belle Blonde. Valse-Caprice. Op. <opus key="opus_4436">84</opus></title>. <pubPlace key="place_0436">Magdeburg</pubPlace>, <publisher key="publ_1560">Heinrichshofen</publisher> 20 Ngr.</bibl>
<bibl id="hofm_1847_08_0133_20"><composer key="compo_035993">Waldmüller (F.)</composer> <title>La Chasse. Rondino facile et agréable. Op. <opus key="opus_2403">34</opus></title>. <pubPlace key="place_0731">Wien</pubPlace>, <publisher key="publ_2779">Müller</publisher> 45 Xr.</bibl>
<bibl id="hofm_1847_08_0133_21"><composer key="compo_037195">Winkler (L.)</composer> <title>Réve de Bal. Morceau de Salon. Op. <opus key="opus_0234">11</opus></title>. <pubPlace key="place_0078">Braunschweig</pubPlace>, <publisher key="publ_2681">Meyer</publisher> 17½ Ngr.</bibl>
<bibl id="hofm_1847_08_0133_22">– <title>Fantaisie sur des Motifs de l’Opéra : Don Juan, de W.A. Mozart. Op. <opus key="opus_0392">12</opus></title>. Ebend. 20 Ngr.</bibl>
<bibl id="hofm_1847_08_0133_23">– <title>Fantaisie sur des Thémes de l’Opéra : La Sonnambula, de V. Bellini. Op. <opus key="opus_0531">13</opus></title>. Ebend. 17½ Ngr.</bibl>
<bibl id="hofm_1847_08_0133_24">– <title>Fantaisie sur des Thèmes de l’Opéra : La Flûte enchantèe, de W.A. Mozart. Op. <opus key="opus_0684">14</opus></title>. Ebend. 17½ Ngr.</bibl>
<bibl id="hofm_1847_08_0133_25">– <title>Fantaisie sur des Thémes de l’Opéra : Les Huguenots, de Meyerbeer. Op. <opus key="opus_0806">15</opus></title>. Ebend. 20 Ngr.</bibl>
<bibl id="hofm_1847_08_0133_26"><composer key="compo_037492">Wolff (Ed.)</composer> <title>3 Chansons polonaises originales sans Paroles. Op. <opus key="opus_0666">139</opus></title>. <pubPlace key="place_0438">Mainz</pubPlace>, <publisher key="publ_3563">Schott</publisher> 1 Fl. 30 Xr.</bibl>
<pb n="134"/>
</div><div id="hofm_1847_08_0134_div11"><head><hofClass key="hofCl_0273">Ouverturen für das Pianoforte.</hofClass></head>
<bibl id="hofm_1847_08_0134_01"><composer key="compo_023268">Meyerbeer (G.)</composer> <title>Ouverture z. Oper: Vielka (Ein Feldlager in Schlesien) f. Pfte. u. Violine conc. arr. von C. Eckert</title>. <pubPlace key="place_0044">Berlin</pubPlace>, <publisher key="publ_3471">Schlesinger</publisher> 1 Thlr.</bibl>
<bibl id="hofm_1847_08_0134_02"><composer key="compo_027982">Reissiger (C.G.)</composer> <title>Ouverture zu dem Melodram: Yelva. Op. <opus key="opus_3825">66</opus>. <edition>Neue Ausgabe</edition></title>. <pubPlace key="place_0147">Dresden</pubPlace>, <publisher key="publ_2993">Paul</publisher> 12½ Ngr.</bibl>
<bibl id="hofm_1847_08_0134_03"><composer key="compo_004699">Westmorland (Lord.)</composer> <title>La Battaglia. Ouvertura nell’ Opera: L’Eroe di Lancastro, rid</title>. <pubPlace key="place_0044">Berlin</pubPlace>, <publisher key="publ_3471">Schlesinger</publisher> 20 Ngr.</bibl>
</div><div id="hofm_1847_08_0134_div12"><head><hofClass key="hofCl_0288">Tänze für das Pianoforte.</hofClass></head>
<bibl id="hofm_1847_08_0134_04"><composer key="compo_002620">Berner (L.)</composer> <title>Veilchen-Polka</title>. <pubPlace key="place_0589">Rostock</pubPlace>, <publisher key="publ_1438">Hagemann u. Topp</publisher> 5 Ngr.</bibl>
<bibl id="hofm_1847_08_0134_05">– <title>Zerlinen-Polka</title>. Ebend. 5 Ngr.</bibl>
<bibl id="hofm_1847_08_0134_06"><composer key="compo_003559">Bohlmann (H.)</composer> <title>Jeanne d’Arc. Quadrille historique et militaire.</title> <pubPlace key="place_0438">Mainz</pubPlace>, <publisher key="publ_3563">Schott</publisher> 36 Xr.</bibl>
<bibl id="hofm_1847_08_0134_07"><composer key="compo_004712">Burgmüller (Fréd.)</composer> <title>Benedetta. Nouvelle Polka favorite sur la Romance favorite de L. Puget</title>. <pubPlace key="place_0438">Mainz</pubPlace>, <publisher key="publ_3563">Schott</publisher> 18 Xr.</bibl>
<bibl id="hofm_1847_08_0134_08"><composer key="compo_005246">Canthal (A.M.)</composer> <title>Mein Gruss an Copenhagen. Polka. Op. <opus key="opus_0559">130</opus></title>. <pubPlace key="place_0360">Copenhagen</pubPlace>, <publisher key="publ_2486">Lose u. D</publisher>. 5 Ngr.</bibl>
<bibl id="hofm_1847_08_0134_09">– <title>Copenhagener Tivoli-Tänze. Walzer. Op. <opus key="opus_0578">132</opus></title>. Ebend: 12½ Ngr.</bibl>
<bibl id="hofm_1847_08_0134_10"><composer key="compo_005922">Conradi</composer>, <title>Carolinen-Polka</title>. <pubPlace key="place_0510">Nürnberg</pubPlace>, <publisher key="publ_0920">Endter</publisher> 3 Ngr.</bibl>
<bibl id="hofm_1847_08_0134_11"><composer key="compo_006695">Deland (L.)</composer> <title>Infanterie-Polka</title>. <pubPlace key="place_0589">Rostock</pubPlace>, <publisher key="publ_1438">Hagemann u. Topp</publisher> 5 Ngr.</bibl>
<bibl id="hofm_1847_08_0134_12">– <title>Polarstern-Polka</title>. Ebend. 5 Ngr.</bibl>
<bibl id="hofm_1847_08_0134_13"><composer key="compo_007741">Ebell</composer>, <title>Polonaise aus der Oper: Die Braut des Flibustiers, oder die Seeräuber in Virginien</title>. <pubPlace key="place_0436">Magdeburg</pubPlace>, <publisher key="publ_1560">Heinrichshofen</publisher> 5 Ngr.</bibl>
<bibl id="hofm_1847_08_0134_14"><composer key="compo_013144">Hamm</composer>, <title>Jenny Lind-Polka</title>. (Mit Portrait:) <pubPlace key="place_0510">Nürnberg</pubPlace>, <publisher key="publ_0920">Endter</publisher> 4 Ngr. n.</bibl>
<bibl id="hofm_1847_08_0134_15">– <title>Rosenau-Polka</title>. (Mit Ansicht.) Ebend. 4 Ngr. n.</bibl>
<bibl id="hofm_1847_08_0134_16"><composer key="compo_015387">Horn (W.)</composer> <title>Quadrille nach Melodien der Oper: Die vier Haymonskinder v. Balfe</title>. <pubPlace key="place_0044">Berlin</pubPlace>, <publisher key="publ_1768">Horn</publisher> 10 Ngr.</bibl>
<bibl id="hofm_1847_08_0134_17"><composer key="compo_016751">Kahle (Gust.)</composer> <title>2 Brillant-Walzer. Op. <opus key="opus_0001">1</opus></title>. <pubPlace key="place_0392">Leipzig</pubPlace>, <publisher key="publ_4382">Whistling</publisher> 12½ Ngr.</bibl>
<bibl id="hofm_1847_08_0134_18"><composer key="compo_018101">Koepernick (C.)</composer> <title>Ostrolenka-Mazurka. Op. <opus key="opus_2737">4</opus></title>. <pubPlace key="place_0044">Berlin</pubPlace>, <publisher key="publ_0951">Esslinger</publisher> 5 Ngr.</bibl>
<bibl id="hofm_1847_08_0134_19">– <title>Liebestöne. Polonaise. Op. <opus key="opus_3181">5</opus></title>. Ebend. 5 Ngr.</bibl>
<bibl id="hofm_1847_08_0134_20"><composer key="compo_018855">Krollmann (A.)</composer> <title>Marien-Polka. Glockchen- und Jubet-Galopp. Op. <opus key="opus_2347">33</opus></title>. <pubPlace key="place_0280">Hannover</pubPlace>, <publisher key="publ_2808">Nagel</publisher> 10 Ngr. (einzeln à 5 Ngr.)</bibl>
<listBibl><bibl id="hofm_1847_08_0134_21"><composer key="compo_019510">Küffner (J.)</composer> <title>Polka sur Alessandro Stradella</title>. <pubPlace key="place_0438">Mainz</pubPlace>, <publisher key="publ_3563">Schott</publisher> 18 Xr.</bibl>
<bibl id="hofm_1847_08_0134_22">– <title>Erinnerung an Weisenau. Polka</title>. Ebend. 18 Xr. <lb/>(Die Rheinländer No. 127, 128.)</bibl></listBibl>
<bibl id="hofm_1847_08_0134_23"><composer key="compo_019654">Labitzky (Jos.)</composer> <title>Liebesgrüsse. Walzer. Op. <opus key="opus_0658">138</opus></title>. <pubPlace key="place_0392">Leipzig</pubPlace>, <publisher key="publ_1746">Hofmeister</publisher> 15 Ngr.</bibl>
<bibl id="hofm_1847_08_0134_24">– <title>Wanderlust. 3 Polka. Op. <opus key="opus_0666">139</opus>. (Badner Conversations-, Stephanien- und: Lichtenthaler Allee-Polka.)</title> Ebend. 15 Ngr.</bibl>
<bibl id="hofm_1847_08_0134_25">– <title>Polka-Mazurka. Op. <opus key="opus_0706">140</opus></title>. Ebend. 7½ Ngr.</bibl>
<wip id="hofm_1847_08_0134_26">– <title>Ball-Sträusschen. Sammlung beliebter Tänze im leichtesten Arrangement. Heft 39, 40</title>. Ebend. à 10 Ngr. <lb/><title>Heft 39, Liebesgrässe. Walzer</title>. <lb/>– <title>40, Wanderlust 3 Polka</title>.</wip>
<bibl id="hofm_1847_08_0134_27"><composer key="compo_021662">Lövenskiold (H.S.)</composer> <title>Den ny Penelope eller Phraasfesten-Athenen-Ballet. Op. <opus key="opus_1482">21</opus></title>. <pubPlace key="place_0360">Copenhagen</pubPlace>, <publisher key="publ_2486">Lose u. Delbanco</publisher> 25 Ngr.</bibl>
<bibl id="hofm_1847_08_0134_28"><composer key="compo_022162">Marcailhou (G.)</composer> <title>La belle Agnes. Valse</title>. (Mit color. gedr. Vignette.) <pubPlace key="place_0438">Mainz</pubPlace>, <publisher key="publ_3563">Schott</publisher> 54 Xr.</bibl>
<bibl id="hofm_1847_08_0134_29">– <title>Rebecca. Valse</title>. (Mit color. gedr. Vignette.) Ebend. 54 Xr.</bibl>
<bibl id="hofm_1847_08_0134_30"><composer key="compo_023954">Musard</composer>, <title>Quadrille américain</title>. <pubPlace key="place_0438">Mainz</pubPlace>, <publisher key="publ_3563">Schott</publisher> 36 Xr.</bibl>
<bibl id="hofm_1847_08_0134_31">– <title>Gibby, la Cornemuse. Opéra de L. Clapisson. 2 Quadrilles. No. 1, 2</title>. Ebend. à 36 Xr.</bibl>
<bibl id="hofm_1847_08_0134_32">– <title>Robert Bruce. Opéra de Rossini. 2 Quadrilles. No. 1, 2</title>. Ebend. à 36 Xr.</bibl>
<pb n="135"/>
<bibl id="hofm_1847_08_0135_01"><composer key="compo_023954">Musard</composer>, <title>La Trompette de Monsieur le Prince. Opéra de F. Bazin. Quadrille</title>. <pubPlace key="place_0438">Mainz</pubPlace>, <publisher key="publ_3563">Schott</publisher> 36 Xr.</bibl>
<bibl id="hofm_1847_08_0135_02"><composer key="compo_024563">Neindorf (W. v.)</composer> <title>Ottilien-Polka</title>. <pubPlace key="place_0044">Berlin</pubPlace>, <publisher key="publ_1768">Horn</publisher> 5 Ngr.</bibl>
<bibl id="hofm_1847_08_0135_03"><title>Odetta, o la Demenza di Carlo VI., Re di Francia. Ballo storico da Giul. Perrot. Musica di <composer key="compo_025681">G. Panizza</composer>, <composer key="compo_006169">G.B. Croff</composer> e <composer key="compo_001362">G. Bajetti</composer>. No. 1–11</title>. <pubPlace key="place_0437">Mailand</pubPlace>, <publisher key="publ_3241">Ricordi</publisher> à 1 Fr. 50 Ct. –5 Fr.</bibl>
<bibl id="hofm_1847_08_0135_04"><title>Polka-Guirlande. Sammlung von 6 der neuesten Polkas</title>. <pubPlace key="place_0510">Nürnberg</pubPlace>, <publisher key="publ_0920">Endter</publisher> 6 Ngr. u.</bibl>
<bibl id="hofm_1847_08_0135_05"><composer key="compo_027201">Pugni</composer> et <composer key="compo_001361">Bajetti</composer>, <title>Caterina, ossia: La Figlia del Bandito. Ballo grande di G. Perrot</title>. <pubPlace key="place_0437">Mailand</pubPlace>, <publisher key="publ_3241">Ricordi</publisher> 20 Fr.</bibl>
<bibl id="hofm_1847_08_0135_06"><composer key="compo_028557">Robandi (V.)</composer> <title>Tre Ore. Walzer</title>. <pubPlace key="place_0437">Mailand</pubPlace>, <publisher key="publ_3241">Ricordi</publisher> 2 Fr. 70 Ct.</bibl>
<bibl id="hofm_1847_08_0135_07"><composer key="compo_028863">Rosenbaum (F.)</composer> <title>Tänze. 1tes Heft. (John-, Mondschein- und Marschall-Polka.)</title> <pubPlace key="place_0244">Graudenz</pubPlace>, <publisher key="publ_3352">Röthe’sche Buchhdl</publisher>. 10 Ngr. n.</bibl>
<bibl id="hofm_1847_08_0135_08"><composer key="compo_029893">Schad (Jos.)</composer> <title>Souvenirs de la Vallée. Valses expressives. Op. <opus key="opus_0684">14</opus></title>. <pubPlace key="place_0392">Leipzig</pubPlace>, <publisher key="publ_1746">Hofmeister</publisher> 10 Ngr.</bibl>
<bibl id="hofm_1847_08_0135_09"><composer key="compo_032543">Sokulski (Ant.)</composer> <title>Emilie-Polka</title>. (Souvenir à mes Elevès. Cah. 3.) <pubPlace key="place_0392">Leipzig</pubPlace>, <publisher key="publ_2017">Kistner</publisher> 7½ Ngr.</bibl>
<bibl id="hofm_1847_08_0135_10"><composer key="compo_032604">Sommerlatt (P.)</composer> <title>Cerrito-Polka. Op. <opus key="opus_0531">13</opus></title>. <pubPlace key="place_0280">Hannover</pubPlace>, <publisher key="publ_2808">Nagel</publisher> 5 Ngr.</bibl>
<bibl id="hofm_1847_08_0135_11"><composer key="compo_033237">Stengel</composer>, <title>3 Galoppen</title>. <pubPlace key="place_0510">Nürnberg</pubPlace>, <publisher key="publ_0920">Endter</publisher> 6 Ngr. n.</bibl>
<bibl id="hofm_1847_08_0135_12"><composer key="compo_033569">Strauss (Joh.)</composer> <title>Helenen-Walzer. Op. <opus key="opus_1437">204</opus></title>. <pubPlace key="place_0731">Wien</pubPlace>, <publisher key="publ_1506">Haslinger</publisher> 45 Xr.</bibl>
<bibl id="hofm_1847_08_0135_13">– <title>Die junge Tänzerin. Sammlung der schönsten Walzer im leichteren Style. 74stes Heft, Helenen-Walzer</title>. Ebend. 30 Xr.</bibl>
<bibl id="hofm_1847_08_0135_14">– <title>Triumph-Quadrille. Op. <opus key="opus_1441">205</opus></title>. Ebend. 30 Xr.</bibl>
<bibl id="hofm_1847_08_0135_15">– Idem im leichten Style. Ebend. 30 Xr.</bibl>
<bibl id="hofm_1847_08_0135_16"><composer key="compo_033572">Strauss (Joh., Sohn)</composer> <title>Die Zillerthaler. Walzer im Ländlerstyle. Op. <opus key="opus_2131">30</opus></title>. <pubPlace key="place_0731">Wien</pubPlace>, <publisher key="publ_2779">Müller</publisher> 45 Xr.</bibl>
<bibl id="hofm_1847_08_0135_17">– <title>Quadrille nach Motiven aus der Oper: Die Belagerung von Rochelle, von Balfe. Op. <opus key="opus_2187">31</opus></title>. Ebend. 30 Xr.</bibl>
<bibl id="hofm_1847_08_0135_18">– <title>Irenen-Walzer. Op. <opus key="opus_2268">32</opus></title>. Ebend. 45 Xr.</bibl>
<bibl id="hofm_1847_08_0135_19"><composer key="compo_034782">Trefzer (M.)</composer> <title>6 steyrische Ländler</title>. 16mo. <pubPlace key="place_0440">Mannheim</pubPlace>, <publisher key="publ_1534">Heckel</publisher> 18 Xr.</bibl>
<bibl id="hofm_1847_08_0135_20"><composer key="compo_035005">Tutsch (G.)</composer> <title>Odetta-Walzer. Op. <opus key="opus_4130">75</opus></title>. <pubPlace key="place_0437">Mailand</pubPlace>, <publisher key="publ_3241">Ricordi</publisher> 3 Fr.</bibl>
<bibl id="hofm_1847_08_0135_21">– <title>Ballon-Polka. Op. <opus key="opus_4153">76</opus></title>. Ebend. 1 Fr.</bibl>
<bibl id="hofm_1847_08_0135_22"><composer key="compo_036037">Wallerstein (Ant.)</composer> <title>Jenny Lind’s Lieblings-Polka. <edition>Neue Aufl</edition></title>. <pubPlace key="place_0280">Hannover</pubPlace>, <publisher key="publ_0145">Bachmann</publisher> 2½ Ngr.</bibl>
<bibl id="hofm_1847_08_0135_23"><composer key="compo_037543">Wolkenhauer (G.)</composer> <title>Frühlings-Polka</title>. <pubPlace key="place_0280">Hannover</pubPlace>, <publisher key="publ_2808">Nagel</publisher> 2½ Ngr.</bibl>
</div><div id="hofm_1847_08_0135_div13"><head><hofClass key="hofCl_0250">Märsche für das Pianoforte.</hofClass></head>
<bibl id="hofm_1847_08_0135_24"><composer key="compo_005246">Canthal (A.M.)</composer> <title>Der Solo-Trompeter. Marsch. Op. <opus key="opus_0569">131</opus></title>. <pubPlace key="place_0360">Copenhagen</pubPlace>, <publisher key="publ_2486">Lose u. Delbanco</publisher> 5 Ngr.</bibl>
<bibl id="hofm_1847_08_0135_25"><composer key="compo_013144">Hamm</composer>, <title>Gruss an Nürnberg. Marsch</title>. (Mit Ansicht.) <pubPlace key="place_0510">Nürnberg</pubPlace>, <publisher key="publ_0920">Endter</publisher> 4 Ngr. n.</bibl>
<bibl id="hofm_1847_08_0135_26">– <title>Henrietten-Marsch</title>. Ebend. 4 Ngr. n.</bibl>
<bibl id="hofm_1847_08_0135_27"><composer key="compo_032604">Sommerlatt (P.)</composer> <title>Hannoverscher Lager-Marsch. Op. <opus key="opus_0392">12</opus></title>. <pubPlace key="place_0280">Hannover</pubPlace>, <publisher key="publ_2808">Nagel</publisher> 5 Ngr.</bibl>
<bibl id="hofm_1847_08_0135_28"><composer key="compo_033237">Stengel</composer>, <title>Freundes-Gruss. Marsch</title>. <pubPlace key="place_0510">Nürnberg</pubPlace>, <publisher key="publ_0920">Endter</publisher> 3 Ngr. n.</bibl>
<bibl id="hofm_1847_08_0135_29"><composer key="compo_036994">Wieprecht (W.)</composer> <title>Grosser Marsch der Berliner Schützengilde</title>. <pubPlace key="place_0044">Berlin</pubPlace>, <publisher key="publ_3471">Schlesinger</publisher> 7½ Ngr.</bibl>
</div><div id="hofm_1847_08_0135_div14"><head><hofClass key="hofCl_0225">Musik für die Orgel.</hofClass></head>
<bibl id="hofm_1847_08_0135_30"><composer key="compo_019466">Körner (G.W.)</composer> <title>Der angehende Organist. Samml. von leichten u. kurzen Orgelstücken u. Chorälen in einer vom leichten z. schweren fortschr. Stufenfolge. Op. <opus key="opus_0021">10</opus>. <edition>4te Aufl</edition>. in 3 Lieferungen. 2te Lief</title>. 4. <pubPlace key="place_0392">Leipzig</pubPlace>, <publisher key="publ_1107">Friedlein u. H</publisher>. geh. 22½ Ngr. n.</bibl>
<pb n="136"/>
<bibl id="hofm_1847_08_0136_01"><composer key="compo_028447">Rinck (Ch. H.)</composer> <title>Sammlung von Vor-, Nach- und Zwischen-Spielen f. Orgel. <edition>Neue wohlf. Ausg</edition>. No. 5: 6 Choräle mit Veränderungen. Op. <opus key="opus_2764">40</opus>. Liv. 1</title>. 4to. <pubPlace key="place_0438">Mainz</pubPlace>, <publisher key="publ_3563">Schott</publisher> 36 Xr. n.</bibl>
</div><div id="hofm_1847_08_0136_div15"><head><hofClass key="hofCl_0210">Musik für die Harfe.</hofClass></head>
<bibl id="hofm_1847_08_0136_02"><composer key="compo_025767">Parish-Alvars</composer>, <title>Coro dei Corsari greci. Marcia p. Arpa. Op. <opus key="opus_3316">53</opus></title>. <pubPlace key="place_0437">Mailand</pubPlace>, <publisher key="publ_3241">Ricordi</publisher> 1 Fr. 80 Ct.</bibl>
<wip id="hofm_1847_08_0136_03">– <title>Souvenirs des Opéras italiens. No. 3–6</title>. <pubPlace key="place_0437">Mailand</pubPlace>, <publisher key="publ_3241">Ricordi</publisher>. <lb/><title>No 3, Lucia di Lammermoor. Op. <opus key="opus_4617">92</opus></title>. 4 Fr. 20 Ct. <lb/>– <title>4, Marino Falliero. Op. <opus key="opus_4639">93</opus></title>. 3 Fr. <lb/>– <title>5, L’Elisire d’Amore. Op. <opus key="opus_4654">94</opus></title>. 3 Fr. 60 Ct. <lb/>– <title>6, Il Giuramento. Op. <opus key="opus_4671">95</opus></title>. 3 Fr. 60 Ct.</wip>
</div><div id="hofm_1847_08_0136_div16"><head><hofClass key="hofCl_0068">Kirchenmusik.</hofClass></head>
<bibl id="hofm_1847_08_0136_04"><composer key="compo_002536">Bergt (A.)</composer> <title>Die christlichen Feste. Leicht ausführbare Kirchenmusiken. No. 4. Cantate zum Pfingstfeste f. 4 Singstimmen m. Begl. v. 2 Viol., Viola, Bass, 2 Clarinetten, 2 Hörnern, 2 Trompeten u. Pauken (2 Fagotts u. Bassposaune ad lib.) <format>Partitur</format></title>. 4. <pubPlace key="place_0449">Meissen</pubPlace>, <publisher key="publ_1397">Gödsche</publisher> 1 Thlr. 5 Ngr. n.</bibl>
<bibl id="hofm_1847_08_0136_05"><title>Choräle (die für die protestantische Kirchengemeinde im Königreiche Bayern vorgeschriebenen.) 1ste Lief. 12 Choräle</title>. 8. <pubPlace key="place_0509">Nördlingen</pubPlace>, <publisher key="publ_0236">Beck’sche Buchhdl</publisher>. 2 Ngr. n.</bibl>
<bibl id="hofm_1847_08_0136_06"><composer key="compo_016184">Jahn (J.)</composer> <title>evangel. Choralbuch f. den Männerchor</title>. gr. 8. <pubPlace key="place_0475">München</pubPlace>, <publisher key="publ_1934">Kaiser</publisher> geh: 15 Ngr. n.</bibl>
<bibl id="hofm_1847_08_0136_07"><composer key="compo_024272">Müller (W.A.)</composer> <title>Das Vater-Unser, und das Lied: Mit Singen Dich zu loben, f. Männergesang. <format>Partitur</format></title>. 4. <pubPlace key="place_0449">Meissen</pubPlace>, <publisher key="publ_1397">Gödsche</publisher> 5 Ngr. n.</bibl>
<bibl id="hofm_1847_08_0136_08"><composer key="compo_025510">Otto (Fr.)</composer> <title>Motette: Heilig, heilig</title>. Siehe: <xref type="external" from="hofm_1847_08_0137_04" to="DITTO" targOrder="U">Mehrstimmige Gesänge: J. Otto, Ernst u. Scherz 20stes Heft</xref>.</bibl>
<bibl id="hofm_1847_08_0136_09"><composer key="compo_027473">Raimondi (P.)</composer> <title>Quattro Fughe in una dissimili nel Modo. Opera scientifica p. 4 Voci con Organo</title>. <pubPlace key="place_0437">Mailand</pubPlace>, <publisher key="publ_3241">Ricordi</publisher> geh. 14 Fr.</bibl>
<bibl id="hofm_1847_08_0136_10"><composer key="compo_034961">Tschirch (W.)</composer> <title>Der Herr ist Gott, und keiner mehr. Leicht ausführb. Kirchenmusik f. gemischten Chor m. Begl. v. 2 Clarinetten, 2 Trompeten, 2 Hörnem, Pauken, 2 Violinen, Viola u. Bass. <format>Partitur</format>. Op. <opus key="opus_0806">15</opus></title>. <pubPlace key="place_0621">Schweidnitz</pubPlace>, <publisher key="publ_4310">Weigmann</publisher> 10 Ngr. *n.</bibl>
</div><div id="hofm_1847_08_0136_div17"><head><hofClass key="hofCl_0021">Gesangstücke für Concertmusik mit Begleitung mehrerer Instrumente.</hofClass></head>
<bibl id="hofm_1847_08_0136_11"><composer key="compo_007930">Egger (F.)</composer> <title>Das Schifflein. Gedicht von Uhland, f. Tenor m. Begl. d. Waldhorns, Flöte, Sopranstimme u. Pfte</title>. <pubPlace key="place_0731">Wien</pubPlace>, <publisher key="publ_2779">Müller</publisher> 1 Fl. 30 Xr.</bibl>
</div><div id="hofm_1847_08_0136_div18"><head><hofClass key="hofCl_0102">Mehrstimmige Gesänge mit und ohne Pianoforte.</hofClass></head>
<wip id="hofm_1847_08_0136_12"><composer key="compo_003977">Brand (F.)</composer> <title>Deutschlands Liederkrone f. 4 Männerst. 2ter Band. 3te Lief</title>. qu. 8. <pubPlace key="place_0627">Schw. Hall</pubPlace>. <publisher key="publ_2882">Nitschke</publisher>. <format>Stimmen</format>. (12 Ngr.) <format>Partitur</format> (6 Ngr.) n.</wip>
<bibl id="hofm_1847_08_0136_13"><composer key="compo_005904">Concone (J.)</composer> <title>Les Soeurs de Lait. (Die Milchschwestern.) Duettino p. 2 Soprani</title>. <pubPlace key="place_0438">Mainz</pubPlace>, <publisher key="publ_3563">Schott</publisher> 45 Xr.</bibl>
<bibl id="hofm_1847_08_0136_14"><composer key="compo_006234">Curschmann (Fr.)</composer> <title>Willkommen, aus Op. <opus key="opus_2116">3</opus>, als Duett f. 2 Singstimmen m. Begl. d. Pfte. Von Burchard</title>. <pubPlace key="place_0044">Berlin</pubPlace>, <publisher key="publ_3471">Schlesinger</publisher> 10 Ngr.</bibl>
<bibl id="hofm_1847_08_0136_15"><composer key="compo_006965">Dieffenbach (F.)</composer> <title>50 neue Lieder f. d. Jugend. Für ein- und zweistimmigen Gesang eingerichtel</title>. qu.-8. <pubPlace key="place_0128">Darmstadt</pubPlace>, <publisher key="publ_2962">Pabst</publisher> geh. 6⅔ Ngr. n.</bibl>
<bibl id="hofm_1847_08_0136_16"><composer key="compo_010352">Fölsing (J.)</composer> <title>Sammlung von ein- zwei- und dreistimmigen Schulgesangen. 1ste Samml <edition>2te Aufl</edition></title>. 12mo. <pubPlace key="place_0128">Darmstadt</pubPlace>, <publisher key="publ_2962">Pabst</publisher> geh. 3⅓ Ngr. n.</bibl>
<pb n="137"/>
<bibl id="hofm_1847_08_0137_01"><composer key="compo_014659">Hetsch (L.)</composer> <title>Wirth und Gast, von R.E. Prutz, f. Bass u. vierstimmigen Männerchor m. Pftebegl. Op. <opus key="opus_1068">17</opus>. <format>Klavier-Ausz. u. Stimmen</format></title>. 8. <pubPlace key="place_0438">Mainz</pubPlace>, <publisher key="publ_3563">Schott</publisher> 45 Xr.</bibl>
<bibl id="hofm_1847_08_0137_02"><composer key="compo_014717">Heydt (Friedr. von der)</composer> <title>Sang und Klang. Sammlung ein facher Gesange f. 4 Männerstimmen. <format>Partit</format></title>. 8. <pubPlace key="place_0171">Elberfeld</pubPlace>, <publisher key="publ_3493">Schmachtenberg</publisher> geh. 7½ Ngr. n.</bibl>
<bibl id="hofm_1847_08_0137_03"><composer key="compo_019691">Lachner (V.)</composer> <title>4 Gesänge f. 4 Männerstimmen. Op. <opus key="opus_0806">15</opus>. Lief. 1. (Kunst und Liebe. Der Jäger und sein Lieb. An den Schlaf. Im Abendroth.) <format>Part. u. Stimmen</format></title>. 8. <pubPlace key="place_0438">Mainz</pubPlace>, <publisher key="publ_3563">Schott</publisher> 1 Fl. 30 Xr.</bibl>
<wip id="hofm_1847_08_0137_04"><composer key="compo_025516">Otto (Jul.)</composer> <title>Ernst und Scherz f. 4 Männerstimmen. 20tes Heft</title>. <composer key="compo_025510">Otto (Fr.)</composer> <title>Motette: Heilig, heilig</title>. 8. <pubPlace key="place_0615">Schleusingen</pubPlace>, <publisher key="publ_1260">Glaser</publisher>. <format>Partitur</format> (9 Ngr.) <format>Stimmen</format> (10 Ngr.)</wip>
<wip id="hofm_1847_08_0137_05"><composer key="compo_027665">Rebling (G.)</composer> <title>5 Quartette f. Sopran, Alt. Tenor u. Bass. Op. <opus key="opus_3967">7</opus>. (Sehnsucht nach dem Walde. Abendstille. Auf Flügeln des Gesanges. Liebeslied. Auf dem Wasser.)</title> <format>Partitur</format> (10 Ngr.) <format>Stimmen</format> 15 Ngr.) 8. <pubPlace key="place_0436">Magdeburg</pubPlace>. <publisher key="publ_1560">Heinrichshofen</publisher> 25 Ngr.</wip>
<bibl id="hofm_1847_08_0137_06"><composer key="compo_030299">Schira (F.)</composer> <title>Duettino p. Tenore e Basso con Acc. di Corno obl. e Pfte</title>. <pubPlace key="place_0437">Mailand</pubPlace>, <publisher key="publ_3241">Ricordi</publisher> 3 Fr. 30 Ct.</bibl>
<bibl id="hofm_1847_08_0137_07">– <title>Notturno p. Soprano e Contralto con Acc. di Corno obl. e Pfte</title>. Ebend. 2 Fr. 40 Ct.</bibl>
<bibl id="hofm_1847_08_0137_08"><composer key="compo_031100">Schröter (L.)</composer> <title>Rhein-Sehnsucht. Lied f. vierstimmigen Mannerchor (Solo u. Chor.) <format>Part. u. Stimmen</format></title>. 8. <pubPlace key="place_0436">Magdeburg</pubPlace>, <publisher key="publ_1560">Heinrichshofen</publisher> 15 Ngr.</bibl>
<bibl id="hofm_1847_08_0137_09"><composer key="compo_032275">Silcher (Fr.)</composer> <title>12 Volkslieder f. 4 Männerstimmen. 2tes Heft. Op. <opus key="opus_4300">8</opus>. <edition>3te Aufl</edition></title>. qu.-4. <pubPlace key="place_0693">Tübingen</pubPlace>, <publisher key="publ_2312">Laupp’sche Buchhdl</publisher>. 1 Fl. 12 Xr. n.</bibl>
<wip id="hofm_1847_08_0137_10"><composer key="compo_034961">Tschirch (W.)</composer> <title>Der Volkssänger. Eine Sammlung leichter vierstimmiger Mannergesänge ernsten und heiteren Inhalls. 1ste Lief</title>. 16mo. <pubPlace key="place_0621">Schweidnitz</pubPlace>, <publisher key="publ_4310">Weigmann</publisher>. <format>Stimmen</format> (5 Ngr. *n.) <format>Part</format>. (1½ Ngr. *n.)</wip>
</div><div id="hofm_1847_08_0137_div19"><head><hofClass key="hofCl_0268">Opernmusik mit Pianofortebegleitung.</hofClass></head>
<wip id="hofm_1847_08_0137_11"><composer key="compo_007743">Ebell (C. Gust.)</composer> <title>2 Duette f. Sopran und Bariton aus d. romantischen Oper: Die Braut des Flibustiers</title>. <pubPlace key="place_0436">Magdeburg</pubPlace>, <publisher key="publ_1560">Heinrichshofen</publisher> 15 Ngr.  <lb/><title>No. 1. „Du Blümlein am Strande“</title>. 10 Ngr. <lb/>– <title>2. „O komm in meine Arme“</title>. 10 Ngr.</wip>
<bibl id="hofm_1847_08_0137_12"><composer key="compo_013060">Halevy (F.)</composer> <title>Die Muskeliere der Königin. Oper. No. 14 (bis) Romance für Alt (od. Bariton) Dahin sind nun die Leiden (Enfin un jour plus doux.)</title> <pubPlace key="place_0044">Berlin</pubPlace>. <publisher key="publ_3471">Schlesinger</publisher> 10 Ngr.</bibl>
<bibl id="hofm_1847_08_0137_13"><composer key="compo_025592">Pacini</composer>, <title>Cavatina de l’Opéra : Niobe: I tuoi frequenti palpiti (Wie rasch und heiss das Blut mir wallt.)</title> Aurora No. 89. <pubPlace key="place_0438">Mainz</pubPlace>, <publisher key="publ_3563">Schott</publisher> 54 Xr.</bibl>
<bibl id="hofm_1847_08_0137_14">– <title>La Regina di Cipro. Dramma lirico. <format>Riduzione p. Canto con Acc. di Pfte</format></title>. <pubPlace key="place_0437">Mailand</pubPlace>, <publisher key="publ_3241">Ricordi</publisher> geh. 36 Fr.</bibl>
<bibl id="hofm_1847_08_0137_15"><composer key="compo_035403">Verdi (Gius.)</composer> <title>Macbeth. Opera. <format>Riduzione p. Canto con Acc. di Pfte</format></title>. <pubPlace key="place_0437">Mailand</pubPlace>, <publisher key="publ_3241">Ricordi</publisher> geh. 38 Fr.</bibl>
</div><div id="hofm_1847_08_0137_div20"><head><hofClass key="hofCl_0040">Gesänge für eine Stimme mit Begleitung des Pianoforte.</hofClass></head>
<bibl id="hofm_1847_08_0137_16"><composer key="compo_005672">Chwatal (F.X.)</composer> <title>Die Aeugelein. Op. <opus key="opus_3877">67 No. 5</opus></title>. <pubPlace key="place_0436">Magdeburg</pubPlace>, <publisher key="publ_1560">Heinrichshofen</publisher> 5 Ngr.</bibl>
<bibl id="hofm_1847_08_0137_17"><title>Dein gedenk’ich, wenn am Morgen. Lied</title>. <pubPlace key="place_0280">Hannover</pubPlace>, <publisher key="publ_2808">Nagel</publisher> 5 Ngr.</bibl>
<bibl id="hofm_1847_08_0137_18"><composer key="compo_009143">Fesca (Alex.)</composer> <title>3 Lieder f. Alt (oder Bariton.) Op. <opus key="opus_3385">55</opus>. (Venetianisches Gondellied. Dein Auge. Andre Liebe.)</title> <pubPlace key="place_0078">Braunschweig</pubPlace>. <publisher key="publ_2681">Meyer</publisher> 20 Ngr.</bibl>
<bibl id="hofm_1847_08_0137_19">– <title>3 Lieder f. Sopran (od. Tenor.) Op. <opus key="opus_3529">59</opus>. (Widmung. Meine Laute. Gruss.)</title> Ebend. 20 Ngr.</bibl>
<bibl id="hofm_1847_08_0137_20">– Idem f. Alt. (od. Bariton.) Ebend 20 Ngr.</bibl>
<bibl id="hofm_1847_08_0137_21"><composer key="compo_011780">Graben-Hoffmann</composer>, <title>500,000 Teufel. Gedicht von Oettinger. Op. <opus key="opus_3181">5</opus></title>. <pubPlace key="place_0044">Berlin</pubPlace>, <publisher key="publ_3471">Schlesinger</publisher> 17½. Ngr.</bibl>
<pb n="138"/>
<bibl id="hofm_1847_08_0138_01"><composer key="compo_012968">Hagen (Th.)</composer> <title>2 Lieder: Mädchen, sprich willst du mich lieben. Knabentod</title>. <pubPlace key="place_0392">Leipzig</pubPlace>, <publisher key="publ_2017">Kistner</publisher> 7½ Ngr.</bibl>
<listBibl><bibl id="hofm_1847_08_0138_02"><composer key="compo_014217">Henrion (P.)</composer> <title>Le Magister du Village. Conseils</title>. <pubPlace key="place_0438">Mainz</pubPlace>, <publisher key="publ_3563">Schott</publisher> 18 Xr.</bibl>
<bibl id="hofm_1847_08_0138_03">– <title>Viv’ le Roi ! Chansonette</title>. Ebend. 27 Xr.</bibl>
<bibl id="hofm_1847_08_0138_04">– <title>Ivan. Chant russe</title>. Ebend. 27 Xr. <lb/>(Lyre française. No. 236 – 238.)</bibl></listBibl>
<wip id="hofm_1847_08_0138_05"><composer key="compo_014814">Hille (Ed.)</composer> <title>3 Gesänge f. Alt (od. Bass.) Op. <opus key="opus_0234">11</opus></title>. <pubPlace key="place_0280">Hannover</pubPlace>, <publisher key="publ_2808">Nagel</publisher> 15 Ngr. <lb/><title>No. 1, Zu früher Lenz</title>. 7½ Ngr. <lb/>– <title>2, Die Nacht</title>. 6¼ Ngr. <lb/>– <title>3, Ich hab im Traum geweint</title> 6¼ Ngr.</wip>
<bibl id="hofm_1847_08_0138_06"><composer key="compo_015482">Hoven (J.)</composer> <title>5 neue Gedichte von H. Heine. Op. <opus key="opus_2764">40</opus>. (Der Dichter. Der sterbende Almansor. Ketty, Geträumtes Glück. Der scheidende Sommer.)</title> <pubPlace key="place_0044">Berlin</pubPlace>, <publisher key="publ_3471">Schlesinger</publisher> 20 Ngr.</bibl>
<wip id="hofm_1847_08_0138_07"><composer key="compo_019604">Küster (H.)</composer> <title>6 Lieder von Caroline Caspari, f. Alt. Op. <opus key="opus_4300">8</opus></title>. <pubPlace key="place_0438">Mainz</pubPlace>, <publisher key="publ_3563">Schott</publisher> 1 Fl. 30 Xr. <lb/><title>No. 1, Am Meer</title>. 27 Xr. <lb/>– <title>2, Weine nicht</title>. 18 Xr. <lb/>– <title>3, Thränen</title>. 18 Xr. <lb/>– <title>4, Stumme Sprache</title>. 27 Xr. <lb/>– <title>5, Abschied</title>. 18 Xr. <lb/>– <title>6, An Sie</title>. 27 Xr.</wip>
<bibl id="hofm_1847_08_0138_08"><composer key="compo_020099">Latour (Arist. de)</composer> <title>Non, Monseigneur. Chansonette</title>. (Lyre française No. 255.) <pubPlace key="place_0438">Mainz</pubPlace>, <publisher key="publ_3563">Schott</publisher> 18 Xr.</bibl>
<bibl id="hofm_1847_08_0138_09"><composer key="compo_020639">Leser (R.)</composer> <title>Die Zeiten sind vorüber. Gedicht von C.O. Sternau</title>. <pubPlace key="place_0440">Mannheim</pubPlace>, <publisher key="publ_1534">Heckel</publisher> 10 Ngr.</bibl>
<bibl id="hofm_1847_08_0138_10"><composer key="compo_021018">Lindner (Aug.)</composer> <title>Lieder f. Alt (od. Bariton.) No. 1, Gondoliera von Em. Geibel</title>. <pubPlace key="place_0280">Hannover</pubPlace>, <publisher key="publ_0145">Bachmann</publisher> 5 Ngr.</bibl>
<bibl id="hofm_1847_08_0138_11"><composer key="compo_021043">Lindpaintner (P. v.)</composer> <title>Der Schreiner. Gedicht v. F. Loewe</title>. <pubPlace key="place_0662">Stuttgart</pubPlace>, <publisher key="publ_4248">Wagner</publisher> 18 Xr.</bibl>
<bibl id="hofm_1847_08_0138_12"><composer key="compo_024022">Märtens (Alb)</composer> <title>6 Lieder f. Tenor (oder Sopran): Vöglein, wohin so schnell? Die Quelle. Die Müllerin. Wenn ich einst todt. Ich wollt’ ich wär’ ein Vogel. Blau Aeugelein</title>. <pubPlace key="place_0044">Berlin</pubPlace>, <publisher key="publ_3899">Stern u. Co</publisher>. 20 Ngr.</bibl>
<bibl id="hofm_1847_08_0138_13"><composer key="compo_022923">Mengel (J.)</composer> <title>Wanderers Osterfeier. Lied f. Sopran (od. Tenor.)</title> <pubPlace key="place_0181">Erfurt</pubPlace>, <publisher key="publ_1193">Gebhardi</publisher> 7½ Ngr.</bibl>
<bibl id="hofm_1847_08_0138_14"><composer key="compo_024794">Nicola (C.)</composer> <title>2 Gedichte von E. Geibel, f. Mezzo-Sopran. Op. <opus key="opus_1661">23</opus>. (Abendfeier in Venedig. Der arme Taugenichts.)</title> <pubPlace key="place_0078">Braunschw</pubPlace>., <publisher key="publ_2681">Meyer</publisher> 20 Ngr.</bibl>
<bibl id="hofm_1847_08_0138_15">– <title>3 Gesänge f. Mezzo-Sopran. Op. <opus key="opus_1731">24</opus>. (Die brennende Kerze. Mädchenlied. Ich bin so lang in Berg und Thal.)</title> Ebend. 20 Ngr.</bibl>
<bibl id="hofm_1847_08_0138_16"><composer key="compo_025767">Parish-Alvars</composer>, <title>L’Amore. Romanza</title>. <pubPlace key="place_0437">Mailand</pubPlace>, <publisher key="publ_3241">Ricordi</publisher> 1 Fr. 20 Ct.</bibl>
<bibl id="hofm_1847_08_0138_17"><composer key="compo_028786">Ronconi (F.)</composer> <title>3 Ariette p. Mezzo-Soprano (o Baritono)</title>. <pubPlace key="place_0437">Mailand</pubPlace>, <publisher key="publ_3241">Ricordi</publisher> 4 Fr. 50 Ct.</bibl>
<bibl id="hofm_1847_08_0138_18">– <title>Il Desiderio. Arietta p. Baritono (o Mezzo-Soprano)</title>. Ebend. 1 Fr. 50 Ct.</bibl>
<bibl id="hofm_1847_08_0138_19"><composer key="compo_034896">Truhn (H.)</composer> <title>Giorgetta. (Die reizen de Giorgetta.) Ballato p. Mezzo-Soprano. Op. <opus key="opus_4617">92</opus></title>. <pubPlace key="place_0078">Braunschw</pubPlace>., <publisher key="publ_2681">Meyer</publisher> 17½ Ngr.</bibl>
<bibl id="hofm_1847_08_0138_20"><title>Vergissmeinnicht (das)</title> <pubPlace key="place_0280">Hannover</pubPlace>, <publisher key="publ_2808">Nagel</publisher> 5 Ngr.</bibl>
<bibl id="hofm_1847_08_0138_21"><composer key="compo_035654">Voigt (Th.)</composer> <title>Das geschenkte Röschen. Die Brücke. Nach Jahren. 3 Lieder. Op. <opus key="opus_1372">2</opus></title>. <pubPlace key="place_0275">Halle</pubPlace>, <publisher key="publ_2781">Müller u. Fernow</publisher> 15 Ngr. n.</bibl>
<bibl id="hofm_1847_08_0138_22"><composer key="compo_035862">Wagner (Aug.)</composer> <title>2 Gesänge. No. 1. 2</title>. <pubPlace key="place_0044">Berlin</pubPlace>, <publisher key="publ_3835">Spindler</publisher> (<publisher key="publ_1768">Horn</publisher>) à 10 Ngr. <lb/><title>No. 1, Das Hindu-Mädchen</title>. <lb/>– <title>2, Treue, v. H. Kletke</title>.</bibl>
<bibl id="hofm_1847_08_0138_23"><composer key="compo_037178">Winkelmeier (H.)</composer> <title>Frühlingswanderschaft. Lied von W. Viol. Op. <opus key="opus_1272">19. No. 1</opus></title>. <pubPlace key="place_0438">Mainz</pubPlace>, <publisher key="publ_3563">Schott</publisher> 27 Xr.</bibl>
<bibl id="hofm_1847_08_0138_24"><composer key="compo_038266">Zugghini (G.M.)</composer> <title>Pensieri musicali. 6 Ariette da Camera</title>. <pubPlace key="place_0437">Mailand</pubPlace>, <publisher key="publ_3241">Ricordi</publisher> 8 Fr.</bibl>
<pb n="139"/>
</div><div id="hofm_1847_08_0139_div21"><head><hofClass key="hofCl_0077">Lehrbücher für den Gesang.</hofClass></head>
<bibl id="hofm_1847_08_0139_01"><composer key="compo_005904">Concone (J.)</composer> <title>15 Vocalises p. Contralto av. Acc. de Pfte. Servant d’Etudes de Perfectionnement</title>. <pubPlace key="place_0438">Mainz</pubPlace>, <publisher key="publ_3563">Schott</publisher> 3 Fl. 12 Xr.</bibl>
<bibl id="hofm_1847_08_0139_02"><composer key="compo_029762">Sattler (H.)</composer> <title>Theoretisch-praktische Anleitung zum Gesang-Unterrichte in Schulen, oder über Gehör- und Stimmbildung, Unterricht über Tonzeichen, Tonleitern, Kenntniss des Taktes und Harmonielehre</title>. 8. <pubPlace key="place_0561">Quedlinburg</pubPlace>, <publisher key="publ_0949">Ernst’sche Buchhdl</publisher>. geh. 10 Ngr. n.</bibl>
<bibl id="hofm_1847_08_0139_03"><composer key="compo_031604">Schärtlich</composer>, <title>Zweite und dritte Stimme zu dem zweiten Theile der: „Gesangschule“</title>. <pubPlace key="place_0553">Potsdam</pubPlace>, <publisher key="publ_1869">Janke</publisher> à 7½ Ngr. *n. (sammtliche drei Stimmen zusammen bilden auch den zweiten Theil der: „Gesangschule“.)</bibl>
</div><div id="hofm_1847_08_0139_div22"><head><hofClass key="hofCl_0287">Theoretische Werke.</hofClass></head>
<bibl id="hofm_1847_08_0139_04"><author><subject>Becker (C.F.)</subject></author> <title>Die Tonwerke des 16ten u. 17ten Jahrhunderts od. systematisch-chronologische Zusammenstellung der in diesen zwei Jahrhunderlen gedruckten Musikalien. Nebst dem Portrait des Verfassers</title>. 4. <pubPlace key="place_0392">Leipzig</pubPlace>, <publisher key="publ_1052">Ernst Fleischer</publisher> geh. 2 Thlr. 15 Ngr. n.</bibl>
<bibl id="hofm_1847_08_0139_05"><author>Bienaimé (Em.)</author> <title>50 Uebungsstücke über Harmonielehre. Ein unentbehrliches Ilandbuch für Alle, die Harmonie u. Composition studiren, so wie auch fur alle die, welche regelrecht begleiten wollen. (50 Etudes d’Harmonie pratique.)</title> <pubPlace key="place_0371">Cöln</pubPlace>, <publisher key="publ_0865">Eck u. Lefebre</publisher> geh. 4 Thlr.</bibl>
<bibl id="hofm_1847_08_0139_06"><title>Friedrich der Grosse als Kenner und Dilettant auf d. Gebiete der Tonkunst</title>. 8. <pubPlace key="place_0553">Potsdam</pubPlace>, <publisher key="publ_3957">Stuhr’sche Buchh. (Gottschick)</publisher> geh. 9 Ngr. n.</bibl>
<bibl id="hofm_1847_08_0139_07"><author>Hand (Ferd.)</author> <title>Aesthetik der Tonkunst. 2 Thle. <edition>2te unver. Ausgabe</edition></title>. 8. <pubPlace key="place_0392">Leipzig</pubPlace>, <publisher key="publ_0894">Eisenach</publisher> geh. 5 Thlr. n.</bibl>
<bibl id="hofm_1847_08_0139_08"><author>Kiesewetter (R.G.)</author> <title>Der neuen Aristoxener zerstreute Aufsätze über das Irrige der musikalischen Arithmetik und das Eitle ihrer Temperaturrechnungen. Gesammelt u. mit einer historisch-kritischen Einleitung</title>. Mit 8 Tafeln. 8. <pubPlace key="place_0392">Leipzig</pubPlace>, <publisher key="publ_0437">Br. u. Härtel</publisher> geh. 25 Ngr. n.</bibl>
<bibl id="hofm_1847_08_0139_09"><author>Schmid (A.)</author> <title>Joseph Haydn und Nicolo Zingarelli</title>. gr. 8. <pubPlace key="place_0731">Wien</pubPlace>, <publisher key="publ_3289">Rohrmanu</publisher> geh. 1 Thlr. 3¼ Ngr. n.</bibl>
<bibl id="hofm_1847_08_0139_10"><title><author>Singer’s (P.)</author> Methaphysische Blicke in d. Tonwelt. Hrsg. v. G. Philips</title>. gr. 8. <pubPlace key="place_0475">München</pubPlace>, <publisher key="publ_2459">literar.-artist. Anstalt</publisher> geh. 1 Thlr. 2 Ngr. n.</bibl>
</div><div id="hofm_1847_08_0139_div23"><head><hofClass key="hofCl_0281">Portraits.</hofClass></head>
<bibl id="hofm_1847_08_0139_11"><title><subject>Onslow (G.)</subject> Mit Noten-Facsimile. Gezeichnet von <artist>G. Osterwald</artist></title>. <pubPlace key="place_0371">Cöln</pubPlace>, <publisher key="publ_3486">Schloss</publisher> 15 Ngr. n.</bibl>
<bibl id="hofm_1847_08_0139_12"><title><subject>Thalberg (S.)</subject> Gez. v. <artist>J.W. Gertner</artist>, lith. v. <artist>J.W. Tegner</artist></title>. Fol. <pubPlace key="place_0360">Copenhagen</pubPlace>, <publisher key="publ_2939">Olsen</publisher> (chines. Pap.) 1 Thlr. n.</bibl>
</div><div id="hofm_1847_08_0139_div24"><head><hofClass key="hofCl_0284">Textbücher.</hofClass></head>
<bibl id="hofm_1847_08_0139_13"><title>Judas Maccabée. Oratorio. Musique p. G.F. Händel. Traduit de l’Anglais p. <author>E. Rodrigues</author></title>. 8. <pubPlace key="place_0537">Paris</pubPlace>, <publisher key="publ_3222">Richault</publisher> 1 Fr. n.</bibl>





</div></body></text></TEI.2>