<?xml version="1.0" encoding="utf-8"?>
<!DOCTYPE TEI.2
  SYSTEM "../../dtd/tei/cch_tei.dtd">
<TEI.2 id="hofm_1848_09">
<teiHeader type="text"><fileDesc><titleStmt><title>September 1848</title></titleStmt><publicationStmt><p/></publicationStmt><sourceDesc><p/></sourceDesc></fileDesc><profileDesc><langUsage><language id="ger">German</language><language id="fre">French</language><language id="ita">Italian</language></langUsage></profileDesc><revisionDesc><change><date>2007-09-20</date><respStmt><name>EP</name></respStmt><item>missing @id added</item></change><change><date>2007-04-27</date><respStmt><name>RV</name></respStmt><item>Changed "biblGroup" elements in "listBibl"</item></change><change><date>2007-03-02</date><respStmt><name>EP</name></respStmt><item>Checked curly brackets</item></change><change><date>2007-02-26</date><respStmt><name>EP</name></respStmt><item>Encoded curly brackets</item></change><change><date>2006-12-19</date><respStmt><name>EP</name></respStmt><item>sic and unclear moved outside elements pubplaces, publisher, composer, hofclass, key, opus</item></change><change><date>2007-01-02</date><respStmt><name>Liz</name></respStmt><item>p. 144, Vivenot (not Vivenet); p. 144 Wallenreiter (not Waltenreiter)</item></change><change><date>2006-12-21</date><respStmt><name>Liz</name></respStmt><item>p. 144, Storr (not Sierr)</item></change><change><date>2006-03-20</date><respStmt><name>Liz</name></respStmt><item>final ___ resolved</item></change><change><date>2006-03-16</date><respStmt><name>Sarah</name></respStmt><item>Fixed Xrefs</item></change><change><date>2005-07-21</date><respStmt><name>Sarah</name></respStmt><item>Corrections following checking pages.</item></change><change><date>2005-06-06</date><respStmt><name>Sarah</name></respStmt><item>First encoding.</item></change><change><date>2005-05-16</date><respStmt><name>Liz</name></respStmt><item>pasting in</item></change></revisionDesc></teiHeader>
<text><body><pb n="134"/><head>September 1848.</head>
<div id="hofm_1848_09_0134_div01"><head><hofClass key="hofCl_0164">Musik für das Orchester.</hofClass></head>
<bibl id="hofm_1848_09_0134_01"><composer key="compo_007196">Donizetti</composer>, <title>Finale du premier Acte de l’Opéra: Lucia di Lammermoor, arr. p. Musique militaire p. W. Kühner</title>. <pubPlace key="place_0438">Mainz</pubPlace>, <publisher key="publ_3563">Schott</publisher> 6 Fl.</bibl>
<wip id="hofm_1848_09_0134_02"><composer key="compo_008808">Fahrbach (Ph.)</composer> <title>Tänze u. Märsche f. Orchester. No. 1, 2</title>. <pubPlace key="place_0731">Wien</pubPlace>, <publisher key="publ_4456">Witzendorf</publisher>. <lb/><title>No. 1, Schwarzblattl aus’n Weanerwald. Walzer im Ländler-Style. Op. <opus key="opus_3658">61</opus></title>. 2 Fl. 30 Xr. <lb/>– <title>2, Strapatzier-Polka. Op. <opus key="opus_3738">63</opus></title>. 2 Fl. 15 Xr.</wip>
<bibl id="hofm_1848_09_0134_03"><title>Postzug-Marsch (der konigliche) leicht arr. f. 1 od. 2 Klappenhörner, 2 od. 3 chromatische Trompeten, 2 Hörner und Posaune</title>. <pubPlace key="place_0026">Augsburg</pubPlace>, <publisher key="publ_0538">Böhm</publisher> 20 Xr.</bibl>
</div><div id="hofm_1848_09_0134_div02"><head><hofClass key="hofCl_0245">Musik für die Violine.</hofClass></head>
<wip id="hofm_1848_09_0134_04"><composer key="compo_019510">Küffner (J.)</composer> <title>Les Délassements de l’Etude. Collection de Morceaux faciles sur des Motifs d’Opéras favoris, p. 2 Violons</title>. <title>Cah. 1, 2 : Bellini, Norma</title>. <pubPlace key="place_0438">Mainz</pubPlace>, <publisher key="publ_3563">Schott</publisher> à 54 Xr.</wip>
<bibl id="hofm_1848_09_0134_05">– <title>Répertoire de nouvelles Danses favorites, Polkas, Galops, Mazurkas etc. p. Violon. Cah. 5</title>. 8vo. Ebend. 36 Xr.</bibl>
<bibl id="hofm_1848_09_0134_06"><composer key="compo_036029">Wallenreiter (L.J.)</composer> <title>Leichte Duetten für Anfanger im Violinspielen. 3tes Heft</title>. <pubPlace key="place_0026">Augsburg</pubPlace>, <publisher key="publ_0538">Böhm</publisher> 36 Xr.</bibl>
<bibl id="hofm_1848_09_0134_07">– <title>Kurze u. leichte Terzetten f. 2 Violinen u. Alt</title>. Ebend. 36 Xr.</bibl>
</div><div id="hofm_1848_09_0134_div03"><head><hofClass key="hofCl_0200">Musik für die Flöte.</hofClass></head>
<wip id="hofm_1848_09_0134_08"><composer key="compo_019510">Küffner (J.)</composer> <title>Les Délassements de l’Etude. Collection des Morceaux faciles sur des Motifs d’Opéras favoris, p. 2 Flûtes</title>. <title>Cah. 1, 2 : Bellini, Norma</title>. <pubPlace key="place_0438">Mainz</pubPlace>, <publisher key="publ_3563">Schott</publisher> à 54 Xr.</wip>
<bibl id="hofm_1848_09_0134_09">– <title>Répertoire de nouvelles Danses favorites, Polkas, Galops, Mazurkas etc. p. Flûte. Cah. 5</title>. 8vo. Ebend. 36 Xr.</bibl>
<bibl id="hofm_1848_09_0134_10"><composer key="compo_024421">Natalucci (T.)</composer> <title>2 Inni popolari ad onore dell immortale Pio IX, <format>rid. p. Flauto</format> da L. Truzzi</title>. <pubPlace key="place_0437">Mailand</pubPlace>, <publisher key="publ_3241">Ricordi</publisher> 1 Fr. 20 Ct.</bibl>
<bibl id="hofm_1848_09_0134_11"><composer key="compo_027366">Rabboni (Gius.)</composer> <title>Gran Duetto p. 2 Flauti. Op. <opus key="opus_3071">47</opus></title>. <pubPlace key="place_0437">Mailand</pubPlace>, <publisher key="publ_3241">Ricordi</publisher> 6 Fr.</bibl>
<bibl id="hofm_1848_09_0134_12"><composer key="compo_028970">Rossini (G.)</composer> <title>Inno popolare a Pio IX, <format>rid. p. Flauto</format> da L. Truzzi</title>. <pubPlace key="place_0437">Mailand</pubPlace>, <publisher key="publ_3241">Ricordi</publisher> 1 Fr.</bibl>
</div><div id="hofm_1848_09_0134_div04"><head><hofClass key="hofCl_0196">Musik für die Clarinette.</hofClass></head>
<bibl id="hofm_1848_09_0134_13"><composer key="compo_005447">Cavallini (E.)</composer> <title>Fantasia sopra Motivi dell’ Opera: L’Ultimo giorno di Pompei, p. Clarinetto con Acc. d’Orchestra</title>. <pubPlace key="place_0437">Mailand</pubPlace>, <publisher key="publ_3241">Ricordi</publisher> 12 Fr.</bibl>
<bibl id="hofm_1848_09_0134_14"><composer key="compo_019510">Küffner (J.)</composer> <title>Répertoire des nouvelles Danses favorites, Polkas, Galops, Mazurkas etc. p. Clarinette. Cah. 5</title>. 8vo. <pubPlace key="place_0438">Mainz</pubPlace>, <publisher key="publ_3563">Schott</publisher> 36 Xr.</bibl>
</div><div id="hofm_1848_09_0134_div05"><head><hofClass key="hofCl_0205">Musik für die Guitarre.</hofClass></head>
<bibl id="hofm_1848_09_0134_15"><composer key="compo_019510">Küffner (J.)</composer> <title>Répertoire de nouvelles Danses favorites, Polkas, Galops, Mazurkas etc. p. Guitare. Cah. 5</title>. 8vo. <pubPlace key="place_0438">Mainz</pubPlace>, <publisher key="publ_3563">Schott</publisher> 36 Xr.</bibl>
<pb n="135"/>
<wip id="hofm_1848_09_0135_01"><composer key="compo_023048">Mertz (J.K.)</composer> <title>Opern-Revue. Ausgewählte Melodien f. Guit. übertr. Op. <opus key="opus_4307">8, No. 16–19</opus></title>. <pubPlace key="place_0731">Wien</pubPlace>, <publisher key="publ_1506">Haslinger</publisher> à 45 Xr. <lb/><title>No. 16, Donizetti, La Favorita</title>. <lb/>– <title>17, Bellini, Norma</title>. <lb/>– <title>18, Suppé, Mädchen vom Lande</title>. <lb/>– <title>19, Auber, Des Teufels Antheil</title>.</wip>
<wip id="hofm_1848_09_0135_02">– <title>Bardenklänge. Original-Compositionen. Op. <opus key="opus_0539">13. No. 1–10</opus></title> Ebend. à 30 Xr. <lb/><title>No. 1, An Malvina. Romanze</title>. <lb/>– <title>2, Abendlied. Unruhe. Elfenreigen</title>. <lb/>– <title>3, An die Entfernte. Etude, Capriccio</title>. <lb/>– <title>4, Gondoliera. Liebeslied</title>. <lb/>– <title>5, Fingals-Höhle. Gebet</title>. <lb/>– <title>6, Tarantelle</title>, <lb/>– <title>7, Variations mignonnes</title>. <lb/>– <title>8, Kindermährchen</title>. <lb/>– <title>9, Rondino</title>. <lb/>– <title>10, Romanze. Scherzo. Sehnsucht</title>.</wip>
<bibl id="hofm_1848_09_0135_03">– <title>Schule f. Guitarre</title>. <pubPlace key="place_0731">Wien</pubPlace>, <publisher key="publ_1506">Haslinger</publisher> geh. 2 Fl.</bibl>
</div><div id="hofm_1848_09_0135_div06"><head><hofClass key="hofCl_0167">Musik für das Pianoforte mit Begleitung.</hofClass></head>
<bibl id="hofm_1848_09_0135_04"><composer key="compo_002408">Berens (H.)</composer> <title>Quartett f. Pfte, Violine, Alto u. Vcello. Op. <opus key="opus_0001">1</opus>, in <key>Cm</key></title>. <pubPlace key="place_0731">Wien</pubPlace>, <publisher key="publ_1506">Haslinger</publisher> 3 Fl.</bibl>
<bibl id="hofm_1848_09_0135_05"><composer key="compo_005356">Carulli (B.)</composer> <title>Gran Fantasia sopra Motivi dell’ Opera: Roberto il Diavolo, p. Clarinetto con Acc. di Pfte</title>. <pubPlace key="place_0437">Mailand</pubPlace>, <publisher key="publ_3241">Ricordi</publisher> 6 Fr.</bibl>
<bibl id="hofm_1848_09_0135_06"><composer key="compo_005447">Cavallini (E.)</composer> <title>Fantasia sopra Motivi dell’ Opera: L’Ultimo giorno di Pompei, p. Clarinetto con Acc. di Pfte</title>. <pubPlace key="place_0437">Mailand</pubPlace>, <publisher key="publ_3241">Ricordi</publisher> 6 Fr.</bibl>
<bibl id="hofm_1848_09_0135_07"><composer key="compo_005681">Ciardi (C.)</composer> <title>Notturno tratto dell’ Opera di Bellini: Beatrice di Tenda, p. Flauto et Pfte</title>. <pubPlace key="place_0437">Mailand</pubPlace>, <publisher key="publ_3241">Ricordi</publisher> 2 Fr. 70 Ct.</bibl>
<wip id="hofm_1848_09_0135_08"><composer key="compo_006563">David (Fél.)</composer> <title>12 Mélodies p. Pfte et Violon</title>. <title>Liv. 3–6</title>. <pubPlace key="place_0438">Mainz</pubPlace>, <publisher key="publ_3563">Schott</publisher> à 1 Fl. 48 Xr. <lb/><title>Liv. 3, Le Doute. La Caprice</title>. <lb/>– <title>4, La Mélancolie. La Gaieté</title>. <lb/>– <title>5, Le Retour. La Plainte</title>. <lb/>– <title>6, Le Bonheur. Le Souvenir</title>.</wip>
<bibl id="hofm_1848_09_0135_09"><composer key="compo_008795">Fahrbach (Ant.)</composer> <title>Variationen üb. d. bekannte Kreipl’sche Lied: ’s Mailüft’l, f. Flöte m. Begl. d. Pfte. Op. <opus key="opus_0001">1</opus></title>. <pubPlace key="place_0731">Wien</pubPlace>, <publisher key="publ_4456">Witzendorf</publisher> 45 Xr.</bibl>
<bibl id="hofm_1848_09_0135_10"><composer key="compo_008995">Feigerl (P.)</composer> <title>Op. <opus key="opus_0021">10</opus></title>. Siehe: <xref type="external" from="hofm_1848_09_0136_06" to="DITTO" targOrder="U">Opernfreund</xref>.</bibl>
<bibl id="hofm_1848_09_0135_11">– <title>5 Melodien f. Viol. m. Begl. d. Pfte</title>. <pubPlace key="place_0731">Wien</pubPlace>, <publisher key="publ_1506">Haslinger</publisher> 1 Fl.</bibl>
<bibl id="hofm_1848_09_0135_12"><composer key="compo_011689">Gordigiani (L.)</composer> <title>Rimembranze della Norma. Duetto concertante p. Flauto e Pfte</title>. <pubPlace key="place_0437">Mailand</pubPlace>, <publisher key="publ_3241">Ricordi</publisher> 6 Fr.</bibl>
<bibl id="hofm_1848_09_0135_13"><composer key="compo_019510">Küffner (J.)</composer> <title>Revue musicale. Collection des Morceaux faciles sur des Thèmes favoris p. Pfte et Violon (ou Flûte.) Op. <opus key="opus_2163">305</opus>. Cah. 18, Halevy, La Reine de Chypre</title>. <pubPlace key="place_0438">Mainz</pubPlace>, <publisher key="publ_3563">Schott</publisher> 1 Fl. 30 Xr.</bibl>
<bibl id="hofm_1848_09_0135_14"><composer key="compo_019130">Kummer (F.A.)</composer> <title>Op. <opus key="opus_3140">49</opus></title>. Siehe: <xref type="external" from="hofm_1848_09_0136_14" to="DITTO" targOrder="U">Musik f. Pfte zu 4 Händen</xref>.</bibl>
<bibl id="hofm_1848_09_0135_15"><composer key="compo_020690">Leuthner (L.)</composer> <title>Duo concertant p. Pfte et Violon (in <key>A</key>.)</title> <pubPlace key="place_0731">Wien</pubPlace>, <publisher key="publ_1506">Haslinger</publisher> 1 Fl. 45 Xr.</bibl>
<bibl id="hofm_1848_09_0135_16"><composer key="compo_020817">Lickl (F.C.)</composer> <title>Serenata p. Corno inglese e Pfte. Op. <opus key="opus_3490">58</opus></title>. <pubPlace key="place_0437">Mailand</pubPlace>, <publisher key="publ_3241">Ricordi</publisher> 3 Fr.</bibl>
<bibl id="hofm_1848_09_0135_17"><composer key="compo_021040">Lindpaintner</composer>, <title>Fantaisie brillante sur des Motifs favoris de la Straniera, p. Flûte av. Acc. de Pfte. Op. <opus key="opus_0443">122</opus></title>. <pubPlace key="place_0438">Mainz</pubPlace>, <publisher key="publ_3563">Schott</publisher> 1 Fl. 48 Xr.</bibl>
<pb n="136"/>
<bibl id="hofm_1848_09_0136_01"><composer key="compo_022113">Manna (R.)</composer> <title>Rêverie ou Morceau fantastique p. Violon av. Acc. de Pfte</title>. <pubPlace key="place_0437">Mailand</pubPlace>, <publisher key="publ_3241">Ricordi</publisher> 4 Fr. 50 Ct.</bibl>
<bibl id="hofm_1848_09_0136_02"><composer key="compo_023601">Molique (B.)</composer> <title>6ième Concerto p. Violon av. Acc. de Pfte. Op. <opus key="opus_2131">30</opus>, in <key>Em</key></title>. <pubPlace key="place_0731">Wien</pubPlace>, <publisher key="publ_1506">Haslinger</publisher> 3 Fl. 30 Xr.</bibl>
<bibl id="hofm_1848_09_0136_03">– <title>Erinnerung an Steyermark. Fantaisie über steyrische Lieder, f. Violine m. Begl. d. Pfte. Op. <opus key="opus_2187">31</opus></title>. Ebend. 2 Fl.</bibl>
<bibl id="hofm_1848_09_0136_04"><composer key="compo_024421">Natalucci (T.)</composer> <title>2 Inni popolari ad onore dell’ immortale Pio IX, <format>rid. p. Pfte e Violino</format> da L. Truzzi</title>. <pubPlace key="place_0437">Mailand</pubPlace>, <publisher key="publ_3241">Ricordi</publisher> 3 Fr.</bibl>
<bibl id="hofm_1848_09_0136_05">– Idem p. Pfte e Flauto. Ebend. 3 Fr.</bibl>
<wip id="hofm_1848_09_0136_06"><title>Opernfreund (der junge) Ausgewählte Melodien aus den beliebtesten u. nenesten Opern, f. Violine m. Begl. d. Pfte, übertr. von P. Feigerl. (Op. <opus key="opus_0029">10, No. 1–5</opus>.) No. 26–30</title>. <pubPlace key="place_0731">Wien</pubPlace>, <publisher key="publ_1506">Haslinger</publisher> à 45 Xr. <lb/><title>No. 26, <composer key="compo_009541">Flotow</composer>, Die Matrosen</title>. <lb/>– <title>27, <composer key="compo_007196">Donizetti</composer>, La Favorita</title>. <lb/>– <title>28, <composer key="compo_013059">Halevy</composer>, Die Musketiere der Königin</title>. <lb/>– <title>29, <composer key="compo_033880">Suppé</composer>, Das Mädchen vom Lande</title>. <lb/>– <title>30, <composer key="compo_001075">Auber</composer>, Der Antheil des Teufels</title>.</wip>
<wip id="hofm_1848_09_0136_07"><title>Opernfreund (der junge) Ausgewählte Melodien a. den beliebtesten u. nenesten Opern, f. Flöte m. Begl. d. Pfte, übertr. von P. Feigerl. (Op. <opus key="opus_0029">10, No. 1–5</opus>.) No. 26–30</title>. <pubPlace key="place_0731">Wien</pubPlace>, <publisher key="publ_1506">Haslinger</publisher> à 45 Xr. <lb/><title>No. 26, <composer key="compo_009541">Flotow</composer>, Die Matrosen</title>. <lb/>– <title>27, <composer key="compo_007196">Donizetti</composer>, La Favorite</title>. <lb/>– <title>28, <composer key="compo_013059">Halevy</composer>, Die Musketiere der Königin</title>. <lb/>– <title>29, <composer key="compo_033880">Suppé</composer>, Das Mädchen vom Lande</title>. <lb/>– <title>30, <composer key="compo_001075">Auber</composer>, Des Teufels Antheil</title>.</wip>
<bibl id="hofm_1848_09_0136_08"><composer key="compo_028970">Rossini (G.)</composer> <title>Inno popolare a Pio IX, <format>rid. p. Pfte e Violino</format>, da L. Truzzi</title>. <pubPlace key="place_0437">Mailand</pubPlace>, <publisher key="publ_3241">Ricordi</publisher> 2 Fr. 40 Ct.</bibl>
<bibl id="hofm_1848_09_0136_09"><composer key="compo_037491">Wolff (E.)</composer> et <composer key="compo_004899">Ch. de Beriot</composer>, <title>Grand Duo brillant sur la Muette de Portici, Opéra de D.F.E. Auber, p. Pfte et Violon, Op. <opus key="opus_3701">62</opus></title>. (Collection de Duos Cah. 52.) <pubPlace key="place_0438">Mainz</pubPlace>, <publisher key="publ_3563">Schott</publisher> 2 Fl. 24 Xr.</bibl>
<bibl id="hofm_1848_09_0136_10"><composer key="compo_038328">Zäch (J.R.)</composer> <title>2ième Partie des Variations concertantes p. Pfte, Violon, Alto et Vcelle. Op. <opus key="opus_1584">22</opus></title>. <pubPlace key="place_0731">Wien</pubPlace>, <publisher key="publ_1506">Haslinger</publisher> 2 Fl. 15 Xr.</bibl>
</div><div id="hofm_1848_09_0136_div07"><head><hofClass key="hofCl_0171">Musik für das Pianoforte zu vier Händen.</hofClass></head>
<bibl id="hofm_1848_09_0136_11"><composer key="compo_006106">Cramer (H.)</composer> <title>18me Potpourri sur les Motifs favoris de l’Opéra: Lucrezia Borgia, Musique de Donizetti</title>, <pubPlace key="place_0438">Mainz</pubPlace>, <publisher key="publ_3563">Schott</publisher> 1 Fl. 30 Xr.</bibl>
<bibl id="hofm_1848_09_0136_12"><composer key="compo_006306">Czerny (Ch.)</composer> <title>Le Goût moderne. Nouveau Réceuil de Rondeaux, Variations et Impromptus sur les Thèmes les plus élégans des nouveaux Opéras etc. Op. <opus key="opus_2720">398</opus>, Cah. 24, Salon-Stück a. das beliebte Fuchslied</title>. <pubPlace key="place_0731">Wien</pubPlace>, <publisher key="publ_0735">Diabelli u. Co</publisher>. 1 Fl. 15 Xr.</bibl>
<wip id="hofm_1848_09_0136_12_a"><composer key="compo_006921">Diabelli (Ant.)</composer> <title>Euterpe. Eine Reihe moderner u. vorzügl. beliebt. Tonstücke. No. 497–500, 4 Potpourris nach Motiven der Opèr: Maritana, von W.V. Wallace</title>. <pubPlace key="place_0731">Wien</pubPlace>, <publisher key="publ_0735">Diabelli u. Co</publisher>. <title>No. 497, 499, 500</title> (à 1 Fl. 45 Xr.) <title>No. 498</title> (1 Fl. 30 Xr.)</wip>
<bibl id="hofm_1848_09_0136_14"><composer key="compo_019130">Kummer (F.A.)</composer> <title>Soirée musicale pour les Amateurs de Pfte. à 4 Mains, Violon et Vcelle. Op. <opus key="opus_3140">49</opus>. Cah. 4 (No. 7, 8) Donizetti, Lucia di Lammermoor et Lucrezia Borgia</title>. <pubPlace key="place_0147">Dresden</pubPlace>. <publisher key="publ_2661">Meser</publisher> 1 Thlr. 15 Ngr.</bibl>
<bibl id="hofm_1848_09_0136_15"><composer key="compo_023239">Meyer (L. de)</composer> <title>Tableaux caractéristiques. Le Quatuor, dansé à Londres p. Taglioni, Chariotte Grisi, Cerrito et Fanny Elsler, arr. p. C. Czerny. Op. <opus key="opus_3351">54</opus></title>. <pubPlace key="place_0731">Wien</pubPlace>, <publisher key="publ_0735">Diabelli et Co</publisher>. 2 Fl.</bibl>
<pb n="137"/>
<wip id="hofm_1848_09_0137_01"><composer key="compo_026588">Plachy (W.)</composer> <title>Musikalische Vorlegeblätter. Op. <opus key="opus_4738">99</opus></title>, <title>Heft 4–6</title>. <pubPlace key="place_0731">Wien</pubPlace>, <publisher key="publ_1506">Haslinger</publisher> à 30 Xr. <lb/><title>Heft 4, Coro di Lombardi</title>. <lb/>– <title>5, Don Juan: Fin ch’han dal vino</title>. <lb/>– <title>6, Marcia trionfale</title>.</wip>
<bibl id="hofm_1848_09_0137_02"><composer key="compo_027077">Proch (H.)</composer> <title>Studenten-Marsch. Op. <opus key="opus_0776">147</opus></title>. <pubPlace key="place_0731">Wien</pubPlace>, <publisher key="publ_0735">Diabelli u. Co</publisher>. 30 Xr.</bibl>
<bibl id="hofm_1848_09_0137_03"><composer key="compo_036249">Weber (C.M. v.)</composer> <title>Grosse Messe, einger. v. F.W. Jähns</title>. <pubPlace key="place_0731">Wien</pubPlace>, <publisher key="publ_1506">Haslinger</publisher> 2 Fl. 30 Xr.</bibl>
</div><div id="hofm_1848_09_0137_div08"><head><hofClass key="hofCl_0272">Ouverturen für das Pianoforte zu vier Händen.</hofClass></head>
<bibl id="hofm_1848_09_0137_04"><composer key="compo_033881">Suppé (Fr. v.)</composer> <title>Ouverture aus d. Oper: Das Mädchen vom Lande</title>. <pubPlace key="place_0731">Wien</pubPlace>, <publisher key="publ_1506">Haslinger</publisher> 1 Fl. 30 Xr.</bibl>
<bibl id="hofm_1848_09_0137_05"><composer key="compo_034621">Titl (A.E.)</composer> <title>Ouverture z. Oper: Das Wolkenkind, einger. von C. Czerny</title>. <pubPlace key="place_0731">Wien</pubPlace>, <publisher key="publ_0735">Diabelli u. Co</publisher>. 1 Fl. 30 Xr.</bibl>
</div><div id="hofm_1848_09_0137_div09"><head><hofClass key="hofCl_0166">Musik für das Pianoforte allein.</hofClass></head>
<bibl id="hofm_1848_09_0137_06"><composer key="compo_001225">Bach (J.S.)</composer> Siehe: <xref type="external" from="hofm_1848_09_0138_09" to="DITTO" targOrder="U">Fischhof, class. Studien</xref>.</bibl>
<bibl id="hofm_1848_09_0137_07"><composer key="compo_001540">Baroni (F.)</composer> <title>La Milanese. Inno della Guerra santa, <format>rid</format></title>. <pubPlace key="place_0437">Mailand</pubPlace>, <publisher key="publ_3241">Ricordi</publisher> 60 Ct.</bibl>
<bibl id="hofm_1848_09_0137_08"><composer key="compo_001915">Bazzini (Ant.)</composer> <title>Il Vessillo Lombardo. Inno popolare, <format>rid</format>. da L. Truzzi</title>. <pubPlace key="place_0437">Mailand</pubPlace>, <publisher key="publ_3241">Ricordi</publisher> 1 Fr.</bibl>
<bibl id="hofm_1848_09_0137_09"><composer key="compo_002057">Beer (B.)</composer> <title>Mélodies hongroises. Op. <opus key="opus_3565">6</opus></title>. <pubPlace key="place_0731">Wien</pubPlace>, <publisher key="publ_1506">Haslinger</publisher> 45 Xr.</bibl>
<wip id="hofm_1848_09_0137_10"><composer key="compo_002709">Bertini (H.)</composer> <title>48 Uebungen m. Fingersatz, als Einleitung zu den berühmten 42 Uebungen v. J.B. Cramer. Op. <opus key="opus_2066">29</opus> u. <opus key="opus_2268">32</opus></title>. <title>Liv. 1, 2</title>. <pubPlace key="place_0554">Prag</pubPlace>, <publisher key="publ_1729">Hoffmann</publisher> à 1 Fl. 30 Xr.</wip>
<bibl id="hofm_1848_09_0137_11"><composer key="compo_003674">Boniforti (C.)</composer> <title>Milano liberata. Cantico, <format>rid</format>. da L. Truzzi</title>. <pubPlace key="place_0437">Mailand</pubPlace>, <publisher key="publ_3241">Ricordi</publisher> 60 C.</bibl>
<bibl id="hofm_1848_09_0137_12"><composer key="compo_003826">Bosoni (C.E.)</composer> <title>Notturno sentimentale. Op. <opus key="opus_3565">6</opus></title>. <pubPlace key="place_0437">Mailand</pubPlace>, <publisher key="publ_3241">Ricordi</publisher> 1 Fr. 80 Ct.</bibl>
<bibl id="hofm_1848_09_0137_13"><composer key="compo_003869">Boucheron (R.)</composer> <title>Il Cantîco del Milite Lombardo, <format>rid</format>. d. L. Truzzi</title>. <pubPlace key="place_0437">Mailand</pubPlace>, <publisher key="publ_3241">Ricordi</publisher> 60 Ct.</bibl>
<bibl id="hofm_1848_09_0137_14"><composer key="compo_004282">Brini (C.A.M.)</composer> <title>Andante nell’ Opera: Le Prigioni d’Edimburgo, di F. Ricci, variato. Op. <opus key="opus_3181">5</opus></title>. <pubPlace key="place_0437">Mailand</pubPlace>, <publisher key="publ_3241">Ricordi</publisher> 1 Fr. 80 Ct.</bibl>
<wip id="hofm_1848_09_0137_14_b"><composer key="compo_004748">Burkhardt (Sal.)</composer> <title>Musikalische Dichtungen. Op. <opus key="opus_3743">63, No. 1–6</opus></title>. <pubPlace key="place_0147">Dresden</pubPlace>, <publisher key="publ_2661">Meser</publisher>. <lb/><title>No. 1, Romanze: Die Sehnsucht</title>. 6 Ngr. <lb/>– <title>2, Rhapsodie: Rubloses Glück</title>. 10 Ngr. <lb/>– <title>3, Lied: Die Abendglocken</title>. 7½ Ngr. <lb/>– <title>4, Capriccio: Das Echo</title>. 10 Ngr. <lb/>– <title>5, Elegie: Der Schmerz und die Lust</title>. 10 Ngr. <lb/>– <title>6, Duett: Beruhigung</title>. 7½ Ngr.</wip>
<bibl id="hofm_1848_09_0137_16"><title>Canto popolare dei Milanesi, dedicato agli Eroi delle cinque giornate, <format>rid</format>. da L. Truzzi</title>. <pubPlace key="place_0437">Mailand</pubPlace>, <publisher key="publ_3241">Ricordi</publisher> 1 Fr.</bibl>
<bibl id="hofm_1848_09_0137_17"><composer key="compo_006018">Cornali (P.)</composer> <title>Canto degli Italiani, <format>rid</format></title>. <pubPlace key="place_0437">Mailand</pubPlace>, <publisher key="publ_3241">Ricordi</publisher> 1 Fr. 80 Ct.</bibl>
<bibl id="hofm_1848_09_0137_18"><composer key="compo_006106">Cramer (H.)</composer> <title>Souvenir de Weber. 3 Amusements brillants sur les Motifs de l’Opéra: Euryanthe. Op. <opus key="opus_3076">47, No. 1–3</opus></title>. <pubPlace key="place_0438">Mainz</pubPlace>, <publisher key="publ_3563">Schott</publisher> à 45 Xr.</bibl>
<bibl id="hofm_1848_09_0137_19">– <title>83me Potpourri sur les Motifs favoris de l’Opéra: Martha, ou le Marché de Richmond, Musique de Flotow</title>. Ebend. 54 Xr.</bibl>
<bibl id="hofm_1848_09_0137_20"><composer key="compo_006306">Czerny (Ch.)</composer> <title>Bijoux théàtrals. Nouvelle Collection des Rondeaux, Variations et Impromptus sur les Motifs les plus favoris des nouveaux. Opéras etc. Op. <opus key="opus_2719">397</opus>, Cah. 24. Salon-Stück über das belieble Fuchslied</title>. <pubPlace key="place_0731">Wien</pubPlace>, <publisher key="publ_0735">Diabelli u. Co</publisher>. 45 Xr.</bibl>
<pb n="138"/>
<bibl id="hofm_1848_09_0138_01"><composer key="compo_006563">David (Fél.)</composer> <title>Rêverie</title>. <pubPlace key="place_0438">Mainz</pubPlace>, <publisher key="publ_3563">Schott</publisher> 45 Xr.</bibl>
<wip id="hofm_1848_09_0138_02"><composer key="compo_006921">Diabelli (Ant.)</composer> <title>Kleinigkeiten. Auswahl beliebter Melodien m. Berücks. kl. Hände. No. 73–75</title>. <pubPlace key="place_0731">Wien</pubPlace>, <publisher key="publ_0735">Diabelli u. Co</publisher>. à 30 Xr.</wip>
<bibl id="hofm_1848_09_0138_03"><title>No. 73, Divertissement n. Motiven d. Oper: Norma</title>.</bibl>
<bibl id="hofm_1848_09_0138_04">– <title>74, Rondinetto üb. Motive a. d. Ballet: Esmeralds</title>.</bibl>
<bibl id="hofm_1848_09_0138_05">– <title>75, Divertissement über Motive der Oper: Pirata</title>.</bibl>
<wip id="hofm_1848_09_0138_06"><composer key="compo_008343">Engel (Ludw.)</composer> <title>Genre-Bilder. Original-Scenen. Op. <opus key="opus_0392">12</opus></title>, <title>Heft 1–3</title>. (Mit Vign.) <pubPlace key="place_0731">Wien</pubPlace>. <publisher key="publ_1506">Haslinger</publisher> à 1 Fl. <lb/><title>Heft 1, Abend. Brantfahrt. Carthause. Dudelsack. Erscheinung. Fensterin. Guck-Guck</title>. <lb/>– <title>2, Harfenklang. Jagd. Kirchengang. Lauschen am See. Mondschein am Friedhof. Nacht. Oberländler</title>. <lb/>– <title>3, Post. Rundgesang. Sehnsucht. Traumbild. Uhu. Vöglein mein Bote. Waldbach. Zitherspiel</title>.</wip>
<bibl id="hofm_1848_09_0138_07"><composer key="compo_008694">Evers (Ch.)</composer> <title>Chansons d’Amour. Op. <opus key="opus_0537">13. No. 15</opus>, Suisse</title>. 8vo. <pubPlace key="place_0731">Wien</pubPlace>, <publisher key="publ_1506">Haslinger</publisher> 1 Fl.</bibl>
<wip id="hofm_1848_09_0138_08">– <title>Jours sereins, Jours d’Orage. Inspirations fantastiques. Op. <opus key="opus_1731">24</opus></title>, <title>Cah. 9–12</title>. Ebend. à 1 Fl.</wip>
<wip id="hofm_1848_09_0138_09"><composer key="compo_009437">Fischhof (J.)</composer> <title>Classische Studien. aus Meisterwerken gewählt und zum richtigen Vorständuisse mit Vortragszelchen u. Fingersatz versehen. No. 1–6</title>. <pubPlace key="place_0731">Wien</pubPlace>, <publisher key="publ_1506">Haslinger</publisher>. <lb/><title>No. 1, Händel (G.F.) Allegro et Variations sur la Passacaille</title>. 30 Xr. <lb/>– <title>2, – Gigue, &amp; Bach (J.S.) Gigue</title>. 30 Xr. <lb/>– <title>3, Bach (J.S.) Orgelfuge in <key>Am</key>. (m. obl. Pedal) f. Pfte eing</title>. 1 Fl. <lb/>– <title>4, – 2 Gavottes avec Alternatives</title>. 30 Xr. <lb/>– <title>5, Mozart (W.A.) Gigue, &amp; Scarlatti (D.) Sonata (in <key>A</key>.)</title> 30 Xr. <lb/>– <title>6, Händel (G.F.) Arie m 5 Variationen (doubles)</title>. 30 Xr.</wip>
<wip id="hofm_1848_09_0138_10"><title>Flore théâtrale. Nouvelle Collection de Fantaisies élégantes, ou Potpourris brillants sur des Thèmes d’Opéras modernes et favoris</title>. <title>Cah. 96–102</title>. <pubPlace key="place_0731">Wien</pubPlace>, <publisher key="publ_1506">Haslinger</publisher> à 1 Fl. <title>Cah. 96–98, <composer key="compo_022962">Mercadante</composer>, Orazi e Curiazi, arr. v. C. Haslinger</title>. 
    <listBibl rend="curly"><bibl><seg>– <title>99, <composer key="compo_035402">Verdi</composer>, I Masnadieri</title></seg><seg id="hofm_1848_09_0138_10_1" rend="curly-left"><title>arr. v. A. Laborde</title>. </seg></bibl>
        <bibl><seg>– <title>100, – Attila</title></seg><seg sameAs="hofm_1848_09_0138_10_1"/></bibl></listBibl>
        – <title>101, 102, – Nabucodonosor, arr. v. C. Haslinger</title>.</wip>
<bibl id="hofm_1848_09_0138_11"><composer key="compo_009651">Foroni (J.)</composer> <title>L’Italiana. Grido di Guerra, <format>rid</format>. da L. Truzzi</title>. <pubPlace key="place_0437">Mailand</pubPlace>, <publisher key="publ_3241">Ricordi</publisher> 1 Fr. 20 Ct.</bibl>
<bibl id="hofm_1848_09_0138_12"><composer key="compo_010092">Frigerio (P.A.)</composer> <title>Capriccio sull’ Opera: I due Foscari, di Verdi. Op. <opus key="opus_2737">4</opus></title>. <pubPlace key="place_0437">Mailand</pubPlace>, <publisher key="publ_3241">Ricordi</publisher> 2 Fr. 40 Ct.</bibl>
<bibl id="hofm_1848_09_0138_13"><composer key="compo_010291">Fumagalli (Ad)</composer> <title>Il Canto della Vittoria. Inno popolare, <format>rid</format>. da L. Truzzi</title>. <pubPlace key="place_0437">Mailand</pubPlace>, <publisher key="publ_3241">Ricordi</publisher> 1 Fr.</bibl>
<bibl id="hofm_1848_09_0138_14"><composer key="compo_010297">Fumagalli (Disma)</composer> <title>Fantasia di Bravura sopra Motivi dell’ Opera: Lucrezia Borgia, di Donizetti. Op. <opus key="opus_2116">3</opus></title>. <pubPlace key="place_0437">Mailand</pubPlace>, <publisher key="publ_3241">Ricordi</publisher> 6 Fr.</bibl>
<bibl id="hofm_1848_09_0138_15"><composer key="compo_012192">Gross (L.)</composer> Siehe: <xref type="external" from="hofm_1848_09_0140_12" to="DITTO" targOrder="U">Vaterlandsblüthen No. 10</xref>.</bibl>
<bibl id="hofm_1848_09_0138_16"><composer key="compo_013156">Hamm (J.V.)</composer> <title>Der Instige Figaro. Grosses Potpourri</title>. <pubPlace key="place_0438">Mainz</pubPlace>, <publisher key="publ_3563">Schott</publisher> 1 Fl. 12 Xr.</bibl>
<bibl id="hofm_1848_09_0138_17"><composer key="compo_015699">Händel (G.F.)</composer> Siehe: <xref type="external" from="hofm_1848_09_0138_09" to="DITTO" targOrder="U">Fischhof, class. Studien</xref>.</bibl>
<bibl id="hofm_1848_09_0138_18"><composer key="compo_015612">Hummel (J.N.)</composer> <title>Fantasie. Op. <opus key="opus_1165">18</opus>. <edition>Neue Ausgabe</edition></title>. <pubPlace key="place_0731">Wien</pubPlace>, <publisher key="publ_1506">Haslinger</publisher> 2 Fl.</bibl>
<bibl id="hofm_1848_09_0138_19"><composer key="compo_016682">Jüllig (Fr.)</composer> <title>Papillons. 3 Klavierstücke</title>. <pubPlace key="place_0731">Wien</pubPlace>, <publisher key="publ_1506">Haslinger</publisher> 1 Fl.</bibl>
<bibl id="hofm_1848_09_0138_20"><composer key="compo_019305">Kéler (B.)</composer> Siehe: <xref type="external" from="hofm_1848_09_0140_12" to="DITTO" targOrder="U">Vaterlandsblüthen. No. 7–9</xref>.</bibl>
<pb n="139"/>
<wip id="hofm_1848_09_0139_01"><composer key="compo_018661">Krehn (Fr.)</composer> <title>Leichte Rondinos üb. beliebte Opern-Motive. Op. <opus key="opus_1277">19, No. 1–5</opus></title>. <pubPlace key="place_0731">Wien</pubPlace>, <publisher key="publ_1506">Haslinger</publisher> à 30 Xr. <lb/><title>No. 1, Balfe, Die Zigeunerin</title>. <lb/>– <title>2, Flotow, Die Matrosen</title>. <lb/>– <title>3, Verdi, Ernani</title>. <lb/>– <title>4, Suppé, Das Mädchen vom Lande</title>. <lb/>– <title>5, Auber, Des Teufels Antheil</title>.</wip>
<bibl id="hofm_1848_09_0139_02"><composer key="compo_020256">Lecarpentier (A.)</composer> <title>95me Bagatelle sur: Les Chaperons blancs, Opéra de D.F.E. Auber</title>. <pubPlace key="place_0437">Mailand</pubPlace>, <publisher key="publ_3241">Ricordi</publisher> 2 Fr.</bibl>
<listBibl><bibl id="hofm_1848_09_0139_03"><composer key="compo_020815">Lickl (C.G.)</composer> <title>Eclogues. Op. <opus key="opus_3830">66, No. 13</opus></title>. <pubPlace key="place_0731">Wien</pubPlace>, <publisher key="publ_1506">Haslinger</publisher> 30 Xr.</bibl>
<bibl id="hofm_1848_09_0139_04">– <title>Eclogues. Op. <opus key="opus_3831">66, No. 14</opus></title>. Ebend. 30 Xr.</bibl>
<bibl id="hofm_1848_09_0139_05">– <title>Rhapsodies. Op. <opus key="opus_3832">66, No. 15</opus></title>. Ebend. 30 Xr.</bibl>
<bibl id="hofm_1848_09_0139_06">– <title>Rhapsodies. Op. <opus key="opus_3833">66, No. 16</opus></title>. Ebend. 30 Xr. <lb/>(Neuigkeiten im eleganten Style. No. 75, 81, 83, 84.)</bibl>
</listBibl><bibl id="hofm_1848_09_0139_07"><composer key="compo_020817">Lickl (F.C.)</composer> <title>Cabaletta (senza Parole.) Op. <opus key="opus_3029">46</opus></title>. (Neuigkeiten im eleganten Style No. 82.) <pubPlace key="place_0731">Wien</pubPlace>, <publisher key="publ_1506">Haslinger</publisher> 30 Xr.</bibl>
<listBibl><bibl id="hofm_1848_09_0139_08"><composer key="compo_021137">Liszt (Fr.)</composer> <title>Pesther Carneval</title>. <pubPlace key="place_0731">Wien</pubPlace>, <publisher key="publ_1506">Haslinger</publisher> 1 Fl. 15 Xr.</bibl>
<bibl id="hofm_1848_09_0139_09">– <title>Ungarische Nationalmelodien, im leichten Style bearbeitet</title>. <lb/>(Neuigkeiten im eleganten Style. No. 86.) Ebend. 30 Xr.</bibl>
</listBibl><bibl id="hofm_1848_09_0139_10"><composer key="compo_021896">Magazzari (G.)</composer> <title>L’Amnistia data dal sommo Pio IX. Inno popolare, <format>rid</format></title>. <pubPlace key="place_0437">Mailand</pubPlace>, <publisher key="publ_3241">Ricordi</publisher> 1 Fr.</bibl>
<bibl id="hofm_1848_09_0139_11">– <title>Il Canto degli Amnistiati, <format>rid</format></title>. Ebend. 1 Fr. 50 Ct.</bibl>
<bibl id="hofm_1848_09_0139_12">– <title>Inno della Guardia nazionale di Roma, <format>rid</format></title>. Ebend. 1 Fr. 80 Ct.</bibl>
<bibl id="hofm_1848_09_0139_13">– <title>Inno Guerriero Italiano, <format>rid</format></title>. Ebend. 1 Fr. 50 Ct.</bibl>
<bibl id="hofm_1848_09_0139_14">– <title>Inno popolare composta in augurio di felicita per l’anno 1847 al sommo Pontefice Pio IX, <format>rid</format>. da J. Foroni</title>. Ebend. 1 Fr. 20 Ct.</bibl>
<bibl id="hofm_1848_09_0139_15">– <title>Inno Siciliano, <format>rid</format></title>. Ebend. 1 Fr.</bibl>
<bibl id="hofm_1848_09_0139_16">– <title>Il Natale di Roma. Inno, <format>rid</format></title>. Ebend. 1 Fr. 20 Ct.</bibl>
<bibl id="hofm_1848_09_0139_17">– <title>Il Vessillo offerto dai Bolognesi ai Romanl. Inno popolare, <format>rid</format></title>. Ebend. 1 Fr. 50 Ct.</bibl>
<bibl id="hofm_1848_09_0139_18"><composer key="compo_022073">Mandanici (P.)</composer> <title>Canto di Vittoria per le cinque gloriose giornate di Milano nel Marzo 1848, <format>rid</format>. da L. Truzzi</title>. <pubPlace key="place_0437">Mailand</pubPlace>, <publisher key="publ_3241">Ricordi</publisher> 2 Fr. 40 Ct.</bibl>
<bibl id="hofm_1848_09_0139_19"><composer key="compo_022612">Mayer (Ch.)</composer> <title>Invitation à la Valse. Op. <opus key="opus_0299">113</opus></title>. <pubPlace key="place_0147">Dresd</pubPlace>., <publisher key="publ_2661">Meser</publisher> 15 Ngr.</bibl>
<bibl id="hofm_1848_09_0139_20"><composer key="compo_023239">Meyer (L. de)</composer> <title>Grande Caprice sur un Chant bohémien. Op. <opus key="opus_3490">58</opus></title>. <pubPlace key="place_0731">Wien</pubPlace>, <publisher key="publ_1506">Haslinger</publisher> 1 Fl. 15 Xr.</bibl>
<bibl id="hofm_1848_09_0139_21"><composer key="compo_023644">Monczynsky (R.)</composer> <title>Serenade. Op. <opus key="opus_1372">2</opus></title>. (Neuigkeiten im eleganten Style No. 88.) <pubPlace key="place_0731">Wien</pubPlace>, <publisher key="publ_1506">Haslinger</publisher> 30 Xr.</bibl>
<bibl id="hofm_1848_09_0139_22"><composer key="compo_024153">Müller (Ad.)</composer> <title>Der Carneval von Wien. Fantastisches Tanz-Potpourri. Op. <opus key="opus_3738">63</opus></title>. <pubPlace key="place_0731">Wien</pubPlace>, <publisher key="publ_1506">Haslinger</publisher> 45 Xr.</bibl>
<bibl id="hofm_1848_09_0139_23"><title>Neuigkeiten im eleganten Style. No. 71–93</title>. <pubPlace key="place_0731">Wien</pubPlace>, <publisher key="publ_1506">Haslinger</publisher> à 30 Xr.</bibl>
<bibl id="hofm_1848_09_0139_24"><composer key="compo_025586">Pacher (J.A.)</composer> <title>Adagio, tiré de l’Oeuvre <opus key="opus_4300">8</opus></title>. (Déd. à Mr. S. Thalberg.) <pubPlace key="place_0731">Wien</pubPlace>, <publisher key="publ_0735">Diabelli et Co</publisher>. 30 Xr.</bibl>
<wip id="hofm_1848_09_0139_25"><composer key="compo_025594">Pacini (Giov.)</composer> <title>Merope. Tragedia lirica. <format>Riduzione p. Pfte</format> da F. Baroni</title>. <pubPlace key="place_0437">Mailand</pubPlace>, <publisher key="publ_3241">Ricordi</publisher>. <lb/><title>Coro d’Introduzione: Tacita</title>. 1 Fr. 50 Ct. <lb/><title>Cavatina: Or io lo veggio</title>. 2 Fr. 70 Ct. <lb/><title>Coro: Omaggio al principe</title>. 1 Fr. 80 Ct. <lb/><title>Cavatina: O voi dell’ Erebo</title>. 1 Fr. 50 Ct. <lb/><title>Terzetto: Numi eterni</title>. 1 Fr. 50 Ct. <lb/><title>Duetto: Dagli anni</title>. 3 Fr. 30 Ct. <lb/><title>Sc. et Aria: Usurpato</title>. 2 Fr. 70 Ct. <lb/><title>Duette: In quella notte</title>. 3 Fr. 60 Ct. <lb/><title>Finale II</title>. 5 Fr. <lb/><title>Scena-Finale III</title>. 5 Fr.</wip>
<pb n="140"/>
<bibl id="hofm_1848_09_0140_01"><composer key="compo_025594">Pacini (Giov.)</composer> <title>La Ronda della Guardia civica Veneziana. Inno, <format>rid</format>. da F. Baroni</title>. <pubPlace key="place_0437">Mailand</pubPlace>, <publisher key="publ_3241">Ricordi</publisher> 1 Fr.</bibl>
<bibl id="hofm_1848_09_0140_02"><composer key="compo_025681">Panizza (G.)</composer> <title>Canto guerriero per gli Italiani, <format>rid</format>. da L. Truzzi</title>. <pubPlace key="place_0437">Mailand</pubPlace>, <publisher key="publ_3241">Ricordi</publisher> 1 Fr. 50 Ct.</bibl>
<bibl id="hofm_1848_09_0140_03">– <title>Il Voto d’una Donna italiano, <format>rid</format>. da L. Truzzi</title>. Ebend. 1 Fr. 20 Ct.</bibl>
<bibl id="hofm_1848_09_0140_04"><composer key="compo_026092">Perny (P.)</composer> <title>Caprice-Étude de Concert sur l’Opéra: Attila, de Verdi. Op. <opus key="opus_0927">16</opus></title>. <pubPlace key="place_0437">Mailand</pubPlace>, <publisher key="publ_3241">Ricordi</publisher> 3 Fr.</bibl>
<bibl id="hofm_1848_09_0140_05">– <title>Inno nazionale al Re Carlo Alherto, <format>rid</format></title>. Ebend. 1 Fr.</bibl>
<bibl id="hofm_1848_09_0140_06"><composer key="compo_028783">Ronchetti (St.)</composer> <title>Inno nazionale in occasione delle sofenni esequie pei Morti nella Rivoluzione di Milano, <format>rid</format>. da L. Truzzi</title>. <pubPlace key="place_0437">Mailand</pubPlace>, <publisher key="publ_3241">Ricordi</publisher> 60 Ct.</bibl>
<bibl id="hofm_1848_09_0140_07"><composer key="compo_029104">Rubinstein (Ant.)</composer> <title>2 Nocturnes. Op. <opus key="opus_0021">10</opus></title>. <pubPlace key="place_0731">Wien</pubPlace>, <publisher key="publ_1506">Haslinger</publisher> 1 Fl.</bibl>
<bibl id="hofm_1848_09_0140_08"><composer key="compo_029262">Ruta (M.)</composer> <title>Ai fratelli Lombardi i Volontari Napolitani, <format>rid</format>. da L. Truzzi</title>. <pubPlace key="place_0437">Mailand</pubPlace>, <publisher key="publ_3241">Ricordi</publisher> 1 Fr.</bibl>
<bibl id="hofm_1848_09_0140_09"><composer key="compo_029785">Sauerwein (Ferd.)</composer> <title>Les Adieux. Rhapsodie. Op. <opus key="opus_2737">4</opus></title>. <pubPlace key="place_0731">Wien</pubPlace>, <publisher key="publ_1506">Haslinger</publisher> 30 Xr.</bibl>
<bibl id="hofm_1848_09_0140_10"><composer key="compo_033881">Suppé (Fr. v.)</composer> <title>Das Mädchen vom Lande. Oper, f. Pfte allein einger</title>. <pubPlace key="place_0731">Wien</pubPlace>, <publisher key="publ_1506">Haslinger</publisher> geh. 3 Fl. 45 Xr.</bibl>
<wip id="hofm_1848_09_0140_11"><composer key="compo_034917">Truzzi (L.)</composer> <title>La Gioja delle Madri. Raccolta di Suonatine sopra Motivi delle Opere moderne. Op. <opus key="opus_3868">67</opus></title>. <title>Facs. 48–53. Donizetti, Don Pasquale</title>. <pubPlace key="place_0437">Mailand</pubPlace>, <publisher key="publ_3241">Ricordi</publisher> à 1 Fr. 75 Ct.</wip>
<wip id="hofm_1848_09_0140_12"><title>Vaterlandsblüthen (Ungarische) Original-Compositionen. No. 7–10</title>. <pubPlace key="place_0731">Wien</pubPlace>, <publisher key="publ_1506">Haslinger</publisher>. <lb/><title>No. 7, <composer key="compo_019305">Kéler (B.)</composer> Vilma csardas</title>. 30 Xr. <lb/>– <title>8, – Heimisches Echo</title>. 30 Xr. <lb/>– <title>9, – Erinnerung an Eisenstadt</title>. 45 Xr. <lb/>– <title>10, <composer key="compo_012192">Gross (L.)</composer> Original-Ungarischer</title>. 30 Xr.</wip>
<bibl id="hofm_1848_09_0140_13"><composer key="compo_035403">Verdi (Gius.)</composer> <title>Gerusalemme. Opera. <format>Riduzione p. Pfte solo</format> di L. Truzzi ed E. Muzio</title>. <pubPlace key="place_0437">Mailand</pubPlace>, <publisher key="publ_3241">Ricordi</publisher> geh. 28 Fr.</bibl>
<bibl id="hofm_1848_09_0140_14"><composer key="compo_035994">Waldmüller (Ferd.)</composer> <title>10 Opern-Melodien f. junge Pianisten. Op. <opus key="opus_2948">44</opus></title>. <title>Heft 1, 2</title>. <pubPlace key="place_0731">Wien</pubPlace>, <publisher key="publ_1506">Haslinger</publisher> à 45 Xr. <lb/><title>Heft 1, Der schwarze Domino. Robert der Teufel. Stradella. Sonnambula. Lucretia Borgia</title>. <lb/>– <title>2, Der Barbier von Sevilla. Gisella. Don Juan. Der Zweikampf. Die Musketiere der Königin</title>.</bibl>
<listBibl><bibl id="hofm_1848_09_0140_15">– <title>Le Désir. Etude</title>. Ebend. 30 Xr.</bibl>
<bibl id="hofm_1848_09_0140_16">– <title>Tarantelle</title>. Ebend. 30 Xr. <lb/>(Neuigkeiten im eleganten Style No. 74, 80.)</bibl>
</listBibl><listBibl><bibl id="hofm_1848_09_0140_17"><composer key="compo_037246">Winterle (Edm.)</composer> <title>Etude de Salon. Op. <opus key="opus_1584">22</opus></title>. <pubPlace key="place_0731">Wien</pubPlace>, <publisher key="publ_1506">Haslinger</publisher> 30 Xr.</bibl>
<bibl id="hofm_1848_09_0140_18">– <title>Nocturne. Op. <opus key="opus_2066">29</opus></title>. Ebend. 30 Xr.</bibl>
<bibl id="hofm_1848_09_0140_19">– <title>Scherzo. Op. <opus key="opus_2131">30</opus></title>. Ebend. 30 Xr. <lb/>(Neuigkeiten im eleganten Style No. 77–79.)</bibl>
</listBibl></div><div id="hofm_1848_09_0140_div10"><head><hofClass key="hofCl_0273">Ouverturen für das Pianoforte.</hofClass></head>
<bibl id="hofm_1848_09_0140_20"><composer key="compo_021043">Lindpaintner (P. v.)</composer> <title>Fest Ouverture zur Eröffnung des Carl-Theaters in Wien. Op. <opus key="opus_0578">132</opus></title>. <pubPlace key="place_0731">Wien</pubPlace>, <publisher key="publ_1506">Haslinger</publisher> 1 Fl.</bibl>
<bibl id="hofm_1848_09_0140_21"><composer key="compo_032421">Skraup (Fr.)</composer> <title>Ouverture zur Posse: Fidlowa’cka, von K. Tyl. Op. <opus key="opus_0927">16</opus></title>. <pubPlace key="place_0554">Prag</pubPlace>, <publisher key="publ_1729">Hoffmann</publisher> 40 Xr.</bibl>
<bibl id="hofm_1848_09_0140_22"><composer key="compo_033881">Suppé (F. v.)</composer> <title>Ouverture aus der Oper: Das Mädchen vom Lande, arr. v. C. Haslinger</title>. <pubPlace key="place_0731">Wien</pubPlace>, <publisher key="publ_1506">Haslinger</publisher> 1 Fl.</bibl>
</div><div id="hofm_1848_09_0140_div11"><head><hofClass key="hofCl_0288">Tänze für das Pianoforte.</hofClass></head>
<bibl id="hofm_1848_09_0140_23"><composer key="compo_000013">Abbiati (A.)</composer> <title>Il 22 Marzo 1848. Valzer ossio Musica allusiva ai magnanimi cuori dei Milanesi delle cinque gloriose giornato</title>. <pubPlace key="place_0437">Mailand</pubPlace>, <publisher key="publ_3241">Ricordi</publisher> 3 Fr.</bibl>
<pb n="141"/>
<bibl id="hofm_1848_09_0141_01"><composer key="compo_002718">Bertl (G.)</composer> <title>Cavalerie-Polka. Op. <opus key="opus_0001">1</opus></title>. <pubPlace key="place_0731">Wien</pubPlace>, <publisher key="publ_4456">Witzendorf</publisher> 15 Xr.</bibl>
<bibl id="hofm_1848_09_0141_02"><composer key="compo_007284">Dotzauer (B.)</composer> <title>3 Hamburger Maskeraden-Walzer. Op. <opus key="opus_2630">38</opus></title>. (Neuigkeiten im eleganten Style No. 85.) <pubPlace key="place_0731">Wien</pubPlace>, <publisher key="publ_1506">Haslinger</publisher> 30 Xr.</bibl>
<bibl id="hofm_1848_09_0141_03"><composer key="compo_008342">Engel (L.)</composer> <title>Valses brillantes</title>. (Neuigkeiten im eleganten Style No. 72) <pubPlace key="place_0731">Wien</pubPlace>, <publisher key="publ_1506">Haslinger</publisher> 30 Xr.</bibl>
<bibl id="hofm_1848_09_0141_04"><composer key="compo_009247">Fiennes (H. de)</composer> <title>Julie. Valse. Op. <opus key="opus_0234">11</opus></title>. <pubPlace key="place_0438">Mainz</pubPlace>, <publisher key="publ_3563">Schott</publisher> 54 Xr.</bibl>
<bibl id="hofm_1848_09_0141_05"><composer key="compo_009495">Flerx (L.)</composer> <title>Quadrille nach Motiven aus der Oper: Das Mädchen vom Lande. Op. <opus key="opus_0001">1</opus></title>. (Neuigkeiten im eleganten Style No. 87.) <pubPlace key="place_0731">Wien</pubPlace>, <publisher key="publ_1506">Haslinger</publisher> 30 Xr.</bibl>
<bibl id="hofm_1848_09_0141_06"><composer key="compo_010556">Galli (A.)</composer> <title>Carlotta-Polka</title>. <pubPlace key="place_0437">Mailand</pubPlace>, <publisher key="publ_3241">Ricordi</publisher> 1 Fr.</bibl>
<bibl id="hofm_1848_09_0141_07"><composer key="compo_010828">Geiger (Constanze)</composer> <title>Ferdinandus-Walzer</title>. <pubPlace key="place_0731">Wien</pubPlace>, <publisher key="publ_1506">Haslinger</publisher> 30 Xr.</bibl>
<bibl id="hofm_1848_09_0141_08"><composer key="compo_015706">Hänsel (A.)</composer> <title>Erheiterung in ernster Zeit. Walzer. Op. <opus key="opus_3416">56</opus></title>. <pubPlace key="place_0147">Dresden</pubPlace>, <publisher key="publ_2661">Meser</publisher> 10 Ngr.</bibl>
<bibl id="hofm_1848_09_0141_09"><composer key="compo_015568">Hubovszky (Ph. v.)</composer> <title>Schnee-Flocken-Walzer. Op. <opus key="opus_2268">32</opus></title>. <pubPlace key="place_0731">Wien</pubPlace>, <publisher key="publ_1506">Haslinger</publisher> 45 Xr.</bibl>
<wip id="hofm_1848_09_0141_10"><composer key="compo_017770">Kliegl (H.A)</composer> <title>Emser-Bad-Saison. Neue beliebte Tänze des Cur-Orchesters. No. 1–9</title>. <pubPlace key="place_0438">Mainz</pubPlace>, <publisher key="publ_3563">Schott</publisher>. <lb/><title>No. 1, Andenken an Ems. Galopp. Op. <opus key="opus_2066">29</opus></title>. 27 Xr. <lb/>– <title>2, Lidy-Galopp. Op. <opus key="opus_2131">30</opus></title>. 27 Xr. <lb/>– <title>3, Schloss-Polka. Op. <opus key="opus_2187">31</opus></title>. 27 Xr. <lb/>– <title>4, 1ster Polka-Mazurka. Op. <opus key="opus_2269">32, No. 1</opus></title>. 18 Xr. <lb/>– <title>5, 2ter Polka-Mazuika. Op. <opus key="opus_2273">32, No. 2</opus></title>. 18 Xr. <lb/>– <title>6, 3ter Polka-Mazurka. Op. <opus key="opus_2274">32, No. 3</opus></title>. 18 Xr. <lb/>– <title>7, Neue Elisabeth-Polka. Op. <opus key="opus_2347">33</opus></title>. 27 Xr. <lb/>– <title>8, Ida-Walzer. Op. <opus key="opus_2403">34</opus></title>. 54 Xr. <lb/>– <title>9, Wilhelms-Walzer. Op. <opus key="opus_2458">35</opus></title>. 45 Xr.</wip>
<bibl id="hofm_1848_09_0141_11"><composer key="compo_019182">Kunze (G.)</composer> <title>Dom Sebastian-Galopp. Op. <opus key="opus_4045">72</opus></title>. (Sammlung beliebter Balltänze No. 34.) <pubPlace key="place_0147">Dresden</pubPlace>, <publisher key="publ_2661">Meser</publisher> 7½ Ngr.</bibl>
<bibl id="hofm_1848_09_0141_12"><composer key="compo_021135">Liszt (Ed.)</composer> <title>Quadrille. Op. <opus key="opus_1372">2</opus></title>. (Neuigkeiten im eleganten Style No. 90.) <pubPlace key="place_0731">Wien</pubPlace>, <publisher key="publ_1506">Haslinger</publisher> 30 Xr.</bibl>
<bibl id="hofm_1848_09_0141_13"><composer key="compo_022162">Marcailhou (G.)</composer> <title>L’Ecureuil</title>. (Mit farb. gedr. Vign.) <pubPlace key="place_0438">Mainz</pubPlace>, <publisher key="publ_3563">Schott</publisher> 54 Xr.</bibl>
<listBibl><bibl id="hofm_1848_09_0141_14"><composer key="compo_023225">Meyer (G.)</composer> <title>Papilleten-Française</title>. <pubPlace key="place_0147">Dresden</pubPlace>, <publisher key="publ_2661">Meser</publisher> 10 Ngr.</bibl>
<bibl id="hofm_1848_09_0141_15">– <title>Turnier-Polka</title>. Ebend. 6 Ngr.</bibl>
<bibl id="hofm_1848_09_0141_16">– <title>Marien Polka</title>. Ebend. 6 Ngr.</bibl>
<bibl id="hofm_1848_09_0141_17">– <title>Mina-Polka</title>. Ebend. 6 Ngr. <lb/>(Sammlung beliebter Balltänze No. 30–33.)</bibl></listBibl>
<bibl id="hofm_1848_09_0141_18"><composer key="compo_024153">Müller (Ad.)</composer> <title>Leni Wind-Polka</title>. (Neuigkeiten im eleganten Style No. 89.) <pubPlace key="place_0731">Wien</pubPlace>, <publisher key="publ_1506">Haslinger</publisher> 30 Xr.</bibl>
<wip id="hofm_1848_09_0141_19"><composer key="compo_025681">Panizza (G.)</composer> <title>Pezzi scelti del gran Ballo fantastico: Faust, de G. Perrot</title>. <pubPlace key="place_0437">Mailand</pubPlace>, <publisher key="publ_3241">Ricordi</publisher>. <title>Gran Ballabile</title> (5 Fr.) <title>Passo dei Zingari</title> (1 Fr. 75 Ct.) <title>Prel. e Valzer</title> (2 Fr. 50 Ct.) <title>Ronda infernale</title> (1 Fr. 75 Ct.) <title>Tregenda</title> (2 Fr. 50 Ct.) <title>Finale</title> (2 Fr.)</wip>
<bibl id="hofm_1848_09_0141_20"><composer key="compo_026092">Perny (P.)</composer> <title>Cholera-Morbus-Polka. Op. <opus key="opus_0679">13(bis)</opus></title>. <pubPlace key="place_0437">Mailand</pubPlace>, <publisher key="publ_3241">Ricordi</publisher> 1 Fr. 20 Ct.</bibl>
<bibl id="hofm_1848_09_0141_21"><composer key="compo_030333">Schlechter (M.)</composer> <title>Quadrille de Souvenir. Op. <opus key="opus_0684">14</opus></title>. (Neuigkeiten im eleganten Style No. 76.) <pubPlace key="place_0731">Wien</pubPlace>, <publisher key="publ_1506">Haslinger</publisher> 30 Xr.</bibl>
<listBibl><bibl id="hofm_1848_09_0141_22"><composer key="compo_032847">Staab (J.)</composer> <title>Federweisser-Galopp</title>. <pubPlace key="place_0438">Mainz</pubPlace>, <publisher key="publ_3563">Schott</publisher> 18 Xr.</bibl>
<bibl id="hofm_1848_09_0141_23">– <title>Turner-Polka</title>. Ebend. 18 Xr. <lb/>(Die Rheinländer No. 135, 136.)</bibl>
</listBibl><listBibl><bibl id="hofm_1848_09_0141_24"><composer key="compo_035993">Waldmüller (F.)</composer> <title>La belle Coquette. Polka</title>. <pubPlace key="place_0731">Wien</pubPlace>, <publisher key="publ_1506">Haslinger</publisher> 30 Xr.</bibl>
<bibl id="hofm_1848_09_0141_25">– <title>Galop brillant</title>. Ebend. 30 Xr. <lb/>(Neuigkeiten im eleganten Style No. 71, 73.)</bibl>
</listBibl><pb n="142"/>
<bibl id="hofm_1848_09_0142_01"><composer key="compo_036037">Wallerstein (Ant.)</composer> <title>Sieges-Polka. Op. <opus key="opus_2576">37</opus></title>. <pubPlace key="place_0438">Mainz</pubPlace>, <publisher key="publ_3563">Schott</publisher> 27 Xr.</bibl>
<bibl id="hofm_1848_09_0142_02">– <title>Lorley-Ländler. Dorfgeschichte. Op. <opus key="opus_2630">38</opus></title>. Ebend. 27 Xr.</bibl>
<bibl id="hofm_1848_09_0142_03">– <title>Lorley-Polka. Dorfgeschichte. Op. <opus key="opus_2670">39</opus></title>. Ebend. 27 Xr.</bibl>
</div><div id="hofm_1848_09_0142_div12"><head><hofClass key="hofCl_0250">Märsche für das Pianoforte.</hofClass></head>
<bibl id="hofm_1848_09_0142_04"><composer key="compo_002826">Beyer (Ferd.)</composer> <title>Marche belge transcrite</title>. <pubPlace key="place_0438">Mainz</pubPlace>, <publisher key="publ_3563">Schott</publisher> 18 Xr.</bibl>
<bibl id="hofm_1848_09_0142_05"><composer key="compo_003826">Bosoni (C.E)</composer> <title>Marcia trionfale, dedicato ai Crociati veneziani. Op. <opus key="opus_3181">5</opus></title>. <pubPlace key="place_0437">Mailand</pubPlace>, <publisher key="publ_3241">Ricordi</publisher> 3 Fr.</bibl>
<bibl id="hofm_1848_09_0142_06"><composer key="compo_005623">Chotek (F.X.)</composer> <title>Wiener Jubel-Marsch, comp. 15 März 1848</title>. (Beliebte Märsche No. 73.) <pubPlace key="place_0731">Wien</pubPlace>, <publisher key="publ_0735">Diabelli u. Co</publisher>. 15 Xr.</bibl>
<bibl id="hofm_1848_09_0142_07"><composer key="compo_008808">Fahrbach (Ph.)</composer> <title>National-Garde-Marsch. Op. <opus key="opus_3825">66</opus></title>. <pubPlace key="place_0731">Wien</pubPlace>, <publisher key="publ_4456">Witzendorf</publisher> 24 Xr.</bibl>
<bibl id="hofm_1848_09_0142_08"><title>Fuchs-Marsch nach beliebten Studentenliedern</title>. (Beliebte Märsche No. 78.) <pubPlace key="place_0731">Wien</pubPlace>, <publisher key="publ_0735">Diabelli u. Co</publisher>. 15 Xr.</bibl>
<bibl id="hofm_1848_09_0142_09"><composer key="compo_017082">Kaulich (Jos.)</composer> <title>Defilir-Marsch</title>. <pubPlace key="place_0731">Wien</pubPlace>. <publisher key="publ_1269">Glöggl</publisher> 15 Xr.</bibl>
<bibl id="hofm_1848_09_0142_10"><composer key="compo_017573">Kittl (J.Fr.)</composer> <title>Marsch aus der Oper: Bianca und Giuseppe od. die Franzosen vor Nizza</title>. <pubPlace key="place_0554">Prag</pubPlace>, <publisher key="publ_1729">Hoffmann</publisher> 20 Xr.</bibl>
<bibl id="hofm_1848_09_0142_11"><composer key="compo_024153">Müller (Ad.)</composer> <title>Evolution-Marsch aus der Parodie: Die Musketiere der Viertelsmeisterin</title>. (Neuigkeiten im eleganten Style No. 91.) <pubPlace key="place_0731">Wien</pubPlace>, <publisher key="publ_1506">Haslinger</publisher> 30 Xr.</bibl>
<bibl id="hofm_1848_09_0142_12"><composer key="compo_027077">Proch (H.)</composer> <title>Studenten-Marsch. Op. <opus key="opus_0776">147</opus></title>. <pubPlace key="place_0731">Wien</pubPlace>, <publisher key="publ_0735">Diabelli u. Co</publisher>. 20 Xr.</bibl>
<bibl id="hofm_1848_09_0142_13"><composer key="compo_032469">Smetana (Fr.)</composer> <title>Marsch der Prager Studenten-Legion, und: Nationalgarde-Marsch</title>. <pubPlace key="place_0554">Prag</pubPlace>. <unclear><publisher key="publ_1729">Hoffmann</publisher></unclear> 20 Xr.</bibl>
<bibl id="hofm_1848_09_0142_14"><composer key="compo_035557">Vivenot (R. v.)</composer> <title>Parade-Marsch für die Nationalgarde. Op. <opus key="opus_2347">33</opus></title>. <pubPlace key="place_0731">Wien</pubPlace>, <publisher key="publ_0735">Diabelli u. Co</publisher>. 20 Xr.</bibl>
<bibl id="hofm_1848_09_0142_15"><composer key="compo_035993">Waldmüller (F.)</composer> <title>Oesterreichs Constitution. Triumph-Marsch. Op. <opus key="opus_3454">57</opus></title>. <pubPlace key="place_0731">Wien</pubPlace>, <publisher key="publ_4456">Witzendorf</publisher> 30 Xr.</bibl>
<bibl id="hofm_1848_09_0142_16">– <title>Apothéose à Donizetti. Marche funèbre</title>. (Neuigkeiten im eleganten Style No. 92.) <pubPlace key="place_0731">Wien</pubPlace>, <publisher key="publ_1506">Haslinger</publisher> 30 Xr.</bibl>
<bibl id="hofm_1848_09_0142_17"><composer key="compo_036022">Wallace (W.V.)</composer> <title>Maritana-Marsch</title>. (Beliebte Märsche No. 69.) <pubPlace key="place_0731">Wien</pubPlace>, <publisher key="publ_0735">Diabelli u. Co</publisher>. 15 Xr.</bibl>
<bibl id="hofm_1848_09_0142_18"><composer key="compo_037284">Wiss (H.B.)</composer> <title>Fest-Marsch für die deutsche Volkswehr</title>. <pubPlace key="place_0438">Mainz</pubPlace>, <publisher key="publ_3563">Schott</publisher> 18 Xr.</bibl>
<bibl id="hofm_1848_09_0142_19"><composer key="compo_038331">Zöhr (C.)</composer> <title>Studenten-Chor-Marsch. Op. <opus key="opus_0001">1</opus></title>. <pubPlace key="place_0731">Wien</pubPlace>, <publisher key="publ_4456">Witzendorf</publisher> 15 Xr.</bibl>
</div><div id="hofm_1848_09_0142_div13"><head><hofClass key="hofCl_0072">Lehrbücher für das Pianoforte.</hofClass></head>
<bibl id="hofm_1848_09_0142_20"><composer key="compo_006111">Cramer (J.B)</composer> <title>Neue praktische Pianoforteschule: <edition>Neueste verb. u. verm. Aufl</edition></title>. <pubPlace key="place_0554">Prag</pubPlace>, <publisher key="publ_1729">Hoffmann</publisher> 1 Fl. 30 Xr.</bibl>
<bibl id="hofm_1848_09_0142_21"><composer key="compo_010830">Geiger (Jos.)</composer> <title>Kurze, fassliche und gründliche Anleitung z. Pfte-Spiele</title>. <pubPlace key="place_0731">Wien</pubPlace>, <publisher key="publ_1506">Haslinger</publisher> geh. 3 Fl.</bibl>
<bibl id="hofm_1848_09_0142_22"><composer key="compo_033183">Steinhardt (Fr.)</composer> <title>Elementarlehrbuch des Pftespiels. 2ter Band</title>. <pubPlace key="place_0026">Augsburg</pubPlace>, <publisher key="publ_0538">Böhm</publisher> 3 Fl. 30 Xr.</bibl>
</div><div id="hofm_1848_09_0142_div14"><head><hofClass key="hofCl_0225">Musik für die Orgel.</hofClass></head>
<bibl id="hofm_1848_09_0142_23"><composer key="compo_037702">Wälder (G.)</composer> <title>Neue theoretisch-praktische Orgelschule, m. einem Anhange über das Wesen und die Behandlung der Orgel</title>. <pubPlace key="place_0026">Augsburg</pubPlace>, <publisher key="publ_0538">Böhm</publisher> 3 Fl. 30 Xr.</bibl>
</div><div id="hofm_1848_09_0142_div15"><head><hofClass key="hofCl_0210">Musik für die Harfe.</hofClass></head>
<bibl id="hofm_1848_09_0142_24"><composer key="compo_011925">Graziani (V.M.)</composer> <title>3 Valtzer p. Arpa e Pfte. Op. <opus key="opus_1271">19</opus></title>. <pubPlace key="place_0437">Mailand</pubPlace>, <publisher key="publ_3241">Ricordi</publisher> 4 Fr. 50 Ct.</bibl>
<bibl id="hofm_1848_09_0142_25">– <title>Grand Duo p. 2 Harpes (ou Harpe et Pfte.) Op. <opus key="opus_1390">20</opus></title>. Ebend. 8 Fr.</bibl></div>
<pb n="143"/>
<div id="hofm_1848_09_0143_div16"><head><hofClass key="hofCl_0238">Musik für die Physharmonika.</hofClass></head>
<wip id="hofm_1848_09_0143_01"><composer key="compo_002077">Beethoven (L. v.)</composer> <title>2 Sonaten f. Pfte m. Begl. d. Physharmonika, einger. v. C.G. Lickl</title>. <pubPlace key="place_0731">Wien</pubPlace>, <publisher key="publ_1506">Haslinger</publisher>. <lb/><title>Op. <opus key="opus_1881">26</opus>, in <key>As</key></title>. 2 Fl. <lb/><title>Op. <opus key="opus_1932">27</opus>, in <key>Cism</key></title>. 1 Fl. 30 Xr.</wip>
<bibl id="hofm_1848_09_0143_02"><composer key="compo_020815">Lickl (C.G.)</composer> <title>Cypressen, dem Andenken Mariens, für Physharmonika m. Begl. d. Pfte. (Lickl, Hymne. Op. <opus key="opus_4153">76</opus>. Clementi, Adagio, Beethoven, L. v., Adagio a. Op. <opus key="opus_1731">24</opus> und Andante aus Op. <opus key="opus_3071">47</opus>.)</title> <pubPlace key="place_0731">Wien</pubPlace>, <publisher key="publ_1506">Haslinger</publisher> 1 Fl. 30 Xr.</bibl>
<bibl id="hofm_1848_09_0143_03">– <title>Esercizy pratici quale Appendice all’ Istruzione per il Maneggio della Fisarmonica. Op. <opus key="opus_4181">77</opus></title>, <pubPlace key="place_0437">Mailand</pubPlace>, <publisher key="publ_3241">Ricordi</publisher> 3 Fr. 60 Ct.</bibl>
<wip id="hofm_1848_09_0143_04">– <title>Guirlande musicale. Fantaisies ou Potpourris sur des Motifs favoris des Opéras de Verdi, p. Physharmonica (ou Pfte.) No. 1–6</title>. <pubPlace key="place_0437">Mailand</pubPlace>, <publisher key="publ_3241">Ricordi</publisher> à 3 Fr. 50 Ct. <lb/><title>No. 1, I due Foscari</title>. <lb/>– <title>2, Ernani</title>. <lb/>– <title>3, Nabucodonosor</title>. <lb/><title>No. 4, I Lombardi</title>. <lb/>– <title>5, Giovanna d’Arco</title>. <lb/>– <title>6, Macbeth</title>.</wip>
<wip id="hofm_1848_09_0143_05">– <title>Hesperus. Erinnerungen aus den beliebtesten Opern und Werken berühmter Tonsetzer f. Physharmonika</title>. <title>Heft 1–6</title>. <pubPlace key="place_0731">Wien</pubPlace>, <publisher key="publ_1506">Haslinger</publisher> à 30 Xr. <lb/><title>Heft 1, 2, Motive aus der Oper: Die Zauberflöte</title>. <lb/>– <title>3, Motive aus der Oper: Don Juan</title>. <lb/>– <title>4, Melodien einiger deutschen Kirchenlieder mit Vor- und Nachspielen</title>. <lb/>– <title>5, Motive a. d. Cantate: Die Glocke, v. C. Haslinger</title>. <lb/>– <title>6, Motive a. d. Op.: Die Stumme von Portici</title>.</wip>
<wip id="hofm_1848_09_0143_06"><composer key="compo_024153">Müller (Ad.)</composer> <title>Träume. Mignon-Fantasien f. Physharmonika. Op. <opus key="opus_3416">56</opus></title>, <title>Heft 1–3</title>. <pubPlace key="place_0731">Wien</pubPlace>, <publisher key="publ_1506">Haslinger</publisher> à 1 Fl. <lb/><title>Heft 1, Der Schlaf. Lagunenfahrt. Der Schmetterling. Elfe und Kobold</title>. <lb/>– <title>2, Schäferlehen. Liebesbotschaft. Der Gang nach dem Kirchhof. Bauernhochzeit</title>. <lb/>– <title>3, Die Nachtigall. Wallfahrt. Echospiele. Ihr Bild</title>.</wip>
</div><div id="hofm_1848_09_0143_div17"><head><hofClass key="hofCl_0068">Kirchenmusik.</hofClass></head>
<bibl id="hofm_1848_09_0143_07"><composer key="compo_015456">Horák (W.E.)</composer> <title>Graduale de Beata, f. Ten.-u. Clarin.-Solo, Sopr., Alt u. Bass, 2 Viol., Viola, 2 Hörner u. Contrab</title>. <pubPlace key="place_0554">Prag</pubPlace>, <publisher key="publ_1729">Hoffmann</publisher> 40 Xr.</bibl>
<bibl id="hofm_1848_09_0143_08">– <title>Offertorium (Ave Maria) f. 4 Singst., 2 Viol, Viola, 2 Clarin., 2 Hörner, Vcelle et Contrab</title>. Ebend. 30 Xr.</bibl>
<wip id="hofm_1848_09_0143_09"><composer key="compo_020808">Lichtenthal (P.)</composer> <title>Album musicale sacro p. 4 Voci con Acc. d’ Organo o Pfte. (Paternoster. Ave verum Corpus. Veni sancte spiritus. 3 Ave Maria. 3 Salve Regina. Ave Maris Stella. Stabat Mater. 2 O sallutaris hostia.)</title> <pubPlace key="place_0437">Mailand</pubPlace>, <publisher key="publ_3241">Ricordi</publisher> geh. 24 Fr. <lb/>Hieraus einzeln: <lb/><title>Pater noster p. Sopr., Contralto, Tenore e Basso con Acc. di Organo (o Pfte)</title> 2 Fr. <lb/><title>Stabat Mater p. do</title>. 10 Fr.</wip>
<bibl id="hofm_1848_09_0143_10"><composer key="compo_028340">Rieder (Ambr.)</composer> <title>Offertorium (Domine Deus.) Solo f. Tenor (od. Sopran) und Violin-Solo, m. Begl. von einer 2ten Violine, Viola, 2 Hörner, Vcello, Contrab. u. Orgel. Op. <opus key="opus_0443">122</opus></title>. <pubPlace key="place_0731">Wien</pubPlace>, <publisher key="publ_1506">Haslinger</publisher> 1 Fl. 15 Xr.</bibl>
<pb n="144"/>
<bibl id="hofm_1848_09_0144_01"><composer key="compo_031119">Schubert (Ferd.)</composer> <title>Pastoral-Messe f. 4 Singst., 2 Viol., Viola, Vcelle., Contrab., Clarin., (od. Flöte) Horn, Tromp., Pauken u. Orgel. Op. <opus key="opus_0531">13</opus></title>. <pubPlace key="place_0731">Wien</pubPlace>, <publisher key="publ_1506">Haslinger</publisher> 5 Fl.</bibl>
<bibl id="hofm_1848_09_0144_02"><composer key="compo_031123">Schubert (Franz)</composer> <title>Gott meine Zuversicht (Psalm 23) f. 4 Männerst. m. oblig. Begl. d. Pfte. Op. <opus key="opus_0578">132</opus>. <format>Part. u. Stimmen</format></title>. <pubPlace key="place_0731">Wien</pubPlace>, <publisher key="publ_0735">Diabelli u. Co</publisher>. 1 Fl.</bibl>
<bibl id="hofm_1848_09_0144_03"><composer key="compo_033498">Storr (J.)</composer> <title>23 vierstimm. Messgesänge nebst 3 Prediglliedern, 2 Gesänge b. Austh. d. Weihwassers u. Segenlied</title>. <pubPlace key="place_0026">Augsburg</pubPlace>, <publisher key="publ_0538">Böhm</publisher> 1 Fl.</bibl>
<bibl id="hofm_1848_09_0144_04"><composer key="compo_035075">Ueberbacher (Fr.)</composer> <title>2 Alma redemptoris Mater, f. 4 Singst., 2 Viol., Flöte, 2 Clarin., 2 Horn., Orgel u. Contrab</title>. <pubPlace key="place_0026">Augsburg</pubPlace>, <publisher key="publ_0538">Böhm</publisher> 48 Xr.</bibl>
<bibl id="hofm_1848_09_0144_05">– <title>2 Regina coeli f. do</title>. Ebend. 45 Xr.</bibl>
<bibl id="hofm_1848_09_0144_06">– <title>2 Salve Regina f. do</title>. Ebend. 54 Xr.</bibl>
<bibl id="hofm_1848_09_0144_07"><composer key="compo_036027">Wallenreiter (J.L.)</composer> <title>4 Antiphonen f. 4 Singst., 2 Viol., Viola. Bass (od. Orgel) Flöte, 2 Clarin., 2 Horner, 2 Tromp. u. Pauken</title>. <pubPlace key="place_0026">Augsburg</pubPlace>, <publisher key="publ_0538">Böhm</publisher> 1 Fl. 36 Xr.</bibl>
<bibl id="hofm_1848_09_0144_08">– <title>Gesang b. d. Prozession am Palmsonntage f. 4 Singst</title>. Ebend. 12 Xr.</bibl>
<bibl id="hofm_1848_09_0144_09">– <title>Hymuns z Auferstehungs-Feier f. 4 Singst</title>. Ebend. 12 Xr.</bibl>
<bibl id="hofm_1848_09_0144_10">– <title>Pange lingua (in <key>Es</key>) f. 4 Singst</title>. Ebend. 12 Xr.</bibl>
<bibl id="hofm_1848_09_0144_11">– <title>Vexlita Regis. Hymuns bei der Prozession am h. Charfreitage, f. 4 Sings</title>t. Ebend. 12 Xr.</bibl>
<bibl id="hofm_1848_09_0144_12"><composer key="compo_036437">Weingärtner (J.N.)</composer> <title>Marienlied f. 2 Tenore und 3 Bässe</title>. <pubPlace key="place_0026">Augsburg</pubPlace>, <publisher key="publ_0538">Böhm</publisher> 18 Xr.</bibl>
<bibl id="hofm_1848_09_0144_13"><composer key="compo_037358">Witzka (K.B)</composer> <title>Lytanei f. kl. Chöre, f. 4 Singst., 2 Viol., Viola, Bass, 2 Flöten. (od. Fl. u. Clarin) 2 Hörner, 2 Tromp. u. Pauken. Op. <opus key="opus_2955">44, No. 1, 2</opus></title>. <pubPlace key="place_0026">Augsburg</pubPlace>, <publisher key="publ_0538">Böhm</publisher> à 3 Fl. 54 Xr.</bibl>
<bibl id="hofm_1848_09_0144_14">– <title>Stabat Mater f. 4 Singst, 2 Viol., Viola, Contrab., 2 Clarin. 2 Hörner u. Orgel, Op. <opus key="opus_3140">49</opus></title>. Ebend. 3 Fl. 12 Xr.</bibl>
<bibl id="hofm_1848_09_0144_15">– <title>Vesperae solemnes de Confessore a 4 Vocibus, 2 Viol., Viola, Basso, Organo, 2 Flautis (vel Clarin) 2 Cornib., 2 Clarinis et Tymp. No. 4. in <key>D</key>. Op. <opus key="opus_3204">50</opus></title> Ebend. 5 Fl.</bibl>
<bibl id="hofm_1848_09_0144_16">– <title>Miserere f. 4 Singst., 2 Viol, Viola, Contrab., 2 Flöten (od. Flöte u. Clarin.) 2 Hörner u. Orgel Op. <opus key="opus_3244">51</opus></title>. Ebend. 3 Fl. 12 Xr.</bibl>
<bibl id="hofm_1848_09_0144_17">– <title>Lytaniae solemnis in <key>C</key>, à 4 Vocibus, 2 Viol., Viola, Vcello, Bass, Flauto, 2 Obois, (vel Clarin.) 2 Fagottis, 2 Corn., 2 Clarinis, Tymp., Tromhone et Organo. Op. <opus key="opus_3351">54</opus></title>. Ebend. 7 Fl. 12 Xr.</bibl>
<bibl id="hofm_1848_09_0144_18">– <title>28 Vesper-Hymnen f. 4 Singst., 2 Viol., Viola, Bass, 2 Flöt. (od. Fl. u. Clarin.) u. 2 Hörner. Op. <opus key="opus_3385">55</opus></title>. Ebend. 3 Fl.</bibl>
<bibl id="hofm_1848_09_0144_19">– <title>Vesperae solemnes de Beata a 4 Vocibus, 2 Viol., Viola, Vcello, Contrab, 2 Flautis (vel Fl. et Clarin.) 2 Cornib., 2 Clarinis, Tympanis et Organo. No. 5, in <key>D</key>. Op. <opus key="opus_3490">58</opus></title>. Ebend. 5 Fl. 30 Xr.</bibl>
<bibl id="hofm_1848_09_0144_20">– <title>Lateinisches Hochaml in <key>G</key>, f. 4 Singst., 2 Viol., Vclle, Bass, Flöte, 2 Clarin, 2 Hörner, 2 Tromp., Pauken, Posaune u. Orgel. Op. <opus key="opus_3658">61</opus></title>. Ebend. 5 Fl.</bibl>
</div><div id="hofm_1848_09_0144_div18"><head><hofClass key="hofCl_0021">Gesangstücke für Concertmusik mit Begleitung mehrerer Instrumente.</hofClass></head>
<bibl id="hofm_1848_09_0144_21"><composer key="compo_021896">Magazzari (G.)</composer> <title>Album di Inni popolari p. Voci all’ unisono con Pfte e di piccolo Tamburo</title>. <pubPlace key="place_0437">Mailand</pubPlace>, <publisher key="publ_3241">Ricordi</publisher> 10 Fr. (Siehe: <xref from="hofm_1848_09_0148_20" to="DITTO" targOrder="U" type="external">Gesänge f. eine Stimme m. Begl. d. Pfte</xref>.)</bibl>
<bibl id="hofm_1848_09_0144_22"><composer key="compo_035557">Vivenot (R. v.)</composer> <title>Reiterlied v. A. v. Perger, f. 4 Männerstimmen m. willk. Begl. v. 2 Trompeten, Bass-Flügelhorn (od. Posaune) u. Euphonion (od. Bombardon) od. Pfte. Op. <opus key="opus_2509">36</opus></title>. <pubPlace key="place_0731">Wien</pubPlace>, <publisher key="publ_0735">Diabelli u. Co</publisher>. 30 Xr.</bibl>
</div><div id="hofm_1848_09_0144_div19"><head><hofClass key="hofCl_0102">Mehrstimmige Gesänge mit und ohne Pianoforte.</hofClass></head>
<bibl id="hofm_1848_09_0144_23"><composer key="compo_001540">Baroni (F.)</composer> <title>La Milanese. Inno popolare della Guerra santa p. Soprani, Tenori e Bassi con Pfte</title>. <pubPlace key="place_0437">Mailand</pubPlace>, <publisher key="publ_3241">Ricordi</publisher> 1 Fr. 50 Ct.</bibl>
<bibl id="hofm_1848_09_0144_24"><composer key="compo_001915">Bazzini (Ant.)</composer> <title>Il Vessillo Lombardo. Inno popolare p. Tenori e Bassi con Pfte</title>. <pubPlace key="place_0437">Mailand</pubPlace>, <publisher key="publ_3241">Ricordi</publisher> 2 Fr. 50 Ct.</bibl>
<pb n="145"/>
<bibl id="hofm_1848_09_0145_01"><composer key="compo_003869">Boucheron (R.)</composer> <title>Il Cantico del Milite Lombardo, p. Tenori e Bassi con Pfte</title>. <pubPlace key="place_0437">Mailand</pubPlace>, <publisher key="publ_3241">Ricordi</publisher> 1 Fr. 50 Ct.</bibl>
<bibl id="hofm_1848_09_0145_02"><composer key="compo_004664">Burchard (C.)</composer> <title>Sternenblick f. Sopran u. Tenor (od. Sopr. allein) m. Pfte</title>. <pubPlace key="place_0147">Dresden</pubPlace>, <publisher key="publ_2661">Meser</publisher> 5 Ngr.</bibl>
<bibl id="hofm_1848_09_0145_03"><composer key="compo_005904">Concone (J.)</composer> <title>Les Filles du Braconnier (Die Töchter des Wildschützen.) Duo p. 2 Voix de Femmes av. Pfte</title>. <pubPlace key="place_0438">Mainz</pubPlace>, <publisher key="publ_3563">Schott</publisher> 45 Xr.</bibl>
<wip id="hofm_1848_09_0145_04">– <title>Les Harmoniennes. Collection de Morceaux de Chant à 3 Voix de Femmes av. Pfte. No. 1, 2. (<format>Klavierausz. u. Singstimmen</format>.)</title> 8vo. <pubPlace key="place_0438">Mainz</pubPlace>, <publisher key="publ_3563">Schott</publisher> à 45 Xr. <lb/><title>No. 1, Paix du Coeur. (Friede, Wonne und Vertrauen.)</title> <lb/>– <title>2, Auhe rose en riant. (Ros’ge Damm’rung, Morgenstrahl.)</title></wip>
<bibl id="hofm_1848_09_0145_05">– <title>Juive et Chrétienne (Die Judin und die Christin.) Duo p. 2 Voix de Femmes av. Pfte</title>. Ebend. 54 Xr.</bibl>
<bibl id="hofm_1848_09_0145_06"><composer key="compo_006018">Cornali (P.)</composer> <title>Canto degli Italiani p. Soprani, Tenori e Bassi con Pfte</title>. <pubPlace key="place_0437">Mailand</pubPlace>, <publisher key="publ_3241">Ricordi</publisher> 4 Fr.</bibl>
<bibl id="hofm_1848_09_0145_07"><composer key="compo_007246">Dorn (H.)</composer> <title>5 Liedertafel Gesänge f. 4 Männerst. Op. <opus key="opus_3385">55</opus>. (Zur Eröffnung einer Liedertafel. Der Liedertafel Dauer. Die Flügel. Wasser. Rheinische Zecher.) <format>Partit. u. Stimmen</format></title>. 8vo. <pubPlace key="place_0438">Mainz</pubPlace>, <publisher key="publ_3563">Schott</publisher> 2 Fl. 24 Xr.</bibl>
<bibl id="hofm_1848_09_0145_08"><composer key="compo_010092">Frigerio (P.A.)</composer> <title>Inno popolare a Pio IX, a 4 Voci con Pfte ad lib</title>. <pubPlace key="place_0437">Mailand</pubPlace>, <publisher key="publ_3241">Ricordi</publisher> 1 Fr. 50 Ct.</bibl>
<bibl id="hofm_1848_09_0145_09"><composer key="compo_010291">Fumagalli (Ad.)</composer> <title>Il Canto della Vittoria. Inno popolare a voci sole (Tenori e Bassi.)</title> <pubPlace key="place_0437">Mailand</pubPlace>, <publisher key="publ_3241">Ricordi</publisher> 1 Fr. 50 Ct.</bibl>
<bibl id="hofm_1848_09_0145_10"><composer key="compo_010587">Gambale (L.)</composer> <title>La Preghiera del Signore musicata pei Militi Lombardi. Coro p. Sopran, Tenori, Contralti e Bassi con Organo</title>. <pubPlace key="place_0437">Mailand</pubPlace>, <publisher key="publ_3241">Ricordi</publisher> 90 Ct.</bibl>
<bibl id="hofm_1848_09_0145_11"><composer key="compo_011432">Gment (Ed.)</composer> <title>Uniformirungsplan f. d. Wiener National-Gardisten, f. 4 Männerstimmen m. Pfte</title>. <pubPlace key="place_0731">Wien</pubPlace>, <publisher key="publ_1506">Haslinger</publisher> 30 Xr.</bibl>
<wip id="hofm_1848_09_0145_12"><composer key="compo_015680">Hászlinger (Joh. v.)</composer> <title>6 Duetten f. 2 Singstimmen m. Begl. des Pfte</title>. <pubPlace key="place_0731">Wien</pubPlace>, <publisher key="publ_1506">Haslinger</publisher>. 
    <listBibl rend="curly"><bibl><seg><title>No. 1, Gleichheit</title></seg> <seg rend="curly-left" id="hofm_1848_09_0145_12_1"><title>v. Eichendorff</title>.</seg> <seg rend="curly-left" id="hofm_1848_09_0145_12_2"> 20 Xr. </seg></bibl>
        <bibl><seg>– <title>2, Nachts</title></seg> <seg sameAs="hofm_1848_09_0145_12_1"/>  <seg corresp="hofm_1848_09_0145_12_2">30 Xr.</seg></bibl> 
        <bibl><seg>– <title>3, Frühlingsnacht</title></seg> <seg sameAs="hofm_1848_09_0145_12_1"/>   <seg corresp="hofm_1848_09_0145_12_2"> 24 Xr.</seg></bibl> </listBibl>
    – <title>4, Mir ist, nun ich dich habe</title>. 20 Xr. 
    – <title>5, Wer in der Liebsten Auge blickt</title>. 24 Xr. 
    – <title>6, Schall der Nacht (altdeutsch.)</title> 30 Xr.</wip>
<bibl id="hofm_1848_09_0145_13"><composer key="compo_013697">Haydn (Jos.)</composer> <title>Ferdinand der erste constitutionelle Kaiser. Neues Volkslied v. B. Phisemar, f. 4 Männerstimmen. <format>Part</format></title>. <pubPlace key="place_0731">Wien</pubPlace>, <publisher key="publ_0735">Diabelli u. Co</publisher>. 10 Xr.</bibl>
<bibl id="hofm_1848_09_0145_14"><composer key="compo_014069">Hellmesberger (G. jun.)</composer> <title>Tirol ruft! f. Solo und Chor m. Begl. d. Pfte. Op. <opus key="opus_3934">69</opus></title>. <pubPlace key="place_0731">Wien</pubPlace>, <publisher key="publ_1269">Glöggl</publisher> 30 Xr.</bibl>
<bibl id="hofm_1848_09_0145_15"><composer key="compo_021137">Liszt (Fr.)</composer> <title>Die lustige Legion. Gedicht v. A. Buchheim, f. 4 Männerst. m. willk. Begl. d. Pfte</title>. <pubPlace key="place_0731">Wien</pubPlace>. <publisher key="publ_0735">Diabelli u. Co</publisher>. 1 Fl.</bibl>
<bibl id="hofm_1848_09_0145_16"><composer key="compo_022074">Mandanici (Pl.)</composer> <title>Ai valorosi Lombardi. Canto di Vittoria per le cinque gloriose giornate di Milano nel Marzo 1848, p. Soprani, Tenori e Bassi con Pfte</title>. <pubPlace key="place_0437">Mailand</pubPlace>, <publisher key="publ_3241">Ricordi</publisher> 5 Fr.</bibl>
<bibl id="hofm_1848_09_0145_17"><composer key="compo_022113">Manna (R.)</composer> <title>Inno a Carlo Alberto, p. Soprani, Tenori e Bassi con Pfte</title>. <pubPlace key="place_0437">Mailand</pubPlace>, <publisher key="publ_3241">Ricordi</publisher> 2 Fr. 25 Ct.</bibl>
<bibl id="hofm_1848_09_0145_18"><composer key="compo_024234">Müller (J.G.)</composer> <title>Deutsches Freiheitslied. Gedicht v. H. Matthäy, f. 4stimmigen Männerchor. <format>Part. u. Stimmen</format></title>. 8. <pubPlace key="place_0438">Mainz</pubPlace>, <publisher key="publ_3563">Schott</publisher> 45 Xr.</bibl>
<bibl id="hofm_1848_09_0145_19"><composer key="compo_025593">Pacini (G.)</composer> <title>La Ronda della Cuardia civica Veneziana. Inno. Coro dei Donne ed Uomini, con Pfte</title>. <pubPlace key="place_0437">Mailand</pubPlace>, <publisher key="publ_3241">Ricordi</publisher> 2 Fr.</bibl>
<bibl id="hofm_1848_09_0145_20"><composer key="compo_025681">Panizza (G.)</composer> <title>Preghiera di una Madre lombarda. Notturnino p. 2 Soprani (o Tenori) e Bassi sole</title>. <pubPlace key="place_0437">Mailand</pubPlace>, <publisher key="publ_3241">Ricordi</publisher> 1 Fr.</bibl>
<bibl id="hofm_1848_09_0145_21">– <title>Canto guerriero per gli Italiani, p. Soprani Soli metà dei Bassi con Pfte</title>. Ebend. 2 Fr. 50 Ct.</bibl>
<pb n="146"/>
<bibl id="hofm_1848_09_0146_01"><composer key="compo_025681">Panizza (G.)</composer> <title>Il Voto d’una Donna italiana, p. Tenori, Soprani, Contralti e Bassi con Pfte</title>. <pubPlace key="place_0437">Mailand</pubPlace>, <publisher key="publ_3241">Ricordi</publisher> 2 Fr.</bibl>
<bibl id="hofm_1848_09_0146_02"><composer key="compo_027031">Preyer (G.)</composer> <title>Nacht und Träume. Gedicht v. Fr. v. Schiller, f. eine od. zwei Singst. (od. f. Frauenchor) m. Begl. d. Physharmonika (od. Pfte.) Op. <opus key="opus_3244">51</opus></title>. <pubPlace key="place_0731">Wien</pubPlace>, <publisher key="publ_0735">Diabelli u. Co</publisher>. 30 Xr.</bibl>
<bibl id="hofm_1848_09_0146_03"><composer key="compo_027244">Pychowsky (Joh.)</composer> <title>Die Universität, v. Frankl, f. 4 Männerst. <format>Part</format></title>. 8. <pubPlace key="place_0731">Wien</pubPlace>, <publisher key="publ_4456">Witzendorf</publisher> 10 Xr.</bibl>
<bibl id="hofm_1848_09_0146_04"><composer key="compo_028783">Ronchetti (St.)</composer> <title>Il Grido della Crociata, p. 3 Voci con Pfte</title>. <pubPlace key="place_0437">Mailand</pubPlace>, <publisher key="publ_3241">Ricordi</publisher> 3 Fr.</bibl>
<bibl id="hofm_1848_09_0146_05">– <title>Inno nazionale. In Occasione delle solenni esequie pei Morti nella Rivoluzione di Milano, p. 2 Voci con Pfte</title>. Ebend. 1 Fr. 50 Ct.</bibl>
<bibl id="hofm_1848_09_0146_06"><composer key="compo_028786">Ronconi (F.)</composer> <title>Unione-Forza-Coraggio. Cantilene militare a voci unisono con Acc. di Tamburo</title>. <pubPlace key="place_0437">Mailand</pubPlace>, <publisher key="publ_3241">Ricordi</publisher> 30 Ct.</bibl>
<bibl id="hofm_1848_09_0146_07"><composer key="compo_032184">Sieber (F.)</composer> <title>Canto di Guerra, dedicato ai Prodi Lombardi, p. Coro d’Uomini senza Accomp. Op. <opus key="opus_2737">4</opus></title>. <pubPlace key="place_0437">Mailand</pubPlace>, <publisher key="publ_3241">Ricordi</publisher> 1 Fr. 20 Ct.</bibl>
<bibl id="hofm_1848_09_0146_08"><composer key="compo_032421">Skraup (Fr.)</composer> <title>Ctyry Básn’e od. V. Hanky slozil pro 4 muzske hlasy. Op. <opus key="opus_1584">22</opus>. (<format>Part. u. Stimmen</format>.)</title> 8vo. <pubPlace key="place_0554">Prag</pubPlace>, <publisher key="publ_1729">Hoffmann</publisher> 45 Xr.</bibl>
<bibl id="hofm_1848_09_0146_09"><composer key="compo_032557">Soliva (Ch.)</composer> <title>Dieu le vent ! Hommage à People italien, p. Soprano-(o Tenore-) Solo con Coro e Pfte</title>. <pubPlace key="place_0437">Mailand</pubPlace>, <publisher key="publ_3241">Ricordi</publisher> 2 Fr.</bibl>
<bibl id="hofm_1848_09_0146_10"><composer key="compo_034660">Toja (G.)</composer> <title>Omaggio delle Guardie nazionali Lombarde all’ Immortale Pio IX, rigeneratore dell’ Italia, p. 3 Voci con Pfte</title>. <pubPlace key="place_0437">Mailand</pubPlace>, <publisher key="publ_3241">Ricordi</publisher> 2 Fr. 40 Ct.</bibl>
<bibl id="hofm_1848_09_0146_11"><composer key="compo_037284">Wiss (H.B.)</composer> <title>Fest-Marsch f. d. deutsche Volkswehr, f. 4stimmigen Männerch. Op. <opus key="opus_3071">47</opus>. <format>Part. u. Stimmen</format></title>. 8vo. <pubPlace key="place_0438">Mainz</pubPlace>, <publisher key="publ_3563">Schott</publisher> 45 Xr.</bibl>
<bibl id="hofm_1848_09_0146_12"><composer key="compo_038045">Zerbi (Giov.)</composer> <title>Il Cantico di Battaglia dei Milanesi nelle 5 giornate di Marzo 1848, p. Coro d’Uomini con Pfte</title>. <pubPlace key="place_0437">Mailand</pubPlace>, <publisher key="publ_3241">Ricordi</publisher> 1 Fr. 75 Ct.</bibl>
<bibl id="hofm_1848_09_0146_13"><composer key="compo_038124">Zifra (Ant.)</composer> <title>La Partenze de Veneti Croziati. Inno popolare per Soprani (o Tenori) e Bassi con Pfte</title>. <pubPlace key="place_0437">Mailand</pubPlace>, <publisher key="publ_3241">Ricordi</publisher> 3 Xr.</bibl>
</div><div id="hofm_1848_09_0146_div20"><head><hofClass key="hofCl_0268">Opernmusik mit Pianofortebegleitung.</hofClass></head>
<bibl id="hofm_1848_09_0146_14"><composer key="compo_001079">Auber (D.F.E.)</composer> <title>Haydée, ou le Secret. Opéra comique. No. 7 (bis.) Barcarolle (Ténor, arr. en A.) Ah, que Venise est belle. (Ach, herrlich ist die Nacht.)</title> <pubPlace key="place_0438">Mainz</pubPlace>, <publisher key="publ_3563">Schott</publisher> 18 Xr.</bibl>
<wip id="hofm_1848_09_0146_15"><composer key="compo_003674">Boniforti (C.)</composer> <title>Giovanna di Fiandra. Melodramma</title>. <pubPlace key="place_0437">Mailand</pubPlace>, <publisher key="publ_3241">Ricordi</publisher>. <lb/><title>No. 3, Sc. e Cavatina. (Sopr.) Era innocente</title>. 5 Fr. <lb/>– <title>14, Sc. e Duetto. (Sopr. e Bar.) Per queste amare</title>. 3 Fr. <lb/>– <title>15, Sc. e Terzetto. (Sopr., Ten. e Bar.) Folle! Ah si lo fui</title>. 3 Fr. 90 Ct. <lb/>– <title>17, Sc. ed Aria. (Sopr.) Oh tu che atterri</title>. 6 Fr.</wip>
<bibl id="hofm_1848_09_0146_16"><composer key="compo_005169">Cagnoni (Ant.)</composer> <title>Don Bucefalo. Dramma giocoso. <format>Riduzione p. Canto con Acc. di Pfte</format></title>. <pubPlace key="place_0437">Mailand</pubPlace>, <publisher key="publ_3241">Ricordi</publisher> geh. 36 Fr.</bibl>
<wip id="hofm_1848_09_0146_17">– <title>Il Testamento di Figare. Melodramma comico</title>. Ebend. <lb/><title>No. 4, Sc. e Cavatina. (Sopr.) Dopo mille</title>. 3 Fr. <lb/>– <title>5, Aria. (Basso.) Quando penso al mio</title>. 2 Fr. <lb/>– <title>8, Duetto. (Sopr. e Bar.) Il mio Figaro</title>. 3 Fr. <lb/>– <title>9, Rec. e Romanza. (Contralto.) Oh amor</title>. 1 Fr. 50 Ct. <lb/>– <title>14, Duetto. (Ten e Basse.) Per conservar</title>. 4 Fr.</wip>
<pb n="147"/>
<wip id="hofm_1848_09_0147_01"><composer key="compo_025594">Pacini (Giov.)</composer> <title>Merope. Tragedia lirica</title>. <pubPlace key="place_0437">Mailand</pubPlace>, <publisher key="publ_3241">Ricordi</publisher>. <lb/><title>Sc. e Cavatina. (Basso.) O voi dell’ Erebo</title>. 3 Fr. <lb/><title>Sc. e Terzetto. (Sopr., Ten. e Basso.) Numi eterni</title>. 5 Fr. <lb/><title>Sc. e Duetto. (Sopr. e Ten.) Dagli anni miei</title>. 5 Fr. <lb/><title>Sc. ed Aria. (Basso.) Usurpato il regio</title>, 4 Fr. 50 Ct. <lb/><title>Sc. e Duetto. (Sopr. e Basso.) In quella notte</title>. 5 Fr.</wip>
<wip id="hofm_1848_09_0147_02"><composer key="compo_033881">Suppé (F. v.)</composer> <title>Das Mädchen vom Lande. Oper in 3 Akten. Text v. Elmar</title>. <pubPlace key="place_0731">Wien</pubPlace>, <publisher key="publ_1506">Haslinger</publisher>. <lb/><title>No. 1, Romanze. (Ten.) Gefangen sass ein Rittersmann</title>. 30 Xr. <lb/>– <title>2, Duett. (Ten. u. Bass.) Ach, Erbarmen</title>. 1 Fl. 15 Xr. <lb/>– <title>3, Terzett. (Sopr., Ten. u. Bass.) Ei das macht sich pikant</title>. 1 Fl. 15 Xr. <lb/>– <title>4, Gebet-Arie. (Sopr.) O, Madonna</title>. 45 Xr. <lb/>– <title>5, Terzettino u. Duett. (Sopr., Ten., u. Bass.) Ei, darf ich fragen</title>. 1 Fl. 15 Xr. <lb/>– <title>6, Duettino u. Terzett. (3 Bässe.) Denken, immer denken</title>. 2 Fl. <lb/>– <title>7, Intr. u. Arie. (Sopr.) Nengierde sticht</title>. 1 Fl. <lb/>– <title>8, Aria-Finale. (Sopr.) Auf weitem Meer</title>. 45 Xr.</wip>
<bibl id="hofm_1848_09_0147_03"><composer key="compo_035403">Verdi (Gius.)</composer> <title>Gerusalemme. Opera in 4 Atti. <format>Riduzione p. Canto con Pfte</format></title>. <pubPlace key="place_0437">Mailand</pubPlace>, <publisher key="publ_3241">Ricordi</publisher> geh. 38 Fr.</bibl>
<bibl id="hofm_1848_09_0147_04">– <title>Der Lombarden erster Kreuzzug. Lyrisches Drama. <format>Klavier-Auszug</format> m. deutschem u. italienischem Texte</title>. Ebend. geh. 36 Fr.</bibl>
</div><div id="hofm_1848_09_0147_div21"><head><hofClass key="hofCl_0040">Gesänge für eine Stimme mit Begleitung des Pianoforte.</hofClass></head>
<bibl id="hofm_1848_09_0147_05"><composer key="compo_000290">Alberti (Eugenia d’)</composer> <title>Canzone nationale ai Prodi Lombardi</title>. <pubPlace key="place_0437">Mailand</pubPlace>, <publisher key="publ_3241">Ricordi</publisher> 1 Fr.</bibl>
<bibl id="hofm_1848_09_0147_06"><composer key="compo_003674">Boniforti (C.)</composer> <title>Milano liberata. Cantico</title>. <pubPlace key="place_0437">Mailand</pubPlace>, <publisher key="publ_3241">Ricordi</publisher> 1 Fr.</bibl>
<bibl id="hofm_1848_09_0147_07"><composer key="compo_004664">Burchard (C.)</composer> <title>Sternenblick, v. Emilie Eyler, f. Sopran (oder Sopran u. Tenor.)</title> <pubPlace key="place_0147">Dresden</pubPlace>, <publisher key="publ_2661">Meser</publisher> 5 Ngr.</bibl>
<bibl id="hofm_1848_09_0147_08"><title>Canto popolare dei Milanesi</title>, dedicato agli Eroi delle 5 giornate. <pubPlace key="place_0437">Mailand</pubPlace>, <publisher key="publ_3241">Ricordi</publisher> 1 Fr. 75 Ct.</bibl>
<bibl id="hofm_1848_09_0147_09"><title>Collection des Romances françaises et italiennes. No. 1–6</title>. <pubPlace key="place_0731">Wien</pubPlace>, <publisher key="publ_1506">Haslinger</publisher> à 30 Xr. (Siehe: <xref type="external" from="hofm_1848_09_0147_10" to="DITTO" targOrder="U">Ernst</xref> u. <xref type="external" from="hofm_1848_09_0148_01" to="DITTO" targOrder="U">Goldberg</xref>.)</bibl>
<bibl id="hofm_1848_09_0147_10"><composer key="compo_008564">Ernst (H.W.)</composer> <title>Si tu ne viens</title>. (Collection de Romances No. 1.) <pubPlace key="place_0731">Wien</pubPlace>, <publisher key="publ_1506">Haslinger</publisher> 30 Xr.</bibl>
<bibl id="hofm_1848_09_0147_11"><composer key="compo_009364">Fischer (C.L.)</composer> <title>Die Liebesboten. Lied f. Tenor. Op. <opus key="opus_3175">4(A.)</opus></title> <pubPlace key="place_0438">Mainz</pubPlace>, <publisher key="publ_3563">Schott</publisher> 36 Xr.</bibl>
<bibl id="hofm_1848_09_0147_12">– <title>Neue Liebe. Gedicht v. H. Heine. Op. <opus key="opus_3176">4(B.)</opus></title> Ebend. 18 Xr.</bibl>
<bibl id="hofm_1848_09_0147_13"><composer key="compo_009651">Foroni</composer>, <title>L’Italiana. Grido di Guerra</title>. <pubPlace key="place_0437">Mailand</pubPlace>, <publisher key="publ_3241">Ricordi</publisher> 2 Fr.</bibl>
<bibl id="hofm_1848_09_0147_14"><composer key="compo_010092">Frigerio (P.A.)</composer> <title>Chi ami? Canzone popolare</title>. <pubPlace key="place_0437">Mailand</pubPlace>, <publisher key="publ_3241">Ricordi</publisher> 1 Fr. 20 Ct.</bibl>
<bibl id="hofm_1848_09_0147_15"><title>Fuchslied f. eine od. mehrere Singst. (Was kommt dort von der Höh’.)</title> Philomele No. 497. <pubPlace key="place_0731">Wien</pubPlace>, <publisher key="publ_0735">Diabelli u. Co</publisher>. 20 Xr.</bibl>
<bibl id="hofm_1848_09_0147_16"><composer key="compo_010556">Galli (A.)</composer> <title>Gli Italiani redenti. Inno popolare</title>. <pubPlace key="place_0437">Mailand</pubPlace>, <publisher key="publ_3241">Ricordi</publisher> 1 Fr. 50 Ct.</bibl>
<bibl id="hofm_1848_09_0147_17"><composer key="compo_010828">Geiger (Constanze)</composer> <title>Schlummerlied. Gedicht von Grillparzer. Op. <opus key="opus_4300">8</opus></title>. <pubPlace key="place_0731">Wien</pubPlace>, <publisher key="publ_1506">Haslinger</publisher> 20 Xr.</bibl>
<bibl id="hofm_1848_09_0147_18"><composer key="compo_011058">Gernerth (F.)</composer> <title>Erinnerung an den 14. März 1848. Die Universisität. Gedicht v. L.A. Frankl. Lied. Op. <opus key="opus_3565">6</opus></title>. <pubPlace key="place_0731">Wien</pubPlace>, <publisher key="publ_4456">Witzendorf</publisher> 30 Xr.</bibl>
<pb n="148"/>
<listBibl><bibl id="hofm_1848_09_0148_01"><composer key="compo_011562">Goldberg (G.)</composer> <title>Il Brindisi. (Canzone.)</title> <pubPlace key="place_0731">Wien</pubPlace>, <publisher key="publ_1506">Haslinger</publisher> 30 Xr.</bibl>
<bibl id="hofm_1848_09_0148_02">– <title>Il Lamento. (Barcarola.)</title> Ebend. 30 Xr.</bibl>
<bibl id="hofm_1848_09_0148_03">– <title>La Baccante. (Canzonetta.)</title> Ebend. 30 Xr.</bibl>
<bibl id="hofm_1848_09_0148_04">– <title>La Perla d’amore. (Romanza.)</title> Ebend. 30 Xr.</bibl>
<bibl id="hofm_1848_09_0148_05">– <title>Il Gondoliere fortunato. (Barcarola.)</title> Ebend. 30 Xr. <lb/>(Collection des Romances No. 2–6.)</bibl>
</listBibl><bibl id="hofm_1848_09_0148_06"><composer key="compo_013156">Hamm (J.V.)</composer> <title>Deutsche Volkshymne auf Erzherzog Johann v. Oesterreich als deutschen Reichsverweser. Gedicht von C.J. Steib</title>. <pubPlace key="place_0438">Mainz</pubPlace>, <publisher key="publ_3563">Schott</publisher> 27 Xr.</bibl>
<bibl id="hofm_1848_09_0148_07"><composer key="compo_013474">Haslinger (C.)</composer> <title>Abendgruss. Gedicht v. M. Herczégy, f. Tenor (od. Sopran.) Op. <opus key="opus_3029">46</opus></title>. <pubPlace key="place_0731">Wien</pubPlace>, <publisher key="publ_1506">Haslinger</publisher> 45 Xr.</bibl>
<bibl id="hofm_1848_09_0148_08"><composer key="compo_015680">Hászlinger (Joh. v)</composer> <title>6 Lieder. Op. <opus key="opus_3181">5</opus>. 3tes Liederheft. (Frühlingsgruss. Gestillte Sehnsucht. Du meine Seele. An den Sturmwind. Du bist wie eine Blume. Gretchen am Spinnrade.)</title> <pubPlace key="place_0731">Wien</pubPlace>, <publisher key="publ_1506">Haslinger</publisher> 1 Fl. 30 Xr.</bibl>
<bibl id="hofm_1848_09_0148_09"><composer key="compo_014069">Hellmesberger (G. jun.)</composer> <title>Der Wiener Student. Gedicht von C. Cerri, f. Tenor. Op. <opus key="opus_4045">72</opus></title>. <pubPlace key="place_0731">Wien</pubPlace>, <publisher key="publ_0735">Diabelli u. Co</publisher>. 20 Xr.</bibl>
<bibl id="hofm_1848_09_0148_10">– Idem f. Bariton. Ebend. 20 Xr.</bibl>
<listBibl><bibl id="hofm_1848_09_0148_11"><composer key="compo_014217">Henrion (P.)</composer> <title>Si loin. Mélodie</title>. <pubPlace key="place_0438">Mainz</pubPlace>, <publisher key="publ_3563">Schott</publisher> 18 Xr.</bibl>
<bibl id="hofm_1848_09_0148_12">– <title>Ah! que j’sis content. Chansonette</title>. Ebend. 18 Xr.</bibl>
<bibl id="hofm_1848_09_0148_13">– <title>Le vieux Ruban. Souvenirs</title>. Ebend. 18 Xr.</bibl>
<bibl id="hofm_1848_09_0148_14">– <title>Yo Viva. Cantatille</title>. Ebend. 18 Xr. <lb/>(Lyre française No. 310–12, 316.)</bibl>
</listBibl><bibl id="hofm_1848_09_0148_15"><composer key="compo_015820">Hölzel (Gust.)</composer> <title>Das Lied von der Lanze. Liebesfrage. 2 Lieder f. Bariton. Op. <opus key="opus_2066">29</opus></title>. <pubPlace key="place_0731">Wien</pubPlace>, <publisher key="publ_1506">Haslinger</publisher> 45 Xr.</bibl>
<bibl id="hofm_1848_09_0148_16">– <title>Wanderlied. Wasserrose. 2 Lieder für Bariton. Op. <opus key="opus_2131">30</opus></title>. Ebend. 45 Xr.</bibl>
<bibl id="hofm_1848_09_0148_17"><composer key="compo_021137">Liszt (Fr.)</composer> <title>3 Gedichte v. Göthe. (Wer nie sein Brod mit Thränenass. Ueber allen Gipfeln. ist Ruh. Freudvoll u. leidvoll.)</title> <pubPlace key="place_0731">Wien</pubPlace>, <publisher key="publ_1506">Haslinger</publisher> 1 Fl. 15 Xr.</bibl>
<bibl id="hofm_1848_09_0148_18">– <title>Lieder aus Schillers Withelm Tell. (Der Fischerknabe. Der Hirt. Der Alpenjäger.)</title> Ebend. 2 Fl. 30 Xr.</bibl>
<bibl id="hofm_1848_09_0148_19"><composer key="compo_021402">Lucantoni (G.)</composer> <title>Il Canto di Guerra degli Italiani</title>. <pubPlace key="place_0437">Mailand</pubPlace>, <publisher key="publ_3241">Ricordi</publisher> 1 Fr.</bibl>
<bibl id="hofm_1848_09_0148_20"><composer key="compo_021896">Magazzari (G.)</composer> <title>Album di Inni popolari con Acc. di piccolo Tamburo ad lib. (Inno Subalpino. Inno Siciliano. Inno guerriero Italiano. L’Amnistia data dal sommo Pio IX. Il Canto degli Amnistiati. Inno della Guardia nazionale di Roma.)</title> <pubPlace key="place_0437">Mailand</pubPlace>, <publisher key="publ_3241">Ricordi</publisher> geh. 10 Fr.</bibl>
<bibl id="hofm_1848_09_0148_21"><composer key="compo_022421">Masini (F.)</composer> <title>Le Frisson de la Fleur. Mélodie</title>. (Lyre française No. 290.) <pubPlace key="place_0438">Mainz</pubPlace>, <publisher key="publ_3563">Schott</publisher> 18 Xr.</bibl>
<bibl id="hofm_1848_09_0148_22"><composer key="compo_023775">Mori (Fr.)</composer> <title>Barcarola. (Ah, se tu fossi meco.)</title> <pubPlace key="place_0437">Mailand</pubPlace>, <publisher key="publ_3241">Ricordi</publisher> 1 Fr. 20 Ct.</bibl>
<wip id="hofm_1848_09_0148_23"><title><composer key="compo_023834">Moser</composer>’s Wiener Local-Gesänge. No. 47–52</title>. <pubPlace key="place_0731">Wien</pubPlace>, <publisher key="publ_1506">Haslinger</publisher> à 30 Xr. <lb/><title>No. 47, Hopp (Jul.) Carricaturen-Lied</title>. <lb/>– <title>48, – Die Landleut’ von Eh’mals und die Landleut’ von Jetzt</title>. <lb/>– <title>49, König (Ed.) Wiener Dosenstücke</title>. <lb/>– <title>50, Gment (Ed.) Ein’ müetterliche Lehr’</title>. <lb/>– <title>51, – Uniformirungsplan f. d. Wiener National-Gardisten (f. 4 Männerstimmen.)</title> <lb/>– <title>52, – ’S Handbussen (f. 2 Singstimmen.)</title></wip>
<bibl id="hofm_1848_09_0148_24"><composer key="compo_025701">Pantaleoni (L.)</composer> <title>Agli Italiane. Canto popolare di Guerra, adattato alla Musica della Marsigliese</title>. <pubPlace key="place_0437">Mailand</pubPlace>, <publisher key="publ_3241">Ricordi</publisher> 1 Fr.</bibl>
</div></body></text></TEI.2>