<?xml version="1.0" encoding="utf-8"?>
<!DOCTYPE TEI.2
  SYSTEM "../../dtd/tei/cch_tei.dtd">
<TEI.2 id="hofm_1850_04">
<teiHeader type="text"><fileDesc><titleStmt><title>April 1850</title></titleStmt><publicationStmt><p/></publicationStmt><sourceDesc><p/></sourceDesc></fileDesc><profileDesc><langUsage><language id="ger">German</language><language id="fre">French</language><language id="ita">Italian</language></langUsage></profileDesc><revisionDesc><change><date>2007-09-20</date><respStmt><name>EP</name></respStmt><item>missing @id added</item></change><change><date>2007-04-27</date><respStmt><name>RV</name></respStmt><item>Changed "biblGroup" elements in "listBibl"</item></change><change><date>2007-03-02</date><respStmt><name>EP</name></respStmt><item>Checked curly brackets</item></change><change><date>2007-02-26</date><respStmt><name>EP</name></respStmt><item>Encoded curly brackets</item></change><change><date>2006-12-19</date><respStmt><name>EP</name></respStmt><item>sic and unclear moved outside elements pubplaces, publisher, composer, hofclass, key, opus</item></change><change><date>2006-03-21</date><respStmt><name>Liz</name></respStmt><item>XRefs done</item></change><change><date>2006-02-22</date><respStmt><name>Liz</name></respStmt><item>p. 68 tagging in 'Textbücher' category adjusted</item></change><change><date>2006-01-16</date><respStmt><name>Liz</name></respStmt><item>p. 58, 62 Heilmann (not Hellmann)</item></change><change><date>2005-09-13</date><respStmt><name>Phillip</name></respStmt><item>amendments following checking</item></change><change><date>2005-01-20</date><respStmt><name>Phillip</name></respStmt><item>first coding</item></change></revisionDesc></teiHeader>

<text><body><pb n="54"/><head>April 1850.</head><div id="hofm_1850_04_0054_div01"><head><hofClass key="hofCl_0164">Musik für das Orchester.</hofClass></head>      


<bibl id="hofm_1850_04_0054_01"><composer key="compo_002405">Berens (C.)</composer> <title>Sammlung von Tänzen f. Orchester. No. 1, 2</title>. <pubPlace key="place_0276">Hamburg</pubPlace>, <publisher key="publ_2870">Niemeyer</publisher> à 22½ Ngr. <lb/><title>No. 1, Lager-Polka. <lb/>– 2, Elbpavillon-Polka</title>.</bibl>
<bibl id="hofm_1850_04_0054_02"><composer key="compo_005246">Canthal (A.M.)</composer> <title>Brauttänze. Walzer f. Orchester. Op. <opus key="opus_3658">61</opus></title>. <pubPlace key="place_0276">Hamburg</pubPlace>, <publisher key="publ_2870">Niemeyer</publisher> 1 Thlr. 15 Ngr.</bibl>
<bibl id="hofm_1850_04_0054_03">† <composer key="compo_012525">Gung’l (Jos.)</composer> <title>Wanderlieder. Walzer f. Orchester. Op. <opus key="opus_4354">81</opus></title>. <pubPlace key="place_0044">Berlin</pubPlace>, <publisher key="publ_0393">Bote u. Bock</publisher> 2 Thlr.</bibl>
<bibl id="hofm_1850_04_0054_04"><composer key="compo_013329">Haring (J.)</composer> <title>Vergissmeinnicht-Polka f. Orchester</title>. <pubPlace key="place_0276">Hamburg</pubPlace>, <publisher key="publ_2870">Niemeyer</publisher> 22½ Ngr.</bibl>
<bibl id="hofm_1850_04_0054_05"><title>Lieblingstänze (Hamburger) f. Orchester. No. 1–6, von <composer key="compo_002404">Berens</composer>, <composer key="compo_036035">Wallerstein</composer>, <composer key="compo_013328">Haring</composer>, <composer key="compo_005244">Canthal</composer></title>. <pubPlace key="place_0276">Hamburg</pubPlace>, <publisher key="publ_0540">Böhme</publisher> à 15 Ngr. bis 1 Thlr. 15 Ngr.</bibl>
<bibl id="hofm_1850_04_0054_06">† <composer key="compo_024809">Nicolai (Otto)</composer> <title>Ouverture zur komische-phantastischen Oper: Die lustigen Weiber von Windsor, f. Orchester</title>. <pubPlace key="place_0044">Berlin</pubPlace>, <publisher key="publ_0393">Bote u. Bock</publisher> 3 Thlr.</bibl>
</div><div id="hofm_1850_04_0054_div02"><head><hofClass key="hofCl_0245">Musik für die Violine.</hofClass></head>
<bibl id="hofm_1850_04_0054_07"><composer key="compo_009095">Ferling (W.)</composer> <title>Die Tonleitern in Duettinen mit besonderer Rücksicht auf Takt-Arten u. Rhythmen f. 2 Violinen</title>. <pubPlace key="place_0078">Braunschweig</pubPlace>, <publisher key="publ_3822">Spehr</publisher> 1 Thlr. 5 Ngr.</bibl>
</div><div id="hofm_1850_04_0054_div03"><head><hofClass key="hofCl_0184">Musik für das Violoncell.</hofClass></head>
<bibl id="hofm_1850_04_0054_08"><composer key="compo_001713">Battanchon (F.)</composer> <title>24 Etudes p. Violoncelle, adoptées pour l’Enseignement dans les Classes du Conservatoire de Musique à Paris. Op. <opus key="opus_2737">4</opus>. Liv. 4, 6 grandes Etudes</title>. <pubPlace key="place_0392">Leipzig</pubPlace>, <publisher key="publ_1746">Hofmeister</publisher> 15 Ngr.</bibl>
<bibl id="hofm_1850_04_0054_09">† <composer key="compo_019130">Kummer (F.A.)</composer> <title>Pièce de Salon. Motifs de l’Opéra : Dom Sébastian, p. Violoncelle av. Acc. de Quatuor. Op. <opus key="opus_4639">93</opus></title>. <pubPlace key="place_0044">Berlin</pubPlace>, <publisher key="publ_0677">Damköhler</publisher> 25 Ngr.</bibl>
</div><div id="hofm_1850_04_0054_div04"><head><hofClass key="hofCl_0200">Musik für die Flöte.</hofClass></head>
<bibl id="hofm_1850_04_0054_10"><composer key="compo_035948">Walckiers (E.)</composer> <title>Quatre Fantaisies sur l’Opéra : Le Prophète, de Meyerbeer, p. Flûte. Op. <opus key="opus_4502">87</opus></title>. <pubPlace key="place_0392">Leipzig</pubPlace>, <publisher key="publ_0437">Br. et Härtel</publisher> 20 Ngr.</bibl>
<bibl id="hofm_1850_04_0054_11"><composer key="compo_038214">Zizold (A.H.)</composer> <title>Die Flöte. 80 Uebungsstücke f. den ersten Unterricht. Heft 3</title>. <pubPlace key="place_0078">Braunschweig</pubPlace>, <publisher key="publ_3822">Spehr</publisher> 15 Ngr.</bibl>
</div><div id="hofm_1850_04_0054_div05"><head><hofClass key="hofCl_0247">Musik für die Zither.</hofClass></head>
<bibl id="hofm_1850_04_0054_12">† <composer key="compo_023699">Montlevrin (L.)</composer> <title>Anleitung zur schnellen und gründlichen Erlernung des Zither-Spieles und aller bestehend. Begleit-Arten der Lieder und Ländler. Anwendbar f. Instr. in d. Quinten-Stimmung mit 3 od. 4 Griff-, u. 15 bis 18 Bass-Saiten</title>. <pubPlace key="place_0731">Wien</pubPlace>, <publisher key="publ_4456">Witzendorf</publisher> 1 Fl.</bibl>
<pb n="55"/>
<bibl id="hofm_1850_04_0055_01">† <composer key="compo_023731">Moralt (W.)</composer> <title>Der Zitherschläger. Melodienbuch f. Schlagzither. Heft 15, Mehul, die beiden Füchse. Meyerbeer, der Prophet</title>. <pubPlace key="place_0475">München</pubPlace>, <publisher key="publ_0028">Aibl</publisher> 18 Xr. *n.</bibl>
</div><div id="hofm_1850_04_0055_div06"><head><hofClass key="hofCl_0167">Musik für das Pianoforte mit Begleitung.</hofClass></head>
<bibl id="hofm_1850_04_0055_02">† <composer key="compo_003614">Boissaux (J.)</composer> <title>Fantaisie sur un Air bavarois p. Violoncelle av. Acc. de Pfte</title>. <pubPlace key="place_0438">Mainz</pubPlace>, <publisher key="publ_3563">Schott</publisher> 1 Fl. 48 Xr.</bibl>
<bibl id="hofm_1850_04_0055_03"><composer key="compo_009626">Forde (W.)</composer> <title>L’Anima dell’ Opera. Cavatines et autres Pièces favorites et modernes p. Pfte. et Flûte. No. 61, 62</title>. <pubPlace key="place_0069">Bonn</pubPlace>, <publisher key="publ_3791">Simrock</publisher> à 1 Fr. 50 Ct. <lb/><title>No. 61, Beethoven, Scena ed Aria: Ah perfido. <lb/>– 62, Weber, Euryanthe. (Unter blüh’nden Mandelbäumen. Fröhliche Klänge.)</title></bibl>
<bibl id="hofm_1850_04_0055_04">† <composer key="compo_010300">Fumagalli (P.)</composer> <title>Fantasia originale p. Flauto con Acc. di Pfte. Op. <opus key="opus_3967">7</opus></title>. <pubPlace key="place_0437">Mailand</pubPlace>, <publisher key="publ_3241">Ricordi</publisher> 5 Fr.</bibl>
<bibl id="hofm_1850_04_0055_05">† <composer key="compo_010419">Fürstenau (A.B.)</composer> <title>La Feuille de Trèfle. 3 Rondinos sur des Motifs de l’Opéra : Le Prophète, de Meyerbeer, pour Flûte av. Acc. de Pfte. Op. <opus key="opus_0757">145. No. 1–3</opus></title>. <pubPlace key="place_0392">Leipzig</pubPlace>, <publisher key="publ_0437">Br. et Härtel</publisher> à 20 Ngr.</bibl>
<bibl id="hofm_1850_04_0055_06">† <composer key="compo_011158">Geyer (Flod.)</composer> <title>Trio f. Violine, Violoncello u. Pfte. Op. <opus key="opus_0806">15</opus>, in <key>Es</key></title>. <pubPlace key="place_0044">Berlin</pubPlace>, <publisher key="publ_0393">Bote u. Bock</publisher> 2 Thlr. 10 Ngr.</bibl>
<bibl id="hofm_1850_04_0055_07">† <composer key="compo_013645">Hauser (Mich.)</composer> <title>Tarantelle. Caprice p. Violon av. Acc. de Pfte. Op. <opus key="opus_1271">19</opus></title>. <pubPlace key="place_0392">Leipzig</pubPlace>, <publisher key="publ_1746">Hofmeister</publisher> 20 Ngr.</bibl>
<bibl id="hofm_1850_04_0055_08">† <composer key="compo_019130">Kummer (F.A.)</composer> <title>Deux Divertissements sur des Motifs de l’Opéra : Le Prophète, de Meyerbeer, p. Violoncelle et Pfte. Op. <opus key="opus_4658">94. No. 1, 2</opus></title>. <pubPlace key="place_0392">Leipzig</pubPlace>, <publisher key="publ_0437">Br. et Härtel</publisher> à 20 Ngr.</bibl>
<bibl id="hofm_1850_04_0055_09">† <composer key="compo_020305">Lee (S.)</composer> <title>Promenade en Gondole. Barcarolle p. Vclle et Pfte. Op. <opus key="opus_3282">52</opus></title>. <pubPlace key="place_0392">Leipzig</pubPlace>, <publisher key="publ_1746">Hofmeister</publisher> 17½ Ngr.</bibl>
<bibl id="hofm_1850_04_0055_10"><composer key="compo_020833">Liebau (F.)</composer> <title>3 Skizzen aus dem Leben, f. Pfte u. Vclle. Op. <opus key="opus_0684">14</opus></title>. <pubPlace key="place_0436">Magdeburg</pubPlace>, <publisher key="publ_1560">Heinrichshofen</publisher> 25 Ngr.</bibl>
<bibl id="hofm_1850_04_0055_11">† <composer key="compo_023999">Muzio (E.)</composer> <title>Mazurka di Concerto p. Corno (a mano) con Acc. di Pfte</title>. <pubPlace key="place_0437">Mailand</pubPlace>, <publisher key="publ_3241">Ricordi</publisher> 3 Fr. 50 Ct.</bibl>
<bibl id="hofm_1850_04_0055_12"><composer key="compo_031357">Schumann (Rob.)</composer> <title>2tes Trio f. Pfte, Violine u. Vcell. Op. <opus key="opus_4326">80</opus>, in <key>F</key></title>. <pubPlace key="place_0276">Hamburg</pubPlace>, <publisher key="publ_3605">Schuberth u. Co</publisher>. 3 Thlr. 15 Ngr.</bibl>
<bibl id="hofm_1850_04_0055_13"><composer key="compo_033318">Steveniers (J.)</composer> <title>Trois Morceaux de Salon. arr. d’après les Romances sans Paroles (Lieder ohne Worte) de F. Mendelssohn-Bartholdy, p. Violon et Pfte. No. 1–3</title>. <pubPlace key="place_0069">Bonn</pubPlace>, <publisher key="publ_3791">Simrock</publisher> à 1 Fr. 75 Ct.</bibl>

</div><div id="hofm_1850_04_0055_div07"><head><hofClass key="hofCl_0115">Musik für zwei Pianoforte und Pianoforte zu sechs Händen.</hofClass></head><bibl id="hofm_1850_04_0055_14"><composer key="compo_006306">Czerny (Ch.)</composer> <title>Les trois Soeurs. Rondinos p. Pfte. à 6 Mains. No. 16, Beethoven’s Hallelujah, aus Christus am Oelberg</title>. <pubPlace key="place_0069">Bonn</pubPlace>, <publisher key="publ_3791">Simrock</publisher> 2 Fr.</bibl>
<bibl id="hofm_1850_04_0055_15">† <composer key="compo_026128">Pescio (Ad.)</composer> <title>Reminiscenze delle Fantasie di Liszt et Thalberg, sulla Lucrezia Borgia, transcritte p. 2 Pfte</title>. <pubPlace key="place_0437">Mailand</pubPlace>, <publisher key="publ_3241">Ricordi</publisher> 6 Fr.</bibl>
</div><div id="hofm_1850_04_0055_div08"><head><hofClass key="hofCl_0171">Musik für das Pianoforte zu vier Händen.</hofClass></head>
<bibl id="hofm_1850_04_0055_16"><listBibl rend="curly"><bibl><seg><title>Alpenhornmarsch</title></seg><seg id="hofm_1850_04_0055_16_1" rend="curly-left">Siehe: <xref type="external" from="hofm_1850_04_0056_13" to="DITTO" targOrder="U">Sammlung bel. Tänze</xref>. </seg></bibl><bibl><seg><composer key="compo_002199">Bellini</composer>, <title>Marsch aus Norma</title></seg><seg sameAs="hofm_1850_04_0055_16_1"/></bibl></listBibl></bibl>

<bibl id="hofm_1850_04_0055_17"><composer key="compo_002405">Berens (C.)</composer> <title>Hamburger Elb-Pavillon-Polka</title>. <pubPlace key="place_0276">Hamburg</pubPlace>, <publisher key="publ_2870">Niemeyer</publisher> 7½ Ngr.</bibl>
<pb n="56"/>
<bibl id="hofm_1850_04_0056_01"><composer key="compo_004435">Brunner (C.T.)</composer> <title>6 Rondeaux et Variations sur des Airs nationaux écossais. Op. <opus key="opus_3322">53. No. 3</opus>, Du bist von mir gegangen (Thou art gane awa frae me)</title>. <pubPlace key="place_0069">Bonn</pubPlace>, <publisher key="publ_3791">Simrock</publisher> 3 Fr.</bibl>
<bibl id="hofm_1850_04_0056_02">– <title>Heures de Loisir. 6 Fantaisies et Variations sur des Airs favoris. Op. <opus key="opus_0864">153, No. 1–6</opus></title>. Ebend. à 1 Fr. 75 Ct. <lb/><title>No. 1, Air irlandais: Letzte Rose. <lb/>– 2, Gumbert, Die Aeuglein. <lb/>– 3, Abt, Agathe. <lb/>– 4, Proch, Ob sie meiner wohl gedenkt. <lb/>– 5, Schubert, Ständchen von Shakespeare. <lb/>– 6, Mendelssohn, Volkslied: Es ist bestimmt.</title></bibl>
<bibl id="hofm_1850_04_0056_03">† <composer key="compo_004712">Burgmüller (Fréd.)</composer> <title>Heures de Loisir. Douze Mélodies favorites, arr. Op. <opus key="opus_3385">55</opus>. Cah. 1–4</title>. <pubPlace key="place_0392">Leipzig</pubPlace>, <publisher key="publ_0437">Br. et Härtel</publisher> à 20 Ngr.</bibl>
<bibl id="hofm_1850_04_0056_04"><title>Cachucha (la)</title> Siehe: <xref type="external" from="hofm_1850_04_0056_13" to="DITTO" targOrder="U">Sammlung bel. Tänze</xref>.</bibl>
<bibl id="hofm_1850_04_0056_05">† <composer key="compo_006106">Cramer (H.)</composer> <title>27me Potpourri sur les Motifs favoris de l’Opéra : Le Prophète, Musique de Meyerbeer</title>. <pubPlace key="place_0438">Mainz</pubPlace>, <publisher key="publ_3563">Schott</publisher> 1 Fl. 30 Xr.</bibl>
<bibl id="hofm_1850_04_0056_06"><composer key="compo_008233">Ellissen (C.W.)</composer> <title>Fantasie über: Der Abschied, von F. Kücken. Op. <opus key="opus_1881">26</opus></title>. <pubPlace key="place_0280">Hannover</pubPlace>, <publisher key="publ_0145">Bachmann</publisher> 15 Ngr.</bibl>
<bibl id="hofm_1850_04_0056_07">† <composer key="compo_012525">Gung’l (Jos.)</composer> <title>Wanderlieder. Walzer. Op. <opus key="opus_4354">81</opus></title>. <pubPlace key="place_0044">Berlin</pubPlace>, <publisher key="publ_0393">Bote u. Bock</publisher> 20 Ngr.</bibl>
<bibl id="hofm_1850_04_0056_08"><composer key="compo_013329">Haring (J.)</composer> <title>Vergissmeinnicht-Polka</title>. <pubPlace key="place_0276">Hamburg</pubPlace>, <publisher key="publ_2870">Niemeyer</publisher> 7½ Ngr.</bibl>
<bibl id="hofm_1850_04_0056_09"><composer key="compo_014550">Herz (H.)</composer> <title>2 Valses</title>. Siehe: <xref type="external" from="hofm_1850_04_0056_13" to="DITTO" targOrder="U">Sammlung bel. Tänze</xref>.</bibl>
<bibl id="hofm_1850_04_0056_09_l"><composer key="compo_019119">Kullak (Th.)</composer> <title>Compositions ou Transcriptions, arr. p. E.D. Wagner. No. 12, Rothkäppchen (Le Chaperon rouge.) Idylle. Op. <opus key="opus_3204">50</opus></title>. <pubPlace key="place_0044">Berlin</pubPlace>, <publisher key="publ_3471">Schlesinger</publisher> 25 Ngr.</bibl>
<bibl id="hofm_1850_04_0056_11"><composer key="compo_022325">Martin (H.)</composer> <title>Souvenir de l’Opéra italien. Pièces choisies des Opéras modernes dans le Style facile et brillant. Op. <opus key="opus_0236">11, No. 1, 12</opus></title>. <pubPlace key="place_0276">Hamburg</pubPlace>, <publisher key="publ_2870">Niemeyer</publisher> à 25 Ngr. <lb/><title>No. 1, Donizetti, Belisario. <lb/>– 12, Meyerbeer, Le Prophète</title>.</bibl>
<wip id="hofm_1850_04_0056_12">† <composer key="compo_023268">Meyerbeer (G.)</composer> <title>Der Prophet. Oper eing</title>. <pubPlace key="place_0392">Leipz</pubPlace>., <publisher key="publ_0437">Br. u. Härtel</publisher>. <lb/><title>Krönungsmarsch</title>. 12½ Ngr. <lb/><title>Walzer</title>. 7½ Ngr. <lb/><title>Redowa</title>. 20 Ngr. <lb/><title>Schlittschuhtanz</title>. 17½ Ngr. <lb/><title>Galopp</title>. 17½ Ngr.</wip><bibl id="hofm_1850_04_0056_13"><title>Sammlung beliebter Tanze u. Märsche. No. 2–6</title>. <pubPlace key="place_0276">Hamburg</pubPlace>, <publisher key="publ_2870">Niemeyer</publisher> à 5 Ngr. <lb/><title>No. 2, Alpenhorn-Marsch. <lb/>– 3, <composer key="compo_014550">Herz, H</composer>., Valse No. 1. <lb/>– 4, La Cachucha. <lb/>– 5, <composer key="compo_002199">Bellini</composer>, Marsch a. Norma. <lb/>– 6, <composer key="compo_014550">Herz, H</composer>., Valse No. 2</title>.</bibl>
<bibl id="hofm_1850_04_0056_14">† <composer key="compo_035994">Waldmüller (Ferd.)</composer> <title>Erholungen f. d. Jugend. Fantasien, Rondos u. Variationen aus den beliebtesten Opern im leichten Style arr. Op. <opus key="opus_3081">47. No. 4–6</opus></title>. <pubPlace key="place_0731">Wien</pubPlace>, <publisher key="publ_4456">Witzendorf</publisher> à 45 Xr. <lb/><title>No. 4, Die Puritaner. <lb/>– 5, Attila. <lb/>– 6, Ernani</title>.</bibl>
<bibl id="hofm_1850_04_0056_15"><composer key="compo_036037">Wallerstein (Ant.)</composer> <title>Deutscher Freiheitsmarsch. Erinnerung an 1813</title>. <pubPlace key="place_0276">Hamburg</pubPlace>, <publisher key="publ_2870">Niemeyer</publisher> 7½ Ngr.</bibl>
<bibl id="hofm_1850_04_0056_16">– <title>Die Leidenschaftlichen, Galopp</title> 7½ Ngr.</bibl>
<bibl id="hofm_1850_04_0056_17">– <title>Liebes-Walzer</title>. Ebend. 5 Ngr.</bibl>
</div><pb n="57"/><div id="hofm_1850_04_0057_div09">
<head><hofClass key="hofCl_0272">Ouverturen für das Pianoforte zu vier Händen.</hofClass></head>
<bibl id="hofm_1850_04_0057_01">† <composer key="compo_024809">Nicolai (Otto)</composer> <title>Ouverture zur Oper: Die lustigen Weiber von Windsor</title>. <pubPlace key="place_0044">Berlin</pubPlace>, <publisher key="publ_0393">Bote u. Bock</publisher> 25 Ngr.</bibl>
<bibl id="hofm_1850_04_0057_02">† <composer key="compo_035403">Verdi (G.)</composer> <title>Ovvertura dalla Melodramma tragico: Luisa Miller, rid</title>. <pubPlace key="place_0437">Mailand</pubPlace>, <publisher key="publ_3241">Ricordi</publisher> 6 Fr.</bibl>
</div><div id="hofm_1850_04_0057_div10"><head><hofClass key="hofCl_0166">Musik für das Pianoforte allein.</hofClass></head>
<bibl id="hofm_1850_04_0057_03"><composer key="compo_002077">Beethoven (L. van)</composer> <title>Sonate pathétique. Op. <opus key="opus_0531">13</opus>. <edition>Edit. brill. et correcte</edition></title>. <pubPlace key="place_0078">Braunschweig</pubPlace>, <publisher key="publ_3822">Spehr</publisher> 12½ Ngr.</bibl>
<bibl id="hofm_1850_04_0057_04">– <title>Sinfonie No. 2, in <key>D</key>, arr. p. Fr. Kalkbrenner. Op. <opus key="opus_2509">36</opus></title>. <pubPlace key="place_0069">Bonn</pubPlace>, <publisher key="publ_3791">Simrock</publisher> 5 Fr.</bibl>
<wip id="hofm_1850_04_0057_05"><composer key="compo_002709">Bertini (H.)</composer> <title>Choix d’Etudes progressives. <edition>Nouv. Edit. revue, corr. et doigtée</edition></title>. <pubPlace key="place_0276">Hamburg</pubPlace>, <publisher key="publ_3605">Schuberth et Co</publisher>. <lb/><title>Liv. 1, 2. Douze petits Morceaux</title> à 10 Ngr. <lb/><title>Liv. 3, 4. 25 Etudes faciles. Op. <opus key="opus_0045">100</opus></title>, à 15 Ngr.</wip>
<bibl id="hofm_1850_04_0057_06">† <composer key="compo_002826">Beyer (Ferd.)</composer> <title>Répertoire des jeunes Pianistes. Petites Fantaisies instructives sur des Motifs d’Opéras favoris. Op. <opus key="opus_2522">36, No. 22</opus>, Auber, Haydée ou le Secret</title>. <pubPlace key="place_0438">Mainz</pubPlace>, <publisher key="publ_3563">Schott</publisher> 45 Xr.</bibl>
<bibl id="hofm_1850_04_0057_07">† – <title>Bouquets de Mélodies. Op. <opus key="opus_2850">42</opus>. No. 22, Auber, Haydée ou le Secret</title>. Ebend. 1 Fl.</bibl>
<bibl id="hofm_1850_04_0057_08"><composer key="compo_004435">Brunner (C.T.)</composer> <title>Heures de Récréations. 6 Fantaisies sur des Airs allemands favoris. Op. <opus key="opus_0844">151, No. 1–6</opus></title>. <pubPlace key="place_0069">Bonn</pubPlace>, <publisher key="publ_3791">Simrock</publisher> à 1 Fr. 50 Ct. <lb/><title>No. 1, Kücken, Maurisches Ständchen. <lb/>– 2, – Du bist wie eine Blume. <lb/>– 3, Proch, Wanderlied. <lb/>– 4, – An die Sterne. <lb/>– 5, Curschmann, Willkommen. <lb/>– 6, Abt, Wenn die Schwalben heimwärts ziehn</title>.</bibl>
<bibl id="hofm_1850_04_0057_09">– <title>3 Morceaux élégants en Forme de petites Fantaisies sur des Airs allemands favoris. Op. <opus key="opus_0888">155, No. 1–3</opus></title>. <pubPlace key="place_0280">Hannover</pubPlace>, <publisher key="publ_0145">Bachmann</publisher> à 7½ Ngr. <lb/><title>No. 1, Gumbert, Die Aeuglein. <lb/>– 2, Kücken, Ach wenn du wärst mein eigen. <lb/>– 3, Reissiger, Ständchen</title>.</bibl>
<bibl id="hofm_1850_04_0057_10"><composer key="compo_004709">Burgmüller (Ferd.)</composer> <title>Opernfreund. Potpourris. Eine Auswahl beliebter Stücke im leichten Arrangement. Neue Folge. No. 1, Meyerbeer, Der Prophet</title>. <pubPlace key="place_0276">Hamburg</pubPlace>, <publisher key="publ_3605">Schuberth u. Co</publisher>. 15 Ngr.</bibl>
<wip id="hofm_1850_04_0057_11">† <composer key="compo_004844">Buzzolla (Ant.)</composer> <title>Amleto. Tragedia lirica, rid</title>. <pubPlace key="place_0437">Mailand</pubPlace>, <publisher key="publ_3241">Ricordi</publisher>. <lb/><title>No. 12, Brindisi e Romanza: O tu che vuoi</title>. 3 Fr. <lb/>– <title>14, Romanza: All’ urna</title>. 2 Fr. 50 Ct. <lb/>– <title>15, Duetto: No, perdona!</title> 4 Fr. 50 Ct. <lb/>– <title>17, Romanza: Se avverrà</title>. 1 Fr. 50 Ct.</wip><bibl id="hofm_1850_04_0057_12"><composer key="compo_005672">Chwatal (F.X.)</composer> <title>Musikalische Turnfahrten Potpourri-Divertissements über beliebte Turnlieder. Op. <opus key="opus_4640">93, No. 1</opus></title>. <pubPlace key="place_0436">Magdeburg</pubPlace>, <publisher key="publ_1560">Heinrichshofen</publisher> 12½ Ngr.</bibl>
<bibl id="hofm_1850_04_0057_13">† <composer key="compo_005923">Conradi (A.)</composer> <title>Rondeau brillant et facile sur des Thèmes de l’Opéra : Martha, de Flotow. Op. <opus key="opus_1165">18</opus></title>. <pubPlace key="place_0044">Berlin</pubPlace>, <publisher key="publ_0677">Damköhler</publisher> 12½ Ngr.</bibl>
<bibl id="hofm_1850_04_0057_14">† – <title>Fantaisie brillante sur des Motifs de l’Opéra : Le Prophète, de Meyerbeer. Op. <opus key="opus_1271">19</opus></title>. Ebend. 17½ Ngr.</bibl>
<bibl id="hofm_1850_04_0057_15">† – <title>Divertissement sur l’Air favori : Die Fahnenwacht, de Lindpaintner. Op. <opus key="opus_1390">20</opus></title>. Ebend. 12½ Ngr.</bibl>
<pb n="58"/>
<bibl id="hofm_1850_04_0058_01">† <composer key="compo_006106">Cramer (H.)</composer> <title>Potpourris sur des Motifs d’Opéras favoris. No. 87, Verdi, Attila</title>. <pubPlace key="place_0438">Mainz</pubPlace>, <publisher key="publ_3563">Schott</publisher> 54 Xr.</bibl>
<bibl id="hofm_1850_04_0058_02"><composer key="compo_006306">Czerny (Ch.)</composer> <title>Souvenir à Labitzky. 3 Rondinos. Op. <opus key="opus_3922">681, No. 1–3</opus></title>. <pubPlace key="place_0069">Bonn</pubPlace>, <publisher key="publ_3791">Simrock</publisher> à 1 Fr. 50 Ct. <lb/><title>No. 1, Aurora-Walzer. <lb/>– 2, Brandhofen-Walzer. <lb/>– 3, Paulinen-Walzer</title>.</bibl>
<bibl id="hofm_1850_04_0058_03">† <composer key="compo_007388">Dreyschock (Alex.)</composer> <title>Fantaisie. Op. <opus key="opus_3385">55</opus></title>. <pubPlace key="place_0438">Mainz</pubPlace>, <publisher key="publ_3563">Schott</publisher> 1 Fl.</bibl>
<bibl id="hofm_1850_04_0058_04"><composer key="compo_007969">Ehlert (L.)</composer> <title>Lyrische Skizzen. Op. <opus key="opus_0392">12</opus>. (Frühling, er naht. Stimme der Blumen.) Vollmond. Gesang der Wasserfee. In der Dämmerung. Dialog.)</title> <pubPlace key="place_0373">Königsberg</pubPlace>, <publisher key="publ_3045">Pfitzer u. Heilmann</publisher> 22½ Ngr.</bibl>
<listBibl><bibl id="hofm_1850_04_0058_05"><composer key="compo_008233">Ellissen (C.W.)</composer> <title>Fantasie über: Der Abschied, v. Fr. Kücken. Op. <opus key="opus_1881">26</opus></title>. <pubPlace key="place_0280">Hannover</pubPlace>, <publisher key="publ_0145">Bachmann</publisher> 10 Ngr.</bibl>
<bibl id="hofm_1850_04_0058_06">– <title>Rondo No. 1, in <key>Es</key>. Op. <opus key="opus_2187">31</opus></title>. Ebend. 7½ Ngr.</bibl>
<bibl id="hofm_1850_04_0058_07">– <title>Rondo No. 2, in <key>F</key>. Op. <opus key="opus_2268">32</opus></title>. Ebend. 7½ Ngr. <lb/>(Musikalische Gallerie. Sammlung leichter Fantasien, Rondos, Variationen etc. No. 5, 7, 8.)</bibl>
</listBibl><bibl id="hofm_1850_04_0058_08"><composer key="compo_008480">Ergmann (Aug.)</composer> <title>Le Départ du Continent. Pensée sentimentale. Op. <opus key="opus_2737">4</opus></title>. <pubPlace key="place_0371">Cöln</pubPlace>, <publisher key="publ_3486">Schloss</publisher> 8 Ngr.</bibl>
<bibl id="hofm_1850_04_0058_09">† <composer key="compo_010291">Fumagalli (Ad.)</composer> <title>Gran Fantasia drammatica sopra Motivi della Lucia di Lammermoor, di Donizetti. Op. <opus key="opus_1881">26</opus></title>. <pubPlace key="place_0437">Mailand</pubPlace>, <publisher key="publ_3241">Ricordi</publisher> 6 Fr.</bibl>
<bibl id="hofm_1850_04_0058_10">† – <title>Nenna. Tarantella giocosa. Op. <opus key="opus_2066">29</opus></title>. Ebend. 3 Fr. 50 Ct.</bibl>
<bibl id="hofm_1850_04_0058_11">† – <title>Norma, di Bellini. Gran Fantasia di Concerto. Op. <opus key="opus_2131">30</opus></title>. Ebend. 6 Fr.</bibl>
<bibl id="hofm_1850_04_0058_12">† <composer key="compo_010297">Fumagalli (Disma)</composer> <title>Tarantella. Op. <opus key="opus_1390">20</opus></title>. <pubPlace key="place_0437">Mailand</pubPlace>, <publisher key="publ_3241">Ricordi</publisher> 2 Fr. 50 Ct.</bibl>
<bibl id="hofm_1850_04_0058_13">† <composer key="compo_010995">Gerbes (J.)</composer> <title>24 leichte Uebungen. Op. <opus key="opus_2737">4</opus>, Heft 2</title>. <pubPlace key="place_0731">Wien</pubPlace>, <publisher key="publ_4456">Witzendorf</publisher> 30 Xr.</bibl>
<bibl id="hofm_1850_04_0058_14">† <composer key="compo_014556">Herz (Jacq.)</composer> <title>Airs de Ballet et Marche du Sacre de l’Opéra : Le Prophète, de Meyerbeer, arr. No. 1–5</title>. <pubPlace key="place_0392">Leipzig</pubPlace>, <publisher key="publ_0437">Br. et Härtel</publisher> à 15 Ngr. <lb/><title>No. 1, Valse. <lb/>– 2, Pas de la Redowa. <lb/>– 3, Quadrille des Patineurs. <lb/>– 4, Galopp. <lb/>– 5, Marche du Sacre</title>.</bibl>
<album id="hofm_1850_04_0058_15"><title>Julehilsen til Store og smaae fra danske Componister. Anden Aargang 1850. (<composer key="compo_010218">Fröhlich, J.F.</composer>, Polka. <composer key="compo_010502">Gade, N.W.</composer>, Sylphiden. <composer key="compo_013267">Hansen, C.J.</composer>, Barcarole. <composer key="compo_013422">Hartmann, J.P.E.</composer>, Capriccio. <composer key="compo_027633">Ravnkilde</composer>, Vuggevise. <composer key="compo_029303">Rée, A.</composer>, Adele-Polka. <composer key="compo_029221">Rung, H.</composer>, Toccatina. <composer key="compo_032156">Siboni, E.</composer>, Impromptu. <composer key="compo_035060">T–ts</composer>, Afskod.)</title> 8. <pubPlace key="place_0360">Copenhagen</pubPlace>, <publisher key="publ_2486">Lose u. Delbanco</publisher> geh. 25 Ngr.</album>
<bibl id="hofm_1850_04_0058_16"><composer key="compo_019507">Kücken (Fr.)</composer> <title>Lied: „O säh’ ich auf der Haide dort“, übertr. f. Pfte v. C.W. Ellissen</title>. <pubPlace key="place_0280">Hannover</pubPlace>, <publisher key="publ_0145">Bachmann</publisher> 2½ Ngr.</bibl>
<bibl id="hofm_1850_04_0058_17"><composer key="compo_019119">Kullak (Th.)</composer> <title>Saltarello di Roma. Op. <opus key="opus_3140">49</opus>. (Alla Signora Marie Wieck.)</title> <pubPlace key="place_0044">Berlin</pubPlace>, <publisher key="publ_3471">Schlesinger</publisher> 17½ Ngr.</bibl>
<bibl id="hofm_1850_04_0058_18"><composer key="compo_020257">Lecarpentier (Ad.)</composer> <title>Potpourri (116e et 117e Bagatelle) sur des Thèmes de l’Opéra : La Fée aux Roses (Die Rosenfee.) Potpourri No. 37</title>. <pubPlace key="place_0044">Berlin</pubPlace>, <publisher key="publ_3471">Schlesinger</publisher> 20 Ngr.</bibl>
<pb n="59"/>
<bibl id="hofm_1850_04_0059_01"><composer key="compo_022325">Martin (H.)</composer> <title>2 petites Fantaisies élégantes et non difficiles sur des Thèmes favoris de l’Opéra : Le Prophète, de Meyerbeer. Op. <opus key="opus_0693">14. No. 1, 2</opus></title>. <pubPlace key="place_0276">Hamburg</pubPlace>, <publisher key="publ_2870">Niemeyer</publisher> à 12½ Ngr. <lb/><title>No. 1, La Pastorale. <lb/>– 2, La Mendiante</title>.</bibl>
<bibl id="hofm_1850_04_0059_02">– <title>Répertoire de l’Opéra italien. Pièces choisis des plus célèbres Opéras, dans le Style facile et brillant. No. 16, Meyerbeer, Le Prophète</title>. Ebend. 15 Ngr.</bibl>
<bibl id="hofm_1850_04_0059_03">– <title>Collection de Chants nationaux dans le Style facile.(Nationallieder aller Völker)</title>. Ebend. 12½ Ngr.</bibl>
<bibl id="hofm_1850_04_0059_04"><composer key="compo_022427">Mason (W.)</composer> <title>Les Perles de Rosée. Mélodie variée (à Mr. F. Liszt)</title> <pubPlace key="place_0276">Hamburg</pubPlace>, <publisher key="publ_3605">Schuberth et Co</publisher>. 20 Ngr.</bibl>
<bibl id="hofm_1850_04_0059_05"><composer key="compo_022612">Mayer (Ch.)</composer> <title>Le Rossignol captif. Valse. <edition>2ième Edit</edition></title>. <pubPlace key="place_0276">Hamburg</pubPlace>, <publisher key="publ_3605">Schuberth et Co</publisher>. 10 Ngr.</bibl>
<bibl id="hofm_1850_04_0059_06"><composer key="compo_023890">Mozart (W.A.)</composer> <title>Sonate. Op. <opus key="opus_2120">3. No. 2</opus>, in <key>B</key>, arr</title>. <pubPlace key="place_0280">Hannover</pubPlace>, <publisher key="publ_0145">Bachmann</publisher> 15 Ngr.</bibl>
<bibl id="hofm_1850_04_0059_07"><title>Opern-Bibliothek. Potpourris nach Favorit-Themen der neuesten Opern, arr. v. A.E. Marschner. No. 70–72</title>. <pubPlace key="place_0392">Leipzig</pubPlace>, <publisher key="publ_1107">Friedlein u. H</publisher>. à 20 Ngr. <lb/><title>No. 70, Verdi, Nabucodonosor. <lb/>– 71, Spontini, Die Vestalin. <lb/>– 72, Wagner, Tannhäuser</title>.</bibl>
<bibl id="hofm_1850_04_0059_08">† <composer key="compo_025440">Osborne (G.A.)</composer> <title>La seconde Pluie des Perles. Morceau de Salon. Op. <opus key="opus_4326">80</opus></title>. <pubPlace key="place_0438">Mainz</pubPlace>, <publisher key="publ_3563">Schott</publisher> 45 Xr.</bibl>
<bibl id="hofm_1850_04_0059_09">† <composer key="compo_025260">Oesten (Th.)</composer> <title>3 Morceaux mélodieux. Op. <opus key="opus_3113">48. No. 2, 3</opus></title>. <pubPlace key="place_0044">Berlin</pubPlace>, <publisher key="publ_0393">Bote et Bock</publisher> à 10 Ngr. <lb/><title>No. 2, Pensez à moi. <lb/>– 3, La Rose de Valencia</title>.</bibl>
<bibl id="hofm_1850_04_0059_10">– <title>Kleine Fantasien über beliebte Volkslieder mit Vermeidung von Octavenspannungen. Op. <opus key="opus_3146">49, No. 1–6</opus></title>, <pubPlace key="place_0069">Bonn</pubPlace>, <publisher key="publ_3791">Simrock</publisher> à 1 Fr. <lb/><title>No. 1, An des Rheines fernem Strande. <lb/>– 2, Der Sänger sah, als kühl der Abend thaute. <lb/>– 3, O wenn du wärst mein eigen. <lb/>– 4, Siehst du dort die Wolken eilen. <lb/>– 5, Muss i denn zum Städtli hinaus. <lb/>– 6, Den lieben langen Tag</title>.</bibl>
<bibl id="hofm_1850_04_0059_11">– <title>Klänge der Liebe. 6 Melodien. Op. <opus key="opus_3210">50. No. 1, 2</opus></title>. <pubPlace key="place_0436">Magdeburg</pubPlace>, <publisher key="publ_1560">Heinrichshofen</publisher> à 10 Ngr. <lb/><title>No. 1, Maienliebe. <lb/>– 2, Ständchen</title>.</bibl>
<bibl id="hofm_1850_04_0059_12">– <title>Répertoire de l’Opéra. Morceaux faciles et brillants. Op. <opus key="opus_3284">52. No. 11, 17</opus></title>. <pubPlace key="place_0044">Berlin</pubPlace>, <publisher key="publ_3471">Schlesinger</publisher> à 10 Ngr. <lb/><title>No. 11, Meyerbeer, der Prophet. <lb/>– 17, Westmorland, Il Torneo. Fedra. Scompiglio teatrale</title>.</bibl>
<bibl id="hofm_1850_04_0059_13">† <composer key="compo_026092">Perny (P.)</composer> <title>Souvenirs des Opéras de Verdi. Recueil de Morceaux de Salon. No. 2, Fantaisie sur la Battaglia di Legnano. Op. <opus key="opus_1271">19</opus></title>. <pubPlace key="place_0437">Mailand</pubPlace>, <publisher key="publ_3241">Ricordi</publisher> 3 Fr.</bibl>
<bibl id="hofm_1850_04_0059_14"><composer key="compo_028854">Rosellen (H.)</composer> <title>Fantaisie sur deux Cavatines de l’Opéra : Parisina, de Donizetti. Op. <opus key="opus_1165">18</opus>. <edition>Edit. revue par l’Auteur</edition></title>. <pubPlace key="place_0392">Leipzig</pubPlace>, <publisher key="publ_0437">Br. et Härtel</publisher> 15 Ngr.</bibl>
<bibl id="hofm_1850_04_0059_15">– <title>Récréations italiennes. 2 Cavatines variées. Op. <opus key="opus_1271">19</opus>. No. 1, Cavatine de Carafa. No. 2, Cavatine de Pacini. <edition>Edit. revue par l’Auteur</edition></title>. Ebend. 15 Ngr.</bibl>
<pb n="60"/>
<bibl id="hofm_1850_04_0060_01"><composer key="compo_028854">Rosellen (H.)</composer> <title>Morceau de Concert. Grandes Variations brillantes sur deux Cavatines de Donizetti. Op. <opus key="opus_1584">22</opus>. <edition>Edit. revue par l’Auteur</edition></title>. <pubPlace key="place_0392">Leipzig</pubPlace>, <publisher key="publ_0437">Br. et Härtel</publisher> 20 Ngr.</bibl>
<wip id="hofm_1850_04_0060_02">† <composer key="compo_028962">Rossi (L.)</composer> <title>Il Domino nero. Opera comica</title>. <pubPlace key="place_0437">Mailand</pubPlace>, <publisher key="publ_3241">Ricordi</publisher>. <lb/><title>No. 3, Coro e Cavatina: Nella festa</title>. 1 Fr. 75 Ct. <lb/>– <title>5, Quartetto e Stretta: Essa! l’incognita</title>. 3 Fr. <lb/>– <title>6, Terzetto: Chiedi al nuovo</title>. 4 Fr. <lb/>– <title>16, Coro, Sc. e Rondo: Addio silenzii</title>. 3 Fr.</wip><bibl id="hofm_1850_04_0060_03">† <composer key="compo_030642">Schmitt (Aloys)</composer> <title>Fantaisie pathétique. Op. <opus key="opus_0281">112</opus></title>. <sic><pubPlace key="place_0392">Leipig</pubPlace></sic>, <publisher key="publ_1746">Hofmeister</publisher> 15 Ngr.</bibl>
<wip id="hofm_1850_04_0060_04"><composer key="compo_030657">Schmitt (Jacq.)</composer> <title>4 Etudes de Concert. Op. <opus key="opus_2369">330. No. 1, 2</opus></title>. <pubPlace key="place_0276">Hamburg</pubPlace>, <publisher key="publ_3605">Schuberth et Co</publisher>. <lb/><title>No. 1, Tremolo pour la Main droite obligée</title>. 10 Ngr. <lb/>– <title>2, Grande Etude cantique-capricieuse</title>. 10 Ngr.</wip>
<wip id="hofm_1850_04_0060_05">– <title>Vorschule der Geläufigkeit in 15 progressiven Studien. Erster Lehrmeister f. Pfte. 3ter Cursus</title>. <title>Heft 1</title> (15 Ngr.) <title>Heft 2</title> (20 Ngr.) <title>Heft 3</title> (20 Ngr.) <pubPlace key="place_0276">Hamb</pubPlace>., <publisher key="publ_3605">Schuberth u. Co</publisher>.</wip>
<bibl id="hofm_1850_04_0060_06"><composer key="compo_031150">Schuberth (Jul.)</composer> <title>Omnibus f. Pfte. Auswahl ansprechender Musikstücke leichter Gattung. 4ter Jahrgang in 12 Heften</title>. <pubPlace key="place_0276">Hamburg</pubPlace>, <publisher key="publ_3605">Schuberth u. Co</publisher>. Subscr.-Pr. 2 Thr. *n.</bibl>
<bibl id="hofm_1850_04_0060_07">† <composer key="compo_031181">Schulhoff (J.)</composer> <title>Cantabile. Op. <opus key="opus_1881">26</opus></title>. <pubPlace key="place_0438">Mainz</pubPlace>, <publisher key="publ_3563">Schott</publisher> 45 Xr.</bibl>
<bibl id="hofm_1850_04_0060_08">† – <title>3 Idylees. 2me Suite. Op. <opus key="opus_1932">27</opus>. (Près de la Fontaine. Dans les Bois. Dimanche Matin.)</title> Ebend. 1 Fl. 30 Xr.</bibl>
<bibl id="hofm_1850_04_0060_09"><composer key="compo_032232">Siemers (Aug.)</composer> <title>Trauerklänge. (Dem Helden Klapka.) Op. <opus key="opus_0001">1</opus></title>. <pubPlace key="place_0276">Hamburg</pubPlace>, <publisher key="publ_3605">Schuberth u. Co</publisher>. 7½ Ngr.</bibl>
<bibl id="hofm_1850_04_0060_10">– <title>Caprice-Tremolo et Etude brillante. 2 Morceaux caractéristiques. Op. <opus key="opus_2116">3</opus></title>. Ebend. 15 Ngr.</bibl>
<bibl id="hofm_1850_04_0060_11">– <title>Klänge aus Ungarn. 3 Characterstücke. (Bem–Marsch. Kossuth-Magyar. Dembinsky-Masurka)</title> Ebend. 10 Ngr.</bibl>
<wip id="hofm_1850_04_0060_12">† <composer key="compo_032085">Servier (Mme H.)</composer> <title>3 Bagatelles</title>. <pubPlace key="place_0437">Mailand</pubPlace>, <publisher key="publ_3241">Ricordi</publisher>. <lb/><title>No. 1, Donizetti, Linda di Chamounix. Op. <opus key="opus_3565">6</opus></title>. 2 Fr. 10 Ct. <lb/>– <title>2, – Maria Padilla. Op. <opus key="opus_4300">8</opus></title>. 2 Fr. 70 Ct. <lb/>– <title>3, Verdi, Nabucodonosor. Op. <opus key="opus_4562">9</opus></title>. 3 Fr.</wip><bibl id="hofm_1850_04_0060_13">† <composer key="compo_033316">Steurich (C.)</composer> <title>Zwei Scherzi. Op. <opus key="opus_2116">3</opus></title>. <pubPlace key="place_0044">Berlin</pubPlace>, <publisher key="publ_0393">Bote u. B</publisher>. 15 Ngr.</bibl>
<album id="hofm_1850_04_0060_14"><title>Tonbilder für die Jugend. Eine Auswahl der schönsten und beliebtesten Opernmelodien, Volkslieder, Tänze, Märsche etc. in fortschreitender Stufenfolge, nebst vorhergehenden Uebungen. 1tes Heft</title>. 4to. <pubPlace key="place_0280">Hannover</pubPlace>, <publisher key="publ_0145">Bachmann</publisher> 10 Ngr. *n.</album>
<bibl id="hofm_1850_04_0060_15"><title>Tonleitern und Cadenzen durch alle Dur- und Moll- Tonarten mit Fingersatz</title>. <pubPlace key="place_0044">Berlin</pubPlace>, <publisher key="publ_0677">Damköhler</publisher> 10 Ngr.</bibl>
<wip id="hofm_1850_04_0060_16">† <composer key="compo_035403">Verdi (G.)</composer> <title>Luisa Miller. Melodramma tragico</title>. <pubPlace key="place_0437">Mailand</pubPlace>, <publisher key="publ_3241">Ricordi</publisher>. <lb/><title>No. 3, Romanza: Lo vidi</title>. 1 Fr. 50 Ct. <lb/>– <title>5, Aria: Sacra la scelta</title>. 2 Fr. 25 Ct. <lb/>– <title>6, Aria; Il mil sangue</title>. 1 Fr. 25 Ct. <lb/>– <title>8, Duetto: Dall’ aule raggianti</title>. 2 Fr. <lb/>– <title>17, Duetto: Sotto al mio piede</title>. 4 Fr.</wip>
<bibl id="hofm_1850_04_0060_17">† <composer key="compo_035758">Voss (Ch.)</composer> <title>2 Salon-Fantasien. Op. <opus key="opus_0164">106. No. 1</opus>, Der Mulatte, Oper v. W.M. Balfe</title>. <pubPlace key="place_0044">Berlin</pubPlace>, <publisher key="publ_0393">Bote u. Bock</publisher> 20 Ngr.</bibl>
<bibl id="hofm_1850_04_0060_18">† <composer key="compo_036323">Wehle (Ch.)</composer> <title>Trois Bohémiennes. Op. <opus key="opus_4562">9</opus></title>. <pubPlace key="place_0392">Leipz</pubPlace>., <publisher key="publ_1746">Hofmeister</publisher> 20 Ngr.</bibl>
<bibl id="hofm_1850_04_0060_19">† – <title>Deux Impromptus Op. <opus key="opus_0021">10</opus>. (Berceuse. Choeur de Chasse.)</title> Ebend. 17½ Ngr.</bibl>
<bibl id="hofm_1850_04_0060_20">† – <title>Ballade. Op. <opus key="opus_0234">11</opus>, in <key>Gm</key></title>. Ebend. 17½ Ngr.</bibl>
<bibl id="hofm_1850_04_0060_21"><composer key="compo_036809">Wettig (C.)</composer> <title>Scherzo. Op. <opus key="opus_2737">4</opus>. (Herrn Fr. Liszt gewidm.)</title> <pubPlace key="place_0276">Hamburg</pubPlace>, <publisher key="publ_3605">Schuberth u. Co</publisher>. 20 Ngr.</bibl>
<pb n="61"/>
<bibl id="hofm_1850_04_0061_01">† <composer key="compo_037126">Willmers (Rod.)</composer> <title>Fantaisie de Concert sur des Thèmes de l’Opéra : Le Prophète, de Meyerbeer. Op. <opus key="opus_3895">68</opus></title>. <pubPlace key="place_0392">Leipzig</pubPlace>, <publisher key="publ_0437">Br. et Härtel</publisher> 1 Thlr. 5 Ngr.</bibl>
<bibl id="hofm_1850_04_0061_02">† <composer key="compo_037138">Wilsing (F.E.)</composer> <title>Humoreske (in canonischer Form). Op. <opus key="opus_0234">11</opus></title>. <pubPlace key="place_0044">Berlin</pubPlace>, <publisher key="publ_2971">Paez</publisher> 20 Ngr.</bibl>
</div><div id="hofm_1850_04_0061_div11"><head><hofClass key="hofCl_0273">Ouverturen für das Pianoforte.</hofClass></head>
<bibl id="hofm_1850_04_0061_03">† <composer key="compo_024809">Nicolai (Otto)</composer> <title>Ouverture zur Oper: Die lustigen Weiber von Windsor</title>. <pubPlace key="place_0044">Berlin</pubPlace>, <publisher key="publ_0393">Bote u. Bock</publisher> 20 Ngr.</bibl>
<bibl id="hofm_1850_04_0061_04">† <composer key="compo_035403">Verdi (G.)</composer> <title>Ovvertura dalla Melodramma tragico: Luisa Miller</title>. <pubPlace key="place_0437">Mailand</pubPlace>, <publisher key="publ_3241">Ricordi</publisher> 4 Fr.</bibl>
</div><div id="hofm_1850_04_0061_div12"><head><hofClass key="hofCl_0288">Tänze für das Pianoforte.</hofClass></head>
<bibl id="hofm_1850_04_0061_05"><composer key="compo_001132">Aulagnier (A.)</composer> <title>Fleurs d’Espérance. 3 Valses faciles. Op. <opus key="opus_4096">74</opus> (av. Vign.)</title> <pubPlace key="place_0392">Leipzig</pubPlace>, <publisher key="publ_1746">Hofmeister</publisher> 15 Ngr.</bibl>
<bibl id="hofm_1850_04_0061_06"><title>Auswahl vorzüglich beliebter Tänze in gefälliger Spielart. No. 14. Münchner Polka</title>. <pubPlace key="place_0280">Hannover</pubPlace>, <publisher key="publ_0145">Bachmann</publisher> 5 Ngr.</bibl>
<bibl id="hofm_1850_04_0061_07">† <composer key="compo_001395">Balfe (M.W.)</composer> <title>Ballet aus der romantischen Oper: Der Mulatte</title>. <pubPlace key="place_0044">Berlin</pubPlace>, <publisher key="publ_0393">Bote u. Bock</publisher> 15 Ngr.</bibl>
<bibl id="hofm_1850_04_0061_08"><composer key="compo_001626">Barthmann (C.)</composer> <title>Mary-Polka. Op. <opus key="opus_2576">37</opus></title>. <pubPlace key="place_0280">Hannov</pubPlace>., <publisher key="publ_0145">Bachmann</publisher> 5 Ngr.</bibl>
<bibl id="hofm_1850_04_0061_09">– <title>Jenny-Lind-Quadrille. Op. <opus key="opus_2670">39</opus></title>. Ebend. 7½ Ngr.</bibl>
<bibl id="hofm_1850_04_0061_10">– <title>Rosa-Galopp</title>. Ebend. 5 Ngr.</bibl>
<wip id="hofm_1850_04_0061_11"><composer key="compo_002405">Berens (C.)</composer> <title>Sammlung Hamburger Lieblingstänze</title>. <pubPlace key="place_0276">Hamb</pubPlace>. <publisher key="publ_2870">Niemeyer</publisher>. <lb/><title>No. 2, Elb-Pavillon-Galopp</title>. 5 Ngr. <lb/>– <title>3, Zigeuner-Galopp über Motive aus der Oper: Gitana</title>. 5 Ngr. <lb/>– <title>6, Martha-Galopp</title>. 5 Ngr. <lb/>– <title>7, Martha-Polka</title>. 5 Ngr. <lb/>– <title>8, Weihnachts-Galopp</title>. 5 Ngr. <lb/>– <title>9, Weihnachts-Polka</title>. 5 Ngr.</wip><bibl id="hofm_1850_04_0061_12"><composer key="compo_002409">Berens (Herm.)</composer> <title>Neue Union-Polka</title>. Ebend. 5 Ngr.</bibl>
<bibl id="hofm_1850_04_0061_13">† <composer key="compo_005629">Chouquet (Louise)</composer> <title>Scène de Bal. Mazurka et Galop de l’Opéra de Verdi : Ernani</title>. <pubPlace key="place_0438">Mainz</pubPlace>, <publisher key="publ_3563">Schott</publisher> 45 Xr.</bibl>
<bibl id="hofm_1850_04_0061_14">† <composer key="compo_005923">Conradi (A.)</composer> <title>Jenny-Polka. Op. <opus key="opus_0806">15</opus></title>. (Neueste Berliner Lieblings-Tänze No. 1.) <pubPlace key="place_0044">Berlin</pubPlace>, <publisher key="publ_0677">Damköhler</publisher> 5 Ngr.</bibl>
<bibl id="hofm_1850_04_0061_15">† <composer key="compo_006099">Cramer (A.)</composer> <title>Marien-Polka. Op. <opus key="opus_2067">29. No. 1</opus></title>. <pubPlace key="place_0438">Mainz</pubPlace>, <publisher key="publ_3563">Schott</publisher> 18 Xr.</bibl>
<bibl id="hofm_1850_04_0061_16">† – <title>Polka du Prophète d’après deux Motifs de cet Opéra. Op. <opus key="opus_3770">64. No. 1</opus>. (Mit color. gedr. Vign.)</title> <pubPlace key="place_0438">Mainz</pubPlace>, <publisher key="publ_3563">Schott</publisher> 45 Xr.</bibl>
<wip id="hofm_1850_04_0061_17">† <composer key="compo_006169">Croff (G.B.)</composer> <title>Giovanni di Leida, ossio: Il falso Profeta. Ballo storico</title>. <pubPlace key="place_0437">Mailand</pubPlace>, <publisher key="publ_3241">Ricordi</publisher>. <lb/><title>Gran Marcia dell’ Incoronacione</title> 2 Fr. <lb/><title>Ballabile dei Patineurs (Mazurka)</title> 2 Fr. <lb/><title>Gran Ballabile</title>. 3 Fr.</wip><bibl id="hofm_1850_04_0061_18"><composer key="compo_009473">Fleischer (Minna)</composer> <title>Königsberger Ballsträusschen. Walzer</title>. <pubPlace key="place_0373">Königsberg</pubPlace>, <publisher key="publ_3045">Pfitzer u. Heilmann</publisher> 15 Ngr.</bibl>
<bibl id="hofm_1850_04_0061_19"><composer key="compo_011213">Giese (Th.)</composer> <title>Erholungs-Walzer</title>. <pubPlace key="place_0276">Hamburg</pubPlace>, <publisher key="publ_2870">Niemeyer</publisher> 7½ Ngr.</bibl>
<bibl id="hofm_1850_04_0061_20">– <title>Veilchen-Polka</title>. Ebend. 5 Ngr.</bibl>
<bibl id="hofm_1850_04_0061_21">† <composer key="compo_012525">Gung’l (Jos.)</composer> <title>Wanderlieder. Walzer. Op. <opus key="opus_4354">81</opus></title>. <pubPlace key="place_0044">Berlin</pubPlace>, <publisher key="publ_0393">Bote u. Bock</publisher> 15 Ngr.</bibl>
<bibl id="hofm_1850_04_0061_22"><composer key="compo_013012">Hahn (L.)</composer> <title>Bouquet-Walzer</title>. <pubPlace key="place_0078">Braunschweig</pubPlace>, <publisher key="publ_3822">Spehr</publisher> 5 Ngr.</bibl>
<bibl id="hofm_1850_04_0061_23"><composer key="compo_013329">Haring (J.)</composer> <title>Leopoldinen-Polka. Op. <opus key="opus_1372">2</opus></title>. <pubPlace key="place_0276">Hamburg</pubPlace>, <publisher key="publ_2870">Niemeyer</publisher> 5 Ngr.</bibl>
<bibl id="hofm_1850_04_0061_24"><composer key="compo_014097">Helm (W.)</composer> <title>Chinesenpolka</title>. <pubPlace key="place_0044">Berlin</pubPlace>, <publisher key="publ_1768">Horn</publisher> 5 Ngr.</bibl>
<bibl id="hofm_1850_04_0061_25"><title><composer key="compo_016571">Jullien</composer>’s Tänze No. 4, Lärm-Polka (mit Gesang ad lib.)</title> <pubPlace key="place_0276">Hamburg</pubPlace>, <publisher key="publ_3605">Schuberth u. Co</publisher>. 10 Ngr.</bibl>
<pb n="62"/>
<bibl id="hofm_1850_04_0062_01"><composer key="compo_019356">Köhler (L.)</composer> <title>Jeanetten-Mazurka</title>. <pubPlace key="place_0044">Berlin</pubPlace>, <publisher key="publ_3471">Schlesinger</publisher> 5 Ngr.</bibl>
<bibl id="hofm_1850_04_0062_02"><composer key="compo_018888">Kroschwitz (C.F.)</composer> <title>Jagd-Polka. Op. <opus key="opus_1372">2</opus></title>. <pubPlace key="place_0276">Hamb</pubPlace>. <publisher key="publ_2870">Niemeyer</publisher> 7½ Ngr.</bibl>
<bibl id="hofm_1850_04_0062_03">– <title>Erste Rheinländer-Polka. Op. <opus key="opus_2116">3</opus></title>. Ebend. 7½ Ngr.</bibl>
<bibl id="hofm_1850_04_0062_04">– <title>Zweite Rheinländer-Polka. Op. <opus key="opus_2737">4</opus></title>. Ebend. 5 Ngr.</bibl>
<bibl id="hofm_1850_04_0062_05">† <composer key="compo_020694">Leutner (Alb.)</composer> <title>Marien-Polonaise über Kücken’s Lied: Der Abschied. Op. <opus key="opus_0392">12</opus></title> (Le Carneval à Berlin No. 25.) <pubPlace key="place_0044">Berlin</pubPlace>, <publisher key="publ_0393">Bote u. Bock</publisher> 7½ Ngr.</bibl>
<bibl id="hofm_1850_04_0062_06"><composer key="compo_021720">Lübeck (F.W.)</composer> <title>Stradella-Galopp</title>. <pubPlace key="place_0280">Hannover</pubPlace>, <publisher key="publ_2808">Nagel</publisher> 5 Ngr.</bibl>
<bibl id="hofm_1850_04_0062_07"><composer key="compo_021473">Luer (C.)</composer> <title>Concordien-Polka</title>. <pubPlace key="place_0276">Hamburg</pubPlace>, <publisher key="publ_2870">Niemeyer</publisher> 5 Ngr.</bibl>
<bibl id="hofm_1850_04_0062_08"><composer key="compo_023267">Meyerbeer</composer>, <title>Redowa und Polka aus der Oper : Der Prophet</title>. (Sammlung beliebter Tänze No. 21.) <pubPlace key="place_0276">Hamb</pubPlace>., <publisher key="publ_2870">Niemeyer</publisher> 5 Ngr.</bibl>
<bibl id="hofm_1850_04_0062_09"><composer key="compo_024130">Mühlenfeldt (C.)</composer> <title>Kinder-Vergnügen. Polka und Walzer</title>. <pubPlace key="place_0078">Braunschweig</pubPlace>, <publisher key="publ_3822">Spehr</publisher> 5 Ngr.</bibl>
<bibl id="hofm_1850_04_0062_10"><composer key="compo_023954">Musard</composer>, <title>La Fée aux Roses (die Rosenfee) Opéra de Halevy. Quadrille</title>. <pubPlace key="place_0044">Berlin</pubPlace>, <publisher key="publ_3471">Schlesinger</publisher> 10 Ngr.</bibl>
<bibl id="hofm_1850_04_0062_11">† <composer key="compo_026092">Perny (P.)</composer> <title>Julie-Polka. Op. <opus key="opus_1391">20. No. 1</opus></title>. <pubPlace key="place_0437">Mailand</pubPlace>, <publisher key="publ_3241">Ricordi</publisher> 1 Fr.</bibl>
<bibl id="hofm_1850_04_0062_12">† – <title>Rayon d’Espoir. Polka-Mazurka. Op. <opus key="opus_1398">20. No. 2</opus></title>. Ebend. 1 Fr. 50 Ct.</bibl>
<album id="hofm_1850_04_0062_13"><title>Polka-Album f. 1850. <composer key="compo_018888">Kroschwitz</composer>, Jagd-Polka u. Rheinländer Polka No. 1, 2. <composer key="compo_013328">Haring</composer>, Leopoldinen-Polka. <composer key="compo_021473">Luer</composer>, Concordien-Polka. <composer key="compo_037530">Wolffspa</composer>, Libellen-Polka</title>. <pubPlace key="place_0276">Hamburg</pubPlace>, <publisher key="publ_2870">Niemeyer</publisher> 20 Ngr.</album>
<bibl id="hofm_1850_04_0062_14"><composer key="compo_028460">Ringelsberg (M.)</composer> <title>Heitere-Launengalopp</title>. <pubPlace key="place_0276">Hamb</pubPlace>., <publisher key="publ_2870">Niemeyer</publisher> 5 Ngr.</bibl>
<bibl id="hofm_1850_04_0062_15"><composer key="compo_031080">Schröder (H.)</composer> <title>Freundschafts-Polka</title>. <pubPlace key="place_0276">Hamburg</pubPlace>, <publisher key="publ_2870">Niemeyer</publisher> 5 Ngr.</bibl>
<bibl id="hofm_1850_04_0062_16"><composer key="compo_032604">Sommerlatt (J.B.)</composer> <title>Die Europäer. Walzer</title>. <pubPlace key="place_0280">Hannover</pubPlace>, <publisher key="publ_0145">Bachmann</publisher> 10 Ngr.</bibl>
<bibl id="hofm_1850_04_0062_17">– <title>Steyrische Lieder</title>. Ebend. 5 Ngr.</bibl>
<bibl id="hofm_1850_04_0062_18">† <composer key="compo_033004">Stasny (L.)</composer> <title>Rhein und Main. Favorit-Tänze. 6 Polka. No. 1–6</title>. <pubPlace key="place_0438">Mainz</pubPlace>, <publisher key="publ_3563">Schott</publisher> à 18 Xr. <lb/><title>No. 1, Abschieds-Polka. Op. <opus key="opus_0392">12</opus>. <lb/>– 2, Casino-Polka. Op. <opus key="opus_0531">13</opus>. <lb/>– 3, Jeanetten-Polka. Op. <opus key="opus_0684">14</opus>. <lb/>– 4, Zeitgeist-Polka. Op. <opus key="opus_0806">15</opus>. <lb/>– 5, Amoretten-Polka. Op. <opus key="opus_0927">16</opus>. <lb/>– 6, Soldaten-Polka. Op. <opus key="opus_1068">17</opus></title>.</bibl>
<album id="hofm_1850_04_0062_19"><title>Tanz-Album (<composer key="compo_001394">Balfe</composer>, Marsch aus Gitana. <composer key="compo_002405">Berens, C.</composer>, Weihnachts-Polka und -Galopp. <composer key="compo_002934">Biehl, E.</composer>, Jenny- u. Elisen-Polka. <composer key="compo_013344">Harpf, A.</composer>, Vergissmeinicht-Polka. <composer key="compo_028460">Ringelsberg, M.</composer>, Heitere-Launen-Galopp. Freundschafts-Polka. Englische Tambour-Polka. <composer key="compo_036036">Wallerstein, A.</composer>, Liebeswalzer.)</title> <pubPlace key="place_0276">Hamburg</pubPlace>, <publisher key="publ_2870">Niemeyer</publisher> 25 Ngr.</album>
<bibl id="hofm_1850_04_0062_20"><composer key="compo_034896">Truhn (H.)</composer> <title>Sirenen-Polka (Frau Fanny Cerrito gewidm.)</title> <pubPlace key="place_0373">Königsberg</pubPlace>, <publisher key="publ_3045">Pfitzer u. Heilmann</publisher> 5 Ngr.</bibl>
<bibl id="hofm_1850_04_0062_21">† <composer key="compo_035994">Waldmüller (Ferd.)</composer> <title>Jaleo de Sevilla. Pas de deux espagnol dansé p. Mlle Forti et Mr. Costa, à l’Opéra de Vienne. Op. <opus key="opus_3798">65</opus></title>. <pubPlace key="place_0731">Wien</pubPlace>, <publisher key="publ_4456">Witzendorf</publisher> 30 Xr.</bibl>
<bibl id="hofm_1850_04_0062_22"><composer key="compo_036036">Wallerstein (A.)</composer> <title>Die Leidenschaftlichen. Galopp. Op. <opus key="opus_1881">26</opus></title>. <pubPlace key="place_0276">Hamburg</pubPlace>, <publisher key="publ_2870">Niemeyer</publisher> 5 Ngr.</bibl>
<bibl id="hofm_1850_04_0062_23">– <title>Liebes-Walzer</title>. Ebend. 5 Ngr.</bibl>
<bibl id="hofm_1850_04_0062_24"><composer key="compo_037530">Wolffspa</composer>, <title>Libellen-Polka</title>. <pubPlace key="place_0276">Hamburg</pubPlace>, <publisher key="publ_2870">Niemeyer</publisher> 5 Ngr.</bibl>
<bibl id="hofm_1850_04_0062_25">† <composer key="compo_037937">Zawertal (V.H.)</composer> <title>Estella-Walzer sopra Motivi dell’ Opera: Il Domino nero, de L. Rossi</title>. <pubPlace key="place_0437">Mailand</pubPlace>, <publisher key="publ_3241">Ricordi</publisher> 3 Fr. 50 Ct.</bibl>
</div><div id="hofm_1850_04_0062_div13"><head><hofClass key="hofCl_0250">Märsche für das Pianoforte.</hofClass></head>
<bibl id="hofm_1850_04_0062_26"><composer key="compo_002405">Berens (C.)</composer> <title>Schweizer Marsch</title>. <pubPlace key="place_0276">Hamburg</pubPlace>, <publisher key="publ_2870">Niemeyer</publisher> 5 Ngr.</bibl>
<pb n="63"/>
<bibl id="hofm_1850_04_0063_01"><composer key="compo_005246">Canthal (A.M.)</composer> <title>Altonaer-Bürgermarsch</title>. <pubPlace key="place_0276">Hamb</pubPlace>., <publisher key="publ_2870">Niemeyer</publisher> 5 Ngr.</bibl>
<bibl id="hofm_1850_04_0063_02"><composer key="compo_009871">Charlotte (Prinzessin von Preussen)</composer> <title>Defilir-Marsch</title>. <pubPlace key="place_0044">Berlin</pubPlace>, <publisher key="publ_3471">Schlesinger</publisher> 5 Ngr.</bibl>
<bibl id="hofm_1850_04_0063_03">† <composer key="compo_007207">Dont (Jacq.)</composer> <title>Jubel-Marsch zur Feier der glorreichen Schlacht bei Novara. Op. <opus key="opus_2268">32</opus></title>. <pubPlace key="place_0731">Wien</pubPlace>, <publisher key="publ_4456">Witzendorf</publisher> 15 Xr.</bibl>
<bibl id="hofm_1850_04_0063_04">† <composer key="compo_009979">Fricke (F.A.)</composer> <title>Fortuna-Marsch</title>. <pubPlace key="place_0147">Dresden</pubPlace>, <publisher key="publ_0199">Bauer</publisher> 5 Ngr.</bibl>
<bibl id="hofm_1850_04_0063_05">† <composer key="compo_018008">Koblitz (S.)</composer> <title>Il Giocondo. Marcia Op. <opus key="opus_4214">78</opus></title>. <pubPlace key="place_0437">Mailand</pubPlace>, <publisher key="publ_3241">Ricordi</publisher> 60 Ct.</bibl>
<bibl id="hofm_1850_04_0063_06">† – <title>Az Uj Magyar. Marcia. Op. <opus key="opus_4241">79</opus></title>. Ebend 60 Ct.</bibl>
<bibl id="hofm_1850_04_0063_07"><composer key="compo_024234">Müller (J.G.)</composer> <title>Zu den Waffen! Marsch mit freier Benutzung des Heckerliedes (mit Gesang.)</title> <pubPlace key="place_0147">Dresden</pubPlace>, <publisher key="publ_0199">Bauer</publisher> 5 Ngr.</bibl>
<bibl id="hofm_1850_04_0063_08"><composer key="compo_029057">Rouget de L’isle</composer>, <title>La Marseillaise</title>. <pubPlace key="place_0078">Braunschweig</pubPlace>, <publisher key="publ_3822">Spehr</publisher> 2½ Ngr.</bibl>
<bibl id="hofm_1850_04_0063_09"><composer key="compo_032604">Sommerlatt (B.)</composer> <title>Martha-Marsch</title>. <pubPlace key="place_0280">Hannover</pubPlace>, <publisher key="publ_0145">Bachmann</publisher> 2½ Ngr.</bibl>
<bibl id="hofm_1850_04_0063_10">† <composer key="compo_033316">Steurich (C.)</composer> <title>Zwei Märsche. Op. <opus key="opus_1372">2</opus></title>. <pubPlace key="place_0044">Berlin</pubPlace>, <publisher key="publ_0393">Bote u. Bock</publisher> 10 Ngr.</bibl>
<bibl id="hofm_1850_04_0063_11"><composer key="compo_036380">Weidt (Heinr.)</composer> <title>Nolens-Volens-Marsch. Op. <opus key="opus_1372">2</opus></title>. <pubPlace key="place_0276">Hamburg</pubPlace>, <publisher key="publ_2870">Niemeyer</publisher> 5 Ngr.</bibl>
<bibl id="hofm_1850_04_0063_12"><composer key="compo_037818">Zabel (C.)</composer> <title>Turner Bumms-Fallera-Marsch (mit Chor.)</title> <pubPlace key="place_0078">Braunschweig</pubPlace>, <publisher key="publ_3822">Spehr</publisher> 5 Ngr.</bibl>
</div><div id="hofm_1850_04_0063_div14"><head><hofClass key="hofCl_0072">Lehrbücher für das Pianoforte.</hofClass></head>
<bibl id="hofm_1850_04_0063_13">† <composer key="compo_017526">Kisch (J.)</composer> <title>Praktisches Elementarbuch zum Pianoforte-Unterricht nebst melodischen Uebungsstücken in allen gebräuchlichen Tonarten. Op. <opus key="opus_0392">12</opus>. Heft 3, 4</title>. <pubPlace key="place_0147">Dresden</pubPlace>, <publisher key="publ_0199">Bauer</publisher> à 12½ Ngr.</bibl>
<bibl id="hofm_1850_04_0063_14"><composer key="compo_030657">Schmitt (Jac.)</composer> <title>Zweiter Lehrmeister f. Pfte. oder praktische Schule der mechanischen Fingerfertigkeit und des Vortrags durch 112 methodisch geordnete Scala-Studien, Etuden und Mustercompositionen. Erster Cursus</title>. <pubPlace key="place_0276">Hamburg</pubPlace>, <publisher key="publ_3605">Schuberth u. Co</publisher>. 1 Thlr. 10 Ngr.</bibl>
</div><div id="hofm_1850_04_0063_div15"><head><hofClass key="hofCl_0225">Musik für die Orgel.</hofClass></head>
<wip id="hofm_1850_04_0063_15"><composer key="compo_022904">Mendelssohn-Bartholdy (F.)</composer> <title>6 Orgelstücke aus dem Oratorium: Elias, übertragen v. Steggal. No. 1–3</title>. <pubPlace key="place_0069">Bonn</pubPlace>, <publisher key="publ_3791">Simrock</publisher>. <lb/><title>No. 1, Hilf Herr!</title> 1 Fr. <lb/>– <title>2, Aber der Herr sieht es nicht</title>. 1 Fr. 25 Ct. <lb/>– <title>3, Dank sei dir, Gott</title>. 1 Fr. 25 Ct.</wip><bibl id="hofm_1850_04_0063_16">† <composer key="compo_023735">Morandi (G.)</composer> <title>Suonata p. Accompagnemento d’una Messa solenne, p. Organo</title>. <pubPlace key="place_0437">Mailand</pubPlace>, <publisher key="publ_3241">Ricordi</publisher> 5 F.</bibl>
</div><div id="hofm_1850_04_0063_div16"><head><hofClass key="hofCl_0068">Kirchenmusik.</hofClass></head>
<bibl id="hofm_1850_04_0063_17">† <composer key="compo_000709">Angermann (Fr.)</composer> <title>6 dreistimmige Psalme, f. 2 Soprano u. Alt, zum Gebr. in höheren Schulen. <format>Partitur</format></title>. <pubPlace key="place_0044">Berlin</pubPlace>, <publisher key="publ_0393">Bote u. Bock</publisher> 15 Ngr.</bibl>
<bibl id="hofm_1850_04_0063_18"><composer key="compo_005092">Bühler (Fr.)</composer> <title>Messgesang von P.F. Sochet, eing. f. Sopr., Alt, Bass, Orgel, 2 Violinen u. 2 Hörner</title>. <pubPlace key="place_0026">Augsburg</pubPlace>, <publisher key="publ_0538">Böhm</publisher> 1 Fl. 45 Xr.</bibl>
<bibl id="hofm_1850_04_0063_19">– Idem f. 3 Singstimmen u. Orgel. Ebend. 1 Fl. 12 Xr.</bibl>
<bibl id="hofm_1850_04_0063_20">– <title>Messlieder von P.F. Sochet, eing. f. Sopr., Alt, Bass, Orgel, 2 Violinen u. 2 Hörner</title>. <pubPlace key="place_0026">Augsburg</pubPlace>, <publisher key="publ_0538">Böhm</publisher> 1 Fl. 45 Xr.</bibl>
<bibl id="hofm_1850_04_0063_21">– Idem f. 3 Singstimmen u. Orgel. Ebend. 1 Fl. 12 Xr.</bibl>
<bibl id="hofm_1850_04_0063_22"><composer key="compo_014623">Hesse (Ad.)</composer> <title>O Tag des Herrn, du sollst mir heilig sein. Motette f. Sopran, Alt, Tenor u. Bass, mit obl. Orgelbegl. Op. <opus key="opus_4377">82</opus></title>. <format>Partitur</format> (27½ Ngr.) <format>Singstimmen</format> (12½ Ngr.) <pubPlace key="place_0082">Breslau</pubPlace>, <publisher key="publ_2386">Leuckart</publisher>.</bibl>
<pb n="64"/>
<bibl id="hofm_1850_04_0064_01"><title>Kirchengesänge (deutsche und lateinische) sammt den Melodien f. katholische Gymnasien. Mit Gebeten (von Dr. Ahlemeyer.)</title> 8. <pubPlace key="place_0535">Paderborn</pubPlace>, <publisher key="publ_4362">Wesener</publisher> 25 Ngr. n.</bibl>
<bibl id="hofm_1850_04_0064_02">† <composer key="compo_022904">Mendelssohn-Bartholdy (F.)</composer> „<title>Hör’ mein Bitten, Herr, neige dich zu mir.“ Hymne f. Sopran mit Orgel oder Pfte</title>. <pubPlace key="place_0044">Berlin</pubPlace>, <publisher key="publ_0393">Bote u. Bock</publisher> 20 Ngr.</bibl>
<bibl id="hofm_1850_04_0064_03">† <composer key="compo_023268">Meyerbeer (G.)</composer> <title>Festhymne zur fünfundzwanzigjährigen Vermählungsfeier J. J. M. M. des Königs und der Königin von Preussen, f. Solostimmen mit Chor (a Capella) Pfte ad libit. <format>Part</format></title>. <pubPlace key="place_0044">Berlin</pubPlace>, <publisher key="publ_0393">Bote u. Bock</publisher> 1 Thlr. 5 Ngr.</bibl>
<bibl id="hofm_1850_04_0064_04">† <composer key="compo_028260">Richter (E.Friedr.)</composer> <title>Der 137ste Psalm (An den Wassern zu Babel) f. Sopran-Solo u. Chor. Op. <opus key="opus_1068">17</opus></title>. <pubPlace key="place_0392">Leipzig</pubPlace>, <publisher key="publ_0437">Br. u. Härtel</publisher>. <lb/><format>Klavierauszug</format> 20 Ngr. <lb/><format>Singstimmen</format>. 8 vo. 12½ Ngr.</bibl>
</div><div id="hofm_1850_04_0064_div17"><head><hofClass key="hofCl_0021">Gesangstücke für Concertmusik mit Begleitung mehrerer Instrumente.</hofClass></head>
<bibl id="hofm_1850_04_0064_05"><composer key="compo_016599">Jungmann (A.)</composer> <title>Serenade. Lied f. Sopran (od. Tenor) m. Begl. d. Pfte. u. d. Flöte. Op. <opus key="opus_0001">1</opus></title>. <pubPlace key="place_0078">Braunschweig</pubPlace>, <publisher key="publ_3822">Spehr</publisher> 10 Ngr.</bibl>
</div><div id="hofm_1850_04_0064_div18"><head><hofClass key="hofCl_0102">Mehrstimmige Gesänge mit und ohne Pianoforte.</hofClass></head>
<bibl id="hofm_1850_04_0064_06">† <composer key="compo_002067">Beer (Jul.)</composer> <title>Das Schloss am Meer, Gedicht von Uhland Duett f. Tenor u. Bass m. Begl. d. Pfte</title>. <pubPlace key="place_0044">Berlin</pubPlace>, <publisher key="publ_0393">Bote u. B</publisher>. 12½ Ngr.</bibl>
<bibl id="hofm_1850_04_0064_07">† <composer key="compo_007246">Dorn (H.)</composer> <title>3 scherzhafte Lieder f. Männerstimmen. Op. <opus key="opus_3701">62</opus>. Makrobiotik. Die Urwähler. In’s Weinhaus.) <format>Part. u. Stimmen</format></title> 8 vo. <pubPlace key="place_0044">Berlin</pubPlace>, <publisher key="publ_0393">Bote u. B</publisher>. 1 Thlr. (Stimmen apart 20 Ngr.)</bibl>
<bibl id="hofm_1850_04_0064_08"><composer key="compo_010798">Gebhardt (F.W.)</composer> <title>Musikalischer Kinderfreund. Eine Auswahl von ein- und zweistimmigen Gesängen (117 Lieder, 26 Choräle u. 9 Canons). <edition>7te Aufl</edition></title>. 8. <pubPlace key="place_0392">Leipzig</pubPlace>, <publisher key="publ_4383">Whistling in Comm</publisher>. geh. 6 Ngr.** n.</bibl>
<bibl id="hofm_1850_04_0064_09"><composer key="compo_015025">Hoff (F.)</composer> <title>National-Eigenthum, f. vier Männerstimmen (od. f. eine Singst. m. Pfte.) Op. <opus key="opus_3565">6</opus>. <format>Part</format></title>. <pubPlace key="place_0044">Berlin</pubPlace>, <publisher key="publ_3471">Schlesinger</publisher> 5 Ngr.</bibl>
<bibl id="hofm_1850_04_0064_10">† <composer key="compo_021681">Löwe (C.)</composer> <title>Der Papagei. Humoristische Ballade von Fr. Rückert, f. vierstimmigen Männerchor m. Pftebegl. Op. <opus key="opus_0267">111</opus>. <format>Part. u. Stimmen</format></title>. 8vo. <pubPlace key="place_0044">Berlin</pubPlace>, <publisher key="publ_0677">Damköhler</publisher> 20 Ngr.</bibl>
<wip id="hofm_1850_04_0064_11">† <composer key="compo_023119">Methfessel (Alb.)</composer> <title>12 Lieder für häusliche u. gesellige Kreise, f. vierstimmigen Männerchor. Op. <opus key="opus_0754">145</opus>. Heft 1, 2. <format>Part. u. Stimmen</format></title>. 8vo. <pubPlace key="place_0044">Berlin</pubPlace>, <publisher key="publ_0677">Damköhler</publisher> à 15 Ngr. <lb/><title>Heft 1, Toast. Friedensruhe. Nutzanwendung</title>. <lb/>– <title>2, Erde so schön. Heimath. Wie könnt’ ich Dein vergessen</title>.</wip>
<bibl id="hofm_1850_04_0064_12"><title>Minnewart (der) Eine Sammlung von alten und neuen komischen Volksweisen mit beigedruckten Melodien. Heft 1</title>. <pubPlace key="place_0127">Danzig</pubPlace>, <publisher key="publ_0286">Bertling</publisher> 7½ Ngr. n.</bibl>
<bibl id="hofm_1850_04_0064_13"><composer key="compo_034986">Turanyi (C. v.)</composer> <title>2 Lieder f. vierstimmigen Frauenchor. (Leichter Sinn. Flexenlied.) <format>Partitur u. Stimmen</format></title>. 8vo. <pubPlace key="place_0001">Aachen</pubPlace>, <publisher key="publ_2615">ter Meer</publisher> 15 Ngr.</bibl>
<bibl id="hofm_1850_04_0064_14">† <composer key="compo_036994">Wieprecht (W.)</composer> <title>Das Wrangel-Lied, für Preussens Krieger gedichtet, f. 4 Männerstimmen m. Begl. d. Pfte</title>. <format>Partitur</format> (10 Ngr.) <format>Stimmen</format> (10 Ngr.) <pubPlace key="place_0044">Berlin</pubPlace>, <publisher key="publ_0393">Bote u. B</publisher>. 20 Ngr.</bibl>
</div><pb n="65"/><div id="hofm_1850_04_0065_div19">
<head><hofClass key="hofCl_0268">Opernmusik mit Pianofortebegleitung.</hofClass></head>
<bibl id="hofm_1850_04_0065_01">† <composer key="compo_001395">Balfe (M.W.)</composer> <title>Terzett f. 3 weibl. Stimmen (2 Sopr. u. Alt) aus der komischen Oper: Falstaff. Vorrei parlar ma l’ira (Zorn lähmet meine Zunge.)</title> <pubPlace key="place_0044">Berlin</pubPlace>, <publisher key="publ_0393">Bote u. Bock</publisher> 1 Thlr.</bibl>
<bibl id="hofm_1850_04_0065_02">† – <title>Der Mulatte. Romantische Oper. No. 14, Rec. u. Arie (Sopran) O Gott, lass es gelingen (Neu componirt f. Frau L. Köster in Berlin.)</title> <pubPlace key="place_0731">Wien</pubPlace>, <publisher key="publ_2605">Mechetti</publisher> 30 Xr.</bibl>
<wip id="hofm_1850_04_0065_03">† <composer key="compo_001718">Battista (V.)</composer> <title>Irene. Melodramma semiserio</title>. <pubPlace key="place_0437">Mailand</pubPlace>, <publisher key="publ_3241">Ricordi</publisher>. <lb/><title>Sc. e Duetto (Sopr. e Ten.) Come il giglio</title>. 5 Fr. <lb/><title>Sc. ed Aria (Ten.) Tutto il bene</title>. 5 Fr.</wip>
<wip id="hofm_1850_04_0065_04"><composer key="compo_013060">Halévy (F.)</composer> <title>Die Rosenfee (La Fée aux Roses.) Romantisch-komische Zauberoper</title>. <pubPlace key="place_0044">Berlin</pubPlace>, <publisher key="publ_3471">Schlesinger</publisher>. <lb/><title>No. 3, Romance (Sopran) Près de toi (Dich benetzen meine Thränen.)</title> 10 Ngr. <lb/>– <title>4, Trio (3 Soprane) Désir de fille (Jetzt nur besonnen)</title> 1 Thlr. 10 Ngr. <lb/>– <title>5, Duo (Sopr. u. Bass) Si tu pouvais (Wollte dein Eigensinn)</title> 22½ Ngr. <lb/>– <title>6, Romance (Tenor) Oui, chaque jour (Ja jeden Tag)</title> 7½ Ngr. <lb/>– <title>7, Aria (Sopr.) Des roses partout (Von Rosen rings umgeben)</title> 15 Ngr. <lb/>– <title>9, Duo (Sopr. u. Tenor) Si votre Iangue (Bräche dein Mund)</title> 20 Ngr. <lb/>– <title>10, Duo (Sopr. u. Tenor) N’y pensons plus (Es ist umsonst.)</title> 20 Ngr.</wip><bibl id="hofm_1850_04_0065_05"><composer key="compo_029617">Saloman (S.)</composer> <title>Das Diamantkreuz. Komische Oper in 3 Aufzügen von Th. Overskou. <format>Vollständiger Clavierauszug</format>, mit dem Portrait des Componisten</title>. <pubPlace key="place_0276">Hamburg</pubPlace>, <publisher key="publ_3605">Schuberth u. Co</publisher>. geh. 10 Thlr.</bibl>
<wip id="hofm_1850_04_0065_06">† <composer key="compo_035403">Verdi (G.)</composer> <title>Luisa Miller, Melodramma tragico</title>. <pubPlace key="place_0437">Mailand</pubPlace>, <publisher key="publ_3241">Ricordi</publisher>. <lb/><title>No. 3, Sc. e Romanza (Sopr.) Lo vidi</title>. 2 Fr. <lb/>– <title>5, Sc. ed Aria (Barit.) Sacra la scelta</title>. 3 Fr. 50 Ct. <lb/>– <title>6, Sc. ed Aria (Basso) Il mio sangue</title>. 2 Fr. 25 Ct. <lb/>– <title>10, Sc. e Duetto (Contralto e Ten.) Dall’ aule raggianti</title>. 3 Fr. 50 Ct. <lb/>– <title>22, Sc. e Duetto (Sopr. e Barit.) Sotto al mio piede</title>. 5 Fr. 50 Ct.</wip></div><div id="hofm_1850_04_0065_div20"><head><hofClass key="hofCl_0040">Gesänge für eine Stimme mit Begleitung des Pianoforte.</hofClass></head>
<bibl id="hofm_1850_04_0065_07"><composer key="compo_001927">Beauplan (A. de)</composer> <title>Das wahre Glück ist nur bei dir! (Le vrai bonheur.)</title> <pubPlace key="place_0044">Berlin</pubPlace>, <publisher key="publ_3471">Schlesinger</publisher> 5 Ngr.</bibl>
<bibl id="hofm_1850_04_0065_08">† <composer key="compo_002067">Beer (Jul.)</composer> <title>Beim Feste. Trinklied v. E. Geibel</title>. <pubPlace key="place_0044">Berlin</pubPlace>, <publisher key="publ_0393">Bote u. Bock</publisher> 10 Ngr.</bibl>
<bibl id="hofm_1850_04_0065_09">† – <title>Fischerlied aus d. Schauspiele: Wilhelm Tell, v. Schiller. Frühzeitiger Frühling, Gedicht von Göthe, f. Sopran (od. Tenor.)</title> Ebend. 12½ Ngr.</bibl>
<bibl id="hofm_1850_04_0065_10">† – <title>2 Lieder von E. Geibel, f. Sopran. (Zigeunerleben. Traumkönig u. sein Lieb.)</title> Ebend. 20 Ngr.</bibl>
<bibl id="hofm_1850_04_0065_11"><composer key="compo_002123">Behrens (J.J.)</composer> <title>Sprache er Melodie, f. Sopran (od. Tenor.)</title> <pubPlace key="place_0276">Hamburg</pubPlace>, <publisher key="publ_2870">Niemeyer</publisher> 7½ Ngr.</bibl>
<pb n="66"/>
<bibl id="hofm_1850_04_0066_01">† <composer key="compo_003090">Biscaro (Ant.)</composer> <title>La Cazza de le done. Canzonetta veneziana. Op. <opus key="opus_0012">1, No. 3</opus></title>. <pubPlace key="place_0437">Mailand</pubPlace>, <publisher key="publ_3241">Ricordi</publisher> 1 Fr. 50 Ct.</bibl>
<bibl id="hofm_1850_04_0066_02">† – <title>La Domanda. Aria veneziana. Op. <opus key="opus_0013">1, No. 4</opus></title>. Ebend. 2 Fr. 25 Ct.</bibl>
<bibl id="hofm_1850_04_0066_03">† <composer key="compo_005925">Conradi (Aug.)</composer> <title>5 Gesänge. Op. <opus key="opus_0684">14</opus>. (Die Blumen. Verrathene Liebe. Ständchen. Mägdleins Begräbniss. O weine nicht.)</title> <pubPlace key="place_0044">Berlin</pubPlace>, <publisher key="publ_0677">Damköhler</publisher> 17½ Ngr.</bibl>
<bibl id="hofm_1850_04_0066_04"><composer key="compo_009297">Fink (G.W.)</composer> <title>Musikalischer Hausschatz der Deutschen. Eine Sammlung von 1000 Liedern und Gesängen. <edition>3te Stereotyp-Ausgabe</edition>. 10 Hefte. 4tes u. 5tes Heft</title>. gr-8. <pubPlace key="place_0392">Leipzig</pubPlace>, <publisher key="publ_2594">Mayer</publisher> à 10 Ngr. n.</bibl>
<bibl id="hofm_1850_04_0066_05"><composer key="compo_011305">Giuliani (Mich.)</composer> <title>La Luna. Canto populare toscana. (Zu Amor sah man einstens.)</title> <pubPlace key="place_0044">Berlin</pubPlace>, <publisher key="publ_3471">Schlesinger</publisher> 5 Ngr.</bibl>
<bibl id="hofm_1850_04_0066_06"><composer key="compo_012499">Gumbert (Ferd.)</composer> <title>5 Lieder f. Sopran (od. Tenor.) Op. <opus key="opus_1999">28</opus>. (O sieh’ mich nicht so lächelnd an. Neapolitanisches Lied. Beim Scheiden. Leichter Sinn. Wiedersehn.)</title> <pubPlace key="place_0147">Dresden</pubPlace>, <publisher key="publ_2993">Paul</publisher> 22½ Ngr.</bibl>
<bibl id="hofm_1850_04_0066_07">– <title>O lieb’, so lang’ du lieben kannst. Abendstille. Gedichte von Freiligrath u. Kinkel, f. tiefe Stimme. Op. <opus key="opus_2131">30</opus></title>. <pubPlace key="place_0044">Berlin</pubPlace>, <publisher key="publ_3471">Schlesinger</publisher> 17½ Ngr.</bibl>
<bibl id="hofm_1850_04_0066_08"><composer key="compo_015025">Hoff (F.)</composer> <title>National-Eigenthum. Dichtung von O. v. Schlippenbach. Op. <opus key="opus_3565">6</opus></title>. <pubPlace key="place_0044">Berlin</pubPlace>, <publisher key="publ_3471">Schlesinger</publisher> 5 Ngr.</bibl>
<bibl id="hofm_1850_04_0066_09">† <composer key="compo_015820">Hölzel (Gust.)</composer> <title>In der Postkutsche. von L. Drevers. Op. <opus key="opus_3244">51</opus></title>. <pubPlace key="place_0731">Wien</pubPlace>, <publisher key="publ_4456">Witzendorf</publisher> 24 Xr.</bibl>
<bibl id="hofm_1850_04_0066_10">† – <title>Hans und Grete. Humoristisches Lied, v. L Uhland. Op. <opus key="opus_3282">52</opus></title>. Ebend. 15 Xr.</bibl>
<bibl id="hofm_1850_04_0066_11"><composer key="compo_017459">Kinkel (Joh)</composer> <title>Der Abschied, f. Alt od. Bariton. Op. <opus key="opus_1285">19, No. 5</opus></title>. <pubPlace key="place_0371">Cöln</pubPlace>, <publisher key="publ_3486">Schloss</publisher> 5 Ngr.</bibl>
<bibl id="hofm_1850_04_0066_12"><composer key="compo_018023">Koch (Ernst)</composer> <title>2 ernste Lieder f. Sopran (od. Tenor.) Geh’ zur Ruh’, mein Herz voll Sorgen. Ich hab’ im Traum geweinet!</title> <pubPlace key="place_0371">Cöln</pubPlace>, <publisher key="publ_3486">Schloss</publisher> 15 Ngr.</bibl>
<bibl id="hofm_1850_04_0066_13">– Idem f. Alt (od. Bass.) Ebend. 15 Ngr.</bibl>
<bibl id="hofm_1850_04_0066_14">– <title>Verlassen. Gedicht v. C.O. Sternau</title>. Ebend. 10 Ngr.</bibl>
<wip id="hofm_1850_04_0066_15"><composer key="compo_021018">Lindner (Aug.)</composer> <title>Lieder f. Sopran (od. Tenor.)</title> <pubPlace key="place_0280">Hannover</pubPlace>, <publisher key="publ_2808">Nagel</publisher> 22½ Ngr. <lb/><title>No. 1, Jedem das Seine</title>. 8¾ Ngr. <lb/>– <title>2, Grüsse</title>. 5 Ngr. <lb/>– <title>3, Ständchen</title>. 5 Ngr. <lb/>– <title>4, Mein Grab</title>. 5 Ngr. <lb/>– <title>5, Ich wollt’ ich wär ein Jägersmann</title>. 5 Ngr. <lb/>– <title>6, O lass’ mich ruhn</title>. 5 Ngr.</wip><bibl id="hofm_1850_04_0066_16">† <composer key="compo_021207">Loewe (C.)</composer> <title>Der Papagei. Humoristische Ballade von Fr. Rükkert. Op. <opus key="opus_0267">111</opus></title>. <pubPlace key="place_0044">Berlin</pubPlace>, <publisher key="publ_0677">Damköhler</publisher> 10 Ngr.</bibl>
<bibl id="hofm_1850_04_0066_17">– <title>Des Glockenthürmers Töchterlein, v. Fr. Rückert, für Sopran (od. Tenor.) Op. <opus key="opus_0296">112A</opus></title>. <pubPlace key="place_0044">Berlin</pubPlace>, <publisher key="publ_3471">Schlesinger</publisher> 10 Ngr.</bibl>
<bibl id="hofm_1850_04_0066_18"><composer key="compo_022865">Melchert (Jul.)</composer> <title>Frühlingslied f. Sopran (od. Tenor.) Op. <opus key="opus_1482">21</opus></title>. <pubPlace key="place_0276">Hamburg</pubPlace>, <publisher key="publ_2870">Niemeyer</publisher> 10 Ngr.</bibl>
<bibl id="hofm_1850_04_0066_19">– Idem f. Alt (od. Barit.) Ebend. 10 Ngr.</bibl>
<bibl id="hofm_1850_04_0066_20">– <title>4 Lieder f. Bariton (od. Alt.) Op. <opus key="opus_1584">22</opus>. (Sehnsucht. Die Nacht u. die Liebe. Liebeständelei. Wie bin ich so gern im Wald.)</title> Ebend. 12½ Ngr.</bibl>
<bibl id="hofm_1850_04_0066_21">– Idem f. Sopran (od. Tenor.) Ebend. 12½ Ngr.</bibl>
<bibl id="hofm_1850_04_0066_22">– <title>Tausendschön. Gedicht v. Fr. Förster, f. Sopran (od. Tenor.) Op. <opus key="opus_1661">23</opus></title>. Ebend. 10 Ngr.</bibl>
<bibl id="hofm_1850_04_0066_23">– Idem f. Alt (od. Barit.) Ebend. 10 Ngr.</bibl>
<pb n="67"/>
<bibl id="hofm_1850_04_0067_01"><composer key="compo_022904">Mendelssohn-Bartholdy (F.)</composer> <title>Seemann’s Scheidelied. Neue Dichtung von Hoffmann v. Fallersleben</title>. <pubPlace key="place_0044">Berlin</pubPlace>, <publisher key="publ_3471">Schlesinger</publisher> 7½ Ngr.</bibl>
<wip id="hofm_1850_04_0067_02">† <composer key="compo_023119">Methfessel (Alb.)</composer> <title>12 Lieder f. häusliche u. gesellige Kreise, f. Sopran (od. Tenor.) Op. <opus key="opus_0754">145</opus>. Heft 1, 2</title>. <pubPlace key="place_0044">Berlin</pubPlace>, <publisher key="publ_0677">Damköhler</publisher> à 10 Ngr. <lb/><title>Heft 1, Toast. Friedensruhe. Nutzanwendung</title>. <lb/>– <title>2, Erde so schön. Heimath. Wie könnt’ ich Dein vergessen</title>.</wip>
<bibl id="hofm_1850_04_0067_03">† – Idem f. Alt (od. Barit.) Heft 1, 2. Ebend. à 10 Ngr.</bibl>
<bibl id="hofm_1850_04_0067_04"><composer key="compo_023189">Mewes (W.)</composer> <title>Lied des Hérault de Sechelles aus dem Trauerspiel: Maximilian Robespierre, v. H. Griepenkerl</title>. <pubPlace key="place_0078">Braunschweig</pubPlace>, <publisher key="publ_3822">Spehr</publisher> 5 Ngr.</bibl>
<bibl id="hofm_1850_04_0067_05">† <composer key="compo_023201">Meyer (Ant.)</composer> <title>Der Räuber. Gedicht v. C. Fink, f. eine tiefe Stimme. Op. <opus key="opus_0021">10</opus></title>. <pubPlace key="place_0438">Mainz</pubPlace>, <publisher key="publ_3563">Schott</publisher> 27 Xr.</bibl>
<bibl id="hofm_1850_04_0067_06">† – <title>Die Monduhr. Gedicht v. R. Reinick, f. eine tiefe Stimme. Op. <opus key="opus_0234">11</opus></title>. Ebend. 27 Xr.</bibl>
<bibl id="hofm_1850_04_0067_07">† <composer key="compo_023601">Molique (B.)</composer> <title>6 Lieder. Op. <opus key="opus_2630">38</opus>. (Das Zigeunermädchen. Schneeglöckchen. Frühling. Liebchens Augen. Zwei Könige. Wohin?)</title> <pubPlace key="place_0419">London</pubPlace>, <publisher key="publ_0964">Ewer u. Co</publisher>. 1 Thlr.</bibl>
<bibl id="hofm_1850_04_0067_08">† – <title>6 geistliche Lieder nach Psalmen. Op. <opus key="opus_2670">39</opus>, Heft 1. (Lobe Gott. Ich ruf’ zu dir. Nach dir, O Herr.)</title> Ebend. 22½ Ngr.</bibl>
<bibl id="hofm_1850_04_0067_09"><composer key="compo_024434">Nathusius (M.Ph.)</composer> <title>6 Lieder v. E. Geibel. (Gruss. Einkehr. Hidalgo. Jägers Klage. Nachtlied. In der Mitternacht.)</title> <pubPlace key="place_0044">Berlin</pubPlace>, <publisher key="publ_3471">Schlesinger</publisher> 25 Ngr.</bibl>
<bibl id="hofm_1850_04_0067_10"><composer key="compo_024460">Naumann (F.W.)</composer> <title>3 Lieder f. Mezzo-Sopran (od. Barit.) Op. <opus key="opus_0001">1</opus>. Das Vöglein (Liten Fogel.) Da denk’ ich immer zurück. An die Fischerin</title>. <pubPlace key="place_0276">Hamburg</pubPlace>, <publisher key="publ_2870">Niemeyer</publisher> 7½ Ngr.</bibl>
<bibl id="hofm_1850_04_0067_11"><composer key="compo_024514">Neeb (H.)</composer> und <composer key="compo_035521">H.J. Vincent</composer>, <title>Die deutsche Mutter. Gedicht, von C.H. Schnauffer</title>. <pubPlace key="place_0199">Frankfurt</pubPlace>, <publisher key="publ_2250">Küchler (in Comm</publisher>. 54 Xr. n.</bibl>
<bibl id="hofm_1850_04_0067_12"><title>Pater und Filius, Liedersammlung für heitre Kreise. 1tes Heft 3 neue Lieder mit alten Singweisen. (Ein listig Liedlein. Die Titel. Zu Cöln am Rhein.)</title> 8. <pubPlace key="place_0523">Oldenb</pubPlace>., <publisher key="publ_3654">Schulze’sche Buchh</publisher>. 5 Ngr. n.</bibl>
<bibl id="hofm_1850_04_0067_13"><composer key="compo_026184">Petersen (J.)</composer> <title>12 leichte Lieder. Op. <opus key="opus_0021">10</opus></title>. 8vo. <pubPlace key="place_0276">Hamburg</pubPlace>, <publisher key="publ_2870">Niemeyer</publisher> 12½ Ngr.</bibl>
<bibl id="hofm_1850_04_0067_14"><title>Polyhymnia. Auswahl beliebter Gesänge und Lieder f. Alt (od. Bariton.) No. 1–16, von <composer key="compo_007238">Dorn</composer>, <composer key="compo_014824">Hiller</composer>, <composer key="compo_018010">Koch</composer> u. A. m</title>. <pubPlace key="place_0371">Cöln</pubPlace>, <publisher key="publ_3486">Schloss</publisher> à 5–18 Ngr.</bibl>
<bibl id="hofm_1850_04_0067_15"><composer key="compo_027879">Reinecke (C.)</composer> <title>Du bist wie eine Blume. O könnt’ ich Dir nur sagen. 2 Lieder</title>. <pubPlace key="place_0276">Hamburg</pubPlace>, <publisher key="publ_3605">Schuberth u. Co</publisher>. 7½ Ngr.</bibl>
<bibl id="hofm_1850_04_0067_16"><composer key="compo_027982">Reissiger (C.G.)</composer> u. <composer key="compo_032798">L. Spohr</composer>. <title>Zwei Lieder. (Beständigkeit. An die Geliebte.)</title> <pubPlace key="place_0276">Hamburg</pubPlace>, <publisher key="publ_3605">Schuberth u. Co</publisher>. 10 Ngr.</bibl>
<bibl id="hofm_1850_04_0067_17"><composer key="compo_031584">Schäffer (Aug.)</composer> <title>Heitere Lieder. Op. <opus key="opus_1731">24</opus>. Lief. 1, Nur aus Liebe (Nicht den Herzen soll ich folgen.)</title> <pubPlace key="place_0044">Berlin</pubPlace>, <publisher key="publ_3471">Schlesinger</publisher> 12½ Ngr.</bibl>
<bibl id="hofm_1850_04_0067_18">† – <title>Ständchen</title>. (Lua, Lieder-Lenz No. 7.) <pubPlace key="place_0044">Berlin</pubPlace>, <publisher key="publ_0393">Bote u. Bock</publisher> 5 Ngr.</bibl>
<bibl id="hofm_1850_04_0067_19"><composer key="compo_030805">Schnell (Fr.)</composer> <title>2 Lieder f. Mezzo-Sopran (od. Barit.) Wärst du du auf ewig mein. Wer weiss, wie viel der Sterne</title>. <pubPlace key="place_0280">Hannover</pubPlace>, <publisher key="publ_2808">Nagel</publisher> 10 Ngr.</bibl>
<bibl id="hofm_1850_04_0067_20"><composer key="compo_031150">Schuberth (Jul.)</composer> <title>Omnibus f. Gesang. Auswahl ein- u. zweistimmiger Gesänge f. Begl. d. Pfte. 4ter Jahrg. 12 Hefte</title>. <pubPlace key="place_0276">Hamburg</pubPlace>, <publisher key="publ_3605">Schuberth u. Co</publisher>. Subscr.-Pr. 2 Thlr. *n.</bibl>
<bibl id="hofm_1850_04_0067_21"><composer key="compo_032794">Spohr</composer>. Siehe: <xref type="external" from="hofm_1850_04_0067_16" to="DITTO" targOrder="U">Reissiger</xref>.</bibl>
<pb n="68"/>
<bibl id="hofm_1850_04_0068_01"><composer key="compo_034896">Truhn (H.)</composer> <title>3 deutsche Lieder. Op. <opus key="opus_4704">97</opus>. (Die Verlass’ne. Mignon. Vorbei.)</title> <pubPlace key="place_0373">Königsberg</pubPlace>, <publisher key="publ_3045">Pfitzer u. Heilmann</publisher> 12½ Ngr.</bibl>
<bibl id="hofm_1850_04_0068_02"><composer key="compo_035521">Vincent</composer>. Siehe: <xref type="external" from="hofm_1850_04_0067_11" to="DITTO" targOrder="U">Neeb</xref>.</bibl>
<bibl id="hofm_1850_04_0068_03"><title>Volkslied (irisches) Die letzte Rose, f. Sopran (od. Tenor.)</title> <pubPlace key="place_0280">Hannover</pubPlace>, <publisher key="publ_0145">Bachmann</publisher> 5 Ngr.</bibl>
<bibl id="hofm_1850_04_0068_04">– Idem f. Alt (od. Bariton) Ebend. 5 Ngr.</bibl>
<bibl id="hofm_1850_04_0068_05">– <title>(östreichisches) eingelegt in das Versprechen hinter’m Heerd: Ja auf der Alm, das ist ein’ Freud’</title>. (Lieder-Tempel No. 75.) <pubPlace key="place_0044">Berlin</pubPlace>, <publisher key="publ_0393">Bote u. Bock</publisher> 5 Ngr.</bibl>
<bibl id="hofm_1850_04_0068_06"><composer key="compo_036379">Weidt (H.)</composer> <title>3 Lieder. Op. <opus key="opus_3181">5</opus>. (Wenn ich dir so in’s Auge seh. Als ich dir Lebewohl gesagt. Ich wandle allein auf nächtlicher Bahn.)</title> <pubPlace key="place_0276">Hamburg</pubPlace>, <publisher key="publ_2870">Niemeyer</publisher> 12½ Ngr.</bibl>
<bibl id="hofm_1850_04_0068_07">– <title>Die 150 Husaren. Ungarische Ballade, f. Bass (od. Bariton) Op. <opus key="opus_3565">6</opus></title>. Ebend. 12½ Ngr.</bibl>
<bibl id="hofm_1850_04_0068_08"><composer key="compo_037890">Zander (Fr.)</composer> <title>4 Lieder (Heimweh. Klage. Aus Frühling Liebster. Aus Magdalene.)</title> <pubPlace key="place_0373">Königsberg</pubPlace>, <publisher key="publ_3045">Pfitzer u. Heilmann</publisher> 10 Ngr.</bibl>
</div><div id="hofm_1850_04_0068_div21"><head><hofClass key="hofCl_0077">Lehrbücher für den Gesang.</hofClass></head>
<bibl id="hofm_1850_04_0068_09"><title>Singübungen zur Ausbildung der Stimme, so wie zum Treffen der Intervalle</title>. <pubPlace key="place_0280">Hannover</pubPlace>, <publisher key="publ_0145">Bachmann</publisher> 5 Ngr.</bibl>
</div><div id="hofm_1850_04_0068_div22"><head><hofClass key="hofCl_0287">Theoretische Werke.</hofClass></head>
<bibl id="hofm_1850_04_0068_10"><author>Christern</author>, <title>Karl Krebs, als Mensch, Componist und Dirigent. Eine biographisch-musikalische Studie</title>. 8. <pubPlace key="place_0276">Hamburg</pubPlace>, <publisher key="publ_3605">Schuberth u. Co</publisher>. 6 Ngr. n.</bibl>
<bibl id="hofm_1850_04_0068_11"><composer key="compo_006306">Czerny (Ch.)</composer> <title>Die Schule der practischen Tonsetzkunst, oder vollständiges Handbuch der Composition aller Gattungen und Formen der bis jetzt üblichen Musikwerke sowohl für die Instrumente wie für den Gesang. Op. <opus key="opus_3610">600</opus>. 3ter Band: Von der Instrumentation</title>. <pubPlace key="place_0069">Bonn</pubPlace>, <publisher key="publ_3791">Simrock</publisher> geh. 18 Fr.</bibl>
<bibl id="hofm_1850_04_0068_12"><author>Ebeling (A.)</author> <title>Jenny, die schwedische Sängerin. Novelle</title>. <pubPlace key="place_0276">Hamburg</pubPlace>, <publisher key="publ_4179">Verlags-Comptoir</publisher> geh. 1 Thlr. 15 Ngr.</bibl>
</div><div id="hofm_1850_04_0068_div23"><head><hofClass key="hofCl_0284">Textbücher.</hofClass></head>
<bibl id="hofm_1850_04_0068_13"><title>Ein Fürst. Charakterbild mit Gesang v. F. Kaiser</title>. 8. <pubPlace key="place_0731">Wien</pubPlace>, <publisher key="publ_4267">Wallishausser</publisher> geh. 15 Ngr.</bibl>
<bibl id="hofm_1850_04_0068_14"><title>Männer-Schönheit. Original-Charakterbild mit Gesang von F. Kaiser</title>. 8. <pubPlace key="place_0731">Wien</pubPlace>, <publisher key="publ_4267">Wallishausser</publisher> geh. 15 Ngr.</bibl>
<bibl id="hofm_1850_04_0068_15"><title>Die Rosenfee. Romantisch-komische Zauber-Oper. Nach d. Franz. des Scribe u. St. Georges v. <author>J.C. Grünbaum</author></title>. gr. 8. <pubPlace key="place_0044">Berlin</pubPlace>, <publisher key="publ_3471">Schlesinger</publisher> geh. 5 Ngr. n.</bibl>
<bibl id="hofm_1850_04_0068_16"><author>Sternau (C.O.)</author> <title>Verbindender Text zu C.M. von Weber’s vollständiger Musik: Preciosa</title>. 8. <pubPlace key="place_0044">Berlin</pubPlace>, <publisher key="publ_3471">Schlesinger</publisher> geh. 3 Ngr.</bibl>
</div></body></text></TEI.2>