<?xml version="1.0" encoding="utf-8"?>
<!DOCTYPE TEI.2
  SYSTEM "../../dtd/tei/cch_tei.dtd">
<TEI.2 id="hofm_1852_06">
<teiHeader type="text"><fileDesc><titleStmt><title>Juni 1852</title></titleStmt><publicationStmt><p/></publicationStmt><sourceDesc><p/></sourceDesc></fileDesc><profileDesc><langUsage><language id="ger">German</language><language id="fre">French</language><language id="ita">Italian</language></langUsage></profileDesc><revisionDesc><change><date>2007-09-20</date><respStmt><name>EP</name></respStmt><item>missing @id added</item></change><change><date>2007-06-08</date><respStmt><name>ER</name></respStmt><item>p. 96, Massart - composer tagging adjusted</item></change><change><date>2007-04-27</date><respStmt><name>RV</name></respStmt><item>Changed "biblGroup" elements in "listBibl"</item></change><change><date>2007-03-02</date><respStmt><name>EP</name></respStmt><item>Checked curly brackets</item></change><change><date>2007-02-26</date><respStmt><name>EP</name></respStmt><item>Encoded curly brackets</item></change><change><date>2006-12-19</date><respStmt><name>EP</name></respStmt><item>sic and unclear moved outside elements pubplaces, publisher, composer, hofclass, key, opus</item></change><change><date>2007-01-02</date><respStmt><name>Liz</name></respStmt><item>p. 108 Teichmann (not Teichamnn)</item></change><change><date>2006-09-27</date><respStmt><name>Liz</name></respStmt><item>p. 101 opus tagging adjusted</item></change><change><date>2006-09-17</date><respStmt><name>Liz</name></respStmt><item>p. 107 rothe (not rother)</item></change><change><date>2006-03-03</date><respStmt><name>Liz</name></respStmt><item>Xrefs done</item></change><change><date>2006-01-20</date><respStmt><name>Liz</name></respStmt><item>p. 105, 106 Rotterdam place, not publisher</item></change><change><date>2005-10-28</date><respStmt><name>Liz</name></respStmt><item>p. 96 adjusted composer tagging Massart, Mme A.</item></change><change><date>2005-07-19</date><respStmt><name>Mekala</name></respStmt><item>Final Revisions</item></change><change><date>2005-06-30</date><respStmt><name>Mekala</name></respStmt><item>Checking Screens </item></change><change><date>2005-05-03</date><respStmt><name>Mekala</name></respStmt><item>Revised</item></change><change><date>2005-04-29</date><respStmt><name>Mekala</name></respStmt><item>Checking Screens Reviewed</item></change><change><date>2005-04-07</date><respStmt><name>Mekala</name></respStmt><item>Revised following feedback March 14, 2005</item></change><change><date>2005-03-10</date><respStmt><name>Mekala</name></respStmt><item>Revised following feedback March 8, 2005</item></change><change><date>2005-02-11</date><respStmt><name>Mekala</name></respStmt><item>Revised</item></change><change><date>2005-02-06</date><respStmt><name>Mekala</name></respStmt><item>First Coding</item></change></revisionDesc></teiHeader>
<text><body><pb n="94"/><head>Juni 1852.</head><div id="hofm_1852_06_0094_div01"><head><hofClass key="hofCl_0164">Musik für das Orchester.</hofClass></head>
<bibl id="hofm_1852_06_0094_01"><title>Casino. Sammlung von Favoritstücken u. Potpourris a. d. neuesten Opern, eing. f. 8-, 12- u. 15stimmiges Orchester. No. 22, Meyerbeer, Robert der Teufel. Potpourri</title>. <pubPlace key="place_0475">München</pubPlace>, <publisher key="publ_0028">Aibl</publisher> 1 Thlr. 25 Ngr.</bibl>
<bibl id="hofm_1852_06_0094_02"><composer key="compo_014579">Herzog, A.</composer>, <title>Tänze f. gr. Orchester. Heft 13, Rostocker-Polka (No. 33) u.: Redowa animée (No. 34)</title>. <pubPlace key="place_0276">Hamburg</pubPlace>, <publisher key="publ_0540">Böhme</publisher> 1 Thlr. 7½ Ngr.</bibl>
<bibl id="hofm_1852_06_0094_03"><composer key="compo_017572">Kittl, J.F.</composer>, <title>2 Defilir-Märsche f. öesterr. Militair-Musik. Op. <opus key="opus_2271">32. No. 1, 2</opus></title>. <pubPlace key="place_0731">Wien</pubPlace>, <publisher key="publ_3833">Spina</publisher> à 1 Thlr. 13 Ngr.</bibl>
<bibl id="hofm_1852_06_0094_04"><composer key="compo_019654">Labitzky, Jos.</composer>, <title>Die Sylphen. Walzer f. gr. Orch. Op. <opus key="opus_1321">195</opus></title>. <pubPlace key="place_0392">Leipzig</pubPlace>, <publisher key="publ_1746">Hofmeister</publisher> 2 Thlr. 10 Ngr.</bibl>
<bibl id="hofm_1852_06_0094_05">– <title>Dornroschen. Galopp f. gr. Orch. Op. <opus key="opus_1328">196</opus></title>. Ebend. 1 Thlr. 7½ Ngr.</bibl>
<bibl id="hofm_1852_06_0094_06">– <title>Beliebte Walzer u. Polka f. 2 Viol., Bratsche, Flöte, Clarinette, 2 Hörner u. Bass (Vclle ad lib.) No. 32, 33</title>. Ebend. <lb/><title>No. 32, Die Sylphen. Walzer. Op. <opus key="opus_1321">195</opus></title>. 28 Ngr. <lb/>– <title>33, Dornröschen. Galopp. Op. <opus key="opus_1328">196</opus></title>. 16 Ngr.</bibl>
<bibl id="hofm_1852_06_0094_07"><composer key="compo_021140">Litolff, H.</composer>, <title>Ouverture zu: Die Girondisten, Trauerspiel von R. Griepenkerl, f. gr. Orch. Op. <opus key="opus_4326">80</opus></title>. <pubPlace key="place_0078">Braunschweig</pubPlace>, <publisher key="publ_2681">Meyer</publisher>. <lb/><title>Partitur</title>. 8vo. geh. 2 Thlr. <lb/><title>Orchesterstimmen</title> 4 Thlr.</bibl>
<bibl id="hofm_1852_06_0094_08"><composer key="compo_022432">Massak</composer>, <title>Manövrir-Marsch f. Militair-Musik. <format>Partitur</format> (No. 11.)</title> <pubPlace key="place_0731">Wien</pubPlace>, <publisher key="publ_2605">Mechetti</publisher> 15 Ngr.</bibl>
<bibl id="hofm_1852_06_0094_09">– <title>A rivederci (Auf Wiedersehen) Marsch f. do. <format>Partitur</format>. (No. 12)</title> Ebend. 15 Ngr.</bibl>
<bibl id="hofm_1852_06_0094_10">– <title>Der Straomer. Manövrir-Marsch f. do. <format>Part</format>. (No. 13.)</title> Ebend. 15 Ngr.</bibl>
<bibl id="hofm_1852_06_0094_11"><composer key="compo_033569">Strauss, Joh.</composer>, <title>Albion-Polka f. Orch. Op. <opus key="opus_0094">102</opus></title>. <pubPlace key="place_0731">Wien</pubPlace>, <publisher key="publ_1506">Haslinger</publisher> 25 Ngr.</bibl>
<bibl id="hofm_1852_06_0094_12">– <title>Vivat! Quadrille f. Orch. Op. <opus key="opus_0115">103</opus></title>. Ebend. 1 Thlr. 20 Ngr.</bibl>
<bibl id="hofm_1852_06_0094_13">– <title>Windsor-Klänge. Walzer f. Orch. Op. <opus key="opus_0137">104</opus></title>. Ebend. 1 Thlr. 25 Ngr.</bibl>
<bibl id="hofm_1852_06_0094_14"><composer key="compo_033607">Streck, P.</composer>, <title>6 Stücke f. vollst. Harmonie, mit türkischer Musik. 1ste Parthie. Op. <opus key="opus_1678">230</opus> (Mehul, Jagd-Ouverture. Der alte Feldherr, gr. Potpourri. 4 Defilir-Feldschritt-Märsche.)</title> <pubPlace key="place_0475">München</pubPlace> (<pubPlace key="place_0392">Leipzig</pubPlace>, <publisher key="publ_1746">Hofmeister</publisher>) 8 Fl.</bibl>
<bibl id="hofm_1852_06_0094_15">– <title>8 Stücke f. do. 2te Parthie. Op. <opus key="opus_1681">231</opus> (3 Defilir-Feld-schritt-Märsche. Galopp. Walzer. Morgen- u. Abend-Segen. Polka. Die letzte Ehre am Grabe.)</title> Ebend. 4 Fl. 30 Xr.</bibl>
<bibl id="hofm_1852_06_0094_16">– <title>8 Stücke f. vollst. Harmonie, mit türkischer Musik ad lib. 3te Parthie. Op. <opus key="opus_1688">232</opus> (Chor v. Beethoven. Marsch. Française. Walzer. Ländler. Adagio mit Allegro. Polka. Das fröhliche Wiedersehen.)</title> Ebend. 3 Fl.</bibl>
<bibl id="hofm_1852_06_0094_17">– <title>6 Stücke f. vollst. Harmonie-Blechmusik. 4te Parthie. Op. <opus key="opus_1692">233</opus>. (Ouverture. Musikal. Telegraph, Potpourri. 2 Feldschritt-Märsche. Polka. Walzer.)</title> Ebend. 7 Fl.</bibl>
<pb n="95"/>
<bibl id="hofm_1852_06_0095_01"><composer key="compo_033607">Streck, P.</composer>, <title>8 Stücke f. kl. Harmonie-Belchmusik. Op. <opus key="opus_1696">234</opus>. 5te Parthie (3 Feldschritt-Märsche. Polka. Adagio. Schottisch. Andante u. Polonaise. Das Abendsternchen u. der Sonnenaufgang auf den Alpen)</title>. <pubPlace key="place_0475">München</pubPlace> (<pubPlace key="place_0392">Leipzig</pubPlace>, <publisher key="publ_1746">Hofmeister</publisher>) 3 Fl. 30 Xr.</bibl>
<bibl id="hofm_1852_06_0095_02">– <title>12 Stücke f. do. Op. <opus key="opus_1700">235</opus>. <format>6te Parthie</format> (Polonaise. Feldschritt-Marsch. Hymne. Jägermarsch. 2 Polka. Militair-Kirchengebet. Gebirgs-Klänge, Ländler. Schottisch Andantino. Walzer. Galopp.)</title> Ebend. 3 Fl. 24 Xr.</bibl>
</div><div id="hofm_1852_06_0095_div02"><head><hofClass key="hofCl_0245">Musik für die Violine.</hofClass></head>
<bibl id="hofm_1852_06_0095_03"><composer key="compo_001528">Barnbeck, Fr.</composer>, <title>Theoretisch-praktische Anleitung zum Violinspiel, mit bes. Rücksicht a. d. Selbstunterricht. 1ster Theil <edition>2te Aufl</edition></title>. 8. <pubPlace key="place_0662">Stuttgart</pubPlace>, <publisher key="publ_1451">Hallberger’s Verlag</publisher>, geh. 27 Ngr. n.</bibl>
<bibl id="hofm_1852_06_0095_04"><composer key="compo_004318">Broch, Ph.</composer>, <title>4 Etudes p. Violon. Op. <opus key="opus_3565">6</opus></title>. <pubPlace key="place_0731">Wien</pubPlace>, <publisher key="publ_1269">Glöggl</publisher> 12 Ngr.</bibl>
<bibl id="hofm_1852_06_0095_05"><composer key="compo_024173">Müller, Bernard A.G.</composer>, <title>1er Concerto p. Violon av. Orch. Op. <opus key="opus_1372">2</opus>, in <key>D</key></title>. <pubPlace key="place_0078">Braunschweig</pubPlace>, <publisher key="publ_3822">Spehr</publisher> 3 Thlr. 15 Ngr.</bibl>
<bibl id="hofm_1852_06_0095_06"><composer key="compo_032348">Singer, E.</composer>, <title>Fantaisie hongroise sur des Motifs de l’Opéra : A. Kunok, de Császár, p. Violon av. Orch. Op. <opus key="opus_3967">7</opus></title>. <pubPlace key="place_0392">Leipzig</pubPlace>, <publisher key="publ_2017">Kistner</publisher> 2 Thlr.</bibl>
</div><div id="hofm_1852_06_0095_div03"><head><hofClass key="hofCl_0184">Musik für das Violoncell.</hofClass></head>
<bibl id="hofm_1852_06_0095_07"><composer key="compo_009718">Franchomme, A.</composer>, <title>Grande Valse. Morceau de Concert p. Violoncelle av. Orch. Op. <opus key="opus_2403">34</opus></title>. <pubPlace key="place_0438">Mainz</pubPlace>, <publisher key="publ_3563">Schott</publisher> 3 Fl.</bibl>
</div><div id="hofm_1852_06_0095_div04"><head><hofClass key="hofCl_0200">Musik für die Flöte.</hofClass></head>
<bibl id="hofm_1852_06_0095_08"><composer key="compo_003500">Boehm, Th.</composer>, <title>Fantaisie sur des Airs écossais p. Flûte av. Orch. Op. <opus key="opus_1802">25</opus></title>. <pubPlace key="place_0438">Mainz</pubPlace>, <publisher key="publ_3563">Schott</publisher> 5 Fl. 24 Xr.</bibl>
<bibl id="hofm_1852_06_0095_09"><composer key="compo_025363">Onslow, G.</composer>, <title>Quintetto p. Flûte, Hautbois, Clarinette, Cor et Basson. Op. <opus key="opus_4354">81</opus></title>. <pubPlace key="place_0392">Leipzig</pubPlace>, <publisher key="publ_2017">Kistner</publisher> 1 Thlr. 20 Ngr.</bibl>
</div><div id="hofm_1852_06_0095_div05"><head><hofClass key="hofCl_0247">Musik für die Zither.</hofClass></head>
<bibl id="hofm_1852_06_0095_10"><composer key="compo_016682">Jüllig, Fr.</composer>, <title>10 Lieder ohne Worte, f. Zither</title>. qu.-8. <pubPlace key="place_0731">Wien</pubPlace>, <publisher key="publ_2779">Müller</publisher> 12 Ngr.</bibl>
</div><div id="hofm_1852_06_0095_div06"><head><hofClass key="hofCl_0205">Musik für die Guitarre.</hofClass></head>
<bibl id="hofm_1852_06_0095_11"><composer key="compo_023048">Mertz, J.K.</composer>, <title>Barden-Klänge. Original-Compositionen f. Guit. Op. <opus key="opus_0535">13. No. 12, 13</opus>, Oginski, M., 7 Polonaises fav</title>. <pubPlace key="place_0731">Wien</pubPlace>, <publisher key="publ_1506">Haslinger</publisher> à 10 Ngr.</bibl>
<bibl id="hofm_1852_06_0095_12"><composer key="compo_023064">Merz, J.K.</composer>, u. <composer key="compo_023050">Josephine Mertz</composer>, <title>Duetten. Unterhaltende Tonstücke verschied. Characters, f. Guitarre u. Pfte. No. 1, 2</title>. <pubPlace key="place_0475">München</pubPlace>, <publisher key="publ_0028">Aibl</publisher> à 10 Ngr. <lb/><title>No. 1, Mazurka. Op. <opus key="opus_2764">40</opus></title>. <lb/>– <title>2, Barcarole. Op. <opus key="opus_2804">41</opus></title>.</bibl>
</div><div id="hofm_1852_06_0095_div07"><head><hofClass key="hofCl_0167">Musik für das Pianoforte mit Begleitung.</hofClass></head>
<bibl id="hofm_1852_06_0095_13"><composer key="compo_000985">Arzoletti, F.</composer>, <title>Le Délire. Fantaisie p. Pfte et Violon. Op. <opus key="opus_2737">4</opus></title>. <pubPlace key="place_0731">Wien</pubPlace>, <publisher key="publ_1269">Glöggl</publisher> 1 Thlr.</bibl>
<bibl id="hofm_1852_06_0095_14"><composer key="compo_001153">Austri, G.</composer>, <title>Un Sogno lusinghiero. Capriccio fantastico p. Violino con Pfte. Op. <opus key="opus_4300">8</opus></title>. <pubPlace key="place_0437">Mailand</pubPlace>, <publisher key="publ_3241">Ricordi</publisher> 6 Fr.</bibl>
<pb n="96"/>
<bibl id="hofm_1852_06_0096_01"><composer key="compo_002325">Benesch, Jos.</composer>, <title>Morceau de Salon. Introduction et Air varié p. Viol. av. Pfte. Op. <opus key="opus_1661">23</opus></title>. <pubPlace key="place_0731">Wien</pubPlace>, <publisher key="publ_1269">Glöggl</publisher> 1 Thlr.</bibl>
<bibl id="hofm_1852_06_0096_02"><composer key="compo_004899">Beriot, Ch. de</composer>, <title>Op. <opus key="opus_4377">82</opus></title>. Siehe: <xref type="external" from="hofm_1852_06_0096_20" to="DITTO" targOrder="U">Osborne</xref>.</bibl>
<bibl id="hofm_1852_06_0096_03"><composer key="compo_003500">Boehm, Th.</composer>, <title>Fantaisie sur des Airs écossais p. Flûte av. Pfte. Op. <opus key="opus_1802">25</opus></title>. <pubPlace key="place_0438">Mainz</pubPlace>, <publisher key="publ_3563">Schott</publisher> 2 Fl. 24 Xr.</bibl>
<bibl id="hofm_1852_06_0096_04"><composer key="compo_004262">Briccialdi, G.</composer>, <title>Capriccio p. Flauto con Pfte. Op. <opus key="opus_3767">64</opus></title>. <pubPlace key="place_0437">Mailand</pubPlace>, <publisher key="publ_3241">Ricordi</publisher> 6 Fr.</bibl>
<bibl id="hofm_1852_06_0096_05"><composer key="compo_007873">Edele, J.</composer>, <title>4 Lieder ohne Worte, f. Oboe (od. Violine), Alt u. Pfte. Op. <opus key="opus_1372">2</opus>. Heft 1</title>. <pubPlace key="place_0341">Cassel</pubPlace>, <publisher key="publ_2497">Luckhardt</publisher> 1 Thlr. 15 Ngr.</bibl>
<bibl id="hofm_1852_06_0096_06">– <title>6 Lieder ohne Worte, f. Violine, Vclle u. Pfte. Op. <opus key="opus_2116">3</opus>. Heft 1</title>. Ebend. 1 Thlr. 5 Ngr.</bibl>
<bibl id="hofm_1852_06_0096_07"><composer key="compo_009718">Franchomme, A.</composer>, <title>Grande Valse Morceau de Concert p. Violoncelle av. Pfte. Op. <opus key="opus_2403">34</opus></title>. <pubPlace key="place_0438">Mainz</pubPlace>, <publisher key="publ_3563">Schott</publisher> 1 Fl. 30 Xr.</bibl>
<bibl id="hofm_1852_06_0096_07_j"><composer key="compo_015944">Hünten, Fr.</composer>, <title>Second Trio brill. (arr.) p. Pfte, Flûte et Vclle. Op. <opus key="opus_4601">91</opus></title>. <pubPlace key="place_0438">Mainz</pubPlace>, <publisher key="publ_3563">Schott</publisher> 3 Fl.</bibl>
<wip id="hofm_1852_06_0096_09"><composer key="compo_016840">Kalliwoda, J.W.</composer>, <title>2 Pièces amusantes p. Violoncelle et Pfte. Op. <opus key="opus_1212">184. No. 1, 2</opus></title>. <pubPlace key="place_0392">Leipzig</pubPlace>, <publisher key="publ_3023">Peters</publisher>. <lb/><title>No. 1, Fantaisie. Reminiscence de Herold</title>. 25 Ngr. <lb/>– <title>2, Larghetto et Rondoletto. Reminiscence d’Adam</title>. 22 Ngr.</wip>
<wip id="hofm_1852_06_0096_10"><composer key="compo_019119">Kullak, Th.</composer>, et <composer key="compo_037781">R. Würst</composer>, <title>3 Duos p. Pfte et Violon. Op. <opus key="opus_4157">76. No. 1–3</opus></title>. <pubPlace key="place_0392">Leipzig</pubPlace>, <publisher key="publ_3023">Peters</publisher>. <lb/><title>No. 1, Nocturne</title>. 16 Ngr. <lb/>– <title>2, Barcarolle</title>. 16 Ngr. <lb/>– <title>3, Tarantelle</title>. 22 Ngr.</wip>
<bibl id="hofm_1852_06_0096_11"><composer key="compo_019654">Labitzky, Jos.</composer>, <title>Die Sylphen. Walzer f. Violine m. Pfte. Op. <opus key="opus_1321">195</opus></title>. <pubPlace key="place_0392">Leipzig</pubPlace>, <publisher key="publ_1746">Hofmeister</publisher> 15 Ngr.</bibl>
<bibl id="hofm_1852_06_0096_12">– <title>Dornröschen. Galopp. f. Violine m. Pfte. Op. <opus key="opus_1328">196</opus></title>. Ebend. 10 Ngr.</bibl>
<bibl id="hofm_1852_06_0096_13"><composer key="compo_021001">Linder, Aug.</composer>, <title>Chant d’Amour. Morceau de Salon p. Violoncelle av. Pfte. Op. <opus key="opus_1482">21</opus></title>. <pubPlace key="place_0078">Braunschweig</pubPlace>, <publisher key="publ_2681">Meyer</publisher> 20 Ngr.</bibl>
<bibl id="hofm_1852_06_0096_14">– <title>Caprice p. Violoncelle av. Pfte. Op. <opus key="opus_1584">22</opus></title>. Ebend. 22½ Ngr.</bibl>
<bibl id="hofm_1852_06_0096_15"><composer key="compo_021359">Louis, N.</composer>, <title>3 Valses brill. p. Pfte et Violon. No. 1–3</title>. <pubPlace key="place_0537">Paris</pubPlace>, <publisher key="publ_0412">Brandus et Co</publisher>. à 7 Fr. 50 Ct. <lb/><title>No. 1, Antonia. Op. <opus key="opus_1022">164</opus></title>. <lb/>– <title>2, Velleda. Op. <opus key="opus_1035">166</opus></title>. <lb/>– <title>3, Mélina. Op. <opus key="opus_1060">169</opus></title>.</bibl>
<bibl id="hofm_1852_06_0096_16"><composer key="compo_022438">Massart, Mme A. et L</composer>, <title>Souvenirs du Freischütz. Morceau de Salon p. Pfte et Violon</title>. <pubPlace key="place_0537">Paris</pubPlace>, <publisher key="publ_0412">Brandus et Co</publisher>. 10 Fr.</bibl>
<bibl id="hofm_1852_06_0096_17"><composer key="compo_024173">Müller, Bern., A.G.</composer>, <title>1er Concerto p. Violon av. Pfte. Op. <opus key="opus_1372">2</opus>, in <key>D</key></title>. <pubPlace key="place_0078">Braunschweig</pubPlace>, <publisher key="publ_3822">Spehr</publisher> 1 Thlr.22½ Ngr.</bibl>
<bibl id="hofm_1852_06_0096_18">– <title>Trio p. Pfte, Violon et Vclle. Op. <opus key="opus_2116">3</opus>, in <key>C</key></title>. <pubPlace key="place_0078">Braunschweig</pubPlace>, <publisher key="publ_2681">Meyer</publisher> 2 Thlr.</bibl>
<bibl id="hofm_1852_06_0096_19"><composer key="compo_025000">Norman, L.</composer>, <title>Sonate f. Pfte u. Violine. Op. <opus key="opus_2116">3</opus>, in <key>Dm</key></title>. <pubPlace key="place_0392">Leipzig</pubPlace>, <publisher key="publ_2017">Kistner</publisher> 1 Thlr. 15 Ngr.</bibl>
<bibl id="hofm_1852_06_0096_20"><composer key="compo_025439">Osborne</composer>, et <composer key="compo_004899">Beriot, Ch. de</composer>, <title>Duo brill sur la Reine de Chypre, de Halevy, p. Pfte et Violon. Op. <opus key="opus_4377">82</opus></title>. (Collection de Duos. Cah. 62). <pubPlace key="place_0438">Mainz</pubPlace>, <publisher key="publ_3563">Schott</publisher> 2 Fl. 24 Xr.</bibl>
<bibl id="hofm_1852_06_0096_21"><composer key="compo_025691">Panofka, H.</composer>, <title>2 Romances p. Violon av. Pfte. Op. <opus key="opus_4070">73</opus></title>. <pubPlace key="place_0731">Wien</pubPlace>, <publisher key="publ_2605">Mechetti</publisher> 15 Ngr.</bibl>
<bibl id="hofm_1852_06_0096_22"><composer key="compo_028618">Rode, P.</composer>, <title>Air varié p. Violon av. Pfte. Op. <opus key="opus_0021">10</opus>, in <key>G</key></title>. <pubPlace key="place_0044">Berlin</pubPlace>, <publisher key="publ_3471">Schlesinger</publisher> 10 Ngr.</bibl>
<bibl id="hofm_1852_06_0096_23"><composer key="compo_031995">Seligmann, P.</composer>, <title>Hommage à Auber. Caprice p. Violoncelle a Pfte. Op. <opus key="opus_3385">55</opus></title>. <pubPlace key="place_0537">Paris</pubPlace>, <publisher key="publ_0412">Brandus et Co</publisher>. 4½ Fr.</bibl>
<pb n="97"/>
<bibl id="hofm_1852_06_0097_01"><composer key="compo_032348">Singer, E.</composer>, <title>Fantaisie hongroise sur des Motifs de l’Opéra : A Kunok, de Császar, p. Violon av. Pfte. Op. <opus key="opus_3967">7</opus></title>. <pubPlace key="place_0392">Leipzig</pubPlace>, <publisher key="publ_2017">Kistner</publisher> 25 Ngr.</bibl>
<bibl id="hofm_1852_06_0097_02">– <title>3 Caprices p. Violon av. Pfte. Op. <opus key="opus_4562">9</opus></title>. Ebend. 25 Ngr.</bibl>
<bibl id="hofm_1852_06_0097_03"><composer key="compo_033569">Strauss, Joh.</composer>, <title>Albion Polka f. Violine u. Pfte. Op. <opus key="opus_0094">102</opus></title>. <pubPlace key="place_0731">Wien</pubPlace>, <publisher key="publ_1506">Haslinger</publisher> 7½ Ngr.</bibl>
<bibl id="hofm_1852_06_0097_04">– <title>Vivat! Quadrille f. do. Op. <opus key="opus_0115">103</opus></title>. Ebend. 15 Ngr.</bibl>
<bibl id="hofm_1852_06_0097_05">– <title>Windsor-Klänge. Walzer f. do. Op. <opus key="opus_0137">104</opus></title>. Ebend. 15 Ngr.</bibl>
<bibl id="hofm_1852_06_0097_06"><composer key="compo_035699">Volkmann, R.</composer>, <title>Trio f. Pfte, Violine u. Vclle. Op. <opus key="opus_3181">5</opus>, in <key>Bm</key></title>. <pubPlace key="place_0542">Pesth</pubPlace>, <publisher key="publ_3343">Rozsavölgyi u. Co</publisher>. 2 Thlr. 20 Ngr.</bibl>
<bibl id="hofm_1852_06_0097_07"><composer key="compo_036544">Weissenborn, E.</composer>, <title>Ländler f. Violine m. Pfte</title>. <pubPlace key="place_0392">Leipzig</pubPlace>, <publisher key="publ_3023">Peters</publisher> 1 Thlr.</bibl>
</div><div id="hofm_1852_06_0097_div08"><head><hofClass key="hofCl_0122">Musik für zwei Pianoforte zu acht Händen.</hofClass></head>
<bibl id="hofm_1852_06_0097_08"><composer key="compo_001079">Auber, D.F.E.</composer>, <title>Ouverture de l’Opéra : Les Diamans de la Couronne, arr. à 8 Mains p. 2 Pfte, par M. Decourcelle</title>. <pubPlace key="place_0537">Paris</pubPlace>, <publisher key="publ_0412">Brandus et Co</publisher>. 6 Fr.</bibl>
</div><div id="hofm_1852_06_0097_div09"><head><hofClass key="hofCl_0171">Musik für das Pianoforte zu vier Händen.</hofClass></head>
<bibl id="hofm_1852_06_0097_09"><composer key="compo_002077">Beethoven, L. van</composer>, <title>6 Quatuors p. Violon, arr. par. A.F. Anacker. Op. <opus key="opus_1176">18. No. 4</opus>, in <key>Cm</key></title>. <pubPlace key="place_0392">Leipzig</pubPlace>, <publisher key="publ_1746">Hofmeister</publisher> 1 Thlr. 5 Ngr.</bibl>
<bibl id="hofm_1852_06_0097_10">– <title>Polonaise, arr. v. C. Czerny. Op. <opus key="opus_4542">89</opus></title>. <pubPlace key="place_0731">Wien</pubPlace>, <publisher key="publ_2605">Mechetti</publisher> 20 Ngr.</bibl>
<bibl id="hofm_1852_06_0097_11"><composer key="compo_013697">Haydn, Jos.</composer>, <title>20 Quatuors p. Violon, arr. par F.X. Gleichauf. No. 5.(Op. <opus key="opus_3213">50. No. 2</opus>, in <key>C</key>.)</title> <pubPlace key="place_0392">Leipzig</pubPlace>, <publisher key="publ_1746">Hofmeister</publisher> 20 Ngr.</bibl>
<bibl id="hofm_1852_06_0097_12">– <title>Trois f. Pfte, arr. v. C. Burchard. No. 1, in <key>G</key>. No. 2, in <key>A</key>. No. 3, in <key>C</key>. No. 4. in <key>E</key>. No. 5 in <key>Es</key></title>. <pubPlace key="place_0392">Leipzig</pubPlace>, <publisher key="publ_0437">Breitkopf u. Härtel</publisher> à 25 Ngr.</bibl>
<bibl id="hofm_1852_06_0097_13"><composer key="compo_015930">Hünerfürst, H.</composer>, <title>Hoffnungs-Leuchten. Walzer. Op. <opus key="opus_3181">5</opus></title>. <pubPlace key="place_0147">Dresden</pubPlace>, <publisher key="publ_0199">Bauer</publisher> 20 Ngr.</bibl>
<bibl id="hofm_1852_06_0097_14"><composer key="compo_015944">Hünten, Fr.</composer>, <title>Fantaisie brill. sur : Semiramide, de Rossini, arr. par C. Klage. Op. <opus key="opus_2066">29</opus></title>. <pubPlace key="place_0044">Berlin</pubPlace>, <publisher key="publ_3471">Schlesinger</publisher> 15 Ngr.</bibl>
<bibl id="hofm_1852_06_0097_15"><composer key="compo_019654">Labitzky, Jos.</composer>, <title>Die Sylphen. Walzer. Op. <opus key="opus_1321">195</opus></title>. <pubPlace key="place_0392">Leipzig</pubPlace>, <publisher key="publ_1746">Hofmeister</publisher> 20 Ngr.</bibl>
<bibl id="hofm_1852_06_0097_16">– <title>Dornröschen. Galopp. Op. <opus key="opus_1328">196</opus></title>. Ebend. 12½ Ngr.</bibl>
<bibl id="hofm_1852_06_0097_17"><composer key="compo_023268">Meyerbeer, G.</composer>, <title>Fackeltanz zur Vermählungsfeier S.M.d. Königs v. Bayern mit d. Prinzessin Wilhelmine v. Preussen, arr</title>. <pubPlace key="place_0078">Braunschweig</pubPlace>, <publisher key="publ_3822">Spehr</publisher> 27½ Ngr.</bibl>
<bibl id="hofm_1852_06_0097_18"><title>Potpourris nach Melodien der beliebtesten Opern. No. 38, Balfe, Die Zieguenerin</title>. <pubPlace key="place_0475">München</pubPlace>, <publisher key="publ_0028">Aibl</publisher> 1 Thlr. 15 Ngr.</bibl>
<bibl id="hofm_1852_06_0097_19"><composer key="compo_031356">Schumann, R.</composer>, <title>3 Quartetten f. Violin, arr. v. O. Dresel. Op. <opus key="opus_2809">41. No. 1–3</opus>, in <key>Am</key>., <key>F</key>, <key>A</key></title>. <pubPlace key="place_0392">Leipzig</pubPlace>, <publisher key="publ_0437">Br. u. Härtel</publisher> à 1 Thlr. 20 Ngr.</bibl>
<bibl id="hofm_1852_06_0097_20">– <title>Genoveva. Grosse Oper. <format>Vierhändiger Klavierauszug</format> ohne Worte, von W. Bargiel. Op. <opus key="opus_4354">81</opus></title>. <pubPlace key="place_0392">Leipzig</pubPlace>, <publisher key="publ_3023">Peters</publisher> geh. 6 Thlr.</bibl>
<bibl id="hofm_1852_06_0097_21"><composer key="compo_035403">Verdi, G.</composer>, <title>Stiffelio. Dramma lirico. Riduzione a 4 Mani</title>. <pubPlace key="place_0437">Mailand</pubPlace>, <publisher key="publ_3241">Ricordi</publisher> geh. 30 Fr.</bibl>
<bibl id="hofm_1852_06_0097_22"><composer key="compo_035758">Voss, Ch.</composer>, <title>2 Motifs du Prophète, Opéra de G. Meyerbeer, transcrits et variés, arr. Op. <opus key="opus_0154">105. No. 1, 2</opus></title>. <pubPlace key="place_0392">Leipzig</pubPlace>, <publisher key="publ_0437">Br. et Härtel</publisher> à 10 Ngr. <lb/><title>No. 1, Marche du Sacre</title>. <lb/>– <title>2, Mélodie de la Mendiante</title>.</bibl>
<pb n="98"/>
<bibl id="hofm_1852_06_0098_01"><composer key="compo_035993">Waldmüller, F.</composer>, <title>Feuilles théâtrales. Collection de Fantaisies non difficiles sur des Opéras fav. Op. <opus key="opus_4335">80. No. 3, 4</opus></title>. <pubPlace key="place_0731">Wien</pubPlace>, <publisher key="publ_2605">Mechetti</publisher> à 15 Ngr. <lb/><title>No. 3, Meyerbeer, Les Huguenots</title>. <lb/>– <title>4, Balfe, La Bohémienne</title>.</bibl>
</div><div id="hofm_1852_06_0098_div10"><head><hofClass key="hofCl_0272">Ouverturen für das Pianoforte zu vier Händen.</hofClass></head>
<bibl id="hofm_1852_06_0098_02"><composer key="compo_021140">Litolff, H.</composer>, <title>Ouverture zu : Die Girondisten, Trauerspiel v. R. Griepenkerl. Op. <opus key="opus_4326">80</opus></title>. <pubPlace key="place_0078">Braunschweig</pubPlace>, <publisher key="publ_2681">Meyer</publisher> 1 Thlr. 5 Ngr.</bibl>
</div><div id="hofm_1852_06_0098_div11"><head><hofClass key="hofCl_0166">Musik für das Pianoforte allein.</hofClass></head>
<bibl id="hofm_1852_06_0098_03"><composer key="compo_000526">Ambros, A.W.</composer>, <title>Scherzo a Capriccio. Op. <opus key="opus_2737">4</opus></title>. <pubPlace key="place_0731">Wien</pubPlace>, <publisher key="publ_1269">Glöggl</publisher> 10 Ngr.</bibl>
<bibl id="hofm_1852_06_0098_04"><composer key="compo_001225">Bach, J.S.</composer>, <title>6 Präludien und Fugen, gesetzt v. Franz Liszt. Heft 1, 2</title>. <pubPlace key="place_0392">Leipzig</pubPlace>, <publisher key="publ_3023">Peters</publisher> à 1 Thlr. 10 Ngr.</bibl>
<bibl id="hofm_1852_06_0098_05"><composer key="compo_001858">Baumgartner, A.</composer>, <title>Figaro. Musikgeschenk f. d. Jugend. Auswahl beliebter Melodien. Heft 17, 18, Auber, der verlorene Sohn</title>. qu. -8. <pubPlace key="place_0475">München</pubPlace>, <publisher key="publ_0028">Aibl</publisher> à 7½ Ngr.</bibl>
<bibl id="hofm_1852_06_0098_06"><composer key="compo_002077">Beethoven, L. van</composer>, <title>Polonaise. Op. <opus key="opus_4542">89</opus>, in <key>C</key>. <edition>Neue rechtmässige Ausgabe</edition></title>. <pubPlace key="place_0731">Wien</pubPlace>, <publisher key="publ_2605">Mechetti</publisher> 10 Ngr.</bibl>
<wip id="hofm_1852_06_0098_07">– <title>Berühmteste Compositionen für junge Pianisten, mit Fingersatz bearb. v. J. Weiss. Liv. 1.(No. 1–6 à 7½ Ngr.)</title> <pubPlace key="place_0044">Berlin</pubPlace>, <publisher key="publ_3471">Schlesinger</publisher> 1 Thlr. 5 Ngr. <lb/><title>No. 1, Andante et Var. de la Sonate. Op. <opus key="opus_3071">47</opus></title>. <lb/>– <title>2, Marcia funebre. Op. <opus key="opus_1881">26</opus></title>. <lb/>– <title>3, Finale de la 1re Sinfonie. Op. <opus key="opus_1482">21</opus></title>. <lb/>– <title>4, Finale du Trio. Op.<opus key="opus_0009">1. No. 2</opus></title>. <lb/>– <title>5, Allegretto et Variations du Trio. Op. <opus key="opus_0234">11</opus></title>. <lb/>– <title>6, Allegro de la Sonate. Op. <opus key="opus_0392">12</opus></title>.</wip>
<bibl id="hofm_1852_06_0098_08"><composer key="compo_002376">Beraneck</composer>, <title>Variationen über ein österreichisches National-Thema</title>. <pubPlace key="place_0731">Wien</pubPlace>, <publisher key="publ_1269">Glöggl</publisher> 10 Ngr.</bibl>
<bibl id="hofm_1852_06_0098_09"><composer key="compo_002826">Beyer, Ferd.</composer>, <title>Morceaux gracieux sur des Airs allemands fav. Op. <opus key="opus_0316">114. No. 1–3</opus></title>. <pubPlace key="place_0438">Mainz</pubPlace>, <publisher key="publ_3563">Schott</publisher> à 45 Xr. <lb/><title>No. 1, Den lieben langen Tag. Volkslied</title>. <lb/>– <title>2, Kücken, Herzallerliebstes Schatzerl Du</title>. <lb/>– <title>3, Gumbert. Die Thräne</title>.</bibl>
<bibl id="hofm_1852_06_0098_10">– <title>6 Morceaux élégans sur des Airs allemands fav. Op. 115. No. 1–3</title>. Ebend. à 54 Xr. <lb/><title>No. 1, Speier, Der Trompeter</title>. <lb/>– <title>2, Stigelli, Die schönsten Augen</title>. <lb/>– <title>3, Schubert, Des Mädchens Klage</title>.</bibl>
<bibl id="hofm_1852_06_0098_11"><composer key="compo_003736">Bordèse, L.</composer>, <title>Dernières Inspirations de G. Donizetti. 6 petites Fantaisies sur les Motifs fav. des Opéras. No. 1–3</title>. <pubPlace key="place_0438">Mainz</pubPlace>, <publisher key="publ_3563">Schott</publisher> à 45 Xr. <lb/><title>No. 1, Gianni di Parigi</title>. <lb/>– <title>2, Caterina Cornaro</title>. <lb/>– <title>3, Gianni di Parigi</title>.</bibl>
<bibl id="hofm_1852_06_0098_12"><composer key="compo_003780">Borsch, Baronin v.</composer>, <title>3 Lieder ohne Worte</title>. <pubPlace key="place_0731">Wien</pubPlace>, <publisher key="publ_1269">Glöggl</publisher> 10 Ngr.</bibl>
<bibl id="hofm_1852_06_0098_13"><composer key="compo_004303">Brisson, F.</composer>, <title>Les Rêves du Coeur. 2 Nocturnes. Op. <opus key="opus_3030">46. No. 1</opus></title>. <pubPlace key="place_0438">Mainz</pubPlace>, <publisher key="publ_3563">Schott</publisher> 54 Xr.</bibl>
<bibl id="hofm_1852_06_0098_14">– <title>Rondo à la Valse. Op. <opus key="opus_3034">46. No. 2</opus></title>. Ebend. 45 Xr.</bibl>
<pb n="99"/>
<bibl id="hofm_1852_06_0099_01"><composer key="compo_004435">Brunner, C.T.</composer>, <title>Schweizer-Klänge. 6 geh. Tonstücke über bel. Schweizer-Melodien. Op. <opus key="opus_1620">221. No. 1–6</opus></title>. <pubPlace key="place_0341">Cassel</pubPlace>, <publisher key="publ_2497">Luckhardt</publisher> à 10 Ngr. <lb/><title>No. 1, Der Schweizerbue</title>. <lb/>– <title>2, Auf der Alm</title>. <lb/>– <title>3, Der Hirt und die Gemsen</title>. <lb/>– <title>4, Der Landsturm</title>. <lb/>– <title>5, Die Frühlingszeit</title>. <lb/>– <title>6, Der Alpenjäger</title>.</bibl>
<bibl id="hofm_1852_06_0099_02"><composer key="compo_005623">Chotek, F.X.</composer>, <title>Potpourri über beliebte Melodien aus der Oper: Rigoletto, v. Verdi. Op. <opus key="opus_0255">110</opus></title>. <pubPlace key="place_0731">Wien</pubPlace>, <publisher key="publ_2779">Müller</publisher> 20 Ngr.</bibl>
<bibl id="hofm_1852_06_0099_03"><composer key="compo_005822">Coenen, Fr.</composer>, <title>Adieu! Nocturne (av. Portrait)</title>. <pubPlace key="place_0592">Rotterdam</pubPlace>, <publisher key="publ_4203">Vletter</publisher> 17½ Ngr.</bibl>
<bibl id="hofm_1852_06_0099_04"><composer key="compo_006170">Croisez, A.</composer>, <title>Les Mélodies sublimes. 2 Morceaux sur des Motifs de Beethoven. Op. <opus key="opus_2864">42. No. 1, 2</opus></title>. <pubPlace key="place_0438">Mainz</pubPlace>, <publisher key="publ_3563">Schott</publisher> à 45 Xr. <lb/><title>No. 1, Symphonie héroique</title>. <lb/>– <title>2, Symphonie en <key>C</key></title>.</bibl>
<bibl id="hofm_1852_06_0099_05"><composer key="compo_006712">Delioux, Ch.</composer>, <title>Grand Galopp di Bravura. Op. <opus key="opus_4300">8</opus></title>. <pubPlace key="place_0438">Mainz</pubPlace>, <publisher key="publ_3563">Schott</publisher> 54 Xr.</bibl>
<bibl id="hofm_1852_06_0099_06"><composer key="compo_007153">Dolmetsch</composer>, <title>Marche du Sacre du Prophète, de G. Meyerbeer, transcrite. Op. <opus key="opus_0927">16</opus></title>. <pubPlace key="place_0537">Paris</pubPlace>, <publisher key="publ_0412">Brandus et Co</publisher>. 3 Fr. 75 Ct.</bibl>
<bibl id="hofm_1852_06_0099_07"><composer key="compo_007512">Dupont, A.</composer>, <title>Mazourka-Ballade. Op. <opus key="opus_1271">19</opus></title>. <pubPlace key="place_0392">Leipzig</pubPlace>, <publisher key="publ_0437">Br. et Härtel</publisher>. 10 Ngr.</bibl>
<bibl id="hofm_1852_06_0099_08"><composer key="compo_007518">Dupont, J.Fr.</composer>, <title>Morceaux caractéristique. No. 1, Polonaise brill. Op. <opus key="opus_4562">9</opus></title>. <pubPlace key="place_0592">Rotterdam</pubPlace>, <publisher key="publ_4203">Vletter</publisher> 17½ Ngr.</bibl>
<bibl id="hofm_1852_06_0099_09"><composer key="compo_007596">Duvernoy, H.</composer>, <title>Tourments du Poëte! Romance sans Paroles. Op. <opus key="opus_2670">39</opus></title>. <pubPlace key="place_0731">Wien</pubPlace>, <publisher key="publ_3833">Spina</publisher> 10 Ngr.</bibl>
<bibl id="hofm_1852_06_0099_10"><composer key="compo_007942">Egghard, Jul.</composer>, <title>2eme Idylle. Op. <opus key="opus_4300">8</opus></title>. <pubPlace key="place_0542">Pesth</pubPlace>, <publisher key="publ_3342">Rozsavölgyi</publisher> 15 Ngr.</bibl>
<bibl id="hofm_1852_06_0099_11">– <title>Souvenir de Pesth Caprice sur des Thèmes hongrois. Op. <opus key="opus_4562">9</opus></title>. Ebend. 27 Xr.</bibl>
<bibl id="hofm_1852_06_0099_12"><composer key="compo_008310">Enckhausen, H.</composer>, <title>Mazurka. Op. <opus key="opus_4241">79</opus></title>. <pubPlace key="place_0280">Hannover</pubPlace>, <publisher key="publ_2808">Nagel</publisher> 10 Ngr.</bibl>
<bibl id="hofm_1852_06_0099_13">– <title>Nocturne. Op. <opus key="opus_4326">80</opus></title>. Ebend. 15 Ngr.</bibl>
<bibl id="hofm_1852_06_0099_14"><composer key="compo_008604">Eschmann, J.C.</composer>, <title>Lyrische Blätter. 1ste Samml. Op. <opus key="opus_0392">12</opus></title>. <pubPlace key="place_0341">Cassel</pubPlace>, <publisher key="publ_2497">Luckhardt</publisher> 22½ Ngr.</bibl>
<bibl id="hofm_1852_06_0099_15"><composer key="compo_011462">Godefroid, F.</composer>, <title>Les Chants du Soir. 6 Rêveries caractéristiques. No. 4–6</title>. <pubPlace key="place_0438">Mainz</pubPlace>, <publisher key="publ_3563">Schott</publisher> à 54 Xr. <lb/><title>No. 4, Les Soupirs. Cantabile. Op. <opus key="opus_2458">35</opus></title>. <lb/>– <title>5, Vénitienne. Barcarolle. Op. <opus key="opus_2509">36</opus></title>. <lb/>– <title>6, Songes dorés. Orientale. Op. <opus key="opus_2576">37</opus></title>.</bibl>
<bibl id="hofm_1852_06_0099_16"><composer key="compo_011952">Gregoir, Jos.</composer>, <title>6 Mélodies musicales. Op. <opus key="opus_3244">51</opus> (La Patrouille. La Prière des Anges. Le Boléro. Sur le Rhin. Au bord du Ruisseau. Etoile d’Amour)</title>. <pubPlace key="place_0438">Mainz</pubPlace>, <publisher key="publ_3563">Schott</publisher> geh. 3 Fl. 36 Xr.</bibl>
<bibl id="hofm_1852_06_0099_17"><composer key="compo_012022">Gretry</composer>, <title>Romanze a. d. Oper: Richard Löwenherz (Mich brennt ein heisses Fieber), arr. v.G.v. Ruf</title>. <pubPlace key="place_0475">München</pubPlace>, <publisher key="publ_0028">Aibl</publisher> 5 Ngr.</bibl>
<bibl id="hofm_1852_06_0099_18"><composer key="compo_013476">Haslinger, Ch.</composer>, <title>Les Adieux. Nocturne de Salon. Op. <opus key="opus_4354">81</opus></title>. <pubPlace key="place_0731">Wien</pubPlace>, <publisher key="publ_1506">Haslinger</publisher> 15 Ngr.</bibl>
<bibl id="hofm_1852_06_0099_19"><composer key="compo_014176">Hennig, C.</composer>, <title>Scheiden und Leiden, Lied v. H. Truhn. Op. <opus key="opus_1804">25. No. 1</opus></title>. <pubPlace key="place_0044">Berlin</pubPlace>, <publisher key="publ_3471">Schlesinger</publisher> 17½ Ngr.</bibl>
<bibl id="hofm_1852_06_0099_20"><composer key="compo_016166">Jaell, A.</composer>, <title>Norma. Réminiscences. Op. <opus key="opus_1390">20</opus></title>. <pubPlace key="place_0392">Leipzig</pubPlace>, <publisher key="publ_3023">Peters</publisher> 25 Ngr.</bibl>
<bibl id="hofm_1852_06_0099_21"><composer key="compo_016634">János, K.</composer>, <title>A’ haldokló huzár (Der sterbende Huszár) Abraud</title>. <pubPlace key="place_0542">Pesth</pubPlace>, <publisher key="publ_3342">Rozsavölgyi</publisher> 10 Ngr.</bibl>
<bibl id="hofm_1852_06_0099_22"><composer key="compo_016299">Jaschke, F.</composer>, <title>Ungarische Melodie</title>. <pubPlace key="place_0731">Wien</pubPlace>, <publisher key="publ_1269">Glöggl</publisher> 7½ Ngr.</bibl>
<bibl id="hofm_1852_06_0099_23"><composer key="compo_017081">Kaulich, J.</composer>, <title>Die Sehnsucht. Fantasiestück</title>. <pubPlace key="place_0731">Wien</pubPlace>, <publisher key="publ_1269">Glöggl</publisher> 7½ Ngr.</bibl>
<pb n="100"/>
<bibl id="hofm_1852_06_0100_01"><composer key="compo_017087">Kaván, Fr.</composer>, <title>Variations brill. sur un Air bohémien. Op. <opus key="opus_0021">10</opus></title>. <pubPlace key="place_0731">Wien</pubPlace>, <publisher key="publ_3833">Spina</publisher> 45 Xr.</bibl>
<wip id="hofm_1852_06_0100_02"><composer key="compo_017499">Kirchner, Th.</composer>, <title>20 Klavierstücke. Op. <opus key="opus_1372">2</opus></title>. <title>Heft 1</title> (25 Ngr.) <title>Heft 2</title> (22½ Ngr.) <pubPlace key="place_0341">Cassel</pubPlace>, <publisher key="publ_2497">Luckhardt</publisher>.</wip>
<bibl id="hofm_1852_06_0100_03"><composer key="compo_017657">Klein, A.</composer>, <title>Revue mélodique des Opéras. No. 4, Nicolai, Die lustigen Weiber von Windsor</title>. <pubPlace key="place_0731">Wien</pubPlace>, <publisher key="publ_3833">Spina</publisher> 17½ Ngr.</bibl>
<bibl id="hofm_1852_06_0100_04"><composer key="compo_018276">Kontski, Ant. de</composer>, <title>Au Bord de l’Océan. Impression de Voyage. Op. <opus key="opus_4419">83. No. 2</opus></title>. <pubPlace key="place_0044">Berlin</pubPlace>, <publisher key="publ_3471">Schlesinger</publisher> 12½ Ngr.</bibl>
<bibl id="hofm_1852_06_0100_05">– <title>La Cascade. Impression de Voyage. Op. <opus key="opus_4420">83. No. 3</opus></title>. Ebend. 12½ Ngr.</bibl>
<bibl id="hofm_1852_06_0100_06"><composer key="compo_000053">Kornél, A.</composer>, <title>Keseroek valogatoff magyar népdalokban (Transcriptionen melancholischer ungarischer Lieder.)</title> <pubPlace key="place_0542">Pesth</pubPlace>, <publisher key="publ_3342">Rozsavölgyi</publisher> 20 Ngr.</bibl>
<bibl id="hofm_1852_06_0100_07"><composer key="compo_019006">Krüger, W.</composer>, <title>Caprice de Concert sur le „Sturm-Galopp“ de Bilse. Op. <opus key="opus_1731">24</opus></title>. <pubPlace key="place_0078">Braunschweig</pubPlace>, <publisher key="publ_2681">Meyer</publisher> 22½ Ngr.</bibl>
<bibl id="hofm_1852_06_0100_08"><composer key="compo_019059">Kuhe, W.</composer>, <title>Le Feu follet. Scherzo capriccioso. Op. <opus key="opus_2630">38</opus></title>. <pubPlace key="place_0662">Stuttgart</pubPlace>, <publisher key="publ_1451">Hallberger’s Verlag</publisher> 15 Ngr.</bibl>
<bibl id="hofm_1852_06_0100_09"><composer key="compo_019821">Lampert, E.</composer>, <title>Fantasie über Motive a. d. Oper: Casilda, v. E. H. z. S</title>. <pubPlace key="place_0731">Wien</pubPlace>, <publisher key="publ_1269">Glöggl</publisher> 20 Ngr.</bibl>
<bibl id="hofm_1852_06_0100_10"><composer key="compo_019865">Lang, Ad.</composer>, <title>Ballade du Gondolier. Op. <opus key="opus_0234">11</opus></title>. <pubPlace key="place_0731">Wien</pubPlace>, <publisher key="publ_2605">Mechetti</publisher> 15 Ngr.</bibl>
<bibl id="hofm_1852_06_0100_11"><composer key="compo_020585">Leonhardi, E.</composer>, <title>Une fois encore. Elégie</title>. <pubPlace key="place_0731">Wien</pubPlace>, <publisher key="publ_1269">Glöggl</publisher> 7½ Ngr.</bibl>
<bibl id="hofm_1852_06_0100_12"><composer key="compo_021016">Lindner, A.</composer>, <title>Chant d’Amour. Morceau de Salon. Op. <opus key="opus_1482">21</opus></title>. <pubPlace key="place_0078">Braunschweig</pubPlace>, <publisher key="publ_2681">Meyer</publisher> 15 Ngr.</bibl>
<wip id="hofm_1852_06_0100_13"><composer key="compo_021136">Liszt, F.</composer>, <title>2 Transcriptions d’après Rossini</title>. <pubPlace key="place_0438">Mainz</pubPlace>, <publisher key="publ_3563">Schott</publisher>. <lb/><title>No. 1, Air de: Stabat Mater (Cajus animam)</title>. 54 Xr. <lb/>– <title>2, La Charité. Choeur religieux</title>. 1 Fl.</wip>
<bibl id="hofm_1852_06_0100_14"><composer key="compo_021207">Loewe, C.</composer>, <title>Der Frühling. Eine Tondichtung in Sonatenform. Op. <opus key="opus_3071">47</opus>. <edition>Neue Aufl</edition></title>. <pubPlace key="place_0044">Berlin</pubPlace>, <publisher key="publ_3471">Schlesinger</publisher> 1 Thlr. 5 Ngr.</bibl>
<bibl id="hofm_1852_06_0100_15"><composer key="compo_021982">Mair, Fr.</composer>, <title>Vergissmeinnicht. Bagatelle</title>. <pubPlace key="place_0731">Wien</pubPlace>, <publisher key="publ_1269">Glöggl</publisher> 7 ½ Ngr.</bibl>
<bibl id="hofm_1852_06_0100_16"><composer key="compo_022206">Maresch, P.</composer>, <title>La Séparation. Etude. Op. <opus key="opus_3565">6</opus></title>. <pubPlace key="place_0731">Wien</pubPlace>, <publisher key="publ_1269">Glöggl</publisher> 15 Ngr.</bibl>
<bibl id="hofm_1852_06_0100_17"><composer key="compo_022612">Mayer, Ch.</composer>, <title>3me Valse-Etude. Op. <opus key="opus_4416">83</opus>. <edition>2me Edit</edition></title>. <pubPlace key="place_0392">Leipzig</pubPlace>, <publisher key="publ_3773">Siegel</publisher> 10 Ngr.</bibl>
<bibl id="hofm_1852_06_0100_18">– <title>Grande Valse-Etude brill. Op. <opus key="opus_0946">160</opus></title>. <pubPlace key="place_0276">Hamburg</pubPlace>, <publisher key="publ_0540">Böhme</publisher> 20 Ngr.</bibl>
<bibl id="hofm_1852_06_0100_19">– <title>La dernière Rose. Fantaisie variée. Op. <opus key="opus_1060">169</opus></title>. <pubPlace key="place_0392">Leipzig</pubPlace>, <publisher key="publ_3773">Siegel</publisher> 22½ Ngr.</bibl>
<bibl id="hofm_1852_06_0100_20">– <title>Flora-Polka. Op. <opus key="opus_1085">170</opus></title>. Ebend. 12½ Ngr.</bibl>
<bibl id="hofm_1852_06_0100_21"><composer key="compo_023160">Metzger, J.C.</composer>, <title>La Danseuse</title>. <pubPlace key="place_0731">Wien</pubPlace>, <publisher key="publ_1269">Glöggl</publisher> 7½ Ngr.</bibl>
<bibl id="hofm_1852_06_0100_22">– <title>Sicilienne</title>. Ebend. 7½ Ngr.</bibl>
<bibl id="hofm_1852_06_0100_23">– <title>Thème original varié</title>. Ebend. 7½ Ngr.</bibl>
<bibl id="hofm_1852_06_0100_24"><composer key="compo_023171">Metzler, W.A.</composer>, <title>4 Charaterstücke. Op. <opus key="opus_1372">2</opus></title>. <pubPlace key="place_0392">Leipzig</pubPlace>, <publisher key="publ_0437">Br. u. Härtel</publisher>. 20 Ngr.</bibl>
<bibl id="hofm_1852_06_0100_25"><composer key="compo_023403">Milan, J.</composer>, <title>2 Polonaises. Op. <opus key="opus_4300">8</opus> (La Gracieuse. L’Heroïque, Morceau de Concert)</title>. <pubPlace key="place_0731">Wien</pubPlace>, <publisher key="publ_2605">Mechetti</publisher> 25 Ngr.</bibl>
<bibl id="hofm_1852_06_0100_26">– <title>Romance-Etude. Op. <opus key="opus_4562">9</opus></title>. Ebend. 10 Ngr.</bibl>
<bibl id="hofm_1852_06_0100_27"><composer key="compo_024151">Müller, A.E.</composer>, <title>Preciosa. Grande Valse de Salon. Op. <opus key="opus_3244">51</opus></title>. <pubPlace key="place_0731">Wien</pubPlace>, <publisher key="publ_3833">Spina</publisher> 15 Ngr.</bibl>
<bibl id="hofm_1852_06_0100_28"><composer key="compo_025586">Pacher, J.A.</composer>, <title>Elegie. Op. <opus key="opus_1068">17</opus></title>. <pubPlace key="place_0731">Wien</pubPlace>, <publisher key="publ_3833">Spina</publisher> 15 Ngr.</bibl>
<wip id="hofm_1852_06_0100_29"><composer key="compo_026092">Perny, P.</composer>, <title>Le Parterre musicale. 100 Leçons fac., progress. et soign. doigtées sur les Mélodies de gr. Compositeurs. Op. <opus key="opus_2268">32</opus>. Cah. 2 (Leçon 11–20, Caterina di Cleves. Stiffelio. Rigoletto. Guillaume Tell. Robert le Diable. Paulina et Poliuto. Il Domino nero. Maria Padilla. Luisa Miller. Orazj e Curiazj, à 1 Fr.)</title> <pubPlace key="place_0437">Mailand</pubPlace>, <publisher key="publ_3241">Ricordi</publisher> 6 Fr.</wip>
<pb n="101"/>
<bibl id="hofm_1852_06_0101_01"><composer key="compo_028618">Rode, P.</composer>, <title>Air varié, transcrit par H. Enke. Op. <opus key="opus_0021">10</opus></title>. <pubPlace key="place_0392">Leipzig</pubPlace>, <publisher key="publ_3023">Peters</publisher> 16 Ngr.</bibl>
<bibl id="hofm_1852_06_0101_02"><composer key="compo_028854">Rosellen, H.</composer>, <title>Fantaisie brill. sur Mosquita la Sorcière, de H. Boisselot. Op. <opus key="opus_0569">131</opus></title>. <pubPlace key="place_0438">Mainz</pubPlace>, <publisher key="publ_3563">Schott</publisher> 1 Fl. 30 Xr.</bibl>
<bibl id="hofm_1852_06_0101_03"><title>Rundschau, musikalisch-theatralische, herausg. v.A.M. Storch. 1ster Jahrg. Lief. 5–12</title>. <pubPlace key="place_0731">Wien</pubPlace>, <publisher key="publ_1269">Glöggl</publisher> à 10–12½ Ngr.</bibl>
<bibl id="hofm_1852_06_0101_04"><title>Salon-Album, heausg. v.J.C. Metzger. 2ter Jahrg. Heft 1–8</title>. <pubPlace key="place_0731">Wien</pubPlace>, <publisher key="publ_1269">Glöggl</publisher> 2 Thlr.</bibl>
<bibl id="hofm_1852_06_0101_05"><composer key="compo_029784">Sauerwein, F.</composer>, <title>Wir werfen uns darnieder. Kirchenlied, übertr</title>. <pubPlace key="place_0731">Wien</pubPlace>, <publisher key="publ_2605">Mechetti</publisher> 15 Ngr.</bibl>
<bibl id="hofm_1852_06_0101_06"><composer key="compo_031582">Schäffer, A.</composer>, <title>La Veneziana. Op. <opus key="opus_1667">23. No. 2</opus></title>. <pubPlace key="place_0044">Berlin</pubPlace>, <publisher key="publ_3471">Schlesinger</publisher> 12½ Ngr.</bibl>
<bibl id="hofm_1852_06_0101_07">– <title>La Clochette. Op. <opus key="opus_1670">23. No. 3</opus></title>. Ebend. 12½ Ngr.</bibl>
<bibl id="hofm_1852_06_0101_08"><composer key="compo_030478">Schmeltzing, H.Ch. de</composer>, <title>Elégie. Romance sans Paroles</title>. <pubPlace key="place_0731">Wien</pubPlace>, <publisher key="publ_1269">Glöggl</publisher> 15 Ngr.</bibl>
<bibl id="hofm_1852_06_0101_09"><composer key="compo_031117">Schubert, F.L.</composer>, <title>Perlen des Orients. Orientalische Volkslieder, übertr. Heft 1–3</title>. <pubPlace key="place_0392">Leipzig</pubPlace>, <publisher key="publ_3752">Senff</publisher> à 15 Ngr. <lb/><title>Heft 1, Arabische Melodie. Türkische Melodie. Bengalsiche Melodie. Afghanen-Gesang</title>. <lb/>– <title>2, Aegyptische Hymne. Arabischer Gesang. Hindostanischer Tanz. Hindotansicher Gesang</title>. <lb/>– <title>3, Tanz der Berarer. Marattischer Gesang. Gesang aus Cachemir. Persischer Gesang</title>.</bibl>
<bibl id="hofm_1852_06_0101_10"><composer key="compo_031182">Schulhoff, Jul.</composer>, <title>Souvenir de Moscou. Chant du Pêcheur. Op. <opus key="opus_2268">32</opus></title>. <pubPlace key="place_0731">Wien</pubPlace>, <publisher key="publ_3833">Spina</publisher> 20 Ngr.</bibl>
<bibl id="hofm_1852_06_0101_11"><composer key="compo_033484">Storch, A.M.</composer>, <title>Introduction u. Chor a. d. Zaubermärchen: Astorius Zauberspruch</title> (Rundschau Lief. 7.) <pubPlace key="place_0731">Wien</pubPlace>, <publisher key="publ_1269">Glöggl</publisher> 10 Ngr.</bibl>
<bibl id="hofm_1852_06_0101_12"><composer key="compo_034102">Talexy, A.</composer>, <title>Fleurs printanières. 3 Morceaux. Op. <opus key="opus_2582">37. No. 1–3</opus></title>. <pubPlace key="place_0438">Mainz</pubPlace>, <publisher key="publ_3563">Schott</publisher> à 45 Xr. <lb/><title>No. 1, Barcarolle</title>. <lb/>– <title>2, Rêverie</title>. <lb/>– <title>3, Valse</title>.</bibl>
<bibl id="hofm_1852_06_0101_13"><composer key="compo_034633">Tivendell, Fr.</composer>, <title>Capricietto. Op. <opus key="opus_0001">1</opus></title>. <pubPlace key="place_0341">Cassel</pubPlace>, <publisher key="publ_2497">Luckhardt</publisher> 10 Ngr.</bibl>
<bibl id="hofm_1852_06_0101_14">– <title>Etudes. Op. <opus key="opus_1373">2. No. 1</opus>, in <key>B</key></title>. Ebend. 10 Ngr.</bibl>
<bibl id="hofm_1852_06_0101_15"><composer key="compo_034778">Travnyik, J.</composer>, <title>Souvenir</title>. <pubPlace key="place_0542">Pesth</pubPlace>, <publisher key="publ_3342">Rozsavölgyi</publisher> 5 Ngr.</bibl>
<bibl id="hofm_1852_06_0101_16"><composer key="compo_034917">Truzzi, L.</composer>, <title>La Goija delle Madre. Raccolta di Suonatine sopra Motivi d’Opere fav. Op. <opus key="opus_3868">67</opus>. Fasc. 89–94. Verdi, Rigoletto</title>. <pubPlace key="place_0437">Mailand</pubPlace>, <publisher key="publ_3241">Ricordi</publisher> à 1 Fr. 75 Ct.</bibl>
<bibl id="hofm_1852_06_0101_17"><composer key="compo_035566">Viénot, E.</composer>, <title>Nisida. Tarentelle. Op. <opus key="opus_4562">9</opus></title>. <pubPlace key="place_0438">Mainz</pubPlace>, <publisher key="publ_3563">Schott</publisher> 45 Xr.</bibl>
<bibl id="hofm_1852_06_0101_18"><composer key="compo_035758">Voss, Ch.</composer>, <title>2 Lieder v. Fr. Kücken, übertragen. Op. <opus key="opus_0634">135. No. 1, 2</opus></title>. <pubPlace key="place_0392">Leipzig</pubPlace>, <publisher key="publ_2017">Kistner</publisher> à 15 Ngr. <lb/><title>No. 1, Die Thräne</title>. <lb/>– <title>2, Gut’ Nacht, fahr wohl, mein treues Herz</title>.</bibl>
<bibl id="hofm_1852_06_0101_19">– <title>Cavatine de Casilda, Opéra par E.H. z. S. Morceau de Concert. Op. <opus key="opus_0613">133. No. 1</opus></title>. <pubPlace key="place_0731">Wien</pubPlace>, <publisher key="publ_1269">Glöggl</publisher> 15 Ngr.</bibl>
<bibl id="hofm_1852_06_0101_20"><composer key="compo_036260">Weber, Franz</composer>, <title>Jugend-Erinnerung. Op. <opus key="opus_3565">6</opus></title>. <pubPlace key="place_0731">Wien</pubPlace>, <publisher key="publ_1269">Glöggl</publisher> 8 Ngr.</bibl>
<bibl id="hofm_1852_06_0101_21"><composer key="compo_036323">Wehle, Ch.</composer>, <title>Valse brillante. Op. <opus key="opus_1482">21</opus></title>. <pubPlace key="place_0392">Leipzig</pubPlace>, <publisher key="publ_0437">Br. u. Härtel</publisher> 15 Ngr.</bibl>
<bibl id="hofm_1852_06_0101_22">– <title>Allegro de Concert. Op. <opus key="opus_1802">25</opus></title>. <pubPlace key="place_0392">Leipzig</pubPlace>, <publisher key="publ_1746">Hofmeister</publisher> 17½ Ngr.</bibl>
<bibl id="hofm_1852_06_0101_23">– <title>Galopp di Bravoura. Op. <opus key="opus_1881">26</opus></title>. Ebend. 17½ Ngr.</bibl>
<bibl id="hofm_1852_06_0101_24">– <title>Bacchanale. Chanson à boire. Op. <opus key="opus_1932">27</opus></title>. Ebend. 15 Ngr.</bibl>
<bibl id="hofm_1852_06_0101_25"><composer key="compo_036563">Weitz, M.</composer>, <title>6 Fugen</title>. <pubPlace key="place_0731">Wien</pubPlace>, <publisher key="publ_2605">Mechetti</publisher> 20 Ngr.</bibl>
<bibl id="hofm_1852_06_0101_26"><composer key="compo_037246">Winterle, Ed.</composer>, <title>Das Taubenpaar. 2 Lieder ohne Worte</title>. <pubPlace key="place_0731">Wien</pubPlace>, <publisher key="publ_3833">Spina</publisher> 15 Ngr.</bibl>
<pb n="102"/>
<bibl id="hofm_1852_06_0102_01"><composer key="compo_037356">Witwicki, Jos.</composer>, <title>2 Motifs paraphrasés. Op. <opus key="opus_1661">23</opus></title>. <pubPlace key="place_0392">Leipzig</pubPlace>, <publisher key="publ_3023">Peters</publisher> 22 Ngr.</bibl>
<bibl id="hofm_1852_06_0102_02"><composer key="compo_037492">Wolff, Ed.</composer>, <title>Mazurkas en forme de Chansons. Op. <opus key="opus_1029">165</opus></title>. <pubPlace key="place_0438">Mainz</pubPlace>, <publisher key="publ_3563">Schott</publisher> 54 Xr.</bibl>
</div><div id="hofm_1852_06_0102_div12"><head><hofClass key="hofCl_0273">Ouverturen für das Pianoforte.</hofClass></head>
<bibl id="hofm_1852_06_0102_03"><composer key="compo_021140">Litolff, H.</composer>, <title>Ouverture zu: Die Girondisten, Trauerspiel v. R. Griepenkerl. Op. <opus key="opus_4326">80</opus></title>. <pubPlace key="place_0078">Braunschweig</pubPlace>, <publisher key="publ_2681">Meyer</publisher> 22½ Ngr.</bibl>
<bibl id="hofm_1852_06_0102_04"><composer key="compo_027077">Proch, H.</composer>, <title>Ouverture in <key>Es</key></title>. (Rundschau Lief. 8.) <pubPlace key="place_0731">Wien</pubPlace>, <publisher key="publ_1269">Glöggl</publisher> 12½ Ngr.</bibl>
<bibl id="hofm_1852_06_0102_05"><composer key="compo_033881">Suppé, Fr. v.</composer>, <title>Ouverture zum Singspiel: Dante Valentin</title> (Runschau Lief. 5.) <pubPlace key="place_0731">Wien</pubPlace>, <publisher key="publ_1269">Glöggl</publisher> 15 Ngr.</bibl>
<bibl id="hofm_1852_06_0102_06">– <title>Ouverture zu Levitschnigg’s dramatischen Gedicht: Tannenhäuser</title> (Rundschau Lief. 10.) Ebend. 12½ Ngr.</bibl>
</div><div id="hofm_1852_06_0102_div13"><head><hofClass key="hofCl_0288">Tänze für das Pianoforte.</hofClass></head>
<wip id="hofm_1852_06_0102_07"><composer key="compo_001573">Bartay, E.</composer>, <title>Valogatoff Czárdások</title>. <pubPlace key="place_0542">Pesth</pubPlace>, <publisher key="publ_3342">Rozsavölgyi</publisher>. <lb/><title>No. 1, Fakó lovsam (Miskolczi Csárdás)</title>. 7½ Ngr. <lb/>– <title>2, Sárgá Csiko. Csárdás</title>. 8 Ngr. <lb/>– <title>3, A’ Kedoencz (Paradi-Keresztúri)</title>. 8 Ngr.</wip>
<bibl id="hofm_1852_06_0102_08"><composer key="compo_003035">Binder, C.</composer>, <title>Kampl-Polka aus Nestroy’s Posse: Kampl</title>. <pubPlace key="place_0731">Wien</pubPlace>, <publisher key="publ_1269">Glöggl</publisher> 7 Ngr.</bibl>
<bibl id="hofm_1852_06_0102_09"><composer key="compo_003854">Bott, J.J.</composer>, <title>Hessischer Zapfenstreich-Galopp</title>. <pubPlace key="place_0341">Cassel</pubPlace>, <publisher key="publ_2497">Luckhardt</publisher> 7½ Ngr.</bibl>
<bibl id="hofm_1852_06_0102_10"><composer key="compo_004435">Brunner, C.T.</composer>, <title>Der fröhliche Tänzer. Sammlung leichter Tänze nach Motiven der beliebt. Opern- u. Tanz-Componisten. Op. <opus key="opus_1431">203</opus>. Heft 3, 4</title>. <pubPlace key="place_0341">Cassel</pubPlace>, <publisher key="publ_2497">Luckhardt</publisher> à 7½ Ngr. <lb/><title>Heft 3, Die Schwalben. Leinate’s Klänge. Fröhlichkeit mein Loos. Colombien-Galopp</title>. <lb/>– <title>4, Die Kreuzfidelen. Tritonen-Galopp. Champagner-Galopp. Die Grossfürstin</title>.</bibl>
<bibl id="hofm_1852_06_0102_11"><composer key="compo_005147">C., F.</composer>, <title>Rotterdamsche Yachtclubwals</title>. <pubPlace key="place_0592">Rotterdam</pubPlace>, <publisher key="publ_4203">Vletter</publisher> 10 Ngr.</bibl>
<bibl id="hofm_1852_06_0102_12"><composer key="compo_006860">Detrazegnies, A.G.</composer>, <title>Post-Galop</title>. <pubPlace key="place_0592">Rotterdam</pubPlace>, <publisher key="publ_4203">Vletter</publisher> 8½ Ngr.</bibl>
<bibl id="hofm_1852_06_0102_13"><composer key="compo_007217">Doppler, F.</composer>, <title>Aradi emlék (Erinnerung an Arad). Csárdás</title>. <pubPlace key="place_0542">Pesth</pubPlace>, <publisher key="publ_3342">Rozsavölgyi</publisher> 8 Ngr.</bibl>
<bibl id="hofm_1852_06_0102_14"><composer key="compo_008730">Eyertt, C.</composer>, <title>Forellen-Polka</title>. <pubPlace key="place_0280">Hannover</pubPlace>, <publisher key="publ_2808">Nagel</publisher> 5 Ngr.</bibl>
<bibl id="hofm_1852_06_0102_15"><composer key="compo_008808">Fahrbach, Ph.</composer>, <title>Casilda-Quadrille. Op. <opus key="opus_4738">99</opus></title>. <pubPlace key="place_0731">Wien</pubPlace>, <publisher key="publ_1269">Glöggl</publisher> 10 Ngr.</bibl>
<bibl id="hofm_1852_06_0102_16">– <title>Harmonieball-Tänze. Walzer. Op. <opus key="opus_0477">125</opus></title>. <pubPlace key="place_0731">Wien</pubPlace>, <publisher key="publ_3833">Spina</publisher> 15 Ngr.</bibl>
<bibl id="hofm_1852_06_0102_17">– <title>Die Heroide der Tanzlust. Walzer. Op. <opus key="opus_0486">126</opus></title>. Ebend. 15 Ngr.</bibl>
<bibl id="hofm_1852_06_0102_18"><composer key="compo_010828">Geiger, Constanze</composer>, <title>Nandl-Polka. Op. <opus key="opus_1584">22</opus></title>. <pubPlace key="place_0731">Wien</pubPlace>, <publisher key="publ_3833">Spina</publisher> 5 Ngr.</bibl>
<bibl id="hofm_1852_06_0102_19">– <title>Ischler-Seufzer. Oberländer. Op. <opus key="opus_1661">23</opus></title>. <pubPlace key="place_0731">Wien</pubPlace>, <publisher key="publ_1506">Haslinger</publisher> 10 Ngr.</bibl>
<bibl id="hofm_1852_06_0102_20"><composer key="compo_011230">Gilany, C.</composer>, <title>Carolinen-Polka</title>. <pubPlace key="place_0731">Wien</pubPlace>, <publisher key="publ_1269">Glöggl</publisher> 5 Ngr.</bibl>
<bibl id="hofm_1852_06_0102_21">– <title>Nicolay-Quadrille</title>. Ebend. 10 Ngr.</bibl>
<bibl id="hofm_1852_06_0102_22"><composer key="compo_011570">Golde, A.</composer>, <title>Diana-Walzer</title>. <pubPlace key="place_0341">Cassel</pubPlace>, <publisher key="publ_2497">Luckhardt</publisher> 5 Ngr.</bibl>
<bibl id="hofm_1852_06_0102_23">– <title>Winterfreuden-Galopp</title>. Ebend. 5 Ngr.</bibl>
<bibl id="hofm_1852_06_0102_24"><composer key="compo_011971">Greiner, C.</composer>, <title>Agnes-Polka</title>. <pubPlace key="place_0044">Berlin</pubPlace>, <publisher key="publ_1768">Horn</publisher> 5 Ngr.</bibl>
<bibl id="hofm_1852_06_0102_25"><composer key="compo_014579">Herzog, A.</composer>, <title>Rostocker Polka. No. 33</title>. <pubPlace key="place_0276">Hamburg</pubPlace>, <publisher key="publ_0540">Böhme</publisher> 5 Ngr.</bibl>
<bibl id="hofm_1852_06_0102_26">– <title>Redowa animée. No. 34</title>. Ebend. 5 Ngr.</bibl>
<bibl id="hofm_1852_06_0102_27"><composer key="compo_015581">Hugo, C.v.</composer>, <title>Gedenke-Mein. Walzer</title>. <pubPlace key="place_0280">Hannover</pubPlace>, <publisher key="publ_2808">Nagel</publisher> 10 Ngr.</bibl>
<bibl id="hofm_1852_06_0102_28"><composer key="compo_019271">Károl, Th.</composer>, <title>Honvagy (Heimweh) eredeti Csárdás</title>. <pubPlace key="place_0542">Pesth</pubPlace>, <publisher key="publ_3342">Rozsavölgyi</publisher> 10 Ngr.</bibl>
<pb n="103"/>
<bibl id="hofm_1852_06_0103_01"><composer key="compo_017081">Kaulich, J.</composer>, <title>Bräutigam-Sprünge. Polka</title>. <pubPlace key="place_0731">Wien</pubPlace>, <publisher key="publ_1269">Glöggl</publisher> 8 Ngr.</bibl>
<bibl id="hofm_1852_06_0103_02"><composer key="compo_019654">Labitzky, Jos.</composer>, <title>Die Sylphen. Walzer. Op. <opus key="opus_1321">195</opus></title>. <pubPlace key="place_0392">Leipzig</pubPlace>, <publisher key="publ_1746">Hofmeister</publisher> 15 Ngr.</bibl>
<bibl id="hofm_1852_06_0103_03">– <title>Dornröschen. Galopp. Op. <opus key="opus_1328">196</opus></title>. Ebend. 10 Ngr.</bibl>
<bibl id="hofm_1852_06_0103_04">– <title>Ballsträusschen. Sammlung beliebt. Tänze im liechtesten Arrangement. Heft 81, Die Sylphen. Walzer</title>. 10 Ngr.</bibl>
<bibl id="hofm_1852_06_0103_05"><composer key="compo_020018">Lannoy, Ed. de</composer>, <title>6 Polonaises faciles. Op. <opus key="opus_3934">69</opus></title>. <pubPlace key="place_0731">Wien</pubPlace>, <publisher key="publ_1269">Glöggl</publisher> 15 Ngr.</bibl>
<bibl id="hofm_1852_06_0103_06"><composer key="compo_023221">Meyer, F.</composer>, <title>Bankett-Galopp</title>. <pubPlace key="place_0341">Cassel</pubPlace>, <publisher key="publ_2497">Luckhardt</publisher> 5 Ngr.</bibl>
<bibl id="hofm_1852_06_0103_07">– <title>Garde-Galopp</title>. Ebend. 5 Ngr.</bibl>
<bibl id="hofm_1852_06_0103_08"><composer key="compo_023268">Meyerbeer, G.</composer>, <title>Fackeltanz zu Vermählungsfeier S.M.d. Königs von Bayern mit der Prinzessin Wilhelmine v. Preussen</title>. <pubPlace key="place_0078">Braunschweig</pubPlace>, <publisher key="publ_3822">Spehr</publisher> 20 Ngr.</bibl>
<bibl id="hofm_1852_06_0103_09"><composer key="compo_024068">Möller, C.C.</composer>, <title>Juul 1851. Vals</title>. <pubPlace key="place_0360">Copenhagen</pubPlace>, <publisher key="publ_2939">Olsen</publisher> 5 Ngr.</bibl>
<bibl id="hofm_1852_06_0103_10">– <title>Kunstner Carnevals-Galopp</title>. Ebend. 5 Ngr.</bibl>
<bibl id="hofm_1852_06_0103_11"><composer key="compo_025588">Pachner, A.v.</composer>, <title>Polka</title>. <pubPlace key="place_0731">Wien</pubPlace>, <publisher key="publ_3833">Spina</publisher> 5 Ngr.</bibl>
<bibl id="hofm_1852_06_0103_12"><composer key="compo_025815">Pasdeloup, J.</composer>, <title>Valse espagnole</title>. <pubPlace key="place_0438">Mainz</pubPlace>, <publisher key="publ_3563">Schott</publisher> 45 Xr.</bibl>
<bibl id="hofm_1852_06_0103_13"><composer key="compo_025896">Pauli, H.S.</composer>, <title>Exhibitions-Polka und Galopp</title>. <pubPlace key="place_0360">Copenhagen</pubPlace>, <publisher key="publ_2939">Olsen</publisher> 7½ Ngr.</bibl>
<bibl id="hofm_1852_06_0103_14"><composer key="compo_026955">Praschinger, F.</composer>, <title>Haute-volée-Polka. Op. <opus key="opus_4300">8</opus></title>. <pubPlace key="place_0731">Wien</pubPlace>, <publisher key="publ_1269">Glöggl</publisher> 5 Ngr.</bibl>
<bibl id="hofm_1852_06_0103_15">– <title>Csárdás. Ungarischer Nationaltanz. Op. <opus key="opus_0234">11</opus></title>. <pubPlace key="place_0731">Wien</pubPlace>, <publisher key="publ_3833">Spina</publisher> 5 Ngr.</bibl>
<bibl id="hofm_1852_06_0103_16">– <title>Connaissance-Polka. Op. <opus key="opus_0684">14</opus></title>. <pubPlace key="place_0731">Wien</pubPlace>, <publisher key="publ_1269">Glöggl</publisher> 5 Ngr.</bibl>
<bibl id="hofm_1852_06_0103_17"><composer key="compo_028125">Rettmeyer, C.</composer>, <title>Lock-Polka</title>. <pubPlace key="place_0731">Wien</pubPlace>, <publisher key="publ_1269">Glöggl</publisher> 5 Ngr.</bibl>
<bibl id="hofm_1852_06_0103_18"><composer key="compo_029008">Rothe, C.F.</composer>, <title>Adelinen-Walzer</title>. <pubPlace key="place_0341">Cassel</pubPlace>, <publisher key="publ_2497">Luckhardt</publisher> 7½ Ngr.</bibl>
<bibl id="hofm_1852_06_0103_19"><composer key="compo_030057">Scheidler, C.A.</composer>, <title>Maiblumen-Walzer</title>. <pubPlace key="place_0341">Cassel</pubPlace>, <publisher key="publ_2497">Luckhardt</publisher> 7½ Ngr.</bibl>
<bibl id="hofm_1852_06_0103_20">– <title>Schneeglöckchen-Polka</title>. Ebend. 5 Ngr.</bibl>
<bibl id="hofm_1852_06_0103_21"><composer key="compo_031119">Schubert, Ferd.</composer>, <title>52er Polka. Op. <opus key="opus_2404">34. No. 1</opus></title>. <pubPlace key="place_0731">Wien</pubPlace>, <publisher key="publ_1269">Glöggl</publisher> 8 Ngr.</bibl>
<bibl id="hofm_1852_06_0103_22">– <title>Helenen-Quadrille. Op. <opus key="opus_2410">34. No. 2</opus></title>. Ebend. 10 Ngr.</bibl>
<bibl id="hofm_1852_06_0103_23"><composer key="compo_032192">Siebert</composer>, <title>Der Polterabend. Galopp</title>. <pubPlace key="place_0044">Berlin</pubPlace>, <publisher key="publ_1768">Horn</publisher> 5 Ngr.</bibl>
<bibl id="hofm_1852_06_0103_24"><composer key="compo_033484">Storch, A.M.</composer>, <title>Marketender-Tanz a.d. phantastischen Zauberspiele: Die Töchter Lucifers</title> (Rundschau Lief. 9.) <pubPlace key="place_0731">Wien</pubPlace>, <publisher key="publ_1269">Glöggl</publisher> 10 Ngr.</bibl>
<bibl id="hofm_1852_06_0103_25"><composer key="compo_033569">Strauss, Joh.</composer>, <title>Albion-Polka. Op. <opus key="opus_0094">102</opus></title>. <pubPlace key="place_0731">Wien</pubPlace>, <publisher key="publ_1506">Haslinger</publisher> 7 Ngr.</bibl>
<bibl id="hofm_1852_06_0103_26">– <title>Vivat! Quadrille. Op. <opus key="opus_0115">103</opus></title>. Ebend. 10 Ngr.</bibl>
<bibl id="hofm_1852_06_0103_27">– <title>Windsor-Klänge. Walzer. Op. <opus key="opus_0137">104</opus></title>. Ebend. 15 Ngr.</bibl>
<bibl id="hofm_1852_06_0103_28"><composer key="compo_033578">Strauss, Jos.</composer>, <title>Les Etoiles. Valse aérienne. 14me Suite de Valses</title>. <pubPlace key="place_0438">Mainz</pubPlace>, <publisher key="publ_3563">Schott</publisher> 45 Xr.</bibl>
<bibl id="hofm_1852_06_0103_29"><composer key="compo_033603">Strebinger, M.</composer>, <title>Manon Lescaut. Quadrille</title>. <pubPlace key="place_0731">Wien</pubPlace>, <publisher key="publ_3833">Spina</publisher> 10 Ngr.</bibl>
<bibl id="hofm_1852_06_0103_30"><composer key="compo_033881">Suppé, Fr. v.</composer>, <title>Schwäbischer Tanz a.d. Singspiel: Dame Valentin</title> (Rundschau Lief. 6.) <pubPlace key="place_0731">Wien</pubPlace>, <publisher key="publ_1269">Glöggl</publisher> 10 Ngr.</bibl>
<wip id="hofm_1852_06_0103_31">– <title>Tannenhäuser. Dramatisches Gedicht</title>. <pubPlace key="place_0731">Wien</pubPlace>, <publisher key="publ_1269">Glöggl</publisher>.  <lb/><title>Tanz der Irrlichter</title>. 10 Ngr. <lb/><title>Spiegeltanz</title>. 12½ Ngr.</wip>
<bibl id="hofm_1852_06_0103_32"><composer key="compo_035782">Vries, J.K. de</composer>, <title>Valse brillante</title>. <pubPlace key="place_0592">Rotterdam</pubPlace>, <publisher key="publ_4203">Vletter</publisher> 8½ Ngr.</bibl>
<bibl id="hofm_1852_06_0103_33"><composer key="compo_037209">Winter, A.</composer>, <title>Jellacic-Quadrille. Nach slavischen Volksweisen</title>. <pubPlace key="place_0731">Wien</pubPlace>, <publisher key="publ_2779">Müller</publisher> 10 Ngr.</bibl>
</div><div id="hofm_1852_06_0103_div14"><head><hofClass key="hofCl_0250">Märsche für das Pianoforte.</hofClass></head>
<bibl id="hofm_1852_06_0103_34"><title>Charlotte, Erbprinzessin von Sachsen-Meiningen</title>, <title>Marsch zur Geburtsfeier s.k.H. des Prinzen von Preussen</title>. <pubPlace key="place_0044">Berlin</pubPlace>, <publisher key="publ_3471">Schlesinger</publisher> 7½ Ngr.</bibl>
<pb n="104"/>
<bibl id="hofm_1852_06_0104_01"><composer key="compo_010828">Geiger, Constanze</composer>, <title>Franz Joseph-Marsch. Op. <opus key="opus_1271">19</opus></title>. <pubPlace key="place_0731">Wien</pubPlace>, <publisher key="publ_1269">Glöggl</publisher> 5 Ngr.</bibl>
<bibl id="hofm_1852_06_0104_02"><composer key="compo_015016">Hofbauer, Ferd.</composer>, <title>Marsch</title>. <pubPlace key="place_0731">Wien</pubPlace>, <publisher key="publ_1269">Glöggl</publisher> 5 Ngr.</bibl>
<bibl id="hofm_1852_06_0104_03"><composer key="compo_017572">Kittl, J.F.</composer>, <title>2 Defilir-Märsche. Op. <opus key="opus_2268">32</opus></title>. <pubPlace key="place_0731">Wien</pubPlace>, <publisher key="publ_3833">Spina</publisher> 8 Ngr.</bibl>
<bibl id="hofm_1852_06_0104_04"><composer key="compo_018451">Kovács, J.</composer>, <title>Galizianer-Marsch</title>. <pubPlace key="place_0731">Wien</pubPlace>, <publisher key="publ_2779">Müller</publisher> 8 Ngr.</bibl>
<bibl id="hofm_1852_06_0104_05"><composer key="compo_022433">Massak, F.</composer>, <title>Manövrir-Marsch (No. 11.)</title> <pubPlace key="place_0731">Wien</pubPlace>, <publisher key="publ_2605">Mechetti</publisher> 5 Ngr.</bibl>
<bibl id="hofm_1852_06_0104_06">– <title>A rivederci (Auf Wiedersehen). Marsch (No. 12.)</title> Ebend. 5 Ngr.</bibl>
<bibl id="hofm_1852_06_0104_07">– <title>Der Straomer. Manövrir-Marsch (No. 13.)</title> Ebend. 5 Ngr.</bibl>
<bibl id="hofm_1852_06_0104_08"><composer key="compo_033249">Stenzl, C.F.</composer>, <title>Schwarzenberg-Uhlanen-Marsch</title>. <pubPlace key="place_0731">Wien</pubPlace>, <publisher key="publ_1269">Glöggl</publisher> 5 Ngr.</bibl>
<bibl id="hofm_1852_06_0104_09"><composer key="compo_033881">Suppé, Fr. v.</composer>, <title>Einzugs-Marsch a. d. dramatischen Gedicht. Tannenhäuser</title>. <pubPlace key="place_0731">Wien</pubPlace>, <publisher key="publ_1269">Glöggl</publisher> 10 Ngr.</bibl>
</div><div id="hofm_1852_06_0104_div15"><head><hofClass key="hofCl_0072">Lehrbücher für das Pianoforte.</hofClass></head>
<bibl id="hofm_1852_06_0104_10"><composer key="compo_003447">Bocklet, C.M.v.</composer>, <title>Der erste Unterricht im Pftespiel, mit 48 Melodien zum Unterricht der Elementarschüler, mit Fingersatz</title>. <pubPlace key="place_0731">Wien</pubPlace>, <publisher key="publ_1269">Glöggl</publisher>. <lb/><title>I. Darstellung der Tastatur</title>. 5 Ngr. <lb/><title>II. Die Scalen in d. Dur- u. Molltonarten</title>. 10 Ngr. <lb/><title>III. Fingerübungen bei stillstehender Hand</title>. 15 Ngr. <lb/><title>IV. Melodien. Heft 1</title>. 15 Ngr.</bibl>
</div><div id="hofm_1852_06_0104_div16"><head><hofClass key="hofCl_0238">Musik für die Physharmonika.</hofClass></head>
<bibl id="hofm_1852_06_0104_11"><composer key="compo_002378">Beranek, Joh.</composer>, <title>Preghiera f. Physharmonika</title>. <pubPlace key="place_0731">Wien</pubPlace>, <publisher key="publ_1269">Glöggl</publisher> 5 Ngr.</bibl>
</div><div id="hofm_1852_06_0104_div17"><head><hofClass key="hofCl_0068">Kirchenmusik.</hofClass></head>
<bibl id="hofm_1852_06_0104_12"><composer key="compo_013492">Hasse, G.A.</composer>, <title>Die Bekehrung des heil. Augustin. Oratorium. Arie (Alt) Ach dieses Herz (Il rimorso). <format>Klavier-Ausz</format></title>. <pubPlace key="place_0044">Berlin</pubPlace>, <publisher key="publ_3471">Schlesinger</publisher> 10 Ngr.</bibl>
<bibl id="hofm_1852_06_0104_13"><composer key="compo_028925">Rosetti</composer>, <title>Der sterbende Jesus. Oratorium. Arie (Alt) Weine, königlische Blume. <format>Klavier-Ausz</format></title>. <pubPlace key="place_0044">Berlin</pubPlace>, <publisher key="publ_3471">Schlesinger</publisher> 7½ Ngr.</bibl>
<wip id="hofm_1852_06_0104_14"><title>Tempelklänge. Eine Sammlung von leicht ausführbaren Motetten, Hymnen, Cantaten u. andern gesitl. Gesängen zu sämmtlichen hohen Festtagen u. andern kirchl. Gelegenheiten, f. Sopran, Alt, Tenor u. Bass, herausg. v. F.G. Klauer. 1stes Heft. <format>Part. u. Stimmen</format></title>. qu.-8. <pubPlace key="place_0170">Eisleben</pubPlace>, <publisher key="publ_2199">Kuhnt</publisher> 20 Ngr. n. <lb/><format>Partitur</format> geh. 7½ Ngr. n. <lb/><format>Stimmen</format> (à 3¾ Ngr.) 15 Ngr. n.</wip>
</div><div id="hofm_1852_06_0104_div18"><head><hofClass key="hofCl_0021">Gesangstücke für Concertmusik mit Begleitung mehrerer Instrumente.</hofClass></head>
<bibl id="hofm_1852_06_0104_15"><composer key="compo_008604">Eschmann, J.C.</composer>, <title>Zweigesang, v. Reinick, f. eine Singstimme m. Violoncell u. Pfte. Op. <opus key="opus_0234">11</opus></title>. <pubPlace key="place_0341">Cassel</pubPlace>, <publisher key="publ_2497">Luckhardt</publisher> 15 Ngr.</bibl>
<bibl id="hofm_1852_06_0104_16"><composer key="compo_022904">Mendelssohn-Bartholdy, F.</composer>, <title>Oedipus in Kolons des Sophokles. Op. <opus key="opus_4649">93. (No. 22 der nachgel. Werke.)</opus></title> <pubPlace key="place_0392">Leipzig</pubPlace>, <publisher key="publ_0437">Br. u. Härtel</publisher>. <lb/><format>Partitur</format> geh. 10 Thlr. <lb/><format>Orchesterstimmen</format> 6 Thlr.</bibl>
<pb n="105"/>
<bibl id="hofm_1852_06_0105_01"><composer key="compo_027523">Randhartinger, B.</composer>, <title>Vor’m alten Mühlenhause. Gedicht v. Vogl, f. eine Singstimme m. Waldhorn (od. Vclle) u. Pfte</title>. <pubPlace key="place_0731">Wien</pubPlace>, <publisher key="publ_3833">Spina</publisher> 15 Ngr.</bibl>
<bibl id="hofm_1852_06_0105_02"><composer key="compo_033484">Storch, A.M.</composer>, <title>Ufer und Bächlein. Gedicht v.E. Steinhauser v. Treuberg, f. eine Singstimme m. Waldhorn (od. Vclle) u. Pfte. Op. <opus key="opus_4617">92</opus></title>. <pubPlace key="place_0731">Wien</pubPlace>, <publisher key="publ_2605">Mechetti</publisher> 15 Ngr.</bibl>
<bibl id="hofm_1852_06_0105_03">– <title>Im Walde. Wanderlied v. F.X.v. Fialovics, f. eine Singstimme m. Violoncell (od. Horn) u. Pfte. Op. <opus key="opus_4654">94</opus></title>. Ebend. 20 Ngr.</bibl>
</div><div id="hofm_1852_06_0105_div19"><head><hofClass key="hofCl_0102">Mehrstimmige Gesänge mit und ohne Pianoforte.</hofClass></head>
<bibl id="hofm_1852_06_0105_04"><composer key="compo_004478">Bräuer, C.</composer>, <title>4 vierstimmige Gesänge f. Männerstimmen. Op. <opus key="opus_1844">251</opus>. (Zum Schlusse eines Gesangfestes. Wohin? Der Herbstabend. Neujahrslied.) <format>Part. u. Stimmen</format></title>. 8vo. <pubPlace key="place_0392">Leipzig</pubPlace>, <publisher key="publ_3924">Stoll</publisher> 15 Ngr.</bibl>
<wip id="hofm_1852_06_0105_05"><composer key="compo_007518">Dupont, J.Fr.</composer>, <title>Frühling- und Herbstklänge. 6 Lieder f. Sopran, Alt, Tenor u. Bass. Op. <opus key="opus_4300">8</opus> (Im Mai. Das Veilchen. Frühlingslied. Lust’ge Vögel. Herbstlied. Nachklang.)</title> 8vo. <pubPlace key="place_0592">Rotterdam</pubPlace>, <publisher key="publ_4203">Vletter</publisher> 1 Thlr. 20 Ngr. <lb/><format>Partitur</format> geh. 22½ Ngr. <lb/><format>Stimmen</format> 27½ Ngr.</wip>
<bibl id="hofm_1852_06_0105_06"><composer key="compo_010862">Geissler, C.</composer>, <title>Heitere, launige u. scherzhafte Lieder, f. vierst. Männerchor. Op. <opus key="opus_0120">103. No. 1, 2</opus>. <format>Part. u. Stimmen</format></title>. 8vo. <pubPlace key="place_0392">Leipzig</pubPlace>, <publisher key="publ_3924">Stoll</publisher> à 7½ Ngr. <lb/><title>No. 1, Der Wein</title>. <lb/>– <title>2, Der Freunde gute Nacht</title>.</bibl>
<bibl id="hofm_1852_06_0105_07"><composer key="compo_011642">Goltermann, G.</composer>, <title>4 zweistimmige Gesänge m. Pfte. Op. <opus key="opus_1165">18</opus> (Wenn still mit seinen letzten Flammen. Ach, dass ewig hier die Liebe. Wanderers Nachtlied. Frühlingsliebe.)</title> <pubPlace key="place_0392">Leipzig</pubPlace>, <publisher key="publ_3023">Peters</publisher> 22 Ngr.</bibl>
<bibl id="hofm_1852_06_0105_08"><composer key="compo_012289">Grundmann, F.P.</composer>, <title>Liebesweh, v.H. Heine, f. 4 Männerst. <format>Part. u. St</format></title>. 8vo. <pubPlace key="place_0731">Wien</pubPlace>, <publisher key="publ_1269">Glöggl</publisher> 8 Ngr.</bibl>
<bibl id="hofm_1852_06_0105_09">– <title>Das Geheimniss, v. Salis, f. 4 Männerst. <format>Part. u. St</format></title>. 8vo. Ebend. 8 Ngr.</bibl>
<bibl id="hofm_1852_06_0105_10"><composer key="compo_012873">Hackel, A.</composer>, <title>Die Sterne, v. Oesten, f. 4 Männerst. <format>Part. u. St</format></title>. 8vo. <pubPlace key="place_0731">Wien</pubPlace>, <publisher key="publ_1269">Glöggl</publisher> 8 Ngr.</bibl>
<wip id="hofm_1852_06_0105_11"><composer key="compo_018761">Kreutzer, C.</composer>, <title>Sammlung von vierst. Gesängen u. Chören f. Männerst. <edition>Neue Ausgabe</edition></title>. 8vo. Heft 21, 22 u. Anhang. <pubPlace key="place_0438">Mainz</pubPlace>, <publisher key="publ_3563">Schott</publisher> 1 Fl. 48 Xr. n. <lb/><title>Heft 21 u. 22 (Sänger-Glück. Nacht. Grosse Wanderschaft. Mitternachtsglocke. Entzücken. Frühling. Aus der Kinderzeit. Toast. Deutscher Trost. Ermunterung. Stumm. Am Bergesquell.)</title> <lb/><title>Anhang (Lied der Mignon) nebst Titel, Umschlag, Inhalts-Verzeichniss u. Kreutzer’s Portrait</title>. <lb/>Die compl. Sammlung kostet im Subscr.-Pr. 20 Fl. n. (<format>Partitur</format> allein 7 Fl. 12 Xr. n. <format>Stimmen</format> allein 14 Fl. 24 Xr. n.)</wip>
<bibl id="hofm_1852_06_0105_12"><composer key="compo_019163">Kuntze, C.</composer>, <title>Vom Fels zum Meer. Vaterlandslied v. R. Lindenberg, f. Tenor u. Männerchor</title>. <pubPlace key="place_0044">Berlin</pubPlace>, <publisher key="publ_3471">Schlesinger</publisher> 15 Ngr.</bibl>
<pb n="106"/>
<bibl id="hofm_1852_06_0106_01"><title>Liederkranz f. deutsche Schulen. Eine Sammlung ein-, zwei- u. dreistimmiger Lieder, herausg. v. Lehrern d. Grafsch. Mansfeld. 1stes Heft. <edition>3te verb. Aufl</edition></title>. 8. <pubPlace key="place_0170">Eisleben</pubPlace>, <publisher key="publ_2199">Kuhnt</publisher> geh. 2 Ngr. n.</bibl>
<wip id="hofm_1852_06_0106_02"><composer key="compo_021016">Lindner, A.</composer>, <title>3 zweistimmige Lieder m. Pfte. Op.<opus key="opus_1390">20</opus></title>. <pubPlace key="place_0280">Hannover</pubPlace>, <publisher key="publ_2808">Nagel</publisher> 25 Ngr. <lb/><title>No. 1, Frühlingswonne</title>. 15 Ngr. <lb/>– <title>2, Jubilate Amen</title>. 10 Ngr. <lb/>– <title>3, Das Glöcklein im Herzen</title>. 7½ Ngr.</wip>
<bibl id="hofm_1852_06_0106_03"><composer key="compo_025436">Ortner, Ant.</composer>, <title>3 Gesänge f. Sopran u. Alt m. Pfte (Winterseufzer. Im Walze. Ade)</title>. <pubPlace key="place_0475">München</pubPlace>, <publisher key="publ_0028">Aibl</publisher> 22½ Ngr.</bibl>
<bibl id="hofm_1852_06_0106_04"><composer key="compo_029710">Santner, C.</composer>, <title>Tanzlied f. 4 Männerst. <format>Part. u. Stimmen</format></title>. 8vo. <pubPlace key="place_0731">Wien</pubPlace>, <publisher key="publ_1269">Glöggl</publisher> 12 Ngr.</bibl>
<wip id="hofm_1852_06_0106_05"><composer key="compo_030628">Schmidtler, F.N.</composer>, <title>Lieder f. zwei Singst. m. Pfte. Op. <opus key="opus_3565">6</opus></title>. <pubPlace key="place_0731">Wien</pubPlace>, <publisher key="publ_1269">Glöggl</publisher> 20 Ngr. <lb/><title>No. 1, Du bist so still</title>. 10 Ngr. <lb/>– <title>2, Eine Thräne</title>. 5 Ngr. <lb/>– <title>3, Trennung</title>. 8 Ngr. <lb/>– <title>4, Aus der Ferne</title>. 5 Ngr. <lb/>– <title>5, Du bist so fern</title>. 5 Ngr.</wip>
<wip id="hofm_1852_06_0106_06"><composer key="compo_030672">Schmitz, J.E.</composer>, <title>De landlijke Avondstond. Cantate (f. 4 Singst. m. Pfte.)</title> <pubPlace key="place_0592">Rotterdam</pubPlace>, <publisher key="publ_4203">Vletter</publisher> 3 Thlr. 20 Ngr. <lb/><format>Klavierauszug</format> geh. 2 Thlr. 15 Ngr. <lb/>Die vier <format>Singstimmen</format> 1 Thlr 5 Ngr.</wip>
<bibl id="hofm_1852_06_0106_07"><composer key="compo_031488">Schwarzböck, L.</composer>, <title>In den Bergen, f. 4 Männerst. <format>Part. u. St</format></title>. 8vo. <pubPlace key="place_0731">Wien</pubPlace>, <publisher key="publ_1269">Glöggl</publisher> 8 Ngr.</bibl>
<bibl id="hofm_1852_06_0106_08"><composer key="compo_035416">Verhulst, J.J.H.</composer>, <title>3 Balladen f. Sopr., Alt, Ten. u. Bass m. willk. Pfte. (Holländischer Text.) Op. <opus key="opus_2915">43</opus></title>. <pubPlace key="place_0592">Rotterdam</pubPlace>, <publisher key="publ_4203">Vletter</publisher> 2 Thlr. <lb/><format>Klavierauszug</format> 1 Thlr. 5 Ngr. <lb/>Die vier <format>Singstimmen</format>. 25 Ngr.</bibl>
</div><div id="hofm_1852_06_0106_div20"><head><hofClass key="hofCl_0268">Opernmusik mit Pianofortebegleitung.</hofClass></head>
<bibl id="hofm_1852_06_0106_09"><composer key="compo_015699">Händel, G.F.</composer>, <title>Ezio. Arie (Alt) Selbst den armen niedern Sclaven (Nasce al bosco)</title>. <pubPlace key="place_0044">Berlin</pubPlace>, <publisher key="publ_3471">Schlesinger</publisher>. 10 Ngr.</bibl>
<bibl id="hofm_1852_06_0106_10"><composer key="compo_023890">Mozart, W.A.</composer>, <title>Don Juan. Oper. Mit einem Anhang von später eingelegten Stücken. Vollständiger Klavierausz. v. Fr. Schneider. Ital. u. deutscher Text. <edition>Neue Ausgabe</edition></title>. <pubPlace key="place_0392">Leipzig</pubPlace>, <publisher key="publ_2039">Klemm</publisher> geh. 2 Thlr. 15 Ngr.</bibl>
<wip id="hofm_1852_06_0106_11"><composer key="compo_027156">Prummer</composer>, <title>Da Toni und sei Burgei</title>. <pubPlace key="place_0731">Wien</pubPlace>, <publisher key="publ_1269">Glöggl</publisher>. <lb/><title>Das Lied vom kurzen Röckl</title>. 5 Ngr. <lb/><title>Das Lied vom Wildschütz</title>. 5 Ngr.</wip>
<bibl id="hofm_1852_06_0106_12"><composer key="compo_035403">Verdi, G.</composer>, <title>Stiffelio. Dramma lirico. Riduzione p. Canto con Pfte</title>. <pubPlace key="place_0437">Mailand</pubPlace>, <publisher key="publ_3241">Ricordi</publisher> geh. 40 Fr.</bibl>
</div><div id="hofm_1852_06_0106_div21"><head><hofClass key="hofCl_0040">Gesänge für eine Stimme mit Begleitung des Pianoforte.</hofClass></head>
<bibl id="hofm_1852_06_0106_13"><composer key="compo_000011">Abadie, L.</composer>, <title>Le Retour de la Vie. Réponse aux feuilles mortes</title>. (Lyre française No. 443.) <pubPlace key="place_0438">Mainz</pubPlace>, <publisher key="publ_3563">Schott</publisher> 18 Xr.</bibl>
<bibl id="hofm_1852_06_0106_14"><composer key="compo_000088">Adam</composer>, <title>Bravour-Variationen f. Sopran: Ah vous dirai-je, Maman (Ach Mama, ich sag’ es)</title>. <pubPlace key="place_0044">Berlin</pubPlace>, <publisher key="publ_3471">Schlesinger</publisher> 12½ Ngr.</bibl>
<bibl id="hofm_1852_06_0106_15"><composer key="compo_000229">Aigner, E.</composer>, <title>Lied: „Willst die Blumen du verstehen“</title>. <pubPlace key="place_0731">Wien</pubPlace>, <publisher key="publ_1269">Glöggl</publisher> 8 Ngr.</bibl>
<pb n="107"/>
<bibl id="hofm_1852_06_0107_01"><composer key="compo_000250">Alary, G.</composer>, <title>Melodie f. Contralt: Se perte moro (Ob ich die Quallen noch länger trage)</title>. <pubPlace key="place_0044">Berlin</pubPlace>, <publisher key="publ_3471">Schlesinger</publisher> 10 Ngr.</bibl><album id="hofm_1852_06_0107_02">
<title>Aurora. Sammlung auserlesener Gesänge. No. 3–5</title>. <pubPlace key="place_0475">München</pubPlace>, <publisher key="publ_0028">Aibl</publisher> à 5 Ngr. <lb/><title>No. 3, Der rothe Sarafan. Russisches Volkslied</title>. <lb/>– <title>4, Volkslied: Mutterseelenallein</title>. <lb/>– <title>5, Arnaud, Die blauen Augen (Les Yeux bleus)</title>.</album>
<bibl id="hofm_1852_06_0107_03"><composer key="compo_001241">Bach, O.</composer>, <title>Ungewisses Licht. Gedicht v. Zedlitz. Op. <opus key="opus_1372">2</opus></title>. <pubPlace key="place_0731">Wien</pubPlace>, <publisher key="publ_2779">Müller</publisher> 10 Ngr.</bibl>
<bibl id="hofm_1852_06_0107_04"><composer key="compo_002077">Beethoven, L. van</composer>, <title>Schottische Lieder (Scotch Songs). Op. <opus key="opus_0198">108</opus>. Liv. 1 (Du treue Johnie. Der Abend. Köstliche Zeit. Der schönste Bub’ war Henny. Die schönste Maid von Inverness.) <edition>Neue Ausg</edition></title>. <pubPlace key="place_0044">Berlin</pubPlace>, <publisher key="publ_3471">Schlesinger</publisher> 20 Ngr.</bibl>
<bibl id="hofm_1852_06_0107_05"><composer key="compo_003035">Binder, C.</composer>, <title>I hätt’ a Bitt. Gedicht in österreichischer Mundart, v. L. Grois</title>. <pubPlace key="place_0731">Wien</pubPlace>, <publisher key="publ_1269">Glöggl</publisher> 5 Ngr.</bibl>
<bibl id="hofm_1852_06_0107_06"><title>Blaumützen (die) The Bonnets of blue. Schottsiches Prätendentenlied</title>. <pubPlace key="place_0044">Berlin</pubPlace>, <publisher key="publ_3471">Schlesinger</publisher> 5 Ngr.</bibl>
<bibl id="hofm_1852_06_0107_07"><composer key="compo_004202">Bremer, J.B.H.</composer>, <title>6 Gedichte. Op. <opus key="opus_0001">1</opus> (Colma. Sterne mit den gold’nen Füsschen. Die schlanke Wasserlilie. Was treibt dich umher. Aus der Ferne. Erndtelied.)</title> <pubPlace key="place_0592">Rotterdam</pubPlace>, <publisher key="publ_4203">Vletter</publisher> 25 Ngr.</bibl>
<bibl id="hofm_1852_06_0107_08"><title>Carayon la Tour, A. de, Amour et Fanatisme p. Sopran (ou. Ten.)</title> Lyre française No. 447. <pubPlace key="place_0438">Mainz</pubPlace>, <publisher key="publ_3563">Schott</publisher> 18 Xr.</bibl>
<bibl id="hofm_1852_06_0107_09"><composer key="compo_005821">Coenen, F.H.</composer>, <title>Die Königstochter. Eine alte Legende</title>. <pubPlace key="place_0592">Rotterdam</pubPlace>, <publisher key="publ_4203">Vletter</publisher> 10 Ngr.</bibl>
<bibl id="hofm_1852_06_0107_10"><composer key="compo_008061">Eichhorn, Fr.</composer>, <title>Ueber die Haide. Romanze v. O. Prechtler</title>. <pubPlace key="place_0731">Wien</pubPlace>, <publisher key="publ_2779">Müller</publisher> 10 Ngr.</bibl>
<bibl id="hofm_1852_06_0107_11"><composer key="compo_008604">Eschmann, J.C.</composer>, <title>4 Lieder. Op. <opus key="opus_3181">5</opus> (Zum letztenmal. Im Wäldchen. Viel rosenrother Wölklein. Störung.)</title> <pubPlace key="place_0341">Cassel</pubPlace>, <publisher key="publ_2497">Luckhardt</publisher> 22½ Ngr.</bibl>
<bibl id="hofm_1852_06_0107_12"><composer key="compo_008627">Esser, H.</composer>, <title>Mon Ange (Mein Engel). Mélodie p. Alto (ou Bariton, ou Basse)</title>. <pubPlace key="place_0438">Mainz</pubPlace>, <publisher key="publ_3563">Schott</publisher> 36 Xr.</bibl>
<bibl id="hofm_1852_06_0107_13"><composer key="compo_010428">Fürstenow, H.</composer>, <title>Frühlingslied aus dem Kurdischen, v. F. Bodenstedt</title>. <pubPlace key="place_0276">Hamburg</pubPlace>, <publisher key="publ_0640">Cranz</publisher> 5 Ngr.</bibl>
<bibl id="hofm_1852_06_0107_14"><composer key="compo_010908">Gellert, L.</composer>, <title>3 Lieder f. Tenor (od. Sopran.) Op. <opus key="opus_0001">1</opus> (Rath. Wir sind allein. Kann ich dafür.)</title> 10 Ngr.</bibl>
<bibl id="hofm_1852_06_0107_15">– <title>3 Lieder. Op. <opus key="opus_1372">2</opus> (Wenn ich ein buntes Vöglein wär! O du meine liebe Taube. Ich klopf’ an deine Thüre.)</title> Ebend. 15 Ngr.</bibl>
<bibl id="hofm_1852_06_0107_16"><composer key="compo_012498">Gumbert, F.</composer>, <title>Die Thräne. Gedicht v. C. Hafner, f. Sopran (od. Tenor). Op. <opus key="opus_2458">35</opus>. <edition>2te Aufl</edition></title>. <pubPlace key="place_0341">Cassel</pubPlace>, <publisher key="publ_2497">Luckhardt</publisher> 7½ Ngr.</bibl>
<bibl id="hofm_1852_06_0107_17">– Idem f. Alt (od. Bariton). <edition>2te Aufl</edition>. Ebend. 7½ Ngr.</bibl>
<bibl id="hofm_1852_06_0107_18"><composer key="compo_014217">Henrion, P.</composer>, <title>Pain bénit. Mélodie</title>. (Lyre française No. 446.) <pubPlace key="place_0438">Mainz</pubPlace>, <publisher key="publ_3563">Schott</publisher> 18 Xr.</bibl>
<bibl id="hofm_1852_06_0107_19"><composer key="compo_015819">Hölzel, G.</composer>, <title>Die Thräne, Gedicht v. G. Hafner, f. Bariton (od. Alt). Op. <opus key="opus_4326">80</opus></title>. <pubPlace key="place_0731">Wien</pubPlace>, <publisher key="publ_3833">Spina</publisher> 10 Ngr.</bibl>
<bibl id="hofm_1852_06_0107_20">– Idem f. Tenor (od. Sopran). Ebend. 10 Ngr.</bibl>
<bibl id="hofm_1852_06_0107_21">– <title>Die G’fälligkeit. Lied in österreichischer Mundart, v. Bar. Klesheim. Op. <opus key="opus_4354">81</opus></title>. <pubPlace key="place_0731">Wien</pubPlace>, <publisher key="publ_2779">Müller</publisher> 10 Ngr.</bibl>
<bibl id="hofm_1852_06_0107_22"><composer key="compo_017499">Kirchner, Th.</composer>, <title>Mädchenlieder v.E. Geibel u. K. Beck, f. Sopran. Op. <opus key="opus_2116">3</opus> (In meinem Garten in die Nelken. Wohl waren es Tage der Wonne. Gute Nacht, mein Herz. Wann die Sterne scheinen. Sorgenvolle Wetterschwüle. Gott hilf.)</title> <pubPlace key="place_0392">Leipzig</pubPlace>, <publisher key="publ_0437">Br. u. Härtel</publisher> 20 Ngr.</bibl>
<bibl id="hofm_1852_06_0107_23">– <title>4 Lieder. Op. <opus key="opus_2737">4</opus> (Ich muss hinaus. Im Rosebusch die Liebe schlief. Täuschung. Die Lüfte regen die Flügel.)</title> Ebend. 20 Ngr.</bibl>
<pb n="108"/>
<bibl id="hofm_1852_06_0108_01"><composer key="compo_017846">Kloss, J.F.</composer>, <title>Ma Milenka (Mein Liebchen). Slavisches Nationallied, deutsch v. Vogl</title>. <pubPlace key="place_0731">Wien</pubPlace>, <publisher key="publ_3833">Spina</publisher> 10 Ngr.</bibl>
<bibl id="hofm_1852_06_0108_02"><composer key="compo_018142">Kohn, C.</composer>, <title>2 Gedichte v. C. Beck. (Im Haus. Der Weiher.)</title> <pubPlace key="place_0731">Wien</pubPlace>, <publisher key="publ_1269">Glöggl</publisher> 10 Ngr.</bibl>
<bibl id="hofm_1852_06_0108_03"><composer key="compo_018639">Krebs, C.</composer>, <title>Gondolierlied, v. Gathy. Kornblumenkranz v. Geibel. Op. <opus key="opus_1085">170</opus></title>. <pubPlace key="place_0044">Berlin</pubPlace>, <publisher key="publ_3471">Schlesinger</publisher> 15 Ngr.</bibl>
<bibl id="hofm_1852_06_0108_04"><composer key="compo_019163">Kuntze, C.</composer>, <title>Vom Fels zum Meer. Vaterlandslied v. R. Lindenberg, f. Tenor. Op. <opus key="opus_3181">5</opus></title>. <pubPlace key="place_0044">Berlin</pubPlace>, <publisher key="publ_3471">Schlesinger</publisher> 15 Ngr.</bibl>
<bibl id="hofm_1852_06_0108_05"><composer key="compo_020029">Lanz, E.</composer>, <title>Wiegenlied der Mutter Gottes, nach Lope de Vega. Op. <opus key="opus_2737">4</opus></title>. <pubPlace key="place_0731">Wien</pubPlace>, <publisher key="publ_1269">Glöggl</publisher> 10 Ngr.</bibl>
<bibl id="hofm_1852_06_0108_06"><composer key="compo_020061">Lasekk, C.</composer>, <title>Romanza p. Baritono: So’che pieta</title>. <pubPlace key="place_0147">Dresden</pubPlace>, <publisher key="publ_0199">Bauer</publisher> 7½ Ngr.</bibl>
<bibl id="hofm_1852_06_0108_07"><composer key="compo_020386">Lehmann, W.</composer>, <title>Bitte, v. Rückert. Op. <opus key="opus_0021">10</opus></title>. <pubPlace key="place_0392">Leipzig</pubPlace>, <publisher key="publ_3924">Stoll</publisher> 5 Ngr.</bibl>
<bibl id="hofm_1852_06_0108_08"><composer key="compo_021140">Litolff, H.</composer>, <title>2 Lieder. Op. <opus key="opus_3868">67</opus> (Mein Herz allein. Des Schäfers Sonntagslied.)</title> <pubPlace key="place_0078">Braunschweig</pubPlace>, <publisher key="publ_2681">Meyer</publisher> 17½ Ngr.</bibl>
<bibl id="hofm_1852_06_0108_09"><composer key="compo_023152">Metzger, C.</composer>, <title>Festmarsch und Lied der Harzer Bergleute (Glück auf, ihr Bergleut jung und alt)</title>. <pubPlace key="place_0280">Hannover</pubPlace>, <publisher key="publ_2808">Nagel</publisher> 5 Ngr.</bibl>
<bibl id="hofm_1852_06_0108_10"><composer key="compo_023257">Meyer, W.</composer>, <title>Mignon. Gedicht v. Göthe, f. Mezzo-Sopran (od. Tenor). Op. <opus key="opus_0001">1</opus></title>. <pubPlace key="place_0280">Hannover</pubPlace>, <publisher key="publ_2808">Nagel</publisher> 10 Ngr.</bibl>
<bibl id="hofm_1852_06_0108_11">– <title>Gieb dich zur Ruh’. Wie blickst du hell! f. Mezzo-Sopran (od. Ten.) Op. <opus key="opus_1372">2</opus></title>. Ebend. 10 Ngr.</bibl>
<bibl id="hofm_1852_06_0108_12"><composer key="compo_023890">Mozart, W.A.</composer>, <title>Abschiedslied (L’Addio) f. Sopran (od. Tenor)</title>. <pubPlace key="place_0044">Berlin</pubPlace>, <publisher key="publ_3471">Schlesinger</publisher> 5 Ngr.</bibl>
<bibl id="hofm_1852_06_0108_13">– <title>Das Veilchen, f. Sopran (od. Tenor)</title>. Ebend. 5 Ngr.</bibl>
<bibl id="hofm_1852_06_0108_14"><composer key="compo_024268">Müller, S.</composer>, <title>Das Veilchen. Gedicht v. Oberhey. Op. <opus key="opus_3967">7</opus></title>. <pubPlace key="place_0078">Braunschweig</pubPlace>, <publisher key="publ_3822">Spehr</publisher> 10 Ngr.</bibl>
<bibl id="hofm_1852_06_0108_15"><composer key="compo_024674">Neugebauer, C.</composer>, <title>3 launige Lieder f. tiefen Bass. Op. <opus key="opus_2737">4</opus> (Mondrüffel. Mir ist, als wenn ich heute noch. Ein Galgenliedchen.)</title> <pubPlace key="place_0044">Berlin</pubPlace>, <publisher key="publ_3471">Schlesinger</publisher> 12½ Ngr.</bibl>
<bibl id="hofm_1852_06_0108_16"><composer key="compo_026713">Pohl, C.F.</composer>, <title>Der tolle Wilm. Ballade v. F. Pfeiffer. Op. <opus key="opus_0021">10</opus></title>. <pubPlace key="place_0731">Wien</pubPlace>, <publisher key="publ_2605">Mechetti</publisher> 10 Ngr.</bibl>
<bibl id="hofm_1852_06_0108_17">– <title>Nacht am See. Gedicht v. Leibke, f. Alt (od. Bariton). Op. <opus key="opus_0234">11</opus></title>. Ebend. 7½ Ngr.</bibl>
<bibl id="hofm_1852_06_0108_18">– Idem f. Sopran (od. Tenor). Ebend. 7½ Ngr.</bibl>
<bibl id="hofm_1852_06_0108_19"><composer key="compo_027077">Proch, H.</composer>, <title>Die drei Liebchen. Ballade v. H. Hoffmann. Op. <opus key="opus_1107">172</opus></title>. <pubPlace key="place_0731">Wien</pubPlace>, <publisher key="publ_3833">Spina</publisher> 15 Ngr.</bibl>
<bibl id="hofm_1852_06_0108_20"><composer key="compo_027445">Raff, J.</composer>, <title>2 Lieder. Op. <opus key="opus_3105">48</opus>. (Abschied. Heimkehr.)</title> <pubPlace key="place_0392">Leipzig</pubPlace>, <publisher key="publ_3752">Senff</publisher> 10 Ngr.</bibl>
<bibl id="hofm_1852_06_0108_21"><composer key="compo_033484">Storch, A.M.</composer>, <title>Der Meistersinger. Lieder u. Gesänge. No. 10, Für Dich. Op. <opus key="opus_0409">120</opus></title>. <pubPlace key="place_0731">Wien</pubPlace>, <publisher key="publ_1269">Glöggl</publisher> 8 Ngr.</bibl>
<bibl id="hofm_1852_06_0108_22"><composer key="compo_033881">Suppé, Fr. v.</composer>, <title>Die G’fälligkeit. Gedicht in der österriechischen Volksmundart, v. Bar. Klesheim</title>. <pubPlace key="place_0731">Wien</pubPlace>, <publisher key="publ_1269">Glöggl</publisher> 10 Ngr.</bibl>
<bibl id="hofm_1852_06_0108_23"><composer key="compo_034223">Teichmann, A.</composer>, <title>Il Ritorno. Aria p. Soprano</title> (Aurora No. 336.) <pubPlace key="place_0731">Wien</pubPlace>, <publisher key="publ_2605">Mechetti</publisher> 15 Ngr.</bibl>
<bibl id="hofm_1852_06_0108_24"><composer key="compo_034896">Truhn, H.</composer>, <title>Der Mutter Trost (She must weep or she will die). Op. <opus key="opus_0065">101</opus></title>. <pubPlace key="place_0044">Berlin</pubPlace>, <publisher key="publ_3471">Schlesinger</publisher> 12½ Ngr.</bibl>
<bibl id="hofm_1852_06_0108_25">– <title>3 Lieder v. A. Tennyson (Songs by Tennyson) f. Mezzo-Sopran. Op. <opus key="opus_0094">102</opus>. (Des Kindes Grab. Wiegenlied. Die Echo’s)</title>. <pubPlace key="place_0044">Berlin</pubPlace>, <publisher key="publ_3471">Schlesinger</publisher> 22½ Ngr.</bibl>
<bibl id="hofm_1852_06_0108_26"><composer key="compo_035566">Vienot, E.</composer>, <title>Nina. Barcarolle italienne, p. Mezzo-Sopr. Deutsch v. G. Friedrich</title>. <pubPlace key="place_0438">Mainz</pubPlace>, <publisher key="publ_3563">Schott</publisher> 18 Xr.</bibl>
</div></body></text></TEI.2>