<?xml version="1.0" encoding="utf-8"?>
<!DOCTYPE TEI.2
  SYSTEM "../../dtd/tei/cch_tei.dtd">
<TEI.2 id="hofm_1853_10">
<teiHeader type="text"><fileDesc><titleStmt><title>October 1853</title></titleStmt><publicationStmt><p/></publicationStmt><sourceDesc><p/></sourceDesc></fileDesc><profileDesc><langUsage><language id="ger">German</language><language id="fre">French</language><language id="ita">Italian</language></langUsage></profileDesc><revisionDesc><change><date>2007-09-20</date><respStmt><name>EP</name></respStmt><item>missing @id added</item></change><change><date>2007-04-27</date><respStmt><name>RV</name></respStmt><item>Changed "biblGroup" elements in "listBibl"</item></change><change><date>2007-03-02</date><respStmt><name>EP</name></respStmt><item>Checked curly brackets</item></change><change><date>2007-02-26</date><respStmt><name>EP</name></respStmt><item>Encoded curly brackets</item></change><change><date>2006-12-19</date><respStmt><name>EP</name></respStmt><item>sic and unclear moved outside elements pubplaces, publisher, composer, hofclass, key, opus</item></change><change><date>2007-03-09</date><respStmt><name>Liz</name></respStmt> 
<item>p. 427 Duc (not Due)</item></change><change><date>2006-03-06</date><respStmt><name>Liz</name></respStmt> 
<item>final ___ resolved</item></change><change><date>2005-07-21</date><respStmt><name>Mekala</name></respStmt> 
<item>Checking Screens and Final Revisions</item></change><change><date>2005-06-04</date><respStmt><name>Mekala</name></respStmt><item>First Coding</item></change><change><date>2005-05-17</date><respStmt><name>Liz</name></respStmt><item>checking</item></change><change><date>2005-04-29</date><respStmt><name>JG</name></respStmt><item>automated tagging</item></change></revisionDesc></teiHeader>

<text><body>

<pb n="422"/><head>October 1853.</head><div id="hofm_1853_10_0422_div01"><head><hofClass key="hofCl_0164">Musik für das Orchester.</hofClass></head>
<bibl id="hofm_1853_10_0422_01"><title>Album f. Militärmusik. Lief. 20, Suppé, F. v., Ouverture mit Benutzung dalmatinischer Volksmelodien. <format>Part</format></title>. <pubPlace key="place_0731">Wien</pubPlace>, <publisher key="publ_1269">Glöggl</publisher>.</bibl>
<bibl id="hofm_1853_10_0422_02"><composer key="compo_014042">Heller, J.G.</composer>, <title>Saison de Wilhelmsbad. Galopp à gr. Orch. Op. <opus key="opus_1390">20</opus></title>. <pubPlace key="place_0438">Mainz</pubPlace>, <publisher key="publ_3563">Schott</publisher> 2 Fl.</bibl>
<bibl id="hofm_1853_10_0422_03"><composer key="compo_014919">Hirschbach, H.</composer>, <title>Nordischer Heldenreigen. Walzer f. Orch</title>. <pubPlace key="place_0044">Berlin</pubPlace>, <publisher key="publ_1109">Friedländer</publisher> 1 Rt. 25 Ngr.</bibl>
<bibl id="hofm_1853_10_0422_04"><composer key="compo_017081">Kaulich, J.</composer>, <title>D’Laud’n. Steyrische Tänze f. Orch. Op. <opus key="opus_0392">12</opus>. <format>Part</format></title>. <pubPlace key="place_0731">Wien</pubPlace>, <publisher key="publ_1269">Glöggl</publisher> 20 Ngr.</bibl>
<bibl id="hofm_1853_10_0422_05"><composer key="compo_022631">Mayer, J</composer>, <title>Ballklänge. Walzer f. Orch</title>. <pubPlace key="place_0044">Berlin</pubPlace>, <publisher key="publ_1109">Friedländer</publisher> 2 Rt.</bibl>
<bibl id="hofm_1853_10_0422_06">– <title>Die Schwärmerischen. Walzer f. Orch</title>. Ebend. 1 Rt. 25 Ngr.</bibl>
</div><div id="hofm_1853_10_0422_div02"><head><hofClass key="hofCl_0245">Musik für die Violine.</hofClass></head>
<bibl id="hofm_1853_10_0422_07"><composer key="compo_004899">Beriot, Ch. de</composer>, <title>12 petits Duos fac. et progressifs p. 2 Violons. Op. <opus key="opus_4502">87</opus></title>. <pubPlace key="place_0438">Mainz</pubPlace>, <publisher key="publ_3563">Schott</publisher> 1 Rt. 48 Xr.</bibl>
<bibl id="hofm_1853_10_0422_08"><composer key="compo_006448">Dancla, Ch.</composer>, <title>Le Progrès. 10 Etudes mélodiques et spéciales p. le Travail de la Main gauche, p. Violon. Op. <opus key="opus_3351">54</opus></title>. <pubPlace key="place_0438">Mainz</pubPlace>, <publisher key="publ_3563">Schott</publisher> 54 Xr.</bibl>
</div><div id="hofm_1853_10_0422_div03"><head><hofClass key="hofCl_0247">Musik für die Zither.</hofClass></head>
<bibl id="hofm_1853_10_0422_09"><composer key="compo_000282">Albert, M.</composer>, <title>Herbstblumen (Walzer, Ländler, Polka u. Galopp) f. Zither. Op. <opus key="opus_1482">21</opus></title>. qu.-8. <pubPlace key="place_0475">München</pubPlace>, <publisher key="publ_0996">Falter</publisher> 1 Fl. 12 Xr.</bibl>
<bibl id="hofm_1853_10_0422_10"><composer key="compo_024108">Mühlauer, M.</composer>, <title>Oberbayer’sche Original-Walzer im leichten Style m. Fingersatz f. Zither. Op. <opus key="opus_3071">47</opus></title>. qu.-8. <pubPlace key="place_0475">München</pubPlace>, <publisher key="publ_0996">Falter</publisher> 27 Xr.</bibl>
<bibl id="hofm_1853_10_0422_11">– <title>Almerische Weisen im leichten Styl m. Fingersatz f. Zither. Op. <opus key="opus_3105">48</opus></title>. qu.-8. Ebend. 27 Xr.</bibl>
</div><div><head><hofClass key="hofCl_0167">Musik für das Pianoforte mit Begleitung.</hofClass></head>
<bibl id="hofm_1853_10_0422_12"><composer key="compo_003340">Blumenthal, Jacq.</composer>, <title>Gr. Trio p. Pfte, Violon et Vclle. Op. <opus key="opus_1881">26</opus>, in <key>Fm</key></title>: <pubPlace key="place_0438">Mainz</pubPlace>, <publisher key="publ_3563">Schott</publisher> 5 Fl. 24 Xr.</bibl>
<bibl id="hofm_1853_10_0422_13"><composer key="compo_004262">Briccialdi, G.</composer>, <title>Portofoglio per i Dilettanti. No. 2, Duo p. 2 Flûtes av. Pfte. Op. <opus key="opus_3868">67</opus></title>. <pubPlace key="place_0438">Mainz</pubPlace>, <publisher key="publ_3563">Schott</publisher> 2 Fl. 42 Xr.</bibl>
<bibl id="hofm_1853_10_0422_14"><composer key="compo_004711">Burgmüller, Franç.</composer>, <title>4 Morceaux faciles p. Violon et Pfte</title>. <pubPlace key="place_0519">Offenbach</pubPlace>, <publisher key="publ_0065">André</publisher> 45 Xr.</bibl>
<bibl id="hofm_1853_10_0422_15"><composer key="compo_005681">Ciardi, C.</composer>, <title>Fantasia conc. sopra alcuni Motivi di Verdi, p. Flauto e Pfte. Op. <opus key="opus_2764">40</opus></title>. <pubPlace key="place_0437">Mailand</pubPlace>, <publisher key="publ_2495">Lucca</publisher> 6 Fr.</bibl>
<bibl id="hofm_1853_10_0422_16">– <title>Divertimento sopra Motivi dell’ Opera: Il Trovatore, di Verdi, p. Flauto con Pfte. Op. <opus key="opus_2804">41</opus></title>. Ebend. 7½ Ngr.</bibl>
<wip id="hofm_1853_10_0422_17"><composer key="compo_006106">Cramer, H.</composer>, <title>Les Fleurs des Opéras. Potpourris p. Pfte et Violon</title>. <pubPlace key="place_0519">Offenbach</pubPlace>, <publisher key="publ_0065">André</publisher>. <lb/><title>No. 20, Rossini, Barbier von Sevilla</title>. 1 Fl. 48 Xr. <lb/>– <title>21, Bellini, Montecchi e Capuleti</title>. 1 Fl. 48 Xr.</wip>
<wip id="hofm_1853_10_0422_18">– <title>Les Fleurs des Opéras. Potpourris p. Pfte et Flûte</title>. Ebend. <lb/><title>No. 20, Rossini, Barbier von Sevilla</title>. 1 Fl. 48 Xr. <lb/>– <title>21, Bellini, Montecchi e Capuleti</title>. 1 Fl. 48 Xr.</wip>
<pb n="423"/>
<bibl id="hofm_1853_10_0423_01"><composer key="compo_006216">Cunio, A.</composer>, e <composer key="compo_026578">F. Pizzi</composer>, <title>3 Caprici sopra Motivi di Verdi, p. Pfte e Flauto conc. Op. <opus key="opus_0806">15</opus>. No. 2, Rigoletto. No. 3, Macbeth</title>. <pubPlace key="place_0437">Mailand</pubPlace>, <publisher key="publ_2495">Lucca</publisher> à 4½ Fr.</bibl>
<bibl id="hofm_1853_10_0423_02"><composer key="compo_006610">Decker, Const</composer>, <title>Sonate p. Pfte et Violon. Op. <opus key="opus_2347">33</opus>, in <key>D</key></title>. <pubPlace key="place_0436">Magdeburg</pubPlace>, <publisher key="publ_1560">Heinrichshofen</publisher> 2 Rt.</bibl>
<bibl id="hofm_1853_10_0423_03"><composer key="compo_007289">Dotzauer, J.J.F.</composer>, <title>6 Pièces faciles p. Vclle av. Pfte. Op. <opus key="opus_1196">182</opus>. Cah. 1, 2</title>. <pubPlace key="place_0044">Berlin</pubPlace>, <publisher key="publ_0677">Damköhler</publisher> à 15 Ngr.</bibl>
<bibl id="hofm_1853_10_0423_04"><composer key="compo_009718">Franchomme, A.</composer>, <title>12 Etudes p. Vclle av. Pfte. Op. <opus key="opus_2458">35</opus></title>. <pubPlace key="place_0438">Mainz</pubPlace>, <publisher key="publ_3563">Schott</publisher> 3 Fl. 12 Xr.</bibl>
<bibl id="hofm_1853_10_0423_05"><composer key="compo_010419">Fürstenau, A.B.</composer>, <title>Rondoletto p. Flûte et Pfte. Op. <opus key="opus_0204">108. No. 3</opus></title>. <pubPlace key="place_0276">Hamburg</pubPlace>, <publisher key="publ_3605">Schuberth et Co</publisher>. 15 Ngr.</bibl>
<bibl id="hofm_1853_10_0423_06"><composer key="compo_018371">Kosch, A.</composer>, <title>Notturno p. Violon av. Pfte</title>. <pubPlace key="place_0731">Wien</pubPlace>, <publisher key="publ_1269">Glöggl</publisher> 12 Ngr.</bibl>
<bibl id="hofm_1853_10_0423_07"><composer key="compo_019510">Küffner, J.</composer>, <title>Revue musicale. Collection de Morceaux faciles sur des Thèmes fav. p. Pfte et Violon (ou. Flûte). Op. <opus key="opus_2163">305</opus>. Cah. 26, Flotow u. Grisar, Das Wunderwasser</title>. <pubPlace key="place_0438">Mainz</pubPlace>, <publisher key="publ_3563">Schott</publisher> 1 Fl. 30 Xr.</bibl>
<bibl id="hofm_1853_10_0423_08"><composer key="compo_022297">Marschner, H.</composer>, <title>3 Impromptus p. Violon et Pfte. Op. <opus key="opus_0915">159</opus> (Elegie. Lied. Scherzo)</title>. <pubPlace key="place_0519">Offenbach</pubPlace>, <publisher key="publ_0065">André</publisher> 2 Fl.</bibl>
<bibl id="hofm_1853_10_0423_09">– <title>3 Impromptus p. Vclle et Pfte. Op. <opus key="opus_0915">159</opus> (Elegie. Lied. Scherzo)</title>. Ebend. 2 Fl.</bibl>
<bibl id="hofm_1853_10_0423_10"><composer key="compo_022994">Merk, Jos.</composer>, <title>Air final (Ah! non giunge) de la Sonnambula, de Bellini, varié p. Vclle av. Pfte. Op. <opus key="opus_2576">37</opus></title>. <pubPlace key="place_0731">Wien</pubPlace>, <publisher key="publ_2605">Mechetti</publisher> 25 Ngr.</bibl>
<bibl id="hofm_1853_10_0423_11"><composer key="compo_023890">Mozart, W.A.</composer>, <title>Clavier-Concerte m. Orch. in <format>Partitur</format>, hrg. v. F. X. Gleichauf. No. 3, in <key>Dm</key></title>. <pubPlace key="place_0519">Offenbach</pubPlace>, <publisher key="publ_0065">André</publisher> 1 Rt. 12 Ngr. *n.</bibl>
<bibl id="hofm_1853_10_0423_12">– <title>6 Quatuors p. Violon, arr p. Pfte et Violon par George Müller. No. 2, in <key>Dm</key></title>. <pubPlace key="place_0276">Hamburg</pubPlace>, <publisher key="publ_0640">Cranz</publisher> 1 Rt. 5 Ngr.</bibl>
<bibl id="hofm_1853_10_0423_13"><composer key="compo_023954">Musard</composer>, <title>L’Epreuve villageoise de Gretry. Quadrille p. Pfte av. Violon (ou Flûte), Cornet et Basse</title>. <pubPlace key="place_0537">Paris</pubPlace>, <publisher key="publ_0412">Brandus et Co</publisher>. 4½ Fr.</bibl>
<bibl id="hofm_1853_10_0423_14"><composer key="compo_032342">Singelée, J.B.</composer>, <title>Souvenir de Donizetti. Fantaisie sur des Motifs de l’Opéra : La Favorite, p. Violon av. Pfte. Op. <opus key="opus_1932">27</opus></title>. <pubPlace key="place_0438">Mainz</pubPlace>, <publisher key="publ_3563">Schott</publisher> 2 Fl.</bibl>
<bibl id="hofm_1853_10_0423_15"><composer key="compo_032911">Stahlknecht, E.H.A.</composer>, <title>Trio p. Pfte, Violon et Vclle. Op. <opus key="opus_0021">10</opus>, in <key>F</key></title>. <pubPlace key="place_0044">Berlin</pubPlace>, <publisher key="publ_2971">Paez</publisher> 2 Rt. 15 Ngr.</bibl>
<bibl id="hofm_1853_10_0423_16"><composer key="compo_033521">Stransky, J.</composer>, <title>Transcription bel. Lieder, Gesänge u. Romanzen. Op. <opus key="opus_0827">15. No. 7</opus>, Nachtstück, v. Schubert, f. Pfte u. Vclle</title>. <pubPlace key="place_0731">Wien</pubPlace>, <publisher key="publ_4456">Witzendorf</publisher> 45 Xr.</bibl>
<bibl id="hofm_1853_10_0423_17"><composer key="compo_035758">Voss, Ch.</composer>, <title>Im Afloat. Chant du Corsaire p. Pfte et Violon, arr. par Aug. Horn. Op. <opus key="opus_0744">144</opus></title>. <pubPlace key="place_0392">Leipzig</pubPlace>, <publisher key="publ_3924">Stoll</publisher> 25 Ngr.</bibl>
<bibl id="hofm_1853_10_0423_18">– <title>Air italien, transcrit p. Vclle et Pfte, par S. Lee. Op. <opus key="opus_0873">154</opus></title>. <pubPlace key="place_0392">Leipzig</pubPlace>, <publisher key="publ_3023">Peters</publisher> 15 Ngr.</bibl>
</div><div id="hofm_1853_10_0423_div05"><head><hofClass key="hofCl_0171">Musik für das Pianoforte zu vier Händen.</hofClass></head>
<bibl id="hofm_1853_10_0423_19"><composer key="compo_002826">Beyer, Ferd.</composer>, <title>Revue mélodique. Collection de petites Fantaisies sur des Motifs d’Opéras fav. Op. <opus key="opus_0293">112. No. 5</opus>, Flotow, Martha</title>. <pubPlace key="place_0438">Mainz</pubPlace>, <publisher key="publ_3563">Schott</publisher> 1 Fl.</bibl>
<bibl id="hofm_1853_10_0423_20"><composer key="compo_004712">Burgmüller, Fréd.</composer>, <title>Célimène. Grande Valse brill</title>. <pubPlace key="place_0438">Mainz</pubPlace>, <publisher key="publ_3563">Schott</publisher> 1 Fl.</bibl>
<bibl id="hofm_1853_10_0423_21"><composer key="compo_005344">Carrer, P.</composer>, <title>Divertimento sopra Motivi dell’ Opera: Il Trovatore, di Verdi. Op. <opus key="opus_3204">50</opus></title>. <pubPlace key="place_0437">Mailand</pubPlace>, <publisher key="publ_2495">Lucca</publisher> 4½ Fr.</bibl>
<bibl id="hofm_1853_10_0423_22"><composer key="compo_013697">Haydn, Jos.</composer>, <title>Quartett, gesetzt v. C. Klage No. 6, in <key>Fis</key></title>. <pubPlace key="place_0436">Magdeburg</pubPlace>, <publisher key="publ_1560">Heinrichshofen</publisher> 1 Rt.</bibl>
<pb n="424"/>
<bibl id="hofm_1853_10_0424_01"><composer key="compo_014252">Henselt, Ad.</composer>, <title>2 Chansons fav. transcrit. No. 1, Romance de Thal</title>. <pubPlace key="place_0276">Hamburg</pubPlace>, <publisher key="publ_3605">Schuberth et Co</publisher>. 10 Ngr.</bibl>
<bibl id="hofm_1853_10_0424_01_f"><composer key="compo_018718">Kretschmar, F.W.</composer>, <title>25 leichte melodiöse Uebungs- und Unterhaltungsstücke im Umfang von 5 Noten. Op. <opus key="opus_3565">6</opus>. Heft 1, 2</title>. 4to. <pubPlace key="place_0392">Leipzig</pubPlace>, <publisher key="publ_3924">Stoll</publisher> à 7½ Ngr.</bibl>
<bibl id="hofm_1853_10_0424_03"><composer key="compo_022249">Marks, G.W.</composer>, <title>70me Potpourri sur des Motifs de l’Opéra : Stiffelio, de Verdi. Op. <opus key="opus_0840">151</opus></title>. <pubPlace key="place_0276">Hamburg</pubPlace>, <publisher key="publ_0640">Cranz</publisher> 1 Rt. 15 Ngr.</bibl>
<bibl id="hofm_1853_10_0424_04"><composer key="compo_023828">Moscheles, J.</composer>, <title>3te Sonate. Vom Verfasser nach seiner Sonate f. Pfte u. Vclle. Op. <opus key="opus_0427">121</opus>, in E frei bearbeitet</title>. <pubPlace key="place_0392">Leipzig</pubPlace>, <publisher key="publ_2017">Kistner</publisher> 2 Rt. 5 Ngr.</bibl>
<bibl id="hofm_1853_10_0424_05"><composer key="compo_025715">Paoletti, Natale</composer>, <title>24 Sonatine progressive nell’ Estenzione di 5 Note. Lib. 1</title>. <pubPlace key="place_0437">Mailand</pubPlace>, <publisher key="publ_2495">Lucca</publisher> 4 Fr.</bibl>
<bibl id="hofm_1853_10_0424_06"><composer key="compo_031110">Schubert, C.</composer>, <title>Souvenirs sur la Chanteuse voilée, Opéra de V. Massé. Fantaisie. Op. <opus key="opus_1140">177</opus></title>. <pubPlace key="place_0438">Mainz</pubPlace>, <publisher key="publ_3563">Schott</publisher> 1 Fl. 21 Xr.</bibl>
</div><div id="hofm_1853_10_0424_div06"><head><hofClass key="hofCl_0272">Ouverturen für das Pianoforte zu vier Händen.</hofClass></head>
<bibl id="hofm_1853_10_0424_07"><composer key="compo_023890">Mozart, W.A.</composer>, <title>Ouverture zur Oper: Idomeneo, eing. v. F.X. Chwatal</title>. <pubPlace key="place_0436">Magdeburg</pubPlace>, <publisher key="publ_1560">Heinrichshofen</publisher> 10 Ngr.</bibl>
</div><div id="hofm_1853_10_0424_div07"><head><hofClass key="hofCl_0166">Musik für das Pianoforte allein.</hofClass></head>
<bibl id="hofm_1853_10_0424_08"><composer key="compo_002826">Beyer, Ferd.</composer>, <title>Guirlande mélodique. Op. <opus key="opus_0351">117. No. 2</opus>, Lucia di Lammermoor</title>. <pubPlace key="place_0438">Mainz</pubPlace>, <publisher key="publ_3563">Schott</publisher> 1 Fl.</bibl>
<bibl id="hofm_1853_10_0424_09"><composer key="compo_003483">Bodoira, P.</composer>, <title>Melodie italiane. Piccole Fantasie sopra Motivi delle Opere. Fasc. 4, Verdi, Attila</title>. <pubPlace key="place_0437">Mailand</pubPlace>, <publisher key="publ_2495">Lucca</publisher> 3½ Fr.</bibl>
<wip id="hofm_1853_10_0424_10"><composer key="compo_004711">Burgmüller, Franç.</composer>, <title>Theater-Bibliothek. Leichte Potpourris. No. 14, 15, Flotow, Indra</title>. <pubPlace key="place_0519">Offenbach</pubPlace>, <publisher key="publ_0065">André</publisher>. <title>No. 14</title> (54 Xr.) <title>No. 15</title> (1 Fl. 12 Xr.)</wip>
<bibl id="hofm_1853_10_0424_11"><composer key="compo_005672">Chwatal, F.X.</composer>, <title>Melodische Uebungsstücke, mit Benutzung bel. Volksmelodien. Op. <opus key="opus_0152">105</opus>. Heft 4</title>. <pubPlace key="place_0436">Magdeburg</pubPlace>, <publisher key="publ_1560">Heinrichshofen</publisher> 10 Ngr.</bibl>
<bibl id="hofm_1853_10_0424_12"><composer key="compo_006106">Cramer, H.</composer>, <title>6 Airs célèbres d’Opéras fav. variés en Forme de Fantaisies. Op. <opus key="opus_3804">65. No. 3, 4</opus></title>. <pubPlace key="place_0519">Offenbach</pubPlace>, <publisher key="publ_0065">André</publisher> à 54 Xr. <lb/><title>No. 3, Sérénade de l’Opéra : Don Pasquale</title>. <lb/>– <title>4, Air (Schlummerlied) de la Muette de Portici</title>.</bibl>
<bibl id="hofm_1853_10_0424_13">– <title>6 Morceaux de Salon. Op. <opus key="opus_4385">82. No. 1–5</opus></title>. Ebend. à 54 Xr. <lb/><title>No. 1, Bellini, Choeur des Druides et Air final de Norma</title>. <lb/>– <title>2, Bellini, Marche des Puritains</title>. <lb/>– <title>3, Weber, Gesang der Meermädchen aus Oberon</title>. <lb/>– <title>4, Donizetti, Sextuor de Lucia di Lammermoor</title>. <lb/>– <title>5, Rossini, Preghiera aus Moses</title>.</bibl>
<bibl id="hofm_1853_10_0424_14">– <title>Le jeune Pianiste. Fantaisies instructives. Op. <opus key="opus_4436">84</opus>. No. 7, Rossini, Le Barbier de Sevilla. No. 8, Auber, Fra Diavolo. No. 9, Donizetti, Don Pasquale. No. 10, Boieldieu, Dame blanche. No. 11, Meyerbeer, Robert le Diable. No. 12, Adam, Le Postillon de Lonjumeau</title>. <pubPlace key="place_0519">Offenbach</pubPlace>, <publisher key="publ_0065">André</publisher> à 54 Xr.</bibl>
<bibl id="hofm_1853_10_0424_14_g">– <title>6me Suite de 6 Fantaisies élégantes sur des Chansons fav. Op. <opus key="opus_4497">86. No. 4</opus>, Wo ein kleines Hüttle steht</title>. Ebend. 54 Xr.</bibl>
<bibl id="hofm_1853_10_0424_16">– <title>12 Morceaux fac. Op. <opus key="opus_4549">89. No. 1–6</opus></title>. Ebend. à 45 Xr. <lb/><title>No. 1, Rondino aus Zampa</title>. <lb/>– <title>2, Rondino sur un Air tyrolien (Von meinem Bergli)</title>. <lb/>– <title>3, Rondino sur un Air russe (Die blauen Augen)</title>. <lb/>– <title>4, Intr. et Polonaise de Faust</title>. <lb/>– <title>5, Rondino sur un Air styrien (Hoch vom Dachstein)</title>. <lb/>– <title>6, Rondoletto sur un Air de Belisario (Trema Byzanzia)</title>.</bibl>
<pb n="425"/>
<bibl id="hofm_1853_10_0425_01"><composer key="compo_006106">Cramer, H.</composer>, <title>Fantaisie brill. sur Martha de Flotow. Op. <opus key="opus_4704">97</opus></title>. <pubPlace key="place_0519">Offenbach</pubPlace>, <publisher key="publ_0065">André</publisher> 1 Fl. 12 Xr.</bibl>
<bibl id="hofm_1853_10_0425_02">– <title>Les Inséparables. 2 Mazourkas. Op. <opus key="opus_0074">101. No. 1, 2</opus>, in <key>Es</key>, <key>F</key></title>. Ebend. à 36 Xr.</bibl>
<bibl id="hofm_1853_10_0425_03"><composer key="compo_006170">Croisez, A.</composer>, <title>Les Fleurs du Pays. 2 Rondos élégants. Op. <opus key="opus_3282">52</opus></title>. <pubPlace key="place_0438">Mainz</pubPlace>. <publisher key="publ_3563">Schott</publisher> à 45 Xr. <lb/><title>No. 1, Marguerite de France. Rondo français</title>. <lb/>– <title>2, Rose des Alpes. Rondo suisse</title>.</bibl>
<bibl id="hofm_1853_10_0425_04"><composer key="compo_006306">Czerny, Ch.</composer>, <title>Hectameron. Grande Collection de nouvelles Etudes de Perfection dans l’Ordre progressif. Op. <opus key="opus_4351">807</opus>. Liv. 5–10 (No. 41–100)</title>. <pubPlace key="place_0341">Cassel</pubPlace>, <publisher key="publ_2497">Luckhardt</publisher> à 25 Ngr.</bibl>
<bibl id="hofm_1853_10_0425_05">– <title>Gradus ad Parnassum. Collection de grands Exercices de tout Genre dans le Style élégant et sévère. Op. <opus key="opus_4403">822</opus>. Cah. 1–4</title>. <pubPlace key="place_0438">Mainz</pubPlace>, <publisher key="publ_3563">Schott</publisher> geh. à 4 Fl.</bibl>
<bibl id="hofm_1853_10_0425_06"><composer key="compo_007480">Dulcken, Sophie</composer>, <title>Roses sans Epines. Morceau de Salon</title>. <pubPlace key="place_0519">Offenbach</pubPlace>, <publisher key="publ_0065">André</publisher> 45 Xr.</bibl>
<bibl id="hofm_1853_10_0425_07"><composer key="compo_009815">Franta, Al.</composer>, <title>3 Mazurkas de Salon</title>. <pubPlace key="place_0731">Wien</pubPlace>, <publisher key="publ_1269">Glöggl</publisher> 10 Ngr.</bibl>
<bibl id="hofm_1853_10_0425_08"><composer key="compo_010290">Fumagalli, A.</composer>, <title>La Tonelli. Tarantelle de Bravoure sur l’Opéra d’A. Thomas. Op. <opus key="opus_0065">101</opus></title>. <pubPlace key="place_0438">Mainz</pubPlace>, <publisher key="publ_3563">Schott</publisher> 1 Fl. 12 Xr.</bibl>
<bibl id="hofm_1853_10_0425_09"><composer key="compo_011452">Gockel, A.</composer>, <title>Le Polichinelle. Caprice burlesque. Op. <opus key="opus_0021">10</opus></title>. <pubPlace key="place_0276">Hamburg</pubPlace>, <publisher key="publ_3605">Schuberth et Co</publisher>. 15 Ngr.</bibl>
<bibl id="hofm_1853_10_0425_10"><composer key="compo_011462">Godefroid, F.</composer>, <title>Sonate dramatique. Op. <opus key="opus_2996">45</opus>, in <key>Cm</key></title>. <pubPlace key="place_0438">Mainz</pubPlace>, <publisher key="publ_3563">Schott</publisher> 1 Fl. 30 Xr.</bibl>
<bibl id="hofm_1853_10_0425_11"><composer key="compo_012011">Gressler, F.A.</composer>, <title>Kleine instructive Rondos. Op. <opus key="opus_1946">27. No. 5</opus>, Rondoletto nach einem Ballet aus der Stummen</title>. <pubPlace key="place_0386">Langensalze</pubPlace>, <publisher key="publ_3618">Schulbuchhdl</publisher>. 5 Ngr.</bibl>
<bibl id="hofm_1853_10_0425_12">– <title>Klänge des Ernstes und Scherzes. 6 charakteristische Tonbilder. Op. <opus key="opus_2131">30</opus>. No. 1, Glocken-Klänge. No. 2, Militärische Klänge. No. 3, Senner-Klänge. No. 4, Vogel-Quodlibet. No. 5, Jagd-Klänge. No. 6, Ballsaal-Klänge</title>. <pubPlace key="place_0436">Magdeburg</pubPlace>, <publisher key="publ_1560">Heinrichshofen</publisher> à 12 Ngr.</bibl>
<bibl id="hofm_1853_10_0425_13"><composer key="compo_012029">Gretscher, Fr.</composer>, <title>Rondo grazioso. Op. <opus key="opus_2131">30</opus></title>. <pubPlace key="place_0519">Offenbach</pubPlace>, <publisher key="publ_0065">André</publisher> 45 Xr.</bibl>
<bibl id="hofm_1853_10_0425_14"><composer key="compo_012843">Haberbier, E.</composer>, <title>3 Pensées fugitives. Op. <opus key="opus_1372">2</opus> (Romance sans Paroles. Capriccio appassionato. Réproches récitatif)</title>. <pubPlace key="place_0438">Mainz</pubPlace>, <publisher key="publ_3563">Schott</publisher> 1 Fl.</bibl>
<bibl id="hofm_1853_10_0425_15"><composer key="compo_014058">Heller, Wold.</composer>, <title>2 Nocturnes. Op. <opus key="opus_0001">1</opus></title>. <pubPlace key="place_0392">Leipzig</pubPlace>, <publisher key="publ_4382">Whistling</publisher> 15 Ngr.</bibl>
<bibl id="hofm_1853_10_0425_16"><composer key="compo_016461">John, Ch.</composer>, <title>Polka campanella (Clochette). Op. <opus key="opus_0531">13</opus></title>. <pubPlace key="place_0438">Mainz</pubPlace>, <publisher key="publ_3563">Schott</publisher> 45 Xr.</bibl>
<bibl id="hofm_1853_10_0425_17"><composer key="compo_016735">Kafka, Joh.</composer>, <title>Klage und Trost. Tonstück. Op. <opus key="opus_2187">31</opus></title>. <pubPlace key="place_0731">Wien</pubPlace>, <publisher key="publ_2605">Mechetti</publisher> 15 Ngr.</bibl>
<bibl id="hofm_1853_10_0425_18"><composer key="compo_018276">Kontski, Ant.</composer>, <title>Souvenir de Carlsbad. Valse. Op. <opus key="opus_0840">151</opus></title>. <pubPlace key="place_0715">Warschau</pubPlace>, <publisher key="publ_1106">Friedlein</publisher> 15 Ngr.</bibl>
<bibl id="hofm_1853_10_0425_19">– <title>Ne m’oubliez pas. Romance sans Paroles. Op. <opus key="opus_0851">152</opus></title>. Ebend. 12½ Ngr.</bibl>
<bibl id="hofm_1853_10_0425_20">– <title>Karnawal warszawski. Mazur. Op. <opus key="opus_0860">153</opus></title>. Ebend. 20 Ngr.</bibl>
<bibl id="hofm_1853_10_0425_21"><composer key="compo_018718">Kretschmar, F.W.</composer>, <title>Polka-Impromptu mit leichten Variationen über die Annen-Polka, von Strauss jun. Op. <opus key="opus_4300">8</opus></title>. <pubPlace key="place_0392">Leipzig</pubPlace>, <publisher key="publ_3924">Stoll</publisher> 7½ Ngr.</bibl>
<bibl id="hofm_1853_10_0425_22"><composer key="compo_018913">Krug, D.</composer>, <title>Bouquet de Mélodies. Op. <opus key="opus_2641">38. No. 6</opus>, Balfe, Les quatre Fils d’Aymon</title>. <pubPlace key="place_0276">Hamburg</pubPlace>, <publisher key="publ_3605">Schuberth et Co</publisher>. 15 Ngr.</bibl>
<bibl id="hofm_1853_10_0425_23">– <title>Mode-Bibliothek. No. 23, Fantasie über Motive aus d. Oper: Ernani. Op. <opus key="opus_3427">56. No. 3</opus></title>. Ebend. 1 Rt.</bibl>
<wip id="hofm_1853_10_0425_24"><composer key="compo_019006">Krüger, W.</composer>, <title>Die sechs Tage der Woche (Les six Jours de la Sémaine). Eine Sammlung täglicher Uebungen, als nothwendiger Anhang aller Pianoforteschulen. Op. <opus key="opus_2268">32</opus></title>. <title>Liv. 1</title> (1 Rt. 15 Ngr.) <title>Liv. 2</title> (1 Rt. 20 Ngr.) <title>Liv. 3</title> (1 Rt. 5 Ngr.) <pubPlace key="place_0392">Leipzig</pubPlace>, <publisher key="publ_2017">Kistner</publisher>.</wip>
<pb n="426"/>
<bibl id="hofm_1853_10_0426_01"><composer key="compo_020035">Lanz, Jos.</composer>, <title>Frühlingslieder ohne Worte. Op. <opus key="opus_1889">26. No. 2</opus>, Gruss an den Frühling</title>. <pubPlace key="place_0731">Wien</pubPlace>, <publisher key="publ_1269">Glöggl</publisher> 10 Ngr.</bibl>
<bibl id="hofm_1853_10_0426_02"><composer key="compo_020773">Leybach, J.</composer>, <title>1er Nocturne. Op. <opus key="opus_2116">3</opus></title>. <pubPlace key="place_0438">Mainz</pubPlace>, <publisher key="publ_3563">Schott</publisher> 54 Xr.</bibl>
<bibl id="hofm_1853_10_0426_03"><composer key="compo_021570">Lysberg, Ch. B.</composer>, <title>Carillon. Impromptu. Op. <opus key="opus_2347">33</opus></title>. <pubPlace key="place_0392">Leipzig</pubPlace>, <publisher key="publ_1746">Hofmeister</publisher> 10 Ngr.</bibl>
<bibl id="hofm_1853_10_0426_04"><composer key="compo_022612">Mayer, Ch.</composer>, <title>Myrthen. 12 kleine Stücke. Op. <opus key="opus_0174">106. No. 5</opus>, Valse de Salon</title>. <pubPlace key="place_0276">Hamburg</pubPlace>, <publisher key="publ_3605">Schuberth u. Co</publisher>. 10 Ngr.</bibl>
<bibl id="hofm_1853_10_0426_05"><composer key="compo_022933">Menozzi, G.</composer>, <title>La Gloria dei Fanciulli. 12 Sonatine caratteristiche. Op. <opus key="opus_2576">37</opus></title>. <pubPlace key="place_0437">Mailand</pubPlace>, <publisher key="publ_2495">Lucca</publisher> 3½ Fr.</bibl>
<bibl id="hofm_1853_10_0426_06"><composer key="compo_023674">Montanara, F.</composer>, <title>Gran Notturno</title>. <pubPlace key="place_0437">Mailand</pubPlace>, <publisher key="publ_2495">Lucca</publisher> 4 Fr.</bibl>
<bibl id="hofm_1853_10_0426_07"><composer key="compo_025711">Panzini, A.</composer>, e <composer key="compo_034917">L. Truzzi</composer>, <title>Flora. Raccolta di Melodie d’Opere teatrali moderne. Fasc. 7, Donizetti, Poliuto</title>. <pubPlace key="place_0437">Mailand</pubPlace>, <publisher key="publ_2495">Lucca</publisher> 2 Fr.</bibl>
<bibl id="hofm_1853_10_0426_08"><composer key="compo_025834">Pathe, C.Ed.</composer>, <title>Grande Valse. Op. <opus key="opus_1068">17</opus></title>. <pubPlace key="place_0519">Offenbach</pubPlace>, <publisher key="publ_0065">André</publisher> 36 Xr.</bibl>
<bibl id="hofm_1853_10_0426_09"><composer key="compo_026565">Pivoda, Fr.</composer>, <title>Fantaisie. Op. <opus key="opus_0531">13</opus></title>. <pubPlace key="place_0731">Wien</pubPlace>, <publisher key="publ_2605">Mechetti</publisher> 15 Ngr.</bibl>
<bibl id="hofm_1853_10_0426_10"><composer key="compo_027279">Pöschl, F.</composer>, <title>Fantaisie en Forme de Nocturne. Op. <opus key="opus_1372">2</opus></title>. <pubPlace key="place_0731">Wien</pubPlace>, <publisher key="publ_1269">Glöggl</publisher> 10 Ngr.</bibl>
<bibl id="hofm_1853_10_0426_11"><composer key="compo_027000">Preschern, F.Ch.</composer>, <title>Souvenir de Trieste. Nocturne. Op. <opus key="opus_0001">1</opus></title>. <pubPlace key="place_0731">Wien</pubPlace>, <publisher key="publ_4456">Witzendorf</publisher> 15 Ngr.</bibl>
<bibl id="hofm_1853_10_0426_12">– <title>Espoir et Bonheur. Morceau de Salon. Op. <opus key="opus_3565">6</opus></title>. Ebend. 20 Ngr.</bibl>
<bibl id="hofm_1853_10_0426_13">– <title>Au Bord de la Mer. Impromptu. Op. <opus key="opus_4300">8</opus></title>. Ebend. 15 Ngr.</bibl>
<bibl id="hofm_1853_10_0426_14">– <title>Souvenir d’un premier Amour. Poésie. Op. <opus key="opus_0021">10</opus></title>. Ebend. 15 Ngr.</bibl>
<bibl id="hofm_1853_10_0426_15"><composer key="compo_028854">Rosellen, H</composer>, <title>La Tonelli. Opéra d’A. Thomas. 2 Oeuvres de Salon. Op. <opus key="opus_0720">141</opus>. No. 1, Tarantelle transcrite. No. 2, Fantaisie brill</title>. <pubPlace key="place_0438">Mainz</pubPlace>, <publisher key="publ_3563">Schott</publisher> à 54 Xr.</bibl>
<bibl id="hofm_1853_10_0426_16"><title>Rundschau (musikalisch-theatralische). Lief. 16, Storch, Garbentanz a. d. Zauberpantomime: Harlequin in der Blumenwelt. Lief. 17, Komische Scene a. do. Marcia turque</title>. <pubPlace key="place_0731">Wien</pubPlace>, <publisher key="publ_1269">Glöggl</publisher>.</bibl>
<bibl id="hofm_1853_10_0426_17"><composer key="compo_030474">Schmeisser, W.</composer>, <title>L’Espérance. Romance</title>. <pubPlace key="place_0502">New-York</pubPlace>, <publisher key="publ_0445">Breusing</publisher> (<pubPlace key="place_0392">Leipzig</pubPlace>, <publisher key="publ_1746">Hofmeister</publisher>) 10 Ngr.</bibl>
<bibl id="hofm_1853_10_0426_18">– <title>3 Romanzen (Eine Thräne. An die Einsamkeit. Entschwundenes Glück)</title>. Ebend. 10 Ngr.</bibl>
<bibl id="hofm_1853_10_0426_19"><composer key="compo_030642">Schmitt, Al.</composer>, <title>Tonstücke zur Benutzung beim Studium der 3ten Stufe der Methode des Clavierspiels. Op. <opus key="opus_0335">116</opus>. Heft 1, 2</title>. <pubPlace key="place_0519">Offenbach</pubPlace>, <publisher key="publ_0065">André</publisher> à 1 Fl. 30 Xr.</bibl>
<bibl id="hofm_1853_10_0426_20"><composer key="compo_031123">Schubert, Franz</composer>, <title>Erinnerungen aus dem Andante des Quartetts in <key>Dm</key>., gesetzt v. F.G. Schwenke</title>. <pubPlace key="place_0731">Wien</pubPlace>, <publisher key="publ_4456">Witzendorf</publisher> 8 Ngr.</bibl>
<bibl id="hofm_1853_10_0426_21">– <title>Scherzo und Trio aus do., gesetzt v. F.G. Schwenke</title>. Ebend. 8 Ngr.</bibl>
<bibl id="hofm_1853_10_0426_22"><composer key="compo_032046">Senna, F.</composer>, <title>L’Aurora del Pianista. 24 Lezioni progr. in Forma di piccoli Pezzi. Op. <opus key="opus_0684">14</opus>. Lib. 6</title>. <pubPlace key="place_0437">Mailand</pubPlace>, <publisher key="publ_2495">Lucca</publisher> 3½ Fr.</bibl>
<bibl id="hofm_1853_10_0426_23"><composer key="compo_033517">Strakosch, M.</composer>, <title>Souvenir de Niagara. Le Tourbillon. Etude caractéristique</title>. <pubPlace key="place_0276">Hamburg</pubPlace>, <publisher key="publ_3605">Schuberth u. Co</publisher>. 15 Ngr.</bibl>
<bibl id="hofm_1853_10_0426_24"><composer key="compo_034102">Talexy, A.</composer>, <title>Fleur de Bohème. Polka brill</title>. <pubPlace key="place_0438">Mainz</pubPlace>, <publisher key="publ_3563">Schott</publisher> 45 Xr.</bibl>
<bibl id="hofm_1853_10_0426_25"><composer key="compo_035532">Viole, R.</composer>, <title>Gondole de Schleswig Etude</title>. <pubPlace key="place_0025">Aschersleben</pubPlace>, <publisher key="publ_1064">Fokke</publisher> 10 Ngr.</bibl>
<bibl id="hofm_1853_10_0426_26"><composer key="compo_035758">Voss, Ch.</composer>, <title>6 Morceaux élégants. Op. <opus key="opus_0836">150. No. 3</opus>, Stigelli, Die schönsten Augen</title>. <pubPlace key="place_0519">Offenbach</pubPlace>, <publisher key="publ_0065">André</publisher> 54 Xr.</bibl>
<bibl id="hofm_1853_10_0426_27">– <title>Les Puritains. Grande Fantaisie brill. Op. <opus key="opus_0902">157</opus></title>. Ebend. 1 Fl. 30 Xr.</bibl>
<bibl id="hofm_1853_10_0426_28">– <title>La Musette. Mélodie paysanne, suivie d’une Etude. Op. <opus key="opus_0911">158</opus></title>. <pubPlace key="place_0392">Leipzig</pubPlace>, <publisher key="publ_3752">Senff</publisher> 20 Ngr.</bibl>
<bibl id="hofm_1853_10_0426_29">– <title>Les Adieux du Soldat. Grande Marche. Op. <opus key="opus_0915">159</opus></title>. <pubPlace key="place_0392">Leipzig</pubPlace>, <publisher key="publ_3023">Peters</publisher> 20 Ngr.</bibl>
<bibl id="hofm_1853_10_0426_30"><composer key="compo_036526">Weiss, M.J.</composer>, <title>2 Chansons. Op. <opus key="opus_0021">10</opus> (Le Troubadour. Mélancolie)</title>. <pubPlace key="place_0731">Wien</pubPlace>, <publisher key="publ_1269">Glöggl</publisher> 10 Ngr.</bibl>
<pb n="427"/>
</div><div id="hofm_1853_10_0427_div08"><head><hofClass key="hofCl_0288">Tänze für das Pianoforte.</hofClass></head>
<bibl id="hofm_1853_10_0427_01"><composer key="compo_000250">Alary, G.</composer>, <title>Zizi-Polka</title>. <pubPlace key="place_0438">Mainz</pubPlace>, <publisher key="publ_3563">Schott</publisher> 18 Xr.</bibl>
<bibl id="hofm_1853_10_0427_02"><composer key="compo_004580">Buchta, W.</composer>, <title>3 Tänze. Op. <opus key="opus_0001">1</opus> (Lebensfreuden-Walzer. Jugendfreuden-Galopp. Mazurka)</title>. <pubPlace key="place_0519">Offenbach</pubPlace>, <publisher key="publ_0065">André</publisher> 27 Xr.</bibl>
<bibl id="hofm_1853_10_0427_03"><composer key="compo_006470">Daniele, G.</composer>, <title>Luise Miller. Opéra de Verdi. Polka-Mazurka</title>. <pubPlace key="place_0438">Mainz</pubPlace>, <publisher key="publ_3563">Schott</publisher> 27 Xr.</bibl>
<bibl id="hofm_1853_10_0427_04"><composer key="compo_007224">Doppler, J.H.</composer>, <title>Heymann Levy-Polka. Op. <opus key="opus_1051">168</opus></title>. <pubPlace key="place_0276">Hamburg</pubPlace>, <publisher key="publ_3605">Schuberth u. Co</publisher>. 5 Ngr.</bibl>
<bibl id="hofm_1853_10_0427_05"><composer key="compo_016461">John, Ch.</composer>, <title>Polka-Campanella (Clochette). Op. <opus key="opus_0531">13</opus>. <edition>Edition facile</edition></title>. <pubPlace key="place_0438">Mainz</pubPlace>, <publisher key="publ_3563">Schott</publisher> 27 Xr.</bibl>
<bibl id="hofm_1853_10_0427_06"><composer key="compo_016624">Just, C.</composer>, <title>Harzklänge. Eine Sammlung von Tänzen</title>. <pubPlace key="place_0025">Aschersleben</pubPlace>, <publisher key="publ_1064">Fokke</publisher> 1 Rt.</bibl>
<bibl id="hofm_1853_10_0427_07"><composer key="compo_017081">Kaulich, J.</composer>, <title>Pepita-Polka. Op. <opus key="opus_0531">13</opus></title>. <pubPlace key="place_0731">Wien</pubPlace>, <publisher key="publ_1269">Glöggl</publisher> 7 Ngr.</bibl>
<bibl id="hofm_1853_10_0427_08"><composer key="compo_020256">Lecarpentier, A.</composer>, <title>Polka facile sur Marco Spada, Opéra d’Auber. Op. <opus key="opus_1115">173</opus></title>. <pubPlace key="place_0438">Mainz</pubPlace>, <publisher key="publ_3563">Schott</publisher> 27 Xr.</bibl>
<bibl id="hofm_1853_10_0427_09"><composer key="compo_021387">Lubomirski, K.</composer>, <title>Chwila w Radochowce. Polka. Op. <opus key="opus_2915">43</opus></title>. <pubPlace key="place_0715">Warschau</pubPlace>, <publisher key="publ_1106">Friedlein</publisher> 7½ Ngr.</bibl>
<bibl id="hofm_1853_10_0427_10">– <title>Glos do brzegu suiczy. 2 Mazurki harmonije. Op. <opus key="opus_2948">44</opus></title>. Ebend. 15 Ngr.</bibl>
<bibl id="hofm_1853_10_0427_11">– <title>Marynia Polka. Op. <opus key="opus_2996">45</opus></title>. Ebend. 10 Ngr.</bibl>
<bibl id="hofm_1853_10_0427_12">– <title>Wspomnienie Warszawy. 2 Mazury. Op. <opus key="opus_3029">46</opus></title>. Ebend. 10 Ngr.</bibl>
<bibl id="hofm_1853_10_0427_13"><composer key="compo_021800">M., Fürst R.</composer>, <title>Faxen-Polka</title>. <pubPlace key="place_0731">Wien</pubPlace>, <publisher key="publ_1269">Glöggl</publisher> 5 Ngr.</bibl>
<bibl id="hofm_1853_10_0427_14"><composer key="compo_022162">Marcailhou, G.</composer>, <title>Fleur d’Espérance. Gr. Valse brill</title>. <pubPlace key="place_0438">Mainz</pubPlace>, <publisher key="publ_3563">Schott</publisher> 45 Xr.</bibl>
<bibl id="hofm_1853_10_0427_15">– Idem mit color. gedr. Vignette. Ebend. 54 Xr.</bibl>
<bibl id="hofm_1853_10_0427_16">– <title>Luise Miller. Opéra de Verdi. Polka</title>. Ebend. 27 Xr.</bibl>
<bibl id="hofm_1853_10_0427_17">– <title>Luise Miller. Polka-Mazurka</title>. Ebend. 27 Xr.</bibl>
<bibl id="hofm_1853_10_0427_18">– <title>Luise Miller. Valse</title>. Ebend. 36 Xr.</bibl>
<bibl id="hofm_1853_10_0427_19"><composer key="compo_022611">Mayer, Ch. jun.</composer>, <title>3 Morceaux de Danses. No. 3, Salon-Quadrille</title>. <pubPlace key="place_0276">Hamburg</pubPlace>, <publisher key="publ_3605">Schuberth u. Co</publisher>. 10 Ngr.</bibl>
<bibl id="hofm_1853_10_0427_20"><composer key="compo_022625">Mayer, Fr.</composer>, <title>Schützen-Galopp</title>. <pubPlace key="place_0475">München</pubPlace>, <publisher key="publ_0996">Falter</publisher> 18 Xr.</bibl>
<bibl id="hofm_1853_10_0427_21"><composer key="compo_024325">Münter, E.</composer>, <title>Nouveau Bouquet musical (2 Märsche, 2 Walzer, 2 Polka)</title>. <pubPlace key="place_0025">Aschersleben</pubPlace>, <publisher key="publ_1064">Fokke</publisher> 15 Ngr.</bibl>
<wip id="hofm_1853_10_0427_22"><title>Nationaltänze (spanische) v. Sgra Pepita de Oliva</title>. <title>No. 1, La Madrilena</title>. <title>No. 2, El Ole</title>. <title>No. 3, Jaleo de Xeres</title> (à 7 Ngr.) <title>No. 4, Aragonaise</title>. <title>No. 5, Cachucha</title> (à 5 Ngr.) <pubPlace key="place_0731">Wien</pubPlace>, <publisher key="publ_1269">Glöggl</publisher>.</wip>
<bibl id="hofm_1853_10_0427_23"><composer key="compo_024701">Neumann, E.</composer>, <title>Ophelia. Polka-Mazurka. Op. <opus key="opus_2764">40</opus></title>. <pubPlace key="place_0519">Offenbach</pubPlace>, <publisher key="publ_0065">André</publisher> 27 Xr.</bibl>
<bibl id="hofm_1853_10_0427_24"><composer key="compo_031110">Schubert, C.</composer>, <title>Les Amours du Diable. Opéra d’A. Grisar. Quadrille. Op. <opus key="opus_1128">175</opus></title>. <pubPlace key="place_0438">Mainz</pubPlace>, <publisher key="publ_3563">Schott</publisher> 36 Xr.</bibl>
<bibl id="hofm_1853_10_0427_25"><composer key="compo_033004">Stasny, L.</composer>, <title>Lager-Polka. Op. <opus key="opus_2670">39</opus></title>. <pubPlace key="place_0438">Mainz</pubPlace>, <publisher key="publ_3563">Schott</publisher> 18 Xr.</bibl>
<bibl id="hofm_1853_10_0427_26"><composer key="compo_035532">Viole, R.</composer>, <title>Saalnixen-Walzer</title>. <pubPlace key="place_0025">Aschersleben</pubPlace>, <publisher key="publ_1064">Fokke</publisher> 5 Ngr.</bibl>
<bibl id="hofm_1853_10_0427_27"><composer key="compo_036036">Wallerstein, A.</composer>, <title>Polka de Cologne (Cölner-Polka). Op. <opus key="opus_4502">87</opus></title>. <pubPlace key="place_0438">Mainz</pubPlace>, <publisher key="publ_3563">Schott</publisher> 27 Xr.</bibl>
<bibl id="hofm_1853_10_0427_28">– <title>Schottisch d’Edimbourg. Op. <opus key="opus_4542">89</opus></title>. Ebend. 27 Xr.</bibl>
</div><div id="hofm_1853_10_0427_div09"><head><hofClass key="hofCl_0250">Märsche für das Pianoforte.</hofClass></head>
<bibl id="hofm_1853_10_0427_29"><composer key="compo_011951">Gregoir, J.</composer>, <title>Marche triomphale à l’Occasion du Mariage de S.A.R. le Duc de Brabant avec S.A.R. et I. l’Archiduchesse Marie d’Autriche</title>. <pubPlace key="place_0438">Mainz</pubPlace>, <publisher key="publ_3563">Schott</publisher> 54 Xr.</bibl>
<bibl id="hofm_1853_10_0427_30"><composer key="compo_018169">Kolb, J. v.</composer>, <title>Festmarsch zum 50jährigen Jubiläum des Corps Suevia in München. Op. <opus key="opus_4562">9</opus></title>. <pubPlace key="place_0475">München</pubPlace>, <publisher key="publ_0028">Aibl</publisher> 36 Xr.</bibl>
<pb n="428"/>
<bibl id="hofm_1853_10_0428_01"><composer key="compo_030714">Schnabel, C.</composer>, <title>Fürst Blücher-Marsch, aufgef. zur feierl. Enthüllung des Blücher-Denkmals in Krieblowitz</title>. <pubPlace key="place_0082">Breslau</pubPlace>, <publisher key="publ_3805">Sohn u. Lehmann</publisher> 7½ Ngr.</bibl>
</div><div id="hofm_1853_10_0428_div10"><head><hofClass key="hofCl_0225">Musik für die Orgel.</hofClass></head>
<bibl id="hofm_1853_10_0428_02"><composer key="compo_010862">Geissler, C.</composer>, <title>Das praktische Orgelspiel f. d. Kirche (Practical Organ playning for the Church-Service). 50 Muster-Compositionen, als Choräle, Präludien, Zwischenspiele etc. Op. <opus key="opus_3071">47</opus></title>. qu.-4. <pubPlace key="place_0276">Hamburg</pubPlace>, <publisher key="publ_3605">Schuberth u. Co</publisher>. geh. 1 Rt. 15 Ngr. n.</bibl>
<bibl id="hofm_1853_10_0428_03"><composer key="compo_017022">Katterfeld, J.</composer>, u. <composer key="compo_006218">Cunze</composer>, <title>Vorspiele zu d. gebräuchl. Chorälen der Apel’schen Choralmelodienbuchs. 7tes Heft</title>. 4to. <pubPlace key="place_0614">Schleswig</pubPlace>, <publisher key="publ_0463">Bruhn</publisher> 6 Ngr. *n.</bibl>
<bibl id="hofm_1853_10_0428_04"><title>Orgel-Schule (vollst., theoretisch-praktische). 1ste Abth. Zöllner, Op. <opus key="opus_4017">71</opus>. 2te Abth. Geissler, Op. <opus key="opus_3071">47</opus></title>. <pubPlace key="place_0276">Hamburg</pubPlace>, <publisher key="publ_3605">Schuberth u. Co</publisher>.</bibl>
<bibl id="hofm_1853_10_0428_05"><composer key="compo_038343">Zöllner, C.H.</composer>, <title>Elementarbuch des Orgelspiels (Elementary System of Organ playning) oder das Wissenswürdigste über Structur u. Behandlung d. Orgel mit 104 progressiven Uebungsstücken. Op. <opus key="opus_4017">71</opus>. <edition>2te verb. Aufl</edition></title>. gr. 4. <pubPlace key="place_0276">Hamburg</pubPlace>, <publisher key="publ_3605">Schuberth u. Co</publisher>. geh. 1 Rt. n.</bibl>
</div><div id="hofm_1853_10_0428_div11"><head><hofClass key="hofCl_0068">Kirchenmusik.</hofClass></head>
<bibl id="hofm_1853_10_0428_06"><composer key="compo_008497">Erk, L.</composer>, <title>Schul-Choralbuch f. d. Provinz Brandenburg. 2te Aufl. B. Text nach d. Porst’schen Gesangbuche. 1stes Heft</title>. 8vo. <pubPlace key="place_0044">Berlin</pubPlace>, <publisher key="publ_0932">Enslin</publisher> 1½ Ngr. *n.</bibl>
<bibl id="hofm_1853_10_0428_07"><composer key="compo_012560">Gutknecht, J.</composer>, <title>12 religiöse Gesänge zur Feier des öffentl. Gottesdienstes, f. vierstimm. Chorgesang</title>. gr.-8. <pubPlace key="place_0509">Nördlingen</pubPlace>, <publisher key="publ_0225">Beck</publisher> 10 Ngr. n.</bibl>
<bibl id="hofm_1853_10_0428_08"><title>Liturgien f. evangel.-luther. Sonn- u. Festtags-Gottesdienste, nebst musikal. Anhange</title>. gr.-8. <pubPlace key="place_0248">Greiz</pubPlace>, <publisher key="publ_1598">Henning</publisher> geh. 13½ Ngr. n.</bibl>
<bibl id="hofm_1853_10_0428_09"><title>Melodien zum kathol. Gesang- u. Andachtsbuche f. d. Erzdiöcese Freiburg. <edition>2te Aufl</edition></title>. qu.-4. <pubPlace key="place_0339">Carlsruhe</pubPlace>, <publisher key="publ_2800">Müller’sche Hofbuchhandlung</publisher> 2½ Ngr. *n.</bibl>
<bibl id="hofm_1853_10_0428_10"><composer key="compo_026973">Preindl, J.</composer>, <title>Melodien aller deutschen Kirchenlieder, welche zu St. Stephan in Wien von der Gemeinde gesungen werden, nebst Cadenzen u. Präambuln f. Orgel (od. Pfte) mit unterl. erster Strophe zum Singen. 3te Aufl. mit Verb. n. Zusätzen v. S. Sechter</title>. <pubPlace key="place_0731">Wien</pubPlace>, <publisher key="publ_2605">Mechetti</publisher> 25 Ngr.</bibl>
<bibl id="hofm_1853_10_0428_11"><title>Schul-Choralbuch f. die Provinz Schlesien, insbesondere f. d. Oberlausitz</title>. 8. <pubPlace key="place_0313">Hoyerswerde</pubPlace>, <publisher key="publ_0939">Erbe</publisher> geh. 2 Ngr. *n.</bibl>
</div><div id="hofm_1853_10_0428_div12"><head><hofClass key="hofCl_0021">Gesangstücke für Concertmusik mit Begleitung mehrerer Instrumente.</hofClass></head>
<bibl id="hofm_1853_10_0428_12"><composer key="compo_003103">Bischoff, K.J.</composer>, <title>Dem Prinzen von Preussen. Gedicht v. Gebauer, f. vierstimm. Männerchor mit Blechinstrumenten (od. Pfte). <format>Part. u. Stimmen</format></title>. 8vo. <pubPlace key="place_0519">Offenbach</pubPlace>, <publisher key="publ_0065">André</publisher> 1 Fl. 12 Xr.</bibl>
<bibl id="hofm_1853_10_0428_13"><composer key="compo_006842">Dessauer, J.</composer>, <title>Frühlingslied. Gedicht v. Wolfg. Müller, f. Sopr. m. Violine u. Pfte. Op. <opus key="opus_3351">54</opus></title>. <pubPlace key="place_0731">Wien</pubPlace>, <publisher key="publ_2605">Mechetti</publisher> 15 Ngr.</bibl>
<pb n="429"/>
</div><div id="hofm_1853_10_0429_div13"><head><hofClass key="hofCl_0102">Mehrstimmige Gesänge mit und ohne Pianoforte.</hofClass></head>
<bibl id="hofm_1853_10_0429_01"><composer key="compo_000062">Abt, Fr.</composer>, <title>Gute Nacht, v. E. Geibel, f. vierstimm. Männergesang. Op. <opus key="opus_4075">73. No. 2</opus>. <edition>2te Ausg</edition>. <format>Part. u. St</format></title>. 8vo. <pubPlace key="place_0519">Offenbach</pubPlace>, <publisher key="publ_0065">André</publisher> 45 Xr.</bibl>
<bibl id="hofm_1853_10_0429_02"><composer key="compo_001241">Bach, O.</composer>, <title>Trinklied im Mai, f. 4 Männerst. <format>Stimmen</format></title>. 8vo. <pubPlace key="place_0731">Wien</pubPlace>, <publisher key="publ_1269">Glöggl</publisher> 8 Ngr.</bibl>
<bibl id="hofm_1853_10_0429_03"><composer key="compo_003103">Bischoff, K.J.</composer>, <title>Dem Prinzen von Preussen, f. vierst. Männerchor m. Pfte. <format>Part. u. St</format></title>. 8vo. <pubPlace key="place_0519">Offenbach</pubPlace>, <publisher key="publ_0065">André</publisher> 45 Xr.</bibl>
<bibl id="hofm_1853_10_0429_04"><composer key="compo_010352">Fölsing, J.</composer>, <title>Sammlung von ein-, zwei-, drei- u. vierstimm. Schulgesängen. 2te Samml. <edition>2te Ausg</edition></title>. 12mo. <pubPlace key="place_0229">Giessen</pubPlace>, <publisher key="publ_1006">Ferber’sche Buchh</publisher>. geh. 6⅔ Ngr. *n.</bibl>
<bibl id="hofm_1853_10_0429_05"><composer key="compo_013692">Haydn, J.</composer>, <title>Die Beredtsamkeit, f. Sopran, Alt, Tenor u. Bass. Stimmen</title>. 8. <pubPlace key="place_0731">Wien</pubPlace>, <publisher key="publ_1269">Glöggl</publisher> 8 Ngr.</bibl>
<bibl id="hofm_1853_10_0429_06">– <title>Die Harmonie der Ehe, f. Sopran, Alt, Tenor u. Bass. Stimmen</title>. 8. Ebend. 8 Ngr.</bibl>
<bibl id="hofm_1853_10_0429_07"><composer key="compo_013744">Heckelmann, A.</composer>, <title>12 zwei- u. dreistimmige Lieder f. Volksschulen. Op. <opus key="opus_1372">2</opus></title>. 8vo. <pubPlace key="place_0519">Offenbach</pubPlace>, <publisher key="publ_0065">André</publisher> 24 Xr.</bibl>
<bibl id="hofm_1853_10_0429_08"><composer key="compo_017320">Kessler, J.C.</composer>, <title>Ständchen. Cyclus von 4 kleinen Quartetten f. 4 Männerst. (Abendlied. Liebeslied. Gute Nacht. Lebewohl). <format>Part. u. St</format></title>. 8vo. <pubPlace key="place_0401">Lemberg</pubPlace>, <publisher key="publ_4414">Wild</publisher> 15 Ngr.</bibl>
<bibl id="hofm_1853_10_0429_09"><composer key="compo_019507">Kücken, Fr.</composer>, <title>Lied im Volkston: Die Weinlein, die da fliessen, f. Tenor u. Männerchor m. Pfte. Op. <opus key="opus_3587">60. No. 1</opus>. <format>Part. u. St</format></title>. <pubPlace key="place_0392">Leipzig</pubPlace>, <publisher key="publ_3752">Senff</publisher> 15 Ngr.</bibl>
<bibl id="hofm_1853_10_0429_10">– <title>Bergmannslied v. A. Gerstel, f. Bariton u. Männerchor m. Pfte. Op. <opus key="opus_3598">60. No. 2</opus>, <format>Part. u. St</format></title>. Ebend. 15 Ngr.</bibl>
<bibl id="hofm_1853_10_0429_11"><title>Lieder (deutsche) nebst ihren Melodien. <edition>2te Aufl</edition></title>. gr.-16. <pubPlace key="place_0392">Leipzig</pubPlace>, <publisher key="publ_1118">Friese</publisher> geh. 20 Ngr. n.</bibl>
<bibl id="hofm_1853_10_0429_12"><composer key="compo_028260">Richter, E. Friedr.</composer>, <title>6 vierstimm. Lieder f. Sopran, Alt, Tenor u. Bass. Op. <opus key="opus_1165">18</opus> (Wer ein Herz treueigen hält. Waldruhe. Die Lotosblume. Hoffnung. Abendglocken. Schneeglöckchen). <format>Part. u. St</format></title>. 8vo. <pubPlace key="place_0392">Leipzig</pubPlace>, <publisher key="publ_0437">Br. u. Härtel</publisher> 1 Rt. 5 Ngr.</bibl>
<bibl id="hofm_1853_10_0429_13"><composer key="compo_032275">Silcher, Fr.</composer>, <title>Gesänge der Jugend, m. Pfte. Heft 3, 4</title>. qu.-4. <pubPlace key="place_0693">Tübingen</pubPlace>, <publisher key="publ_2311">Laupp</publisher> à 6 Ngr. n. <lb/><title>Heft 3, 6 Lieder von Hoffmann v. Fallersleben, Arnold etc. (2- u. 3stimmig)</title>. <lb/>– <title>4, 6 Lieder aus dem Lebensfrühling, v. Enslin (2- u. 3stimmig)</title>.</bibl>
</div><div id="hofm_1853_10_0429_div14"><head><hofClass key="hofCl_0268">Opernmusik mit Pianofortebegleitung.</hofClass></head>
<wip id="hofm_1853_10_0429_14"><composer key="compo_031582">Schäffer, A.</composer>, <title>Junger Zunder, alter Plunder. Posse</title>. <pubPlace key="place_0044">Berlin</pubPlace>, <publisher key="publ_3471">Schlesinger</publisher>. <lb/><title>Lied vom Gedankenstrich (Von grosser Wichtigkeit)</title> 5 Ngr. <lb/><title>Lied: Man decke lieber ’nen Schleier drüber</title>. 5 Ngr.</wip>
</div><div id="hofm_1853_10_0429_div15"><head><hofClass key="hofCl_0040">Gesänge für eine Stimme mit Begleitung des Pianoforte.</hofClass></head>
<bibl id="hofm_1853_10_0429_15"><composer key="compo_000062">Abt, Fr.</composer>, <title>Deutsche Volkslieder. Op. <opus key="opus_4591">90. No. 5</opus>, Das Sandmännchen</title>. <pubPlace key="place_0519">Offenbach</pubPlace>, <publisher key="publ_0065">André</publisher> 18 Xr.</bibl>
<wip id="hofm_1853_10_0429_16">– <title>5 Lieder f. Sopran (od. Tenor). Op. <opus key="opus_0115">103</opus>. No. 1, Wer ein Herz treueigen hält. No: 2, In den Augen. No. 3, Weisst du noch. No. 4, Ständchen. No. 5, Schneeglöckchen</title> (à 18 Xr.) <pubPlace key="place_0519">Offenbach</pubPlace>, <publisher key="publ_0065">André</publisher> 1 Fl. 3 Xr.</wip>
<bibl id="hofm_1853_10_0429_17"><composer key="compo_001225">Bach, J.S.</composer>, <title>Arie: Mein gläubig Herz frohlocke, f. Alt (in <key>D</key>.)</title> <pubPlace key="place_0519">Offenbach</pubPlace>, <publisher key="publ_0065">André</publisher> 30 Xr.</bibl>
<pb n="430"/>
<bibl id="hofm_1853_10_0430_01"><composer key="compo_001602">Barth, G.</composer>, <title>2 Lieder f. Sopran (od. Tenor). Op. <opus key="opus_1802">25</opus>. Die blonde Fischerin. Wunsch</title> (Wiener Liederkranz. 3te Lief.) <pubPlace key="place_0731">Wien</pubPlace>, <publisher key="publ_1269">Glöggl</publisher> 10 Ngr.</bibl>
<bibl id="hofm_1853_10_0430_02">– Idem f. Alt (od. Bariton). Ebend. 10 Ngr.</bibl>
<bibl id="hofm_1853_10_0430_03"><composer key="compo_003340">Blumenthal, Jacq.</composer>, <title>Le Chemin du Paradis. Romance</title>. <pubPlace key="place_0438">Mainz</pubPlace>, <publisher key="publ_3563">Schott</publisher> 27 Xr.</bibl>
<bibl id="hofm_1853_10_0430_04"><composer key="compo_005904">Concone, J.</composer>, <title>Le Ciel d’un Enfant. Romance</title>. <pubPlace key="place_0438">Mainz</pubPlace>, <publisher key="publ_3563">Schott</publisher> 18 Xr.</bibl>
<bibl id="hofm_1853_10_0430_05"><composer key="compo_006302">Czerniewsky, T. de</composer>, <title>3 Lieder. Op. <opus key="opus_0001">1</opus> (Sehnsucht. Du bist wie eine Blume. Liebesaufruf)</title>. <pubPlace key="place_0731">Wien</pubPlace>, <publisher key="publ_4456">Witzendorf</publisher> 15 Ngr.</bibl>
<wip id="hofm_1853_10_0430_06">– <title>Nachtklänge. Cyclus von 6 Liedern. Op. <opus key="opus_1372">2</opus></title>. Ebend. <lb/><title>No. 1, Die Jahre kommen und gehen</title>. 12 Ngr. <lb/>– <title>2, Wasserfahrt</title>. 13 Ngr.</wip>
<bibl id="hofm_1853_10_0430_07">– <title>Lebe wohl. Gedicht v. H. Heine. Op. <opus key="opus_2116">3</opus></title>. Ebend. 15 Ngr.</bibl>
<bibl id="hofm_1853_10_0430_08"><composer key="compo_006713">Delisle, E.</composer>, <title>Fauvettes et Glaneuse. Romance</title>. <pubPlace key="place_0438">Mainz</pubPlace>, <publisher key="publ_3563">Schott</publisher> 18 Xr.</bibl>
<bibl id="hofm_1853_10_0430_09">– <title>Moi j’veux bien d’vous. Simple Histoire</title>. Ebend. 18 Xr.</bibl>
<bibl id="hofm_1853_10_0430_10"><composer key="compo_007224">Doppler, J.H.</composer>, <title>Die Aufrichtigkeit. Lied in österreichischer Mundart. Op. <opus key="opus_1060">169</opus></title>. <pubPlace key="place_0276">Hamburg</pubPlace>, <publisher key="publ_3605">Schuberth u. Co</publisher>. 10 Ngr.</bibl>
<wip id="hofm_1853_10_0430_11"><composer key="compo_009143">Fesca, Al.</composer>, <title>Lieder u. Gesänge f. Sopran (od. Tenor)</title>. <pubPlace key="place_0078">Braunschweig</pubPlace>, <publisher key="publ_2681">Meyer</publisher>. 
    <title>No. 1, Der Wand’rer (Weit in der Ferne)</title>. 5 Ngr.<lb/>
    – <title>2, An die Entfernte (Ach umsonst)</title>. 7½ Ngr. <lb/>
    – <title>3, Gedenke mein (Rausche, rausche)</title>. 5 Ngr. <lb/>
    – <title>4, Schifferlied (Kommt herbei)</title>. 5 Ngr. <lb/>
    – <title>5, Ständchen (Rings umschlossen)</title>. 5 Ngr. <lb/>
    – <title>6, Mein Herz ist im Hochland</title>. 10 Ngr.<lb/>
    – <title>7, Rothes Röslein (Dem rothen Röslein)</title>. 5 Ngr.<lb/> 
    – <title>8, Begegnung (Hier ist das Thal)</title>. 10 Ngr. <lb/>
    – <title>9, Liebesbotschaft (Fliege Vöglein)</title>. 10 Ngr. <lb/>
    – <title>10, Ständchen (Morgens als Lerche)</title>. 5 Ngr. <lb/>
    – <title>11, Lied (Die Sternlein)</title>. 5 Ngr. <lb/>
    – <title>12, An Dich (Wenn der Morgen)</title>. 12½ Ngr. 
    <listBibl rend="curly"><bibl><seg>– <title>13, Lied (Ich will meine Seele)</title></seg><seg id="hofm_1853_10_0430_11_1" rend="curly-left">.5 Ngr. </seg></bibl>
        <bibl><seg>– <title>14, Schön Blümlein (Bin ich binausgegangen)</title></seg><seg sameAs="hofm_1853_10_0430_11_1">.</seg></bibl></listBibl>
        – <title>15, Des Jägers Klage (Das Mühlrad)</title>. 10 Ngr.<lb/> 
        – <title>16, Ich bin eine Glockenblume</title>. 7½ Ngr.</wip>
<bibl id="hofm_1853_10_0430_12"><composer key="compo_010388">Füchs, F.C.</composer>, <title>Lieder, Gesänge u. Romanzen. Nachlass No. 9, Thränen</title>. <pubPlace key="place_0731">Wien</pubPlace>, <publisher key="publ_4456">Witzendorf</publisher> 10 Ngr.</bibl>
<bibl id="hofm_1853_10_0430_13"><composer key="compo_011452">Gockel, A.</composer>, <title>Der Thau-Tropfen (The dew Trop) f. Alt (od. Bariton). Op. <opus key="opus_4300">8</opus></title>. <pubPlace key="place_0276">Hamburg</pubPlace>, <publisher key="publ_3605">Schuberth u. Co</publisher>. 7½ Ngr.</bibl>
<bibl id="hofm_1853_10_0430_14"><composer key="compo_014251">Henselt, A.</composer>, <title>Romance de Thal (Ich möchte um den Hals) f. Sopran (od. Tenor)</title>. <pubPlace key="place_0276">Hamburg</pubPlace>, <publisher key="publ_3605">Schuberth u. Co</publisher>. 7½ Ngr.</bibl>
<bibl id="hofm_1853_10_0430_15"><composer key="compo_019507">Kücken, Fr.</composer>, <title>Lied: Ach Gott, nun ist mein’ Zeit vorbei, f. Sopran (od. Tenor) in <key>A</key>. Op. <opus key="opus_3393">55. No. 3</opus></title>. <pubPlace key="place_0392">Leipzig</pubPlace>, <publisher key="publ_3752">Senff</publisher> 10 Ngr.</bibl>
<wip id="hofm_1853_10_0430_16"><composer key="compo_019036">Kufferath, H.F.</composer>, <title>3 Gesänge. Op. <opus key="opus_1068">17</opus></title>. <pubPlace key="place_0438">Mainz</pubPlace>, <publisher key="publ_3563">Schott</publisher>. <lb/><title>No. 1, Liebchens Trost (Le Départ)</title>. 18 Xr. <lb/>– <title>2, Wohlan ich will wandern (Le Dépit)</title>. 36 Xr. <lb/>– <title>3, Wenn zwei von einander scheiden (A Toi)</title>. 18 Xr.</wip>
<bibl id="hofm_1853_10_0430_17"><composer key="compo_020761">Lewinsky, J.</composer>, <title>Barcarole: Sieh wie spielend (Mira come)</title>. <pubPlace key="place_0731">Wien</pubPlace>, <publisher key="publ_1269">Glöggl</publisher> 10 Ngr.</bibl>
<wip id="hofm_1853_10_0430_18"><composer key="compo_021043">Lindpaintner, P. v.</composer>, <title>Blumenlieder v. J.N. Vogl. Op. <opus key="opus_0830">150</opus></title>. <title>No. 1, Blumenduft</title> (10 Ngr.) <title>No. 2. Märzveilchen</title>. <title>No. 3, Die letzte Rose</title> (à 5 Ngr.) <title>No. 4, Liebesklage</title>. <title>No. 5, Johanniskäferchen</title> (à 8 Ngr.) <title>No. 6, Elfenlied</title> (10 Ngr.) <pubPlace key="place_0731">Wien</pubPlace>, <publisher key="publ_1269">Glöggl</publisher> 25 Ngr.</wip>
<bibl id="hofm_1853_10_0430_19"><composer key="compo_021133">Listowski, A.</composer>, <title>Hetman Polny. Spiew Staro-zoïnierski</title>. <pubPlace key="place_0082">Breslau</pubPlace>, <publisher key="publ_3805">Sohn u. Lehmann</publisher> 10 Ngr.</bibl>
<pb n="431"/>
<bibl id="hofm_1853_10_0431_01"><composer key="compo_021133">Listowski, A.</composer>, <title>Modlitwa. Spiew</title>. <pubPlace key="place_0082">Breslau</pubPlace>, <publisher key="publ_3805">Sohn u. Lehmann</publisher> 5 Ngr.</bibl>
<bibl id="hofm_1853_10_0431_02"><composer key="compo_021982">Mair, Fr.</composer>, <title>Scheiden Leiden. Gedicht v. E. Geibel. Op. <opus key="opus_3565">6</opus></title>. <pubPlace key="place_0731">Wien</pubPlace>, <publisher key="publ_1269">Glöggl</publisher> 8 Ngr.</bibl>
<bibl id="hofm_1853_10_0431_03">– <title>Die einsame Mühle</title>. Ebend. 10 Ngr.</bibl>
<bibl id="hofm_1853_10_0431_04"><composer key="compo_022297">Marschner, H.</composer>, <title>Marie vom Oberlande. Op. <opus key="opus_1022">164</opus></title>. <pubPlace key="place_0392">Leipzig</pubPlace>, <publisher key="publ_3752">Senff</publisher> 10 Ngr.</bibl>
<bibl id="hofm_1853_10_0431_05"><composer key="compo_022660">Mayfeld, M. v.</composer>, <title>Erinnerung, v. H. Heine</title>. <pubPlace key="place_0731">Wien</pubPlace>, <publisher key="publ_1269">Glöggl</publisher> 10 Ngr.</bibl>
<bibl id="hofm_1853_10_0431_06"><composer key="compo_026247">Petzold, G.A.</composer>, <title>Wenn du mich liebst. Lied. Op. <opus key="opus_0806">15</opus></title>. <pubPlace key="place_0147">Dresden</pubPlace>, <publisher key="publ_1236">Gerster u. Co</publisher>. 5 Ngr.</bibl>
<wip id="hofm_1853_10_0431_07"><composer key="compo_027401">Radecke, R.</composer>, <title>4 Lieder. Op. <opus key="opus_1372">2</opus></title>. <title>No. 1, Bellarosa</title> (5 Ngr.) <title>No. 2, 3, Trauriger Frühling: Es stand ein Sternlein</title> (5 Ngr.) <title>No. 4, Die Bergstimme</title> (5 Ngr.) <pubPlace key="place_0436">Magdeburg</pubPlace>, <publisher key="publ_1560">Heinrichshofen</publisher> 10 Ngr.</wip>
<bibl id="hofm_1853_10_0431_08"><composer key="compo_027982">Reissiger, C.G.</composer>, <title>Pharao. Ballade f. Bass (od. Alt). Op. <opus key="opus_1324">195. No. 2</opus></title>. <pubPlace key="place_0171">Elberfeld</pubPlace>, <publisher key="publ_0096">Arnold</publisher> 10 Ngr.</bibl>
<bibl id="hofm_1853_10_0431_09"><composer key="compo_028887">Rosenhain, Jac.</composer>, <title>Sais-tu pourquoi je t’aime. Ariette</title>. <pubPlace key="place_0537">Paris</pubPlace>, <publisher key="publ_0412">Brandus et Co</publisher>. 4 Fr.</bibl>
<bibl id="hofm_1853_10_0431_10"><composer key="compo_031584">Schäffer, Aug.</composer>, <title>Der schüchterne Joseph. Komisches Lied. Op. <opus key="opus_2641">38. No. 6</opus></title>. <pubPlace key="place_0044">Berlin</pubPlace>, <publisher key="publ_3471">Schlesinger</publisher> 7½ Ngr.</bibl>
<wip id="hofm_1853_10_0431_11"><composer key="compo_030038">Scheibel, Th.</composer>, <title>3 Lieder v. H. Heine, f. Sopran. Op. <opus key="opus_1271">19</opus></title>. <title>Der Trost. Das Predigerhaus</title> (15 Ngr.) <title>Ich grolle nicht</title> (10 Ngr.) <pubPlace key="place_0417">Lissa</pubPlace>, <publisher key="publ_1407">Günther</publisher> 1 Rt.</wip>
<wip id="hofm_1853_10_0431_12"><composer key="compo_030714">Schnabel, C.</composer>, <title>3 Lieder. Op. <opus key="opus_3071">47</opus></title>. <title>No. 1, Die Rose</title> (5 Ngr.) <title>No. 2, Vöglein, wohin so schnell</title>. <title>No. 3, Freierei</title> (à 7½ Ngr.) <pubPlace key="place_0082">Breslau</pubPlace>, <publisher key="publ_3805">Sohn u. Lehmann</publisher>.</wip>
<bibl id="hofm_1853_10_0431_13"><composer key="compo_032002">Selle, L.</composer>, <title>10 plattdeutsche Lieder v. Kl. Groth, im Volkston</title>. <pubPlace key="place_0276">Hamburg</pubPlace>, <publisher key="publ_0540">Böhme</publisher> 17½ Ngr.</bibl>
<wip id="hofm_1853_10_0431_14"><composer key="compo_032184">Sieber, F.</composer>, <title>4 Lieder f. Sopran (od. Tenor). Op. <opus key="opus_0392">12</opus></title>. <title>Frühling und Liebe</title>. <title>In der Fremde</title>. <title>Frühlings Wiederkehr</title> (à 5 Ngr.) <title>Am Neckar, am Rhein</title> (7½ Ngr.) <pubPlace key="place_0147">Dresden</pubPlace>, <publisher key="publ_1103">Friedel</publisher> 15 Ngr.</wip>
<bibl id="hofm_1853_10_0431_15"><composer key="compo_032199">Siebert, P.</composer>, <title>6 Reiterlieder v. C. Schultes. f. Bariton (Einkehr. Durchmarsch. Einquartirung. Abschied. Vedette. Angriff)</title>. <pubPlace key="place_0475">München</pubPlace>, <publisher key="publ_4471">Wolff u. Sohn</publisher> 18 Ngr. n.</bibl>
<wip id="hofm_1853_10_0431_16"><composer key="compo_032801">Sponholtz, A.H.</composer>, <title>6 Lieder f. Alt (od. Bariton). Op. <opus key="opus_1661">23</opus></title>. <title>No. 3, Gondoliera</title> (10 Ngr.) <title>No. 4, Höchstes Glück</title>. <title>No. 5, Der Liebe Wiederhall</title>. <title>No. 6, Stadien</title> (à 7½ Ngr.) <pubPlace key="place_0276">Hamburg</pubPlace>, <publisher key="publ_3605">Schuberth u. Co</publisher>.</wip>
<bibl id="hofm_1853_10_0431_17"><composer key="compo_033484">Storch, A.</composer>, <title>I hab a mal a Ringerl kriegt. Op. <opus key="opus_0376">119</opus></title>. <pubPlace key="place_0731">Wien</pubPlace>, <publisher key="publ_4456">Witzendorf</publisher> 10 Ngr.</bibl>
<bibl id="hofm_1853_10_0431_18">– <title>Die geknickte Rose. Gedicht v. A. Schilling. Op. <opus key="opus_0409">120</opus></title>. Ebend. 10 Ngr.</bibl>
<bibl id="hofm_1853_10_0431_19"><composer key="compo_033496">Storme, G.</composer>, <title>4 Lieder f. Sopran. Op. <opus key="opus_4300">8</opus> (Keine Antwort. Frühling ohn’ Ende. Liebes-Hoffnung. Mein Herz ist wie die dunkle Nacht)</title>. <pubPlace key="place_0462">Minden</pubPlace>, <publisher key="publ_1047">Fissmer u. Co</publisher>. 25 Ngr.</bibl>
<bibl id="hofm_1853_10_0431_20"><composer key="compo_033596">Streben, E.</composer>, <title>Dreierlei Wein, f. Bass</title>. <pubPlace key="place_0392">Leipzig</pubPlace>, <publisher key="publ_3924">Stoll</publisher> 5 Ngr.</bibl>
<wip id="hofm_1853_10_0431_21"><composer key="compo_034168">Taubert, W.</composer>, <title>Klänge aus der Kinderwelt Lieder. Op. <opus key="opus_3895">68</opus></title>. <title>No. 13, Kleiner Jacob</title>. <title>No. 14, Wenn das Kind nicht schlafen will</title>. <title>No. 15, Vom Bauern und den Tauben</title>. <title>No. 16, Horch, mein Schätzchen</title>. <title>No. 17, Der Vöglein Abschied</title>. <title>No. 18, Vom Maienkäferlein</title>. <title>No. 19, Wiegenlied</title> (à 5 Ngr.) <title>No. 20, Schlittenfahrt</title> (7½ Ngr.) <title>No. 21, Trommellied</title> (5 Ngr.) <title>No. 22, Katze und Hund</title> (7½ Ngr.) <title>No. 23, Die traurige Geschichte</title>. <title>No. 24, Butzemann</title>. (à 5 Ngr.) <pubPlace key="place_0044">Berlin</pubPlace>, <publisher key="publ_1394">Guttentag</publisher>.</wip>
<bibl id="hofm_1853_10_0431_22">– <title>Ständchen, f. Alt. Op. <opus key="opus_4160">76. No. 2</opus></title>. <pubPlace key="place_0044">Berlin</pubPlace>, <publisher key="publ_0393">B. u. Bock</publisher> 5 Ngr.</bibl>
<bibl id="hofm_1853_10_0431_23"><composer key="compo_034660">Toja. G.</composer>, <title>Lamento sulla Tomba di Giov. Ricordi, p. Soprano (o Tenor)</title>. <pubPlace key="place_0437">Mailand</pubPlace>, <publisher key="publ_3241">Ricordi</publisher> 4 Fr.</bibl>
<pb n="432"/>
<bibl id="hofm_1853_10_0432_01"><composer key="compo_034893">Truhn, F.H.</composer>, <title>Lied v. Jean Paul (Ich möchte Dir so gerne sagen) f. Tenor (od. Sopran)</title>. <pubPlace key="place_0082">Breslau</pubPlace>, <publisher key="publ_3805">Sohn u. Lehmann</publisher> 12½ Ngr.</bibl>
<bibl id="hofm_1853_10_0432_02"><composer key="compo_034961">Tschirch, W.</composer>, <title>4 Lieder f. Bass. Op. <opus key="opus_2131">30</opus> (Die wahre Liebe. Zu jeder Tageszeit. Das blaue Auge. Heimath)</title>. <pubPlace key="place_0436">Magdeburg</pubPlace>, <publisher key="publ_1560">Heinrichshofen</publisher> 15 Ngr.</bibl>
<bibl id="hofm_1853_10_0432_03"><composer key="compo_037067">Wilhelm, C.</composer>, <title>Der Wanderer in der Nacht, f. Alt (od. Bass). Op. <opus key="opus_0806">15</opus></title>. <pubPlace key="place_0171">Elberfeld</pubPlace>, <publisher key="publ_0096">Arnold</publisher> 10 Ngr.</bibl>
<bibl id="hofm_1853_10_0432_04">– Idem f. Sopran (od. Tenor). Ebend. 10 Ngr.</bibl>
</div><div id="hofm_1853_10_0432_div16"><head><hofClass key="hofCl_0077">Lehrbücher für den Gesang.</hofClass></head>
<bibl id="hofm_1853_10_0432_05"><composer key="compo_030648">Schmitt, Fr.</composer>, <title>Einleitung zur grossen Gesangschule f. Deutschland</title>. 8vo. <pubPlace key="place_0475">München</pubPlace> (<publisher key="publ_0028">Aibl</publisher>) geh. 7 Ngr. *n. <lb/>Die Gesangschule, 250 Seiten in Folio, erscheint noch in diesem Jahre, sohald durch die einlaufenden Subscriptionen die Anzaht der Exemplare sich bestimmen lässt Subscr-Pr. ** 4 Thlr. n.</bibl>
</div><div id="hofm_1853_10_0432_div17"><head><hofClass key="hofCl_0287">Theoretische Werke.</hofClass></head>
<bibl id="hofm_1853_10_0432_06"><author>Baumgartner</author>, <title>Anleitung zur musikalischen Stenographie od. Tonzeichenkunst</title>. 12mo. <pubPlace key="place_0475">München</pubPlace>, <publisher key="publ_1086">Franz</publisher> geh. 10 Ngr. n.</bibl>
<bibl id="hofm_1853_10_0432_07"><author>Becker, Jul.</author>, <title>Kleine Harmonielehre f. Dilettanten. <edition>2te Aufl</edition></title>. 8vo. <pubPlace key="place_0392">Leipzig</pubPlace>, <publisher key="publ_1107">Friedlein u. Hirsch</publisher> geh. 7½ Ngr.</bibl>
<bibl id="hofm_1853_10_0432_08"><author>Brunner, C.T.</author>, <title>Musikalisches Taschen-Fremdwörterbuch. <edition>2te verm. Aufl</edition></title>. 32mo. <pubPlace key="place_0392">Leipzig</pubPlace>, <publisher key="publ_3924">Stoll</publisher> geh. 5 Ngr. n.</bibl>
<bibl id="hofm_1853_10_0432_09"><author>Hirsch, F.W.</author>, <title>ABC der Harmonielehre f. Clavier- u. Orgelspieler</title>. 8. <pubPlace key="place_0313">Hoyerswerde</pubPlace>, <publisher key="publ_0939">Erbe</publisher> geh. 7½ Ngr. n.</bibl>
<bibl id="hofm_1853_10_0432_10"><author>Liszt, F.</author>, <title>Fréd. Chopin</title>. 8. <pubPlace key="place_0392">Leipzig</pubPlace>, <publisher key="publ_0437">Br. et Härtel</publisher> geh. 1 Rt. 15 Ngr. n.</bibl>
<bibl id="hofm_1853_10_0432_11"><author>Sechter, S.</author>, <title>Die richtige Folge der Grundharmonien, oder vom Fundamentalbass und dessen Umkehrungen und Stellvertretern</title>. gr.-8. <pubPlace key="place_0392">Leipzig</pubPlace>, <publisher key="publ_0437">Br. u. Härtel</publisher> geh. 1 Rt. 15 Ngr. n.</bibl>
<bibl id="hofm_1853_10_0432_12"><author>Smeddinck, C.</author>, <title>Apologie des latein. Chorgesanges, oder: Das Verhättniss des latein. u. deutschen Kirchengesanges vom positiven kirchlichen Standpunkte aus</title>. <pubPlace key="place_0157">Düsseldorf</pubPlace>, <publisher key="publ_1945">Kampmann</publisher> geh. 5 Ngr. *n.</bibl>
<bibl id="hofm_1853_10_0432_13"><author>Thurn, C.</author>, <title>Leitfaden beim Unterricht in der Theorie der Musik. 1stes Heft. <edition>2te Aufl</edition></title>. 8. <pubPlace key="place_0212">Friedberg</pubPlace>, <publisher key="publ_0325">Bindernagel</publisher> 15 Ngr. *n.</bibl>
<bibl id="hofm_1853_10_0432_14"><author>Weitzmann, C.F.</author>, <title>Der übermässige Dreiklang</title>. <pubPlace key="place_0044">Berlin</pubPlace>, <publisher key="publ_1394">Guttentag</publisher> 17½ Ngr. n.</bibl>
<bibl id="hofm_1853_10_0432_15"><author>Weber, F.</author>, <title>The Pianiste practical Guide to develop from the major et minor Scales all the principal Intervals et Chords et Variations thereon and to apply them do daily Exercices in Composing et performing</title>. <pubPlace key="place_0419">London</pubPlace> (<pubPlace key="place_0392">Leipzig</pubPlace>, <publisher key="publ_1746">Hofmeister</publisher>) 10 s. 6d.</bibl>
<bibl id="hofm_1853_10_0432_16"><author>Welcker, H.</author>, <title>Der Flügel, oder die Beschaffenheit d. Piano’s in allen Formen</title>. gr.-4. <pubPlace key="place_0199">Frankfurt</pubPlace>, <publisher key="publ_0473">Brönner</publisher> geh. 3½ Rt. *n.</bibl>
<bibl id="hofm_1853_10_0432_17"><title>Zeitung f. Orgel-, Clavier- u. Flügelbau, herausg. v. C. Hartmann. 3ter Bd. 2tes Heft</title>. gr.-4. <pubPlace key="place_0720">Weimar</pubPlace>, <publisher key="publ_4216">Voigt</publisher> geh. 7½ Ngr. n.</bibl>
</div><div id="hofm_1853_10_0432_div18"><head><hofClass key="hofCl_0281">Portraits.</hofClass></head>
<bibl id="hofm_1853_10_0432_18"><title><subject>Reinecke, C.</subject>, gez. v. <artist>C. Reimers</artist></title>. gr.-Fol. <pubPlace key="place_0069">Bonn</pubPlace>, <publisher key="publ_2586">Matz</publisher> chin. Pap. 10 Ngr. *n.</bibl>
<bibl id="hofm_1853_10_0432_19"><title><subject>Spohr, L.</subject>, nach der Natur gez. v. <artist>C. Arnold</artist>, lith. v. <artist>F. Jentzen</artist></title>. Fol. <pubPlace key="place_0262">Göttingen</pubPlace>, <publisher key="publ_4404">Wigand</publisher> chin. Pap. 20 Ngr. *n.</bibl>
</div>





</body></text></TEI.2>