<?xml version="1.0" encoding="utf-8"?>
<!DOCTYPE TEI.2
  SYSTEM "../../dtd/tei/cch_tei.dtd">
<TEI.2 id="hofm_1853_03">
<teiHeader type="text"><fileDesc><titleStmt><title>März 1853</title></titleStmt><publicationStmt><p/></publicationStmt><sourceDesc><p/></sourceDesc></fileDesc><profileDesc><langUsage><language id="ger">German</language><language id="fre">French</language><language id="ita">Italian</language></langUsage></profileDesc><revisionDesc><change><date>2007-09-20</date><respStmt><name>EP</name></respStmt><item>missing @id added</item></change><change><date>2007-04-27</date><respStmt><name>RV</name></respStmt><item>Changed "biblGroup" elements in "listBibl"</item></change><change><date>2007-03-02</date><respStmt><name>EP</name></respStmt><item>Checked curly brackets</item></change><change><date>2007-02-26</date><respStmt><name>EP</name></respStmt><item>Encoded curly brackets</item></change><change><date>2006-12-19</date><respStmt><name>EP</name></respStmt><item>sic and unclear moved outside elements pubplaces, publisher, composer, hofclass, key, opus</item></change><change><date>2007-01-02</date><respStmt><name>Liz</name></respStmt> 
<item>p. 288 Tecio (not Tecto)</item></change><change><date>2006-11-27</date><respStmt><name>Liz</name></respStmt> 
<item>p. 288 Abranyi (not Abranyl)</item></change><change><date>2006-03-06</date><respStmt><name>Liz</name></respStmt> 
<item>XRef done</item></change><change><date>2006-02-19</date><respStmt><name>Liz</name></respStmt> 
<item>p. 295 Mendelssohn not composer of Thematisches Verzeichniss</item></change><change><date>2005-11-14</date><respStmt><name>Liz</name></respStmt> 
<item>p. 292 Brückner u. Renner (not Reuner)</item></change><change><date>2005-10-24</date><respStmt><name>Liz</name></respStmt> 
<item>p. 289 adjust so . is outside tags</item></change><change><date>2005-07-21</date><respStmt><name>Mekala</name></respStmt> 
<item>Checking Screens and Final Revisions</item></change><change><date>2005-05-30</date><respStmt><name>Mekala</name></respStmt><item>First Coding</item></change><change><date>2005-05-17</date><respStmt><name>Liz</name></respStmt><item>checked</item></change><change><date>2005-04-29</date><respStmt><name>JG</name></respStmt><item>automated tagging</item></change></revisionDesc></teiHeader>

<text><body>

<pb n="282"/><head>März 1853.</head><div id="hofm_1853_03_0282_div01"><head><hofClass key="hofCl_0164">Musik für das Orchester.</hofClass></head>
<bibl id="hofm_1853_03_0282_01"><composer key="compo_000089">Adam, A.</composer>, <title>Ouverture de l’Opéra : Le Farfadet, à gr. Orch</title>. <pubPlace key="place_0438">Mainz</pubPlace>, <publisher key="publ_3563">Schott</publisher> 4 Fl. 12 Xr.</bibl>
<bibl id="hofm_1853_03_0282_02">– <title>Ouverture de l’Opéra : La Poupée de Nuremberg, à gr. Orch</title>. Ebend. 4 Fl. 12 Xr.</bibl>
<album id="hofm_1853_03_0282_03"><title>Album f. Militärmusik. <format>Part</format>. Lief. 7, <composer key="compo_017081">Kaulich, J.</composer>, Die Gemüthlichen. Walzer. <composer key="compo_024501">Nechwalsky, A.</composer>, Souvenir à Temeswar. Defilir-Marsch. Lief. 8, <composer key="compo_017081">Kaulich, J.</composer>, Empfehlungs-Briefe. Walzer. Wiener Marsch</title>. <pubPlace key="place_0731">Wien</pubPlace>, <publisher key="publ_1269">Glöggl</publisher>.</album>
<wip id="hofm_1853_03_0282_04"><composer key="compo_001225">Bach, J.S.</composer>, <title>Ouverture ou Suite p. 2 Viol., Alto, Hautb., Basson, Vclle et Basse. No. 1, in <key>C</key>. publié par S.W. Dehn</title>. <format>Partition</format> (25 Ngr.) <format>Parties</format> (1 Rt. 15 Ngr.) <pubPlace key="place_0392">Leipzig</pubPlace>, <publisher key="publ_3023">Peters</publisher> 2 Rt. 10 Ngr.</wip>
<bibl id="hofm_1853_03_0282_05"><composer key="compo_008338">Engel, J.</composer>, <title>Die Serezaner. Walzer f. Orch. Op. <opus key="opus_3967">7</opus></title>. <pubPlace key="place_0044">Berlin</pubPlace>, <publisher key="publ_0393">B. u. Bock</publisher> 2 Rt.</bibl>
<bibl id="hofm_1853_03_0282_06"><composer key="compo_012525">Gung’l, Jos.</composer>, <title>Camelia-Mazurka, und: Ressel, A.W., Vexir-Polka. Op. <opus key="opus_0021">10</opus>, f gr. Orch</title>. <pubPlace key="place_0044">Berlin</pubPlace>, <publisher key="publ_0393">B. u. Bock</publisher> 2 Rt.</bibl>
<bibl id="hofm_1853_03_0282_07"><composer key="compo_019654">Labitzky, Jos.</composer>, <title>Frühlingslieder. Walzer f. gr. Orch. Op. <opus key="opus_1437">204</opus></title>. <pubPlace key="place_0392">Leipzig</pubPlace>, <publisher key="publ_1746">Hofmeister</publisher> 2 Rt. 5 Ngr.</bibl>
<bibl id="hofm_1853_03_0282_08">– <title>Beliebte Walzer, Galoppen u. Polka f. 2 Viol., Bratsche, Flöte, Clarin., 2 Hörner u. Bass (Vclle ad lib.) No. 41, Frühlingslieder. Op. <opus key="opus_1437">204</opus></title>. Ebend. 28 Ngr.</bibl>
<bibl id="hofm_1853_03_0282_09"><composer key="compo_020693">Leutner, A.</composer>, <title>Polonaise über Motive der Oper: Die Doppelflucht (Op. <opus key="opus_1271">19</opus>), u. Carillon-Galopp (Op. <opus key="opus_1390">20</opus>)</title>. <pubPlace key="place_0044">Berlin</pubPlace>, <publisher key="publ_0393">B. u. Bock</publisher> 1 Rt. 20 Ngr.</bibl>
<wip id="hofm_1853_03_0282_10"><composer key="compo_032798">Spohr, L.</composer>, <title>Die Jahreszeiten. Sinfonie f. gr. Orch. Op. <opus key="opus_0738">143</opus> (No. 9 d. Sinf.)</title> <pubPlace key="place_0276">Hamburg</pubPlace>, <publisher key="publ_3605">Schuberth u. Co</publisher>. <lb/><format>Partitur</format>. 8vo. geh. 3 Rt. 15 Ngr. <lb/><format>Orchesterstimmen</format>. 7 Rt.</wip>
<bibl id="hofm_1853_03_0282_11"><composer key="compo_033569">Strauss, Joh.</composer>, <title>Volkssänger. Walzer f. Orch. Op. <opus key="opus_0376">119</opus></title>. <pubPlace key="place_0731">Wien</pubPlace>, <publisher key="publ_1506">Haslinger</publisher> 1 Rt. 25 Ngr.</bibl>
<bibl id="hofm_1853_03_0282_12">– <title>Nocturne-Quadrille f. Orch. Op. <opus key="opus_0409">120</opus></title>. Ebend. 1 Rt. 20 Ngr.</bibl>
<bibl id="hofm_1853_03_0282_13">– <title>Zehner-Polka f. Orch. Op. <opus key="opus_0427">121</opus></title>. Ebend. 1 Rt.</bibl>
<bibl id="hofm_1853_03_0282_14"><composer key="compo_036213">Wassermann, H.J.</composer>, <title>Gr. Variations conc. p. 2 Violons av. Orch. Op. <opus key="opus_1068">17</opus>. <edition>Nouv. Edit</edition></title>. <pubPlace key="place_0392">Leipzig</pubPlace>, <publisher key="publ_3023">Peters</publisher> 2 Rt.</bibl>
</div><div id="hofm_1853_03_0282_div02"><head><hofClass key="hofCl_0245">Musik für die Violine.</hofClass></head>
<bibl id="hofm_1853_03_0282_15"><composer key="compo_016840">Kalliwoda, J.W.</composer>, <title>Fantasie über böhmische Lieder f. Violine m. 2ter Viol., Alt u. Vclle. Op. <opus key="opus_1308">193</opus></title>. <pubPlace key="place_0392">Leipzig</pubPlace>, <publisher key="publ_3023">Peters</publisher> 25 Ngr.</bibl>
<bibl id="hofm_1853_03_0282_16"><composer key="compo_019510">Küffner, J.</composer>, <title>Les Délassemens de l’Etude. Collection de Morceaux fac. sur des Motifs d’Opéras fav. p. 2 Violons. Cah. 5, Bellini, La Somnambule</title>. <pubPlace key="place_0438">Mainz</pubPlace>, <publisher key="publ_3563">Schott</publisher> 54 Xr.</bibl>
<bibl id="hofm_1853_03_0282_17">– <title>Répertoire des nouv. Danses fav. p. Violon. Cah. 10, Goria, Olga-Mazurka. Burgmüller, Le Bouquet de l’Infante. Valse. Rondeau sur une Valse de Labitzky. Rummel, Glöckchen-Polka</title>. 8vo. Ebend. 36 Xr.</bibl>
<pb n="283"/>
<bibl id="hofm_1853_03_0283_01"><composer key="compo_019510">Küffner, J.</composer>, <title>Repos de l’Etude. Collection de Morceaux fac. sur des Motifs d’Opéras fav. Cah. 4, Bellini, La Somnambule</title>. 8vo. <pubPlace key="place_0438">Mainz</pubPlace>, <publisher key="publ_3563">Schott</publisher> 24 Xr.</bibl>
<wip id="hofm_1853_03_0283_02"><composer key="compo_025691">Panofka, H.</composer>, <title>Méthode de Violon pratique. 72 Etudes p. Violon, depuis la corde vide jusqu’aux grands difficultés. Op. <opus key="opus_4326">80</opus>. Cah. 3, 4</title>. <pubPlace key="place_0392">Leipzig</pubPlace>, <publisher key="publ_1746">Hofmeister</publisher>. <lb/><title>Cah. 3, 12 Etudes progressifs (cont. des coups d’archet variés)</title>. 25 Ngr. <lb/>– <title>4, 12 Etudes progressifs (cont. les doubles cordes)</title>. 22½ Ngr.</wip>
<bibl id="hofm_1853_03_0283_03"><composer key="compo_031123">Schubert, Franz</composer>, <title>Octett f. 2 Viol., Alt, Vclle, Contrab., Horn, Fagott u. Clarinett. Op. <opus key="opus_1035">166</opus>, in <key>F</key></title>. <pubPlace key="place_0731">Wien</pubPlace>, <publisher key="publ_3833">Spina</publisher> 4 Rt. 10 Ngr.</bibl>
<bibl id="hofm_1853_03_0283_04"><composer key="compo_032559">Solle, Fr.</composer>, <title>Praktische Violinschule. Heft 5, 6</title>. <pubPlace key="place_0386">Langensalza</pubPlace>, <publisher key="publ_3618">Schulbuchhandlung</publisher> à 12 Ngr. n.</bibl>
<bibl id="hofm_1853_03_0283_05"><composer key="compo_034168">Taubert, W.</composer>, <title>2tes Quartett f. 2 Viol., Bratsche u. Vcllo. Op. <opus key="opus_4639">93</opus>, in <key>B</key></title>. <pubPlace key="place_0392">Leipzig</pubPlace>, <publisher key="publ_0437">Br. u. Härtel</publisher> 2 Rt.</bibl>
</div><div id="hofm_1853_03_0283_div03"><head><hofClass key="hofCl_0184">Musik für das Violoncell.</hofClass></head>
<bibl id="hofm_1853_03_0283_06"><composer key="compo_020305">Lee, S.</composer>, <title>40 Etudes mélodiques et progressives p. Vclle. Op. <opus key="opus_2187">31</opus>. Suite 1, 2</title>. <pubPlace key="place_0438">Mainz</pubPlace>, <publisher key="publ_3563">Schott</publisher> à 1 Fl. 48 Xr.</bibl>
</div><div id="hofm_1853_03_0283_div04"><head><hofClass key="hofCl_0200">Musik für die Flöte.</hofClass></head>
<bibl id="hofm_1853_03_0283_07"><composer key="compo_006919">Diabelli, A.</composer>, <title>Der musikalische Gesellschafter, f. Flöte. No. 88, Verdi, Rigoletto</title>. <pubPlace key="place_0731">Wien</pubPlace>, <publisher key="publ_3833">Spina</publisher> 25 Ngr.</bibl>
<bibl id="hofm_1853_03_0283_08"><composer key="compo_019510">Küffner, J.</composer>, <title>Répertoire des nouv. Danses p. Flûte. Cah. 10, Goria, Olga-Mazurka. Burgmüller, Le Bouquet de I’Infante; Valse. Rondeau sur une Valse de Labitzky. Rummel, Glöckchen-Polka</title>. 8vo. <pubPlace key="place_0438">Mainz</pubPlace>, <publisher key="publ_3563">Schott</publisher> 36 Xr.</bibl>
<bibl id="hofm_1853_03_0283_09">– <title>Repos de l’Etude. Collection de Morceaux fac. sur des Metifs d’Opéras fav. Cah. 4, Bellini, La Somnambule</title>. 8vo. Ebend. 24 Xr.</bibl>
<bibl id="hofm_1853_03_0283_10"><composer key="compo_034980">Tulou</composer>, <title>Méthode de Flúte, progressive et raisonnée (franz. u. deutsch). Op. <opus key="opus_0045">100</opus></title>. (av. Portrait de Mr. Tulou). <pubPlace key="place_0438">Mainz</pubPlace>, <publisher key="publ_3563">Schott</publisher> geh. 8 Fl. 24 Xr.</bibl>
</div><div id="hofm_1853_03_0283_div05"><head><hofClass key="hofCl_0196">Musik für die Clarinette.</hofClass></head>
<bibl id="hofm_1853_03_0283_11"><composer key="compo_019510">Küffner, J.</composer>, <title>Répertoire des nouv. Danses p. Clarinette. Cah. 10, Goria, Olga-Mazurka. Burgmüller, Le Bouquet de l’Infante; Valse. Rondeau sur une Valse de Labitzky. Rummel, Glöckchen-Polka</title>. 8vo. <pubPlace key="place_0438">Mainz</pubPlace>, <publisher key="publ_3563">Schott</publisher> 36 Xr.</bibl>
</div><div id="hofm_1853_03_0283_div06"><head><hofClass key="hofCl_0205">Musik für die Guitarre.</hofClass></head>
<bibl id="hofm_1853_03_0283_12"><composer key="compo_019510">Küffner, J.</composer>, <title>Répertoiré de nouv. Danses fav. p. Guit. Cah. 10, Burgmüller, Le Bouquet de l’Infante. Valse. Rondeau sur une Valse de Labitzky. Rummel, Glöckchen-Polka</title>. 8vo. <pubPlace key="place_0438">Mainz</pubPlace>, <publisher key="publ_3563">Schott</publisher> 36 Xr.</bibl>
</div><div id="hofm_1853_03_0283_div07"><head><hofClass key="hofCl_0167">Musik für das Pianoforte mit Begleitung.</hofClass></head>
<bibl id="hofm_1853_03_0283_13"><composer key="compo_004899">Beriot, Ch. de</composer>, <title>Duo sur des Airs hongrois et styriens p. Pfte et Violon : Op. <opus key="opus_4436">84</opus></title> (Collection de Duos Cah. 64). <pubPlace key="place_0438">Mainz</pubPlace>, <publisher key="publ_3563">Schott</publisher> 2 Fl. 24 Xr.</bibl>
<pb n="284"/>
<bibl id="hofm_1853_03_0284_01"><composer key="compo_002744">Berwald, Fr</composer>, <title>Trio No. 2, f. Pfte, Viol. u. Vclle (in <key>As</key>.)</title> <pubPlace key="place_0276">Hamburg</pubPlace>, <publisher key="publ_3605">Schuberth u. Co</publisher>. 2 Rt. 15 Ngr.</bibl>
<bibl id="hofm_1853_03_0284_02"><composer key="compo_004262">Briccialdi, G.</composer>, <title>Concerto p. Flûte av. Pfte. Op. <opus key="opus_3798">65</opus></title>. <pubPlace key="place_0438">Mainz</pubPlace>, <publisher key="publ_3563">Schott</publisher> 2 Fl.</bibl>
<wip id="hofm_1853_03_0284_03"><composer key="compo_006919">Diabelli, A.</composer>, <title>Concordance. Periodisches Werk f. Pfte u. Viol. Op. <opus key="opus_0559">130</opus></title>. <pubPlace key="place_0731">Wien</pubPlace>, <publisher key="publ_3833">Spina</publisher>. <lb/><title>Heft 78, 79, 2 Potpourri nach Motiven der Oper: Die Zigeunerin, v. Balfe</title> à 1 Rt. <lb/>– <title>81–83, 3 Potpourri nach Motiven der Oper: Rigoletto, v. Verdi. No. 81</title>. 20 Ngr. <title>No. 82, 83</title>. à 25 Ngr.</wip>
<bibl id="hofm_1853_03_0284_04"><composer key="compo_007268">Dorus, L.</composer> et <composer key="compo_014550">H. Herz</composer>, <title>Rondino grâcieux sur la Romance : Blonde Helene, arr. p. Pfte et Flûte (6e Duettino fac.)</title> <pubPlace key="place_0438">Mainz</pubPlace>, <publisher key="publ_3563">Schott</publisher> 1 Fl.</bibl>
<bibl id="hofm_1853_03_0284_05"><composer key="compo_007507">Dunkler, F.</composer>, <title>Feuille d’Album. Scène chantante p. Vclle et Pfte</title>. <pubPlace key="place_0011">Amsterdam</pubPlace>, <publisher key="publ_4026">Theune</publisher> 1 Fl.</bibl>
<bibl id="hofm_1853_03_0284_06"><composer key="compo_012313">Grädener, C.G.P.</composer>, <title>Sonate. f. Pfte u. Viol. Op. <opus key="opus_0234">11</opus>, in <key>D</key></title>. <pubPlace key="place_0392">Leipzig</pubPlace>, <publisher key="publ_0437">Br. u. Härtel</publisher> 1 Rt. 20 Ngr.</bibl>
<bibl id="hofm_1853_03_0284_07"><composer key="compo_012419">Grützmacher, Fréd.</composer>, <title>5 Morceaux p. Vclle et Pfte. Op. <opus key="opus_2737">4</opus>. Cah. 2, Etude de Salon. Caprice</title>. <pubPlace key="place_0392">Leipzig</pubPlace>, <publisher key="publ_1746">Hofmeister</publisher> 25 Ngr.</bibl>
<bibl id="hofm_1853_03_0284_08"><composer key="compo_012535">Gurlitt, C.</composer>, <title>Trio f. Pfte, Viol. u. Vclle. Op. <opus key="opus_0021">10</opus>, in <key>C</key></title>. <pubPlace key="place_0276">Hamburg</pubPlace>, <publisher key="publ_3605">Schuberth u. Co</publisher>. 2 Rt. 5 Ngr.</bibl>
<bibl id="hofm_1853_03_0284_08_i"><composer key="compo_013049">Halberstadt, J.</composer>, <title>Elégie p. Violon av. Pfte</title>. <pubPlace key="place_0011">Amsterdam</pubPlace>, <publisher key="publ_4026">Theune</publisher> 1 Fl. 35 cts.</bibl>
<bibl id="hofm_1853_03_0284_10"><composer key="compo_016840">Kalliwoda, J.W.</composer>, <title>Fantasie über böhmische Lieder f. Viol. m. Pfte. Op. <opus key="opus_1308">193</opus></title>. <pubPlace key="place_0392">Leipzig</pubPlace>, <publisher key="publ_3023">Peters</publisher> 25 Ngr.</bibl>
<bibl id="hofm_1853_03_0284_11"><composer key="compo_019654">Labitzky, Jos.</composer>, <title>Frühlingslieder. Walzer f. Viol. u. Pfte. Op. <opus key="opus_1437">204</opus></title>. <pubPlace key="place_0392">Leipzig</pubPlace>, <publisher key="publ_1746">Hofmeister</publisher> 15 Ngr.</bibl>
<bibl id="hofm_1853_03_0284_12"><composer key="compo_020569">Leonard, H.</composer>, <title>Sérénade. 2me Morceau de Salon p. Violon av. Pfte. Op. <opus key="opus_1068">17</opus></title>. <pubPlace key="place_0438">Mainz</pubPlace>, <publisher key="publ_3563">Schott</publisher> 1 Fl. 48 Xr.</bibl>
<bibl id="hofm_1853_03_0284_13"><composer key="compo_021359">Louis, N.</composer>, <title>Fantaisie brill. sur le Caïd, d’A. Thomas, p. Pfte et Violon. Op. <opus key="opus_1314">194</opus></title>. <pubPlace key="place_0438">Mainz</pubPlace>, <publisher key="publ_3563">Schott</publisher> 1 Fl. 48 Xr.</bibl>
<bibl id="hofm_1853_03_0284_13_n"><composer key="compo_021359">Louis, N.</composer>, et <composer key="compo_014550">H. Herz</composer>, <title>Rondino grâcieux sur la Romance : Blonde Helene, arr. p. Pfte et Violon (6e Duettino fac.)</title> <pubPlace key="place_0438">Mainz</pubPlace>, <publisher key="publ_3563">Schott</publisher> 1 Fl.</bibl>
<bibl id="hofm_1853_03_0284_15"><composer key="compo_025000">Normann, L.</composer>, <title>Trio f. Pfte, Viol. u. Vcllo. Op. <opus key="opus_2737">4</opus>, in <key>D</key></title>. <pubPlace key="place_0392">Leipzig</pubPlace>, <publisher key="publ_2017">Kistner</publisher> 2 Rt. 25 Ngr.</bibl>
<bibl id="hofm_1853_03_0284_15_p"><composer key="compo_027982">Reissiger, C.G.</composer>, <title>20me gr. Trio p. Pfte, Viol. et Vclle. Op. <opus key="opus_1328">196</opus>, in <key>D</key></title>. <pubPlace key="place_0392">Leipzig</pubPlace>, <publisher key="publ_3023">Peters</publisher> 2 Rt. 20 Ngr.</bibl>
<bibl id="hofm_1853_03_0284_17"><composer key="compo_031122">Schubert, Fr.</composer>, <title>Alpenrosen. Solo f. Violine über Tyroler National-Lieder, m. Pfte</title>. <pubPlace key="place_0731">Wien</pubPlace>, <publisher key="publ_3833">Spina</publisher> 1 Rt.</bibl>
<bibl id="hofm_1853_03_0284_18">– <title>Tarantelle p. Violon av. Pfte</title>. <pubPlace key="place_0731">Wien</pubPlace>, <publisher key="publ_3833">Spina</publisher> 20 Ngr.</bibl>
<bibl id="hofm_1853_03_0284_19"><composer key="compo_032342">Singelée, J.B.</composer>, <title>Fantaisie sur les Motifs de l’Opéra : Le Pré aux Clercs, de Herold, p. Violon av. Pfte. Op. <opus key="opus_1731">24</opus></title>. <pubPlace key="place_0438">Mainz</pubPlace>, <publisher key="publ_3563">Schott</publisher> 1 Fl. 30 Xr.</bibl>
<bibl id="hofm_1853_03_0284_20"><composer key="compo_033569">Strauss, Joh.</composer>, <title>Volkssänger, Walzer f. Viol. u. Pfte. Op. <opus key="opus_0376">119</opus></title>. <pubPlace key="place_0731">Wien</pubPlace>, <publisher key="publ_1506">Haslinger</publisher> 15 Ngr.</bibl>
<bibl id="hofm_1853_03_0284_21">– <title>Nocturne-Quadrille f. do. Op. <opus key="opus_0409">120</opus></title>. Ebend. 15 Ngr.</bibl>
<bibl id="hofm_1853_03_0284_22">– <title>Zehner-Polka f. do. Op. <opus key="opus_0427">121</opus></title>. Ebend. 10 Ngr.</bibl>
<bibl id="hofm_1853_03_0284_23"><composer key="compo_035870">Wagner, E.</composer>, <title>Sonate p. Pfte et Vclle. Op. <opus key="opus_0001">1</opus></title>. <pubPlace key="place_0011">Amsterdam</pubPlace>, <publisher key="publ_4026">Theune</publisher> 2 Fl. 50 cts.</bibl>
<bibl id="hofm_1853_03_0284_24"><composer key="compo_036213">Wassermann, H.J.</composer>, <title>Gr. Variations conc. p. 2 Violons av. Pfte. Op. <opus key="opus_1068">17</opus>. <edition>Nouv. Edit</edition></title>. <pubPlace key="place_0392">Leipzig</pubPlace>, <publisher key="publ_3023">Peters</publisher> 25 Ngr.</bibl>
<pb n="285"/>
</div><div id="hofm_1853_03_0285_div08"><head><hofClass key="hofCl_0171">Musik für das Pianoforte zu vier Händen.</hofClass></head>
<bibl id="hofm_1853_03_0285_01"><composer key="compo_004435">Brunner, C.T.</composer>, <title>Potpourri über Motive aus der Oper: Indra, von F. v. Flotow. Op. <opus key="opus_1851">253</opus></title>. <pubPlace key="place_0044">Berlin</pubPlace>, <publisher key="publ_0393">B. u. Bock</publisher> 25 Ngr.</bibl>
<bibl id="hofm_1853_03_0285_02"><composer key="compo_004712">Burgmüller, Fréd.</composer>, <title>Fleurs mélodiques. 12 Morceaux fac. et brill. Op. <opus key="opus_4394">82. No. 5–8</opus></title>. <pubPlace key="place_0438">Mainz</pubPlace>, <publisher key="publ_3563">Schott</publisher> à 54 Xr. <lb/><title>No. 5, Tarantelle</title>. <lb/>– <title>6, Variations sur une Cavatine de Bellini</title>. <lb/>– <title>7, Rondino sur un Air suisse</title>. <lb/>– <title>8, Valse favorite</title>.</bibl>
<bibl id="hofm_1853_03_0285_03"><composer key="compo_005623">Chotek, F.X.</composer>, <title>Rondo mignon. <opus key="opus_4776">Op. posth</opus></title>. <pubPlace key="place_0731">Wien</pubPlace>, <publisher key="publ_3833">Spina</publisher> 10 Ngr.</bibl>
<bibl id="hofm_1853_03_0285_04"><composer key="compo_017627">Klauwell, A.</composer>, <title>Frühlingsklänge. 6 instructive Piecen. Op. <opus key="opus_3565">6</opus></title>. <pubPlace key="place_0386">Langensalza</pubPlace>, <publisher key="publ_3618">Schulbuchhdl</publisher>. 10 Ngr. n.</bibl>
<bibl id="hofm_1853_03_0285_05"><composer key="compo_019654">Labitzky, Jos.</composer>, <title>Frühlingslieder. Walzer. Op. <opus key="opus_1437">204</opus></title>. <pubPlace key="place_0392">Leipzig</pubPlace>, <publisher key="publ_1746">Hofmeister</publisher> 22½ Ngr.</bibl>
<bibl id="hofm_1853_03_0285_06"><composer key="compo_022249">Marks, G.W.</composer>, <title>71me Potpourri sur des Motifs de l’Opéra : La Dame blanche, de Boieldieu. Op. <opus key="opus_0860">153</opus></title>. <pubPlace key="place_0276">Hamburg</pubPlace>, <publisher key="publ_0640">Cranz</publisher> 1 Rt. 15 Ngr.</bibl>
<album id="hofm_1853_03_0285_07"><title>Potpourris nach Melodien der bel. Opern. No. 42, <composer key="compo_022903">Mendelssohn-Bartholdy</composer>, Ein Sommernachtstraum</title>. <pubPlace key="place_0392">Leipzig</pubPlace>, <publisher key="publ_0437">Br. u. Härtel</publisher> 1 Rt.</album>
<wip id="hofm_1853_03_0285_08">– nach Melodien der bel. Opern. <pubPlace key="place_0475">München</pubPlace>, <publisher key="publ_0028">Aibl</publisher>. <lb/><title>No. 12, Rossini, Die Belagerung von Corinth</title>. 22½ Ngr. <lb/>– <title>39, Mozart, Don Juan</title>. 1 Rt. 15 Ngr.</wip>
<bibl id="hofm_1853_03_0285_09"><composer key="compo_030644">Schmitt, C.C. v.</composer>, <title>Fantasina über ein Wiegenlied (Frei noch von des Lebens Schmerzen)</title>. <pubPlace key="place_0011">Amsterdam</pubPlace>, <publisher key="publ_4026">Theune</publisher> 1 Fl. 50 cts.</bibl>
<bibl id="hofm_1853_03_0285_10"><composer key="compo_034168">Taubert, W.</composer>, <title>Symphonie. Op. <opus key="opus_4326">80</opus>, in <key>Hm</key></title>. <pubPlace key="place_0044">Berlin</pubPlace>, <publisher key="publ_0393">B. u. Bock</publisher> geh. 3 Rt.</bibl>
<bibl id="hofm_1853_03_0285_11"><composer key="compo_035403">Verdi, G.</composer>, <title>Favorit-Melodien aus der Oper: Luisa Miller, eing. v. A. Diabelli</title> (Reiz der Neuheit No. 23, 24). <pubPlace key="place_0731">Wien</pubPlace>, <publisher key="publ_3833">Spina</publisher> à 15 Ngr.</bibl>
<bibl id="hofm_1853_03_0285_12"><composer key="compo_036249">Weber, C.M. de</composer>, <title>Douze Pièces faciles. Cah. 2. Op. <opus key="opus_0021">10</opus></title>. <pubPlace key="place_0044">Berlin</pubPlace>, <publisher key="publ_0393">B. et Bock</publisher> 25 Ngr.</bibl>
</div><div id="hofm_1853_03_0285_div09"><head><hofClass key="hofCl_0272">Ouverturen für das Pianoforte zu vier Händen.</hofClass></head>
<bibl id="hofm_1853_03_0285_13"><composer key="compo_004997">Böhner, L.</composer>, <title>Grosse Concert-Ouverture</title>. <pubPlace key="place_0386">Langensalza</pubPlace>, <publisher key="publ_3618">Schulbuchhdl</publisher>. 20 Ngr. n.</bibl>
<bibl id="hofm_1853_03_0285_14"><composer key="compo_023890">Mozart, W.A.</composer>, <title>Ouv. de l’Opéra : Don Juan, transcr. par F. Beyer</title>. <pubPlace key="place_0438">Mainz</pubPlace>, <publisher key="publ_3563">Schott</publisher> 1 Fl.</bibl>
<bibl id="hofm_1853_03_0285_15">– <title>Ouv. zu Titus, arr. v. A. Klauwell</title>. <pubPlace key="place_0386">Langensalza</pubPlace>, <publisher key="publ_3618">Schulbuchhdl</publisher>. 12 Ngr. n.</bibl>
</div><div id="hofm_1853_03_0285_div10"><head><hofClass key="hofCl_0166">Musik für das Pianoforte allein.</hofClass></head>
<bibl id="hofm_1853_03_0285_16"><composer key="compo_001010">Ascher, Jos.</composer>, <title>Danse espagnole. Fragment de Salon. Op. <opus key="opus_1731">24</opus></title>. <pubPlace key="place_0438">Mainz</pubPlace>, <publisher key="publ_3563">Schott</publisher> 1 Fl.</bibl>
<bibl id="hofm_1853_03_0285_17"><composer key="compo_002077">Beethoven, L. van</composer>, <title>3 Sonates. Op. <opus key="opus_2066">29</opus>. No. 3, in <key>Es</key>. <edition>Edit. nouv. corr</edition>. par E.D. Wagner</title>. <pubPlace key="place_0044">Berlin</pubPlace>, <publisher key="publ_3471">Schlesinger</publisher> 22½ Ngr.</bibl>
<bibl id="hofm_1853_03_0285_18"><composer key="compo_002826">Beyer, Ferd.</composer>, <title>Souvenir de Meyerbeer. 3 Daguerreotypes musicales sur des Motifs piquants de l’Opéra : Le Prophète. Op. <opus key="opus_0454">123. No. 1–3</opus></title>. <pubPlace key="place_0438">Mainz</pubPlace>, <publisher key="publ_3563">Schott</publisher> à 54 Xr. <lb/><title>No. 1, L’Arrivée des Pâtineurs</title>. <lb/>– <title>2, Quadrille des Pâtineurs</title>. <lb/>– <title>3, Marche du Sacre</title>.</bibl>
<bibl id="hofm_1853_03_0285_19"><composer key="compo_003340">Blumenthal, Jacq.</composer>, <title>Les Mariniers. Scène italienne. Op. <opus key="opus_1584">22</opus></title>. <pubPlace key="place_0731">Wien</pubPlace>, <publisher key="publ_3833">Spina</publisher> 20 Ngr.</bibl>
<pb n="286"/>
<bibl id="hofm_1853_03_0286_01"><composer key="compo_003340">Blumenthal, Jacq.</composer>, <title>Plainte du petit Savoyard. Morceau. Op. <opus key="opus_1661">23</opus></title>. <pubPlace key="place_0731">Wien</pubPlace>, <publisher key="publ_3833">Spina</publisher> 15 Ngr.</bibl>
<bibl id="hofm_1853_03_0286_02"><composer key="compo_004303">Brisson, F.</composer>, <title>Fantaisie sur le Choeur des Pélérins de Jérusalem (l Lombardi) Opéra de Verdi. Op. <opus key="opus_3105">48</opus></title>. <pubPlace key="place_0438">Mainz</pubPlace>, <publisher key="publ_3563">Schott</publisher> 1 Fl.</bibl>
<wip id="hofm_1853_03_0286_03"><composer key="compo_004435">Brunner, C.T.</composer>, <title>2 Fantasien über Lieder a. d. Singspiele: Die Zillerthaler, v. Nessmüller. Op. <opus key="opus_1786">248</opus></title>. <pubPlace key="place_0475">München</pubPlace>, <publisher key="publ_0028">Aibl</publisher>. <lb/><title>No. 1, Wenn ich mich nach der Heimath sehn’</title>. 12½ Ngr. <lb/>– <title>2, Weisst du, wie das Sprichwort heisst</title>. 12½ Ngr.</wip>
<bibl id="hofm_1853_03_0286_04">– <title>Potpourris brill. d’Opéras. Liv. 59, Verdi, Nabucodonosor</title>. <pubPlace key="place_0475">München</pubPlace>, <publisher key="publ_0028">Aibl</publisher> 20 Ngr.</bibl>
<bibl id="hofm_1853_03_0286_05"><composer key="compo_005076">Büchner, Ch.</composer>, <title>Ballade</title>. <pubPlace key="place_0392">Leipzig</pubPlace>, <publisher key="publ_3924">Stoll</publisher> 10 Ngr.</bibl>
<bibl id="hofm_1853_03_0286_06"><composer key="compo_004712">Burgmüller, Fréd.</composer>, <title>Fantaisie grâcieuse sur Galathée. Opéra de V. Massé</title>. <pubPlace key="place_0438">Mainz</pubPlace>, <publisher key="publ_3563">Schott</publisher> 1 Fl.</bibl>
<bibl id="hofm_1853_03_0286_07"><composer key="compo_004745">Burkhardt. S.</composer> u. <composer key="compo_035805">W</composer>, <title>Potpourris über beliebte Opern-Themas, leicht bearb. No. 19, Wagner, Lohengrin</title>. <pubPlace key="place_0147">Dresden</pubPlace>, <publisher key="publ_1236">Gerster u. Co</publisher>. 10 Ngr.</bibl>
<album id="hofm_1853_03_0286_08"><composer key="compo_006106">Cramer, H.</composer>, <title>Potpourris sur des Motifs d’Opéras fav. No. 105, 107</title>. <pubPlace key="place_0438">Mainz</pubPlace>, <publisher key="publ_3563">Schott</publisher> à 54 Xr. <lb/><title>No. 105, <composer key="compo_028968">Rossini</composer>, Semiramide</title>. <lb/>– <title>107, <composer key="compo_013059">Halevy</composer>, Le Juif errant</title>.</album>
<bibl id="hofm_1853_03_0286_09"><composer key="compo_006170">Croisez, A.</composer>, <title>Fantaisie sur l’Opéra : Le Moulin des Tilleuls, d’A. Maillart. Op. <opus key="opus_3204">50</opus></title>. <pubPlace key="place_0438">Mainz</pubPlace>, <publisher key="publ_3563">Schott</publisher> 45 Xr.</bibl>
<bibl id="hofm_1853_03_0286_10"><composer key="compo_007126">Doctor, F.E.</composer>, <title>Le Carillon de New-York. Morceau de Salon. Op. <opus key="opus_1802">25</opus></title>. <pubPlace key="place_0392">Leipzig</pubPlace>, <publisher key="publ_1746">Hofmeister</publisher> 10 Ngr.</bibl>
<wip id="hofm_1853_03_0286_11"><composer key="compo_007387">Dreyschock, A.</composer>, <title>Soirée d’Hiver. Suite de 6 Morceaux caractéristiques. No. 3–5</title>. <pubPlace key="place_0731">Wien</pubPlace>, <publisher key="publ_3833">Spina</publisher>. <lb/><title>No. 3, Un doux Entretien. Idylle</title>. 15 Ngr. <lb/>– <title>4, La Plainte. Nocturne</title>. 15 Ngr. <lb/>– <title>5, L’Ondine. Romance</title>. 20 Ngr.</wip>
<bibl id="hofm_1853_03_0286_12"><composer key="compo_007599">Duvernoy, J.B.</composer>, <title>Fantaisie sur l’Opéra : Galathée, de V. Massé. Op. <opus key="opus_1457">208</opus></title>. <pubPlace key="place_0392">Leipzig</pubPlace>, <publisher key="publ_0437">Br. et Härtel</publisher> 20 Ngr.</bibl>
<bibl id="hofm_1853_03_0286_13"><composer key="compo_009244">Field, John</composer>, <title>Midi. Nocturne caractéristique. <edition>Edit. nouv. et corr</edition></title>. <pubPlace key="place_0044">Berlin</pubPlace>, <publisher key="publ_3471">Schlesinger</publisher> 10 Ngr.</bibl>
<bibl id="hofm_1853_03_0286_14"><composer key="compo_009542">Flotow, F. v.</composer>, <title>Indra. Romantische Oper. <format>Clavierauszug</format> ohne Worte</title>. <pubPlace key="place_0044">Berlin</pubPlace>, <publisher key="publ_0393">B. u. Bock</publisher> geh. 6 Rt.</bibl>
<bibl id="hofm_1853_03_0286_15"><composer key="compo_011260">Gintze, Th.</composer>, <title>3 Uebertragungen. Op. <opus key="opus_2745">4. No. 1–3</opus></title>. <pubPlace key="place_0731">Wien</pubPlace>, <publisher key="publ_3833">Spina</publisher> à 10 Ngr. <lb/><title>No. 1, Schubert, Fr., Ave Maria</title>. <lb/>– <title>2, Preyer, G., Ob sie wohl kommen wird</title>. <lb/>– <title>3, Proch, H., Lebewohl</title>.</bibl>
<bibl id="hofm_1853_03_0286_16"><composer key="compo_011462">Godefroid, F.</composer>, <title>La Danse des Sylphes. Etude ceractéristique. Op. <opus key="opus_2187">31</opus></title>. <pubPlace key="place_0438">Mainz</pubPlace>, <publisher key="publ_3563">Schott</publisher> 1 Fl. 12 Xr.</bibl>
<bibl id="hofm_1853_03_0286_17"><composer key="compo_011618">Golinelli, S.</composer>, <title>Fantasia elegiaca. Op. <opus key="opus_4130">75</opus></title>. <pubPlace key="place_0392">Leipzig</pubPlace>, <publisher key="publ_0437">Br. u. Härtel</publisher> 25 Ngr.</bibl>
<bibl id="hofm_1853_03_0286_18">– <title>2me Fantaisie romantique. Op. <opus key="opus_4153">76</opus></title>. Ebend. 25 Ngr.</bibl>
<bibl id="hofm_1853_03_0286_19"><composer key="compo_012011">Gressler, F.A.</composer>, <title>12 gefällige Melodien, mit Fantasien, Divertissements etc. Op. <opus key="opus_1892">26. No. 3</opus>, Impromptu über den Pirol-Gesang</title>. <pubPlace key="place_0386">Langensalza</pubPlace>, <publisher key="publ_3618">Schulbuchhdl</publisher>. 10 Ngr.</bibl>
<bibl id="hofm_1853_03_0286_20"><composer key="compo_012565">Gutmann, Ad.</composer>, <title>Le Chant du Berger. Thème original. Op. <opus key="opus_1881">26</opus></title>. <pubPlace key="place_0392">Leipzig</pubPlace>, <publisher key="publ_1746">Hofmeister</publisher> 22½ Ngr.</bibl>
<bibl id="hofm_1853_03_0286_21">– <title>Marche heroïque. Op. <opus key="opus_1932">27</opus></title>. Ebend. 17½ Ngr.</bibl>
<wip id="hofm_1853_03_0286_22"><composer key="compo_013697">Haydn, Jos</composer>, <title>Sonaten. No. 1, in <key>Es</key></title>. (15 Ngr.) <title>No. 7</title>, in <key>D</key>. (10 Ngr.) <pubPlace key="place_0044">Berlin</pubPlace>, <publisher key="publ_0393">B. u. Bock</publisher>.</wip>
<bibl id="hofm_1853_03_0286_23"><composer key="compo_014550">Herz, H.</composer>, <title>Fantaisie brill. sur l’Opéra : Le Carilloneur de Bruges, d’A. Grisar. Op. <opus key="opus_1060">169</opus></title> <pubPlace key="place_0438">Mainz</pubPlace>, <publisher key="publ_3563">Schott</publisher> 1 Fl.</bibl>
<bibl id="hofm_1853_03_0286_24">– <title>La Rosée du Matin. Nouvelle Fantaisie. Op. <opus key="opus_1107">172</opus></title>. <pubPlace key="place_0438">Mainz</pubPlace>, <publisher key="publ_3563">Schott</publisher> 1 Fl.</bibl>
<pb n="287"/>
<bibl id="hofm_1853_03_0287_01"><composer key="compo_014550">Herz, H.</composer>, <title>Collection d’Exercices, Gammes et Passages. <edition>Nouv. Edit</edition>. par J. Knorr</title>. <pubPlace key="place_0392">Leipzig</pubPlace>, <publisher key="publ_0437">Br. u. Härtel</publisher> 1 Rt.</bibl>
<bibl id="hofm_1853_03_0287_02"><composer key="compo_015945">Hünten, Franç.</composer>, <title>L’Utile et l’Agréable à l’Usage des Jeunes Pianistes cont. 2 petites Etudes et 6 petits Morceaux. Op. <opus key="opus_1187">181</opus></title>. <pubPlace key="place_0392">Leipzig</pubPlace>, <publisher key="publ_0437">Br. u. Härtel</publisher> 20 Ngr.</bibl>
<bibl id="hofm_1853_03_0287_03">– <title>Fantaisie sur deux Mélodies de l’Opéra : La Croix de Marie. Op. <opus key="opus_1196">182</opus></title>. Ebend. 20 Ngr.</bibl>
<bibl id="hofm_1853_03_0287_04"><composer key="compo_016015">Immler, Chr.</composer>, <title>Neue musikalische Jugend-Bibliothek. Kleine Fantasien über beliebte Opern. No. 3. Prophet. No. 4, Lucrezia Borgia</title>. <pubPlace key="place_0386">Langensalza</pubPlace>, <publisher key="publ_3618">Schulbuchhdl</publisher>. à 10 Ngr n.</bibl>
<bibl id="hofm_1853_03_0287_05"><composer key="compo_016840">Kalliwoda, J.W.</composer>, <title>Adagio varié p. Pfte. Op. <opus key="opus_1240">187</opus></title>. <pubPlace key="place_0392">Leipzig</pubPlace>, <publisher key="publ_3023">Peters</publisher> 15 Ngr.</bibl>
<bibl id="hofm_1853_03_0287_06"><composer key="compo_019006">Krüger, W.</composer>, <title>Danse basque. Bolero. Op. <opus key="opus_0684">14</opus></title>. <pubPlace key="place_0438">Mainz</pubPlace>, <publisher key="publ_3563">Schott</publisher> 54 Xr.</bibl>
<bibl id="hofm_1853_03_0287_07"><composer key="compo_019119">Kullak, Th.</composer>, <title>Shéhérazade. 6 petits Morceaux de Salon. Op. <opus key="opus_4214">78</opus>. No. 1, Ein Mährlein. No. 2, Bajaderentanz. No. 3, Ein Selam. No. 4, Ein einsamer Schiffer. No. 5, Am Ufer des Ganges. No. 6, Ein orientalischer Traum</title>. <pubPlace key="place_0392">Leipzig</pubPlace>, <publisher key="publ_3023">Peters</publisher> à 12 Ngr.</bibl>
<bibl id="hofm_1853_03_0287_08"><composer key="compo_020320">Léfébure-Wély</composer>, <title>La Retraite militaire. Caprice de Genre. Op. <opus key="opus_3798">65</opus></title>. <pubPlace key="place_0438">Mainz</pubPlace>, <publisher key="publ_3563">Schott</publisher> 45 Xr.</bibl>
<bibl id="hofm_1853_03_0287_09">– <title>La Garde montante. Caprice de Genre. Op. <opus key="opus_4017">71</opus></title>. Ebend. 45 Xr.</bibl>
<wip id="hofm_1853_03_0287_10"><composer key="compo_021136">Liszt, F.</composer>, <title>Harmonies poétiques et religieuses. Liv. 1–7</title>. <pubPlace key="place_0392">Leipzig</pubPlace>, <publisher key="publ_2017">Kistner</publisher>. <lb/><title>Liv. 1, Invocation. Ave Maria</title>. 25 Ngr. <lb/>– <title>2, Bénédiction de Dieu dans la Solitude</title>. 25 Ngr. <lb/>– <title>3, Pensée des Morts</title>. 20 Ngr. <lb/>– <title>4, Pater noster. Hymne de l’Enfant à son reveil</title>. 20 Ngr. <lb/>– <title>5, Funerailles</title>. 25 Ngr. <lb/>– <title>6, Miserere (d’après Palestrina). Andante lagrimoso</title>. 25 Ngr. <lb/>– <title>7, Cantique d’Amour</title>. 20 Ngr.</wip>
<bibl id="hofm_1853_03_0287_11">– <title>Soirées de Vienne-Valses-Caprices d’après F. Schubert. Liv. 9</title>. <pubPlace key="place_0731">Wien</pubPlace>, <publisher key="publ_3833">Spina</publisher> 15 Ngr.</bibl>
<bibl id="hofm_1853_03_0287_12"><composer key="compo_022109">Mann, Fréd</composer>, <title>6 Esquisses musicales (La pauvre Mendiante. L’Allegresse. Chanson d’Amour. Mazourka. Romance. Désir ardent)</title>. <pubPlace key="place_0044">Berlin</pubPlace>, <publisher key="publ_0589">Challier u. Co</publisher>. 20 Ngr.</bibl>
<wip id="hofm_1853_03_0287_13"><composer key="compo_022332">Martin, K.</composer>, <title>Deutsche Weisen. 6 leichte u. gefällige Stücke. Op. <opus key="opus_2403">34</opus></title>. <pubPlace key="place_0044">Berlin</pubPlace>, <publisher key="publ_0589">Challier u. Co</publisher>. geh. 1 Rt. 10 Ngr. <lb/><title>No. 5, Abt, Die Schwalben</title>. 10 Ngr. <lb/>– <title>6, Kreipl, ’s Mailüfterl</title>. 10 Ngr.</wip>
<album id="hofm_1853_03_0287_14"><title>Meisterwerke (die deutschen) der Instrumentalmusik, f. Anfänger auf d. Pfte. Nebst Vorwort v. J.C. Lobe. 1stes Heft (<composer key="compo_013690">Haydn</composer>, Sinfonie in <key>C</key>. <composer key="compo_023884">Mozart</composer>, Sinfonie in <key>D</key>.)</title> <pubPlace key="place_0386">Langensalza</pubPlace>, <publisher key="publ_3618">Schulbuchhdl</publisher>. 15 Ngr.</album>
<bibl id="hofm_1853_03_0287_15"><composer key="compo_022904">Mendelssohn-Bartholdy, F.</composer>, <title>Sonate. Op. <opus key="opus_3565">6</opus>, in <key>E</key>. <edition>Neue Ausg</edition></title>. <pubPlace key="place_0392">Leipzig</pubPlace>, <publisher key="publ_1746">Hofmeister</publisher> 1 Rt. 5 Ngr.</bibl>
<bibl id="hofm_1853_03_0287_16"><composer key="compo_024272">Müller, W.A.</composer>, <title>Neuer musikalischer Fruchtkorb. Sammlung genussreicher Früchte zur Ergötzung. Heft 2</title>. <pubPlace key="place_0618">Schneeberg</pubPlace>, <publisher key="publ_1397">Gödsche</publisher> 22½ Ngr. n.</bibl>
<bibl id="hofm_1853_03_0287_17"><composer key="compo_024321">Münnich, R.</composer>, <title>Le Papillon. Etude caractéristique</title>. <pubPlace key="place_0731">Wien</pubPlace>, <publisher key="publ_2779">Müller</publisher> 18 Ngr.</bibl>
<bibl id="hofm_1853_03_0287_18"><composer key="compo_026846">Popp, W.</composer>, <title>L’Adieu du Pays. Fantaisie brill</title>. <pubPlace key="place_0386">Langensalza</pubPlace>, <publisher key="publ_3618">Schulbuchhdl</publisher>. 10 Ngr. n.</bibl>
<bibl id="hofm_1853_03_0287_19">– <title>Lieder ohne Worte</title>. Ebend. 10 Ngr.</bibl>
<bibl id="hofm_1853_03_0287_20"><title>Potpourris über Themen beliebter Opern. No. 113, Mendelssohn-Bartholdy, Ein Sommernachtstraum</title>. <pubPlace key="place_0392">Leipzig</pubPlace>, <publisher key="publ_0437">Br. u. Härtel</publisher> 20 Ngr.</bibl>
<pb n="288"/>
<bibl id="hofm_1853_03_0288_01"><composer key="compo_027627">Ravina, H.</composer>, <title>Rondo de Salon. Op. <opus key="opus_1881">26</opus></title>. <pubPlace key="place_0438">Mainz</pubPlace>, <publisher key="publ_3563">Schott</publisher> 1 Fl.</bibl>
<bibl id="hofm_1853_03_0288_02"><title>Répertoire de l’Opéra à Berlin. Collection de Potpourris par C. Martin. No. 27, Flotow, Indra</title>. <pubPlace key="place_0044">Berlin</pubPlace>, <publisher key="publ_0393">B. et Bock</publisher> 20 Ngr.</bibl>
<bibl id="hofm_1853_03_0288_03"><composer key="compo_031122">Schubert, Fr.</composer>, <title>7te Sonate. Op. <opus key="opus_1022">164</opus>, in <key>A</key></title>. <pubPlace key="place_0731">Wien</pubPlace>, <publisher key="publ_3833">Spina</publisher> 1 Rt.</bibl>
<bibl id="hofm_1853_03_0288_04"><composer key="compo_031182">Schulhoff, Jul.</composer>, <title>L’Ondine. Op. <opus key="opus_2458">35</opus></title>. <pubPlace key="place_0731">Wien</pubPlace>, <publisher key="publ_3833">Spina</publisher> 20 Ngr.</bibl>
<bibl id="hofm_1853_03_0288_05"><composer key="compo_031348">Schumann, G.</composer>, <title>3 Mazourkas. Op. <opus key="opus_4300">8</opus></title>. <pubPlace key="place_0044">Berlin</pubPlace>, <publisher key="publ_0393">B. et Bock</publisher> 15 Ngr.</bibl>
<bibl id="hofm_1853_03_0288_06"><composer key="compo_032263">Silas, E.</composer>, <title>Nocturne</title>. <pubPlace key="place_0731">Wien</pubPlace>, <publisher key="publ_3833">Spina</publisher> 15 Ngr.</bibl>
<bibl id="hofm_1853_03_0288_07"><composer key="compo_032710">Speidel, W.</composer>, <title>Concert-Solo (Andante u. Allegro brillant). Op. <opus key="opus_2737">4</opus></title>. <pubPlace key="place_0392">Leipzig</pubPlace>, <publisher key="publ_0437">Br. u. Härtel</publisher> 1 Rt.</bibl>
<bibl id="hofm_1853_03_0288_08"><composer key="compo_034102">Talexy, A.</composer>, <title>Fantaisie sur la Dame de Pique. Opéra de F. Halevy. Op. <opus key="opus_2347">33</opus></title>. <pubPlace key="place_0438">Mainz</pubPlace>, <publisher key="publ_3563">Schott</publisher> 1 Fl. 12 Xr.</bibl>
<bibl id="hofm_1853_03_0288_09">– <title>Grande Valse de Salon. Op. <opus key="opus_2764">40</opus></title>. Ebend. 54 Xr.</bibl>
<bibl id="hofm_1853_03_0288_10">– <title>Chants d’Autrefois. Caprice sur Souvenirs ! de V. Massé. Op. <opus key="opus_2996">45</opus></title>. Ebend. 45 Xr.</bibl>
<bibl id="hofm_1853_03_0288_11"><composer key="compo_034204">Tecio, D.N</composer>, <title>Souvenir de Romanie. 2 Polkas originales de Salon</title>. <pubPlace key="place_0731">Wien</pubPlace>, <publisher key="publ_2779">Müller</publisher> 15 Ngr.</bibl>
<bibl id="hofm_1853_03_0288_12"><composer key="compo_035758">Voss, Ch</composer>, <title>Valse de Caroline. Op. <opus key="opus_2948">44</opus></title>. <pubPlace key="place_0392">Leipzig</pubPlace>, <publisher key="publ_3023">Peters</publisher> 20 Ngr.</bibl>
<bibl id="hofm_1853_03_0288_13">– <title>Der Geliebten. Klänge aus der Ferne. Romanze. Op. <opus key="opus_2996">45</opus>. <edition>Neue Aufl</edition></title>. <pubPlace key="place_0044">Berlin</pubPlace>, <publisher key="publ_0393">B. u. Bock</publisher> 10 Ngr.</bibl>
<bibl id="hofm_1853_03_0288_14">– <title>Le Collier de Perles. Etude brill. Op. <opus key="opus_0713">140. No. 2</opus></title>. <pubPlace key="place_0392">Leipzig</pubPlace>, <publisher key="publ_3023">Peters</publisher> 20 Ngr.</bibl>
<bibl id="hofm_1853_03_0288_15">– <title>Marie. Polka-Mazurka. Op. <opus key="opus_0731">142. No. 2</opus></title>. <pubPlace key="place_0392">Leipzig</pubPlace>, <publisher key="publ_3023">Peters</publisher> 20 Ngr.</bibl>
<bibl id="hofm_1853_03_0288_16">– <title>Caractères nationales. Op. <opus key="opus_0778">147. No. 1, 2</opus></title>. <pubPlace key="place_0731">Wien</pubPlace>, <publisher key="publ_3833">Spina</publisher> à 20 Ngr. <lb/><title>No. 1, A la russe</title>. <lb/>– <title>2, A la polonaise</title>.</bibl>
<bibl id="hofm_1853_03_0288_17">– <title>Le Lion du Jour. Grand Quadrille de Bravoure. Op. <opus key="opus_0792">149</opus></title>. <pubPlace key="place_0392">Leipzig</pubPlace>, <publisher key="publ_1746">Hofmeister</publisher> 1 Rt.</bibl>
<bibl id="hofm_1853_03_0288_18"><composer key="compo_035871">Wagner, E.D.</composer>, <title>1stes Potpourri aus der Oper: Der Freischütz, v. C.M. v. Weber</title>. <pubPlace key="place_0044">Berlin</pubPlace>, <publisher key="publ_3471">Schlesinger</publisher> 20 Ngr.</bibl>
<bibl id="hofm_1853_03_0288_19"><composer key="compo_036519">Weiss, Jul.</composer>, <title>Répertoire des jeunes Pianistes. Op. <opus key="opus_1819">25. No. 1–3</opus></title>. <pubPlace key="place_0044">Berlin</pubPlace>, <publisher key="publ_0589">Challier u. Co</publisher>. à 12½ Ngr. <lb/><title>No. 1, Iphigenia in Tauris. Bouquet de Mélodies</title>. <lb/>– <title>2, Armide. Bouquet de Mélodies</title>. <lb/>– <title>3, Fidelio. Bouquet de Mélodies</title>.</bibl>
<bibl id="hofm_1853_03_0288_20"><composer key="compo_036841">Weyrauch, Anne de</composer>, <title>3 Etudes. Liv. 1</title>. <pubPlace key="place_0147">Dresden</pubPlace>, <publisher key="publ_1235">Gerster</publisher> 17½ Ngr.</bibl>
<bibl id="hofm_1853_03_0288_21"><composer key="compo_037171">Winge, O.</composer>, <title>Grande Fantaisie sur deux Airs suédois et la Marche de Bataille fav. de Charles XII. Op. <opus key="opus_2347">33</opus></title>. <pubPlace key="place_0044">Berlin</pubPlace>, <publisher key="publ_0589">Challier et Co</publisher>. 1 Rt. 10 Ngr.</bibl>
<bibl id="hofm_1853_03_0288_22">– <title>Air suédoise aus Op. <opus key="opus_2347">33</opus></title>. Ebend. 5 Ngr.</bibl>
<bibl id="hofm_1853_03_0288_23">– <title>Domare-Dansen (Pfänderspiel) aus Op. <opus key="opus_2347">33</opus></title>. Ebend. 10 Ngr.</bibl>
<bibl id="hofm_1853_03_0288_24"><composer key="compo_037491">Wolff, E.</composer>, <title>Un Conte de la Vieille. Ballade. Op. <opus key="opus_1045">167</opus></title>. <pubPlace key="place_0438">Mainz</pubPlace>, <publisher key="publ_3563">Schott</publisher> 45 Xr.</bibl>
</div><div id="hofm_1853_03_0288_div11"><head><hofClass key="hofCl_0273">Ouverturen für das Pianoforte.</hofClass></head>
<bibl id="hofm_1853_03_0288_25"><composer key="compo_021557">Lwoff, A. v.</composer>, <title>Ouverture zur Oper: Undine, die Tochter der Wellen, arr. v. H. Proch</title>. <pubPlace key="place_0731">Wien</pubPlace>, <publisher key="publ_3833">Spina</publisher> 15 Ngr.</bibl>
</div><div id="hofm_1853_03_0288_div12"><head><hofClass key="hofCl_0288">Tänze für das Pianoforte.</hofClass></head>
<bibl id="hofm_1853_03_0288_26"><composer key="compo_000052">Abrányi, K.</composer>, <title>10 Csárdás</title>. <pubPlace key="place_0731">Wien</pubPlace>, <publisher key="publ_3833">Spina</publisher> 15 Ngr.</bibl>
<bibl id="hofm_1853_03_0288_27"><composer key="compo_000775">Apel, A.</composer>, <title>Rosa-Polka</title>. <pubPlace key="place_0280">Hannover</pubPlace>, <publisher key="publ_2808">Nagel</publisher> 10 Ngr.</bibl>
<bibl id="hofm_1853_03_0288_28"><title>Ballabend (der). Album f. Tanzmusik. 10ter Jahrg</title>. <pubPlace key="place_0044">Berlin</pubPlace>, <publisher key="publ_0589">Challier u. Co</publisher>. 11¼ Ngr. *n.</bibl>
<pb n="289"/>
<bibl id="hofm_1853_03_0289_01"><composer key="compo_002620">Berner, L.</composer>, <title>Augusten-Polka</title>. <pubPlace key="place_0674">Teterow</pubPlace>, <publisher key="publ_4063">Topp</publisher> 5 Ngr.</bibl>
<bibl id="hofm_1853_03_0289_02">– <title>Gruss an 1853. Masurka</title>. <pubPlace key="place_0485">Neubrandenburg</pubPlace>, <publisher key="publ_0479">Brünslow</publisher> 5 Ngr.</bibl>
<bibl id="hofm_1853_03_0289_03"><composer key="compo_004997">Böhner, L.</composer>, <title>Walzer</title>. <pubPlace key="place_0386">Langensalza</pubPlace>, <publisher key="publ_3618">Schulbuchhdl</publisher>. 7½ Ngr. n.</bibl>
<bibl id="hofm_1853_03_0289_04"><composer key="compo_004188">Breiter, J.</composer>, <title>Erinnerung an Malantha. Körtáncz</title>. <pubPlace key="place_0731">Wien</pubPlace>, <publisher key="publ_2779">Müller</publisher> 10 Ngr.</bibl>
<bibl id="hofm_1853_03_0289_05"><composer key="compo_004710">Burgmüller, Fr.</composer>, <title>Galathée. Valse-Mazourke, sur l’Opéra de V. Massé</title>. <pubPlace key="place_0438">Mainz</pubPlace>, <publisher key="publ_3563">Schott</publisher> 27 Xr.</bibl>
<bibl id="hofm_1853_03_0289_06"><composer key="compo_006471">Daniele, Gius.</composer>, <title>Schottisch et Polka-Mazourka sur l’Opéra : Linda di Chamounix, de Donizetti</title>. <pubPlace key="place_0438">Mainz</pubPlace>, <publisher key="publ_3563">Schott</publisher> à 27 Xr.</bibl>
<bibl id="hofm_1853_03_0289_07"><composer key="compo_007599">Duvernoy, J.B.</composer>, <title>Maïssa. Polka-Mazurka</title>. <pubPlace key="place_0392">Leipzig</pubPlace>, <publisher key="publ_0437">Br. u. Härtel</publisher> 5 Ngr.</bibl>
<bibl id="hofm_1853_03_0289_08">– <title>Nelida. Schottisch</title>. Ebend. 5 Ngr.</bibl>
<bibl id="hofm_1853_03_0289_09"><composer key="compo_008342">Engel, L.</composer>, <title>La Tempête. Quadrille. Op. <opus key="opus_1661">23</opus></title>. <pubPlace key="place_0731">Wien</pubPlace>, <publisher key="publ_3833">Spina</publisher> 10 Ngr.</bibl>
<bibl id="hofm_1853_03_0289_10">– <title>Satanella-Quadrille. Op. <opus key="opus_1731">24</opus></title>. Ebend. 10 Ngr.</bibl>
<bibl id="hofm_1853_03_0289_11"><composer key="compo_008808">Fahrbach, Ph.</composer>, <title>Die Exponenten. Walzer. Op. <opus key="opus_0641">136</opus></title>. <pubPlace key="place_0731">Wien</pubPlace>, <publisher key="publ_3833">Spina</publisher> 15 Ngr.</bibl>
<bibl id="hofm_1853_03_0289_12">– <title>Erotische Tanzblüthen. Walzer. Op. <opus key="opus_0651">137</opus></title>. Ebend. 15 Ngr.</bibl>
<bibl id="hofm_1853_03_0289_13">– <title>Die Prasser. Walzer. Op. <opus key="opus_0658">138</opus></title>. Ebend. 15 Ngr.</bibl>
<bibl id="hofm_1853_03_0289_14">– <title>Trennungs-Polka. Op. <opus key="opus_0666">139</opus></title>. Ebend. 5 Ngr.</bibl>
<bibl id="hofm_1853_03_0289_15">– <title>Goldfischlein. Walzer. Op. <opus key="opus_0727">142</opus></title>. Ebend. 15 Ngr.</bibl>
<bibl id="hofm_1853_03_0289_16">– <title>Oesterreichische Harmonie-Quadrille. Op. <opus key="opus_0738">143</opus></title>. Ebend. 15 Ngr.</bibl>
<bibl id="hofm_1853_03_0289_17"><title>Fleischhauer-Polka</title>. <pubPlace key="place_0731">Wien</pubPlace>, <publisher key="publ_3833">Spina</publisher> 7½ Ngr.</bibl>
<bibl id="hofm_1853_03_0289_18"><composer key="compo_009542">Flotow, F. v.</composer>, <title>Ballet aus der Oper: Indra (No. 22)</title>. <pubPlace key="place_0044">Berlin</pubPlace>, <publisher key="publ_0393">B. u. Bock</publisher> 12½ Ngr.</bibl>
<bibl id="hofm_1853_03_0289_19"><composer key="compo_011966">Greiff, L.</composer>, <title>Erstlings-Blüthe Polka. Op. <opus key="opus_0001">1</opus></title>. <pubPlace key="place_0147">Dresden</pubPlace>, <publisher key="publ_1236">Gerster u. Co</publisher>. 2½ Ngr.</bibl>
<bibl id="hofm_1853_03_0289_20">– <title>Alpenglühen. Tyrolienne. Op. <opus key="opus_2116">3</opus></title>. Ebend. 5 Ngr.</bibl>
<bibl id="hofm_1853_03_0289_21"><composer key="compo_012525">Gung’l, Jos.</composer>, <title>Minuit passé. Quadrille. Op. <opus key="opus_0182">107</opus></title>. <pubPlace key="place_0044">Berlin</pubPlace>, <publisher key="publ_0393">B. u. Bock</publisher> 10 Ngr.</bibl>
<bibl id="hofm_1853_03_0289_22">– <title>Camelia-Mazurka. Op. <opus key="opus_0216">109</opus></title>. Ebend. 7½ Ngr.</bibl>
<bibl id="hofm_1853_03_0289_23"><composer key="compo_012774">Güth, J.L.</composer>, <title>Freundschaftsklänge. Walzer</title>. <pubPlace key="place_0241">Gotha</pubPlace>, <publisher key="publ_2047">Klett</publisher> 12½ Ngr.</bibl>
<bibl id="hofm_1853_03_0289_24"><composer key="compo_015840">Hönncher</composer>, <title>Tyrolienne No. 1</title>. <pubPlace key="place_0496">Neustadt a. O</pubPlace>., <publisher key="publ_4248">Wagner</publisher> 10 Ngr.</bibl>
<bibl id="hofm_1853_03_0289_25"><composer key="compo_016015">Immler, Chr.</composer>, <title>Erholungsstunden. Eine Auswahl ansprechender Tänze u. Märsche von verschied. Componisten. 2tes Heft</title>. <pubPlace key="place_0386">Langensalza</pubPlace>, <publisher key="publ_3618">Schulbuchhdl</publisher>. 10 Ngr. n.</bibl>
<bibl id="hofm_1853_03_0289_26"><composer key="compo_019654">Labitzky, Jos.</composer>, <title>Frühlingslieder. Walzer. Op. <opus key="opus_1437">204</opus></title>. <pubPlace key="place_0392">Leipzig</pubPlace>, <publisher key="publ_1746">Hofmeister</publisher> 15 Ngr.</bibl>
<bibl id="hofm_1853_03_0289_27">– <title>Ball-Sträusschen. Sammlung beliebter Tänze im leichtesten Arrangement. Heft 89, Frühlingslieder</title>. Ebend. 10 Ngr.</bibl>
<bibl id="hofm_1853_03_0289_28"><composer key="compo_022162">Marcailhou, G.</composer>, <title>La Danse des Roses. Polka-Redowa</title>. <pubPlace key="place_0438">Mainz</pubPlace>, <publisher key="publ_3563">Schott</publisher> 27 Xr.</bibl>
<bibl id="hofm_1853_03_0289_29">– <title>Le Goût du Jour. 2 Polka-Mazurkas</title>. <pubPlace key="place_0438">Mainz</pubPlace>, <publisher key="publ_3563">Schott</publisher> 27 Xr.</bibl>
<bibl id="hofm_1853_03_0289_30"><composer key="compo_022373">Marx, H.</composer>, <title>Juliette. Polka</title>. <pubPlace key="place_0392">Leipzig</pubPlace>, <publisher key="publ_3023">Peters</publisher> 7½ Ngr.</bibl>
<bibl id="hofm_1853_03_0289_31">– <title>Lilia. Redowa</title>. Ebend. 7½ Ngr.</bibl>
<wip id="hofm_1853_03_0289_32"><composer key="compo_024153">Müller, Ad.</composer>, <title>Das Mädchen von der Spule. Charakterbild v. C. Elmar</title>. <pubPlace key="place_0731">Wien</pubPlace>, <publisher key="publ_3833">Spina</publisher>. <lb/><title>No. 4, Surr surr Quadrille</title>. 10 Ngr. <lb/>– <title>5, Gärtnertanz</title>. 10 Ngr.</wip>
<bibl id="hofm_1853_03_0289_33"><composer key="compo_026663">Plitt, Agathe</composer>, <title>3 Mazurka</title>. <pubPlace key="place_0044">Berlin</pubPlace>, <publisher key="publ_0589">Challier u. Co</publisher>. 10 Ngr.</bibl>
<bibl id="hofm_1853_03_0289_34"><composer key="compo_027670">Rechenberg, E.</composer>, <title>Schottische Johanna-Polka</title>. <pubPlace key="place_0044">Berlin</pubPlace>, <publisher key="publ_4370">Westphal</publisher> 2½ Ngr.</bibl>
<bibl id="hofm_1853_03_0289_35"><composer key="compo_028114">Ressel, A.W.</composer>, <title>Vexir-Polka. Op. <opus key="opus_0021">10</opus></title>. <pubPlace key="place_0044">Berlin</pubPlace>, <publisher key="publ_0393">B. u. Bock</publisher> 5 Ngr.</bibl>
<bibl id="hofm_1853_03_0289_36"><composer key="compo_031110">Schubert, C.</composer>, <title>La Foire de Beaucaire. Quadrille brill. Op. <opus key="opus_1045">167</opus></title>. <pubPlace key="place_0438">Mainz</pubPlace>, <publisher key="publ_3563">Schott</publisher> 36 Xr.</bibl>
<bibl id="hofm_1853_03_0289_37">– <title>Paris qui dort. Quadrille élégant. Op. <opus key="opus_1051">168</opus></title>. Ebend. 36 Xr.</bibl>
<bibl id="hofm_1853_03_0289_38">– <title>Les Colombes messagères. Nouvelle Suite de Valses. Op. <opus key="opus_1060">169</opus></title>. Ebend. 1 Fl.</bibl>
<bibl id="hofm_1853_03_0289_39">– <title>N’effeuillez pas les Roses. Nouvelle Redowa</title>. <pubPlace key="place_0438">Mainz</pubPlace>, <publisher key="publ_3563">Schott</publisher> 27. Xr.</bibl>
<pb n="290"/>
<bibl id="hofm_1853_03_0290_01"><composer key="compo_032604">Sommerlatt, B.</composer>, <title>Wilhelminen-Walzer. Op. <opus key="opus_1165">18</opus></title>. <pubPlace key="place_0280">Hannover</pubPlace>, <publisher key="publ_2808">Nagel</publisher> 12½ Ngr.</bibl>
<bibl id="hofm_1853_03_0290_02">– <title>Zech-Galopp. Op. <opus key="opus_1271">19</opus></title>. Ebend. 6¼ Ngr.</bibl>
<bibl id="hofm_1853_03_0290_03">– <title>Sehnsuchts-Polka. Op. <opus key="opus_1390">20</opus></title>. Ebend. 5 Ngr.</bibl>
<bibl id="hofm_1853_03_0290_04"><composer key="compo_033569">Strauss, Joh.</composer>, <title>Volkssänger. Walzer. Op. <opus key="opus_0376">119</opus></title>. <pubPlace key="place_0731">Wien</pubPlace>, <publisher key="publ_1506">Haslinger</publisher> 15 Ngr.</bibl>
<bibl id="hofm_1853_03_0290_05">– <title>Nocturne-Quadrille. Op. <opus key="opus_0409">120</opus></title>. Ebend. 10 Ngr.</bibl>
<bibl id="hofm_1853_03_0290_06">– <title>Zehner-Polka. Op. <opus key="opus_0427">121</opus></title>. Ebend. 8 Ngr.</bibl>
<bibl id="hofm_1853_03_0290_07"><composer key="compo_033930">Swoboda, F.W.</composer>, <title>Bräutigams-Sprünge. Polka</title>. <pubPlace key="place_0554">Prag</pubPlace>, <publisher key="publ_1729">Hoffmann</publisher> 15 Xr.</bibl>
<bibl id="hofm_1853_03_0290_08">– <title>Momente aus dem Leben einer Dame. Walzer</title>. Ebend. 30 Xr.</bibl>
<bibl id="hofm_1853_03_0290_09"><composer key="compo_034103">Talexy, Ad</composer>, <title>Balbina. Schottisch</title>. <pubPlace key="place_0438">Mainz</pubPlace>, <publisher key="publ_3563">Schott</publisher> 36 Xr.</bibl>
<bibl id="hofm_1853_03_0290_10">– <title>Leonara. Polka-Mazurka</title>. Ebend. 45 Xr.</bibl>
<bibl id="hofm_1853_03_0290_11"><composer key="compo_035994">Waldmüller, Ferd.</composer>, <title>Satanella. Satan-Quadrille. Op. <opus key="opus_4687">96</opus></title>. Mit color. Vign. <pubPlace key="place_0731">Wien</pubPlace>, <publisher key="publ_4456">Witzendorf</publisher> 12½ Ngr.</bibl>
</div><div id="hofm_1853_03_0290_div13"><head><hofClass key="hofCl_0250">Märsche für das Pianoforte.</hofClass></head>
<bibl id="hofm_1853_03_0290_12"><composer key="compo_013156">Hamm, J.V.</composer>, <title>Kissinger Bad-Saison. Beliebte Märsche. No. 30, 31</title>. <pubPlace key="place_0438">Mainz</pubPlace>, <publisher key="publ_3563">Schott</publisher> à 18 Xr. <lb/><title>No. 30, Marsch: Der Zigeunerbub im Norden, v. Reissiger</title>. <lb/>– <title>31, Marsch über das Lied: ’s Mailüfterl</title>.</bibl>
<bibl id="hofm_1853_03_0290_13"><composer key="compo_027670">Rechenberg, E.</composer>, <title>Jubel-Einzugs-Marsch zu Ehren der Ankunft des Kaisers Franz-Joseph von Oesterreich in Berlin. Op. <opus key="opus_2131">30</opus></title>. <pubPlace key="place_0044">Berlin</pubPlace>, <publisher key="publ_4370">Westphal</publisher> 5 Ngr.</bibl>
<bibl id="hofm_1853_03_0290_14"><composer key="compo_037171">Winge, Otto</composer>, <title>Marche de Bataille de Charles XII, aus Op. <opus key="opus_2347">33</opus></title>, <pubPlace key="place_0044">Berlin</pubPlace>, <publisher key="publ_0589">Challier u. Co</publisher>. 5 Ngr.</bibl>
<bibl id="hofm_1853_03_0290_15"><composer key="compo_037354">Witwicki, J.</composer>, <title>Marche aux pas redoublés</title>. <pubPlace key="place_0392">Leipzig</pubPlace>, <publisher key="publ_3023">Peters</publisher> 5 Ngr.</bibl>
</div><div id="hofm_1853_03_0290_div14"><head><hofClass key="hofCl_0072">Lehrbücher für das Pianoforte.</hofClass></head>
<bibl id="hofm_1853_03_0290_16"><composer key="compo_001206">Bach, C.Ph.E</composer>, <title>Versuch über die wahre Art das Clavier zu spielen. Im Gewande u. nach d. Bedürfnissen unserer Zeit herausgegeben v. G. Schilling. 3te u. 4te Lief</title>. 8vo. <pubPlace key="place_0044">Berlin</pubPlace>, <publisher key="publ_1322">Grieben</publisher> geh. 20 Ngr. n.</bibl>
<bibl id="hofm_1853_03_0290_17"><composer key="compo_016015">Immler, Chr.</composer>, <title>Praktische Kinder-Clavierschule. 1ster Theil. Leichte Stücke zu 4 Händen. <edition>2te verb. Aufl</edition></title>. <pubPlace key="place_0386">Langensalza</pubPlace>, <publisher key="publ_3618">Schulbuchhdl</publisher>. 22½ Ngr.</bibl>
</div><div id="hofm_1853_03_0290_div15"><head><hofClass key="hofCl_0225">Musik für die Orgel.</hofClass></head>
<bibl id="hofm_1853_03_0290_18"><composer key="compo_003378">Blägel</composer>, <title>100 kurze Orgelsätze in den gebr. Tonarten, als Einleitungen f. d. Mittel- u. Schlussgesänge f. d. evang. Gottesdienst</title>. <pubPlace key="place_0184">Essen</pubPlace>, <publisher key="publ_0533">Bädecker</publisher> 12 Ngr.</bibl>
<bibl id="hofm_1853_03_0290_19"><composer key="compo_019466">Körner, G.W.</composer>, <title>Der vollkommene Organist, oder Mustersammlung der verschiedenartigsten Orgel-Compositionen älterer u. neuerer Zeit. 3ter Band (v. Töpfer, Siebeck u. A.)</title> 4to. <pubPlace key="place_0181">Erfurt</pubPlace>, <publisher key="publ_2240">Körner</publisher> geh. 1 Rt. *n.</bibl>
<bibl id="hofm_1853_03_0290_20">– <title>Postludien-Buch, oder Sammlung von grösstentheils leichten Nachspielen der bekannt. u. gangb. Dur-n. Moll-Tonarten. 4ter Band (v. Schönfelder, Trutschel u. A.)</title> 4to. Ebend. 1 Rt. *n.</bibl>
<bibl id="hofm_1853_03_0290_21"><composer key="compo_019524">Kühmstedt, F.</composer>, <title>Polyhymnia. Bearbeitungen der gebr. Choräle zum Studium u. kirchl. Gebrauch f. angehende Organisten. Op. <opus key="opus_2187">31</opus>. Heft 3, 4. Wer nur den lieben Gott</title>. 4to. <pubPlace key="place_0181">Erfurt</pubPlace>, <publisher key="publ_2240">Körner</publisher> 10 Ngr. *n.</bibl>
<pb n="291"/>
</div><div id="hofm_1853_03_0291_div16"><head><hofClass key="hofCl_0068">Kirchenmusik.</hofClass></head>
<bibl id="hofm_1853_03_0291_01"><composer key="compo_001225">Bach, J.S.</composer>, <title>Auswahl a. d. Choralgesängen u. geistlichen Arien in Stimmen, herausg. v. L. Erk. Lief. 3</title>. 8vo. <pubPlace key="place_0392">Leipzig</pubPlace>, <publisher key="publ_3023">Peters</publisher> 20 Ngr.</bibl>
<bibl id="hofm_1853_03_0291_02"><composer key="compo_003217">Bleicher, J.</composer>, <title>Friedhofsklänge. Sammlung von 52 vierstimmigen Männerchören zum Gebr. bei Trauerfeierlichkeiten</title>. 16mo. <pubPlace key="place_0662">Stuttgart</pubPlace>, <publisher key="publ_2669">Metzler</publisher> geh. 16 Ngr. n.</bibl>
<bibl id="hofm_1853_03_0291_03"><composer key="compo_003789">Bortniansky</composer>, <title>Gloria in Excelsis (Ehre sei Gott) f. 4 Singst. <format>Part</format></title>. (Musica sacra No. 37). <pubPlace key="place_0044">Berlin</pubPlace>, <publisher key="publ_3471">Schlesinger</publisher> 7½ Ngr.</bibl>
<bibl id="hofm_1853_03_0291_04"><composer key="compo_004161">Bree, J.B. van</composer>, <title>Psalm 84 (holländischer Text) f. Solo, Chor u. Orch. <format>Clavierauszug</format></title>. <pubPlace key="place_0011">Amsterdam</pubPlace>, <publisher key="publ_4027">Theune u. Co</publisher>. geh. 4½ Fl.</bibl>
<bibl id="hofm_1853_03_0291_05"><composer key="compo_007352">Dresel, A.</composer>, <title>Choräle (darunter einige rhythmische) u. einige andere geistliche Gesänge f. Männergesanvereine. 2tes Heft</title>. qu.-4. <pubPlace key="place_0402">Lemgo</pubPlace>, <publisher key="publ_2681">Meyer</publisher> 10 Ngr. n.</bibl>
<bibl id="hofm_1853_03_0291_06"><title>Hauschoralbuch. Alte u. neue Choralgesänge mit vierstimmigen Harmonien u. mit Texten. <edition>3te verb. Aufl</edition>. 1ste Lief</title>. gr.-8. <pubPlace key="place_0265">Gütersloh</pubPlace>, <publisher key="publ_0285">Bertelsmann</publisher> geh. 7½ Ngr. n.</bibl>
<bibl id="hofm_1853_03_0291_07"><composer key="compo_014535">Hertzsprung, E.W.</composer>, <title>Evangelische Choräle mit Text. 3 Hefte. <edition>2te Aufl</edition></title>. 8. <pubPlace key="place_0044">Berlin</pubPlace>, <publisher key="publ_1590">Hempel</publisher> 7½ Ngr. *n.</bibl>
<bibl id="hofm_1853_03_0291_08"><composer key="compo_017909">Knaut, C.</composer>, <title>Schul-Choralbuch</title>. qu.-4. <pubPlace key="place_0728">Werningerode</pubPlace> (<pubPlace key="place_0274">Halberstadt</pubPlace>, <publisher key="publ_1084">Frantz</publisher>) geh. 3 Ngr. *n.</bibl>
<bibl id="hofm_1853_03_0291_09"><composer key="compo_018615">Krauss, Fr.</composer>, <title>42 rhythmische Choräle der evang. Kirche. aus dem 16. u. 17. Jahrh., nach Faisst f. 4 Männerst. bearb</title>. gr.-8. <pubPlace key="place_0662">Stuttgart</pubPlace>, <publisher key="publ_2669">Metzler</publisher> geh. 8 Ngr. n.</bibl>
<bibl id="hofm_1853_03_0291_10"><composer key="compo_034961">Tschirch, W.</composer>, <title>Lasst uns singen von der Gnade des Herrn. Leicht ausführb. Kirchenmusik f. gemischten Chor m. kl. Orch. (No. 4). Op. <opus key="opus_1802">25</opus></title>. <pubPlace key="place_0621">Schweidnitz</pubPlace>, <publisher key="publ_4310">Weigmann</publisher> 22½ Ngr. n.</bibl>
<bibl id="hofm_1853_03_0291_11"><composer key="compo_035416">Verhulst, J.J.H.</composer>, <title>Der 145ste Psalm (Ich will dich erhöhen) f. Solostimmen, Chor u. Orch. <format>Clavierauszug</format>. Op. <opus key="opus_2996">45</opus></title>. <pubPlace key="place_0011">Amsterdam</pubPlace>, <publisher key="publ_4027">Theune u. Co</publisher>. geh. 5 Fl. 50 cts.</bibl>
<wip id="hofm_1853_03_0291_12"><composer key="compo_035537">Viotta, J.J.</composer>, <title>6 Cantica sub elevatione cum Organo conductione</title>. <pubPlace key="place_0011">Amsterdam</pubPlace>, <publisher key="publ_4027">Theune u. Co</publisher>. <lb/><title>No. 1, O quam suavis, p. 2 Ten. e Basso</title>. 80 cts. <lb/>– <title>2, Ecce panis, p. Tenore solo</title>. 50 cts. <lb/>– <title>3, Jesu dulcis memoria, p. Basso solo</title>. 80 cts. <lb/>– <title>4, Ave verum, p. Tenore solo</title>. 60 cts. <lb/>– <title>5, O salutaris Hostia, p. 2 Tenore</title>. 80 cts. <lb/>– <title>6, Adoro te, p. 2 Ten. e 2 Bassi</title>. 1 Fl.</wip>
<bibl id="hofm_1853_03_0291_13">– <title>Libera me Domine. Responsorium a Basso solo, 3 vocibus virilibus cum Organo cond. <format>Part. u. Stimmen</format></title>. <pubPlace key="place_0011">Amsterdam</pubPlace>, <publisher key="publ_4027">Theune u. Co</publisher>. 1 Fl. 70 cts.</bibl>
<bibl id="hofm_1853_03_0291_14"><composer key="compo_037138">Wilsing, F.E.</composer>, <title>De Profundis. Psalmum CXXIX canendum ad plenam symphoniam sedecim per quatuor choros vocum concentu. <format>Part</format></title>. <pubPlace key="place_0044">Berlin</pubPlace>, <publisher key="publ_3471">Schlesinger</publisher> geh. 15 Rt. n.</bibl>
</div><div id="hofm_1853_03_0291_div17"><head><hofClass key="hofCl_0021">Gesangstücke für Concertmusik mit Begleitung mehrerer Instrumente.</hofClass></head>
<bibl id="hofm_1853_03_0291_15"><composer key="compo_027077">Proch, H.</composer>, <title>Der blinde Geiger. Scene f. eine Singst. mit obl. Violine u. Pfte. Op. <opus key="opus_1128">175</opus></title>. <pubPlace key="place_0731">Wien</pubPlace>, <publisher key="publ_3833">Spina</publisher> 20 Ngr.</bibl>
</div><div id="hofm_1853_03_0291_div18"><head><hofClass key="hofCl_0102">Mehrstimmige Gesänge mit und ohne Pianoforte.</hofClass></head>
<bibl id="hofm_1853_03_0291_16"><composer key="compo_001806">Baumann, A.</composer>, <title>Gebirgs-Bleameln</title>. Siehe: <xref type="external" from="hofm_1853_03_0293_05" to="DITTO" targOrder="U">Gesänge f. eine Singst. m. Pfte</xref>.</bibl>
<pb n="292"/>
<bibl id="hofm_1853_03_0292_01"><composer key="compo_002686">Bertelsmann, G.A.</composer>, <title>3 Gesänge f. Sopran, 2 Tenöre u. 2 Bässe. <format>Part. u. St</format>. (Wandrers Nachtlied. Im Walde. Frühlingsahnung)</title>. 8. <pubPlace key="place_0011">Amsterdam</pubPlace>, <publisher key="publ_4027">Theune u. Co</publisher>. 1 Fl. 70 cts.</bibl>
<bibl id="hofm_1853_03_0292_02"><composer key="compo_002964">Biermann, A.</composer>, <title>Melodien zum kleinen Liederfreund. Auswahl von 100 der schönsten Schullieder</title>. 16mo. <pubPlace key="place_0477">Münster</pubPlace>, <publisher key="publ_0112">Aschendorff</publisher> 4 Ngr. n. (Textbuch 2 Ngr. *n.)</bibl>
<bibl id="hofm_1853_03_0292_03"><composer key="compo_004050">Brandts-Buys, C.A.</composer>, <title>4 Lieder f. vierst. Männerchor. <format>Part. u. St</format>. (Abendlied. Morgenlied Arbeitsamkeit. Abendlied)</title>. 8. <pubPlace key="place_0011">Amsterdam</pubPlace>, <publisher key="publ_4027">Theune u. Co</publisher>. 1 Fl. 50 cts.</bibl>
<bibl id="hofm_1853_03_0292_04"><composer key="compo_008672">Euken, J.A. van</composer>, <title>Die beiden Engel. Duett f. Sopran u. Bass m. Pfte. Op. <opus key="opus_4300">8</opus></title>. <pubPlace key="place_0011">Amsterdam</pubPlace>, <publisher key="publ_4027">Theune u. Co</publisher>. 80 cts.</bibl>
<wip id="hofm_1853_03_0292_05"><composer key="compo_011642">Goltermann, G.</composer>, <title>3 Duetten f. 2 Singst. m. Pfte. Op. <opus key="opus_1271">19</opus></title>. <pubPlace key="place_0280">Hannover</pubPlace>, <publisher key="publ_2808">Nagel</publisher> 22½ Ngr. <lb/><title>No. 1, Waldeslied aus Amaranth</title>. 7½ Ngr. <lb/>– <title>2, Nur dich allein, v. Geibel</title>. 10 Ngr. <lb/>– <title>3, Die schwere Hand, v. Lenau</title>. 12½ Ngr.</wip>
<wip id="hofm_1853_03_0292_06"><composer key="compo_012313">Grädener, C.G.P.</composer>, <title>8 vierstimmige Lieder f. gemischten Chor (od. Solo-Quartett). Op. <opus key="opus_4300">8</opus>. <format>Part. u. St</format></title>. 8vo. <pubPlace key="place_0392">Leipzig</pubPlace>, <publisher key="publ_0437">Br. u. Härtel</publisher>. <lb/><title>Heft 1, Lebe wohl. Scheiden und Meiden. In der Ferne. Morgenlied</title>. 20 Ngr. <lb/>– <title>2, Irrwischsang. Heimweh. Schwert. Nachtreise</title>. 1 Rt.</wip>
<bibl id="hofm_1853_03_0292_07"><composer key="compo_025615">Paesschen, P.J. van</composer>, <title>Jeanette-Polka f. Männerchor. <format>Part. u. St</format></title>. <pubPlace key="place_0011">Amsterdam</pubPlace>, <publisher key="publ_4027">Theune u. Co</publisher>. 1 Fl. 40 cts.</bibl>
<album id="hofm_1853_03_0292_08"><title>Preislieder (3) gekrönt im Compositions-Kampfe am 1. August 1852 zu Düsseldorf. <composer key="compo_005018">Bönicke, H.</composer>, Im Weinhaus. <composer key="compo_008823">Faist, J.</composer>, Lebewohl. <composer key="compo_035366">Veit, W.H.</composer>, Käfer und Blume, f. 4 Männerst. <format>Part. u. St</format></title>. 8vo. <pubPlace key="place_0438">Mainz</pubPlace>, <publisher key="publ_3563">Schott</publisher> 1 Fl. 48 Xr.</album>
<bibl id="hofm_1853_03_0292_09"><composer key="compo_027031">Preyer, G.</composer>, <title>Die Königin der Heerschaaren. Gedicht v. G. Görres, f. Männerchor mit Solo-Quartett. Op. <opus key="opus_3586">60</opus>. <format>Part. u. St</format></title>. <pubPlace key="place_0731">Wien</pubPlace>, <publisher key="publ_3833">Spina</publisher> 1 Rt.</bibl>
<bibl id="hofm_1853_03_0292_10"><composer key="compo_031584">Schäffer, Aug.</composer>, <title>Die kluge Hausfrau. Komisches Duett f. 2 Singst. m. Pfte. Op. <opus key="opus_2948">44</opus></title>. <pubPlace key="place_0044">Berlin</pubPlace>, <publisher key="publ_3471">Schlesinger</publisher> 22½ Ngr.</bibl>
<bibl id="hofm_1853_03_0292_11"><composer key="compo_031268">Schulz, Jos.</composer>, <title>6 heitere Lieder f. 4 Männerst. Op. <opus key="opus_1271">19</opus>. <format>Part. u. St</format>. (Der sterbende Zecher. Liebchens Wohnort. Mein’ Kehl’ ist wie der Ocean. In vino verstas. Ständchen. Die Heimath)</title>. 8. <pubPlace key="place_0275">Halle</pubPlace>, <publisher key="publ_1953">Karmrodt</publisher> 1 Rt.</bibl>
<bibl id="hofm_1853_03_0292_12"><composer key="compo_034469">Thomas, A.</composer>, <title>Der Gesang der Freunde (Le Chant des Amis). Chor f. 4 Männerst. <format>Part. u. St</format></title>. 8vo. <pubPlace key="place_0438">Mainz</pubPlace>, <publisher key="publ_3563">Schott</publisher> 1 Fl. 12 Xr.</bibl>
<bibl id="hofm_1853_03_0292_13"><composer key="compo_034961">Tschirch, W.</composer>, <title>20 zweistimmige Gesänge zum Gebr. in den oberen Schulklassen. Op. <opus key="opus_1731">24</opus></title>. <pubPlace key="place_0621">Schweidnitz</pubPlace>, <publisher key="publ_4310">Weigmann</publisher> geh. 7½ Ngr. n.</bibl>
<bibl id="hofm_1853_03_0292_14"><composer key="compo_035416">Verhulst, J.J.H.</composer>, <title>Afscheid. Afzijn. Wederzien, f. Sopran u. Tenor m. Pfte. Op. <opus key="opus_0684">14</opus></title>. <pubPlace key="place_0011">Amsterdam</pubPlace>, <publisher key="publ_4027">Theune u. Co</publisher>. 2 Fl. 70 cts.</bibl>
<bibl id="hofm_1853_03_0292_15">– <title>Bruidfeest Bloemen. Duett f. Sopran u. Tenor m. Pfte (od. f. Pfte allein)</title>. <pubPlace key="place_0011">Amsterdam</pubPlace>, <publisher key="publ_4027">Theune u. Co</publisher>. 1 Fl. 35 cts.</bibl>
<bibl id="hofm_1853_03_0292_16"><composer key="compo_035695">Volkmann</composer>, <title>Deutscher Liederkranz. Auswahl volksthümlicher Lieder f. Schule u. Haus. 2tes Heft, 82 zwei- u. dreistimmige Lieder</title>. 8. <pubPlace key="place_0019">Arnsberg</pubPlace>, <publisher key="publ_1345">Grote</publisher> 5 Ngr. *n.</bibl>
<wip id="hofm_1853_03_0292_17"><composer key="compo_038339">Zöllner, A.</composer>, <title>Das Lied. Gedicht v. Ph.H. Welker, f. Männerchor</title>. <format>Partitur</format> (9 Ngr. n.) <format>Stimmen</format> (10 Ngr. n.) <pubPlace key="place_0448">Meiningen</pubPlace>, <publisher key="publ_0476">Brückner u. Renner</publisher>.</wip>
</div><div id="hofm_1853_03_0292_div19"><head><hofClass key="hofCl_0268">Opernmusik mit Pianofortebegleitung.</hofClass></head>
<bibl id="hofm_1853_03_0292_18"><composer key="compo_002199">Bellini</composer>, <title>La Straniera. Arie (Mezzo-Sopr.) Meco tu vieni (Komme mit mir)</title>. <pubPlace key="place_0044">Berlin</pubPlace>, <publisher key="publ_3471">Schlesinger</publisher> 5 Ngr.</bibl>
<pb n="293"/>
<wip id="hofm_1853_03_0293_01"><composer key="compo_009542">Flotow, F. v.</composer>, <title>Indra. Romantische Oper in 3 Acten v. G. zu Putlitz. <format>Vollst. Clavier-Auszug</format> v. F. Brissler</title>. <pubPlace key="place_0044">Berlin</pubPlace>, <publisher key="publ_0393">B. u. Bock</publisher> geh. 10 Rt. <lb/><title>No. 1, Intr., Lied u. Arie: Singet, trinket!</title> 25 Ngr. <lb/>– <title>1 A, Lied (Ten.) Steht an des Tajos Strande</title>. 7½ Ngr. <lb/>– <title>1 B, Arie (Sopr.) Die Palme schwankt</title>. 15 Ngr.<lb/> – <title>2, Sc. u. Heimwehlied (Bass) Welch’ wunderbares Weib</title>. 15 Ngr.<lb/> – <title>2A, Heimwehlied (Sopr.) Wenn die Nacht</title>. 10 Ngr.<lb/> <lb/>– <title>3, Rec. u. Arie (Sopr.) Mir nicht, ihr Herrn</title>. 22½ Ngr. <lb/>– <title>7A, Romanze (Sopr.) Es lebt in jedem Munde</title>. 7½ Ngr. <lb/>– <title>15A, Ballade (Sopr.) Wisst ihr wovon</title>. 15 Ngr.</wip>
<wip id="hofm_1853_03_0293_02"><composer key="compo_024153">Müller, Ad.</composer>, <title>Das Mädchen von der Spule. Charakterbild von C. Elmar</title>. <pubPlace key="place_0731">Wien</pubPlace>, <publisher key="publ_3833">Spina</publisher>. <lb/><title>No. 1, Spulenlied: Wie’s Radel sich schwingt</title>. 10 Ngr. <lb/>– <title>2, Couplet: ’s hat ein Schusterbub</title>. 10 Ngr. <lb/>– <title>3, Couplet: Ein romantischer Jüngling</title>. 10 Ngr.</wip>
<wip id="hofm_1853_03_0293_03"><composer key="compo_034469">Thomas, A.</composer>, <title>Le Songe d’une Nuit d’Eté. Opéra comique</title>. <pubPlace key="place_0438">Mainz</pubPlace>, <publisher key="publ_3563">Schott</publisher>. <lb/><title>No. 1Bis, Chanson (Ten.) Allons que tout : Auf, lásst die Freude</title>, 18 Xr. <lb/>– <title>2, Air (Bass) Je le soutiens : Ich muss gestehen</title>. 54 Xr. <lb/>– <title>4, Chansonette (Sopr.) Le Roi Richard : Zu seinen Kriegern</title>. 27 Xr. <lb/>– <title>4Bis, Dasselbe f. Mezzo-Sopran</title>. 27 Xr. <lb/>– <title>6, Couplets (Ten.) Enfans que cette : Lasst Freunde die Nacht</title>. 18 Xr. <lb/>– <title>6Bis, Dasselbe f. Bass</title>. 18 Xr. <lb/>– <title>7, Romance (Ten.) Son image : Nur allein ihre Liebe</title>. 18 Xr. <lb/>– <title>7Bis, Dasselbe f. Bass</title>. 18 Xr. <lb/>– <title>8, L’lvresse, Sc. et Couplets (Ten.) Je trouve : In ihr allein</title>. 27 Xr. <lb/>– <title>8Bis, Dasselbe f. Bass</title>. 27 Xr. <lb/>– <title>9, Cavatine (Sopr.) Le voir ainsi : So ihn zu seh’n</title>. 27 Xr. <lb/>– <title>11, Ballade (Bass) Dans l’ombre : Bei schwarzer Mitternacht</title>. 27 Xr.</wip>
</div><div id="hofm_1853_03_0293_div20"><head><hofClass key="hofCl_0040">Gesänge für eine Stimme mit Begleitung des Pianoforte.</hofClass></head>
<bibl id="hofm_1853_03_0293_04"><title>Album für Gesang. Lieder u. Gesänge. 1ste Lief. (<composer key="compo_027982">Reissiger, C.G.</composer>, Das Element. <composer key="compo_032798">Spohr, L.</composer>, Immerdar Liebe. <composer key="compo_019682">Lachner, F.</composer>, Vöglein mein Bote (Op. <opus key="opus_3738">63</opus>). <composer key="compo_001434">Banck, C.</composer>, Alles um Sie. <composer key="compo_019682">Lachner, F.</composer>, Dir allein (Op. <opus key="opus_4153">76</opus>). <composer key="compo_027982">Reissiger, C.G.</composer>, O wie schön)</title>. <pubPlace key="place_0386">Langensalza</pubPlace>, <publisher key="publ_3618">Schulbuchhdl</publisher>. 12 Ngr. n.</bibl>
<bibl id="hofm_1853_03_0293_05"><composer key="compo_001808">Baumann, Al.</composer>, <title>Gebirgs-Bleameln. 6 Lieder in österreichischer Mundart f. eine (od. 2 Singst.) 7tes Heft. Op. <opus key="opus_1482">21</opus>. Da Morgengruas. Torenna. Jägerlied. ’s tanzadi Dirndl. Da Vadruss. ’s verlassene Dirndl (Duett). Abend-Ruh</title>. <pubPlace key="place_0731">Wien</pubPlace>, <publisher key="publ_3833">Spina</publisher> 20 Ngr.</bibl>
<bibl id="hofm_1853_03_0293_06"><composer key="compo_003736">Bordèse, L.</composer>, <title>La prima Donna. Cavatines, Scènes, Airs</title>. <pubPlace key="place_0438">Mainz</pubPlace>, <publisher key="publ_3563">Schott</publisher> à 36 Xr. <lb/><title>No. 2, La Prise de Voile (Der Eintritt ins Kloster). Air</title>. <lb/>– <title>3, Gina la Divineresse (Gina die Wahrsagerin). Scène</title>. <lb/>– <title>5, Le Rêve d’Yvonne (Yvonnens Traum). Scène</title>.</bibl>
<pb n="294"/>
<bibl id="hofm_1853_03_0294_01"><composer key="compo_007098">Dittmer, O.</composer>, <title>Es ist keine Blume. Volkslied</title>. <pubPlace key="place_0044">Berlin</pubPlace>, <publisher key="publ_0589">Challier u. Co</publisher>. 5 Ngr.</bibl>
<bibl id="hofm_1853_03_0294_02"><composer key="compo_010947">Gentz, A.</composer>, <title>Die beiden Rosen. Lied f. Sopran</title>. <pubPlace key="place_0044">Berlin</pubPlace>, <publisher key="publ_0589">Challier u. Co</publisher>. 7½ Ngr.</bibl>
<bibl id="hofm_1853_03_0294_03"><title>Gesang (launiger) in Walzerform: Wer hoat denn’s Bier umg’schütt</title>. <pubPlace key="place_0147">Dresden</pubPlace>, <publisher key="publ_1236">Gerster u. Co</publisher>. 10 Ngr.</bibl>
<bibl id="hofm_1853_03_0294_04"><composer key="compo_012011">Gressler, F.A.</composer>, <title>Sammlung auserlesener Lieder u. Gesänge, progressif geordnet. Op. <opus key="opus_2737">4</opus>. Lief. 3, 4</title>. <pubPlace key="place_0386">Langensalza</pubPlace>, <publisher key="publ_3618">Schulbuchhdl</publisher>. à 10 Ngr. *n.</bibl>
<bibl id="hofm_1853_03_0294_05"><composer key="compo_013984">Heiser, W.</composer>, <title>3 Lieder f. Sopran (od. Tenor). Op. <opus key="opus_2268">32</opus>. Zieht im Herbst die Lerche fort. Maltesisches Lied. Selma</title>. <pubPlace key="place_0044">Berlin</pubPlace>, <publisher key="publ_0589">Challier u. Co</publisher>. 10 Ngr.</bibl>
<bibl id="hofm_1853_03_0294_06"><composer key="compo_014338">Hering, Fr.</composer>, <title>6 Lieder. Op. <opus key="opus_1372">2</opus> (Ich hab’ im Traum geweinet. Abendlied. Des Vögleins Klage. Die Schifferin. Das Mädchen am Ufer. Frühlingsruhe)</title>. <pubPlace key="place_0044">Berlin</pubPlace>, <publisher key="publ_0393">B. u. Bock</publisher> 22½ Ngr.</bibl>
<wip id="hofm_1853_03_0294_07"><composer key="compo_014814">Hille, Ed.</composer>, <title>3 Lieder. Op. <opus key="opus_0927">16</opus></title>. <title>No. 1, Am Morgen</title>. <title>No. 2, Lebewohl</title>. <title>No. 3, Des Landsknechts Morgenständchen</title> (à 5 Ngr.) <pubPlace key="place_0280">Hannover</pubPlace>, <publisher key="publ_2808">Nagel</publisher> 10 Ngr.</wip>
<bibl id="hofm_1853_03_0294_08"><composer key="compo_015819">Hölzel, G.</composer>, <title>Nachtgebet. Gedicht von Ritter v. Levitschnigg, f. Sopran (od. Tenor). Op. <opus key="opus_4354">81</opus></title>. <pubPlace key="place_0731">Wien</pubPlace>, <publisher key="publ_3833">Spina</publisher> 10 Ngr.</bibl>
<bibl id="hofm_1853_03_0294_09">– Idem f. Alt (od. Bariton). Ebend. 10 Ngr.</bibl>
<wip id="hofm_1853_03_0294_10"><composer key="compo_019964">Langer, Gust.</composer>, <title>2 Gedichte. Op. <opus key="opus_4562">9</opus></title>. <title>No. 1, Schon herbstlich welke Blätter fallen</title> (7½ Ngr.) <title>No. 2, Schneeglöckchen</title> (10 Ngr.) <pubPlace key="place_0280">Hannover</pubPlace>, <publisher key="publ_2808">Nagel</publisher> 15 Ngr.</wip>
<wip id="hofm_1853_03_0294_11">– <title>3 Gedichte. Op. <opus key="opus_0021">10</opus></title>. <title>No. 1, Ich bin die Blume, du bist der Thau</title> (6¼ Ngr.) <title>No. 2, Frühlingslied</title> (8¼ Ngr.) <title>No. 3, Frage</title> (5 Ngr.) Ebend. 15 Ngr.</wip>
<bibl id="hofm_1853_03_0294_12"><composer key="compo_020815">Lickl, C.G.</composer>, <title>3 Gedichte. Op. <opus key="opus_4377">82</opus> (Zu Maria Schutz. Am Kalvarienberg. Für Julien)</title>. <pubPlace key="place_0731">Wien</pubPlace>, <publisher key="publ_3833">Spina</publisher> 20 Ngr.</bibl>
<bibl id="hofm_1853_03_0294_13"><composer key="compo_021070">Linke, H.</composer>, <title>6 Lieder. Op. <opus key="opus_0001">1</opus> (Christkindlein. Ach Gott, wie weh thut Scheiden. Nun ist der Tag geschieden. Seliger Ausgang. In meinem Garten die Nelken. Die Lilien glühn in Düften)</title>. <pubPlace key="place_0275">Halle</pubPlace>, <publisher key="publ_1953">Karmrodt</publisher> 20 Ngr.</bibl>
<bibl id="hofm_1853_03_0294_14"><composer key="compo_022297">Marschner, H.</composer>, <title>6 Gedichte v. E. Geibel, f. Tenor (od. Sopran). Op. <opus key="opus_0621">134</opus>. <edition>Neue Ausg</edition>. (In der Ferne. Wenn sich zwei Herzen scheiden. Geh’ du nur immer hin. Was man nicht antasten soll. O Jugendzeit. Spielmannslied)</title>. <pubPlace key="place_0392">Leipzig</pubPlace>, <publisher key="publ_1746">Hofmeister</publisher> 1 Rt.</bibl>
<bibl id="hofm_1853_03_0294_15"><composer key="compo_022421">Masini, F.</composer>, <title>La Lune est morte. Sérénade</title>. <pubPlace key="place_0438">Mainz</pubPlace>, <publisher key="publ_3563">Schott</publisher> 27 Xr.</bibl>
<bibl id="hofm_1853_03_0294_16"><composer key="compo_025127">Nürnberg, H.</composer>, <title>Der kühne Schiffer. Romanze f. Bass. Op. <opus key="opus_0021">10</opus></title>. <pubPlace key="place_0044">Berlin</pubPlace>, <publisher key="publ_0677">Damköhler</publisher> 10 Ngr.</bibl>
<bibl id="hofm_1853_03_0294_17"><composer key="compo_026663">Plitt, Agathe</composer>, <title>2 Lieder aus Amaranth (Wie bist du Frühling. Es muss was Wunderbares sein)</title>. <pubPlace key="place_0044">Berlin</pubPlace>, <publisher key="publ_0589">Challier u. Co</publisher>. 5 Ngr.</bibl>
<bibl id="hofm_1853_03_0294_18"><composer key="compo_027031">Preyer, G.</composer>, <title>Antwort. Gedicht v. V. Zusner. Op. <opus key="opus_3385">55</opus></title>. <pubPlace key="place_0731">Wien</pubPlace>, <publisher key="publ_2779">Müller</publisher> 10 Ngr.</bibl>
<bibl id="hofm_1853_03_0294_19">– <title>Frauen-Liebe und Leben. Gedicht v. Chamisso. Op. <opus key="opus_3658">61</opus></title>. <pubPlace key="place_0731">Wien</pubPlace>, <publisher key="publ_3833">Spina</publisher> 10 Ngr.</bibl>
<bibl id="hofm_1853_03_0294_20">– <title>Der erste Kuss. Gedicht v. O. Redwitz, f. Alt (od. Bass). Op. <opus key="opus_3738">63</opus></title>. <pubPlace key="place_0731">Wien</pubPlace>, <publisher key="publ_2779">Müller</publisher> 10 Ngr.</bibl>
<bibl id="hofm_1853_03_0294_21"><composer key="compo_027077">Proch, H.</composer>, <title>Das blinde Geiger. Scene. Op. <opus key="opus_1128">175</opus></title>. <pubPlace key="place_0731">Wien</pubPlace>, <publisher key="publ_3833">Spina</publisher> 15 Ngr.</bibl>
<bibl id="hofm_1853_03_0294_22">– <title>Fragen. Gedicht v. V. Zusner. Op. <opus key="opus_1147">178</opus></title>. Ebend. 10 Ngr.</bibl>
<bibl id="hofm_1853_03_0294_23"><composer key="compo_028357">Riefstahl, C.</composer>, <title>Das Burgfräulein. Gedicht v. Porzer, f. Alt</title>. <pubPlace key="place_0656">Stralsund</pubPlace>, <publisher key="publ_3248">Riefstahl</publisher> 5 Ngr.</bibl>
<bibl id="hofm_1853_03_0294_24"><composer key="compo_028933">Roskoschini, Jos.</composer>, <title>Wölkchen. Lied</title>. <pubPlace key="place_0554">Prag</pubPlace>. <publisher key="publ_1729">Hoffmann</publisher> 30 Xr.</bibl>
<pb n="295"/>
<bibl id="hofm_1853_03_0295_01"><composer key="compo_031123">Schubert, Franz</composer>, <title>Die Liebende schreibt. Gedicht v. Göthe, f. Sopran (od. Tenor). Op. <opus key="opus_1030">165. No. 1</opus></title>. <pubPlace key="place_0731">Wien</pubPlace>, <publisher key="publ_3833">Spina</publisher> 10 Ngr.</bibl>
<bibl id="hofm_1853_03_0295_02">– Idem f. Alt (od. Bariton). Ebend. 10 Ngr.</bibl>
<bibl id="hofm_1853_03_0295_03"><composer key="compo_031268">Schulz, Jos.</composer>, <title>4 Lieder f. Bass (od. Bariton). Op. <opus key="opus_1068">17</opus> (Der Thürmer. Des Jägers Klage. Da ist’s mit Trinken aus. Nein)</title>. <pubPlace key="place_0275">Halle</pubPlace>, <publisher key="publ_1953">Karmrodt</publisher> 20 Ngr.</bibl>
<bibl id="hofm_1853_03_0295_04"><composer key="compo_034893">Truhn, F.H.</composer>, <title>Elisa’s Mutterliebe. Ballade aus Onkel Tom’s Hütte</title>. <pubPlace key="place_0147">Dresden</pubPlace>, <publisher key="publ_1236">Gerster u. Co</publisher>. 12½ Ngr.</bibl>
<bibl id="hofm_1853_03_0295_05"><composer key="compo_035416">Verhulst, J.J.H.</composer>, <title>8 Liederen van J.P. Heje en G.H. Brökhuijzen. Op. <opus key="opus_4562">9</opus></title>. <pubPlace key="place_0011">Amsterdam</pubPlace>, <publisher key="publ_4027">Theune u. Co</publisher>. 2 Fl. 70 cts.</bibl>
<wip id="hofm_1853_03_0295_06"><composer key="compo_037171">Winge, Otto</composer>, <title>Schwedische Nationallieder (Worte schwedisch u. deutsch)</title>. <title>No. 1, Necken</title>. <title>No. 2, Jämtlands-Lied</title>. <title>No. 3, Dalekarlien-Lied</title>. <title>No. 4, Södermanlands-Lied</title>. <title>No. 5, Ostergothlands-Lied</title>. <title>No. 6, Wermelands-Lied</title> (à 5 Ngr.) <pubPlace key="place_0044">Berlin</pubPlace>, <publisher key="publ_0589">Challier u. Co</publisher>. 25 Ngr.</wip>
<bibl id="hofm_1853_03_0295_07"><composer key="compo_037745">Wöltge, A.</composer>, <title>5 Lieder f. Sopran. Op <opus key="opus_3565">6</opus> (In dem Walde sprosst und gränt es. Du bist wie eine Blume. Im wunderschönen Monat Mai. Wenn ich auf dem Lager liege. Was will die einsame Thräne)</title>. <pubPlace key="place_0044">Berlin</pubPlace>, <publisher key="publ_0393">B. u. Bock</publisher> 17½ Ngr.</bibl>
<bibl id="hofm_1853_03_0295_08"><composer key="compo_037954">Zech, J.</composer>, <title>Schlaf’ ein! Gedicht v. L. v. Arentschild</title>. <pubPlace key="place_0280">Hannover</pubPlace>, <publisher key="publ_2808">Nagel</publisher> 7½ Ngr.</bibl>
</div><div id="hofm_1853_03_0295_div21"><head><hofClass key="hofCl_0077">Lehrbücher für den Gesang.</hofClass></head>
<bibl id="hofm_1853_03_0295_09"><composer key="compo_012992">Hahn, B.</composer>, <title>Handbuch beim Unterricht im Gesange f. Schüler auf Gymnasien. <edition>5te Aufl</edition></title>. gr.-8. <pubPlace key="place_0082">Breslau</pubPlace>, <publisher key="publ_2386">Leuckart</publisher> geh. 7½ Ngr. n.</bibl>
<bibl id="hofm_1853_03_0295_10"><composer key="compo_026332">Pflüger, J.G.F.</composer>, <title>Anleitung zum Gesangunterricht in Schulen</title>. 8. <pubPlace key="place_0392">Leipzig</pubPlace>, <publisher key="publ_0407">Brandstetter</publisher> geh. 12 Ngr. n.</bibl>
<bibl id="hofm_1853_03_0295_11"><composer key="compo_027991">Reissmann, A.</composer>, <title>Katechismus der Gesangskunst</title>. 8. <pubPlace key="place_0392">Leipzig</pubPlace>, <publisher key="publ_4290">Weber</publisher> geh. 7½ Ngr. *n.</bibl>
<bibl id="hofm_1853_03_0295_12"><composer key="compo_034574">Tietz, Ph</composer>, <title>Gesang-Unterricht f. Schulen. Ein method. Leitfaden in 3 Abth. 1ster u. 2ter Cursus</title>. 8. <pubPlace key="place_0301">Hildesheim</pubPlace>, <publisher key="publ_1230">Gerstenberg</publisher> à 5 Ngr. *n.</bibl>
<bibl id="hofm_1853_03_0295_13"><composer key="compo_035236">Vaccai, N.</composer>, <title>Praktischer Unterricht im italienischen Kammergesang (Metodo pratico di Canto italiano)</title>. gr.-8. <pubPlace key="place_0044">Berlin</pubPlace>, <publisher key="publ_0393">B. u. Bock</publisher> Subscr.-Pr. 1 Rt. *n.</bibl>
</div><div id="hofm_1853_03_0295_div22"><head><hofClass key="hofCl_0287">Theoretische Werke.</hofClass></head>
<bibl id="hofm_1853_03_0295_14"><author>Berlioz, Hect.</author>, <title>Les Soirées de l’Orchestre</title>. 16mo. <pubPlace key="place_0537">Paris</pubPlace> (<pubPlace key="place_0392">Leipzig</pubPlace>, <publisher key="publ_4094">Twietmeyer</publisher>) 1 Rt. *n.</bibl>
<bibl id="hofm_1853_03_0295_15"><title>Blätter (fliegende) f. Musik. Wahrheit über Tonkunst und Tonkünstler. Von dem Verfasser der musikalischen Briefe. 1stes Heft</title>. 8. <pubPlace key="place_0392">Leipzig</pubPlace>, <publisher key="publ_0208">Baumgärtner</publisher> geh. 15 Ngr. n.</bibl>
<bibl id="hofm_1853_03_0295_16"><author>Chrysander, F.</author>, <title>Ueber die Moll-Tonart in den Volksgesängen u. über das Oratorium</title>. gr.-8. <pubPlace key="place_0624">Schwerin</pubPlace>, <publisher key="publ_2929">Oertzen u. Schlöpke</publisher> geh. 10 Ngr. *n.</bibl>
<bibl id="hofm_1853_03_0295_17"><author>Mayer, C.</author>, <title>Ueber den Bau des Organes der Stimme bei dem Menschen etc</title>. gr.-4. <pubPlace key="place_0069">Bonn</pubPlace>, <publisher key="publ_4290">Weber</publisher> cart. 6 Rt. *n.</bibl>
<bibl id="hofm_1853_03_0295_18"><title>Mendelssohn-Bartholdy, F., Thematisches Verzeichnist seiner in Druck erschienenen Compositionen (Op. <opus key="opus_1361">1–100</opus>)</title>. 8. <pubPlace key="place_0392">Leipzig</pubPlace>, <publisher key="publ_0437">Br. u. Härtel</publisher> geh. 2 Rt. n.</bibl>
<bibl id="hofm_1853_03_0295_19"><title>Organ f. kirchliche Tonkunst. Red. Ortlieb. Jahrgang 1853</title>. (12 Nrn.) 4. <pubPlace key="place_0662">Stuttgart</pubPlace>, <publisher key="publ_2756">Zum Haydn</publisher> 18 Ngr. n.</bibl>
<pb n="296"/>
<bibl id="hofm_1853_03_0296_01"><author>Schilling, G.</author>, <title>Allgemeine Generalbasslehre, nebst d. Lehre d. zum Generalb. nöth. Versch. Hülfswissenschaften, als Harmonie, Modulation, Begleitung etc. <edition>3te Ausg. 2te verb. Aufl</edition></title>. 8. <pubPlace key="place_0128">Darmstadt</pubPlace>, <publisher key="publ_2962">Pabst</publisher> geh. 1 Rt. 10 Ngr. * n.</bibl>
</div><div id="hofm_1853_03_0296_div23"><head><hofClass key="hofCl_0284">Textbücher.</hofClass></head>
<bibl id="hofm_1853_03_0296_02"><title>Verklärung des Herrn. Gr. Oratorium nach J.J. Kummer, v. <author>F. Ludwig</author>, Musik v. Fr. Kühmstedt</title>. 8. <pubPlace key="place_0181">Erfurt</pubPlace>, <publisher key="publ_2240">Körner</publisher> 4¼ Ngr. *n.</bibl>
</div><div id="hofm_1853_03_0296_div24"><head><hofClass key="hofCl_0281">Portraits.</hofClass></head>
<bibl id="hofm_1853_03_0296_03"><title><subject>Gumbert, Ferd.</subject>, mit Fac-Simile. Daguerreot. v. <artist>Meister</artist>, lith. v. <artist>Uber</artist></title>. Fol. <pubPlace key="place_0044">Berlin</pubPlace>, <publisher key="publ_3471">Schlesinger</publisher> 20 Ngr. n. (chin. Pap. 1 Rt. n.)</bibl>
<bibl id="hofm_1853_03_0296_04"><title><subject>Schwencke, Joh. Fr.</subject>, mit Fac-Simile, lith. v. <artist>Fuchs</artist></title>. Fol. <pubPlace key="place_0276">Hamburg</pubPlace>, <publisher key="publ_3682">Schwencke</publisher> chin. Pap. 23¾ Ngr. *n.</bibl>
</div><div id="hofm_1853_03_0296_div25"><head><hofClass key="hofCl_0278">Büsten<lb/> (aus der königl. Porzellan-Niederlage in München).</hofClass></head>
<bibl id="hofm_1853_03_0296_05"><title><subject>Beethoven, L. van</subject></title>, 4½“ hoch. <pubPlace key="place_0475">München</pubPlace> (<pubPlace key="place_0392">Leipzig</pubPlace>, <publisher key="publ_1737">Rob. Hoffmann</publisher>) 24 Ngr. *n.</bibl>
<bibl id="hofm_1853_03_0296_06"><title><subject>Haydn, Jos.</subject></title>, 4½ hoch. Ebend. 24 Ngr. *n.</bibl>
<bibl id="hofm_1853_03_0296_07"><title><subject>Lachner, Franz</subject></title>, 4½“ hoch (24 Ngr. *n.) 2¼“ hoch (10 Ngr. *n) Ebend.</bibl>
<bibl id="hofm_1853_03_0296_08"><title><subject>Schubert, Franz</subject></title>, 2¼“ hoch. Ebend. 7½ Ngr. * n.</bibl>
</div>





</body></text></TEI.2>