<?xml version="1.0" encoding="utf-8"?>
<!DOCTYPE TEI.2
  SYSTEM "../../dtd/tei/cch_tei.dtd">
<TEI.2 id="hofm_1853_07">
<teiHeader type="text"><fileDesc><titleStmt><title>Juli 1853</title></titleStmt><publicationStmt><p/></publicationStmt><sourceDesc><p/></sourceDesc></fileDesc><profileDesc><langUsage><language id="ger">German</language><language id="fre">French</language><language id="ita">Italian</language></langUsage></profileDesc><revisionDesc><change><date>2007-09-20</date><respStmt><name>EP</name></respStmt><item>missing @id added</item></change><change><date>2007-08-14</date><respStmt><name>ER</name></respStmt><item>p. 368, St Goar = publisher (after extensive research and discussion!)</item></change><change><date>2007-04-27</date><respStmt><name>RV</name></respStmt><item>Changed "biblGroup" elements in "listBibl"</item></change><change><date>2007-03-02</date><respStmt><name>EP</name></respStmt><item>Checked curly brackets</item></change><change><date>2007-02-26</date><respStmt><name>EP</name></respStmt><item>Encoded curly brackets</item></change><change><date>2006-12-19</date><respStmt><name>EP</name></respStmt><item>sic and unclear moved outside elements pubplaces, publisher, composer, hofclass, key, opus</item></change><change><date>2006-09-28</date><respStmt><name>Liz</name></respStmt> 
<item>opus tagging adjusted</item></change><change><date>2006-03-06</date><respStmt><name>Liz</name></respStmt> 
<item>XRs done</item></change><change><date>2006-01-18</date><respStmt><name>Liz</name></respStmt> 
<item>p. 368 St. Goar, place not publisher</item></change><change><date>2006-01-13</date><respStmt><name>Liz</name></respStmt> 
<item>p. 368 Mechetti - space removed to outside tags</item></change><change><date>2005-10-20</date><respStmt><name>Liz</name></respStmt> 
<item>corrected tagging . outside tags</item></change><change><date>2005-07-21</date><respStmt><name>Mekala</name></respStmt> 
<item>Checking Screens and Final Revisions</item></change><change><date>2005-06-02</date><respStmt><name>Mekala</name></respStmt><item>First Coding</item></change><change><date>2005-05-17</date><respStmt><name>Liz</name></respStmt><item>checking</item></change><change><date>2005-04-29</date><respStmt><name>JG</name></respStmt><item>automated tagging</item></change></revisionDesc></teiHeader>

<text><body>

<pb n="354"/><head>Juli 1853.</head><div id="hofm_1853_07_0354_div01"><head><hofClass key="hofCl_0164">Musik für das Orchester.</hofClass></head>
<bibl id="hofm_1853_07_0354_01"><composer key="compo_000092">Adam, Ad.</composer>, <title>Ouverture de l’Opéra : Si j’étais Roi, p. Orch</title>. <pubPlace key="place_0438">Mainz</pubPlace>, <publisher key="publ_3563">Schott</publisher> 5 Fl. 24 Xr.</bibl>
<album id="hofm_1853_07_0354_02"><title>Album f. Militärmusik. 14te Lief., <composer key="compo_017079">Kaulich</composer>, Wiener Volks-Jubel-Marsch. Op. <opus key="opus_0234">11</opus>. 15te Lief. <composer key="compo_034620">Titl</composer>, Oesterreichisches Volkslied, Judex, Wiener Garnisons-Jubel-Marsch. 16te Lief. <composer key="compo_029830">Sawerthal, J.R.</composer>, Elegie an General Hentzi und die mit ihm zu Ofen gefallenen Krieger. Elegie</title>. <format>Part</format>. <pubPlace key="place_0731">Wien</pubPlace>, <publisher key="publ_1269">Glöggl</publisher>.</album>
<bibl id="hofm_1853_07_0354_03"><composer key="compo_019654">Labitzky, Jos.</composer>, <title>Zur Rosenzeit. Walzer f. gr. Orch. Op. <opus key="opus_1457">208</opus></title>. <pubPlace key="place_0392">Leipzig</pubPlace>, <publisher key="publ_1746">Hofmeister</publisher> 2 Rt. 15 Ngr.</bibl>
<bibl id="hofm_1853_07_0354_04">– <title>Beliebte Walzer, Galoppen u. Polka f. 2 Viol., Bratsche, Flöte, Clar., 2 Hörner u. Bass (Vclle ad lib.) No. 45, Zur Rosenzeit. Walzer</title>. Ebend. 1 Rt. 2 Ngr.</bibl>
<bibl id="hofm_1853_07_0354_05"><composer key="compo_033569">Strauss, Joh.</composer>, <title>Freuden-Gruss-Polka f. Orch. Op. <opus key="opus_0501">128</opus></title>. <pubPlace key="place_0731">Wien</pubPlace>, <publisher key="publ_1506">Haslinger</publisher> 25 Ngr.</bibl>
<bibl id="hofm_1853_07_0354_06">– <title>Solon-Sprüche. Walzer f. Orch. Op. <opus key="opus_0501">128</opus></title>. Ebend. 1 Rt. 25 Ngr.</bibl>
<bibl id="hofm_1853_07_0354_07">– <title>Motor-Quadrille f. Orch. Op. <opus key="opus_0511">129</opus></title> Ebend. 1 Rt. 20 Ngr.</bibl>
<bibl id="hofm_1853_07_0354_08">–<title> Aesculap-Polka f. Orch. Op. <opus key="opus_0559">130</opus></title>. Ebend. 25 Ngr.</bibl>
<bibl id="hofm_1853_07_0354_09"><composer key="compo_033607">Streck, P.</composer>, <title>8 Stücke f. Militär-Musik. Op. <opus key="opus_1766">242</opus>, Potpourri-Ouverture. 6 Märsche (Sehnsucht nach der Heimath. Soldaten-Gruss. Militär-Polka. Ich und meine Waffen. Münchner-Lager. Schützen-Polka). Ouverture</title>. <pubPlace key="place_0475">München</pubPlace>, <publisher key="publ_0134">Autor</publisher> (<pubPlace key="place_0392">Leipzig</pubPlace>, <publisher key="publ_1746">Hofmeister</publisher>) 8 Fl.</bibl>
<bibl id="hofm_1853_07_0354_10">– <title>6 Stücke f. kl. Harmonie (mit türk. Musik ad lib.) Op. <opus key="opus_1767">243</opus>. Serenade. Menuett v. Verdi. Lebewohl-Marsch. Der Gemsenjäger, Marsch. Galopp. Andante f. d. Kirchen-Andacht</title>. Ebend. 3 Fl. 12 Xr.</bibl>
<bibl id="hofm_1853_07_0354_11">– <title>10 Stücke f. kl. Harmonie-Musik. Op. <opus key="opus_1768">244</opus>. Andante u. Allegro. Mazurka. 3 Feldschrittmärsche. Hochzeitlicher Festmarsch. Adagio. Walzer. Schottisch u. Polka</title>. Ebend. 2 Fl. 42 Xr.</bibl>
<bibl id="hofm_1853_07_0354_12">– <title>6 Stücke f. Harmonie-Blechmusik. Op. <opus key="opus_1772">245</opus>. Verdi, Festballet a. Rigoletto. Wilhelminen-Polka. Königsmarsch. Falsch bin ich nicht, Feldschritt. Grenadier-Polkamarsch. Oberösterreichische Walzer</title>. Ebend. 3 Fl. 30 Xr.</bibl>
<bibl id="hofm_1853_07_0354_13">– <title>10 Stücke f. kl. Harmonie-Blechmusik. Op. <opus key="opus_1782">247</opus> (3 Feldschrittmärsche. Andante. Parademarsch. 2 Polka-Märsche. Ländler. Polka. Andantino)</title>. Ebend. 2 Fl. 12 Xr.</bibl>
<bibl id="hofm_1853_07_0354_14">– <title>10 Stücke f. kl. Harmonie-Blechmusik. Op. <opus key="opus_1786">248</opus>. Festlicher Parademarsch. 2 Feldschrittmärsche. Walzer. Andante u. Polonaise. Polka. Schottisch. Galopp. Andante f. d. Kirche</title>. Ebend. 2 Fl.</bibl>
<bibl id="hofm_1853_07_0354_15">– <title>Musikal. Lust-Dampffahrt auf einer Eisenbahn. Gr. caract. Potpourri f. Harmonie-Musik</title>. <format>Part</format>. Ebend. 6 Fl.</bibl>
</div><div id="hofm_1853_07_0354_div02"><head><hofClass key="hofCl_0245">Musik für die Violine.</hofClass></head>
<bibl id="hofm_1853_07_0354_16"><composer key="compo_004979">Böhmer, C.</composer>, <title>12 Etuden f. Violine als Vorstudie f. d. Triller. Op. <opus key="opus_3529">59</opus></title>. <pubPlace key="place_0436">Magdeburg</pubPlace>, <publisher key="publ_1560">Heinrichshofen</publisher> 15 Ngr.</bibl>
<pb n="355"/>
<bibl id="hofm_1853_07_0355_01"><composer key="compo_019289">Kässmayer, M.</composer>, <title>Quartett f. 2 Viol., Alt. u. Vcllo (in <key>G</key>.)</title> <pubPlace key="place_0731">Wien</pubPlace>, <publisher key="publ_1269">Glöggl</publisher> 1 Rt. 20 Ngr.</bibl>
<bibl id="hofm_1853_07_0355_02"><composer key="compo_023111">Mestrino</composer>, <title>Duo p. 2 Violons (très facile et courieux Pièce)</title>. <pubPlace key="place_0731">Wien</pubPlace>, <publisher key="publ_1269">Glöggl</publisher> 8 Xr.</bibl>
<bibl id="hofm_1853_07_0355_03"><composer key="compo_032350">Singer, Ed.</composer>, <title>Le Carneval hongrois. Variations burlesques p. Violon av. Orch. Op. <opus key="opus_0806">15</opus></title>. <pubPlace key="place_0438">Mainz</pubPlace>, <publisher key="publ_3563">Schott</publisher> 1 Fl. 48 Xr.</bibl>
<bibl id="hofm_1853_07_0355_04">– Idem av. Quintuor. Ebend. 1 Fl. 12 Xr.</bibl>
</div><div id="hofm_1853_07_0355_div03"><head><hofClass key="hofCl_0184">Musik für das Violoncell.</hofClass></head>
<bibl id="hofm_1853_07_0355_05"><composer key="compo_010624">Ganz, M.</composer>, <title>10 Pièces caractéristiques instructives faciles et progressives p. Vclle av. Vclle second. Op. <opus key="opus_2187">31</opus></title>. <pubPlace key="place_0044">Berlin</pubPlace>, <publisher key="publ_3471">Schlesinger</publisher> 1 Rt. 15 Ngr.</bibl>
<bibl id="hofm_1853_07_0355_06"><composer key="compo_010624">Ganz, M.</composer>, <title>10 Pièces caractéristiques instructives faciles et progressives p. Vclle. Op. <opus key="opus_2187">31</opus></title>. <pubPlace key="place_0044">Berlin</pubPlace>, <publisher key="publ_3471">Schlesinger</publisher> 1 Rt.</bibl>
<bibl id="hofm_1853_07_0355_07"><composer key="compo_032081">Servais, F.</composer> et <composer key="compo_020569">H. Leonard</composer>, <title>Grand Duo de Concert sur deux Airs nationaux anglais p. Violon et Vclle</title>. <pubPlace key="place_0438">Mainz</pubPlace>, <publisher key="publ_3563">Schott</publisher> 1 Fl. 48 Xr.</bibl>
</div><div id="hofm_1853_07_0355_div04"><head><hofClass key="hofCl_0200">Musik für die Flöte.</hofClass></head>
<bibl id="hofm_1853_07_0355_08"><composer key="compo_005245">Canthal, A.</composer>, <title>100 Récréations agréables et instructives choisies des Mélodies célébres de Bellini, Donizetti, Mercadante, Ricci et Verdi, p. Flûte. Cah. 1–4</title>. <pubPlace key="place_0276">Hamburg</pubPlace>, <publisher key="publ_2870">Niemeyer</publisher> à 15 Ngr.</bibl>
</div><div id="hofm_1853_07_0355_div05"><head><hofClass key="hofCl_0247">Musik für die Zither.</hofClass></head>
<bibl id="hofm_1853_07_0355_09"><composer key="compo_022587">Max, H.</composer>, <title>Der Zitherspieler. Sammlung ausgewählter Musikstücke f. Zither mit Guit. Op. <opus key="opus_3071">47</opus>. Heft 1</title>. <pubPlace key="place_0731">Wien</pubPlace>, <publisher key="publ_1506">Haslinger</publisher> 1 Rt.</bibl>
<bibl id="hofm_1853_07_0355_10"><composer key="compo_023048">Mertz, J.K.</composer>, <title>Melodische Sätze f. d. Wiener Schlagzither. Op. <opus key="opus_3385">55</opus>. Heft 1, 2</title>. <pubPlace key="place_0475">München</pubPlace>, <publisher key="publ_0028">Aibl</publisher> à 12½ Ngr. <lb/><title>Heft 1, Gondellied. Mein Herz ist im Hochland. Lied ohne Worte</title>. <lb/>– <title>2, Auf der Alpe. Romanze. Ländler</title>.</bibl>
<bibl id="hofm_1853_07_0355_11"><composer key="compo_023731">Moralt, W.</composer>, <title>Divertissement f. Zither</title>. qu.-8. <pubPlace key="place_0475">München</pubPlace>, <publisher key="publ_0028">Aibl</publisher> 7½ Ngr.</bibl>
<bibl id="hofm_1853_07_0355_12">– <title>Melodien-Guirlande. Verschiedene gefällige Tonstücke f. Zither. Heft 1–4</title>. qu.-8. Ebend. à 7½ Ngr.</bibl>
<bibl id="hofm_1853_07_0355_13">– <title>Steyrer Tänze f. Zither. 2te Lief</title>. qu.-8. Ebend. 7½ Ngr.</bibl>
<bibl id="hofm_1853_07_0355_14"><composer key="compo_027770">Reichardt, C.</composer>, <title>Bon-Bons f. Zitherspieler, arr. Lief. 1–6</title>. qu.-8. <pubPlace key="place_0026">Augsburg</pubPlace>, <publisher key="publ_0538">Böhm</publisher> à 18 Xr.</bibl>
<bibl id="hofm_1853_07_0355_15"><title>Zither-Schule. Leichtfassliche, theoret-prakt. Anleitung, die Schlagzither in kurzer Zeit spielen zu lernen. <edition>2te Aufl</edition></title>. 8. <pubPlace key="place_0475">München</pubPlace>, <publisher key="publ_1934">Kaiser</publisher> geh. 18 Ngr. n.</bibl>
</div><div id="hofm_1853_07_0355_div06"><head><hofClass key="hofCl_0205">Musik für die Guitarre.</hofClass></head>
<bibl id="hofm_1853_07_0355_16"><composer key="compo_001892">Bayer, Ed.</composer>, <title>Souvenir d’Amour. Fantaisie brill. p. Guit. à 10 (ou 6) Cordes. Op. <opus key="opus_1584">22</opus></title>. <pubPlace key="place_0276">Hamburg</pubPlace>, <publisher key="publ_2870">Niemeyer</publisher> 22½ Ngr.</bibl>
<bibl id="hofm_1853_07_0355_17">– <title>Le Guitarriste au Salon. Pièces fav. p. Guit. No. 25–29</title>. Ebend. à 5 Ngr. <lb/><title>No. 25, Donizetti, Pièces de la Figlia del Reggimento</title>. <lb/>– <title>26, Verdi, Inno de l’Assedio di Arlem</title>. <lb/>– <title>27, – Thème d’Attila et Ernani</title>. <lb/>– <title>28, – Aria de l’Assedio di Arlem</title>. <lb/>– <title>29, Ricci, Cavatine de Chiara di Rosembergh</title>.</bibl>
<pb n="356"/>
<bibl id="hofm_1853_07_0356_01"><composer key="compo_023048">Mertz, J.K.</composer>, <title>Opern-Revue, ausgewählte Melodien f. Guit. Op. <opus key="opus_4316">8. No. 25</opus>, Boieldieu, die weisse Frau</title>. <pubPlace key="place_0731">Wien</pubPlace>, <publisher key="publ_1506">Haslinger</publisher> 15 Ngr.</bibl>
<bibl id="hofm_1853_07_0356_01_d">– <title>Kukuk. Musikalische Rundschan. Kurze Unterhaltungsstücke f. Guit. Heft 9–12</title>. <pubPlace key="place_0475">München</pubPlace>, <publisher key="publ_0028">Aibl</publisher> à 15 Ngr.</bibl>
</div><div id="hofm_1853_07_0356_div07"><head><hofClass key="hofCl_0167">Musik für das Pianoforte mit Begleitung.</hofClass></head>
<bibl id="hofm_1853_07_0356_03"><composer key="compo_000865">Arien, G. d’</composer>, <title>Barcarole f. Vclle m. Pfte. Op. <opus key="opus_2116">3</opus></title>. <pubPlace key="place_0276">Hamburg</pubPlace>, <publisher key="publ_1900">Jowien</publisher> 10 Ngr.</bibl>
<bibl id="hofm_1853_07_0356_03_b"><composer key="compo_001914">Bazzini, A.</composer>, <title>L’Absence. Mélodie p. Violon av. Pfte. Op. <opus key="opus_1584">22</opus></title>. <pubPlace key="place_0438">Mainz</pubPlace>, <publisher key="publ_3563">Schott</publisher> 1 Fl.</bibl>
<bibl id="hofm_1853_07_0356_05"><composer key="compo_001921">Beaufort, Jos.</composer>, <title>Sonate p. Pfte et Violon. Op. <opus key="opus_3181">5</opus>, in <key>G</key></title>. <pubPlace key="place_0392">Leipzig</pubPlace>, <publisher key="publ_4382">Whistling</publisher> 1 Rt. 15 Ngr.</bibl>
<bibl id="hofm_1853_07_0356_06"><composer key="compo_003500">Böhm, Th</composer>, <title>Souvenir des Alpes. 6 Morceaux de Salon p. Flùte av. Pfte. No. 1–6</title>. <pubPlace key="place_0438">Mainz</pubPlace>, <publisher key="publ_3563">Schott</publisher> à 1 Fl. <lb/><title>No. 1, Andante cantabile. Op. <opus key="opus_1932">27</opus></title>. <lb/>– <title>2, Rondo allegro. Op. <opus key="opus_1999">28</opus></title>. <lb/>– <title>3, Andantino-Romance. Op. <opus key="opus_2066">29</opus></title>. <lb/>– <title>4, Rondo allegretto. Op. <opus key="opus_2131">30</opus></title>. <lb/>– <title>5, Andante pastoral. Op. <opus key="opus_2187">31</opus></title>. <lb/>– <title>6, Rondo-Ländler. Op. <opus key="opus_2268">32</opus></title>.</bibl>
<bibl id="hofm_1853_07_0356_06_e"><composer key="compo_007268">Dorus, L.</composer>, et <composer key="compo_014550">H. Herz</composer>, <title>La Chasse au Chamois. Petite Fantaisie caractéristique p. Pfte et Flûte. Duettino fac. No. 8</title>. <pubPlace key="place_0438">Mainz</pubPlace>, <publisher key="publ_3563">Schott</publisher> 1 Fl.</bibl>
<bibl id="hofm_1853_07_0356_08"><composer key="compo_007289">Dotzauer, J.J.F.</composer>, <title>12 Duettinos über bel. Lieder f. Vclle u. Pfte. 3te Samml. (Schubert, Ave Maria. Mendelssohn, Auf Flügeln des Gesanges. Krebs, Die Heimath)</title>. <pubPlace key="place_0276">Hamburg</pubPlace>, <publisher key="publ_3605">Schuberth u. Co</publisher>. 22½ Ngr.</bibl>
<bibl id="hofm_1853_07_0356_09"><composer key="compo_014068">Hellmesberger, G.</composer>, <title>6 Morceaux de Salon p. Violon av. Pfte. Cah. 1, la Melancolie. Op. <opus key="opus_4539">88 posth</opus></title>. <pubPlace key="place_0609">St. Pölten</pubPlace>, <publisher key="publ_2988">Passy u. Sydy</publisher> 15 Ngr.</bibl>
<bibl id="hofm_1853_07_0356_10"><composer key="compo_019654">Labitzky, Jos.</composer>, <title>Zur Rosenzeit. Walzer f. Violine m. Pfte. Op. <opus key="opus_1457">208</opus></title>. <pubPlace key="place_0392">Leipzig</pubPlace>, <publisher key="publ_1746">Hofmeister</publisher> 15 Ngr.</bibl>
<bibl id="hofm_1853_07_0356_11"><composer key="compo_021359">Louis, N.</composer>, et <composer key="compo_014550">H. Herz</composer>, <title>La Chasse au Chamois. Petite Fantaisie caractéristique p. Pfte et Violon. Duettino fac. No. 8</title>. <pubPlace key="place_0438">Mainz</pubPlace>, <publisher key="publ_3563">Schott</publisher> 1 Fl.</bibl>
<bibl id="hofm_1853_07_0356_12"><composer key="compo_023890">Mozart, W.A.</composer>, <title>6 Quatuors p. Violon, arr. p. Pfte et Violon par G. Müller. No. 1, in <key>G</key></title>. <pubPlace key="place_0276">Hamburg</pubPlace>, <publisher key="publ_0640">Cranz</publisher> 1 Rt. 10 Ngr.</bibl>
<bibl id="hofm_1853_07_0356_13"><composer key="compo_031146">Schuberth, Ch.</composer>, <title>Andante et Rondeau élégant p. Vclle et Pfte. Op. <opus key="opus_1999">28</opus></title>. <pubPlace key="place_0276">Hamburg</pubPlace>, <publisher key="publ_3605">Schuberth u. Co</publisher>. 20 Ngr.</bibl>
<bibl id="hofm_1853_07_0356_14"><composer key="compo_032348">Singer, E.</composer>, <title>Le Carneval hongrois. Variations burlesques p. Violon av. Pfte. Op. <opus key="opus_0806">15</opus></title>. <pubPlace key="place_0438">Mainz</pubPlace>, <publisher key="publ_3563">Schott</publisher> 1 Fl. 30 Xr.</bibl>
<bibl id="hofm_1853_07_0356_15"><composer key="compo_033569">Strauss, Joh.</composer>, <title>Freuden-Gruss-Polka f. Viol. u. Pfte. Op. <opus key="opus_0495">127</opus></title>. <pubPlace key="place_0731">Wien</pubPlace>, <publisher key="publ_1506">Haslinger</publisher> 7 Ngr.</bibl>
<bibl id="hofm_1853_07_0356_16">– <title>Solon-Sprüche. Walzer f. Viol. u. Pfte. Op. <opus key="opus_0501">128</opus></title>. Ebend. 15 Ngr.</bibl>
<bibl id="hofm_1853_07_0356_17">– <title>Motor-Quadrille f. Violine u. Pfte. Op. <opus key="opus_0511">129</opus></title>. Ebend. 15 Ngr.</bibl>
<bibl id="hofm_1853_07_0356_18">– <title>Aesculap-Polka f. Viol. u. Pfte. Op. <opus key="opus_0559">130</opus></title>. Ebend. 7 Ngr.</bibl>
<wip id="hofm_1853_07_0356_19"><composer key="compo_036249">Weber, C.M. v.</composer>, <title>Polonaise brill. Op. 72 f. Pfte u. Orch. instrumentirt v. F. Liszt</title>. <pubPlace key="place_0044">Berlin</pubPlace>, <publisher key="publ_3471">Schlesinger</publisher>. <lb/><format>Partitur</format>. 8vo. 1 Rt. <lb/><format>Auflagestimmen</format>. 2 Rt.</wip>
</div><div id="hofm_1853_07_0356_div08"><head><hofClass key="hofCl_0171">Musik für das Pianoforte zu vier Händen.</hofClass></head>
<bibl id="hofm_1853_07_0356_20"><composer key="compo_002826">Beyer, Ferd.</composer>, <title>Revue mélodique. Collection de petites Fantaisies instructives sur des Motifs d’Opéras fav. Op. <opus key="opus_0292">112. No. 4</opus>, Adam, Le Postillon de Lonjumeau</title>. <pubPlace key="place_0438">Mainz</pubPlace>, <publisher key="publ_3563">Schott</publisher> 1 Fl.</bibl>
<pb n="357"/>
<bibl id="hofm_1853_07_0357_01"><composer key="compo_005672">Chwatal, F.X.</composer>, <title>Volksmelodien mit instructiven Variationen zum Gebr. beim ersten Unterricht. Op. <opus key="opus_0094">102</opus>. Heft 2–4</title>. <pubPlace key="place_0436">Magdeburg</pubPlace>, <publisher key="publ_1560">Heinrichshofen</publisher> à 10 Ngr.</bibl>
<bibl id="hofm_1853_07_0357_02"><composer key="compo_016015">Immler, Ch.</composer>, <title>Rosen. Leichte Tänze mit Fingersatz. Heft 1</title>. <pubPlace key="place_0386">Langensalza</pubPlace>, <publisher key="publ_3618">Schulbuchhandlung</publisher> 7½ Ngr. n.</bibl>
<bibl id="hofm_1853_07_0357_03"><composer key="compo_019654">Labitzky, Jos.</composer>, <title>Zur Rosenzeit. Walzer. Op. <opus key="opus_1457">208</opus></title>. <pubPlace key="place_0392">Leipzig</pubPlace>, <publisher key="publ_1746">Hofmeister</publisher> 20 Ngr.</bibl>
<bibl id="hofm_1853_07_0357_04"><composer key="compo_022325">Martin, H.</composer>, <title>Souvenir de l’Opéra italien. Pièces choisies des Opéras modernes. Op. <opus key="opus_0234">11</opus>. No. 19, Verdi, L’Assedio di Arlem. No. 20, Verdi, Stiffelio</title>. <pubPlace key="place_0276">Hamburg</pubPlace>, <publisher key="publ_2870">Niemeyer</publisher> à 25 Ngr.</bibl>
<bibl id="hofm_1853_07_0357_05">– <title>Soirée musical. Fantaisies brill et non diffic. sur des Opéras italiennes. Op. <opus key="opus_1804">25. No. 1</opus>, Verdi, Rigoletto</title>. Ebend. 17½ Ngr.</bibl>
<bibl id="hofm_1853_07_0357_06"><composer key="compo_023828">Moscheles, Ign.</composer>, <title>Grande Sonate. Op. <opus key="opus_3071">47</opus>. <edition>Nouvellement corr. par l’Auteur</edition></title>. <pubPlace key="place_0276">Hamburg</pubPlace>, <publisher key="publ_0640">Cranz</publisher> geh 2 Rt.</bibl>
<bibl id="hofm_1853_07_0357_07"><composer key="compo_029047">Rotter, L.</composer>, <title>Sonate. Op. <opus key="opus_0392">12</opus>, in <key>D</key></title>. <pubPlace key="place_0731">Wien</pubPlace>, <publisher key="publ_2779">Müller</publisher> 2 Rt. 15 Ngr.</bibl>
<bibl id="hofm_1853_07_0357_08"><composer key="compo_031110">Schubert, C.</composer>, <title>La Marchande de Violette. Quadrille. Op. <opus key="opus_0999">161</opus></title>. <pubPlace key="place_0438">Mainz</pubPlace>, <publisher key="publ_3563">Schott</publisher> 54 Xr.</bibl>
<bibl id="hofm_1853_07_0357_09"><composer key="compo_033569">Strauss, Joh.</composer>, <title>Annen-Polka. Op. <opus key="opus_0347">117</opus></title>. <pubPlace key="place_0731">Wien</pubPlace>, <publisher key="publ_1506">Haslinger</publisher> 10 Ngr.</bibl>
<bibl id="hofm_1853_07_0357_10"><composer key="compo_035403">Verdi, G.</composer>, <title>Nabucodonosor. Dramma lirica, rid</title>. <pubPlace key="place_0437">Mailand</pubPlace>, <publisher key="publ_3241">Ricordi</publisher> geh. 26 Fr.</bibl>
<bibl id="hofm_1853_07_0357_11"><composer key="compo_035908">Wagner, R.</composer>, <title>Lohengrin. Romantische Oper in 3 Acten. <format>Klavierauszug</format> zu 4 Händen ohne Worte</title>. <pubPlace key="place_0392">Leipzig</pubPlace>, <publisher key="publ_0437">Br. u. Härtel</publisher> geh. 7 Rt.</bibl>
</div><div id="hofm_1853_07_0357_div09"><head><hofClass key="hofCl_0166">Musik für das Pianoforte allein.</hofClass></head>
<bibl id="hofm_1853_07_0357_12"><composer key="compo_001008">Ascher, J.</composer>, <title>Marche bohème. Op. <opus key="opus_1802">25</opus></title>. <pubPlace key="place_0438">Mainz</pubPlace>, <publisher key="publ_3563">Schott</publisher> 1 Fl. 12 Xr.</bibl>
<bibl id="hofm_1853_07_0357_13">– <title>Une Fleur de Salon. Impromptu-Valse. Op. <opus key="opus_1881">26</opus></title>. Ebend. 54 Xr.</bibl>
<bibl id="hofm_1853_07_0357_14">– <title>Marie. Polka-Mazurka</title>. Ebend. 45 Xr.</bibl>
<bibl id="hofm_1853_07_0357_15"><composer key="compo_001225">Bach, J.S.</composer>, <title>Clavier-Compositionen Behufs der Einführung in seine grössern Werke, mit Fingersatz v. A.G. Ritter. 4tes Heft</title>. <pubPlace key="place_0436">Magdeburg</pubPlace>, <publisher key="publ_1560">Heinrichshofen</publisher> 15 Ngr.</bibl>
<bibl id="hofm_1853_07_0357_16"><composer key="compo_002077">Beethoven, L. v.</composer>, <title>3 Sonates. Op. <opus key="opus_2187">31</opus>. No. 3, in <key>Es</key></title>. <pubPlace key="place_0044">Berlin</pubPlace>, <publisher key="publ_3471">Schlesinger</publisher> 22½ Ngr.</bibl>
<bibl id="hofm_1853_07_0357_17"><composer key="compo_002826">Beyer, Ferd</composer>, <title>Bouquets de Mélodies. Op. <opus key="opus_2869">42. No. 28</opus>, Verdi, Rigoletto</title>. <pubPlace key="place_0438">Mainz</pubPlace>, <publisher key="publ_3563">Schott</publisher> 1 Fl.</bibl>
<bibl id="hofm_1853_07_0357_18">– <title>Etudes mélodiques sur des Airs populaires. Op. <opus key="opus_4731">98. No. 5, 6</opus></title>. Ebend. à 45 Xr. <lb/><title>No. 5, God save the Queen</title>. <lb/>– <title>6, Cherry ripe</title>.</bibl>
<bibl id="hofm_1853_07_0357_19">– <title>Le jeune Artiste. Collection de Fantaisies conc. sur des Motifs fav. Op. <opus key="opus_0189">107. No. 3</opus>, Bellini, I Montecchi ed i Capuleti</title>. Ebend. 1 Fl. 12 Xr.</bibl>
<bibl id="hofm_1853_07_0357_20">– <title>6 Morceaux gracieux sur des Airs allemands fav. Op. <opus key="opus_0467">124. No. 4–6</opus></title>. <pubPlace key="place_0438">Mainz</pubPlace>, <publisher key="publ_3563">Schott</publisher> à 45 Xr. <lb/><title>No. 4, Weber, Sagt mir an, was schmunzelt ihr</title>. <lb/>– <title>5, Allemannisches Lied</title>. <lb/>– <title>6, Abt, Name und Bild</title>.</bibl>
<bibl id="hofm_1853_07_0357_21">– <title>6 Morceaux élégantes sur des Airs allemands fav. Op. <opus key="opus_0483">125. No. 4–6</opus></title>. Ebend. à 54 Xr. <lb/><title>No. 4, Esser, Abschied</title>. <lb/>– <title>5, Abt, Bleib’ bei mir</title>. <lb/>– <title>6, Kücken, Schlummerlied</title>.</bibl>
<bibl id="hofm_1853_07_0357_22"><composer key="compo_002935">Biehl, Ed.</composer>, <title>50 leichte melodische Etuden in stufenweiser Fortschreitung. Op. <opus key="opus_3967">7</opus>. Heft. 3</title>. <pubPlace key="place_0276">Hamburg</pubPlace>, <publisher key="publ_2870">Niemeyer</publisher> 15 Ngr.</bibl>
<pb n="358"/>
<bibl id="hofm_1853_07_0358_01"><composer key="compo_003604">Boieldieu, A.</composer>, <title>Die weisse Dame. Partition p. Pfte</title>. <pubPlace key="place_0044">Berlin</pubPlace>, <publisher key="publ_0393">B. u. Bock</publisher> geh. 1 Rt. 15 Ngr. *n.</bibl>
<bibl id="hofm_1853_07_0358_02"><composer key="compo_004170">Breidenstein, Jul.</composer>, <title>Ein schöner Sommer-Abend. Impromptu in Serenadenform. Op. <opus key="opus_1064">16 a</opus></title>. <pubPlace key="place_0276">Hamburg</pubPlace>, <publisher key="publ_0640">Cranz</publisher> 5 Ngr.</bibl>
<bibl id="hofm_1853_07_0358_03">– <title>Herzens-Wünsche. Impromptu in Walzer-Form. Op. <opus key="opus_1065">16b</opus></title>. Ebend. 5 Ngr.</bibl>
<bibl id="hofm_1853_07_0358_04"><composer key="compo_004712">Burgmüller, Fréd.</composer>, <title>Valse brill. sur Marco Spada. Opéra de D.F.E. Auber</title>. <pubPlace key="place_0438">Mainz</pubPlace>, <publisher key="publ_3563">Schott</publisher> 54 Xr.</bibl>
<bibl id="hofm_1853_07_0358_05"><composer key="compo_005570">Cherubini, L.</composer>, <title>Der Wasserträger. Partition p. Pfte</title>. <pubPlace key="place_0044">Berlin</pubPlace>, <publisher key="publ_0393">B. u. Bock</publisher> geh. 1 Rt. 15 Ngr. *n.</bibl>
<bibl id="hofm_1853_07_0358_06"><composer key="compo_005773">Clementi, M.</composer>, <title>6 Sonatinen in fortschreit. Ordnung. Op. <opus key="opus_2509">36</opus></title>. <pubPlace key="place_0742">Wolfenbüttel</pubPlace>, <publisher key="publ_1756">Holle</publisher> 7½ Ngr.</bibl>
<bibl id="hofm_1853_07_0358_07"><composer key="compo_006106">Cramer. H</composer>, <title>Potpourris élégants sur des Motifs d’Opéras fav. No. 61, Flotow, Indra</title>. <pubPlace key="place_0519">Offenbach</pubPlace>, <publisher key="publ_0065">André</publisher> 1 Fl. 12 Xr.</bibl>
<wip id="hofm_1853_07_0358_08"><composer key="compo_006111">Cramer, J.B.</composer>, <title>Etudes ou Exercices p. Pfte. <edition>Nouv. Edit</edition></title>. <title>Liv. 1</title> (10 Ngr.) <title>Liv. 2–4</title> (à 12 Ngr.) <pubPlace key="place_0742">Wolfenbüttel</pubPlace>, <publisher key="publ_1756">Holle</publisher>.</wip>
<bibl id="hofm_1853_07_0358_09"><composer key="compo_007224">Doppler, J.H</composer>, <title>Musikalische Nippsachen. Auswahl der beliebtesten Melodien. Op. <opus key="opus_0830">150</opus>. Heft 5</title>. <pubPlace key="place_0276">Hamburg</pubPlace>, <publisher key="publ_1900">Jowien</publisher> 10 Ngr.</bibl>
<bibl id="hofm_1853_07_0358_10"><composer key="compo_007596">Duvernoy, H.</composer>, <title>La jolie Fille de Perth. Romance sans Paroles. Op. <opus key="opus_1802">25</opus></title>. <pubPlace key="place_0438">Mainz</pubPlace>, <publisher key="publ_3563">Schott</publisher> 36 Xr.</bibl>
<bibl id="hofm_1853_07_0358_11"><composer key="compo_007599">Duvernoy, J.B.</composer>, <title>2 Fantaisies sur le Juif errant, de F. Halevy. Op. <opus key="opus_1452">207. No. 1, 2</opus></title>. <pubPlace key="place_0438">Mainz</pubPlace>, <publisher key="publ_3563">Schott</publisher> à 54 Xr.</bibl>
<bibl id="hofm_1853_07_0358_12"><composer key="compo_009143">Fesca, Al.</composer>, <title>Das Buch der Lieder. Ein Lieder-Album ohne Worte. Op. <opus key="opus_3416">56</opus>. Lief. 3, Abendlied. Heilige Liebe. Gondellied. Italienisches Lied. Nächtlicher Ueberfall. Nocturne</title>. <pubPlace key="place_0276">Hamburg</pubPlace>, <publisher key="publ_3605">Schuberth u. Co</publisher>. 1 Rt.</bibl>
<bibl id="hofm_1853_07_0358_13"><composer key="compo_009243">Field, J.</composer>, <title>Midi. Nocturne caractéristique. <edition>Edit. nouv</edition></title>. <pubPlace key="place_0044">Berlin</pubPlace>, <publisher key="publ_3471">Schlesinger</publisher> 10 Ngr.</bibl>
<bibl id="hofm_1853_07_0358_14"><title>Flore théàtrale. Nouv. Collection de Fantaisies élégantes ou Potpourris brill. No. 110, Boieldieu, Die weisse Frau, par C. Haslinger. Op. <opus key="opus_4503">87. No. 1</opus></title>. <pubPlace key="place_0731">Wien</pubPlace>, <publisher key="publ_1506">Haslinger</publisher> 20 Ngr.</bibl>
<bibl id="hofm_1853_07_0358_15"><composer key="compo_010010">Friedenthal, L.</composer>, <title>4 Clavierstücke. Op. <opus key="opus_1372">2</opus></title>. <pubPlace key="place_0392">Leipzig</pubPlace>, <publisher key="publ_4382">Whistling</publisher> 25 Ngr.</bibl>
<bibl id="hofm_1853_07_0358_16"><composer key="compo_011008">Gereke, B.</composer>, <title>Andante cantabile et Allegro brill. Op. <opus key="opus_0001">1</opus></title>. <pubPlace key="place_0011">Amsterdam</pubPlace>, <publisher key="publ_4027">Theune u. Co</publisher>. 1 Fl.</bibl>
<bibl id="hofm_1853_07_0358_17"><composer key="compo_011121">Gerville, L.P.</composer>, <title>Le Bengali au Réveil. Bluette en forme d’Etude. Op. <opus key="opus_0001">1</opus></title> <pubPlace key="place_0044">Berlin</pubPlace>, <publisher key="publ_3471">Schlesinger</publisher> 7½ Ngr.</bibl>
<bibl id="hofm_1853_07_0358_18"><composer key="compo_011213">Giese, Th.</composer>, <title>Nocturne. Op. <opus key="opus_0927">16</opus></title>. <pubPlace key="place_0276">Hamburg</pubPlace>, <publisher key="publ_2870">Niemeyer</publisher> 12½ Ngr.</bibl>
<bibl id="hofm_1853_07_0358_19">– <title>Impromptu. Op. <opus key="opus_1068">17</opus></title>. Ebend. 10 Ngr.</bibl>
<bibl id="hofm_1853_07_0358_20"><composer key="compo_011260">Gintze, Th.</composer>, <title>Chant national des Serbes. Op. <opus key="opus_3181">5</opus></title>. <pubPlace key="place_0731">Wien</pubPlace>, <publisher key="publ_2779">Müller</publisher> 14 Ngr.</bibl>
<bibl id="hofm_1853_07_0358_21"><composer key="compo_011452">Gockel, A.</composer>, <title>Ricordanza. Valse brill. Op. <opus key="opus_4562">9</opus></title>. <pubPlace key="place_0438">Mainz</pubPlace>, <publisher key="publ_3563">Schott</publisher> 54 Xr.</bibl>
<bibl id="hofm_1853_07_0358_22">– <title>L’Adieu. Op. <opus key="opus_0392">12</opus></title>. Ebend. 54 Xr.</bibl>
<bibl id="hofm_1853_07_0358_23"><composer key="compo_012011">Gressler, F.A.</composer>, <title>Musikalische Anthologie. Opern-Volksmelodien etc. Op. <opus key="opus_2116">3</opus>. 3te Lief. <edition>9te Aufl</edition></title>. <pubPlace key="place_0386">Langensalza</pubPlace>, <publisher key="publ_3618">Schulbuchhdl</publisher>. 7½ Ngr. n.</bibl>
<bibl id="hofm_1853_07_0358_24"><composer key="compo_012106">Grimm, J.O.</composer>, <title>Abendbilder. 5 Clavierstücke. Op. <opus key="opus_1372">2</opus> (Abendlandschaft. Bunte Gesellschaft im Freien. Abendröthe. Elfenchor. Harfners Nachruf)</title>. <pubPlace key="place_0392">Leipzig</pubPlace>, <publisher key="publ_0437">Br. u. Härtel</publisher> 25 Ngr.</bibl>
<bibl id="hofm_1853_07_0358_25"><composer key="compo_012419">Grützmacher, Fréd.</composer>, <title>8 Pensées musicales. Op. <opus key="opus_3181">5</opus> (Beruhigung. Schnitterlied. Resignation. Mährchen. Romance. Volkslied. Lied. Rhapsodie)</title>. <pubPlace key="place_0392">Leipzig</pubPlace>, <publisher key="publ_4382">Whistling</publisher> 25 Ngr.</bibl>
<bibl id="hofm_1853_07_0358_26"><composer key="compo_013476">Haslinger, Ch.</composer>, <title>Fantaisie Op. <opus key="opus_4503">87. No. 1</opus></title>. Siehe: <xref type="external" from="hofm_1853_07_0358_14" to="DITTO" targOrder="U">Flore théâtral</xref>.</bibl>
<bibl id="hofm_1853_07_0358_27"><composer key="compo_013697">Haydn, Jos.</composer>, <title>berühmteste Compositionen f. junge Pianisten. mit Fingersatz bearb. v. J. Weiss. No. 1–6</title>. <pubPlace key="place_0044">Berlin</pubPlace>, <publisher key="publ_3471">Schlesinger</publisher> à 12½ Ngr. <lb/><title>No. 1, Allegro de la Sinfonie, in <key>G</key></title>. <lb/>– <title>2, Presto de la Sinfonie, in <key>D</key></title>. <lb/>– <title>3, Finale de la Sinfonie, in <key>G</key></title>.</bibl>
<pb n="359"/>
<bibl id="hofm_1853_07_0359_01"><composer key="compo_013697">Haydn, Jos.</composer>, <title>berühmteste Compositionen f. junge Pianisten, mit Fingersatz bearb. v. J. Weiss. No. 4–6</title>. <pubPlace key="place_0044">Berlin</pubPlace>, <publisher key="publ_3471">Schlesinger</publisher> à 12½ Ngr. <lb/><title>No. 4, Allegro du Quatuor. Op. <opus key="opus_4181">77</opus></title>. <lb/>– <title>5, Andante de la Sinfonie mit dem Paukenschlag</title>. <lb/>– <title>6, Finale de do</title>.</bibl>
<bibl id="hofm_1853_07_0359_02"><composer key="compo_014052">Heller, Steph.</composer>, <title>24 Präludien. Op. <opus key="opus_4354">81</opus>. Heft 1–3</title>. <pubPlace key="place_0392">Leipzig</pubPlace>, <publisher key="publ_0437">Br. u. Härtel</publisher> à 25 Ngr.</bibl>
<bibl id="hofm_1853_07_0359_03"><composer key="compo_015826">Hölzl, Fr. S.</composer>, <title>Scherzo. Op. <opus key="opus_4354">81</opus></title>. <pubPlace key="place_0731">Wien</pubPlace>, <publisher key="publ_1269">Glöggl</publisher> 10 Ngr.</bibl>
<bibl id="hofm_1853_07_0359_04"><composer key="compo_015944">Hünten, Fr.</composer>, <title>Classische Musikstücke mit Fingersatz v. H. Sattler. Op. <opus key="opus_3181">5</opus>, Nocturne brill. et fac. Op. <opus key="opus_3565">6</opus>, 6 Pièces fav. Op. <opus key="opus_3967">7</opus>, Rondo alla Polacca. Op. <opus key="opus_4562">9</opus>, Var. sur le Duo de Winter: Wenn mir dein Auge. Op. <opus key="opus_0021">10</opus>, Gr. Var. sur un Air de Himmel. Op. <opus key="opus_0392">12</opus>, Var. über den Alexander-Marsch. Op. <opus key="opus_0531">13</opus>, Var. über ein Lied: Nur noch ein Walzer. Op. <opus key="opus_0806">15</opus>, Rondoletto. Op. <opus key="opus_1731">24</opus>, Fantasie über Themas der Oper: La Donna del Lago</title>. <pubPlace key="place_0742">Wolfenbüttel</pubPlace>, <publisher key="publ_1756">Holle</publisher> à 2–4 Ngr. n.</bibl>
<bibl id="hofm_1853_07_0359_05"><composer key="compo_017306">Kerté, J</composer>, <title>Polonaise. Op. <opus key="opus_1372">2</opus></title>. <pubPlace key="place_0276">Hamburg</pubPlace>, <publisher key="publ_0640">Cranz</publisher> 10 Ngr.</bibl>
<bibl id="hofm_1853_07_0359_06"><composer key="compo_018168">Kolb, J. de</composer>, <title>Valse brill. Op. <opus key="opus_3565">6</opus></title>. <pubPlace key="place_0392">Leipzig</pubPlace>, <publisher key="publ_0437">Br. u. Härtel</publisher> 15 Ngr.</bibl>
<bibl id="hofm_1853_07_0359_07"><composer key="compo_018698">Krenn, Fr.</composer>, <title>Erinnerung an Gleichenberg. Melodie. Op. <opus key="opus_2804">41</opus></title>. <pubPlace key="place_0731">Wien</pubPlace>, <publisher key="publ_1269">Glöggl</publisher> 10 Ngr.</bibl>
<wip id="hofm_1853_07_0359_08"><composer key="compo_018913">Krug, D.</composer>, <title>Mode-Bibliothek. Fantasien, Transcriptionen etc</title>. <pubPlace key="place_0276">Hamburg</pubPlace>, <publisher key="publ_3605">Schuberth u. Co</publisher>. <lb/><title>No. 21, Donizetti, Die Favoritin. Fantasie. Op. <opus key="opus_3426">56. No. 2</opus></title>. 25 Ngr. <lb/>– <title>22, Schubert, Ave Maria. Transcription</title> 10 Ngr. <lb/>– <title>24, Spohr, Die Kreuzfahrer. Fantasie. Op. <opus key="opus_4300">8</opus></title>. 15 Ngr.</wip>
<bibl id="hofm_1853_07_0359_09">– <title>Der kleine Opernfreund. Sammlung von Potpourris u. Fantasien. No. 4, Adam, Giralda</title>. <pubPlace key="place_0276">Hamburg</pubPlace>, <publisher key="publ_1900">Jowien</publisher> 15 Ngr.</bibl>
<bibl id="hofm_1853_07_0359_10"><composer key="compo_019119">Kullak, Th.</composer>, <title>Die Fahnenweihe aus Rossini’s Oper: Die Belagerung von Corinth. Paraphrase. Op. <opus key="opus_4377">82</opus></title>. <pubPlace key="place_0044">Berlin</pubPlace>, <publisher key="publ_3471">Schlesinger</publisher> 25 Ngr.</bibl>
<bibl id="hofm_1853_07_0359_11">– <title>Die Fahnenwacht. Romanze von P. v. Lindpaintner. Uebertragung. <edition>Neue Aufl</edition></title>. <pubPlace key="place_0276">Hamburg</pubPlace>, <publisher key="publ_3605">Schuberth u. Co</publisher>. 15 Ngr.</bibl>
<bibl id="hofm_1853_07_0359_12"><composer key="compo_020035">Lanz, Jos.</composer>, <title>Grand Valse sentimental. Op. <opus key="opus_1482">21</opus></title>. <pubPlace key="place_0731">Wien</pubPlace>, <publisher key="publ_1269">Glöggl</publisher> 10 Ngr.</bibl>
<bibl id="hofm_1853_07_0359_13">– <title>Frühlingslieder ohne Worte. Op. <opus key="opus_1882">26. No. 1</opus>, Morgenlied an der Quelle</title>. Ebend. 10 Ngr.</bibl>
<bibl id="hofm_1853_07_0359_14"><composer key="compo_020320">Léfébure Wely</composer>, <title>La Ronde des Archers. Marche. Op. <opus key="opus_4070">73</opus></title>. <pubPlace key="place_0438">Mainz</pubPlace>, <publisher key="publ_3563">Schott</publisher> 54 Xr.</bibl>
<bibl id="hofm_1853_07_0359_15"><composer key="compo_020612">Lepont</composer>, <title>Potpourri über beliebte Melodien der Oper: Giovanna d’Arco, v. Verdi</title>. <pubPlace key="place_0731">Wien</pubPlace>, <publisher key="publ_2779">Müller</publisher> 28 Ngr.</bibl>
<wip id="hofm_1853_07_0359_16"><composer key="compo_021137">Liszt, Fr.</composer>, <title>2 Stücke aus R. Wagner’s Tannhäuser und Lohengrin</title>. <pubPlace key="place_0392">Leipzig</pubPlace>, <publisher key="publ_0437">Br. u. Härtel</publisher>. <lb/><title>No. 1, Einzug der Gäste auf Wartburg</title>. 20 Ngr. <lb/>– <title>2, Elsa’s Brautzug zum Münster</title>. 10 Ngr.</wip>
<bibl id="hofm_1853_07_0359_17"><composer key="compo_022325">Martin, H.</composer>, <title>Fleurs de la Saison. Petits Amusements sur des Thèmes fav. Op. <opus key="opus_1406">20. No. 5, 6</opus></title>. <pubPlace key="place_0276">Hamburg</pubPlace>, <publisher key="publ_2870">Niemeyer</publisher> à 12½ Ngr. <lb/><title>No. 5, Albert, La Reine du Bal</title>. <lb/>– <title>6, Gungl, Träume auf dem Ocean</title>.</bibl>
<bibl id="hofm_1853_07_0359_18">– <title>Souvenir de l’Allemagne. 6 petits Morceaux agréables et instruct. Op. <opus key="opus_1512">21. No. 4, 5</opus></title>. Ebend. à 7½ Ngr. <lb/><title>No. 4, Bin ein- und ausgange</title>. <lb/>– <title>5, Ich weiss nicht, was soll das bedeuten</title>.</bibl>
<bibl id="hofm_1853_07_0359_19">– <title>Répertoire de l’Opéra. Pièces choisies des plus célèbres Opéras. Op. <opus key="opus_1731">24</opus>. Nouv. Collection No. 1, Donizetti, La Favorite</title>. Ebend. 20 Ngr.</bibl>
<pb n="360"/>
<bibl id="hofm_1853_07_0360_01"><composer key="compo_022325">Martin, H.</composer>, <title>100 Récréations agréables et instructives choisies des Mélodies célèbres de Bellini, Donizetti, Mercadante, Ricci, Verdi etc. Cah. 1–4</title>. <pubPlace key="place_0276">Hamb</pubPlace>, <publisher key="publ_2870">Niemeyer</publisher> à 15 Ngr.</bibl>
<bibl id="hofm_1853_07_0360_02">– <title>Répertoire de l’Opéra italien. Pièces choisies des plus célèbres Opéras. No. 36, Verdi, Rigoletto</title>. Ebend. 15 Ngr.</bibl>
<bibl id="hofm_1853_07_0360_03"><composer key="compo_022612">Mayer, Ch.</composer>, <title>Myrthen. 12 kleine Clavierstücke. Op. <opus key="opus_0175">106. No. 6</opus>, Studie</title>. <pubPlace key="place_0276">Hamburg</pubPlace>, <publisher key="publ_3605">Schuberth u. Co</publisher>. 7½ Ngr.</bibl>
<bibl id="hofm_1853_07_0360_04">– <title>Jugendblüthen. Album von 24 Charakter-Stücken. Op. <opus key="opus_0427">121</opus>. Heft 3, 4</title>. Ebend. à 1 Rt. <lb/><title>Heft 3, Le jeune Virtuose, Rondo. Norwegischer Tanz. Leid und Freud, Etude. Schlafendes Kind. Tranerweide. Neckereien, <sic>Divermento</sic></title>. <lb/>– <title>4, Die Jagd, Presto, Rosenkränze, Polonaise. Nocturne. Tremolino. Russische Hymne. Etude-Transcription</title>.</bibl>
<wip id="hofm_1853_07_0360_05">– <title>3 Nocturnes</title>. <title>No. 1, in <key>H</key></title>. (5 Ngr) <title>No. 2, in <key>Fm</key></title>. (7½ Ngr.) <pubPlace key="place_0276">Hamburg</pubPlace>, <publisher key="publ_2870">Niemeyer</publisher>.</wip>
<bibl id="hofm_1853_07_0360_06"><composer key="compo_022683">Mayrberger, K.</composer>, <title>Abendgesang. Lied ohne Worte</title>. <pubPlace key="place_0731">Wien</pubPlace>, <publisher key="publ_1269">Glöggl</publisher> 10 Ngr.</bibl>
<bibl id="hofm_1853_07_0360_07"><composer key="compo_023161">Metzger, J.G.</composer>, <title>Transcription über A.E. Titl’s: Ein österreichisches Volkslied</title>. <pubPlace key="place_0731">Wien</pubPlace>, <publisher key="publ_1269">Glöggl</publisher> 10 Ngr.</bibl>
<wip id="hofm_1853_07_0360_08"><composer key="compo_023890">Mozart, W.A.</composer>, <title>Opern. Partition p. Pfte</title>. <pubPlace key="place_0044">Berlin</pubPlace>, <publisher key="publ_0393">B. u. Bock</publisher>. <lb/><title>Cosi fan tutte</title>. 1 Rt. 12½ Ngr. *n. <lb/><title>Don Juan</title>. 1 Rt. 15 Ngr. *n. <lb/><title>Hochzeit des Figaro</title>. 1 Rt. 12½ Ngr. *n. <lb/><title>Titus</title>. 1 Rt. 12½ Ngr. *n. <lb/><title>Zauberflöte</title>. 1 Rt. 5 Ngr. *n.</wip>
<bibl id="hofm_1853_07_0360_09"><composer key="compo_023921">Mulder, R.</composer>, <title>Le Tambour de Basque. Impromptu caractéristique. Op. <opus key="opus_0806">15</opus></title>. <pubPlace key="place_0438">Mainz</pubPlace>, <publisher key="publ_3563">Schott</publisher> 1 Fl.</bibl>
<bibl id="hofm_1853_07_0360_10">– <title>2 Pastorales. Op. <opus key="opus_2670">39</opus> (La Cornemuse. Choeur de Moissonneurs)</title>. <pubPlace key="place_0392">Leipzig</pubPlace>, <publisher key="publ_0437">Br. u. Härtel</publisher> 15 Ngr.</bibl>
<bibl id="hofm_1853_07_0360_11"><composer key="compo_025440">Osborne, G.A.</composer>, <title>Fantaisie de Salon sur Galathée, Opéra de V. Massé. Op. <opus key="opus_4654">94</opus></title>. <pubPlace key="place_0438">Mainz</pubPlace>, <publisher key="publ_3563">Schott</publisher> 1 Fl.</bibl>
<bibl id="hofm_1853_07_0360_12">– <title>La Fée de la Vallée. Valse de Salon. Op. <opus key="opus_4671">95</opus></title>. Ebend. 54 Xr.</bibl>
<bibl id="hofm_1853_07_0360_13">– <title>Les Cloches du Soir. Nocturne. Op. <opus key="opus_4687">96</opus></title>. Ebend. 45 Xr.</bibl>
<bibl id="hofm_1853_07_0360_14"><title>Potpourris sur des Thèmes fav. des Opéras modernes. No. 40, Weber, C.M. v., Der Freischütz, v. E.D. Wagner</title>. <pubPlace key="place_0044">Berlin</pubPlace>, <publisher key="publ_3471">Schlesinger</publisher> 20 Ngr.</bibl>
<bibl id="hofm_1853_07_0360_15"><composer key="compo_027327">Quidant, A.</composer>, <title>Mazeppa. Etude-Galop de Concert. Op. <opus key="opus_1482">21</opus></title>. <pubPlace key="place_0438">Mainz</pubPlace>, <publisher key="publ_3563">Schott</publisher> 54 Xr.</bibl>
<bibl id="hofm_1853_07_0360_16"><composer key="compo_029303">Rée, A.</composer>, <title>Bardoms-Minder. 5 charakteristische Smaastykker. (La Trompette. La Voiture. Le Berceau. La Chasse. Les braves Soldats)</title>. <pubPlace key="place_0360">Copenhagen</pubPlace>, <publisher key="publ_2486">Lose u. Delbanco</publisher> 20 Ngr.</bibl>
<bibl id="hofm_1853_07_0360_17"><composer key="compo_028609">Roda, F. v.</composer>, <title>Elegie mit Benutzung des Chorals: Wer weiss, wie nahe mir mein Ende. Op. <opus key="opus_0234">11</opus></title>. <pubPlace key="place_0276">Hamburg</pubPlace>, <publisher key="publ_2870">Niemeyer</publisher> 20 Ngr.</bibl>
<bibl id="hofm_1853_07_0360_18"><composer key="compo_028854">Rosellen, H.</composer>, <title>Pensées intimes. 2 Romances sans Paroles. Op. <opus key="opus_0658">138</opus></title>. <pubPlace key="place_0438">Mainz</pubPlace>, <publisher key="publ_3563">Schott</publisher> 1 Fl.</bibl>
<bibl id="hofm_1853_07_0360_19"><composer key="compo_028968">Rossini</composer>, <title>Der Barbier von Sevilla. Partition p. Pfte</title>. <pubPlace key="place_0044">Berlin</pubPlace>, <publisher key="publ_0393">B. u. Bock</publisher> 1 Rt. 5 Ngr. *n.</bibl>
<album id="hofm_1853_07_0360_20"><title>Rundschau (musikalisch-theatralische) herausg. v. A.M. Storch. 2ter Jahrg</title>. <pubPlace key="place_0731">Wien</pubPlace>, <publisher key="publ_1269">Glöggl</publisher>. <lb/><title>Lief. 9, <composer key="compo_034621">Titl, A.E.</composer>, Lustspiel-Entr’act No. 2</title>. <lb/>– <title>10, <composer key="compo_033483">Storch</composer>, Amor als Jude. Komische Scene a. d. Ballete: Das Orakel, u. Fiedel-Polka</title>. <lb/>– <title>11, <composer key="compo_003035">Binder, C.</composer>, 2 Entr’actes a. d. Posse: Eine Feindin und ein Freund</title>.</album>
<pb n="361"/>
<album id="hofm_1853_07_0361_01"><title>Rundschau (musikalisch-theatralische) herausg. v. A.M. Storch. 2ter Jahrg</title>. <pubPlace key="place_0731">Wien</pubPlace>, <publisher key="publ_1269">Glöggl</publisher>. <lb/><title>Lief. 12, <composer key="compo_003035">Binder, C.</composer>, Sturmvogel-Quadrille</title>. <lb/>– <title>13, – Ouverture zur Posse: Eine Feindin und ein Freund</title>.</album>
<bibl id="hofm_1853_07_0361_02"><composer key="compo_029827">Sawath, Caroline</composer>, <title>Das Echo. Etude. Op. <opus key="opus_0001">1</opus></title>. <pubPlace key="place_0731">Wien</pubPlace>, <publisher key="publ_2779">Müller</publisher> 10 Ngr.</bibl>
<bibl id="hofm_1853_07_0361_03"><composer key="compo_032801">Sponholz, A.H.</composer>, <title>4ième Bouquet musical. Op. <opus key="opus_1999">28</opus> (Nocturne. Marche de la Campagne. Polka. Rondino. Scherzo. Gr. Valse de Salon)</title>. <pubPlace key="place_0276">Hamburg</pubPlace>, <publisher key="publ_3605">Schuberth et Co</publisher>. 1 Rt.</bibl>
<bibl id="hofm_1853_07_0361_04"><composer key="compo_033085">Steibelt, D.</composer> <title>L’Orage. Rondeau pastorale</title> (De son Concert 3ième). <pubPlace key="place_0044">Berlin</pubPlace>, <publisher key="publ_3471">Schlesinger</publisher>, <pubPlace key="place_0436">Magdeburg</pubPlace>, <publisher key="publ_1560">Heinrichshofen</publisher> 15 Ngr.</bibl>
<wip id="hofm_1853_07_0361_05"><composer key="compo_033355">Stiehl, H.</composer>, <title>3 Transcriptionen. Op. <opus key="opus_1165">18</opus></title>. <title>No. 1, Lied v. Himmel</title> (12½ Ngr.) <title>No. 2, Soldaten-Abschied</title> (15 Ngr.) <title>No. 3, Loreley</title> (15 Ngr.) <pubPlace key="place_0276">Hamburg</pubPlace>, <publisher key="publ_2870">Niemeyer</publisher>.</wip>
<bibl id="hofm_1853_07_0361_06">– <title>2 Impromptus. Op. <opus key="opus_1271">19</opus></title>. Ebend. 15 Ngr.</bibl>
<bibl id="hofm_1853_07_0361_07"><composer key="compo_034013">Szekely, E</composer>, <title>Le Songe. Valse brill. Op. <opus key="opus_2187">31</opus></title>. <pubPlace key="place_0276">Hamburg</pubPlace>, <publisher key="publ_2870">Niemeyer</publisher> 10 Ngr.</bibl>
<bibl id="hofm_1853_07_0361_08"><composer key="compo_034102">Talexy, A.</composer>, <title>Mandolines espagnoles. 3 Fantaisies brill. Op. <opus key="opus_2066">29</opus>. No. 1, Le Carneval. No. 2, La Sérénade. No. 3, La Danse</title>. <pubPlace key="place_0438">Mainz</pubPlace>, <publisher key="publ_3563">Schott</publisher> à 1 Fl.</bibl>
<bibl id="hofm_1853_07_0361_09"><composer key="compo_035908">Wagner, R.</composer>, <title>Lohengrin. Romantische Oper. <format>Clavierauszug</format> ohne Worte</title>. <pubPlace key="place_0392">Leipzig</pubPlace>, <publisher key="publ_0437">Br. u. Härtel</publisher> geh. 5 Rt.</bibl>
<bibl id="hofm_1853_07_0361_10"><composer key="compo_036249">Weber, C.M. v.</composer>, <title>Polonaise brill. Op. <opus key="opus_4045">72</opus>, instrumentirt v. F. Liszt</title>. <pubPlace key="place_0044">Berlin</pubPlace>, <publisher key="publ_3471">Schlesinger</publisher> 1 Rt.</bibl>
<bibl id="hofm_1853_07_0361_11"><composer key="compo_036323">Wehle, Ch.</composer>, <title>Fête bohémienne. Caprice. Op. <opus key="opus_1999">28</opus></title>. <pubPlace key="place_0044">Berlin</pubPlace>, <publisher key="publ_3471">Schlesinger</publisher> 20 Ngr.</bibl>
<bibl id="hofm_1853_07_0361_12">– <title>2e gr. Valse brill. Op. <opus key="opus_2066">29</opus></title>. Ebend. 15 Ngr.</bibl>
</div><div id="hofm_1853_07_0361_div10"><head><hofClass key="hofCl_0273">Ouverturen für das Pianoforte.</hofClass></head>
<bibl id="hofm_1853_07_0361_13"><composer key="compo_001079">Auber, D.F.E.</composer>, <title>Ouverture de Marco Spada. Opéra comique</title>. <pubPlace key="place_0438">Mainz</pubPlace>, <publisher key="publ_3563">Schott</publisher> 54 Xr.</bibl>
<bibl id="hofm_1853_07_0361_14">– Idem av. Violon. Ebend. 1 Fl. 12 Xr.</bibl>
</div><div id="hofm_1853_07_0361_div11"><head><hofClass key="hofCl_0288">Tänze für das Pianoforte.</hofClass></head>
<bibl id="hofm_1853_07_0361_15"><composer key="compo_000088">Adam</composer>, <title>Polka-Redowa aus Giralda</title>. <pubPlace key="place_0276">Hamburg</pubPlace>, <publisher key="publ_2870">Niemeyer</publisher> 5 Ngr.</bibl>
<bibl id="hofm_1853_07_0361_16"><composer key="compo_000248">Alary</composer>, <title>Henriette-Sontag-Polka</title>. <pubPlace key="place_0276">Hamburg</pubPlace>, <publisher key="publ_1900">Jowien</publisher> 5 Ngr.</bibl>
<bibl id="hofm_1853_07_0361_17"><composer key="compo_002077">Beethoven. L. v.</composer>, <title>Sehnsuchts-, Schmerzens- und Hoffnungs-Walzer</title>. <pubPlace key="place_0742">Wolfenbüttel</pubPlace>, <publisher key="publ_1756">Holle</publisher> 2 Ngr. n.</bibl>
<bibl id="hofm_1853_07_0361_18">– <title>The celebrated serious Waltz, transposed to a new Notation by E. v. Heeringen</title>. <pubPlace key="place_0276">Hamburg</pubPlace>, <publisher key="publ_3605">Schuberth u. Co</publisher>. 5 Ngr.</bibl>
<wip id="hofm_1853_07_0361_19"><composer key="compo_002405">Berens, C.</composer>, <title>Tänze</title>. <title>No. 19, Minna-Redowa</title>. <title>No. 20, Indra-Redowa</title>. <title>No. 21, Indra-Polka</title>. (à 5 Ngr.) <title>No. 22, Indra-Galopp</title> (7½ Ngr.) <pubPlace key="place_0276">Hamburg</pubPlace>, <publisher key="publ_2870">Niemeyer</publisher>.</wip>
<bibl id="hofm_1853_07_0361_20"><composer key="compo_003035">Binder, C.</composer>, <title>Sturmvogel-Quadrille nach Motiven der Posse: Eine Feindin und ein Freund</title>. <pubPlace key="place_0731">Wien</pubPlace>, <publisher key="publ_1269">Glöggl</publisher> 10 Ngr.</bibl>
<bibl id="hofm_1853_07_0361_21"><composer key="compo_004458">Brustl, G.</composer>, <title>Paulinen-Redowa</title>. <pubPlace key="place_0276">Hamburg</pubPlace>, <publisher key="publ_1900">Jowien</publisher> 5 Ngr.</bibl>
<bibl id="hofm_1853_07_0361_22"><composer key="compo_004709">Burgmüller, Ferd.</composer>, <title>Le Clair de la Lune. Mondschein-Redowa</title>. <pubPlace key="place_0276">Hamburg</pubPlace>, <publisher key="publ_3605">Schuberth u. Co</publisher>. 5 Ngr.</bibl>
<bibl id="hofm_1853_07_0361_23"><composer key="compo_005804">Cobelli, B.</composer>, <title>Album-Redowa</title>. <pubPlace key="place_0276">Hamburg</pubPlace>, <publisher key="publ_1900">Jowien</publisher> 5 Ngr.</bibl>
<bibl id="hofm_1853_07_0361_24"><composer key="compo_006706">Deldevezo</composer>, <title>Los Toreadores. Polka-Mazurka, a. d. Ballet: Das schöne Mädchen von Gent, arr. v. P. Hertel</title>. <pubPlace key="place_0044">Berlin</pubPlace>, <publisher key="publ_3471">Schlesinger</publisher> 5 Ngr.</bibl>
<bibl id="hofm_1853_07_0361_25"><composer key="compo_007224">Doppler, J.H.</composer>, <title>Redowa orientale. Op. <opus key="opus_0314">114</opus></title>. <pubPlace key="place_0276">Hamburg</pubPlace>, <publisher key="publ_3605">Schuberth u. Co</publisher>. 5 Ngr.</bibl>
<pb n="362"/>
<bibl id="hofm_1853_07_0362_01"><composer key="compo_007224">Doppler, J.H.</composer>, <title>6 Quadrilles sur des Thèmes fav. des Opéras modernes. Op. <opus key="opus_0641">136</opus>. No. 4–6. No. 4, Sanelli, Luisa Strozzi. No. 5, Verdi, L’Assedio di Harlem. No. 6, Verdi, Stiffelio</title>. <pubPlace key="place_0276">Hamburg</pubPlace>, <publisher key="publ_2870">Niemeyer</publisher> à 10 Ngr.</bibl>
<bibl id="hofm_1853_07_0362_02">– <title>Pepita-Tänze. Op. <opus key="opus_0840">151</opus>. No. 1, Pepita-Polka. No. 2, Pepita-Galopp. No. 3, Pepita-Redowa</title>. <pubPlace key="place_0276">Hamburg</pubPlace>, <publisher key="publ_1900">Jowien</publisher> à 5 Ngr.</bibl>
<bibl id="hofm_1853_07_0362_03">– <title>Liebeslocken-Galopp</title>. <pubPlace key="place_0276">Hamburg</pubPlace>, <publisher key="publ_1900">Jowien</publisher> 5 Ngr.</bibl>
<bibl id="hofm_1853_07_0362_04"><composer key="compo_007599">Duvernoy, J.B.</composer>, <title>Melancolia. Redowa</title>. <pubPlace key="place_0438">Mainz</pubPlace>, <publisher key="publ_3563">Schott</publisher> 27 Xr.</bibl>
<bibl id="hofm_1853_07_0362_05"><composer key="compo_008660">Ettling, E.</composer>, <title>Polka des Abeilles du Juif errant</title>. <pubPlace key="place_0438">Mainz</pubPlace>, <publisher key="publ_3563">Schott</publisher> 36 Xr.</bibl>
<bibl id="hofm_1853_07_0362_06"><composer key="compo_010827">Geiger, Comtesse</composer>, <title>Ein Volks-Walzer. Op. <opus key="opus_1584">22</opus></title>. <pubPlace key="place_0731">Wien</pubPlace>, <publisher key="publ_1269">Glöggl</publisher> 10 Ngr.</bibl>
<bibl id="hofm_1853_07_0362_07"><composer key="compo_011213">Giese, Th</composer>, <title>Tänze. No. 14, Giralda-Polka</title>. <pubPlace key="place_0276">Hamburg</pubPlace>, <publisher key="publ_2870">Niemeyer</publisher> 5 Ngr.</bibl>
<bibl id="hofm_1853_07_0362_08">– <title>Die schönsten Augen (Les plus beaux Yeux). Redowa</title>. <pubPlace key="place_0276">Hamburg</pubPlace>, <publisher key="publ_3605">Schuberth u. Co</publisher> 7½ Ngr.</bibl>
<bibl id="hofm_1853_07_0362_09">– <title>Bertha-Galopp</title>. Ebend. 5 Ngr.</bibl>
<bibl id="hofm_1853_07_0362_10">– <title>Das Mailüfterl (Le Zephir de Mai). Redowa</title>. Ebend. 7½ Ngr.</bibl>
<bibl id="hofm_1853_07_0362_11">– <title>Paulinen-Polka</title>. Ebend. 5 Ngr.</bibl>
<bibl id="hofm_1853_07_0362_12">– <title>Wilhelminen-Polka</title>. Ebend. 5 Ngr.</bibl>
<bibl id="hofm_1853_07_0362_13"><composer key="compo_012298">Gruntzdorff, J.</composer>, <title>Tyroler-Walzer</title>. <pubPlace key="place_0276">Hamburg</pubPlace>, <publisher key="publ_1900">Jowien</publisher> 5 Ngr.</bibl>
<bibl id="hofm_1853_07_0362_14"><composer key="compo_013156">Hamm, J.V.</composer>, <title>Tischrückungs-Galopp</title>. <pubPlace key="place_0438">Mainz</pubPlace>, <publisher key="publ_3563">Schott</publisher> 27 Xr.</bibl>
<bibl id="hofm_1853_07_0362_15"><composer key="compo_013603">Hauptner, Th.</composer>, <title>Münchhausen-Polka, aus der Posse: Münchhausen, v. Kalisch</title>. <pubPlace key="place_0044">Berlin</pubPlace>, <publisher key="publ_3471">Schlesinger</publisher> 7½ Ngr.</bibl>
<bibl id="hofm_1853_07_0362_16"><composer key="compo_014194">Henning, C.</composer>, <title>Elsterklänge. Walzer. Op. <opus key="opus_0137">104</opus></title>. <pubPlace key="place_0753">Zeitz</pubPlace>, <publisher key="publ_1180">Garcke</publisher> 12½ Ngr.</bibl>
<wip id="hofm_1853_07_0362_17"><composer key="compo_014501">Hertel, P.</composer>, <title>Tänze aus Taglioni’s Ballet: Die lustigen Musketiere</title>. <pubPlace key="place_0044">Berlin</pubPlace>, <publisher key="publ_3471">Schlesinger</publisher>. <lb/><title>No. 1, Quadrille. Op. <opus key="opus_4300">8</opus></title>. 10 Ngr. <lb/>– <title>2, Polka. Op. <opus key="opus_4562">9</opus></title>. 5 Ngr.</wip>
<bibl id="hofm_1853_07_0362_18"><composer key="compo_015930">Hünerfürst, H.</composer>, <title>Zur Erinnerung an die sächsische Schweiz. Schandauer Bad-Polka. Op. <opus key="opus_1731">24</opus></title>. <pubPlace key="place_0147">Dresden</pubPlace>, <publisher key="publ_0199">Bauer</publisher> 5 Ngr.</bibl>
<bibl id="hofm_1853_07_0362_19">– <title>Ludovica-Polka. Op. <opus key="opus_1802">25</opus></title>. <pubPlace key="place_0147">Dresden</pubPlace>, <publisher key="publ_0199">Bauer</publisher> 5 Ngr.</bibl>
<bibl id="hofm_1853_07_0362_20"><composer key="compo_016015">Immler, C.</composer>, <title>Erholungsstunden. Auswahl ansprechender Tänze u. Märsche. 3tes Heft</title>. <pubPlace key="place_0386">Langensalza</pubPlace>, <publisher key="publ_3618">Schulbuchhdl</publisher>. 10 Ngr. u.</bibl>
<bibl id="hofm_1853_07_0362_21"><composer key="compo_016546">Jourdan, Ph</composer>, <title>Le Dahlia bleu. Polka-Mazurka. Op. <opus key="opus_3565">6</opus> mit col. gedr. Vign</title>. <pubPlace key="place_0438">Mainz</pubPlace>, <publisher key="publ_3563">Schott</publisher> 36 Xr.</bibl>
<bibl id="hofm_1853_07_0362_22"><composer key="compo_016571">Jullien</composer>, <title>Jenny-Redowa</title>. <pubPlace key="place_0276">Hamburg</pubPlace>, <publisher key="publ_2870">Niemeyer</publisher> 5 Ngr.</bibl>
<bibl id="hofm_1853_07_0362_23">– <title>Les Patineurs. Schlittschuh-Walzer</title>. <pubPlace key="place_0276">Hamburg</pubPlace>, <publisher key="publ_3605">Schuberth u Co</publisher>. 5 Ngr.</bibl>
<bibl id="hofm_1853_07_0362_24"><composer key="compo_017082">Kaulich, Jos.</composer>, <title>Erinnerung an Mayer, Meyerbeer, Schulhoff, Spohr und Thalberg. Walzer. Op. <opus key="opus_4562">9</opus></title>. <pubPlace key="place_0731">Wien</pubPlace>, <publisher key="publ_1269">Glöggl</publisher> 15 Ngr.</bibl>
<bibl id="hofm_1853_07_0362_25"><composer key="compo_017263">Kerle, J.</composer>, <title>Elfen-Polka. Op. <opus key="opus_0001">1</opus></title>. <pubPlace key="place_0276">Hamburg</pubPlace>, <publisher key="publ_0640">Cranz</publisher> 5 Ngr.</bibl>
<wip id="hofm_1853_07_0362_26"><composer key="compo_017770">Kliegl, H.A.</composer>, <title>Emser Bad-Saison. Neue bel. Tänze</title>. <pubPlace key="place_0438">Mainz</pubPlace>, <publisher key="publ_3563">Schott</publisher>. <lb/><title>No. 24, Frohsinn-Walzer. Op. <opus key="opus_3416">56</opus></title>. 45 Xr. <lb/>– <title>25, Fortuna-Galopp. Op. <opus key="opus_3454">57</opus></title>. 27 Xr.</wip>
<bibl id="hofm_1853_07_0362_27"><composer key="compo_018888">Kroschwitz, C.F.</composer>, <title>Militär-Galopp. Op. <opus key="opus_2630">38</opus></title>. <pubPlace key="place_0276">Hamburg</pubPlace>, <publisher key="publ_2870">Niemeyer</publisher> 5 Ngr.</bibl>
<bibl id="hofm_1853_07_0362_28"><composer key="compo_019654">Labitzky, Jos.</composer>, <title>Zur Rosenzeit. Walzer. Op. <opus key="opus_1457">208</opus></title>. <pubPlace key="place_0392">Leipzig</pubPlace>, <publisher key="publ_1746">Hofmeister</publisher> 15 Ngr.</bibl>
<bibl id="hofm_1853_07_0362_29">– <title>Ball-Sträusschen. Sammlung beliebter Tänze im leichtesten Arrangement. Heft 92, Zur Rosenzeit. Walzer</title>. Ebend. 10 Ngr.</bibl>
<bibl id="hofm_1853_07_0362_30"><composer key="compo_021426">Lucker, W.A.</composer>, <title>Julien-Polka und Louisen-Polka. Op. <opus key="opus_3565">6</opus></title>. <pubPlace key="place_0276">Hamburg</pubPlace>, <publisher key="publ_1900">Jowien</publisher> 5 Ngr.</bibl>
<bibl id="hofm_1853_07_0362_31">– <title>Prager Zapfenstreich-Polka. Op. <opus key="opus_2187">31</opus></title>. <pubPlace key="place_0276">Hamburg</pubPlace>, <publisher key="publ_1900">Jowien</publisher> 5 Ngr.</bibl>
<bibl id="hofm_1853_07_0362_32"><composer key="compo_021750">Lüer, C.</composer>, <title>Julien-Redowa</title>. <pubPlace key="place_0276">Hamburg</pubPlace>, <publisher key="publ_1900">Jowien</publisher> 5 Ngr.</bibl>
<bibl id="hofm_1853_07_0362_33">– <title>Redowa-Pastorale</title>. Ebend. 5 Ngr.</bibl>
<bibl id="hofm_1853_07_0362_34">– <title>Sophien-Redowa</title>. <pubPlace key="place_0276">Hamburg</pubPlace>, <publisher key="publ_2870">Niemeyer</publisher> 5 Ngr.</bibl>
<pb n="363"/>
<bibl id="hofm_1853_07_0363_01"><composer key="compo_022373">Marx, H.</composer>, <title>Le Père Tom. Quadrille</title>. <pubPlace key="place_0438">Mainz</pubPlace>, <publisher key="publ_3563">Schott</publisher> 36 Xr.</bibl>
<bibl id="hofm_1853_07_0363_02"><composer key="compo_023078">Messemaeckers, J.</composer>, <title>Frühlings-Schottisch. Op. <opus key="opus_4562">9</opus></title>. <pubPlace key="place_0438">Mainz</pubPlace>, <publisher key="publ_3563">Schott</publisher> 18 Xr.</bibl>
<bibl id="hofm_1853_07_0363_03"><composer key="compo_023954">Musard</composer>, <title>Allemande (Ländler)</title>. <pubPlace key="place_0276">Hamburg</pubPlace>, <publisher key="publ_3605">Schuberth u. Co</publisher>. 7½ Ngr.</bibl>
<wip id="hofm_1853_07_0363_04"><title>Nationaltänze (spanische) von den Damen Pepita de Oliva, Taglioni, Cerrito etc. No. 1–6</title>. <pubPlace key="place_0044">Berlin</pubPlace>, <publisher key="publ_3471">Schlesinger</publisher> 15 Ngr. <listBibl rend="curly"><bibl><seg><title>No. 1, Jaleo de Xerez</title></seg><seg id="hofm_1853_07_0363_04_1" rend="curly-left">.à 5 Ngr. </seg></bibl><bibl><seg>– <title>2, El Ole</title></seg><seg sameAs="hofm_1853_07_0363_04_1">.</seg></bibl><bibl><seg>– <title>3, La Madrilena</title></seg><seg sameAs="hofm_1853_07_0363_04_1">.</seg></bibl><bibl><seg>– <title>4, La Cachucha</title></seg><seg sameAs="hofm_1853_07_0363_04_1">.</seg></bibl><bibl><seg>– <title>5, Aragonaise u. Jaleo</title></seg><seg sameAs="hofm_1853_07_0363_04_1">.</seg></bibl><bibl><seg>– <title>6, La Seguidilla</title></seg><seg sameAs="hofm_1853_07_0363_04_1">.</seg></bibl></listBibl></wip>
<bibl id="hofm_1853_07_0363_05"><composer key="compo_025815">Pasdeloup, J.</composer>, <title>Polka sur Marco Spada. Opéra d’Auber</title>. <pubPlace key="place_0438">Mainz</pubPlace>, <publisher key="publ_3563">Schott</publisher> 27 Xr.</bibl>
<wip id="hofm_1853_07_0363_06"><title>Pepita de Oliva-Tänze</title>. <pubPlace key="place_0436">Magdeburg</pubPlace>, <publisher key="publ_1560">Heinrichshofen</publisher>. <lb/><title>No. 1, Il Jaleo de Xeres. El Ole</title>. 8 Ngr. <lb/>– <title>2, Grothe, A., Pepita-Redowa</title>. 5 Ngr.</wip>
<bibl id="hofm_1853_07_0363_07"><composer key="compo_027530">Ranken, J.G.</composer>, <title>Kathinka-Polka</title>. <pubPlace key="place_0276">Hamburg</pubPlace>, <publisher key="publ_3605">Schuberth u. Co</publisher>. 5 Ngr.</bibl>
<bibl id="hofm_1853_07_0363_08"><composer key="compo_031584">Reffächs, T. (Aug. Schäffer)</composer> <title>Anna- und Original-Polka-Mazur</title>. <pubPlace key="place_0044">Berlin</pubPlace>, <publisher key="publ_3471">Schlesinger</publisher> 5 Ngr.</bibl>
<bibl id="hofm_1853_07_0363_09"><composer key="compo_028250">Richter, C.</composer>, <title>Freundschafts-Polonaise und Friedens-Polka. Op. <opus key="opus_1932">27</opus></title>. <pubPlace key="place_0392">Leipzig</pubPlace>, <publisher key="publ_4382">Whistling</publisher> 5 Ngr.</bibl>
<bibl id="hofm_1853_07_0363_10">– <title>Carneval-Tänze. Op. <opus key="opus_1999">28</opus> (Polonaise, 3 Walzer, 3 Galoppen, 3 Polka, Masurek und Wiedersehen-Walzer)</title>. Ebend. 15 Ngr. n.</bibl>
<bibl id="hofm_1853_07_0363_11"><composer key="compo_031117">Schubert, F.L.</composer>, <title>3 Nigger-Polkas. Op. <opus key="opus_3244">51</opus> (Topsy. Eliza. Chloe)</title>. <pubPlace key="place_0392">Leipzig</pubPlace>, <publisher key="publ_0437">Br. u. Härtel</publisher> 10 Ngr.</bibl>
<bibl id="hofm_1853_07_0363_12"><composer key="compo_031201">Schultz, A.</composer>, <title>Rainville’s-Gartenpolka</title>. <pubPlace key="place_0276">Hamburg</pubPlace>, <publisher key="publ_2870">Niemeyer</publisher> 5 Ngr.</bibl>
<bibl id="hofm_1853_07_0363_13"><composer key="compo_031771">Scola, A.</composer>, <title>La Clochette. Polka-Mazurka. Op. <opus key="opus_4562">9</opus></title>. <pubPlace key="place_0438">Mainz</pubPlace>, <publisher key="publ_3563">Schott</publisher> 36 Xr.</bibl>
<bibl id="hofm_1853_07_0363_14"><composer key="compo_033355">Stiehl, H.</composer>, <title>Polka-Mazurka. Op. <opus key="opus_1932">27</opus></title>. <pubPlace key="place_0276">Hamburg</pubPlace>, <publisher key="publ_1900">Jowien</publisher> 7½ Ngr.</bibl>
<bibl id="hofm_1853_07_0363_15"><composer key="compo_033569">Strauss, Joh.</composer>, <title>Freuden-Gruss-Polka. Op. <opus key="opus_0495">127</opus></title>. <pubPlace key="place_0731">Wien</pubPlace>, <publisher key="publ_1506">Haslinger</publisher> 7 Ngr.</bibl>
<bibl id="hofm_1853_07_0363_16">– <title>Solon-Sprüche. Walzer. Op. <opus key="opus_0501">128</opus></title>. Ebend. 15 Ngr.</bibl>
<bibl id="hofm_1853_07_0363_17">– <title>Motor-Quadrille. Op. <opus key="opus_0511">129</opus></title>. Ebend. 10 Ngr.</bibl>
<bibl id="hofm_1853_07_0363_18">– <title>Aesculap-Polka Op. <opus key="opus_0559">130</opus></title>. Ebend. 7 Ngr.</bibl>
<bibl id="hofm_1853_07_0363_19"><composer key="compo_036260">Weber, Franz</composer>, <title>Polka</title>. <pubPlace key="place_0731">Wien</pubPlace>, <publisher key="publ_1269">Glöggl</publisher> 10 Ngr.</bibl>
</div><div id="hofm_1853_07_0363_div12"><head><hofClass key="hofCl_0250">Märsche für das Pianoforte.</hofClass></head>
<bibl id="hofm_1853_07_0363_20"><composer key="compo_030467">Schmeer, G.</composer>, <title>Marsch über das Lied: Mein Engel, v. Esser</title>. <pubPlace key="place_0438">Mainz</pubPlace>, <publisher key="publ_3563">Schott</publisher> 18 Xr.</bibl>
</div><div id="hofm_1853_07_0363_div13"><head><hofClass key="hofCl_0072">Lehrbücher für das Pianoforte.</hofClass></head>
<bibl id="hofm_1853_07_0363_21"><composer key="compo_023828">Moscheles, J.</composer>, u. <composer key="compo_010342">Fetis</composer>, <title>Die vollständigste Pianoforte-Schule, oder die Kunst des Pianofortespiels. 1ste Abth. <edition>Neue Aufl</edition></title>. <pubPlace key="place_0044">Berlin</pubPlace>, <publisher key="publ_3471">Schlesinger</publisher> geh. 3 Rt. 10 Ngr.</bibl>
</div><div id="hofm_1853_07_0363_div14"><head><hofClass key="hofCl_0225">Musik für die Orgel.</hofClass></head>
<bibl id="hofm_1853_07_0363_22"><composer key="compo_031968">Seitz</composer>, <title>Der Orgelspieler. Sammlung auserlesener Preludien, Fughetten, Versetten etc. d. vorz. Componisten. Heft 1</title>. 4to. <pubPlace key="place_0386">Langensalza</pubPlace>, <publisher key="publ_3618">Schulbuchhdl</publisher>. 7½ Ngr. n.</bibl>
</div><div id="hofm_1853_07_0363_div15"><head><hofClass key="hofCl_0210">Musik für die Harfe.</hofClass></head>
<bibl id="hofm_1853_07_0363_23"><composer key="compo_025180">Oberthür, C.</composer>, <title>Wiegenlied. Melodie f. Harfe (od. Pfte). Op. <opus key="opus_4639">93</opus></title>. <pubPlace key="place_0147">Dresden</pubPlace>, <publisher key="publ_0199">Bauer</publisher> 7½ Ngr.</bibl>
<pb n="364"/>
<bibl id="hofm_1853_07_0364_01"><composer key="compo_025767">Parish-Alvars</composer>, <title>La Danse des Fées. Morceau caractéristique p. Harpe. Op. <opus key="opus_4153">76</opus></title>. <pubPlace key="place_0276">Hamburg</pubPlace>, <publisher key="publ_3605">Schuberth u. Co</publisher>. 17½ Ngr.</bibl>
<bibl id="hofm_1853_07_0364_02">– <title>Grande Marche p. Harpe</title>. <pubPlace key="place_0276">Hamburg</pubPlace>, <publisher key="publ_3605">Schuberth u. Co</publisher>. 12½ Ngr.</bibl>
</div><div id="hofm_1853_07_0364_div16"><head><hofClass key="hofCl_0068">Kirchenmusik.</hofClass></head>
<bibl id="hofm_1853_07_0364_03"><composer key="compo_003789">Bortniansky</composer>, <title>Gloria in excelsis (Ehre sei Gott in der Höhe) f. 4 Singst. <format>Part</format></title>. (Musica sacra No. 37). <pubPlace key="place_0044">Berlin</pubPlace>, <publisher key="publ_3471">Schlesinger</publisher> 7½ Ngr.</bibl>
<bibl id="hofm_1853_07_0364_04"><title>Choral-Melodien (evangelische) nach Fischer’s Choralbuche. 1ste Abth. III Choral-Melodien zum Dresdner Gesangbuche</title>. 8. <pubPlace key="place_0386">Langensalza</pubPlace>, <publisher key="publ_2052">Klinghammer</publisher> 1½ Ngr. *n.</bibl>
<bibl id="hofm_1853_07_0364_05"><title>Hauschoralbuch. Alte und neue Choralgesänge mit vierst. Harmonien u. mit Texten. <edition>3te verb. Aufl</edition>. 2te Lief</title>. gr.-8. <pubPlace key="place_0265">Gütersloh</pubPlace>, <publisher key="publ_0285">Bertelsmann</publisher> geh. 10 Ngr. *n.</bibl>
<bibl id="hofm_1853_07_0364_06"><composer key="compo_016102">Jacob, F.A.L.</composer>, <title>Neuester Festtagssänger. 24 Figuralgesänge oder sogenannte Arien f. Weihnacht, Neujahr, Charfreitag etc. Op. <opus key="opus_1584">22</opus></title>. <pubPlace key="place_0392">Leipzig</pubPlace>, <publisher key="publ_2655">Merseburger</publisher> geh. 7½ Ngr. n.</bibl>
<bibl id="hofm_1853_07_0364_07"><composer key="compo_017359">Keyfel, F.P.</composer>, <title>Kirchenchoräle. 3te Lief. 4 Graduale im alten Musikstyl, f. 4 Singst. u. Orgel</title>. gr.-8. <pubPlace key="place_0509">Nördlingen</pubPlace>, <publisher key="publ_0236">Beck’sche Buchhdl</publisher>. 30 Xr.</bibl>
<bibl id="hofm_1853_07_0364_08"><title>Kirchen-Musik-Archiv. Lief. 4. Randhartinger, B., Graduale (Benedicta et venerabilis) f. 2 Sopr. u. 2 Alte, kl. Orch. u. Orgel</title>. <pubPlace key="place_0731">Wien</pubPlace>, <publisher key="publ_1269">Glöggl</publisher>. Subscr.-Pr. f. 12 Lief. 8 Rt. n.</bibl>
<bibl id="hofm_1853_07_0364_09"><composer key="compo_024973">Nolte, J.F.</composer>, <title>Choralmelodien zum kathol. Gebet- u. Gesangbuche v. J.A. Hüer. (In Tonziffern)</title>. 8. <pubPlace key="place_0633">Soest</pubPlace>, <publisher key="publ_2814">Nasse’sche Buchhandlung</publisher> geh. 8 Ngr. *n.</bibl>
<bibl id="hofm_1853_07_0364_10"><composer key="compo_029710">Santner, C.</composer>, <title>Passions-Cantate f. Männerchor u. Solo m. Begl. v. 4 Waldhörnern. <format>Partitur</format></title>. 8vo. <pubPlace key="place_0731">Wien</pubPlace>, <publisher key="publ_1269">Glöggl</publisher> 25 Ngr.</bibl>
<bibl id="hofm_1853_07_0364_11"><title>Sion. Sammlung klassischer geistlicher Gesänge f. Alt m. Pfte, v. Händel, Pergolese, Hasse etc, herausg. v. C. Klage. Lief. 2 (No. 25–48)</title>. <pubPlace key="place_0044">Berlin</pubPlace>, <publisher key="publ_3471">Schlesinger</publisher> geh. 3. Rt. 15 Ngr.</bibl>
<wip id="hofm_1853_07_0364_12"><composer key="compo_035416">Verhulst, J.J.H.</composer>, <title>Missa vocibus virilibus Tenori et Bassi cum Organo. Op. <opus key="opus_3204">50</opus> <format>Partitur</format></title>. <pubPlace key="place_0011">Amsterdam</pubPlace>, <publisher key="publ_4027">Theune u. Co</publisher>. 3½ Fl. (<format>Singtimmen</format> 1 Fl. 40 cts.)</wip>
<bibl id="hofm_1853_07_0364_13"><composer key="compo_035448">Vittoria, L.</composer>, <title>Responsorium: Popule meus (Sage, mein Volk) f. 4 Männerst</title>. (Musica sacra No. 38). <pubPlace key="place_0044">Berlin</pubPlace>, <publisher key="publ_3471">Schlesinger</publisher> 5 Ngr.</bibl>
<bibl id="hofm_1853_07_0364_14"><composer key="compo_037358">Witzka, C.B.</composer>, <title>Solenne latein. Messe f. 4 Singst., Orch. u. Orgel. Op. <opus key="opus_1165">18</opus>. in <key>C</key>. <edition>Neue Aufl</edition></title>. <pubPlace key="place_0026">Augsburg</pubPlace>, <publisher key="publ_0538">Böhm</publisher> 5 Fl. 24 Xr.</bibl>
<bibl id="hofm_1853_07_0364_15"><composer key="compo_037618">Wuerst, R.</composer>, <title>Der 28ste Psalm f. dreistimm. Frauenchor u. Solo m. Pfte. Op. <opus key="opus_1731">24</opus>. <format>Partitur</format></title>. <pubPlace key="place_0436">Magdeburg</pubPlace>, <publisher key="publ_1560">Heinrichshofen</publisher> 22½ Ngr.</bibl>
<bibl id="hofm_1853_07_0364_16">– <title>Geistliches Lied f. vierstimm. Frauenchor u. Solo m. Pfte. Op. <opus key="opus_1932">27</opus>. <format>Partitur</format></title>. <pubPlace key="place_0436">Magdeburg</pubPlace>, <publisher key="publ_1560">Heinrichshofen</publisher> 7½ Ngr.</bibl>
</div><div id="hofm_1853_07_0364_div17"><head><hofClass key="hofCl_0021">Gesangstücke für Concertmusik mit Begleitung mehrerer Instrumente.</hofClass></head>
<bibl id="hofm_1853_07_0364_17"><composer key="compo_032184">Sieber, F.</composer>, <title>Leid und Lust. Gedicht v. E. Geibel, f. Sopran (od. Ten.) m. Pfte u. obl. Vclle (od. Horn). Op. <opus key="opus_4562">9</opus></title>. <pubPlace key="place_0436">Magdeburg</pubPlace>, <publisher key="publ_1560">Heinrichshofen</publisher> 12½ Ngr.</bibl>
<bibl id="hofm_1853_07_0364_18"><composer key="compo_034621">Titl, A.E.</composer>, <title>Ein österreichisches Volkslied (Heil dem Hause Oesterreich) v. O. Prechtler, f. Sopr., Alt, Ten. u. Bass m. Orch. <format>Partitur</format></title>. 8vo. <pubPlace key="place_0731">Wien</pubPlace>, <publisher key="publ_1269">Glöggl</publisher> 12 Ngr.</bibl>
<pb n="365"/>
</div><div id="hofm_1853_07_0365_div18"><head><hofClass key="hofCl_0102">Mehrstimmige Gesänge mit und ohne Pianoforte.</hofClass></head>
<bibl id="hofm_1853_07_0365_01"><composer key="compo_000077">Ackermann, A.</composer>, <title>105 ein-, zwei-, drei- u. vierstimm. Lieder f. mittlere u. obere Klassen in Bürger- u. Landschulen</title>. 8. <pubPlace key="place_0481">Naumburg</pubPlace>, <publisher key="publ_2660">Merzyn</publisher> geh. 7½ Ngr. n.</bibl>
<bibl id="hofm_1853_07_0365_02"><composer key="compo_003736">Bordese, L.</composer>, <title>Les Confidences (Die Bekenntnisse). Duettino p. Sopr et Mezzo-Sopr. (ou Contralto) av. Pfte</title>. <pubPlace key="place_0438">Mainz</pubPlace>, <publisher key="publ_3563">Schott</publisher> 36 Xr.</bibl>
<bibl id="hofm_1853_07_0365_03">– <title>Les Fauvettes (Die Grasmücken). Duettino p. do</title>. Ebend. 36 Xr.</bibl>
<bibl id="hofm_1853_07_0365_04">– <title>Les Madrilènes (Die Madrilenen). Duettino p. do</title>. Ebend. 36 Xr.</bibl>
<bibl id="hofm_1853_07_0365_05"><composer key="compo_005749">Claudius, Otto</composer>, <title>3 Duetten f. 2 Soprane m. Pfte. Op. <opus key="opus_2066">29</opus> (O wär’ mein Lieb’ jen’ Röslein roth. Was singen und sagen die Lerchen. Sie weiss es nicht)</title>. <pubPlace key="place_0392">Leipzig</pubPlace>, <publisher key="publ_4382">Whistling</publisher> 20 Ngr.</bibl>
<bibl id="hofm_1853_07_0365_06"><composer key="compo_010798">Gebhardt, F.W.</composer>, <title>Musikalischer Jugendfreund. Auswahl von zwei-, drei- u. vierstimm. Gesängen. <edition>4te Aufl</edition></title>. 8. <pubPlace key="place_0392">Leipzig</pubPlace>, <publisher key="publ_4382">Whistling</publisher> geh. 8 Ngr. *n.</bibl>
<bibl id="hofm_1853_07_0365_07">– <title>Musikalischer Kinderfreund. Auswahl von ein- u. zweistimm. Gesängen. <edition>10te Aufl</edition></title>. 8. Ebend. geh. 6 Ngr. n.</bibl>
<bibl id="hofm_1853_07_0365_08"><composer key="compo_014286">Herbeck, J.</composer>, <title>Soldatenchor aus Göthe’s Faust, f. 4 Männerstimmen</title>. 8. <pubPlace key="place_0731">Wien</pubPlace>, <publisher key="publ_1269">Glöggl</publisher> 12 Ngr.</bibl>
<bibl id="hofm_1853_07_0365_09"><composer key="compo_014826">Hiller, Ferd.</composer>, <title>Die lustigen Musikanten, v. C. Brentano, f. 4 Singstimmen m. Pfte. Op. <opus key="opus_3105">48</opus>. <format>Part. u. Stimmen</format></title>. <pubPlace key="place_0276">Hamburg</pubPlace>, <publisher key="publ_3605">Schuberth u. Co</publisher>. 1 Rt. 20 Ngr.</bibl>
<bibl id="hofm_1853_07_0365_10"><composer key="compo_019283">Kämpfe, J.</composer>, <title>Liedersammlung f. d. unteren u. mittleren Klassen an Gymnasien u. Realschulen, enth. mehrstimm. Lieder u. Choräle, sowie Treff- u. Gesangübungen. <edition>2te Aufl</edition></title>. 8. <pubPlace key="place_0436">Magdeburg</pubPlace>, <publisher key="publ_1560">Heinrichshofen</publisher> geh. 15 Ngr. n.</bibl>
<bibl id="hofm_1853_07_0365_11"><composer key="compo_019684">Lachner, Fr.</composer>, <title>3 Lieder f. 4 Männerst. Op. <opus key="opus_4017">71</opus>. <format>Part. u. St</format>. (Die Elemente der Liebe. Nachtstille. Der Frühling). <edition>Neue Ausg</edition></title>. <pubPlace key="place_0438">Mainz</pubPlace>, <publisher key="publ_3563">Schott</publisher> 1 Fl. 30 Xr.</bibl>
<bibl id="hofm_1853_07_0365_12"><composer key="compo_024237">Müller, J.M.</composer>, <title>Festliche Gesänge f. die reifere Schuljugend</title>. qu.-8. <pubPlace key="place_0293">Herisau</pubPlace>, <publisher key="publ_2630">Meisel</publisher> geh. 5 Ngr. *n.</bibl>
<bibl id="hofm_1853_07_0365_13"><composer key="compo_025180">Oberthür, C.</composer>, <title>3 Gesänge f. 4 Männerstimmen (Nun holt mir eine Kanne Wein. Das Posthorn. Der Sänger aus der Ferne.) <format>Part. u. St</format></title>. 8. <pubPlace key="place_0147">Dresden</pubPlace>, <publisher key="publ_0199">Bauer</publisher> 15 Ngr.</bibl>
<bibl id="hofm_1853_07_0365_14"><composer key="compo_029710">Santner, C.</composer>, <title>Sänger-Marsch f. 4 Männerstimmen</title>. 8. <pubPlace key="place_0731">Wien</pubPlace>, <publisher key="publ_1269">Glöggl</publisher> 8 Ngr.</bibl>
<wip id="hofm_1853_07_0365_15">– <title>Tischrücke-Lied f. 4 Männerstimmen</title>. <format>Partitur</format> (5 Ngr.) <format>Stimmen</format> (8 Ngr.) 8. Ebend.</wip>
<bibl id="hofm_1853_07_0365_16"><composer key="compo_031268">Schulz, Jos.</composer>, <title>Table moving. Heiteres Männerquartett f. Freunde des Tischrückens. <format>Part</format>. Op. <opus key="opus_2509">36</opus></title>. <pubPlace key="place_0275">Halle</pubPlace>, <publisher key="publ_1953">Karmrodt</publisher> 4 Ngr. n.</bibl>
<bibl id="hofm_1853_07_0365_17"><composer key="compo_032184">Sieber, F.</composer>, <title>März und Mai. 2 zweistimmige Lieder f. Sopran u. Alt m. Pfte. Op. <opus key="opus_0021">10</opus></title>. <pubPlace key="place_0436">Magdeburg</pubPlace>, <publisher key="publ_1560">Heinrichshofen</publisher> 17½ Ngr.</bibl>
<wip id="hofm_1853_07_0365_18"><composer key="compo_033484">Storch. A.M.</composer>, <title>Nächtlicher Gruss. Gedicht v. J.N. Vogl, f. 4 Männerstimmen</title>. <format>Partitur</format> (5 Ngr.) <format>Stimmen</format> (8 Ngr.) 8vo. <pubPlace key="place_0731">Wien</pubPlace>, <publisher key="publ_1269">Glöggl</publisher>.</wip>
<bibl id="hofm_1853_07_0365_19"><composer key="compo_034621">Titl, A.E.</composer>, <title>Ein österreichisches Volkslied (Heil dem Hause Oesterreich) v. O. Prechtler, f. Sopran, Alt, Tenor u. Bass</title>. 8. <pubPlace key="place_0731">Wien</pubPlace>, <publisher key="publ_1269">Glöggl</publisher> 10 Ngr.</bibl>
<bibl id="hofm_1853_07_0365_20">– Idem f. 4 Männerstimmen. 8. Ebend. 10 Ngr.</bibl>
<pb n="366"/>
</div><div id="hofm_1853_07_0366_div19"><head><hofClass key="hofCl_0268">Opernmusik mit Pianofortebegleitung.</hofClass></head>
<bibl id="hofm_1853_07_0366_01"><composer key="compo_002205">Bellini, V.</composer>, <title>La Straniera (Die Unbekannte). Aria (Mezzosopr. od. Barit.) Meco tu vienni: Komme mit mir</title>. <pubPlace key="place_0044">Berlin</pubPlace>, <publisher key="publ_3471">Schlesinger</publisher> 5 Ngr.</bibl>
<bibl id="hofm_1853_07_0366_02"><composer key="compo_007199">Donizetti, G.</composer>, <title>Die Favoritin (La Favorita). Oper in 4 Acten. <format>Vollst. Klavierauszug</format> mit deutschem u. italienischem Texte</title>. <pubPlace key="place_0044">Berlin</pubPlace>, <publisher key="publ_3471">Schlesinger</publisher> geh. 10 Rt.</bibl>
<wip id="hofm_1853_07_0366_03"><composer key="compo_031584">Schäffer, Aug.</composer>, <title>Junger Zunder, alter Plunder. Posse v. Kalisch</title>. <pubPlace key="place_0044">Berlin</pubPlace>, <publisher key="publ_3471">Schlesinger</publisher>. <lb/><title>Lied: Ein Jedermann kennt die Historie von Joseph</title>. 5 Ngr. <lb/><title>Lied: Gewohnheit wird zur zweiten Natur</title>. 5 Ngr. <lb/><title>Lied: Derataschingiskan</title>. 5 Ngr. <lb/><title>Lied: Mann muss immer’s Beste glauben</title>. 5 Ngr.</wip>
</div><div id="hofm_1853_07_0366_div20"><head><hofClass key="hofCl_0040">Gesänge für eine Stimme mit Begleitung des Pianoforte.</hofClass></head>
<bibl id="hofm_1853_07_0366_04"><composer key="compo_000011">Abadie, L.</composer>, <title>Rose est si jolie. Romance</title>. <pubPlace key="place_0438">Mainz</pubPlace>, <publisher key="publ_3563">Schott</publisher> 18 Xr.</bibl>
<bibl id="hofm_1853_07_0366_05"><composer key="compo_001778">Bauer, Max</composer>, <title>6 Lieder f. Mezzo-Sopran od. Bariton (Die blauen Augen. lhr Bild. Der Traum. Meine Bitte. Seit die Liebste mir entfernt. Ein neues Lied von der Loreley)</title>. <pubPlace key="place_0044">Berlin</pubPlace>, <publisher key="publ_3471">Schlesinger</publisher> 20 Ngr.</bibl>
<bibl id="hofm_1853_07_0366_06"><composer key="compo_003736">Bordèse, L.</composer>, <title>La Chanvrière</title>. <pubPlace key="place_0438">Mainz</pubPlace>, <publisher key="publ_3563">Schott</publisher> 18 Xr.</bibl>
<bibl id="hofm_1853_07_0366_07">– <title>La jeune Martyre (Die junge Martyrin). Scene dramatique p. Sopran (ou Mezzo-Sopran)</title>. Ebend. 36 Xr.</bibl>
<bibl id="hofm_1853_07_0366_08"><composer key="compo_005102">Bülow, H. v.</composer>, <title>6 Gedichte v. Heine u. Sternau, f. Sopran (od. Tenor). Op. <opus key="opus_0001">1</opus>. Heft 1, 2</title>. <pubPlace key="place_0392">Leipzig</pubPlace>, <publisher key="publ_1930">Kahnt</publisher>à 15 Ngr. <lb/><title>Heft 1, Ein schöner Stern. Wie des Mondes Abbild zittert. Ernst ist der Frühling</title>. <lb/>– <title>2, Frieden. Noch weisst du nicht, dass ich dich liebe. Hast du mich lieb</title>.</bibl>
<bibl id="hofm_1853_07_0366_09">* <composer key="compo_005658">Christl, J.</composer>, <title>Die Blumenspende</title>. <pubPlace key="place_0438">Mainz</pubPlace>, <publisher key="publ_3563">Schott</publisher> 18 Xr.</bibl>
<bibl id="hofm_1853_07_0366_10"><composer key="compo_006529">Dassier, E.</composer>, <title>Ange ou Démon. Romance</title>. <pubPlace key="place_0438">Mainz</pubPlace>, <publisher key="publ_3563">Schott</publisher> 27 Xr.</bibl>
<bibl id="hofm_1853_07_0366_11">– <title>Loin du Pays. Romance</title>. Ebend. 27 Xr.</bibl>
<bibl id="hofm_1853_07_0366_12">– <title>La Soeur des Marguerites. Mélodie</title>. Ebend. 27 Xr.</bibl>
<bibl id="hofm_1853_07_0366_13"><composer key="compo_006713">Delisle, E.</composer>, <title>N’effeuillez pas les Roses. Romance</title>. <pubPlace key="place_0438">Mainz</pubPlace>, <publisher key="publ_3563">Schott</publisher> 18 Xr.</bibl>
<bibl id="hofm_1853_07_0366_14"><composer key="compo_007224">Doppler, J.H.</composer>, <title>Zwanzig, Dreissig, Vierzig. Lied. Op. <opus key="opus_0783">148</opus></title>. <pubPlace key="place_0276">Hamburg</pubPlace>, <publisher key="publ_1900">Jowien</publisher> 10 Ngr.</bibl>
<bibl id="hofm_1853_07_0366_15">– <title>Der Kukuk. Lied in schwäbischer Mundart. Op. <opus key="opus_0792">149</opus></title>. Ebend. 10 Ngr.</bibl>
<bibl id="hofm_1853_07_0366_16"><composer key="compo_007520">Dupont, P.</composer>, <title>Les Louis d’or. Chant rustique</title>. <pubPlace key="place_0438">Mainz</pubPlace>, <publisher key="publ_3563">Schott</publisher> 27 Xr.</bibl>
<bibl id="hofm_1853_07_0366_17"><composer key="compo_007985">Ehrenstein, J.W. v.</composer>, <title>Die Mondbraut. Ballade f. Sopran (od. Tenor). Op. <opus key="opus_2737">4</opus></title>. <pubPlace key="place_0392">Leipzig</pubPlace>, <publisher key="publ_0437">Br. u. Härtel</publisher> 15 Ngr.</bibl>
<bibl id="hofm_1853_07_0366_18">– <title>Liebesbötschaft. Dichtung v. Reinick, f. Tenor (od. Sopran). Op. <opus key="opus_3181">5</opus></title>. <pubPlace key="place_0392">Leipzig</pubPlace>, <publisher key="publ_4382">Whistling</publisher> 7½ Ngr.</bibl>
<bibl id="hofm_1853_07_0366_19"><composer key="compo_008548">E(rnst) H(erzog) zu S(achsen)</composer>, <title>4 Lieder (Ave Maria. Zum grünen Kranze. Die Nelken. Der Spielmann)</title>. <pubPlace key="place_0731">Wien</pubPlace>, <publisher key="publ_1269">Glöggl</publisher> 25 Ngr.</bibl>
<bibl id="hofm_1853_07_0366_20"><composer key="compo_008627">Esser, H.</composer>, <title>4 Lieder. Op. <opus key="opus_2764">40</opus> (Hat denn ein neuer Lenz begonnen. Vergissmeinnicht. Zauberkreis. Das Frühroth leuchtet in’s Thal hinein)</title>. <pubPlace key="place_0438">Mainz</pubPlace>, <publisher key="publ_3563">Schott</publisher> 1 Fl. 12 Xr.</bibl>
<bibl id="hofm_1853_07_0366_21"><composer key="compo_012106">Grimm, J.O.</composer>, <title>6 Lieder. Op. <opus key="opus_0001">1</opus> (In der Mondnacht. Ach, es sitzt mein Lieb’ und weint. Am See. Er ging dahin. Gondoliera. Hast du’s denn ganz vergessen)</title>. <pubPlace key="place_0392">Leipzig</pubPlace>, <publisher key="publ_0437">Br. u. Härtel</publisher> 25 Ngr.</bibl>
<pb n="367"/>
<bibl id="hofm_1853_07_0367_01"><composer key="compo_012486">Guion, P.</composer>, <title>La brune Thérèse (Die braune Therese)</title>. <pubPlace key="place_0044">Berlin</pubPlace>, <publisher key="publ_3471">Schlesinger</publisher> 5 Ngr.</bibl>
<bibl id="hofm_1853_07_0367_02"><composer key="compo_012499">Gumbert, Ferd.</composer>, <title>5 Lieder f. Sopran od. Tenor. Op. <opus key="opus_3351">54</opus> (Blümlein Vergissmeinnicht. Der Tropfen Thau. Du liebes Aug’. Nun ist der Tag geschieden. Abschied beim Wandern)</title>. <pubPlace key="place_0044">Berlin</pubPlace>, <publisher key="publ_3471">Schlesinger</publisher> 25 Ngr.</bibl>
<bibl id="hofm_1853_07_0367_03"><composer key="compo_014217">Henrion, P.</composer>, <title>Chantez matines. Prière</title>. <pubPlace key="place_0438">Mainz</pubPlace>, <publisher key="publ_3563">Schott</publisher> 18 Xr.</bibl>
<bibl id="hofm_1853_07_0367_04">– <title>La Folle de la Plage. Mélodie</title>. Ebend. 18 Xr.</bibl>
<bibl id="hofm_1853_07_0367_05">– <title>La Pavane. Canzonetta</title>. Ebend. 27 Xr.</bibl>
<bibl id="hofm_1853_07_0367_06"><composer key="compo_014516">Hertz, Hedwig</composer>, <title>3 Lieder f. Sopran od. Tenor. Op. <opus key="opus_0531">13</opus> (Auftrag-Ständchen. Frühlingshochzeit)</title>. <pubPlace key="place_0044">Berlin</pubPlace>, <publisher key="publ_3471">Schlesinger</publisher> 15 Ngr.</bibl>
<bibl id="hofm_1853_07_0367_07"><composer key="compo_014656">Hessling, M. v.</composer>, <title>3 Lieder. Op. <opus key="opus_3967">7</opus> (Die Reis’ins wärmre Land. Im Wald. Das eigne Herz)</title>. <pubPlace key="place_0276">Hamburg</pubPlace>, <publisher key="publ_2870">Niemeyer</publisher> 12½ Ngr.</bibl>
<bibl id="hofm_1853_07_0367_08"><composer key="compo_015335">Hopfe, J.</composer>, <title>Die fröhliche Frau Musica. Lustige Lieder f. lustige Leute. 3tes Heft</title>. qu.-4. <pubPlace key="place_0044">Berlin</pubPlace>, <publisher key="publ_1590">Hempel</publisher> 7½ Ngr. n.</bibl>
<bibl id="hofm_1853_07_0367_09"><composer key="compo_016599">Jungmann, A.</composer>, <title>Liebchens Bild, f. Sopran od. Tenor. Op. <opus key="opus_3181">5</opus></title>. <pubPlace key="place_0276">Hamburg</pubPlace>, <publisher key="publ_2870">Niemeyer</publisher> 7½ Ngr.</bibl>
<bibl id="hofm_1853_07_0367_10"><composer key="compo_019304">Kéler, A.P. v.</composer>, <title>Schlummerlied. Gedicht v. Th. Bakody. Op. <opus key="opus_0021">10</opus></title>. <pubPlace key="place_0731">Wien</pubPlace>, <publisher key="publ_2779">Müller</publisher> 10 Ngr.</bibl>
<bibl id="hofm_1853_07_0367_11"><composer key="compo_018169">Kolb, J. v.</composer>, <title>Johannis-Lieder v. A. Böttger. 3 Gesänge. Op. <opus key="opus_3181">5</opus> (O Tag der höchsten Blüthe. Im Thale rauscht Johannisfest. Auch der Todten in der Gruft)</title>. <pubPlace key="place_0392">Leipzig</pubPlace>, <publisher key="publ_0437">Br. u. Härtel</publisher> 15 Ngr.</bibl>
<bibl id="hofm_1853_07_0367_12"><composer key="compo_019507">Kücken, Fr.</composer>, <title>Loreley. Ballade f. Bass. Op. <opus key="opus_2117">3. No. 1</opus>. <edition>Neue Ausg</edition></title>. <pubPlace key="place_0276">Hamburg</pubPlace>, <publisher key="publ_2870">Niemeyer</publisher> 12½ Ngr.</bibl>
<wip id="hofm_1853_07_0367_13"><title>Liederkranz (Wiener). Sammlung ein- u. zweistimmiger Lieder. 1ster Jahrg</title>. <pubPlace key="place_0731">Wien</pubPlace>, <publisher key="publ_1269">Glöggl</publisher>. Subscr.-Pr. f. 24 Lief. 6 Fl. n. <lb/><title>Lief. 1, Esser, H., Herz in Nöthen. Suppé, Fr. v., Bete für mich. Storch, A.M., Der Schiffer. Duett. Op <opus key="opus_0281">112</opus></title>. 1 Fl.</wip>
<bibl id="hofm_1853_07_0367_14"><composer key="compo_022385">Marxsen, Ed.</composer>, <title>Gruss an Schleswig-Holstein. Op. <opus key="opus_3316">53</opus></title>. <pubPlace key="place_0276">Hamburg</pubPlace>, <publisher key="publ_0640">Cranz</publisher> 5 Ngr.</bibl>
<bibl id="hofm_1853_07_0367_15">*<composer key="compo_024234">Müller, J.G.</composer>, <title>Blumen und Frauen (Der singende Komiker f. Bariton No. 5)</title>. <pubPlace key="place_0147">Dresden</pubPlace>, <publisher key="publ_0199">Bauer</publisher> 5 Ngr.</bibl>
<bibl id="hofm_1853_07_0367_16"><composer key="compo_026936">Praeger, Ferd.</composer>, <title>3 Gedichte v. E. Geibel (Gondoliera. Wolle Keiner mich fragen. Nimmer denkst du mein)</title>. <pubPlace key="place_0276">Hamburg</pubPlace>, <publisher key="publ_1900">Jowien</publisher> 17½ Ngr.</bibl>
<bibl id="hofm_1853_07_0367_17"><composer key="compo_027193">Puget, Loïsa</composer>, <title>Sur tes Yeux l’Amour se lève</title>. <pubPlace key="place_0438">Mainz</pubPlace>, <publisher key="publ_3563">Schott</publisher> 18 Xr.</bibl>
<bibl id="hofm_1853_07_0367_18"><composer key="compo_027982">Reissiger, C.G.</composer>, <title>Ständchen (Milde Abendlüfte) f. Tenor od. Sopr. Op. <opus key="opus_4509">87. No. 3</opus></title>. <pubPlace key="place_0044">Berlin</pubPlace>, <publisher key="publ_3471">Schlesinger</publisher> 5 Ngr.</bibl>
<bibl id="hofm_1853_07_0367_19">– <title>Der warme Kuss, f. Tenor od. Sopr. Op. <opus key="opus_4510">87. No. 4</opus></title>. Ebend. 5 Ngr.</bibl>
<bibl id="hofm_1853_07_0367_20"><composer key="compo_028207">Riccius, A.F.</composer>, <title>Vor aller Welt. Brautlied</title>. <pubPlace key="place_0436">Magdeburg</pubPlace>, <publisher key="publ_1560">Heinrichshofen</publisher> 5 Ngr.</bibl>
<bibl id="hofm_1853_07_0367_21"><composer key="compo_031584">Schäffer, Aug.</composer>, <title>Der Pfarrer von Ohnewitz. Komisches Lied. Op. <opus key="opus_2996">45</opus></title>. <pubPlace key="place_0044">Berlin</pubPlace>, <publisher key="publ_3471">Schlesinger</publisher> 15 Ngr.</bibl>
<bibl id="hofm_1853_07_0367_22"><composer key="compo_031357">Schumann, Rob.</composer>, <title>Sehnsucht, v. E. Geibel. Op. <opus key="opus_3245">51. No. 1</opus></title>. <pubPlace key="place_0392">Leipzig</pubPlace>, <publisher key="publ_4382">Whistling</publisher> 10 Ngr.</bibl>
<bibl id="hofm_1853_07_0367_23">– <title>Ich wand’re nicht, v. C. Cristern. Op. <opus key="opus_3258">51. No. 3</opus></title>. Ebend. 5 Ngr.</bibl>
<bibl id="hofm_1853_07_0367_24">– <title>Liebeslied, v. Göthe. Op. <opus key="opus_3261">51. No. 5</opus></title>. Ebend. 5 Ngr.</bibl>
<bibl id="hofm_1853_07_0367_25"><composer key="compo_033484">Storch, A.M.</composer>, <title>An mein Lieb. Gedicht v. C. Cerri. Op. <opus key="opus_0427">121</opus></title>. <pubPlace key="place_0731">Wien</pubPlace>, <publisher key="publ_1269">Glöggl</publisher> 10 Ngr.</bibl>
<bibl id="hofm_1853_07_0367_26"><composer key="compo_033706">Stuckenschmidt, J.H.</composer>, <title>5 Lieder. Op. <opus key="opus_1372">2</opus> (Nebel. Frühlingslied. Ich bin die Blume. Bitte. Die Nacht)</title>. <pubPlace key="place_0438">Mainz</pubPlace>, <publisher key="publ_3563">Schott</publisher> 1 Fl.</bibl>
<pb n="368"/>
<wip id="hofm_1853_07_0368_01"><composer key="compo_033854">Suhr, Ed.</composer>, <title>Tongemälde f. Sänger u. Sängerinnen f. Alt od. Bariton. 1stes Heft</title>. <pubPlace key="place_0280">Hannover</pubPlace>, <publisher key="publ_2808">Nagel</publisher> 25 Ngr. <lb/><title>No. 1, Dass du mich liebst</title>. 10 Ngr. <lb/>– <title>2, Der Neugierige</title>. 8¾ Ngr. <lb/>– <title>3, Erkenntniss</title>. 11¼ Ngr.</wip>
<bibl id="hofm_1853_07_0368_02"><composer key="compo_034168">Taubert, W.</composer>, <title>Wiegenlied (Schlaf in guter Ruh) f. Tenor od. Sopr. Op. <opus key="opus_1946">27. No. 5</opus></title>. <pubPlace key="place_0044">Berlin</pubPlace>, <publisher key="publ_3471">Schlesinger</publisher> 7½ Ngr.</bibl>
<bibl id="hofm_1853_07_0368_03">– <title>Schlummerlied f. Tenor od. Sopr. Op. <opus key="opus_1947">27. No. 6</opus></title>. Ebend. 5 Ngr.</bibl>
<bibl id="hofm_1853_07_0368_04"><composer key="compo_034621">Titl, A. E.</composer>, <title>2 Lieder aus Grandjeau’s Lustspiel: Am Clavier (Ich bat sie um die Rose. Du hast mich arg betrogen)</title>. <pubPlace key="place_0731">Wien</pubPlace>, <publisher key="publ_1269">Glöggl</publisher> 10 Ngr.</bibl>
<wip id="hofm_1853_07_0368_05"><composer key="compo_035007">Twietmeyer, Th.</composer>, <title>Lieder. Op. <opus key="opus_2737">4</opus>. <edition>Neue veränderte Ausg</edition></title>. <title>No. 1, Gruss</title>. <title>No. 2, Gute Nacht</title>. <title>No. 3, Am Bach</title>. <title>No. 4, Am Strom</title>. <title>No. 5, 6, Veilchen u. Wandrers Nachtlied</title>. (à 5 Ngr.) <pubPlace key="place_0392">Leipzig</pubPlace>, <publisher key="publ_4382">Whistling</publisher> 15 Ngr.</wip>
<bibl id="hofm_1853_07_0368_06"><composer key="compo_036379">Weidt, H.</composer>, <title>Der sächsische Tambour, f. Alt (Bariton od. Bass). Op. <opus key="opus_1881">26</opus></title>. <pubPlace key="place_0276">Hamburg</pubPlace>, <publisher key="publ_2870">Niemeyer</publisher> 12½ Ngr.</bibl>
<bibl id="hofm_1853_07_0368_07">– <title>Der Abschied, f. Sopran (od. Tenor). Op. <opus key="opus_1999">28</opus></title>. Ebend. 10 Ngr.</bibl>
<bibl id="hofm_1853_07_0368_08">– <title>Das Kreuz am Meere, f. Sopr. (od. Tenor). Op. <opus key="opus_2066">29</opus></title>. Ebend. 7½ Ngr.</bibl>
</div><div id="hofm_1853_07_0368_div21"><head><hofClass key="hofCl_0077">Lehrbücher für den Gesang.</hofClass></head>
<bibl id="hofm_1853_07_0368_09"><composer key="compo_002530">Bergson, M.</composer>, <title>Etudes vocales à plusieurs Voix p. servir d’Introduction au Chant dramatique. Op. <opus key="opus_2576">37</opus>. Cah. 1, Vocalises à 2 Voix</title>. <pubPlace key="place_0731">Wien</pubPlace>, <publisher key="publ_1269">Glöggl</publisher> 25 Ngr.</bibl>
<bibl id="hofm_1853_07_0368_10"><composer key="compo_025698">Panseron, A.</composer>, <title>40 Vocalises mélodiques et progressives du Style moderne p. Soprano (ou Tenore). <edition>2me Edit</edition></title>. <pubPlace key="place_0371">Cöln</pubPlace>, <publisher key="publ_3486">Schloss</publisher> 4 Rt.</bibl>
<bibl id="hofm_1853_07_0368_11">– Idem p. Alto (ou Basso). 2me Edit. Ebend. 4 Rt.</bibl>
<bibl id="hofm_1853_07_0368_12"><composer key="compo_036236">Wayaffe, P.</composer>, <title>Praktische Volks-Singschule. <edition>4te Aufl</edition></title>. 12mo. <pubPlace key="place_0501">Neuwied</pubPlace>, <publisher key="publ_2416">Lichtfers</publisher> geh. 3 Ngr. *n.</bibl>
</div><div id="hofm_1853_07_0368_div22"><head><hofClass key="hofCl_0287">Theoretische Werke.</hofClass></head>
<bibl id="hofm_1853_07_0368_13"><author>Andersch, J.D.</author>, <title>Musikalisches Wörterbuch f. Freunde u. Schüler der Tonkunst</title>. gr.-8. <pubPlace key="place_0044">Berlin</pubPlace>, 1828 (<pubPlace key="place_0200">Frankfurt a. M</pubPlace>., <publisher key="publ_3845">St. Goar</publisher>) 20 Ngr. *n.</bibl>
<bibl id="hofm_1853_07_0368_14"><title>Blätter (fliegende) f. Musik. Wahrheit über Tonkunst und Tonkünstler. 2tes Heft</title>. 8. <pubPlace key="place_0392">Leipzig</pubPlace>, <publisher key="publ_0208">Baumgärtner</publisher> geh. 15 Ngr. n.</bibl>
<bibl id="hofm_1853_07_0368_15"><title>Zeitung f. Orgel-, Clavier- u. Flügelbau. Herausg. v. C. Hartmann. 3ter Band. 1stes Heft</title>. gr.-4. <pubPlace key="place_0720">Weimar</pubPlace>, <publisher key="publ_4216">Voigt</publisher> 8¾ Ngr. n.</bibl>
</div><div id="hofm_1853_07_0368_div23"><head><hofClass key="hofCl_0281">Portraits.</hofClass></head>
<bibl id="hofm_1853_07_0368_16"><title><subject>Clauss, Wilhelmine</subject>, lith. v. <artist>A. Lemoine</artist> nach H. Lehmann</title>. <pubPlace key="place_0392">Leipzig</pubPlace>, <publisher key="publ_3752">Senff</publisher> chin. Pap. 1 Rt. n.</bibl>
<bibl id="hofm_1853_07_0368_17"><title><subject>Evers, Carl</subject>, gez. v. <artist>Kriehuber</artist>. Lith</title>. Fol. <pubPlace key="place_0731">Wien</pubPlace>, <publisher key="publ_2605">Mechetti</publisher> 1 Rt. n. (chin. Pap. 1 Rt. 10 Ngr. n.)</bibl>
<bibl id="hofm_1853_07_0368_18"><title><subject>Milanollo, Therese</subject>, nach der Natur gez. u. lith. v. <artist>P. Bürde</artist>. Kniestück</title>. Fol. <pubPlace key="place_0044">Berlin</pubPlace>, <publisher key="publ_4200">Violet</publisher> 1 Rt. 10 Ngr. n.</bibl>
<bibl id="hofm_1853_07_0368_19">– <title>mit Facsimile, gez. v. <artist>E. Kaiser</artist>, lith</title>. Fol. <pubPlace key="place_0731">Wien</pubPlace>, <publisher key="publ_3833">Spina</publisher> 1 Rt. n.</bibl>
<bibl id="hofm_1853_07_0368_20"><title><subject>Taglioni, Marie</subject>, mit Facsimile, gez. v. <artist>Kriehuber</artist>, lith</title>. Fol. <pubPlace key="place_0731">Wien</pubPlace>, <publisher key="publ_3833">Spina</publisher> 1 Rt. 10 Ngr. n.</bibl>
<bibl id="hofm_1853_07_0368_21">– Idem als Satanella im gleichnamigen Ballet, gez. v. <artist>E. Kaiser</artist>, lith. Fol. Ebend. 1 Rt. 10 Ngr.</bibl>
</div>





</body></text></TEI.2>