<?xml version="1.0" encoding="utf-8"?>
<!DOCTYPE TEI.2
  SYSTEM "../../dtd/tei/cch_tei.dtd">
<TEI.2 id="hofm_1854_01">
<teiHeader type="text"><fileDesc><titleStmt><title>Januar 1854</title></titleStmt><publicationStmt><p/></publicationStmt><sourceDesc><p/></sourceDesc></fileDesc><profileDesc><langUsage><language id="ger">German</language><language id="fre">French</language><language id="ita">Italian</language></langUsage></profileDesc><revisionDesc><change><date>2007-09-20</date><respStmt><name>EP</name></respStmt><item>missing @id added</item></change>
    <change>
        <date>2007-07-20</date>
        <respStmt><name>EP</name></respStmt>
        <item>curly at hofm_1854_01_0479_03 emended</item>
    </change>
    <change><date>2007-04-27</date><respStmt><name>RV</name></respStmt><item>Changed "biblGroup" elements in "listBibl"</item></change><change><date>2007-03-02</date><respStmt><name>EP</name></respStmt><item>Checked curly brackets</item></change><change><date>2007-02-26</date><respStmt><name>EP</name></respStmt><item>Encoded curly brackets</item></change><change><date>2006-12-19</date><respStmt><name>EP</name></respStmt><item>sic and unclear moved outside elements pubplaces, publisher, composer, hofclass, key, opus</item></change><change><date>2006-03-06</date><respStmt><name>Liz</name></respStmt><item>XR done</item></change><change><date>2006-02-22</date><respStmt><name>Liz</name></respStmt><item>p. 488 composer not tagged in 'Textbücher'</item></change><change><date>2005-11-13</date><respStmt><name>Liz</name></respStmt><item>p. 480 adjusted publisher tagging (to exclude Jahresbeitrag)</item></change><change><date>2005-10-20</date><respStmt><name>Liz</name></respStmt><item>p. 483 corr, Löbau not Löban</item></change><change><date>2005-10-11</date><respStmt><name>Phillip</name></respStmt><item>amendments following checking</item></change><change><date>2005-06-23</date><respStmt><name>Phillip</name></respStmt><item>continued coding</item></change><change><date>2005-06-08</date><respStmt><name>Liz</name></respStmt><item>coded up to 481</item></change><change><date>2005-06-03</date><respStmt><name>Liz</name></respStmt><item>pasting in &amp; first page coded</item></change></revisionDesc></teiHeader>

<text><body><pb n="478"/><head>No 1.</head><head>Januar 1854.</head><div id="hofm_1854_01_0478_div01"><head><hofClass key="hofCl_0164">Musik für das Orchester.</hofClass></head>









<bibl id="hofm_1854_01_0478_01"><title>Album f. Militärmusik. Lief. 22. <composer key="compo_019756">Laino, Ph.</composer>, Zehnerl Polka. <format>Part</format></title>. <pubPlace key="place_0731">Wien</pubPlace>, <publisher key="publ_1269">Glöggl</publisher>. Subscr.-Pr. f. 24 Lief. 20 Fl. n.</bibl>
<bibl id="hofm_1854_01_0478_02"><composer key="compo_013697">Haydn, Jos.</composer>, <title>Symphonien f. Orch <format>Partitur</format>. No. 8, in <key>Cm</key>. No. 9, in <key>Es</key>. No. 10, in <key>D</key>. No. 11, in <key>B</key>. No. 12, in <key>D</key></title>. 8vo. <pubPlace key="place_0044">Berlin</pubPlace>, <publisher key="publ_0393">B. u. Bock</publisher> geh. à 1 Rt. 10 Ngr. *n.</bibl>
<bibl id="hofm_1854_01_0478_03"><composer key="compo_019691">Lachner, V.</composer>, <title>Preisgekrönte Fest-Ouverture f. Orch. Op. <opus key="opus_2131">30</opus>, in <key>D</key></title>. <format>Partitur</format>. 8vo. geh. 2 Fl. 42 Xr. <format>Auflagestimmen</format> 3 Fl. 36 Xr. <pubPlace key="place_0438">Mainz</pubPlace>, <publisher key="publ_3563">Schott</publisher>.</bibl>
<bibl id="hofm_1854_01_0478_04"><composer key="compo_022904">Mendelssohn-Bartholdy, F.</composer>, <title>6 Lieder ohne Worte, f. Orch. bearb. v. L. Hetsch</title>. <pubPlace key="place_0069">Bonn</pubPlace>, <publisher key="publ_3791">Simrock</publisher> 14 Fr.</bibl>
<bibl id="hofm_1854_01_0478_05"><composer key="compo_031356">Schumann, R.</composer>, <title>Ouverture, Scherzo und Finale f. Orch. Op. <opus key="opus_3282">52</opus>. <format>Partitur</format></title>. 8vo. <pubPlace key="place_0392">Leipzig</pubPlace>, <publisher key="publ_2017">Kistner</publisher> geh. 2 Rt. 25 Ngr.</bibl>
<bibl id="hofm_1854_01_0478_06">– <title>Sinfonie No. 4, in <key>Dm</key>. f. Orch. Op. <opus key="opus_0409">120</opus>. <format>Partitur</format></title>. 8vo. geh. <pubPlace key="place_0392">Leipzig</pubPlace>, <publisher key="publ_0437">Br. u. Härtel</publisher> 4 Rt.</bibl>
<bibl id="hofm_1854_01_0478_07"><composer key="compo_033569">Strauss, Joh.</composer>, <title>Vermählungs-Toaste. Walzer f. Orch. Op. <opus key="opus_0631">135</opus></title>. <pubPlace key="place_0731">Wien</pubPlace>, <publisher key="publ_1506">Haslinger</publisher> 1 Rt. 25 Ngr.</bibl>
</div><div id="hofm_1854_01_0478_div02"><head><hofClass key="hofCl_0245">Musik für die Violine.</hofClass></head>
<bibl id="hofm_1854_01_0478_08"><composer key="compo_007207">Dont, J.</composer>, <title>20 fortschreitende Uebungen f. Violine m. 2ter Violine. Op. <opus key="opus_2630">38</opus>. Cah. 1</title>. <pubPlace key="place_0731">Wien</pubPlace>, <publisher key="publ_4456">Witzendorf</publisher> 1 Rt.</bibl>
<bibl id="hofm_1854_01_0478_09">– <title>Die Tonteitern in allen Erhöhungs- u. Vertiefungszeichen sammt d. Intervallen m. bes. Rücksicht auf d. ersten Takt- u. Bogen-Uebungen, f. 2 Violinen. Op. <opus key="opus_2670">39</opus>. Heft 1</title>. Ebend. 1 Rt. 5 Ngr.</bibl>
<bibl id="hofm_1854_01_0478_10"><composer key="compo_015053">Hoffmann, F.A.</composer>, <title>6 Etudes p. Violon. Op. <opus key="opus_2737">4</opus></title>. <pubPlace key="place_0044">Berlin</pubPlace>, <publisher key="publ_0393">B. u. Bock</publisher> 17½ Ngr.</bibl>
<bibl id="hofm_1854_01_0478_11">– <title>13 Etudes p. Violon Op. <opus key="opus_3565">6</opus></title>. Ebend. 20 Ngr.</bibl>
<wip id="hofm_1854_01_0478_12"><composer key="compo_024179">Müller, C.G.</composer>, <title>6 leichte und instructive Duetten f. 2 Violinen. Op. <opus key="opus_1584">22</opus></title>. <title>Lief. 1, in <key>C</key>. <key>G</key></title>. (20 Ngr.) <title>Lief. 2, in <key>D</key>, <key>Am</key></title>. (22½ Ngr.) <pubPlace key="place_0392">Leipzig</pubPlace>, <publisher key="publ_1746">Hofmeister</publisher>.</wip>
<bibl id="hofm_1854_01_0478_13"><composer key="compo_026078">Perkins, Ch.C.</composer>, <title>Quatuor p 2 Violons, Alto et Vclle. Op. <opus key="opus_4300">8</opus>, in <key>A</key></title>. <pubPlace key="place_0392">Leipzig</pubPlace>, <publisher key="publ_0437">Br. u. Härtel</publisher> 1 Rt. 15 Ngr.</bibl>
</div><div id="hofm_1854_01_0478_div03"><head><hofClass key="hofCl_0184">Musik für das Violoncell.</hofClass></head>
<bibl id="hofm_1854_01_0478_14"><composer key="compo_007289">Dotzauer, J.J.F.</composer>, <title>Variations sur l’Air : Nel cor più, p. Vclle av. 2 Violons, Alto et Basse. Op. <opus key="opus_1203">183</opus></title>. <pubPlace key="place_0044">Berlin</pubPlace>, <publisher key="publ_0677">Damköhler</publisher> 20 Ngr.</bibl>
<bibl id="hofm_1854_01_0478_15">– Idem av. 2 Violons et Alto. Ebend. 20 Ngr.</bibl>
<bibl id="hofm_1854_01_0478_16">– <title>Variations sur l’Air : Nel cor più, p. Vclle seul. Op. <opus key="opus_1203">183</opus></title>. <pubPlace key="place_0044">Berlin</pubPlace>, <publisher key="publ_0677">Damköhler</publisher>. 10 Ngr.</bibl>
</div><div id="hofm_1854_01_0478_div04"><head><hofClass key="hofCl_0247">Musik für die Zither.</hofClass></head>
<bibl id="hofm_1854_01_0478_17"><composer key="compo_007439">Dubez, J.</composer>, <title>Der Melodien-Sammler, f. Zither. Heft 3, Oestreicher Ländler. Ungarische Melodie. Weber, Lied</title>. <pubPlace key="place_0731">Wien</pubPlace>, <publisher key="publ_4456">Witzendorf</publisher> 10 Ngr.</bibl>
<pb n="479"/>
<wip id="hofm_1854_01_0479_01"><composer key="compo_034816">Treu, J.B.</composer>, <title>Das Zither-Kränzchen. Album f. eine od. zwei Zithern. 12 Hefte</title>. qu.-8. <pubPlace key="place_0440">Mannheim</pubPlace>, <publisher key="publ_1534">Heckel</publisher> à 10 Ngr. cpl. 2 Rt. 20 Ngr. n. <lb/><title>Heft 1, Potpourri a. Lucia, f. eine (od. zwei) Zith. Op. <opus key="opus_0021">10</opus></title>. <lb/>– <title>2, Die Wiggenbacher. Allgäner Bauernländler. Partie 1, 2. Op. <opus key="opus_0234">11</opus></title>. <lb/>– <title>3, do. do. Partie 3, 4. Op. <opus key="opus_0392">12</opus></title>. <lb/>– <title>4, Duett a d. Oper: Marino Falliero, f. 2 Zith. Op. <opus key="opus_0531">13</opus></title>. <lb/>– <title>5, 2 Polka, 2 Schottisch, 2 Masurka u. Galopp. Op. <opus key="opus_0684">14</opus></title>. <lb/>– <title>6, 2 Märsche u. Feldschritt. Op. <opus key="opus_0806">15</opus></title>. <lb/>– <title>7, Melodien f. eine (od. zwei Zith.) Op. <opus key="opus_0927">16</opus></title>. <lb/>– <title>8, Der Carneval von Venedig, mit Guit ad. lib. Op. <opus key="opus_1068">17</opus></title>. <lb/>– <title>9, Die Spieluhren. Glockenländler Op. <opus key="opus_1165">18</opus></title>. <lb/>– <title>10, 9 Lieder mit und ohne Gesang. Op. <opus key="opus_1271">19</opus></title>. <lb/>– <title>11, Quodlibet-Quadrille mit Guit ad lib. Op. <opus key="opus_1390">20</opus></title>. <lb/>– <title>12, Erinnerung an die Münchner Museums-Carnevale. Walzer-Potpourri. Op. <opus key="opus_1482">21</opus></title>. <lb/><title>Supplement: Krönungs-Marsch a. d. Prophet, f. eine od. zwei Zith. (od. Viol. u. Zither) mit Guit. ad lib. Op. <opus key="opus_1584">22</opus></title>. 5 Ngr.</wip>
<bibl id="hofm_1854_01_0479_02">– <title>Praktische Zitherspiel-Methode, od gründl. Belehrung, sich selbst auf d. Schlag-Zither nach einem einf Systeme mittelst einer einf. a. d. Accordenlehre gefolg. Fingerordnung zu unterrichten</title>. <pubPlace key="place_0440">Mannheim</pubPlace>, <publisher key="publ_1534">Heckel</publisher> 3 Fl. 12 Xr.</bibl>
</div><div id="hofm_1854_01_0479_div05"><head><hofClass key="hofCl_0167">Musik für das Pianoforte mit Begleitung.</hofClass></head>
<wip id="hofm_1854_01_0479_03"><composer key="compo_001225">Bach, J.S.</composer>, <title>6 Sonaten f. Violine mit hinzugef. Begl. d. Pfte von R. Schumann. No. 1–6</title>. <pubPlace key="place_0392">Leipzig</pubPlace>, <publisher key="publ_0437">Br. u. Härtel</publisher> à 1 Rt. <lb/><title>No. 1, Adagio, Fuga, Siciliano u. Presto. <lb/>– 2, Allemande, Corrente, Sarabande u. Bourée. <lb/>– 3, Grave, Fuga, Andante u. Allegro. <lb/>– 4, Allemande, Corrente, Sarabande, Giga u. Ciaconne. <lb/>– 5, Adagio, Fuga, Largo u. Allegro. <lb/>– 6, Preludio, Loure, Gavotte u. Rondo, Menuetto 1, 2. Bourre u. Giga</title>.</wip>
<bibl id="hofm_1854_01_0479_04"><listBibl rend="curly">
    <bibl><seg>– <title>Adagio u. Fuge aus der 1sten</title></seg><seg id="hofm_1854_01_0479_04_first_1" rend="curly-left"><title>Sonate f. Viol. allein m. bgef. Begl. d. Pfte v. B. Molique</title>.<pubPlace key="place_0392">Leipz</pubPlace>., <publisher key="publ_2017">Kistner</publisher></seg><seg id="hofm_1854_01_0479_04_second_1" rend="curly-left"><title>Heft 1</title>, 20 Ngr.</seg></bibl>
    <bibl><seg>– <title>Bourrée u. Double a. d. 2ten</title></seg><seg sameAs="hofm_1854_01_0479_04_first_1"/><seg corresp="hofm_1854_01_0479_04_second_1">– <title>2</title>, 12½ Ngr.</seg></bibl>
    <bibl><seg>– <title>Grave u. Fuge a. d. 3ten</title></seg><seg sameAs="hofm_1854_01_0479_04_first_1"/><seg corresp="hofm_1854_01_0479_04_second_1">– <title>3</title>, 25 Ngr.</seg></bibl>
    <bibl><seg>– <title>Adagio u. Fuge a. d. 5ten</title></seg><seg sameAs="hofm_1854_01_0479_04_first_1"/><seg corresp="hofm_1854_01_0479_04_second_1">– <title>4</title>, 27½ Ngr.</seg></bibl>
    <bibl><seg>– <title>Gavotte u. Rondo a. d. 6ten</title></seg><seg sameAs="hofm_1854_01_0479_04_first_1"/><seg corresp="hofm_1854_01_0479_04_second_1">– <title>5</title>, 10 Ngr.</seg></bibl></listBibl></bibl>
<bibl id="hofm_1854_01_0479_09"><composer key="compo_007289">Dotzauer, J.J.F.</composer>, <title>Variations sur l’Air : Nel cor più, p. Vclle av. Pfte. Op. <opus key="opus_1203">183</opus></title>. <pubPlace key="place_0044">Berlin</pubPlace>, <publisher key="publ_0677">Damköhler</publisher> 25 Ngr.</bibl>
<bibl id="hofm_1854_01_0479_10"><composer key="compo_011953">Gregoire, J.</composer>, et <composer key="compo_032081">F. Servais</composer>, <title>Grand Duo sur l’Opéra : Casilda, d’E(rnst.) H(erzog) zu S(achsen) p. Pfte et Vclle</title>. <pubPlace key="place_0731">Wien</pubPlace>, <publisher key="publ_1269">Glöggl</publisher> 1 Rt. 10 Ngr.</bibl>
<bibl id="hofm_1854_01_0479_11"><composer key="compo_012419">Grützmacher, Fr.</composer>, <title>Fantaisie hongroise p. Vclle av. Pfte. Op. <opus key="opus_3967">7</opus></title>. <pubPlace key="place_0078">Braunschweig</pubPlace>, <publisher key="publ_2681">Meyer</publisher> 1 Rt. 5 Ngr.</bibl>
<bibl id="hofm_1854_01_0479_12"><composer key="compo_013657">Hausmann, G.</composer>, <title>Fantaisie sur des Airs irlandais, p. Vclle av. Pfte. Op. <opus key="opus_4300">8</opus></title>. <pubPlace key="place_0078">Braunschweig</pubPlace>, <publisher key="publ_2681">Meyer</publisher> 1 Rt. 5 Ngr.</bibl>
<bibl id="hofm_1854_01_0479_13"><composer key="compo_019289">Kässmayer, M.</composer>, <title>Souvenir de Mihaly. Solo. Quartett-Variationen f. Pfte, Viol., Alt u. Vclle</title>. <pubPlace key="place_0731">Wien</pubPlace>, <publisher key="publ_1269">Glöggl</publisher> 25 Ngr.</bibl>
<bibl id="hofm_1854_01_0479_14"><composer key="compo_022699">Mazas, F.</composer>, <title>4 Airs variés d’une moyenne Difficulté, p. Violon av. Pfte (ad lib.) Op. <opus key="opus_4671">95</opus>. No. 1, Norma. No. 2, Valse de Gallenberg</title>. <pubPlace key="place_0069">Bonn</pubPlace>, <publisher key="publ_3791">Simrock</publisher> à 2 Fr.</bibl>
<bibl id="hofm_1854_01_0479_15"><composer key="compo_023890">Mozart, W.A.</composer>, <title>6 Quatuors p. Viol. arr. p. Pfte et Violon par G. Müller. No. 4, in <key>Es</key></title>. <pubPlace key="place_0276">Hamburg</pubPlace>, <publisher key="publ_0640">Cranz</publisher> 1 Rt. 5 Ngr.</bibl>
<pb n="480"/>
<bibl id="hofm_1854_01_0480_01"><composer key="compo_033569">Strauss, Joh.</composer>, <title>Vermählungs-Toaste. Walzer f. Violine u. Pfte. Op. <opus key="opus_0641">136</opus></title>. <pubPlace key="place_0731">Wien</pubPlace>, <publisher key="publ_1506">Haslinger</publisher> 15 Ngr.</bibl>
<bibl id="hofm_1854_01_0480_02"><composer key="compo_034168">Taubert, W.</composer>, <title>2tes Trio f. Pfte, Violine u. Vclle. Op. <opus key="opus_4687">96</opus></title>. <pubPlace key="place_0044">Berlin</pubPlace>, <publisher key="publ_0393">B. u. Bock</publisher> 3 Rt. 10 Ngr.</bibl>
</div><div id="hofm_1854_01_0480_div06"><head><hofClass key="hofCl_0124">Musik für zwei Pianoforte.</hofClass></head>
<bibl id="hofm_1854_01_0480_03"><composer key="compo_022904">Mendelssohn-Bartholdy, F.</composer>, <title>6 Lieder ohne Worte, f. 2 Pfte, eing. v. C.G. Lickl. Heft 5. Op. <opus key="opus_3701">62</opus></title>. <pubPlace key="place_0069">Bonn</pubPlace>, <publisher key="publ_3791">Simrock</publisher> 4 Fr.</bibl>
</div><div id="hofm_1854_01_0480_div07"><head><hofClass key="hofCl_0171">Musik für das Pianoforte zu vier Händen.</hofClass></head>
<bibl id="hofm_1854_01_0480_04"><composer key="compo_002077">Beethoven, L. van</composer>, <title>9te Sinfonie mit Schlusschor, eing. v. S. Bagge. Op. <opus key="opus_0477">125</opus></title>. <pubPlace key="place_0438">Mainz</pubPlace>, <publisher key="publ_3563">Schott</publisher> geh. 6 Fl.</bibl>
<bibl id="hofm_1854_01_0480_05"><composer key="compo_002826">Beyer, Ferd.</composer>, <title>Revue mélodique. Collection de petites Fantaisies sur des Motifs d’Opéras fav. Op. <opus key="opus_0294">112, No. 6</opus>, Auber, La Muette de Portici</title>. <pubPlace key="place_0438">Mainz</pubPlace>, <publisher key="publ_3563">Schott</publisher> 1 Fl.</bibl>
<bibl id="hofm_1854_01_0480_06">– <title>Petits Bijoux du Nord. 6 Duos mignons sur des Airs fav. Op. <opus key="opus_0495">127</opus>. Cah. 1, 2</title>. Ebend. à 1 Fl. 12 Xr. <lb/><title>Cah. 1, Les Adieux de Moscou. Wielhorsky, Romance. Warlamoff, Romance. <lb/>– 2, Chant bohémien. Lvoff, Hymne national. Alabieff, Chant bohémien</title>.</bibl>
<bibl id="hofm_1854_01_0480_07"><composer key="compo_008604">Eschmann, J.C.</composer>, <title>6 Tonstücke. Op. <opus key="opus_1165">18</opus>. No. 3, Etude. No. 4, Capriccio</title>. <pubPlace key="place_0341">Cassel</pubPlace>, <publisher key="publ_2497">Luckhardt</publisher> à 17½ Ngr.</bibl>
<wip id="hofm_1854_01_0480_08"><composer key="compo_009243">Field, J.</composer>, <title>6 célèbres Nocturnes, arr. par H. Enke</title>. <title>No. 1, in <key>Es</key></title>. 10 Ngr. <title>No. 4, in <key>A</key></title>. 15 Ngr. <pubPlace key="place_0392">Leipzig</pubPlace>, <publisher key="publ_1930">Kahnt</publisher>.</wip>
<bibl id="hofm_1854_01_0480_09"><composer key="compo_013697">Haydn, Jos.</composer>, <title>Sinfonies, arr. par E.D. Wagner, A. Conradi, F. Brisler et C. Klage. No. 1, in <key>D</key>. No. 2, in <key>B</key>. No. 3, in <key>G</key>. (mit dem Paukenschlag). No. 4, in <key>Es</key>. No 5, in <key>G</key>. (militaire). No. 6, in <key>D</key>. No. 7, in <key>G</key>. No. 8, in <key>Cm</key>. No. 9, in <key>Es</key>. No. 10, in <key>D</key>. No. 11, in <key>B</key>. No. 12, in <key>D</key></title>. <pubPlace key="place_0044">Berlin</pubPlace>, <publisher key="publ_0393">B. u. Bock</publisher> à 1 Rt. 5 Ngr.</bibl>
<bibl id="hofm_1854_01_0480_10"><composer key="compo_015945">Hünten, Franç.</composer>, <title>Fantaisie brill. sur des Thèmes fav. de Flotow. Op. <opus key="opus_1240">187</opus></title>. <pubPlace key="place_0392">Leipzig</pubPlace>, <publisher key="publ_0437">Br. u. Härtel</publisher> 25 Ngr.</bibl>
<bibl id="hofm_1854_01_0480_11"><composer key="compo_017572">Kittl, J.F.</composer>, <title>Marsch a. d. Oper: Bianca und Giuseppe, oder die Franzosen vor Nizza</title>. <pubPlace key="place_0392">Leipzig</pubPlace>, <publisher key="publ_0437">Br. u. Härtel</publisher> 10 Ngr.</bibl>
<bibl id="hofm_1854_01_0480_11_h"><composer key="compo_022612">Mayer, Ch.</composer>, <title>Mazurka-Caprice</title>. <pubPlace key="place_0371">Cöln</pubPlace>, <publisher key="publ_3486">Schloss</publisher> 25 Ngr.</bibl>
<bibl id="hofm_1854_01_0480_13"><composer key="compo_023268">Meyerbeer, G.</composer>, <title>Fackeltanz zur Vermählung der Prinzessin Anna von Preussen mit dem Prinzen Friedrich von Hessen</title>. <pubPlace key="place_0044">Berlin</pubPlace>, <publisher key="publ_0393">B. u. Bock</publisher> 1 Rt. 5 Ngr.</bibl>
<bibl id="hofm_1854_01_0480_14"><composer key="compo_025260">Oesten, Th.</composer>, <title>Lyra. 12 Amusements über bel. Melodien. Op. <opus key="opus_4639">93</opus>. No. 3, Lanner, Abendsterne. No. 4, Kücken, Trab, trab. No. 6, Esser, Eine Perte. No. 7, Bellini, Beatrice di Tenda</title>. <pubPlace key="place_0069">Bonn</pubPlace>, <publisher key="publ_3791">Simrock</publisher> à 1 Fr.</bibl>
<bibl id="hofm_1854_01_0480_15"><title>Potpourris nach Melodien der beliebtesten Opern. No. 43, Wagner, Tannhäuser</title>. <pubPlace key="place_0392">Leipzig</pubPlace>, <publisher key="publ_0437">Br. u. Härtel</publisher> 25 Ngr.</bibl>
<bibl id="hofm_1854_01_0480_16"><composer key="compo_033569">Strauss, Joh.</composer>, <title>Vermählungs-Toaste. Walzer. Op. <opus key="opus_0641">136</opus></title>. <pubPlace key="place_0731">Wien</pubPlace>, <publisher key="publ_1506">Haslinger</publisher> 20 Ngr.</bibl>
<bibl id="hofm_1854_01_0480_17"><composer key="compo_035758">Voss, Ch.</composer>, <title>Schiffer-Ständchen. Romanze. Op. <opus key="opus_0267">111</opus></title>. <pubPlace key="place_0341">Cassel</pubPlace>, <publisher key="publ_2497">Luckhardt</publisher> 10 Ngr.</bibl>
</div><div id="hofm_1854_01_0480_div08"><head><hofClass key="hofCl_0166">Musik für das Pianoforte allein.</hofClass></head>
<bibl id="hofm_1854_01_0480_18"><composer key="compo_001225">Bach, J.S.</composer>, <title>Clavierwerke. 1ster Theil, 15 Inventionen u. 15 Symphonien. Clavierübung. 4 Abth., 2 Toccaten u. Fuge</title>. (Bach’s Werke 3ter Jahrg.) <pubPlace key="place_0392">Leipzig</pubPlace>, hrsg. v. d. <publisher key="publ_0142">Bach-Gesellschaft</publisher>, Jahresbeitrag 5 Rt.</bibl>
<pb n="481"/>
<bibl id="hofm_1854_01_0481_01"><composer key="compo_002348">Benett, W.St.</composer>, <title>Caprice. Op. <opus key="opus_2010">28. No. 3</opus></title>. <pubPlace key="place_0392">Leipzig</pubPlace>, <publisher key="publ_2017">Kistner</publisher> 10 Ngr.</bibl>
<bibl id="hofm_1854_01_0481_02"><composer key="compo_002826">Beyer, Ferd.</composer>, <title>Bouquets de Mélodies. Op. <opus key="opus_2873">42. No. 31</opus>, Mercadante, Il Bravo</title>. <pubPlace key="place_0438">Mainz</pubPlace>, <publisher key="publ_3563">Schott</publisher> 1 Fl.</bibl>
<bibl id="hofm_1854_01_0481_03">– <title>Album 1854. 6 Morceaux élég. sur des Airs allemands fav. Op. <opus key="opus_0501">128</opus> (Fischer, Frühlingstoaste. Schubert, Die Post. Meyerbeer, Fischermädchen. Kücken, Wenn der West. Marschner, Der Kuss. Hölzel, Die Thräne)</title>. Ebend. geh. 3 Fl. 12 Xr.</bibl>
<bibl id="hofm_1854_01_0481_04">– <title>Vaterlands-Lieder. No. 24, Serbisches Nationallied</title>. Ebend. 18 Xr.</bibl>
<bibl id="hofm_1854_01_0481_05"><composer key="compo_003604">Boieldieu, A.</composer>, <title>Die weisse Dame. Komische Oper, f. Pfte allein. <edition>Neue Aufl</edition></title>. 4to. <pubPlace key="place_0392">Leipzig</pubPlace>, <publisher key="publ_1107">Friedlein u. Hirsch</publisher> geh. 1 Rt. 7½ Ngr. n.</bibl>
<bibl id="hofm_1854_01_0481_06"><composer key="compo_004435">Brunner, C.T.</composer>, <title>Amusements des jeunes Pianistes sur des Motifs des Opéras fav. Op. <opus key="opus_1949">270</opus>. No. 1, Flotow, Martha. No. 2, Flotow, Stradella</title>. <pubPlace key="place_0392">Leipzig</pubPlace>, <publisher key="publ_1930">Kahnt</publisher> à 12½ Ngr.</bibl>
<wip id="hofm_1854_01_0481_07"><composer key="compo_005074">Büchner, A.E.</composer>, <title>Blumen-Arabesken. Fantasiestücke. Op. <opus key="opus_0531">13</opus></title>. <title>Heft 1, Glockenblume. Passionsblume. Lilie. Rose</title>. <title>Heft 2, Myrthe. Lorbeer. Immortelle. Cypresse</title>. <pubPlace key="place_0392">Leipzig</pubPlace>, <publisher key="publ_3773">Siegel</publisher> à 10 Ngr.</wip>
<bibl id="hofm_1854_01_0481_08"><composer key="compo_006106">Cramer, H.</composer>, <title>Une Rêverie. Op. <opus key="opus_4654">94</opus></title>. <pubPlace key="place_0438">Mainz</pubPlace>, <publisher key="publ_3563">Schott</publisher> 36 Xr.</bibl>
<bibl id="hofm_1854_01_0481_09"><composer key="compo_006170">Croisez, A.</composer>, <title>La Chanson des Lagunes. Air vénitien varié. Op. <opus key="opus_3316">53</opus></title>. <pubPlace key="place_0438">Mainz</pubPlace>, <publisher key="publ_3563">Schott</publisher> 45 Xr.</bibl>
<bibl id="hofm_1854_01_0481_10"><composer key="compo_007388">Dreyschock, Al.</composer>, <title>3 Morceaux. Op. <opus key="opus_4722">98</opus>. No. 1, Toccata. No. 2, Sérénade. No. 3. Rhapsodie</title>. <pubPlace key="place_0392">Leipzig</pubPlace>, <publisher key="publ_0437">Br. u. Härtel</publisher> à 15 Ngr.</bibl>
<wip id="hofm_1854_01_0481_11"><composer key="compo_008604">Eschmann, J.C.</composer>, <title>6 Salonstücke. Op. <opus key="opus_1390">20</opus></title>. <title>No. 1, Mazurka</title>. 12½ Ngr. <title>No. 2, Nocturne</title>. 15 Ngr. <title>No. 3, Romanze</title>. 15 Ngr. <pubPlace key="place_0341">Cassel</pubPlace>, <publisher key="publ_2497">Luckhardt</publisher>.</wip>
<bibl id="hofm_1854_01_0481_12">– <title>24 Uebungsstücke in allen Tonarten, zur Beförderung des Ausdrucks und der Nüancirung im Pftespiel. Op. <opus key="opus_1584">22</opus>. Heft 3</title>. <pubPlace key="place_0392">Leipzig</pubPlace>, <publisher key="publ_1746">Hofmeister</publisher> 1 Rt.</bibl>
<bibl id="hofm_1854_01_0481_13">– <title>Drei Sonaten zu instructiven Zwecken. Op. <opus key="opus_1667">23. No. 2</opus>, in <key>Gm</key></title>. Ebend. 25 Ngr.</bibl>
<bibl id="hofm_1854_01_0481_14"><composer key="compo_010010">Friedenthal, L.</composer>, <title>4 Clavierstücke. Op. <opus key="opus_2116">3</opus>. Heft 1, 2</title>. <pubPlace key="place_0392">Leipzig</pubPlace>, <publisher key="publ_4382">Whistling</publisher> à 15 Ngr.</bibl>
<bibl id="hofm_1854_01_0481_15"><composer key="compo_010316">Funke, J.</composer>, <title>Chant national de Serbes, Op. <opus key="opus_3181">5</opus></title>. (Salon-Album III. No. 17). <pubPlace key="place_0731">Wien</pubPlace>, <publisher key="publ_1269">Glöggl</publisher> 10 Ngr.</bibl>
<bibl id="hofm_1854_01_0481_16"><composer key="compo_011121">Gerville, L.P.</composer>, <title>Polka élégante. Op. <opus key="opus_0392">12</opus></title>. <pubPlace key="place_0044">Berlin</pubPlace>, <publisher key="publ_0393">B. u. Bock</publisher> 10 Ngr.</bibl>
<bibl id="hofm_1854_01_0481_17">– <title>3 Mazurkas de Salon. Op. <opus key="opus_0684">14</opus></title>. Ebend. 15 Ngr.</bibl>
<bibl id="hofm_1854_01_0481_18">– <title>Marsch-Galopp. Op. <opus key="opus_0806">15</opus></title>. Ebend. 15 Ngr.</bibl>
<bibl id="hofm_1854_01_0481_19"><composer key="compo_011692">Goria, A.</composer>, <title>L’Espérance. 3me Mazurka. Op. <opus key="opus_1165">18</opus></title>. <pubPlace key="place_0171">Elberfeld</pubPlace>, <publisher key="publ_0096">Arnold</publisher> 12½ Ngr.</bibl>
<bibl id="hofm_1854_01_0481_20"><composer key="compo_012011">Gressler, F.A</composer>, <title>12 gefäll. Melodien mit Fantasien, Divertissements etc. Op. <opus key="opus_1896">26. No. 6</opus>, Nachklänge von Parade und Ball</title>. <pubPlace key="place_0386">Langensalza</pubPlace>, <publisher key="publ_3618">Schulbuchhdl</publisher>. 10 Ngr.</bibl>
<wip id="hofm_1854_01_0481_21"><composer key="compo_013474">Haslinger, C.</composer>, <title>Album-Blätter. 8 lyrische Tonstücke. Op. <opus key="opus_4580">90</opus></title>. <title>Heft 1, Barcarole. Ernst und Scherz. Ein Lied. Walzer</title>. <title>Heft 2, Abendglocken. Ballade. Chor. Trauer und Heiterkeit</title>. <pubPlace key="place_0731">Wien</pubPlace>, <publisher key="publ_1506">Haslinger</publisher> à 25 Ngr.</wip>
<bibl id="hofm_1854_01_0481_22"><composer key="compo_014252">Henselt, Ad.</composer>, <title>Petite Valse</title>. <pubPlace key="place_0392">Leipzig</pubPlace>, <publisher key="publ_3773">Siegel</publisher> 10 Ngr.</bibl>
<bibl id="hofm_1854_01_0481_23"><composer key="compo_014501">Hertel, P.</composer>, <title>Potpourri a. Alphäa. Ballet. Op. <opus key="opus_0684">14</opus></title>. <pubPlace key="place_0044">Berlin</pubPlace>, <publisher key="publ_0393">B. u. Bock</publisher> 1 Rt.</bibl>
<bibl id="hofm_1854_01_0481_24"><composer key="compo_015945">Hünten, Franç.</composer>, <title>Fleurs des Champs. 3 petites Fantaisies sur des Thèmes fav. Op. <opus key="opus_1220">185</opus>. No. 1, Le Mugnet. No. 2, Le Bleut. No. 3, La Marguerite</title>. <pubPlace key="place_0392">Leipzig</pubPlace>, <publisher key="publ_3773">Siegel</publisher> à 15 Ngr.</bibl>
<bibl id="hofm_1854_01_0481_25">– <title>Rondo-Schottisch sur un Motif fav. de l’Opéra : Marco Spada, d’Auber. Op. <opus key="opus_1228">186</opus></title>. <pubPlace key="place_0438">Mainz</pubPlace>, <publisher key="publ_3563">Schott</publisher> 54 Xr.</bibl>
<pb n="482"/>
<bibl id="hofm_1854_01_0482_01"><composer key="compo_016599">Jungmann, A.</composer>, <title>Melodien-Perlen. 3 Tonstücke über bel. Lieder v. Fr. Abt. Op. <opus key="opus_2131">30</opus>. No. 1, Er ist doch so weit. No. 2, Der deutsche Knabe. No. 3, Ob ich an dich gedacht</title>. <pubPlace key="place_0731">Wien</pubPlace>, <publisher key="publ_2779">Müller</publisher> à 14 Ngr.</bibl>
<bibl id="hofm_1854_01_0482_02"><composer key="compo_017177">Keller, Ferd.</composer>, <title>2me Nocturne. Op. <opus key="opus_4562">9</opus></title>. <pubPlace key="place_0392">Leipzig</pubPlace>, <publisher key="publ_0437">Br. u. Härtel</publisher> 10 Ngr.</bibl>
<bibl id="hofm_1854_01_0482_03">– <title>Tyrolienne. Op. <opus key="opus_0021">10</opus></title>. Ebend. 10 Ngr.</bibl>
<bibl id="hofm_1854_01_0482_04">– <title>Rondo. Op. <opus key="opus_0234">11</opus></title>. Ebend. 15 Ngr.</bibl>
<bibl id="hofm_1854_01_0482_05"><composer key="compo_018913">Krug, D.</composer>, <title>Illustrations du Lohengrin, de R. Wagner. 2 Tableaux mélodiques et brill. Op. <opus key="opus_3836">66. No. 1, 2</opus></title>. <pubPlace key="place_0392">Leipzig</pubPlace>, <publisher key="publ_0437">Br. u. Härtel</publisher> à 20 Ngr.</bibl>
<bibl id="hofm_1854_01_0482_06"><composer key="compo_019006">Krüger, W.</composer>, <title>Galop-Caprice de Concert, Op. <opus key="opus_2347">33</opus></title>. <pubPlace key="place_0392">Leipzig</pubPlace>, <publisher key="publ_2017">Kistner</publisher> 12½ Ngr.</bibl>
<bibl id="hofm_1854_01_0482_07"><composer key="compo_019113">Kullak, Ad</composer>, <title>Rèverie. Op. <opus key="opus_0392">12</opus></title>. <pubPlace key="place_0392">Leipzig</pubPlace>, <publisher key="publ_1746">Hofmeister</publisher> 17½ Ngr.</bibl>
<bibl id="hofm_1854_01_0482_08"><composer key="compo_020034">Lanz, J.</composer>, <title>La Douleur au trépas de l’amie. Impromptu élégiaque. Op. <opus key="opus_1932">27</opus></title>. (Salon-Album III. No. 18). <pubPlace key="place_0731">Wien</pubPlace>, <publisher key="publ_1269">Glöggl</publisher> 30 Xr.</bibl>
<bibl id="hofm_1854_01_0482_09"><composer key="compo_020320">Lefébure-Wély</composer>, <title>Les Cloches du Monastère. Nocturne. Op. <opus key="opus_3351">54</opus></title>. <pubPlace key="place_0171">Elberfeld</pubPlace>. <publisher key="publ_0096">Arnold</publisher> 12½ Ngr.</bibl>
<bibl id="hofm_1854_01_0482_10">– <title>La Danse des Oiseaux. Bluette. Op. <opus key="opus_4214">78</opus></title>. <pubPlace key="place_0438">Mainz</pubPlace>, <publisher key="publ_3563">Schott</publisher> 54 Xr.</bibl>
<bibl id="hofm_1854_01_0482_11"><composer key="compo_020612">Lepont</composer>, <title>Potpourri über bel. Melodien a. d. Oper: Il Trovatore, v. Verdi</title>. <pubPlace key="place_0731">Wien</pubPlace>, <publisher key="publ_2779">Müller</publisher> 25 Ngr.</bibl>
<bibl id="hofm_1854_01_0482_12"><composer key="compo_020983">Lindemann, L.M.</composer>, <title>Aeldere og nyere norske Fjeldmelodier. Heft 1, 2</title>. <pubPlace key="place_0112">Christiana</pubPlace>, <publisher key="publ_2559">Malling</publisher> (<pubPlace key="place_0392">Leipzig</pubPlace>, <publisher key="publ_2479">Lorck</publisher>) à 2 Rt. *n.</bibl>
<wip id="hofm_1854_01_0482_13"><composer key="compo_021570">Lysberg, Ch. de</composer>, <title>6 Caprices. Op. <opus key="opus_1165">18</opus></title>. <title>Liv. 1</title> (15 Ngr.) <title>Liv. 2</title> (20 Ngr.) <pubPlace key="place_0392">Leipzig</pubPlace>, <publisher key="publ_1746">Hofmeister</publisher>.</wip>
<bibl id="hofm_1854_01_0482_14"><composer key="compo_022249">Marks, G.W.</composer>, <title>Collection de Fantaisies en Forme de Potpourris. No. 1, Wagner, Tannhäuser</title>. <pubPlace key="place_0276">Hamburg</pubPlace>, <publisher key="publ_0640">Cranz</publisher> 17½ Ngr.</bibl>
<bibl id="hofm_1854_01_0482_15"><composer key="compo_022317">Martin, Ch.</composer>, <title>24 Rondeaux, Fantaisies et Variations sur des Thèmes fav. Op. <opus key="opus_2403">34</opus>. No. 5, Krönungsmarsch a. d. Oper: Der Prophet. No. 6, Hochzeitsmarsch a. d. Sommernachtstraum, v. Mendelssohn</title>. <pubPlace key="place_0044">Berlin</pubPlace>, <publisher key="publ_0393">B. u. Bock</publisher> à 10 Ngr.</bibl>
<bibl id="hofm_1854_01_0482_16"><composer key="compo_022612">Mayer, Ch.</composer>, <title>Tremolo-Etude de Concert. Op. <opus key="opus_1252">189</opus></title>. <pubPlace key="place_0392">Leipz</pubPlace>., <publisher key="publ_3773">Siegel</publisher> 17½ Ngr.</bibl>
<bibl id="hofm_1854_01_0482_17"><composer key="compo_022784">Meinardus, L.</composer>, <title>Suite über ein deutsches Volkslied. Op. <opus key="opus_0021">10</opus></title>. <pubPlace key="place_0392">Leipzig</pubPlace>, <publisher key="publ_4382">Whistling</publisher> 1 Rt. 5 Ngr.</bibl>
<bibl id="hofm_1854_01_0482_18"><composer key="compo_025000">Normann, L.</composer>, <title>4 Fantasiestücke. Op. <opus key="opus_3181">5</opus></title>. <pubPlace key="place_0392">Leipzig</pubPlace>, <publisher key="publ_2017">Kistner</publisher> 20 Ngr.</bibl>
<bibl id="hofm_1854_01_0482_19"><composer key="compo_025260">Oesten, Th.</composer>, <title>Sternbilder. 12 kl. Fantasien, Rondinos u. Variat. über bel. Melodien. Op. <opus key="opus_4492">86. No. 12</opus>, Stern, Morgen marschiren wir</title>. <pubPlace key="place_0069">Bonn</pubPlace>. <publisher key="publ_3791">Simrock</publisher> 1¾ Fr.</bibl>
<bibl id="hofm_1854_01_0482_20">– <title>Souvenir élégant. Bouquet de Mélodies sur des Thèmes d’Opéras. Op. <opus key="opus_4537">88. No. 6</opus>, Rossini, Moses</title>. Ebend. 2¾ Fr.</bibl>
<bibl id="hofm_1854_01_0482_21">– <title>Suite de Perles allemandes. 6 Fantaisies élég. Op. <opus key="opus_4610">91. No. 5</opus>, Tiehsen, Ach wenn ein rechtes Gedenken</title>. Ebend. 2 Fr.</bibl>
<bibl id="hofm_1854_01_0482_22">– <title>Paraphrasen bel. deutscher Volkslieder. Op. <opus key="opus_4687">96</opus>. No. 7, An den schönsten Frühlingsmorgen. No. 8, Schier dreissig Jahre bist du alt. No. 9, Mein Herr Maler will er Wohl. No. 10, In des Waldes tiefsten Gründen</title>. Ebend. à 1 Fr.</bibl>
<bibl id="hofm_1854_01_0482_23">– <title>Klänge der Liebe. Neue Folge. Op. <opus key="opus_0045">100</opus>. No. 4, Lockung. No. 5, Letzter Wunsch. No. 6, Serenade</title>. Ebend. à 1½ Fr.</bibl>
<bibl id="hofm_1854_01_0482_24"><composer key="compo_026269">Pfeffer, C</composer>, <title>Amoroso. Lied ohne Worte</title> (Salon-Album III. No. 20). <pubPlace key="place_0731">Wien</pubPlace>, <publisher key="publ_1269">Glöggl</publisher> 10 Ngr.</bibl>
<bibl id="hofm_1854_01_0482_25"><title>Potpourris über Themen beliebter Opern. No. 115, Wagner, Tannhäuser</title>. <pubPlace key="place_0392">Leipzig</pubPlace>, <publisher key="publ_0437">Br. u. Härtel</publisher> 20 Ngr.</bibl>
<bibl id="hofm_1854_01_0482_26"><composer key="compo_027445">Raff, J.</composer>, <title>Romanze. Op. <opus key="opus_2804">41</opus></title>. <pubPlace key="place_0392">Leipzig</pubPlace>, <publisher key="publ_2017">Kistner</publisher> 12½ Ngr.</bibl>
<bibl id="hofm_1854_01_0482_27"><composer key="compo_027851">Reimann, J.</composer>, <title>Original-Melodie. Op. <opus key="opus_4300">8</opus></title> (Salon-Album III. No. 16). <pubPlace key="place_0731">Wien</pubPlace>, <publisher key="publ_1269">Glöggl</publisher> 10 Ngr.</bibl>
<bibl id="hofm_1854_01_0482_28"><title>Rundschau (musikalisch-theatralische) hrsg. v. A.M. Storch. 2ter Jahrg. Lief. 18–24</title>. <pubPlace key="place_0731">Wien</pubPlace>, <publisher key="publ_1269">Glöggl</publisher> p. cpl. 3 Rt. 10 Ngr. n.</bibl>
<bibl id="hofm_1854_01_0482_29"><composer key="compo_030038">Scheibel, Th.</composer>, <title>Le Gondolier. Etude. Op. <opus key="opus_4572">9. No. 3</opus></title>. <pubPlace key="place_0417">Lissa</pubPlace>, <publisher key="publ_1407">Günther</publisher> 10 Ngr.</bibl>
<pb n="483"/>
<bibl id="hofm_1854_01_0483_01"><composer key="compo_031181">Schulhoff, J.</composer>, <title>3 Idylles. 3me Recueil. Op. 36 (Doux Reproche. Etoile du Soir. Le Ruisseau)</title>. <pubPlace key="place_0438">Mainz</pubPlace>, <publisher key="publ_3563">Schott</publisher> 1 Fl. 30 Xr.</bibl>
<bibl id="hofm_1854_01_0483_02"><composer key="compo_031356">Schumann, R.</composer>, <title>Ouverture, Scherzo und Finale. <format>Clavierauszug</format> vom Componisten. Op. <opus key="opus_3282">52</opus></title>. <pubPlace key="place_0392">Leipzig</pubPlace>, <publisher key="publ_2017">Kistner</publisher> 1 Rt.</bibl>
<wip id="hofm_1854_01_0483_03">– <title>3 Sonaten f. d. Jugend. Op. <opus key="opus_0358">118</opus></title>. <pubPlace key="place_0276">Hamburg</pubPlace>, <publisher key="publ_3605">Schuberth u. Co</publisher>. geh. 2 Rt. 10 Ngr. <lb/><title>No. 1, in <key>G</key>. Allegro. Thema mit Var. Puppen-Wiegenlied. Rondoletto</title>. 20 Ngr. <lb/>– <title>2. in <key>D</key>. Allegro. Canon. Abendlied. Kindergesellschaft</title>. 1 Rt. <lb/>– <title>3, in <key>C</key>. Allegro. Andante. Zigeunertanz. Traum eines Kindes</title>. 1 Rt.</wip>
<bibl id="hofm_1854_01_0483_04">– <title>Albumblätter. 20 Clavierstücke. Op. <opus key="opus_0427">121</opus></title>. <pubPlace key="place_0171">Elberfeld</pubPlace>, <publisher key="publ_0096">Arnold</publisher> geb 2 Rt. 10 Ngr.</bibl>
<bibl id="hofm_1854_01_0483_05"><composer key="compo_032240">Siering, M.</composer>, <title>La Poste. Etude. Op. <opus key="opus_3181">5</opus></title>. <pubPlace key="place_0392">Leipzig</pubPlace>, <publisher key="publ_4382">Whistling</publisher> 10 Ngr.</bibl>
<bibl id="hofm_1854_01_0483_06"><composer key="compo_034102">Talexy, A.</composer>, <title>Lamento. Nocturne. Op. <opus key="opus_3282">52</opus></title>. <pubPlace key="place_0438">Mainz</pubPlace>, <publisher key="publ_3563">Schott</publisher> 54 Xr.</bibl>
<bibl id="hofm_1854_01_0483_07"><composer key="compo_034396">Thiele, E.</composer>, <title>3 Mazurkas. Op. <opus key="opus_0234">11</opus></title>. <pubPlace key="place_0044">Berlin</pubPlace>, <publisher key="publ_0393">B. u. Bock</publisher> 20 Ngr.</bibl>
<wip id="hofm_1854_01_0483_08"><composer key="compo_034621">Titl, A.E.</composer>, <title>Andante zu Kleist’s Käthchen von Heilbronn</title> (8 Ngr.) u. <title>Uebergang von der Nacht zum Tage zu Shakespeare’s Viel Lärm um nichts</title>. (8 Ngr.) Rundschau. Lief. 21. <pubPlace key="place_0731">Wien</pubPlace>, <publisher key="publ_1269">Glöggl</publisher> 10 Ngr.</wip>
<bibl id="hofm_1854_01_0483_09"><composer key="compo_036339">Wehner, F.R.</composer>, <title>Valse brillant</title>. <pubPlace key="place_0044">Berlin</pubPlace>, <publisher key="publ_0393">B. u. Bock</publisher> 15 Ngr.</bibl>
<bibl id="hofm_1854_01_0483_10"><composer key="compo_037443">Wolf, F.A.</composer>, <title>Barcarolle. Op. <opus key="opus_0531">13</opus></title>. <pubPlace key="place_0731">Wien</pubPlace>, <publisher key="publ_2779">Müller</publisher> 12 Ngr.</bibl>
<bibl id="hofm_1854_01_0483_11">– <title>Fantaisie sur deux Thèmes de l’Opéra : Ernani, de G. Verdi. Op. <opus key="opus_0684">14</opus></title>. Ebend. 1 Rt.</bibl>
</div><div id="hofm_1854_01_0483_div09"><head><hofClass key="hofCl_0276">Ouverturen u. Entre-Acte für Pianoforte.</hofClass></head>
<bibl id="hofm_1854_01_0483_12"><composer key="compo_003035">Binder, C.</composer>, <title>Entre-Act aus d. Posse: Der Ueberspannte</title> (Rundschau. Lief. 22). <pubPlace key="place_0731">Wien</pubPlace>, <publisher key="publ_1269">Glöggl</publisher> 10 Ngr.</bibl>
<bibl id="hofm_1854_01_0483_13"><composer key="compo_033881">Suppe, F. v.</composer>, <title>Ouverture mit Benutzung dalmatinischer Volksmelodien</title> (Rundschau. Lief. 24). <pubPlace key="place_0731">Wien</pubPlace>, <publisher key="publ_1269">Glöggl</publisher> 15 Ngr.</bibl>
<bibl id="hofm_1854_01_0483_14"><composer key="compo_034621">Titl, A.E.</composer>, <title>Lustspiel-Entreact No. 3</title> (Rundschau. Lief. 20). <pubPlace key="place_0731">Wien</pubPlace>, <publisher key="publ_1269">Glöggl</publisher> 15 Ngr.</bibl>
</div><div id="hofm_1854_01_0483_div10"><head><hofClass key="hofCl_0288">Tänze für das Pianoforte.</hofClass></head>
<bibl id="hofm_1854_01_0483_15"><composer key="compo_005889">Comettant, O.</composer>, <title>La Sympatie. Valse sentimentale</title>. <pubPlace key="place_0438">Mainz</pubPlace>, <publisher key="publ_3563">Schott</publisher> 27 Xr.</bibl>
<bibl id="hofm_1854_01_0483_16"><composer key="compo_008265">Elssner, E.</composer>, <title>Polonaise. Op. <opus key="opus_2737">4</opus>, in <key>C</key></title>. <pubPlace key="place_0427">Löbau</pubPlace>, <publisher key="publ_0840">Dümmler</publisher> 5 Ngr. n.</bibl>
<bibl id="hofm_1854_01_0483_17"><composer key="compo_008603">Eschmann, J.</composer>, <title>Mazurka u. Polka. Op. <opus key="opus_2737">4</opus></title>. <pubPlace key="place_0341">Cassel</pubPlace>, <publisher key="publ_2497">Luckhardt</publisher> 10 Ngr.</bibl>
<bibl id="hofm_1854_01_0483_18"><composer key="compo_009394">Fischer, J.H.A.</composer>, <title>Walzer nach Melodien der Oper: Tannhäuser</title>. <pubPlace key="place_0276">Hamburg</pubPlace>, <publisher key="publ_0640">Cranz</publisher> 7½ Ngr.</bibl>
<bibl id="hofm_1854_01_0483_19"><composer key="compo_011814">Graf, G.</composer>, <title>Polka-Mazourka de Salon. Op. <opus key="opus_1068">17</opus></title>. <pubPlace key="place_0371">Cöln</pubPlace>, <publisher key="publ_3486">Schloss</publisher> 7½ Ngr.</bibl>
<bibl id="hofm_1854_01_0483_20"><composer key="compo_014217">Henrion, P.</composer>, <title>Petra Camara. Valse espagnole</title>. <pubPlace key="place_0438">Mainz</pubPlace>, <publisher key="publ_3563">Schott</publisher> 54 Xr.</bibl>
<bibl id="hofm_1854_01_0483_21"><composer key="compo_014319">Herfurth, W.</composer>, <title>Ida-Polka. No. 1</title>. <pubPlace key="place_0392">Leipzig</pubPlace>, <publisher key="publ_3773">Siegel</publisher> 7½ Ngr.</bibl>
<bibl id="hofm_1854_01_0483_22">– <title>Rosamunde-Polka. No. 3</title>. Ebend. 7½ Ngr.</bibl>
<bibl id="hofm_1854_01_0483_23">– <title>Elise-Redowa. No. 4</title>. Ebend. 7½ Ngr.</bibl>
<bibl id="hofm_1854_01_0483_24"><composer key="compo_015841">Hönncher, H.</composer>, <title>Gr. Valse Mélodique. Op. <opus key="opus_3565">6</opus></title>. <pubPlace key="place_0717">Weida</pubPlace>, <publisher key="publ_1805">Huth</publisher> 15 Ngr. n.</bibl>
<bibl id="hofm_1854_01_0483_25"><composer key="compo_017082">Kaulich, Jos.</composer>, <title>Pepita-Tänze, Walzer. Op. <opus key="opus_0806">15</opus>. <edition>2te Aufl</edition></title>. <pubPlace key="place_0731">Wien</pubPlace>, <publisher key="publ_1269">Glöggl</publisher> 10 Ngr.</bibl>
<bibl id="hofm_1854_01_0483_26">– <title>Verlobungs-Toaste. Op. <opus key="opus_0927">16</opus></title>. Ebend. 15 Ngr.</bibl>
<bibl id="hofm_1854_01_0483_27"><composer key="compo_021538">Lutz, W.</composer>, <title>Mazurka. Op. <opus key="opus_1165">18</opus></title>. <pubPlace key="place_0519">Offenbach</pubPlace>, <publisher key="publ_0065">André</publisher> 27 Xr.</bibl>
<bibl id="hofm_1854_01_0483_28"><composer key="compo_022587">Max, H.</composer>, <title>Marien-Quadrille. Op. <opus key="opus_3204">50</opus></title>. <pubPlace key="place_0475">München</pubPlace>, <publisher key="publ_0996">Falter</publisher> 36 Xr.</bibl>
<bibl id="hofm_1854_01_0483_29"><composer key="compo_022736">Medon, G.</composer>, <title>Souvenir de Danse (Mathieu, L’lmpériale. Décombres, Sicilienne. Strauss, La Varsoviana u. Schottisch)</title>. <pubPlace key="place_0044">Berlin</pubPlace>, <publisher key="publ_0393">B. u. Bock</publisher> 20 Ngr.</bibl>
<bibl id="hofm_1854_01_0483_30"><composer key="compo_023161">Metzger, J.G.</composer>, <title>Zwergen-Polka</title>. <pubPlace key="place_0731">Wien</pubPlace>, <publisher key="publ_1269">Glöggl</publisher> 8 Ngr.</bibl>
<pb n="484"/>
<wip id="hofm_1854_01_0484_01"><title>Nationaltänze (spanische) aufg. v. Fräul. Pepita Oliva, arr. v. C. Binder</title>. <title>No. 1, 2. La Madrilena. El Ole</title>. (à 7 Ngr.) <title>No. 3, 4, 5, Jaleo de Xeres</title> (7 Ngr.) <title>Aragonesa. La Cachucha</title>. (à 5 Ngr.) Rundschau Lief. 18, 19. <pubPlace key="place_0731">Wien</pubPlace>, <publisher key="publ_1269">Glöggl</publisher> à 10 Ngr.</wip>
<bibl id="hofm_1854_01_0484_02"><title>Ole (el.) spanischer Nationaltanz</title>. <pubPlace key="place_0731">Wien</pubPlace>, <publisher key="publ_2779">Müller</publisher> 5 Ngr.</bibl>
<bibl id="hofm_1854_01_0484_03"><composer key="compo_027929">Reinisch, Fr.</composer>, <title>A mon Plaisir. Mazurka Reydouwaczka. Op. <opus key="opus_3565">6</opus></title>. <pubPlace key="place_0392">Leipzig</pubPlace>, <publisher key="publ_3773">Siegel</publisher> 5 Ngr.</bibl>
<bibl id="hofm_1854_01_0484_04">– <title>A mes Amis. Mazurka Reydouwaczka. Op. <opus key="opus_3967">7</opus></title>. Ebend. 5 Ngr.</bibl>
<bibl id="hofm_1854_01_0484_05">– <title>Aurora-Reydouwa. Op. <opus key="opus_0021">10</opus></title>. Ebend. 5 Ngr.</bibl>
<bibl id="hofm_1854_01_0484_06"><composer key="compo_029200">Rumbold, H.</composer>, <title>Die Fahrt nach Villafranca. Polka-Mazurka</title>. <pubPlace key="place_0519">Offenbach</pubPlace>, <publisher key="publ_0065">André</publisher> 18 Xr.</bibl>
<bibl id="hofm_1854_01_0484_07"><composer key="compo_031006">Schraube, Th.</composer>, <title>2 Polka-Mazurka</title>. <pubPlace key="place_0519">Offenbach</pubPlace>, <publisher key="publ_0065">André</publisher> 27 Xr.</bibl>
<bibl id="hofm_1854_01_0484_08"><composer key="compo_031771">Scola, A.</composer>, <title>La Niobe. Schottisch</title>. <pubPlace key="place_0438">Mainz</pubPlace>, <publisher key="publ_3563">Schott</publisher> 18 Xr.</bibl>
<bibl id="hofm_1854_01_0484_09"><composer key="compo_033484">Storch, A.M.</composer>, <title>Schottisches Pas de deux, aus der Zauberpantomime: Harlequin in der Blumenwelt</title>. (Rundschau Lief. 23). <pubPlace key="place_0731">Wien</pubPlace>, <publisher key="publ_1269">Glöggl</publisher> 10 Ngr.</bibl>
<bibl id="hofm_1854_01_0484_10"><composer key="compo_033525">Strantz, L. v.</composer>, <title>Schneeflocken. Walzer</title>. <pubPlace key="place_0044">Berlin</pubPlace>, <publisher key="publ_0393">B. u. Bock</publisher> 15 Ngr.</bibl>
<bibl id="hofm_1854_01_0484_11"><composer key="compo_033569">Strauss, Joh.</composer>, <title>Vermählungs-Toaste. Walzer. Op. <opus key="opus_0641">136</opus></title>. <pubPlace key="place_0731">Wien</pubPlace>, <publisher key="publ_1506">Haslinger</publisher> 15 Ngr.</bibl>
<album id="hofm_1854_01_0484_12"><title>Tanz-Album (erstes Leipziger). 2ter Jahrg. 12 Tänze v. <composer key="compo_004745">S. Burkhardt</composer>, <composer key="compo_019345">G. Köhler</composer>, <composer key="compo_008262">Elssig</composer>, <composer key="compo_027190">Puffholdt</composer> u. A</title>. <pubPlace key="place_0392">Leipzig</pubPlace>, <publisher key="publ_1930">Kahnt</publisher> geh. 1 Rt. n.</album>
<bibl id="hofm_1854_01_0484_13"><composer key="compo_036036">Wallerstein, A.</composer>, <title>Redowa festivale (Frühlings-Ländler). Op. <opus key="opus_4580">90</opus></title>. <pubPlace key="place_0438">Mainz</pubPlace>, <publisher key="publ_3563">Schott</publisher> 27 Xr.</bibl>
</div><div id="hofm_1854_01_0484_div11"><head><hofClass key="hofCl_0250">Märsche für das Pianoforte.</hofClass></head>
<bibl id="hofm_1854_01_0484_14"><composer key="compo_014319">Herfurth, W.</composer>, <title>Alexander-Marsch. No. 2</title>. <pubPlace key="place_0392">Leipzig</pubPlace>, <publisher key="publ_3773">Siegel</publisher> 7½ Ngr.</bibl>
<bibl id="hofm_1854_01_0484_15"><composer key="compo_020421">Leibold, C.</composer>, <title>Pepita-Fest Marsch. <edition>2te Aufl</edition></title>. <pubPlace key="place_0731">Wien</pubPlace>, <publisher key="publ_1269">Glöggl</publisher> 7 Ngr.</bibl>
<bibl id="hofm_1854_01_0484_16"><composer key="compo_030467">Schmeer, G.</composer>, <title>Marsch nach Motiven aus Wagner’s Oper: Der Tannhäuser</title>. <pubPlace key="place_0438">Mainz</pubPlace>, <publisher key="publ_3563">Schott</publisher> 18 Xr.</bibl>
<bibl id="hofm_1854_01_0484_17"><composer key="compo_036260">Weber, Franz</composer>, <title>Cavallerie-Marsch. Op. <opus key="opus_4562">9</opus></title> (Salon-Album III. No. 19). <pubPlace key="place_0731">Wien</pubPlace>, <publisher key="publ_1269">Glöggl</publisher> 10 Ngr.</bibl>
<bibl id="hofm_1854_01_0484_18"><composer key="compo_037938">Zawerthal, V.H.</composer>, <title>Erinnerung an Novy. Expeditions-Marsch</title>. <pubPlace key="place_0731">Wien</pubPlace>, <publisher key="publ_1269">Glöggl</publisher> 10 Ngr.</bibl>
<bibl id="hofm_1854_01_0484_19"><composer key="compo_038079">Zichy-Stubenberg, Gräfin Anna</composer>, <title>Wallmoden-Uhlanen-Marsch. Op. <opus key="opus_0021">10</opus></title>. <pubPlace key="place_0731">Wien</pubPlace>, <publisher key="publ_1269">Glöggl</publisher> 5 Ngr.</bibl>
</div><div id="hofm_1854_01_0484_div12"><head><hofClass key="hofCl_0072">Lehrbücher für das Pianoforte.</hofClass></head>
<bibl id="hofm_1854_01_0484_20"><composer key="compo_006391">Dalla-Casa, L.</composer>, <title>L’Art de déchiffrer. Méthode spéciale de Pfte</title>. <pubPlace key="place_0537">Paris</pubPlace>, <publisher key="publ_2310">Launer</publisher> geh. 40 Fr.</bibl>
<bibl id="hofm_1854_01_0484_21"><composer key="compo_027958">Reiser, H.</composer>, <title>Clavier-Schule f. Kinder. 1ste Abth. <edition>8te Aufl</edition></title>. qu.-8. <pubPlace key="place_0662">Stuttgart</pubPlace>, <publisher key="publ_1448">Hallberger</publisher> geh. 25 Ngr. n.</bibl>
<bibl id="hofm_1854_01_0484_22"><composer key="compo_030057">Scheidler, C.A.</composer>, <title>Cursus für den Elementarunterricht im Pftespiel. Eine ausführl. u. vollst. Anweisung zu einem gründl. wissenschaftlich prakt. Unterricht in den Anfangsgründen d. Pftespiels. 1ste Lief. (Heft 1–5)</title>. <pubPlace key="place_0341">Cassel</pubPlace>, <publisher key="publ_2497">Luckhardt</publisher> 1 Rt. 10 Ngr. n.</bibl>
</div><div id="hofm_1854_01_0484_div13"><head><hofClass key="hofCl_0225">Musik für die Orgel.</hofClass></head>
<bibl id="hofm_1854_01_0484_23"><composer key="compo_010862">Geissler, C.</composer>, <title>Choral-Vorspiel zum Gebr. bei jedem Choralbuch mit Signaturen. 1stes Heft</title>. <pubPlace key="place_0449">Meissen</pubPlace>, <publisher key="publ_1397">Gödsche</publisher> 10 Ngr.</bibl>
<bibl id="hofm_1854_01_0484_24"><composer key="compo_017616">Klauer, F.G.</composer>, <title>Praktische Vorschule f. d. Orgelspiel. Sammlung stufenweise fortschreit. Manual- u. Pedal-Uebungen. Op. <opus key="opus_0806">15</opus></title>. <pubPlace key="place_0170">Eisleben</pubPlace>, <publisher key="publ_3181">Reichardt</publisher> 15 Ngr. n.</bibl>
<pb n="485"/>
<bibl id="hofm_1854_01_0485_01"><composer key="compo_019524">Kühmstedt, Fr.</composer>, <title>Augenblicke tiefern Gemüthslebens. Kleine leichte Orgelstücke. Op. <opus key="opus_2576">37</opus>. Heft 2, 3</title>. qu.-4. <pubPlace key="place_0181">Erfurt</pubPlace>, <publisher key="publ_2240">Körner</publisher> 20 Ngr. *n.</bibl>
<bibl id="hofm_1854_01_0485_02"><composer key="compo_023136">Mettner, C.</composer>, <title>Variationen über den Choral: Mache dich, mein Geist, bereit, f. Orgel</title>. qu.-4. <pubPlace key="place_0181">Erfurt</pubPlace>, <publisher key="publ_2240">Körner</publisher> 15 Ngr.</bibl>
<bibl id="hofm_1854_01_0485_03"><composer key="compo_031818">Seeger, C.</composer>, <title>12 Orgelstücke zum Gebr. bei öffentl. Gottesdienste. Op. <opus key="opus_4562">9</opus></title>. <pubPlace key="place_0519">Offenbach</pubPlace>, <publisher key="publ_0065">André</publisher> 45 Xr.</bibl>
</div><div id="hofm_1854_01_0485_div14">
<head><hofClass key="hofCl_0238">Musik für die Physharmonika.</hofClass></head><bibl id="hofm_1854_01_0485_04"><composer key="compo_022904">Mendelssohn-Bartholdy, F.</composer>, <title>6 Lieder ohne Worte, f. Physharmonika u. Pfte. Heft 5. Op. <opus key="opus_3701">62</opus></title>. <pubPlace key="place_0069">Bonn</pubPlace>, <publisher key="publ_3791">Simrock</publisher> 4 Fr.</bibl>
</div><div id="hofm_1854_01_0485_div15"><head><hofClass key="hofCl_0068">Kirchenmusik.</hofClass></head>
<bibl id="hofm_1854_01_0485_05"><composer key="compo_002486">Bergerhoff, J.H.</composer>, <title>Missa terzia. 4 vocibus humanis comitante Organo. Op. <opus key="opus_2116">3</opus></title>. <format>Partitur</format> 2 Rt. <format>Stimmen</format> 1 Rt. 10 Ngr. <pubPlace key="place_0171">Elberfeld</pubPlace>, <publisher key="publ_0096">Arnold</publisher> 3 Rt. 10 Ngr.</bibl>
<bibl id="hofm_1854_01_0485_06">– <title>Der 120ste u. 121ste Psalm f. Männerchor m. Orgel (od. Pfte). Op. <opus key="opus_4562">9</opus></title>. <format>Partitur</format> 1 Rt. 5 Ngr. <format>Stimmen</format> 25 Ngr. Ebend. 2 Rt.</bibl>
<bibl id="hofm_1854_01_0485_07"><composer key="compo_008497">Erk, L.</composer>, <title>Grabgesänge f. mehrstimmigen Männerchor. Heft. 1</title>. <pubPlace key="place_0044">Berlin</pubPlace>, <publisher key="publ_0946">Erk</publisher> 3 Ngr. n.</bibl>
<bibl id="hofm_1854_01_0485_08"><title>Gesangbuch mit Melodien, zum Gebr. f. d. kathol. Schuljugend</title>. <pubPlace key="place_0725">Wels</pubPlace>, <publisher key="publ_1416">Haas</publisher> 7½ Ngr.</bibl>
<bibl id="hofm_1854_01_0485_09"><title>Kirchen-Musik-Archiv. No. 6, <composer key="compo_031800">Sechter, S.</composer>, Messe in <key>C</key>, f. 4 Singstimmen, Orch. u. Orgel</title>. <pubPlace key="place_0731">Wien</pubPlace>, <publisher key="publ_1269">Glöggl</publisher> Subcr.-Pr. f. 12 Lief. 12 Fl.</bibl>
<bibl id="hofm_1854_01_0485_10"><title>Melodien aus dem Choralbuche f. d. Grossherzogthum Hessen. <edition>2te Aufl</edition></title>. 8vo. <pubPlace key="place_0128">Darmstadt</pubPlace>, <publisher key="publ_2381">Leske</publisher> 6 Ngr. *n.</bibl>
<bibl id="hofm_1854_01_0485_11"><title>Melodien zu dem kathol. Gesang- u. Gebetbuch Engelsharfe</title> qu.-4. <pubPlace key="place_0539">Passau</pubPlace>, <publisher key="publ_0908">Elsässer u. Waldbauer</publisher> geh. 12 Ngr. n.</bibl>
<bibl id="hofm_1854_01_0485_12"><composer key="compo_023268">Meyerbeer, G.</composer>, <title>2 religiöse Gedichte f. 2 Soprane u. Alt m. Orgel (Glorie in der Höhe. Hallelujah)</title>. qu.-8. <pubPlace key="place_0438">Mainz</pubPlace>, <publisher key="publ_3563">Schott</publisher> 36 Xr.</bibl>
<bibl id="hofm_1854_01_0485_13"><title>Musica divina, sive Thesaurus concentuum selectissimorum omni Cultui Divino totius anni juxta ritum sanctae ecclesiae catholicae in serventium, ab excell. super. aevi musicis numeris harmonicis Compositorum offert C. Proske. Annus Imus. Harmonias 4 vocum cont. Tomus l. Liber Missarum. <format>Partitur</format></title>. 4to. <pubPlace key="place_0569">Regensburg</pubPlace>, <publisher key="publ_3124">Pustet</publisher> geb. 2 Rt. 24 Ngr. *n.</bibl>
<wip id="hofm_1854_01_0485_14">– Idem <format>Stimmen</format>. <title>No. 1, <composer key="compo_025644">G.P. da Palestrina</composer>, Missa brevis</title> 4 Ngr. *n. <title>No. 4, <composer key="compo_020083">Orlando de Lasso</composer>, Missa (octavani Toni)</title> 3 Ngr. *n. <title>No. 5, <composer key="compo_020083">Orlando di Lasso</composer>, Missa ad imitationem moduli „Puisque j’ai perdu.“</title> 4½ Ngr. *n. <title>No. 7, <composer key="compo_010474">A. Gabrieli</composer>, Missa (brevis)</title> 4 Ngr. *n. <title><composer key="compo_013519">J.L. Hasler</composer>, Missa super: Dixit Maria</title>. 3 Ngr. *n. <title>No. 9, <composer key="compo_026548">O. Pitoni</composer>, Missa in Nativitate Domini. No. 10, <composer key="compo_021342">A. Lotti</composer>, Missa</title>. 3 Ngr. *n. 4to. Ebend. 25 Ngr. *n.</wip>
<bibl id="hofm_1854_01_0485_15"><composer key="compo_028128">Rettschlag, M.F.</composer>, <title>Der christliche Festsänger. Sammlung dreist. Lieder zum Gebr. für Kirchen u. Schulen</title>. <pubPlace key="place_0213">Friedeberg</pubPlace>, <publisher key="publ_2415">Lichtenstädt</publisher> (<pubPlace key="place_0044">Berlin</pubPlace>, <publisher key="publ_0691">David</publisher>) 7½ Ngr. n.</bibl>
<bibl id="hofm_1854_01_0485_16"><composer key="compo_029160">Rudolph, C.H.</composer>, <title>Choralbuch. 130 pach Hiller in <format>Partitur</format> gesetzte Choräle, die Litanei und Responsorien</title>. 4to. <pubPlace key="place_0205">Freiberg</pubPlace>, <publisher key="publ_4465">Wolf</publisher> geh. 15 Ngr. *n.</bibl>
<bibl id="hofm_1854_01_0485_17">– <title>22 Choräle f. 4stimmigen Männerchor</title>. Ebend. 3 Ngr. n.</bibl>
<bibl id="hofm_1854_01_0485_18"><composer key="compo_032151">Shiff, S.</composer>, <title>Fest-Cantate zur Einweihung der evang. Kirche in Nikolajeff, f. vierst. Chor u. Orgel (od. Pfte). Op. <opus key="opus_0045">100</opus></title>. <pubPlace key="place_0580">Riga</pubPlace>, <publisher key="publ_0721">Deubner</publisher> 18 Ngr. n.</bibl>
<pb n="486"/>
<bibl id="hofm_1854_01_0486_01"><composer key="compo_037857">Zaininger, B.</composer>, <title>Te Deum laudamus f. Landchöre f. 4 Singst, 2 Viol., Viola, Flöten (od. Clarin) u. Orgel, obl. Tromp, Hörner u. Pauken ad lib. Op. <opus key="opus_2131">30</opus></title>. qu.-8. <pubPlace key="place_0475">München</pubPlace>, <publisher key="publ_0996">Falter</publisher> 54 Xr.</bibl>
</div><div id="hofm_1854_01_0486_div16"><head><hofClass key="hofCl_0021">Gesangstücke für Concertmusik mit Begleitung mehrerer Instrumente.</hofClass></head>
<bibl id="hofm_1854_01_0486_02"><composer key="compo_028759">Romberg, A.</composer>, <title>Die Macht des Gesanges v. F. Schiller. <format>Orchesterstimmen</format>. Op. <opus key="opus_1999">28</opus></title>. <pubPlace key="place_0069">Bonn</pubPlace>, <publisher key="publ_3791">Simrock</publisher> 15 Fr.</bibl>
</div><div id="hofm_1854_01_0486_div17"><head><hofClass key="hofCl_0102">Mehrstimmige Gesänge mit und ohne Pianoforte.</hofClass></head>
<bibl id="hofm_1854_01_0486_03"><composer key="compo_008265">Elssner, E.</composer>, <title>4 zweist. Lieder f. d. Kinderwelt m. Pfte, Op. <opus key="opus_2116">3</opus> (Die Weihnachtszeit, Der Vater im Himmel. Das arme Vöglein. Schlafgesang)</title>. 8. <pubPlace key="place_0427">Löbau</pubPlace>, <publisher key="publ_0840">Dümmler</publisher> 5 Ngr. n.</bibl>
<bibl id="hofm_1854_01_0486_04"><composer key="compo_008497">Erk, L.</composer>, <title>Deutscher Liederhort. Auswahl der vorzügl. deutschen Volkslieder mit ihren eigenth. Melodien. 2te Lief</title>. gr.-8. <pubPlace key="place_0044">Berlin</pubPlace>, <publisher key="publ_0932">Enslin</publisher> geh. 10 Ngr. *n.</bibl>
<bibl id="hofm_1854_01_0486_05">– <title>Sangesblüthen. Lieder f. gemischten Chor (S.A.T.B.) Heft 1</title>. <pubPlace key="place_0044">Berlin</pubPlace>, <publisher key="publ_0946">Erk</publisher> à 4½ Ngr. n.</bibl>
<bibl id="hofm_1854_01_0486_06"><composer key="compo_023257">Meyer, W.</composer>, <title>Liederbuch f. Schul- u. Volksgesang in Worten u. Weisen. 1stes Heft</title> 8vo. <pubPlace key="place_0280">Hannover</pubPlace>, <publisher key="publ_1444">Hahn’sche Hofbuchh</publisher>. 2½ Ngr. n.</bibl>
<wip id="hofm_1854_01_0486_07"><composer key="compo_025516">Otto, Jul.</composer>, <title>7 Quartetten f. 4 Männerstimmen. <format>Part. u. Stimmen</format>. Heft 1, 2</title>. <pubPlace key="place_0392">Leipzig</pubPlace>, <publisher key="publ_1930">Kahnt</publisher> à 1 Rt. <lb/><title>Heft 1, Wanderlied. Mäherlied. Das Lied vom Tode</title>. <lb/>– <title>2, Streich’ aus, mein Ross. An den Abendwind. Und gehst du über den Kirchhof. Singen, Trinken, Lieben</title>.</wip>
<bibl id="hofm_1854_01_0486_08"><composer key="compo_027007">Pressel, G.</composer>, <title>Jung sterben, f. vierst. Männergesang. No. 6</title>. <format>Partitur</format> 67 cts. <format>Stimmen</format>. 8vo. 67 cts. <pubPlace key="place_0069">Bonn</pubPlace>, <publisher key="publ_3791">Simrock</publisher>.</bibl>
<bibl id="hofm_1854_01_0486_09"><composer key="compo_028393">Ries, F.</composer>, <title>2 Lieder f. 4 Männerstimmen (Liebe duldet. Trallerliedchen). Besonderer Abdruck aus Op. <opus key="opus_1115">173</opus>. <format>Part. u. Stimmen</format></title>. 8vo. <pubPlace key="place_0519">Offenbach</pubPlace>, <publisher key="publ_0065">André</publisher> 1 Fl.</bibl>
<bibl id="hofm_1854_01_0486_10"><composer key="compo_032184">Sieber, F.</composer>, <title>Herz, mein Herz, sei nicht beklommen. Canon f. 3 Mezzo-Soprane m. Pfte. Op. <opus key="opus_1271">19</opus></title>. <pubPlace key="place_0392">Leipzig</pubPlace>, <publisher key="publ_2017">Kistner</publisher> 10 Ngr.</bibl>
<bibl id="hofm_1854_01_0486_11"><composer key="compo_032275">Silcher, Fr.</composer>, <title>12 Kinderlieder f. Schule u. Haus, zwei-, drei- u. vierstimmig. Heft 6</title>. 8vo. <pubPlace key="place_0693">Tübingen</pubPlace>, <publisher key="publ_2311">Laupp</publisher> 3 Ngr. n.</bibl>
<bibl id="hofm_1854_01_0486_12"><composer key="compo_032559">Solle, Fr.</composer>, <title>Der beste Stand. Vierst. Männergesang. Op. <opus key="opus_0021">10</opus>. <format>Part. u. Stimmen</format></title>. 8vo. <pubPlace key="place_0392">Leipzig</pubPlace>, <publisher key="publ_3773">Siegel</publisher> 15 Ngr.</bibl>
<bibl id="hofm_1854_01_0486_13"><composer key="compo_034397">Thiele, Ed.</composer>, <title>4 Quartette f. Sopran, Alt, Tenor u. Bass. 2tes Heft. Op. <opus key="opus_4562">9</opus> (Im Walde. Wanderlied. Warnung. Der Nachtigall Antwort). <format>Part. u. St</format></title>. 8vo. <pubPlace key="place_0044">Berlin</pubPlace>, <publisher key="publ_0393">B. u. Bock</publisher> 1 Rt.</bibl>
<bibl id="hofm_1854_01_0486_14">– <title>4 zweistimmige Gesänge m. Pfte. Op. <opus key="opus_0531">13</opus> (Im Walde. An die Entfernte. Zuversicht. Weihnachtsgesang)</title>. Ebend. 1 Rt.</bibl>
<bibl id="hofm_1854_01_0486_15"><title>Timm’s Liederbuch f. Turner, mit Melodien. <edition>4te Aufl</edition></title>. <pubPlace key="place_0738">Wismar</pubPlace>, <publisher key="publ_1694">Hinstorff’sche Hofbuchhdl</publisher>. 7½ Ngr. n.</bibl>
</div><div id="hofm_1854_01_0486_div18"><head><hofClass key="hofCl_0268">Opernmusik mit Pianofortebegleitung.</hofClass></head>
<wip id="hofm_1854_01_0486_16"><composer key="compo_005923">Conradi, A.</composer>, <title>Weibliche Seeleute. Vaudeville v. A. Weyrauch</title>. <pubPlace key="place_0044">Berlin</pubPlace>, <publisher key="publ_2302">Lassar</publisher>. <lb/><title>Musikalische Rebus: Es hat ein Mann der Häuser drei</title>. 5 Ngr. *n. <lb/><title>Schluckaufs-Lied: Es stimmt gewiss mir Jeder bei</title>. 5 Ngr. *n.</wip>
<pb n="487"/>
<bibl id="hofm_1854_01_0487_01"><composer key="compo_011400">Gluck</composer>, <title>Armide. Grosse heroische Oper. <format>Vollst. Clavierauszug</format> mit deutsch. u. franz. Texte</title>. <pubPlace key="place_0044">Berlin</pubPlace>, <publisher key="publ_0393">B. u. Bock</publisher> geh. 2 Rt. 15 Ngr. *n.</bibl>
<bibl id="hofm_1854_01_0487_02"><composer key="compo_017572">Kittl, J.F.</composer>, <title>Bianca und Giuseppe, oder die Franzosen vor Nizza Oper. <format>Vollst. Clavierauszug</format></title>. <pubPlace key="place_0392">Leipzig</pubPlace>, <publisher key="publ_0437">Br. u. Härtel</publisher> geh. 8 Rt.</bibl>
</div><div id="hofm_1854_01_0487_div19"><head><hofClass key="hofCl_0040">Gesänge für eine Stimme mit Begleitung des Pianoforte.</hofClass></head>
<bibl id="hofm_1854_01_0487_03"><composer key="compo_000011">Abadie, L.</composer>, <title>D’où viens-tu, beau nuage ? Rêverie</title>. <pubPlace key="place_0438">Mainz</pubPlace>, <publisher key="publ_3563">Schott</publisher> 18 Xr.</bibl>
<bibl id="hofm_1854_01_0487_04"><composer key="compo_000062">Abt, Fr.</composer>, <title>Du schöne Maid</title>. Siehe: <xref type="external" from="hofm_1854_01_0488_09" to="DITTO" targOrder="U">Storch, Op. 121</xref>.</bibl>
<bibl id="hofm_1854_01_0487_05"><composer key="compo_000520">Amat, L</composer>, <title>Où vas-tu, petit Oiseau ? Cantilena</title>. <pubPlace key="place_0438">Mainz</pubPlace>, <publisher key="publ_3563">Schott</publisher> 18 Xr.</bibl>
<bibl id="hofm_1854_01_0487_06"><composer key="compo_001602">Barth, G.</composer>, <title>Die blonde Fischerin. Wunsch, f. Sopran (od. Tenor). Op. <opus key="opus_1802">25</opus></title>. (Wiener Liederkranz No. 3). <pubPlace key="place_0731">Wien</pubPlace>, <publisher key="publ_1269">Glöggl</publisher> 10 Ngr.</bibl>
<bibl id="hofm_1854_01_0487_07">– Idem f. Alt (od. Bariton). Ebend. 10 Ngr.</bibl>
<bibl id="hofm_1854_01_0487_08"><composer key="compo_003736">Bordèse, L.</composer>, <title>La Soeur des Rossignols</title>. <pubPlace key="place_0438">Mainz</pubPlace>, <publisher key="publ_3563">Schott</publisher> 18 Xr.</bibl>
<bibl id="hofm_1854_01_0487_09"><composer key="compo_006529">Dassier, E.</composer>, <title>Une Vengeange corse. Chant dramatique</title>. <pubPlace key="place_0438">Mainz</pubPlace>, <publisher key="publ_3563">Schott</publisher> 18 Xr.</bibl>
<bibl id="hofm_1854_01_0487_10"><composer key="compo_007015">Dietrich, A.</composer>, <title>7 Lieder. Op. <opus key="opus_2737">4</opus> (Frühlingsandacht. Du weisst es nicht. Ständchen. Der Liebe Lust und Leid. Liebeslenz. Du fragst warum. Ueberall Liebchen)</title>. <pubPlace key="place_0341">Cassel</pubPlace>, <publisher key="publ_2497">Luckhardt</publisher> 25 Ngr.</bibl>
<bibl id="hofm_1854_01_0487_11"><composer key="compo_008548">E(rnst) H(erzog) zu S(achsen)</composer>, <title>4 Lieder. No. 1, Ave Maria</title>. <pubPlace key="place_0731">Wien</pubPlace>, <publisher key="publ_1269">Glöggl</publisher> 10 Ngr.</bibl>
<bibl id="hofm_1854_01_0487_12"><composer key="compo_008733">Eyken, G.J. van</composer>, <title>3 Lieder. Op. <opus key="opus_0001">1</opus> (Wenn die Rosen blühen. Selma. Kein Feuer, keine Kohle)</title>. <pubPlace key="place_0392">Leipzig</pubPlace>, <publisher key="publ_0437">Br. u. Härtel</publisher> 10 Ngr.</bibl>
<bibl id="hofm_1854_01_0487_13">– <title>Der wunde Ritter. Romanze f. Bass. Op. <opus key="opus_1372">2</opus></title>. Ebend. 5 Ngr.</bibl>
<bibl id="hofm_1854_01_0487_14"><composer key="compo_009758">Frank, A.H. v.</composer>, <title>Liebes-Fragen</title>. <pubPlace key="place_0440">Mannheim</pubPlace>, <publisher key="publ_1534">Heckel</publisher> 18 Xr.</bibl>
<bibl id="hofm_1854_01_0487_15"><composer key="compo_010685">Garriques, M.</composer>, <title>6 Lieder (Ich grolle nicht. Ja, du bist elend. Der wahnsinnige Spielmann. Die Meerfahrt. Die stille Wasserrose. Lebewohl)</title>. <pubPlace key="place_0044">Berlin</pubPlace>, <publisher key="publ_0393">B. u. Bock</publisher> 25 Ngr.</bibl>
<bibl id="hofm_1854_01_0487_16"><composer key="compo_012106">Grimm, J.O.</composer>, <title>6 Lieder. Op. <opus key="opus_2116">3</opus> (Erste Meerfahrt. Meeresabend. Gebet auf dem Wasser. Heimkehr. Wenn droben eine Lerche singt. Abschiedslied)</title>. <pubPlace key="place_0392">Leipzig</pubPlace>, <publisher key="publ_0437">Br. u. Härtel</publisher> 20 Ngr.</bibl>
<wip id="hofm_1854_01_0487_17"><composer key="compo_012499">Gumbert, Ferd.</composer>, <title>5 Lieder f. Sopran (od. Tenor). Op. <opus key="opus_3454">57</opus>. Heft 1, 2</title>. <pubPlace key="place_0392">Leipzig</pubPlace>, <publisher key="publ_3773">Siegel</publisher> à 15 Ngr. <lb/><title>Heft 1, Am Morgen. Die Sterne</title>. <lb/>– <title>2, Wenn ich auf dem Lager liege. Wirst ruhig sein. Scheiden ohne Leiden</title>.</wip>
<bibl id="hofm_1854_01_0487_18">– Idem f. Alt (od. Bass). Heft 1, 2. Ebend. à 15 Ngr.</bibl>
<bibl id="hofm_1854_01_0487_19"><composer key="compo_013596">Hauptmann, L.</composer>, <title>Geheime Thräne. Op. <opus key="opus_4562">9</opus></title>. <pubPlace key="place_0731">Wien</pubPlace>, <publisher key="publ_1269">Glöggl</publisher> 10 Ngr.</bibl>
<bibl id="hofm_1854_01_0487_20"><composer key="compo_013644">Hauser, M.H.</composer>, <title>Gesänge. Op. <opus key="opus_0927">16</opus>. Heft 2, Ich fahre dahin. Herbstlied: Du willst nicht</title>. <pubPlace key="place_0392">Leipzig</pubPlace>, <publisher key="publ_1746">Hofmeister</publisher> 15 Ngr.</bibl>
<bibl id="hofm_1854_01_0487_21"><composer key="compo_015335">Hopfe, J.</composer>, <title>Die fröhliche Frau Musica, das ist: Lustige Lieder f. lustige Leute. 6tes Heft</title>. qu.-8. <pubPlace key="place_0044">Berlin</pubPlace>, <publisher key="publ_1590">Hempel</publisher> 7½ Ngr. *n.</bibl>
<bibl id="hofm_1854_01_0487_22"><composer key="compo_015841">Hönncher, H.</composer>, <title>Dahin. Lied v. H. Choinanus. Op. <opus key="opus_2737">4</opus></title>. <pubPlace key="place_0717">Weida</pubPlace>, <publisher key="publ_1805">Huth</publisher> 6 Ngr. n.</bibl>
<bibl id="hofm_1854_01_0487_23">– <title>Du dunkles Aug’, v. Paul. Op. <opus key="opus_3181">5</opus></title>. Ebend. 6 Ngr. n.</bibl>
<bibl id="hofm_1854_01_0487_24"><composer key="compo_016251">Jansen, G.</composer>, <title>6 Gesänge. Op. <opus key="opus_2737">4</opus> (Vesper. Mädchen mit dem rothen Mündchen. Er hat mich gegrüsst. Mit deinen blauen Augen. Thränen. Und sie kommt)</title>. <pubPlace key="place_0341">Cassel</pubPlace>, <publisher key="publ_2497">Luckhardt</publisher> 17½ Ngr.</bibl>
<bibl id="hofm_1854_01_0487_25"><composer key="compo_017332">Kettenus, A.</composer>, <title>3 Kinderlieder. 1stes Heft (Rettig und Rübe. Schnecklein. Reiterhänschen)</title>. <pubPlace key="place_0440">Mannheim</pubPlace>, <publisher key="publ_1534">Heckel</publisher> 36 Xr.</bibl>
<bibl id="hofm_1854_01_0487_26">– <title>3 Kinderlieder. 2tes Heft (Die Klapperstörche. Das Finklein. Gockelhan)</title>. Ebend. 45 Xr.</bibl>
<bibl id="hofm_1854_01_0487_27">– <title>4 Lieder v. F. Güll. 3tes Heft (Walt Gott. Der Bauer und der Kobold. Döckchen. Weihnachtsabend)</title>. Ebend. 1 Fl. 6 Xr.</bibl>
<pb n="488"/>
<bibl id="hofm_1854_01_0488_01"><composer key="compo_019047">Kugler, Fr.</composer>, <title>Liederhette. 5tes Heft, Frauenliebe und Leben, von A. v. Chamisso. (Mit des Dichters Bildniss)</title>. <pubPlace key="place_0662">Stuttgart</pubPlace>, <publisher key="publ_0856">Ebner u. Seubert</publisher>. 7½ Ngr. n.</bibl>
<bibl id="hofm_1854_01_0488_02">– Idem cpl. (Heft 1–5) eleg. geb. Ebend. 2 Rt. 12 Ngr. *n.</bibl>
<bibl id="hofm_1854_01_0488_03"><composer key="compo_027007">Pressel, G.</composer>, <title>Vöglein, wohin so schnell? No. 3</title>. <pubPlace key="place_0069">Bonn</pubPlace>, <publisher key="publ_3791">Simrock</publisher> 1 Fr.</bibl>
<bibl id="hofm_1854_01_0488_04">– <title>Die Soldaten-Braut. No. 5</title>. Ebend. 67 cts.</bibl>
<bibl id="hofm_1854_01_0488_05">– <title>Jung Sterben. No. 6</title>. Ebend. 67 cts.</bibl>
<bibl id="hofm_1854_01_0488_06">– <title>Preghiera. Geistliches Lied. No. 7</title>. Ebend. 67 cts.</bibl>
<wip id="hofm_1854_01_0488_07"><composer key="compo_031347">Schumann, Friedr.J.</composer>, <title>Amaranth, von O. v, Redwitz. Lieder. Op. <opus key="opus_2116">3</opus></title>. <title>Heft 1, Amaranth’s Waldeslieder</title>. <title>Heft 2, Amaranth’s stille Lieder</title>. <pubPlace key="place_0297">Herzberg</pubPlace>, <publisher key="publ_2728">Mohr</publisher> à 15 Ngr. n.</wip>
<bibl id="hofm_1854_01_0488_08"><composer key="compo_032184">Sieber, F.</composer>, <title>4 Lieder f. Bariton (od. Mezzo-Sopran). Op. <opus key="opus_1068">17</opus>, Heimkehr. An die Wolke. Stille Sicherheit. Wanderers Morgenlied</title>. <pubPlace key="place_0392">Leipzig</pubPlace>, <publisher key="publ_2017">Kistner</publisher> 17½ Ngr.</bibl>
<bibl id="hofm_1854_01_0488_09"><composer key="compo_033484">Storch, A.M.</composer>, <title>An mein Lieb, f. Sopran. Op. <opus key="opus_0427">121</opus></title>, und: <composer key="compo_000062">Abt, Fr.</composer>, <title>Du schöne Maid, f. Sopran (od. Ten.) Liederkranz No. 4</title>. <pubPlace key="place_0731">Wien</pubPlace>, <publisher key="publ_1269">Glöggl</publisher> 10 Ngr.</bibl>
<bibl id="hofm_1854_01_0488_10">– Idem f. Alt (od. Bariton). Ebend. 10 Ngr.</bibl>
<bibl id="hofm_1854_01_0488_11"><composer key="compo_033596">Streben, E.</composer>, <title>10 Lieder f. Mezzo-Sopran (od. Bariton). Op. <opus key="opus_0806">15</opus>, O du mein Mond. König Mai. Lied vom Rhein. Frühlingsgruss. Süsses Begräbniss. Blaublümelein. Gedanken und Träume. Ein Stündlein wohl vor Tag. Im Walde. Nachklang</title>. <pubPlace key="place_0392">Leipzig</pubPlace>, <publisher key="publ_4382">Whistling</publisher> 22½ Ngr.</bibl>
<bibl id="hofm_1854_01_0488_12"><composer key="compo_034396">Thiele, E.</composer>, <title>5 Gesänge. Op. <opus key="opus_0684">14</opus> (Das schönste Lob. Wenn ich zu meinem Liebchen ging. Vergissmeinnicht. Vergessen. Heimweh)</title>. <pubPlace key="place_0044">Berlin</pubPlace>, <publisher key="publ_0393">B. u. Bock</publisher> 27½ Ngr.</bibl>
<bibl id="hofm_1854_01_0488_13">– <title>5 Gesänge. Op. <opus key="opus_0806">15</opus> (Schneeglöckchen. Neuer Muth. Volkslied. Das Schifferweib. Wenn ich mich still versenke)</title>. Ebend. 20 Ngr.</bibl>
<bibl id="hofm_1854_01_0488_14"><composer key="compo_036173">Warlamoff</composer>, <title>Der rothe Sarafan. Russisches Volkslied, m. Pfte von Fr. Abt</title> (Volkslieder No. 10). <pubPlace key="place_0519">Offenbach</pubPlace>, <publisher key="publ_0065">André</publisher> 18 Xr.</bibl>
</div><div id="hofm_1854_01_0488_div20"><head><hofClass key="hofCl_0077">Lehrbücher für den Gesang.</hofClass></head>
<bibl id="hofm_1854_01_0488_15"><composer key="compo_009555">Flügel, G.</composer>, <title>Einjähriger Gesang-Cursus in Elementarschulen</title>. 16mo. <pubPlace key="place_0501">Neuwied</pubPlace>, <publisher key="publ_1655">Heuser</publisher> cart. 5 Ngr. *n.</bibl>
<bibl id="hofm_1854_01_0488_16"><composer key="compo_013596">Hauptmann, L.</composer>, <title>12 Solfeggien f. eine Singst. m. Pfte. Op. <opus key="opus_1661">23</opus></title>. <pubPlace key="place_0731">Wien</pubPlace>, <publisher key="publ_1269">Glöggl</publisher> 25 Ngr.</bibl>
</div><div id="hofm_1854_01_0488_div21"><head><hofClass key="hofCl_0287">Theoretische Werke.</hofClass></head>
<bibl id="hofm_1854_01_0488_17"><author>Brendel, F.</author>, <title>Grundzüge der Geschichte der Musik. <edition>3te Aufl</edition></title>. <pubPlace key="place_0392">Leipzig</pubPlace>, <publisher key="publ_1697">Hinze</publisher> geh. 8 Ngr. *n.</bibl>
<bibl id="hofm_1854_01_0488_18"><title>Erinnerung an das Karlsruher Musikfest 1853, v. Hoplit</title>. gr. 8. <pubPlace key="place_0392">Leipzig</pubPlace>, <publisher key="publ_1697">Hinze</publisher> geh. 15 Ngr. *n.</bibl>
<bibl id="hofm_1854_01_0488_19"><author>Koch, E.E.</author>, <title>Geschichte des Kirchenlieds u. Kirchengesangs der christl. Kirche. <edition>2te Aufl</edition>. 4ter Band, Die Lieder und Weisen enth</title>. gr.-8. <pubPlace key="place_0662">Stuttgart</pubPlace>, <publisher key="publ_0251">Belser</publisher> geh. 1 Rt. 9 Ngr. n.</bibl>
<bibl id="hofm_1854_01_0488_20"><author>Müller, D.</author>, <title>Der kathol. Schullehrer als Kirchensänger, Organist und Kirchendiener. 1ster Band. <edition>2te Aufl</edition></title>. gr.-8. <pubPlace key="place_0026">Augsburg</pubPlace>. <publisher key="publ_3529">Schmid’sche Buchhdl</publisher>. geh. 18 Ngr. n.</bibl>
</div><div id="hofm_1854_01_0488_div22"><head><hofClass key="hofCl_0284">Textbücher.</hofClass></head>
<bibl id="hofm_1854_01_0488_21"><title>Bianca und Giuseppe, oder: Die Franzosen vor Nizza. Oper. Musik v. J.F. Kittl</title>. 12mo. <pubPlace key="place_0392">Leipzig</pubPlace>, <publisher key="publ_0437">Br. u. Härtel</publisher> 5 Ngr. n.</bibl>
</div><div id="hofm_1854_01_0488_div23"><pb n="489"/>
<head><hofClass key="hofCl_0248_sub003">Musikalische Zeitschriften für 1854.</hofClass></head>
<bibl id="hofm_1854_01_0489_01"><title>Cock’s Musical Miscellany</title>. (12 Nrn. B.) 4. <pubPlace key="place_0419">London</pubPlace>, <publisher key="publ_0610">Cocks et Co</publisher>. 4 d.</bibl>
<bibl id="hofm_1854_01_0489_02"><title>Echo. Berliner Musikzeitung. 4ter Jahrg</title>. (52 Nrn. Bogen). hoch-4. <pubPlace key="place_0044">Berlin</pubPlace>, <publisher key="publ_3471">Schlesinger</publisher> 2 Rt. n.</bibl>
<bibl id="hofm_1854_01_0489_03"><title>Euterpe. Eine Musikzeitschrift f. Deutschlands Volkschullehrer, herausg. von E. Hentschel 14ter Jahrg</title> (8 Nrn. Bogen). 8. <pubPlace key="place_0392">Leipzig</pubPlace>, <publisher key="publ_2655">Merseburger</publisher> 15 Ngr. *n.</bibl>
<bibl id="hofm_1854_01_0489_04"><title>Gazetta musicale di Milano</title>. (52 Nrn. ½ B.) 4. <pubPlace key="place_0437">Mailand</pubPlace>, <publisher key="publ_3241">Ricordi</publisher> 24 Fr.</bibl>
<bibl id="hofm_1854_01_0489_05"><title>Musikzeitung (neue Berliner), herausg. v. G. Bock. 8ter Jahrg</title>. (44 Nrn. B.) 4. <pubPlace key="place_0044">Berlin</pubPlace>, <publisher key="publ_0393">B. u. Bock</publisher> 3 Rt. *n.</bibl>
<bibl id="hofm_1854_01_0489_06">– <title>(niederrheinische), herausg. v. L. Bischoff</title>. (52 Nrn. B) 4. <pubPlace key="place_0371">Cöln</pubPlace>, <publisher key="publ_0808">Du Mont-Schauberg</publisher> 4 Rt. *n.</bibl>
<bibl id="hofm_1854_01_0489_07">– <title>(rheinische)</title>, 52 Nrn. B. 4. <pubPlace key="place_0371">Cöln</pubPlace>, <publisher key="publ_3486">Schloss</publisher> 4 Rt. n.</bibl>
<bibl id="hofm_1854_01_0489_08">– <title>(süddeutsche), 3ter Jahrg</title>. (52 Nrn. ½ B.) 4. <pubPlace key="place_0438">Mainz</pubPlace>, <publisher key="publ_3563">Schott</publisher> 2 Fl. 42 Xr. *n.</bibl>
<bibl id="hofm_1854_01_0489_09">– <title>(neue Wiener), herausg. von F. Glöggl. 3ter Jahrg</title>. (52 Nrn. ½ B.) gr.-4. <pubPlace key="place_0731">Wien</pubPlace> <publisher key="publ_1269">Glöggl</publisher> 2 Rt. 20 Ngr. n.</bibl>
<bibl id="hofm_1854_01_0489_10"><title>Revue et Gazette musicale de Paris. Gérant E. Déchamps. 21e Année</title>. (52 Nrn. B.) gr.-4. <pubPlace key="place_0537">Paris</pubPlace>, <publisher key="publ_0412">Brandus et Co</publisher>. 34 Fr.</bibl>
<bibl id="hofm_1854_01_0489_11"><title>Signale f. d. musikalische Welt. Red. B. Senff. 12ter Jahrg</title>. (52 Nrn. ½ B.) 8. <pubPlace key="place_0392">Leipzig</pubPlace>, <publisher key="publ_3752">Senff</publisher> 2 Rt. *n.</bibl>
<bibl id="hofm_1854_01_0489_12"><title>Urania. Eine musikalische Zeitschrift zur Belehrung u. Unterh. f. Deutschlands Organisten n. Volksschullehrer, herausg. v. G. W. Körner. 11ter Jahrg</title>. (12 Nrn. B.) 8. <pubPlace key="place_0181">Erfurt</pubPlace>, <publisher key="publ_2240">Körner</publisher> 15 Ngr. n.</bibl>
<bibl id="hofm_1854_01_0489_13"><title>Zeitschrift (neue) f. Musik, herausg. v. F. Brendel. 21ster Jahrg. Band 40, 41</title> (52 Nrn. 1½ B.) 4. <pubPlace key="place_0392">Leipzig</pubPlace>, <publisher key="publ_1697">Hinze</publisher> à 2 Rt. 10 Ngr. *n.</bibl>
</div><div id="hofm_1854_01_0489_div24"><head><hofClass key="hofCl_0281">Portraits.</hofClass></head>
<bibl id="hofm_1854_01_0489_14"><title><subject>Beethoven, L. van</subject>, nach einer ganz getreuen Zeichnung gest</title>. Fol. <pubPlace key="place_0392">Leipzig</pubPlace>, <publisher key="publ_0475">Brückner</publisher> 15 Ngr. n.</bibl>
<bibl id="hofm_1854_01_0489_15"><title><subject>Chopin, Fr.</subject>, mit Fac-Simile. Gez. v. <artist>A. Scheffer</artist>, lith. v. <artist>H. Waldow jun</artist></title>. Fol. <pubPlace key="place_0044">Berlin</pubPlace>, <publisher key="publ_3471">Schlesinger</publisher> 20 Ngr. (chin. Pap. 1 Rt.)</bibl>





</div></body></text></TEI.2>