<?xml version="1.0" encoding="utf-8"?>
<!DOCTYPE TEI.2
  SYSTEM "../../dtd/tei/cch_tei.dtd">
<TEI.2 id="hofm_1857_05">
<teiHeader type="text"><fileDesc><titleStmt><title>Mai 1857</title></titleStmt><publicationStmt><p/></publicationStmt><sourceDesc><p/></sourceDesc></fileDesc><profileDesc><langUsage><language id="ger">German</language><language id="fre">French</language><language id="ita">Italian</language></langUsage></profileDesc><revisionDesc><change><date>2007-09-20</date><respStmt><name>EP</name></respStmt><item>missing @id added</item></change><change><date>2007-05-31</date><respStmt><name>ER</name></respStmt><item>p. 77, Deutsch (not Dentsch)</item></change><change><date>2007-04-27</date><respStmt><name>RV</name></respStmt><item>Changed "biblGroup" elements in "listBibl"</item></change><change><date>2007-03-02</date><respStmt><name>EP</name></respStmt><item>Checked curly brackets</item></change><change><date>2007-02-26</date><respStmt><name>EP</name></respStmt><item>Encoded curly brackets</item></change><change><date>2006-12-19</date><respStmt><name>EP</name></respStmt><item>sic and unclear moved outside elements pubplaces, publisher, composer, hofclass, key, opus</item></change><change><date>2007-01-02</date><respStmt><name>Liz</name></respStmt><item>p. 73 Viénot (not Vlénot)</item></change><change><date>2006-12-15</date><respStmt><name>Liz</name></respStmt><item>p. 73 Börner (not Bērner): p. 76 Eichhorn (not Eichhern); p. 78 Maccheroni - title, not composer!</item></change><change><date>2005-11-14</date><respStmt><name>Liz</name></respStmt><item>p. 71 Breslau place, not publisher</item></change><change><date>2005-10-25</date><respStmt><name>Liz</name></respStmt><item>p. 76 . added after Kirchenmusik</item></change><change><date>2005-10-20</date><respStmt><name>Liz</name></respStmt><item>corrected tagging of Cranz to publisher (not place)</item></change><change><date>2005-06-09</date><respStmt><name>Mekala</name></respStmt><item>Revised for &lt;album&gt; and Checking Screens</item></change><change><date>2005-05-04</date><respStmt><name>Mekala</name></respStmt><item>Revised</item></change><change><date>2005-04-21</date><respStmt><name>Mekala</name></respStmt><item>Revised</item></change><change><date>2005-03-20</date><respStmt><name>Mekala</name></respStmt><item>Revised</item></change><change><date>2005-03-04</date><respStmt><name>Mekala</name></respStmt><item>First Coding</item></change><change><date>2005-02-23</date><respStmt><name>Liz</name></respStmt><item>pasting in</item></change></revisionDesc></teiHeader>
<text><body><pb n="66"/><head>Mai 1857.</head><div id="hofm_1857_05_0066_div01"><head><hofClass key="hofCl_0164">Musik für das Orchester.</hofClass></head>
<bibl id="hofm_1857_05_0066_02_a"><title>Casino. Sammlung von Favoritstücken und Potpourris. n. d neuesten Opern, f. 8-, 12-u. 15stimm. Orch. No. 34, Verdi, Die sicilianische Vesper. Favoritstücke, arr. von G. v. Ruf</title>. <pubPlace key="place_0475">München</pubPlace>, <publisher key="publ_0028">Aibl</publisher> 3 Rt.</bibl>
<bibl id="hofm_1857_05_0066_02"><composer key="compo_006946">Dicks, E.</composer>, Op. <opus key="opus_1661">23</opus>. <title>La Dame de Trèfle. Polka, und Op. <opus key="opus_1881">26</opus>. Ma Mie (Herzliebchen). Polka-Mazurka p. grand (ou petit) Orch</title>. <pubPlace key="place_0438">Mainz</pubPlace>, <publisher key="publ_3563">Schott</publisher> 2 Fl. 24 Xr.</bibl>
<bibl id="hofm_1857_05_0066_03"><composer key="compo_018243">Komsak, K.</composer>, <title>Eumeniden-Galopp f. Orch</title>. <pubPlace key="place_0554">Prag</pubPlace>, <publisher key="publ_4125">Veit</publisher> 18 Ngr.</bibl>
<bibl id="hofm_1857_05_0066_04"><composer key="compo_018888">Kroschwitz, C.F.</composer>, <title>Journal f. kl. Orch. Sammlung bel. Tänze (9stimmig). Lief 6, Schulz, A., Fanny-Redowa. Berner, L., Myrthenblätter. Walzer. Martin, H., Trovatore di Verdi, Polka-Mazurka. Glöckchen-Schottisch. Hohnroth, F., Rigoletto-Esmeralda. Rein, A., Ländler. Galopp a. d. Oper: Die lustigen Weiber von Windsor</title>. 8. <pubPlace key="place_0276">Hamburg</pubPlace>, <publisher key="publ_2870">Niemeyer</publisher> 22½ Ngr n.</bibl>
<bibl id="hofm_1857_05_0066_05"><composer key="compo_029888">Schacht, M.</composer>, <title>12 Tänze f. kl. Orch. (5-od. 9stimmig). Lief. 7, Wernthal, A., Contretanz u. Walzer. Zabel, C., Friederiken-Polka. Rigoletto-Polka-Mazurka u. Fastnachtspossen-Galopp. Sommerlatt, J.B., Sophien-Polka-Mazurka, u. Genesungs-Polka. Kistner, F., Walzer. Asche, C., Galopp. Schacht, Amorsklänge. Walzer</title>. <pubPlace key="place_0078">Braunschweig</pubPlace>, <publisher key="publ_4321">Weinholtz</publisher> 1 Rb n.</bibl>
<wip id="hofm_1857_05_0066_06"><composer key="compo_033610">Street, Jos.</composer>, Op. <opus key="opus_2737">4</opus>. <title>Symphonie. No. 1, in <key>Es</key></title>. <format>Partitur</format>. 8vo. geh. 6 Rt. <format>Orchesterstimmen</format> 7 Rt. <pubPlace key="place_0392">Leipzig</pubPlace>, <publisher key="publ_0437">Br. u. Härtel</publisher>.</wip>
</div><div id="hofm_1857_05_0066_div02"><head><hofClass key="hofCl_0245">Musik für die Violine.</hofClass></head>
<bibl id="hofm_1857_05_0066_07"><composer key="compo_023890">Mozart, W.A.</composer>, <title>Adagio (in <key>D</key>), arr. f. Violine (od. Bratsche, od. Vclle, od. Fl., od. Clar., od. Horn) mit Quartettbegl. v. C. Burchard. <format>Quartettstimmen</format></title>. <pubPlace key="place_0436">Magdeburg</pubPlace>, <publisher key="publ_1560">Heinrichshofen</publisher> 8 Ngr.</bibl>
<bibl id="hofm_1857_05_0066_08"><composer key="compo_023890">Mozart, W.A.</composer>, <title>Quartette f. 2 Violinen, Alt u. Vcllo. Neue Ausg, genau bezeichnet v. Ferd. David. No. 7, in <key>D</key>. No. 8, in <key>B</key>. No. 9, in <key>F</key>. No. 10, in <key>D</key></title>. <pubPlace key="place_0392">Leipzig</pubPlace>, <publisher key="publ_0437">Br. u. Härtel</publisher> à 1 Rt.</bibl>
<bibl id="hofm_1857_05_0066_09"><composer key="compo_035020">Täglichsbeck, Th.</composer>, Op. <opus key="opus_2630">38</opus>. <title>2 Duetten f. 2 Violinen. (2tes Heft der Duetten.)</title> <pubPlace key="place_0341">Cassel</pubPlace>, <publisher key="publ_2497">Luckhardt</publisher> 1 Rt. 5 Ngr.</bibl>
<bibl id="hofm_1857_05_0066_10"><composer key="compo_035403">Verdi, G.</composer>, <title>Ouvertura dell’ Opera: Giovanna de Guzman (I Vespri siciliani) rid. p. 2 Viol., 2 Alti, Vcllo e Contrab. da A. Meichiori</title>. <pubPlace key="place_0437">Mailand</pubPlace>, <publisher key="publ_3241">Ricordi</publisher> 8 Fr.</bibl>
</div><div><head><hofClass key="hofCl_0184">Musik für das Violoncell.</hofClass></head>
<bibl id="hofm_1857_05_0066_11"><composer key="compo_025280">Offenbach, Jacq.</composer>, <title>Ecole du Violoncelle. No. 9, Mélodies de l’Opéra de Bellini : Beatrice di Tenda. No. 10, Mélodies de L’Elisire d’Amore, de Donizetti</title>. <pubPlace key="place_0438">Mainz</pubPlace>, <publisher key="publ_3563">Schott</publisher> 46 Xr.</bibl>
</div><div id="hofm_1857_05_0066_div04"><head><hofClass key="hofCl_0200">Musik für die Flöte.</hofClass></head>
<wip id="hofm_1857_05_0066_12"><composer key="compo_008806">Fahrbach, Jos.</composer>, Op. <opus key="opus_0806">15</opus>. <title>Revue théâtrale. Collection de Fantaisies élégantes sur des Motifs fav. des nouv. Opéras p. 2 Flûtes. No. 41–44, Verdi, Il Trovatore</title>. <pubPlace key="place_0437">Mailand</pubPlace>, <publisher key="publ_3241">Ricordi</publisher> <title>No. 41</title>, 5 Fr. <title>No. 42–44</title> à 6 Fr.</wip>
<pb n="67"/>
<wip id="hofm_1857_05_0067_01"><composer key="compo_008806">Fahrbach, Jos.</composer>, Op. <opus key="opus_1390">20</opus>. <title>Feuilleton musical. Collection de Motifs les plus fav. de nouveaux Opéras p. Flûte. Cah. 23–26, Verdi, Il Trovatore</title>. <pubPlace key="place_0437">Mailand</pubPlace>, <publisher key="publ_3241">Ricordi</publisher>. <title>Cah. 23</title>, 4 Fr. <title>Cah. 24. 25</title>, à 3½ Fr. <title>Cah. 26</title>, 4 Fr.</wip>
</div><div id="hofm_1857_05_0067_div05"><head><hofClass key="hofCl_0162">Musik für das Horn.</hofClass></head>
<bibl id="hofm_1857_05_0067_02"><composer key="compo_025716">Paoli, Fr.</composer>, <title>Metodo teorico-pratico per il Corno a Macchina</title>. <pubPlace key="place_0437">Mailand</pubPlace>, <publisher key="publ_3241">Ricordi</publisher> 9 Fr.</bibl>
<bibl id="hofm_1857_05_0067_03">– <title>Lezioni progressivi, estratti dal Metodo</title>. Ebend. 3 Fr.</bibl>
<bibl id="hofm_1857_05_0067_04">– <title>Melodie di Opere moderne p. 2 Corni, estratti dal Metodo</title>. Ebend. 4 Fr.</bibl>
</div><div><head><hofClass key="hofCl_0247">Musik für die Zither.</hofClass></head>
<bibl id="hofm_1857_05_0067_05"><composer key="compo_020131">Laue, C.A.</composer>, Op. <opus key="opus_1390">20</opus>. <title>2 Chansonettes d’Amour (Minnelieder), by Belfast, arr. for Cither. (Le Bonsoir. Le Revoir.)</title> <pubPlace key="place_0419">London</pubPlace>, <publisher key="publ_3450">Scheurmann</publisher> 7½ Ngr.</bibl>
<album id="hofm_1857_05_0067_06"><title>Zither-Journal (Mannheimer). Heft 7. 8, <composer key="compo_009190">Feyertag, F.</composer>, Française u. Alpenklänge <composer key="compo_022587">Max, H.</composer>, Röslein. Galanterie-Ländler. <composer key="compo_007900">Edlinger, A. v.</composer>, Blätter u. Blüthen. <composer key="compo_005635">Christ, F.</composer>, Marien-Galopp</title>. qu.-8. <sic><pubPlace key="place_0440">Hannheim</pubPlace></sic>, <publisher key="publ_1534">Heckel</publisher> 5 Ngr.</album>
</div><div id="hofm_1857_05_0067_div07"><head><hofClass key="hofCl_0205">Musik für die Guitarre.</hofClass></head>
<wip id="hofm_1857_05_0067_07"><composer key="compo_025972">Pedrotti, C.</composer>, <title>Fiorina. Opera. Pezzi <format>rid. p. Flanto e Chitarra</format>, da N. C Grimm</title> <title>Canzone: Amarti</title>. 1¼ Fr. <title>Cabaletta: Ah vien</title>. 3 Fr. <pubPlace key="place_0437">Mailand</pubPlace>, <publisher key="publ_3241">Ricordi</publisher>.</wip>
<wip id="hofm_1857_05_0067_08"><composer key="compo_025972">Pedrotti, C.</composer>, <title>Fiorina. Opera. Pezzi <format>rid. p. Chitarra</format>, da N.C. Grimm</title>. <title>Aria: Era nube</title>. 1½ Fr. <title>Canzone: Amarti</title>. 1 Fr. <title>Aria: Fra le due</title>. 1¼ Fr. <pubPlace key="place_0437">Mailand</pubPlace>, <publisher key="publ_3241">Ricordi</publisher>.</wip>
<wip id="hofm_1857_05_0067_09"><composer key="compo_035403">Verdi, G.</composer>, <title>La Traviata. Opera. Pezzi <format>rid. p. Flauto e Chitarra</format>, da N.C. Grimm</title>. <title>Aria: Ah forse</title>. 3½ Fr. <title>Duetto: Pura siccome</title>. 4 Fr. <title>Duetto: Parigi, o cara</title>. 3 Fr. <pubPlace key="place_0437">Mailand</pubPlace>, <publisher key="publ_3241">Ricordi</publisher>.</wip>
<wip id="hofm_1857_05_0067_10">– <title>Il Trovatore. Opera. Pezzi <format>rid. p. Flauto e Chitarra</format>, da N.C. Grimm</title>. <title>Cavatina: Tacea la notte</title>. 2½ Fr. <title>Aria: Ah si, ben mio</title>. 3 Fr. <title>Duetto: Mira, di acerbe</title>. 2¾ Fr. Ebend.</wip>
<wip id="hofm_1857_05_0067_11"><composer key="compo_035403">Verdi, G.</composer>, <title>Rigoletto. Opera. Pezzi <format>rid. p. Chitarra</format>, da N.C. Grimm</title>. <title>Ballata: Questa o quella</title>. 1 Fr. <title>Aria: Caro nome</title>. 1¼ Fr. <title>Duetto: E il sol</title>. 1½ Fr. <title>Duetto: Tutte le feste</title>. 2¼ Fr. <pubPlace key="place_0437">Mailand</pubPlace>, <publisher key="publ_3241">Ricordi</publisher></wip>
<bibl id="hofm_1857_05_0067_12">– <title>La Traviata. Opera. Pezzi <format>rid. p. Chitarra</format>, da N.C. Grimm. Aria: Ah forse. Duetto: Parigi, o cara</title>. Ebend à 1½ Fr.</bibl>
<wip id="hofm_1857_05_0067_13">– <title>Il Trovatore. Opera. Pezzi <format>rid. p. Chitarra</format>, da N.C. Grimm</title>. <title>Canzone: Stride la vampa</title>. 1 Fr. <title>Aria: A si, ben mio</title>. 1¼ Fr. <title>Duetto: Mira, di acerbe</title>. 1½ Fr. Ebend.</wip>
</div><div id="hofm_1857_05_0067_div08"><head><hofClass key="hofCl_0167">Musik für das Pianoforte mit Begleitung.</hofClass></head>
<bibl id="hofm_1857_05_0067_14"><composer key="compo_001872">Baur, Ant.</composer>, <title>Rimembranze dell’ Opera: I Vespri siciliani, di Verdi, p. Oboe, Clarino e Fagotto con Pfte</title>. <pubPlace key="place_0437">Mailand</pubPlace>, <publisher key="publ_3241">Ricordi</publisher> 8 Fr.</bibl>
<bibl id="hofm_1857_05_0067_15"><composer key="compo_002077">Beethoven, L. van</composer>, Op. <opus key="opus_4070">73</opus>. <title>5me Concerto p. Pfte av. Orch. (in <key>Es</key>). <format>Partitur</format></title>. 8. <pubPlace key="place_0392">Leipzig</pubPlace>, <publisher key="publ_0437">Br. u. Härtel</publisher> geh. 3 Rt. 15 Ngr.</bibl>
<bibl id="hofm_1857_05_0067_16"><composer key="compo_004899">Beriot, C. de</composer>, et <composer key="compo_008903">Fauconier</composer>, <title>Souvenirs des Opéras. Quatuors p. Pfte, 2 Violons et Vclle (Contreb. ad lib.). No. 10, Bellini, Sonnambula. No. 11, Opéra sans Paroles</title>. <pubPlace key="place_0438">Mainz</pubPlace>, <publisher key="publ_3563">Schott</publisher> à 6 Fl.</bibl>
<pb n="68"/>
<bibl id="hofm_1857_05_0068_01"><composer key="compo_004899">Beriot, C. de</composer>, et <composer key="compo_008903">Fauconier</composer>, <title>Souvenirs des Opéras. Quatuors p. Pfte, Flûte, Violon et Vclle (Contreb. ad lib.). No. 7, Bellini, Beatrice di Tenda. No. 8, Rossini, Semiramide. No. 9, Bellini, I Puritani. No. 10, Bellini, Sonnambula. No. 11, Opéra sans Paroles</title>. Ebend. à 6 Fl.</bibl>
<bibl id="hofm_1857_05_0068_02"><composer key="compo_004899">Beriot, C. de</composer>, et <composer key="compo_008903">Fauconier</composer>, <title>Souvenirs des Opéras. Trios p. Pfte, Violon et Vclle. No. 10, Bellini, Sonnambula. No. 11, Opéra sans Paroles</title>. <pubPlace key="place_0438">Mainz</pubPlace>, <publisher key="publ_3563">Schott</publisher> à 5 Fl. 24 Xr.</bibl>
<bibl id="hofm_1857_05_0068_03">– <title>Souvenirs des Opéras. Trios p. Pfte, Flùte et Vclle. No. 7, Bellini, Beatrice di Tenda. No 8, Rossini, Semiramide. No. 9, Bellini, I Puritani. No. 10, Bellini, Sonnambula. No. 11, Opéra sans Paroles</title>. Ebend. à 5 Fl. 24 Xr.</bibl>
<bibl id="hofm_1857_05_0068_04"><composer key="compo_010563">Galli, R.</composer>, Op. <opus key="opus_3105">48</opus>. <title>Un Sollievo all’ Amicizia. 38 Capriccio tratto dai Motivi dell’ Opera: La Traviata, di Verdi, p. 2 Flauti con Pfte</title>. <pubPlace key="place_0437">Mailand</pubPlace>, <publisher key="publ_3241">Ricordi</publisher> 7 Fr.</bibl>
<bibl id="hofm_1857_05_0068_05"><composer key="compo_011276">Giovanni, Domenico de</composer>, <title>Pensiero elegiaco p. Violino e Pfte</title>. <pubPlace key="place_0437">Mailand</pubPlace>, <publisher key="publ_3241">Ricordi</publisher> 3 Fr.</bibl>
<bibl id="hofm_1857_05_0068_06"><composer key="compo_015336">Hopfe, Jul.</composer>, Op. <opus key="opus_2948">44</opus>. <title>Quintett (<key>Em</key>.) f. Pfte, 2 Viol., Alt u. Vcllo</title>. <pubPlace key="place_0044">Berlin</pubPlace>, <publisher key="publ_0589">Challier u. Co</publisher>. 1 Rt. 25 Ngr.</bibl>
<bibl id="hofm_1857_05_0068_07"><composer key="compo_021154">Liverani, D.</composer>, <title>Cavatina della Traviata, di Verdi, trascritta p. Clarinetto e Pfte</title>. <pubPlace key="place_0437">Mailand</pubPlace>, <publisher key="publ_3241">Ricordi</publisher> 3½ Fr.</bibl>
<bibl id="hofm_1857_05_0068_08">– <title>Melodie della Danza caratteristica del Popolo di Felsina, variate p. Pfte e Clarinetto</title>. Ebend. 6 Fr.</bibl>
<bibl id="hofm_1857_05_0068_09"><composer key="compo_021359">Louis, N.</composer>, Op. <opus key="opus_1706">236</opus>. <title>Fantaisie brill. sur le 3 Nozze. Opéra d’Alary p. Pfte et Violon</title>. <pubPlace key="place_0438">Mainz</pubPlace>, <publisher key="publ_3563">Schott</publisher> 1 Fl. 48 Xr.</bibl>
<bibl id="hofm_1857_05_0068_10"><composer key="compo_023621">Mollenhauer, Ed.</composer>, Op. <opus key="opus_3565">6</opus>. <title>La jolie Coquette. 1re Fantaisie mignonne p. Violon av. Pfte</title>. <pubPlace key="place_0276">Hamburg</pubPlace>, <publisher key="publ_3605">Schuberth u. Co</publisher>. 20 Ngr.</bibl>
<bibl id="hofm_1857_05_0068_11">– Op. <opus key="opus_3967">7</opus>. <title>Lucia di Lammermoor, de Donizetti. 2me Fantaisie mignonne p. Violon av. Pfte</title>. Ebend. 20 Ngr.</bibl>
<bibl id="hofm_1857_05_0068_12"><composer key="compo_023890">Mozart, W.A.</composer>, <title>Adagio (in <key>D</key>), arr. f. Flöte (od. Clarinette) mit Pfte v. C. Burchard</title>. <pubPlace key="place_0436">Magdeburg</pubPlace>, <publisher key="publ_1560">Heinrichshofen</publisher> 7½ Ngr.</bibl>
<bibl id="hofm_1857_05_0068_13"><composer key="compo_023890">Mozart, W.A.</composer>, <title>Adagio (in <key>D</key>), arr. f. Horn (od. Violoncell) mit Pfte v. C. Burchard</title>. <pubPlace key="place_0436">Magdeburg</pubPlace>, <publisher key="publ_1560">Heinrichshofen</publisher> 7½ Ngr.</bibl>
<bibl id="hofm_1857_05_0068_14"><composer key="compo_023890">Mozart, W.A.</composer>, <title>Sonates p. Pfte et Violon. No. 10, in <key>Es</key>. <edition>Nouv. Edit</edition></title>. <pubPlace key="place_0044">Berlin</pubPlace>, <publisher key="publ_2971">Paez</publisher> 22½ Ngr.</bibl>
<bibl id="hofm_1857_05_0068_15"><composer key="compo_025621">Paganini</composer>, <title>Variations de Bravoure sur des Thèmes de Moïse, de Rossini, p. Violon sur la 4me Corde av. Pfte ou Quatuor, par Ed. Mollenhauer</title>. <pubPlace key="place_0276">Hamburg</pubPlace>, <publisher key="publ_3605">Schuberth u. Co</publisher>. 1 Rt.</bibl>
<bibl id="hofm_1857_05_0068_16"><composer key="compo_026260">Pezze, Al.</composer>, Op <opus key="opus_3967">7</opus> <title>Souvenir du Trovatore, de Verdi, p. Vclle av. Pfte</title>. <pubPlace key="place_0437">Mailand</pubPlace>, <publisher key="publ_3241">Ricordi</publisher> 6 Fr.</bibl>
<bibl id="hofm_1857_05_0068_17">– Op. <opus key="opus_4300">8</opus>. <title>Pensiero elegiaco p. Vcllo con. Pfte</title>. Ebend. 2¾ Fr.</bibl>
<bibl id="hofm_1857_05_0068_18"><composer key="compo_027366">Rabboni. G.</composer>, Op. <opus key="opus_3868">67</opus> <title>Aria (Ah si, ben mio) nell’ Opera: Il Trovatore, di Verdi, variata p. 2 Flauti con Pfte</title>. <pubPlace key="place_0437">Mailand</pubPlace>, <publisher key="publ_3241">Ricordi</publisher> 6 Fr.</bibl>
<bibl id="hofm_1857_05_0068_19"><composer key="compo_032559">Solle, Fr.</composer>, <title>Familienball. Leichte Tänze f. Violine u. Pfte. Heft 2</title>. <pubPlace key="place_0386">Langensalza</pubPlace>, <publisher key="publ_3618">Schulbuchhandlung</publisher> 12 Ngr. n.</bibl>
<bibl id="hofm_1857_05_0068_20"><composer key="compo_035403">Verdi, G.</composer>, <title>Ouvertura nell’ Opera: Giovanna de Guzman (I Vespri siciliani) rid. p. Pfte, 2 Viol., Alto, Vcllo e Contrab. da F. Fasanotti</title>. <pubPlace key="place_0437">Mailand</pubPlace>, <publisher key="publ_3241">Ricordi</publisher> 9 Fr.</bibl>
<bibl id="hofm_1857_05_0068_21"><composer key="compo_035403">Verdi, G.</composer>, <title>La Traviata Opera, rid. p. Clarinetto e Pfte da B. Carulli</title>. <pubPlace key="place_0437">Mailand</pubPlace>. <publisher key="publ_3241">Ricordi</publisher> 22 Fr.</bibl>
<bibl id="hofm_1857_05_0068_22"><composer key="compo_035476">Vieuxtemps, H.</composer>, <title>La Nuit. Thème de I’Ode symphonie. Le Désert, de Fél. David, transcrite p. Violon av. Pfte</title>. <pubPlace key="place_0276">Hamburg</pubPlace>, <publisher key="publ_3605">Schuberth u. Co</publisher>. 15 Ngr.</bibl>
<bibl id="hofm_1857_05_0068_23"><composer key="compo_037881">Zanaboni, Gius.</composer>, <title>Fantasia sopra: Il Trovatore, di Verdi, p. Vclle con Pfte</title>. <pubPlace key="place_0437">Mailand</pubPlace>, <publisher key="publ_3241">Ricordi</publisher> 5 Fr.</bibl>
<pb n="69"/>
</div><div id="hofm_1857_05_0069_div09"><head><hofClass key="hofCl_0124">Musik für zwei Pianoforte.</hofClass></head>
<bibl id="hofm_1857_05_0069_01"><composer key="compo_010300">Fumagalli, P.</composer>, Op. <opus key="opus_3529">59</opus>. <title>Divertimento sopra Motivi dell’ Opera: La Traviata, di Verdi, p. 2 Pfte a 8 Mani</title>. <pubPlace key="place_0437">Mail</pubPlace>., <publisher key="publ_3241">Ricordi</publisher> 7 Fr.</bibl>
<bibl id="hofm_1857_05_0069_02"><composer key="compo_022904">Mendelssohn-Bartholdy, F.</composer>, Op. <opus key="opus_1390">20</opus>. <title>Ottello. Arrangement p. 2 Pftes à 8 Mains p. Aug. Horn</title>. <pubPlace key="place_0392">Leipzig</pubPlace>, <publisher key="publ_0437">Br. u. Härtel</publisher> 3 Rt.</bibl>
<bibl id="hofm_1857_05_0069_03"><composer key="compo_023890">Mozart, W.A.</composer>, <title>Fuge (in <key>Cm</key>.) f. 2 Pfte. <edition>Neue rev. Ausg</edition></title>. <pubPlace key="place_0392">Leipzig</pubPlace>, <publisher key="publ_0437">Br. u. Härtel</publisher> 10 Ngr.</bibl>
<bibl id="hofm_1857_05_0069_04">– <title>Sonate (in <key>D</key>) f. 2 Pfte. <edition>Neue rev. Ausg</edition></title>. <pubPlace key="place_0392">Leipzig</pubPlace>, <publisher key="publ_0437">Br. u. Härtel</publisher> 1 Rt 15 Ngr.</bibl>
</div><div id="hofm_1857_05_0069_div10"><head><sic><hofClass key="hofCl_0171">Musik für das Pianoforte zu rier Händen.</hofClass></sic></head>
<bibl id="hofm_1857_05_0069_05"><composer key="compo_001375">Balbi, Emilia</composer>, <title>Polacca nell’ Opera: L’Ebreo, di Apolloni, libramente trascr</title>. <pubPlace key="place_0437">Mailand</pubPlace>, <publisher key="publ_3241">Ricordi</publisher> 2½ Fr.</bibl>
<bibl id="hofm_1857_05_0069_06"><composer key="compo_006106">Cramer, H.</composer>, <title>Potpourris sur des Motifs d’Operas fav. No. 47, Verdi, La Traviata</title>. <pubPlace key="place_0438">Mainz</pubPlace>, <publisher key="publ_3563">Schott</publisher> 1 Fl. 30 Xr.</bibl>
<bibl id="hofm_1857_05_0069_07"><composer key="compo_007599">Duvernoy, J.B.</composer>, Op. <opus key="opus_1708">237</opus>. <title>2 Fantaisies sur I’Opéra : La Traviata, de Verdi, arr. No. 1. 2</title>. <pubPlace key="place_0392">Leipzig</pubPlace>, <publisher key="publ_0437">Br. u. Härtel</publisher> à 20 Ngr.</bibl>
<bibl id="hofm_1857_05_0069_08"><composer key="compo_009674">Foschini, G.F</composer>, Op. <opus key="opus_1068">17</opus>. <title>Bagatelle sur des Motifs des Vêpres siciliennes, de Verdi</title>. <pubPlace key="place_0437">Mailand</pubPlace>, <publisher key="publ_3241">Ricordi</publisher> 3½ Fr.</bibl>
<bibl id="hofm_1857_05_0069_09"><composer key="compo_013496">Hasse, J.A.</composer>, <title>Te Deum laudamus, bearb v. C. Burchard</title>. <pubPlace key="place_0147">Dresden</pubPlace>, <publisher key="publ_0416">Brauer</publisher> 25 Ngr.</bibl>
<bibl id="hofm_1857_05_0069_10"><composer key="compo_018913">Krug, D.</composer>, <title>Les Opéras en Vogue. Rondeaux brill. et non diffic. No. 5, Donizetti, La Favorite. Op. <opus key="opus_3896">68. No. 1</opus></title>. <pubPlace key="place_0276">Hamburg</pubPlace>, <publisher key="publ_3605">Schuberth u. Co</publisher>. 20 Ngr.</bibl>
<bibl id="hofm_1857_05_0069_10_g"><composer key="compo_022325">Martin, H.</composer>, Op. <opus key="opus_0234">11</opus>. <title>Souvenir de l’Opéra italien. Pièces choisies des Opéras modernes. No. 25, Verdi, Il Trovatore</title>. <pubPlace key="place_0276">Hamburg</pubPlace>, <publisher key="publ_2870">Niemeyer</publisher> 25 Ngr.</bibl>
<bibl id="hofm_1857_05_0069_12"><composer key="compo_022904">Mendelssohn-Bartholdy, F.</composer>, <title>Lieder und Gesänge, übertragen v. F.L. Schubert. Heft I, Op. <opus key="opus_1271">19</opus>. Heft 2, Op. <opus key="opus_2403">34</opus>. Heft 3, Op. <opus key="opus_3071">47</opus>. Heft 4, Op. <opus key="opus_3454">57</opus>. Heft 5, Op. <opus key="opus_4017">71</opus>. Heft 6, Op. <opus key="opus_4436">84</opus>. Heft 7, Op. <opus key="opus_4489">86</opus>. Heft 8, Op. <opus key="opus_4738">99</opus></title>. <pubPlace key="place_0392">Leipzig</pubPlace>, <publisher key="publ_0437">Br. u. Härtel</publisher> à 25 Ngr.</bibl>
<bibl id="hofm_1857_05_0069_13"><composer key="compo_027531">Ranken, J.W.</composer>, <title>Der Nordstern, Marsch-Galopp</title>. <pubPlace key="place_0276">Hamburg</pubPlace>, <publisher key="publ_3605">Schuberth u. Co</publisher>. 10 Ngr.</bibl>
<bibl id="hofm_1857_05_0069_14"><composer key="compo_028305">Ricordi, Giul.</composer>, Op. <opus key="opus_1165">18</opus>. <title>Essenza di Rose. Valzer</title>. <pubPlace key="place_0437">Mailand</pubPlace>, <publisher key="publ_3241">Ricordi</publisher> 6 Fr.</bibl>
<bibl id="hofm_1857_05_0069_15"><composer key="compo_032983">Stark, Chr.</composer>, <title>Julien-Polka</title>. <pubPlace key="place_0276">Hamburg</pubPlace>, <publisher key="publ_3605">Schuberth u. Co</publisher>. 7½ Ngr.</bibl>
<bibl id="hofm_1857_05_0069_16"><composer key="compo_033630">Streudner, J.</composer>, Op. <opus key="opus_3181">5</opus>. <title>3 Märsche. Lief. 2. (No. 3.)</title> <pubPlace key="place_0276">Hamburg</pubPlace>, <publisher key="publ_2870">Niemeyer</publisher> 25 Ngr.</bibl>
<bibl id="hofm_1857_05_0069_17"><composer key="compo_035908">Wagner, R.</composer>, <title>Grosser Marsch aus der Oper: Tannhäuser, eing. v. A.W. Gottschalg</title>. <pubPlace key="place_0386">Langensalza</pubPlace>, <publisher key="publ_3618">Schulbuchhdl</publisher>. 7½ Ngr. n.</bibl>
<bibl id="hofm_1857_05_0069_18"><composer key="compo_036036">Wallerstein, A.</composer>, Op. <opus key="opus_4704">97</opus>. <title>Eugénie. Polka des Tuileries</title>. <pubPlace key="place_0438">Mainz</pubPlace>, <publisher key="publ_3563">Schott</publisher> 36 Xr.</bibl>
<bibl id="hofm_1857_05_0069_19">– Op. <opus key="opus_0216">109</opus>. <title>La Circasienne. Polka-Mazurka</title>. Ebend. 36 Xr.</bibl>
<bibl id="hofm_1857_05_0069_20"><composer key="compo_037349">Wittmann, R.</composer>, Op. <opus key="opus_1165">18</opus>. <title>Fantaisie on Potpourri sur des Motifs fav. de l’Opéra : La Fanchonnette, de L. Clapisson</title>. <pubPlace key="place_0392">Leipzig</pubPlace>, <publisher key="publ_1746">Hofmeister</publisher> 1 Rt.</bibl>
<bibl id="hofm_1857_05_0069_21"><composer key="compo_037920">Zartoff</composer>, <title>Petersburg-Russia. Polka-Mazurka, arr. par Ferd. Burgmüller</title>. <pubPlace key="place_0276">Hamburg</pubPlace>, <publisher key="publ_3605">Schuberth u. Co</publisher>. 5 Ngr.</bibl>
</div><div id="hofm_1857_05_0069_div11"><head><hofClass key="hofCl_0166">Musik für das Pianoforte allein.</hofClass></head>
<bibl id="hofm_1857_05_0069_22"><composer key="compo_001008">Ascher, J.</composer>, Op. <opus key="opus_3586">60</opus>. <title>Grande Caprice de Concert sur la Traviata. Opéra de Verdi</title>. <pubPlace key="place_0438">Mainz</pubPlace>, <publisher key="publ_3563">Schott</publisher> 1 Fl. 30 Xr.</bibl>
<pb n="70"/>
<bibl id="hofm_1857_05_0070_01"><composer key="compo_001339">Bagge, Selmar</composer>, Op. <opus key="opus_0021">10</opus>. <title>Ephemeren. 6 Klavierstücke</title>. <pubPlace key="place_0392">Leipzig</pubPlace>, <publisher key="publ_1746">Hofmeister</publisher> 22½ Ngr.</bibl>
<bibl id="hofm_1857_05_0070_02"><composer key="compo_004885">Bättenhausen, W.</composer>, Op <opus key="opus_2116">3</opus>. <title>Souvenir. Romances sans Paroles. No. 1, Barcarolle</title>. <pubPlace key="place_0276">Hamburg</pubPlace>, <publisher key="publ_3605">Schuberth u. Co</publisher>. 5 Ngr.</bibl>
<bibl id="hofm_1857_05_0070_03"><composer key="compo_002826">Beyer, Ferd.</composer>, Op. <opus key="opus_2509">36</opus>. <title>Répertoire des jeunes Pianistes. Petites Fantaisies instruct. sur des Motifs d’Opéias fav. No. 71, Auber, Le Serment ou les Faux-Monnoyeurs</title>. <pubPlace key="place_0438">Mainz</pubPlace>, <publisher key="publ_3563">Schott</publisher> 45 Xr.</bibl>
<bibl id="hofm_1857_05_0070_04"><composer key="compo_003275">Bloss, C.</composer>, Op. <opus key="opus_3565">6</opus>. <title>Kleine Tonbilder. Heft I, Der Frühling kommt. Am Bache. Rückkehr ins Vaterhaus. Maienfest. Heft 2, Melodie. Erinnerung an die Erntefeier. Gruss an die Heimath. Die Libelle</title>. <pubPlace key="place_0594">Rudolstadt</pubPlace>, <publisher key="publ_2779">Müller</publisher> à 15 Ngr.</bibl>
<bibl id="hofm_1857_05_0070_05"><composer key="compo_003373">Blumschein, L.</composer>, Op. <opus key="opus_0234">11</opus>. <title>Mon Plaisir. Polka-Mazourka de Salon</title>. <pubPlace key="place_0475">München</pubPlace>, <publisher key="publ_0028">Aibl</publisher> 12½ Ngr.</bibl>
<bibl id="hofm_1857_05_0070_06"><composer key="compo_003826">Bosoni, C.E.</composer>, <title>Notturno</title>. <pubPlace key="place_0437">Mailand</pubPlace>, <publisher key="publ_3241">Ricordi</publisher> 1½ Fr.</bibl>
<bibl id="hofm_1857_05_0070_07"><composer key="compo_004202">Bremer, J.B.H.</composer>, Op. <opus key="opus_0806">15</opus>. <title>Sonate (<key>Cm</key>.)</title>. <pubPlace key="place_0592">Rotterdam</pubPlace>, <publisher key="publ_4205">de Vletter</publisher> 1 Rt 7½ Ngr.</bibl>
<bibl id="hofm_1857_05_0070_08">– <title>Ein’ feste Burg ist unser Gott. (No. 2.)</title> Ebend. 8½ Ngr.</bibl>
<bibl id="hofm_1857_05_0070_09"><composer key="compo_004464">Bruyck, C.D. van</composer>, <title>Nachtviolen. 4 kleine Stücke</title>. <pubPlace key="place_0731">Wien</pubPlace>, <publisher key="publ_2398">Lewy</publisher> 25 Ngr.</bibl>
<bibl id="hofm_1857_05_0070_10"><composer key="compo_004709">Burgmüller, Ferd.</composer>, <title>Opernfreund. Potpourris. Neue Folge. No. 5, Balfe, Gitana</title>. <pubPlace key="place_0276">Hamburg</pubPlace>, <publisher key="publ_3605">Schuberth u. Co</publisher>. 15 Ngr.</bibl>
<bibl id="hofm_1857_05_0070_11"><composer key="compo_005672">Chwatal, F.X.</composer>, Op. <opus key="opus_0477">125</opus>. <title>Blumenkörbchen. Kleine ansprechende Tonstücke über beliebte Melodien. Heft 6</title>. <pubPlace key="place_0436">Magdeburg</pubPlace>, <publisher key="publ_1560">Heinrichshofen</publisher> 12 Ngr.</bibl>
<bibl id="hofm_1857_05_0070_12">– Idem Lief. 2. (Heft 4–6.) Ebend. 1 Rt.</bibl>
<bibl id="hofm_1857_05_0070_13">– Op. <opus key="opus_0486">126</opus>. <title>Alpenklänge. Miniatur-Bilder. No. 6, Auf St. Bernhard</title>. Ebend. 15 Ngr.</bibl>
<bibl id="hofm_1857_05_0070_14">– Idem Lief. 2. (No. 4–6.) Ebend. 25 Ngr.</bibl>
<bibl id="hofm_1857_05_0070_15"><composer key="compo_006702">Delchert, Guill.</composer>, Op. <opus key="opus_1068">17</opus>. <title>Grande Fantaisie sur Lucia di Lammermoor, de Donizetti</title>. <pubPlace key="place_0276">Hamburg</pubPlace>, <publisher key="publ_2870">Niemeyer</publisher> 1 Rt.</bibl>
<bibl id="hofm_1857_05_0070_16"><composer key="compo_007224">Doppler. J.H.</composer>, Op. <opus key="opus_0094">102</opus>. <title>Matinée musicale. Petites Fantaisies, Var. et Rondos sur des Mélodies fav. No. 8, Hessling, Die Thräne. No. 9, Weidt, Ringerl and Röserl. No. 10, Lachner, I., Ständchen. No. 11, Nanmann, Leicht Gepäck. No. 12, Gumbert, O bitt euch, liebe Vögelein</title>. <pubPlace key="place_0276">Hamburg</pubPlace>, <publisher key="publ_2870">Niemeyer</publisher> 12½ Ngr.</bibl>
<bibl id="hofm_1857_05_0070_17">– Op. <opus key="opus_1526">211</opus>. <title>Le petit Maitre de Plaisir au Salon musical. 12 petites Amusements</title>. <pubPlace key="place_0276">Hamburg</pubPlace>, <publisher key="publ_2870">Niemeyer</publisher> geh. 1 Rt. n.</bibl>
<bibl id="hofm_1857_05_0070_18"><title>L’Echo de l’Opéra. Collection de Potpourris brill. Liv. 73, Nicolai, Die lustigen Weiber von Windsor, arr. v. H. Schönchen</title>. <pubPlace key="place_0475">München</pubPlace>, <publisher key="publ_0028">Aibl</publisher> 20 Ngr.</bibl>
<bibl id="hofm_1857_05_0070_19"><composer key="compo_007942">Egghard, Jul.</composer>, Op. <opus key="opus_2347">33</opus>. <title>Chant du Soir</title>. <pubPlace key="place_0438">Mainz</pubPlace>, <publisher key="publ_3563">Schott</publisher> 45 Xr.</bibl>
<bibl id="hofm_1857_05_0070_20">– Op. <opus key="opus_2403">34</opus>. <title>La Rosée de Perles. Impromptu de Salon</title>. Ebend. 45 Xr.</bibl>
<bibl id="hofm_1857_05_0070_21">– Op. <opus key="opus_2458">35</opus>. <title>Danse cosaque</title>. Ebend. 45 Xr.</bibl>
<bibl id="hofm_1857_05_0070_22"><composer key="compo_009394">Fischer, J.H.A.</composer>, Op <opus key="opus_0021">10</opus> <title>12 Etudes</title>. <pubPlace key="place_0276">Hamburg</pubPlace>, <publisher key="publ_2870">Niemeyer</publisher> 20 Ngr.</bibl>
<bibl id="hofm_1857_05_0070_23"><composer key="compo_010051">Friedrich, Ferd.</composer>, Op. <opus key="opus_3385">55</opus>. <title>Etude-Mazurka</title>. <pubPlace key="place_0276">Hamburg</pubPlace>, <publisher key="publ_2870">Niemeyer</publisher> 12½ Ngr.</bibl>
<bibl id="hofm_1857_05_0070_24">– Op. <opus key="opus_3416">56</opus>. <title>Valse romanesque à Mme Ristori</title>. Ebend. 12½ Ngr.</bibl>
<bibl id="hofm_1857_05_0070_25"><composer key="compo_010190">Frugoni, Berta</composer>, Op. <opus key="opus_3181">5</opus>. <title>Berceuse</title>. <pubPlace key="place_0437">Mailand</pubPlace>, <publisher key="publ_3241">Ricordi</publisher> 2 Fr.</bibl>
<bibl id="hofm_1857_05_0070_26">Op. <opus key="opus_3967">7</opus>. <title>Grande Valse brill</title>. Ebend. 3½ Fr.</bibl>
<bibl id="hofm_1857_05_0070_27"><composer key="compo_010297">Fumagalli, Disma</composer>, Op. <opus key="opus_4460">85</opus>. <title>Melodia nell Opera: Giovanna de Guzman (I Vespri siciliani) di Verdi, trascritta</title>. <pubPlace key="place_0437">Mailand</pubPlace>, <publisher key="publ_3241">Ricordi</publisher> 1½ Fr.</bibl>
<bibl id="hofm_1857_05_0070_28">– Op. <opus key="opus_4654">94</opus>. <title>Marino Faliero, di Donizetti. Fantasia-Capriccio</title>. <pubPlace key="place_0437">Mailand</pubPlace>, <publisher key="publ_3241">Ricordi</publisher> 5 Fr.</bibl>
<bibl id="hofm_1857_05_0070_29"><composer key="compo_010302">Fumagalli, Pol.</composer>, Op. <opus key="opus_3490">58</opus>. <title>Ricreazioni mnsicale sull’ Opera: La Traviata, di Verdi</title>. <pubPlace key="place_0437">Mailand</pubPlace>, <publisher key="publ_3241">Ricordi</publisher> 3½ Fr.</bibl>
<pb n="71"/>
<bibl id="hofm_1857_05_0071_01"><composer key="compo_010470">Gabriel, Virginia</composer>, <title>2 Melodie</title>. <pubPlace key="place_0437">Mailand</pubPlace>, <publisher key="publ_3241">Ricordi</publisher> 3½ Fr.</bibl>
<bibl id="hofm_1857_05_0071_02"><composer key="compo_011618">Golinelli, S.</composer>, <title>Pensiero fuggitivo</title>. <pubPlace key="place_0437">Mailand</pubPlace>, <publisher key="publ_3241">Ricordi</publisher> 1 Fr.</bibl>
<bibl id="hofm_1857_05_0071_03"><composer key="compo_011689">Gordigiani, L.</composer>, Op. <opus key="opus_2850">42</opus>. <title>La Traviata, de Verdi. Divertissement</title>. <pubPlace key="place_0437">Mailand</pubPlace>, <publisher key="publ_3241">Ricordi</publisher> 4½ Fr.</bibl>
<bibl id="hofm_1857_05_0071_04"><composer key="compo_014550">Herz, H.</composer>, Op. <opus key="opus_1252">189</opus>. <title>Marche et Rondo sur des Motifs de l’Opéra : Ernani, de Verdi</title>. <pubPlace key="place_0438">Mainz</pubPlace>, <publisher key="publ_3563">Schott</publisher> 1 Fl.</bibl>
<bibl id="hofm_1857_05_0071_05"><composer key="compo_014569">Herzberg, Ant.</composer>, Op. <opus key="opus_0806">15</opus>. <title>Polonaise</title>. <pubPlace key="place_0731">Wien</pubPlace>, <publisher key="publ_1269">Glöggl</publisher> 10 Ngr.</bibl>
<bibl id="hofm_1857_05_0071_06">– Op. <opus key="opus_1881">26</opus>. <title>Grande Marche triomphale</title>. <pubPlace key="place_0731">Wien</pubPlace>, <publisher key="publ_1269">Glöggl</publisher> 10 Ngr.</bibl>
<bibl id="hofm_1857_05_0071_07">– Op. <opus key="opus_3105">48</opus>. <title>Deux Romances</title>. <pubPlace key="place_0731">Wien</pubPlace>, <publisher key="publ_1269">Glöggl</publisher> 10 Ngr.</bibl>
<bibl id="hofm_1857_05_0071_08">– Op. <opus key="opus_3204">50</opus>. <title>Souvenir de Carlburg. Impromptu</title>. <pubPlace key="place_0731">Wien</pubPlace>, <publisher key="publ_2398">Lewy</publisher> 10 Ngr.</bibl>
<bibl id="hofm_1857_05_0071_09">– Op. <opus key="opus_3244">51</opus>. <title>Chanson du Printemps. Bluette</title>. Ebend. 10 Ngr.</bibl>
<bibl id="hofm_1857_05_0071_10"><composer key="compo_016883">Kania, Eman.</composer>, Op. <opus key="opus_1068">17</opus>. <title>Grande Polonaise</title>. <pubPlace key="place_0392">Leipzig</pubPlace>, <publisher key="publ_1746">Hofmeister</publisher> 17½ Ngr.</bibl>
<wip id="hofm_1857_05_0071_11"><composer key="compo_017336">Ketterer, E.</composer>, <title>3 Morceaux de Salon</title>. <pubPlace key="place_0419">London</pubPlace>, <publisher key="publ_3450">Scheurmann</publisher>. <lb/><title>No. 1, Pastorale. Op. <opus key="opus_1068">17</opus></title>. 17½ Ngr. <lb/>– <title>2, La Fontaine. Valse brill. Op. <opus key="opus_1165">18</opus></title>. 17½ Ngr. <lb/>– <title>3, La Circassienne. Polka. Op. <opus key="opus_1271">19</opus></title>. 10 Ngr.</wip>
<bibl id="hofm_1857_05_0071_12"><composer key="compo_017750">Kles, F.</composer>, Op. <opus key="opus_3565">6</opus>. <title>Elegie</title>. <pubPlace key="place_0082">Breslau</pubPlace>, <publisher key="publ_3804">Sohn</publisher> 15 Ngr.</bibl>
<bibl id="hofm_1857_05_0071_13"><composer key="compo_018127">Kohlenegg, L. de</composer>, Op. <opus key="opus_1271">19</opus>. <title>Une Rose blanche à Maria. Polkette</title>. <pubPlace key="place_0731">Wien</pubPlace>, <publisher key="publ_2398">Lewy</publisher> 15 Ngr.</bibl>
<bibl id="hofm_1857_05_0071_14"><composer key="compo_018581">Krause, Ant.</composer>, Op. <opus key="opus_3181">5</opus>. <title>10 Etuden. Heft 1. 2</title>. <pubPlace key="place_0392">Leipzig</pubPlace>, <publisher key="publ_0437">Br. u. Härtel</publisher> à 25 Ngr.</bibl>
<bibl id="hofm_1857_05_0071_15"><composer key="compo_019006">Krüger, W.</composer>, Op. <opus key="opus_2576">37</opus>. <title>Griseldis. Bolero de la Reine Hortense. Fantaisie</title>. <pubPlace key="place_0438">Mainz</pubPlace>, <publisher key="publ_3563">Schott</publisher> 1 Fl. 12 Xr.</bibl>
<bibl id="hofm_1857_05_0071_16"><composer key="compo_020131">Laue, C.A.</composer>, Op. <opus key="opus_0806">15</opus>. <title>2 Morceaux de Salon. No. 1, Les Perles du jet d’eau. No. 2, La Surprise</title>. <pubPlace key="place_0419">London</pubPlace>, <publisher key="publ_3450">Scheurmann</publisher> à 10 Ngr.</bibl>
<wip id="hofm_1857_05_0071_17">– Op. <opus key="opus_1068">17</opus>. <title>2 Pensées musicales</title>. <title>No. 1, L’Adieu</title>. 10 Ngr. <title>No. 2, Le Revoir</title>. 12½ Ngr. Ebend.</wip>
<bibl id="hofm_1857_05_0071_18"><composer key="compo_020320">Lefébure-Wély</composer>, Op. <opus key="opus_3351">54</opus>. <title>Les Cloches du Monastère. Nocturne</title>. <pubPlace key="place_0044">Berlin</pubPlace>, <publisher key="publ_1768">Horn</publisher> 10 Ngr.</bibl>
<bibl id="hofm_1857_05_0071_19"><composer key="compo_020633">Leschetizky, Th.</composer>, Op. <opus key="opus_1584">22</opus>. <title>Valse chromatique</title>. <pubPlace key="place_0731">Wien</pubPlace>, <publisher key="publ_2398">Lewy</publisher> 15 Ngr.</bibl>
<bibl id="hofm_1857_05_0071_20"><composer key="compo_020768">Lewy, Ch.</composer>, <title>Galop de Concert</title>. <pubPlace key="place_0731">Wien</pubPlace>, <publisher key="publ_2398">Lewy</publisher> 20 Ngr.</bibl>
<bibl id="hofm_1857_05_0071_21"><composer key="compo_020839">Liebe, L.</composer>, Op. <opus key="opus_2458">35</opus>. <title>2me Nocturne</title>. <pubPlace key="place_0341">Cassel</pubPlace>, <publisher key="publ_2497">Luckhardt</publisher> 15 Ngr.</bibl>
<bibl id="hofm_1857_05_0071_22"><composer key="compo_021447">Ludwig, F.</composer>, Op. <opus key="opus_3181">5</opus>. <title>Pastorale des Alpes. Tyrolienne</title>. <pubPlace key="place_0438">Mainz</pubPlace>, <publisher key="publ_3563">Schott</publisher> 45 Xr.</bibl>
<bibl id="hofm_1857_05_0071_23"><composer key="compo_024010">Mächtig, C.</composer>, Op. <opus key="opus_4300">8</opus>. <title>Album. 10 charakteristische Tonbilder. Heft 1, Frage. Studie. Komm lieber Mai. Klage. Am Morgen im Walde. Erinnerung an Mozart. Heft 2, An Sie. Volkslied. Thema mit Variationen. Zum Scherz</title>. <pubPlace key="place_0392">Leipzig</pubPlace>, <publisher key="publ_0437">Br. u. Härtel</publisher> à 20 Ngr.</bibl>
<bibl id="hofm_1857_05_0071_24"><composer key="compo_021883">Maeder, Ch.</composer>, Op. <opus key="opus_2116">3</opus>. <title>Valse-Caprice</title>. <pubPlace key="place_0044">Berlin</pubPlace>, <publisher key="publ_0588">Challier</publisher> 10 Ngr.</bibl>
<bibl id="hofm_1857_05_0071_25">– Op. <opus key="opus_2737">4</opus>. <title>Mazurka brillante</title>. Ebend. 10 Ngr.</bibl>
<bibl id="hofm_1857_05_0071_26">– Op. <opus key="opus_3565">6</opus>. <title>Polka-Mazurka</title>. Ebend. 10 Ngr.</bibl>
<bibl id="hofm_1857_05_0071_27"><composer key="compo_021903">Magetti, Al.</composer>, Op. <opus key="opus_2116">3</opus>. <title>La Scherzosa. Capriccietto</title>. <pubPlace key="place_0437">Mailand</pubPlace>, <publisher key="publ_3241">Ricordi</publisher> 1½ Fr.</bibl>
<bibl id="hofm_1857_05_0071_28"><composer key="compo_022253">Markull, F.W.</composer>, Op. <opus key="opus_3895">68</opus>. <title>Barcarole</title>. <pubPlace key="place_0341">Cassel</pubPlace>, <publisher key="publ_2497">Luckhardt</publisher> 15 Ngr.</bibl>
<bibl id="hofm_1857_05_0071_29"><composer key="compo_022317">Martin, C.</composer>, Op. <opus key="opus_2670">39</opus>. <title>Fantaisie en forme d’un Potpourri sur des Thèmes de l’Opéra : Lucrezia Borgia, de Donizetti</title>. <pubPlace key="place_0044">Berlin</pubPlace>, <publisher key="publ_1768">Horn</publisher> 20 Ngr.</bibl>
<bibl id="hofm_1857_05_0071_30"><composer key="compo_022325">Martin, H.</composer>, Op. <opus key="opus_1165">18</opus>. <title>Lieder-Album f. d. Jugend. Auswahl der schönsten Opern-und Volkslieder. Heft 4. 5</title>. <pubPlace key="place_0276">Hamburg</pubPlace>, <publisher key="publ_2870">Niemeyer</publisher> à 12½ Ngr.</bibl>
<bibl id="hofm_1857_05_0071_31">– Op. <opus key="opus_1390">20</opus>. <title>Fleurs de la Saison. Petits Amusements sur des Thèmes fav. No. 7, Berner, Myrthenblätter. Walzer. No. 8, Faust, La Violette. Polka-Mazurka. No. 9, Strauss, Idyllen-Walzer</title>. Ebend. à 12½ Ngr.</bibl>
<pb n="72"/>
<bibl id="hofm_1857_05_0072_01"><composer key="compo_022325">Martin, H.</composer>, Op. <opus key="opus_1731">24</opus>. <title>Répertoire de l’Opéra. Pièces choisies des plus célèbres Opéras. No. 9, Verdi, La Traviata. No. 14, Verdi, 1 Vespri siciliani</title>. Ebend. à 20 Ngr.</bibl>
<bibl id="hofm_1857_05_0072_02">– Op. <opus key="opus_2268">32</opus>. <title>Mosaïque des Opéras italiens. Petites Fantaisies. No. 12, Verdi, Il Trovatore. No. 13, Verdi, I Vespri siciliani. No. 14, Pacini, Saffo. No. 15, Pacini, La Regina di Cypro. No. 16, Bellini, Montecchi e Capuleti. No. 17, Bellini, Norma. No. 18, Donizetti, Lucia di Lammermoor. No. 19, Verdi, La Traviata</title>. Ebend. à 12½ Ngr.</bibl>
<bibl id="hofm_1857_05_0072_03">– Op. <opus key="opus_2347">33</opus>. <title>Mosaïque des Opéras allemands et français. Petites Fantaisies. No. 3, Auber, La Muette de Portici. No. 4, Mozart, Don Juan. No. 5, Kreutzer, Das Nachtlager in Granada. No. 7, Nicolai, Die lustigen Weiber von Windsor</title>. Ebend. à 12½ Ngr.</bibl>
<bibl id="hofm_1857_05_0072_04">– Op. <opus key="opus_2458">35</opus>. <title>Grande Valse brill. sur des Motifs de l’Opéra : Il Trovatore, de Verdi</title>. <pubPlace key="place_0276">Hamburg</pubPlace>, <publisher key="publ_2870">Niemeyer</publisher> 12½ Ngr.</bibl>
<wip id="hofm_1857_05_0072_05"><composer key="compo_023587">Molchert, Jul.</composer>, Op. <opus key="opus_0234">11</opus>. <title>2 Morceaux de Salon</title>. <title>No. 1, La Mélancolie. Andante</title>. 7½ Ngr. <title>No. 2, La Gaieté. Rondo brill</title>. 10 Ngr. <pubPlace key="place_0276">Hamburg</pubPlace>, <publisher key="publ_0640">Cranz</publisher>.</wip>
<bibl id="hofm_1857_05_0072_06"><composer key="compo_023921">Mulder, R.</composer>, Op. <opus key="opus_2268">32</opus>. <opus key="opus_2347">33</opus>. <title>Praktische Schule für junge Pianisten (Ecole pratique des jeunes Pianistes). Heft 1–6</title>. <pubPlace key="place_0392">Leipzig</pubPlace>, <publisher key="publ_0437">Br. u. Härtel</publisher> à 20 Ngr.</bibl>
<bibl id="hofm_1857_05_0072_07"><composer key="compo_026063">Perfall, K.</composer>, <title>Festlied und Banernmarsch zum Künstler-Maskenball 1857, arr</title>. <pubPlace key="place_0475">München</pubPlace>, <publisher key="publ_0028">Aibl</publisher> 4 Ngr. *n.</bibl>
<bibl id="hofm_1857_05_0072_08"><composer key="compo_026092">Perny, P.</composer>, Op. <opus key="opus_3767">64</opus>. <title>La Nuit. Exercice et Andante de Salon</title>. <pubPlace key="place_0437">Mailand</pubPlace>, <publisher key="publ_3241">Ricordi</publisher> 4 Fr.</bibl>
<bibl id="hofm_1857_05_0072_09">– Op. <opus key="opus_4181">77</opus>. <title>Les petites Soirées musicales. 1er Recueil. 3 Fantaisies sur des Opéras de Verdi. No. 1, Il Trovatore. No.2, La Traviata. No. 3, Les Vêpres siciliennes</title>. <pubPlace key="place_0437">Mailand</pubPlace>, <publisher key="publ_3241">Ricordi</publisher> à 2½ Fr.</bibl>
<album id="hofm_1857_05_0072_10"><title>Pianoforte (das). Ausgew. Sammlung älterer u. neuerer Original-Compositionen. Heft 3, <composer key="compo_022612">Mayer, Ch.</composer>, Chanson sentimentale. <composer key="compo_017572">Kittl, J.F.</composer>, Consolation. <composer key="compo_023659">Moniuszko, St.</composer>, Polonaise I. <composer key="compo_015400">Hornstein, R. v.</composer>, Minnelied</title>. <pubPlace key="place_0662">Stuttgart</pubPlace>, <publisher key="publ_1449">E. Hallberger</publisher>. Subscr.-Pr. f. 12 Hefte 3 Rt. n.</album>
<bibl id="hofm_1857_05_0072_11"><composer key="compo_026846">Popp, W.</composer>, <title>Mozart, Beethoven, Weber. Duftende Blüthen a. d. Garten der drei grössten Tondichter. Heft 4</title>. <pubPlace key="place_0386">Langensalza</pubPlace>, <publisher key="publ_3618">Schulbuchhdl</publisher>. 9 Ngr. n.</bibl>
<bibl id="hofm_1857_05_0072_12"><composer key="compo_027150">Prudent, E.</composer>, Op. <opus key="opus_3105">48</opus>. <title>La Prairie. 2me Concerto</title>. <pubPlace key="place_0438">Mainz</pubPlace>, <publisher key="publ_3563">Schott</publisher> 2 Fl. 42 Xr.</bibl>
<bibl id="hofm_1857_05_0072_13"><composer key="compo_028808">Roos, Chr.</composer>, Op. <opus key="opus_3967">7</opus>. <title>Souvenir de Bad-Nassan. Impromptu intermêlé d’une Mélodie de C. M. de Weber</title>. <pubPlace key="place_0438">Mainz</pubPlace>, <publisher key="publ_3563">Schott</publisher> 36 Xr.</bibl>
<bibl id="hofm_1857_05_0072_14"><composer key="compo_031111">Schubert, Cam.</composer>, Op. <opus key="opus_1555">215</opus>. <title>Richard Coeur de Lion. Fantaisie dramatique sur des Motifs de Gretry</title>. <pubPlace key="place_0438">Mainz</pubPlace>, <publisher key="publ_3563">Schott</publisher> 1 Fl.</bibl>
<bibl id="hofm_1857_05_0072_15"><composer key="compo_031298">Schulz-Weyda, J.</composer>, Op. <opus key="opus_2915">43</opus>. <title>Alpenblümchen. Liederfantasien in Liederform. Lief. 3, Die Spinnerin. Der Gemsjäger</title>. <pubPlace key="place_0436">Magdeburg</pubPlace>, <publisher key="publ_1560">Heinrichshofen</publisher> 10 Ngr.</bibl>
<bibl id="hofm_1857_05_0072_16"><composer key="compo_032156">Siboni, E.</composer>, Op. <opus key="opus_2737">4</opus>. <title>Ballade und Wiegenlied</title>. <pubPlace key="place_0731">Wien</pubPlace>, <publisher key="publ_2398">Lewy</publisher> 8 Ngr.</bibl>
<bibl id="hofm_1857_05_0072_17"><composer key="compo_033517">Strakosch, M.</composer>, Op. <opus key="opus_2131">30</opus>. <title>Yankee doodle. Variations de Concert</title>. <pubPlace key="place_0276">Hamburg</pubPlace>, <publisher key="publ_3605">Schuberth u. Co</publisher>. 20 Ngr.</bibl>
<bibl id="hofm_1857_05_0072_18"><composer key="compo_034188">Tauwitz, Jul.</composer>, Op. <opus key="opus_4562">9</opus>. <title>Barcarolle. Chanson sans Paroles</title>. <pubPlace key="place_0044">Berlin</pubPlace>, <publisher key="publ_4330">Weiss</publisher> 15 Ngr.</bibl>
<bibl id="hofm_1857_05_0072_19"><composer key="compo_034298">Tessarin, Fr.</composer>, Op. <opus key="opus_4562">9</opus>. <title>Danse villageoise</title>. <pubPlace key="place_0437">Mailand</pubPlace>, <publisher key="publ_3241">Ricordi</publisher> 2½ Fr.</bibl>
<bibl id="hofm_1857_05_0072_20"><composer key="compo_034915">Truzzi, Al.</composer>, Op. <opus key="opus_2458">35</opus>. <title>Reminiscenze dell’ Opera: Gli ultimi Giorni di Suli, di Ferrari</title>. <pubPlace key="place_0437">Mailand</pubPlace>, <publisher key="publ_3241">Ricordi</publisher> 2¼ Fr.</bibl>
<pb n="73"/>
<bibl id="hofm_1857_05_0073_01"><composer key="compo_034917">Truzzi, L.</composer>, <title>La Primavera. Brevi Divertimenti sopra Motivi fav. d’Opere moderne. Fasc. 52–55, Verdi, Luisa Miller</title>. <pubPlace key="place_0437">Mailand</pubPlace>, <publisher key="publ_3241">Ricordi</publisher> à 2 Fr.</bibl>
<bibl id="hofm_1857_05_0073_02"><composer key="compo_034959">Tschirch, Rud.</composer>, <title>Narziss. Fantaisie caractéristique nach Brachvogels Tragödie</title>. <pubPlace key="place_0082">Breslau</pubPlace>, <publisher key="publ_3804">Sohn</publisher> 17½ Ngr.</bibl>
<bibl id="hofm_1857_05_0073_03"><composer key="compo_035159">Unger, Fréd.</composer>, <title>Le Carneval. Fantaisie de Concert</title>. <pubPlace key="place_0419">London</pubPlace>, <publisher key="publ_3450">Scheurmann</publisher> 15 Ngr.</bibl>
<bibl id="hofm_1857_05_0073_04"><composer key="compo_035567">Viénot, Ed.</composer>, <title>L’Express. 3me Galop brill</title>. <pubPlace key="place_0438">Mainz</pubPlace>, <publisher key="publ_3563">Schott</publisher> 45 Xr.</bibl>
<bibl id="hofm_1857_05_0073_05"><composer key="compo_035758">Voss, Ch.</composer>, Op. <opus key="opus_1625">222</opus>. <title>Peintures musicales. No. 3, La Chasse de Diane, du Dominiquin</title>. <pubPlace key="place_0392">Leipzig</pubPlace>, <publisher key="publ_0437">Br. u. Härtel</publisher> à 20 Ngr.</bibl>
<bibl id="hofm_1857_05_0073_06"><composer key="compo_036130">Wandersleb, A.</composer>, Op. <opus key="opus_4300">8</opus>. <title>From home. A Song without Words</title>. <pubPlace key="place_0241">Gotha</pubPlace>, <publisher key="publ_4525">Ziert</publisher> 8 Ngr.</bibl>
<bibl id="hofm_1857_05_0073_07"><composer key="compo_036519">Weiss, Jul.</composer>, Op. <opus key="opus_3140">49</opus>. <title>Doux Réveil. Morceau élégant</title>. <pubPlace key="place_0044">Berlin</pubPlace>, <publisher key="publ_4330">Weiss</publisher> 15 Ngr.</bibl>
<bibl id="hofm_1857_05_0073_08">– Op. <opus key="opus_3204">50</opus>. <title>Jeu d’Amour. Morceau élégant</title>. Ebend. 15 Ngr.</bibl>
<wip id="hofm_1857_05_0073_09">– Op. <opus key="opus_3244">51</opus>. <title>6 kleine Fantasien über beliebte Volksmelodien mit Fingersatz und ohne Octavenspannungen</title>. <title>No. 1, Wenn ich mich nach der Heimath sehn’</title>. <title>No. 2, Die Rose blüht</title>. <title>No. 3, Der Carneval von Venedig</title>. <title>No. 4, Gott erhalte Franz den Kaiser</title>. <title>No. 5, Ach wie ist’s möglich dann</title>. <title>No. 6, Von meinen Bergen muss ich scheiden</title>. (à 7½ Ngr.) Ebend. 1 Rt.</wip>
<bibl id="hofm_1857_05_0073_10"><composer key="compo_036600">Wels, Ch.</composer>, Op. <opus key="opus_2268">32</opus>. <title>La belle Bohémienne. Morceau de Salon</title>. <pubPlace key="place_0276">Hamburg</pubPlace>, <publisher key="publ_3605">Schuberth u. Co</publisher>. 10 Ngr.</bibl>
<bibl id="hofm_1857_05_0073_11">– Op. <opus key="opus_2403">34</opus>. <title>Das Vöglein im Baume. Grande Caprice burlesque d’après M. Hauser</title>. <pubPlace key="place_0276">Hamburg</pubPlace>, <publisher key="publ_3605">Schuberth u. Co</publisher>. 20 Ngr.</bibl>
<bibl id="hofm_1857_05_0073_12"><composer key="compo_037125">Willmers, R.</composer>, Op. <opus key="opus_1165">18</opus>. <title>Jugendklänge. Morceaux fac. No. 1, Valse sentimentale. No. 2, Galopfurieux</title>. <pubPlace key="place_0276">Hamb</pubPlace>., <publisher key="publ_3605">Schuberth u. Co</publisher>. 7½ Ngr.</bibl>
<bibl id="hofm_1857_05_0073_13"><composer key="compo_037242">Winterberger, Alex.</composer>, Op. <opus key="opus_0001">1</opus>. <title>Sonate (in <key>Am</key>.)</title>. <pubPlace key="place_0592">Rotterdam</pubPlace>, <publisher key="publ_4205">de Vletter</publisher> 1 Rt. 7½ Ngr.</bibl>
<bibl id="hofm_1857_05_0073_14">– Op. <opus key="opus_1372">2</opus>. <title>3 Caprices</title>. Ebend. 25 Ngr.</bibl>
<bibl id="hofm_1857_05_0073_15"><composer key="compo_037350">Wittmann, Rob.</composer>, Op. <opus key="opus_1068">17</opus>. <title>Fantaisie ou Potpourri sur des Thèmes fav. de l’Opéra : La Fancbonnette, de L. Clapisson</title>. <pubPlace key="place_0392">Leipzig</pubPlace>, <publisher key="publ_1746">Hofmeister</publisher> 15 Ngr.</bibl>
</div><div id="hofm_1857_05_0073_div12"><head><hofClass key="hofCl_0288">Tänze für das Pianoforte.</hofClass></head>
<bibl id="hofm_1857_05_0073_16"><composer key="compo_001636">Bartholomäus, Edm.</composer>, Op. <opus key="opus_0001">1</opus>. <title>Ländlich, sittlich. Polka</title>. <pubPlace key="place_0341">Cassel</pubPlace>, <publisher key="publ_2497">Luckhardt</publisher> 5 Ngr.</bibl>
<bibl id="hofm_1857_05_0073_17">– Op. <opus key="opus_1372">2</opus>. <title>Cavallerie-Galopp</title>. Ebend. 7½ Ngr.</bibl>
<bibl id="hofm_1857_05_0073_18"><composer key="compo_001983">Becker, C.</composer>, <title>Elisabeths blau’ Aeuglein. Walzer</title>. <pubPlace key="place_0044">Berlin</pubPlace>, <publisher key="publ_1768">Horn</publisher> 5 Ngr.</bibl>
<bibl id="hofm_1857_05_0073_19"><composer key="compo_002405">Berens, C.</composer>, <title>Syrenen-Esmeralda</title>. <pubPlace key="place_0276">Hamburg</pubPlace>, <publisher key="publ_2870">Niemeyer</publisher> 5 Ngr.</bibl>
<bibl id="hofm_1857_05_0073_20"><composer key="compo_002407">Berens, E.</composer>, Op. <opus key="opus_3967">7</opus>. <title>Esmeralda-Polka</title>. <pubPlace key="place_0276">Hamburg</pubPlace>, <publisher key="publ_2870">Niemeyer</publisher> 5 Ngr.</bibl>
<bibl id="hofm_1857_05_0073_21">– Op. <opus key="opus_4300">8</opus>. <title>Alster-Club-Redowa</title>. Ebend. 5 Ngr.</bibl>
<bibl id="hofm_1857_05_0073_22">– Op. <opus key="opus_4562">9</opus>. <title>Chinesen-Polka</title>. Ebend. 5 Ngr.</bibl>
<bibl id="hofm_1857_05_0073_23"><composer key="compo_004958">Böhme, F.A.</composer>, <title>Vergissmeinnicht-Polketta</title>. <pubPlace key="place_0147">Dresden</pubPlace>, <publisher key="publ_0199">Bauer</publisher> 5 Ngr.</bibl>
<bibl id="hofm_1857_05_0073_24">– <title>Vergnügt geh’ ich durch’s Leben hin. Polka-Mazurka</title>. Ebend. 5 Ngr.</bibl>
<bibl id="hofm_1857_05_0073_25"><composer key="compo_005027">Börner, A.</composer>, Op. <opus key="opus_1482">21</opus>. <title>Mein lieber Heinrich. Polka-Mazurka</title>. <pubPlace key="place_0082">Breslau</pubPlace>, <publisher key="publ_3804">Sohn</publisher> 7½ Ngr.</bibl>
<bibl id="hofm_1857_05_0073_26"><composer key="compo_003803">Bosch, F.</composer>, <title>Nouvelles Danses de Salon. No. 1, Strauss, La Varsoviana. No. 2, Decombes, La Siciliana. No. 3, Mathieu, L’Impériale. No. 4, Alonso, La Varsoviana. No. 5, Danse d’Hanovre. Polka de Manchestre</title>. <pubPlace key="place_0044">Berlin</pubPlace>, <publisher key="publ_1768">Horn</publisher> à 5 Ngr.</bibl>
<bibl id="hofm_1857_05_0073_27">– <title>Ella-Polka</title>. <pubPlace key="place_0044">Berlin</pubPlace>, <publisher key="publ_1768">Horn</publisher> 5 Ngr.</bibl>
<wip id="hofm_1857_05_0073_28">– <title>Lieder-Tänze</title>. <title>No. 1, Du hast die schönsten Augen. Walzer</title>. <title>No. 2, Mädele ruck. Galopp</title>. <title>No. 3, Hochzeits-Polka</title>. à 5 Ngr. <title>No. 4, Die Familien-Polka nach dem Männerquartett von A. Schäffer</title>. 7½ Ngr. <pubPlace key="place_0044">Berlin</pubPlace>, <publisher key="publ_1768">Horn</publisher> 15 Ngr.</wip>
<pb n="74"/>
<bibl id="hofm_1857_05_0074_01"><composer key="compo_002755">Besch, F.</composer>, <title>Le Prophète de G. Meyerbeer. Quadrille</title>. <pubPlace key="place_0044">Berlin</pubPlace>, <publisher key="publ_1768">Horn</publisher> 10 Ngr.</bibl>
<bibl id="hofm_1857_05_0074_02"><composer key="compo_003923">Božek, Fr. A.</composer>, Op. <opus key="opus_2850">42</opus>. <title>Salon-Blüthen. Quadrille</title>. <pubPlace key="place_0554">Prag</pubPlace>, <publisher key="publ_4125">Veit</publisher> 10 Ngr.</bibl>
<bibl id="hofm_1857_05_0074_03">– Op. <opus key="opus_2915">43</opus>. <title>Die Gemüthliche. Polka-Mazurka</title>. Ebend. 5 Ngr.</bibl>
<bibl id="hofm_1857_05_0074_04"><composer key="compo_003993">Brandes, F.</composer>, <title>Erinnerung an Schlanz. Polka</title>. <pubPlace key="place_0082">Breslau</pubPlace>, <publisher key="publ_3804">Sohn</publisher> 7½ Ngr.</bibl>
<bibl id="hofm_1857_05_0074_05"><composer key="compo_005390">Casorti, A.</composer>, <title>Les Lanciers. Quadrille avec la Théurie</title>. <pubPlace key="place_0276">Hamburg</pubPlace>, <publisher key="publ_0640">Cranz</publisher> 10 Ngr.</bibl>
<bibl id="hofm_1857_05_0074_06"><composer key="compo_006170">Croisez, A.</composer>, <title>Adrienne Polka-Mazurka</title>. <pubPlace key="place_0438">Mainz</pubPlace>, <publisher key="publ_3563">Schott</publisher> 27 Xr.</bibl>
<bibl id="hofm_1857_05_0074_07"><composer key="compo_007034">Dietrich, M.</composer>, <title>Polka-Galop</title> <pubPlace key="place_0715">Warschau</pubPlace>, <publisher key="publ_3755">Sennewald</publisher> 7½ Ngr.</bibl>
<bibl id="hofm_1857_05_0074_08">– <title>La Varsovienne. Polka</title>. Ebend. 7½ Ngr.</bibl>
<bibl id="hofm_1857_05_0074_09"><composer key="compo_007458">Duchesne, Lucille</composer>, <title>The Cochin-China. Polka</title>. <pubPlace key="place_0419">London</pubPlace>, <publisher key="publ_3450">Scheurmann</publisher> 7½ Ngr.</bibl>
<bibl id="hofm_1857_05_0074_10"><composer key="compo_007508">Duntz, E.</composer>, Op. <opus key="opus_0927">16</opus>. <title>Mon Bijon. Polka</title>. <pubPlace key="place_0044">Berlin</pubPlace>, <publisher key="publ_0589">Challier u. Co</publisher>. 5 Ngr.</bibl>
<bibl id="hofm_1857_05_0074_11"><composer key="compo_008872">Farkas, M.</composer>, Op. <opus key="opus_0684">14</opus>. <title>Elsö szerelem. Csárdàs</title>. <pubPlace key="place_0731">Wien</pubPlace>, <publisher key="publ_2398">Lewy</publisher> 7½ Ngr.</bibl>
<bibl id="hofm_1857_05_0074_12">– <title>Költö Alma. (Dichters Traum). Csárdás</title>. Ebend. 7½ Ngr.</bibl>
<bibl id="hofm_1857_05_0074_13"><composer key="compo_010950">Gentzen, W.</composer>, <title>Amicizia-Galopp</title>. <pubPlace key="place_0276">Hamburg</pubPlace>, <publisher key="publ_2870">Niemeyer</publisher> 5 Ngr.</bibl>
<bibl id="hofm_1857_05_0074_14"><composer key="compo_011121">Gerville, L.P.</composer>, <title>Sylvia. Polka-Mazurka</title> <pubPlace key="place_0438">Mainz</pubPlace>, <publisher key="publ_3563">Schott</publisher> 27 Xr.</bibl>
<bibl id="hofm_1857_05_0074_15"><composer key="compo_011213">Giese, Th.</composer>, <title>Carl und Marie-Polka</title>. <pubPlace key="place_0276">Hamburg</pubPlace>, <publisher key="publ_2870">Niemeyer</publisher> 5 Ngr.</bibl>
<bibl id="hofm_1857_05_0074_16"><composer key="compo_014010">Held, Aug.</composer>, Op. <opus key="opus_1748">24. No. 3</opus>, <title>Frühlingsboten. Galopp</title>. <pubPlace key="place_0436">Magdeburg</pubPlace>, <publisher key="publ_1560">Heinrichshofen</publisher> 5 Ngr.</bibl>
<bibl id="hofm_1857_05_0074_17">– <title>Fantasie-Polka-Mazurka</title>. Ebend. 5 Ngr.</bibl>
<bibl id="hofm_1857_05_0074_18"><composer key="compo_014176">Hennig, C.</composer>, <title>Tyrolienne</title>. <pubPlace key="place_0436">Magdeburg</pubPlace>, <publisher key="publ_1560">Heinrichshofen</publisher> 2½ Ngr.</bibl>
<bibl id="hofm_1857_05_0074_19"><composer key="compo_014194">Henning, C.</composer>, <title>Sammlung der neuesten u. bel. Tänze verschiedener Componisten. Heft I, Henning, Marsch. Wittmann, Wundertöne. Walzer. Faust, Berliner Polka-Mazur. Stiegmann. Fisch-Polka</title>. <pubPlace key="place_0723">Weissenfels</pubPlace>, <publisher key="publ_3966">Suess</publisher> 7½ Ngr.</bibl>
<bibl id="hofm_1857_05_0074_20"><composer key="compo_015176">Hohnroth, F.</composer>, <title>Rigoletto-Esmeralda</title>. <pubPlace key="place_0276">Hamburg</pubPlace>, <publisher key="publ_2870">Niemeyer</publisher> 5 Ngr.</bibl>
<bibl id="hofm_1857_05_0074_21"><composer key="compo_016445">Joedicke, L.</composer>, <title>Souvenir de Ravensberg. Polka-Mazurka</title>. <pubPlace key="place_0181">Erfurt</pubPlace>, <publisher key="publ_2240">Körner</publisher> 5 Ngr.</bibl>
<bibl id="hofm_1857_05_0074_22"><composer key="compo_016909">Kappelhofer, J.</composer>, <title>Galopp-Potpourri. No. 1, Nicolai, Die lustigen Weiber von Windsor. No. 2, Wagner, Tannhäuser</title>. <pubPlace key="place_0276">Hamburg</pubPlace>, <publisher key="publ_2870">Niemeyer</publisher> á 10 Ngr.</bibl>
<bibl id="hofm_1857_05_0074_23"><composer key="compo_017743">Klepsch, C.</composer>, <title>La Villageoise. Polka tremblante</title>. <pubPlace key="place_0554">Prag</pubPlace>, <publisher key="publ_4125">Veit</publisher> 5 Ngr.</bibl>
<bibl id="hofm_1857_05_0074_24"><composer key="compo_018012">Koch, Andr.</composer>, <title>Johannisberger. Rheinländer-Polka</title>. <pubPlace key="place_0044">Berlin</pubPlace>, <publisher key="publ_1768">Horn</publisher> 5 Ngr.</bibl>
<bibl id="hofm_1857_05_0074_25"><composer key="compo_018243">Komsak, K.</composer>, <title>Eumeniden-Galopp</title>. <pubPlace key="place_0554">Prag</pubPlace>, <publisher key="publ_4125">Veit</publisher> 7½ Ngr.</bibl>
<bibl id="hofm_1857_05_0074_26"><composer key="compo_018298">Kopfe, Th.</composer>, Op. <opus key="opus_3967">7</opus>. <title>Helgoländer Cur-Tänze. No. 6, Conversationshaus-Polka</title>. <pubPlace key="place_0276">Hamburg</pubPlace>, <publisher key="publ_2870">Niemeyer</publisher> 5 Ngr.</bibl>
<bibl id="hofm_1857_05_0074_27"><composer key="compo_020503">Lemoine, H.</composer>, <title>Quadrilles sur des Thèmes d’Opéras fav. No. 14, Verdi, Les Vêpres siciliennes</title>. <pubPlace key="place_0276">Hamburg</pubPlace>, <publisher key="publ_2870">Niemeyer</publisher> 10 Ngr.</bibl>
<bibl id="hofm_1857_05_0074_28"><composer key="compo_021777">Lüttwitz, M. v.</composer>, <title>Emmelinen-Polka</title>. <pubPlace key="place_0082">Breslau</pubPlace>, <publisher key="publ_3804">Sohn</publisher> 5 Ngr.</bibl>
<bibl id="hofm_1857_05_0074_29">– <title>Souvenir de Paris. Polka-Mazurka</title>. Ebend. 7½ Ngr.</bibl>
<bibl id="hofm_1857_05_0074_30"><composer key="compo_022122">Manns, Aug.</composer>, <title>Auld Lang Syne. Quadrilles</title>. <pubPlace key="place_0419">London</pubPlace>, <publisher key="publ_3450">Scheurmann</publisher> 22½ Ngr.</bibl>
<bibl id="hofm_1857_05_0074_31">– <title>Chimes-Redowa</title>. Ebend. 12½ Ngr.</bibl>
<bibl id="hofm_1857_05_0074_32">– <title>Florence-Schottisch</title> Ebend. 12½ Ngr.</bibl>
<bibl id="hofm_1857_05_0074_33">– <title>Lorley-Waltzes</title>. Ebend. 20 Ngr.</bibl>
<bibl id="hofm_1857_05_0074_34">– <title>Des Polen Traum (Rêve d’un Polonais). Mazurka romanesque</title>. Ebend. 20 Ngr.</bibl>
<bibl id="hofm_1857_05_0074_35">– <title>The Prize-Flower. Waltzes</title>. Ebend. 22½ Ngr.</bibl>
<bibl id="hofm_1857_05_0074_36">– <title>Rendez-vous-Polka</title>. Ebend. 15 Ngr.</bibl>
<bibl id="hofm_1857_05_0074_37">– <title>Shamrock-Quadrille</title>. Ebend. 20 Ngr.</bibl>
<bibl id="hofm_1857_05_0074_38">– <title>The Soldier’s Return. Waltzes</title>. Ebend. 22½ Ngr.</bibl>
<bibl id="hofm_1857_05_0074_39">– <title>Sylphen-Polka</title>. Ebend. 12½ Ngr.</bibl>
<bibl id="hofm_1857_05_0074_40">– <title>Varsoviana (Souvenir de Pologae)</title>. Ebend. 15 Ngr.</bibl>
<bibl id="hofm_1857_05_0074_41">– <title>Windsor-Galop</title>. Ebend. 12½ Ngr.</bibl>
<bibl id="hofm_1857_05_0074_42"><composer key="compo_022162">Marcailhou, G.</composer>, <title>Valeria. Grande Valse</title>. <pubPlace key="place_0438">Mainz</pubPlace>, <publisher key="publ_3563">Schott</publisher> 36 Xr.</bibl>
<pb n="75"/>
<bibl id="hofm_1857_05_0075_01"><composer key="compo_022325">Martin, H.</composer>, <title>Il Trovatore, de Verdi. Polka-Mazurka</title>. <pubPlace key="place_0276">Hamburg</pubPlace>, <publisher key="publ_2870">Niemeyer</publisher> 7½ Ngr.</bibl>
<bibl id="hofm_1857_05_0075_02"><composer key="compo_023848">Moskau, Jul.</composer>, <title>A la Cour (Eugénie). Quadrille</title>. <pubPlace key="place_0044">Berlin</pubPlace>, <publisher key="publ_1768">Horn</publisher> 10 Ngr.</bibl>
<bibl id="hofm_1857_05_0075_03">– <title>Le Chasseur. Quadrille</title>. Ebend. 10 Ngr.</bibl>
<bibl id="hofm_1857_05_0075_04">– <title>Lancier-Quadrille</title>. Ebend. 10 Ngr.</bibl>
<bibl id="hofm_1857_05_0075_05"><composer key="compo_025986">Peinemann, A.</composer>, Op. <opus key="opus_4300">8</opus>. <title>Klänge für die Jugend. 8 kleine Tänze im leichten Style</title>. <pubPlace key="place_0594">Rudolstadt</pubPlace>, <publisher key="publ_2779">Müller</publisher> 12½ Ngr.</bibl>
<bibl id="hofm_1857_05_0075_06"><composer key="compo_026982">Preisler, Ad.</composer>, Op. <opus key="opus_4326">80</opus>. <title>Die Unwiderstehliche. Polka-Mazurka</title>. <pubPlace key="place_0554">Prag</pubPlace>, <publisher key="publ_4125">Veit</publisher> 5 Ngr.</bibl>
<bibl id="hofm_1857_05_0075_07"><composer key="compo_027862">Rein, A</composer>, <title>Glöckchen-Schottisch</title>. <pubPlace key="place_0276">Hamburg</pubPlace>, <publisher key="publ_2870">Niemeyer</publisher> 5 Ngr.</bibl>
<bibl id="hofm_1857_05_0075_08">– <title>Ländler</title>. Ebend. 5 Ngr.</bibl>
<bibl id="hofm_1857_05_0075_09">– <title>Virginie. Grande Valse</title>. Ebend. 12½ Ngr.</bibl>
<bibl id="hofm_1857_05_0075_10"><composer key="compo_028355">Rieffel, W.H.</composer>, <title>Catharinen-Galopp</title>. <pubPlace key="place_0276">Hamburg</pubPlace>, <publisher key="publ_2870">Niemeyer</publisher> 5 Ngr.</bibl>
<bibl id="hofm_1857_05_0075_11">– <title>Louisen-Polka</title>. Ebend. 5 Ngr.</bibl>
<bibl id="hofm_1857_05_0075_12"><composer key="compo_028870">Rosenberg, O.</composer>, Op. <opus key="opus_2187">31</opus>. <title>Wladislawa-Mazurka</title>. <pubPlace key="place_0276">Hamb</pubPlace>., <publisher key="publ_2870">Niemeyer</publisher> 5 Ngr.</bibl>
<bibl id="hofm_1857_05_0075_13"><composer key="compo_028893">Rosenkranz, Ant.</composer>, <title>Csárdás-Quadrille</title>. <pubPlace key="place_0731">Wien</pubPlace>, <publisher key="publ_2398">Lewy</publisher> 10 Ngr.</bibl>
<bibl id="hofm_1857_05_0075_14"><composer key="compo_029731">Saro, H.</composer>, Op. <opus key="opus_0927">16</opus>. <title>Cäcilien-Tyrolienne aus Hauser’s Heimweh</title>. <pubPlace key="place_0082">Breslau</pubPlace>, <publisher key="publ_3804">Sohn</publisher> 7½ Ngr.</bibl>
<bibl id="hofm_1857_05_0075_15"><composer key="compo_031111">Schubert, Cam.</composer>, <title>The Lancer’s. Célèbre Quadrille anglais. Edit. av. Théorie</title>. <pubPlace key="place_0438">Mainz</pubPlace>, <publisher key="publ_3563">Schott</publisher> 45 Xr.</bibl>
<bibl id="hofm_1857_05_0075_16"><title>Schuhdrücken-Redowa. Nach dem beliebten Männerquartett v. A. Schäffer</title>. <pubPlace key="place_0276">Hamburg</pubPlace>, <publisher key="publ_2870">Niemeyer</publisher> 5 Ngr.</bibl>
<bibl id="hofm_1857_05_0075_17"><composer key="compo_031298">Schulz-Weyda, J.</composer>, Op. <opus key="opus_3140">49</opus>. <title>Polka-Mazurka à la Tyrolienne</title>. <pubPlace key="place_0436">Magdeburg</pubPlace>, <publisher key="publ_1560">Heinrichshofen</publisher> 5 Ngr.</bibl>
<bibl id="hofm_1857_05_0075_18"><composer key="compo_031201">Schultz, A.</composer>, <title>Fanny-Redowa</title>. <pubPlace key="place_0276">Hamburg</pubPlace>, <publisher key="publ_2870">Niemeyer</publisher> 5 Ngr.</bibl>
<bibl id="hofm_1857_05_0075_19"><composer key="compo_032052">Sentz, C.</composer>, <title>Loreley. Rheinländer-Polka</title>. <pubPlace key="place_0044">Berlin</pubPlace>, <publisher key="publ_1768">Horn</publisher> 5 Ngr.</bibl>
<bibl id="hofm_1857_05_0075_20"><composer key="compo_034057">Söllner, Fr.</composer>, <title>Röschen-Polka (tremblante)</title>. <pubPlace key="place_0554">Prag</pubPlace>, <publisher key="publ_4125">Veit</publisher> 5 Ngr.</bibl>
<bibl id="hofm_1857_05_0075_21"><title>Souvenir de Pepita de Oliva. 3 spanische Tänze, arr. v. F. Bosch. El Ole. La Madrileña. La Linda Jitana</title>. <pubPlace key="place_0044">Berlin</pubPlace>, <publisher key="publ_1768">Horn</publisher> à 5 Ngr.</bibl>
<bibl id="hofm_1857_05_0075_22"><composer key="compo_033242">Stenglin, V. v.</composer>, Op. <opus key="opus_3244">51</opus>. <title>La Clochette. Polka-Mazurka</title>. <pubPlace key="place_0436">Magdeburg</pubPlace>, <publisher key="publ_1560">Heinrichshofen</publisher> 5 Ngr.</bibl>
<bibl id="hofm_1857_05_0075_23">– Op. <opus key="opus_3351">54</opus>. <title>Quadrille militaire</title>. Ebend. 10 Ngr.</bibl>
<bibl id="hofm_1857_05_0075_24"><composer key="compo_033434">Stollberg, A.</composer>, <title>Rekruten-Galopp</title>. <pubPlace key="place_0392">Leipzig</pubPlace>, <publisher key="publ_1930">Kahnt</publisher> 5 Ngr.</bibl>
<bibl id="hofm_1857_05_0075_25"><composer key="compo_033566">Strauss, J.</composer>, <title>Rosine. Grande Valse brill. 15me Suite de Valses</title>. <pubPlace key="place_0438">Mainz</pubPlace>, <publisher key="publ_3563">Schott</publisher> 45 Xr.</bibl>
<bibl id="hofm_1857_05_0075_26"><composer key="compo_033710">Studeny, Fr.</composer>, <title>Flora-Polka</title>. <pubPlace key="place_0554">Prag</pubPlace>, <publisher key="publ_4125">Veit</publisher> 5 Ngr.</bibl>
<bibl id="hofm_1857_05_0075_27"><composer key="compo_033850">Suess. E.</composer>, <title>Polka-Mazurka</title>. <pubPlace key="place_0723">Weissenfels</pubPlace>, <publisher key="publ_3966">Suess</publisher> 2½ Ngr.</bibl>
<bibl id="hofm_1857_05_0075_28"><composer key="compo_034008">Széchényi, le Comte E.</composer>, Op. <opus key="opus_1482">21</opus>. <title>L’Eventail. Polka-Mazurka</title>. <pubPlace key="place_0438">Mainz</pubPlace>, <publisher key="publ_3563">Schott</publisher> 45 Xr.</bibl>
<bibl id="hofm_1857_05_0075_29"><composer key="compo_034773">Trauwitz, F.</composer>, Op. <opus key="opus_2737">4</opus>. <title>Jahrmarkts-Polka</title>. <pubPlace key="place_0147">Dresden</pubPlace>, <publisher key="publ_0199">Bauer</publisher> 5 Ngr.</bibl>
<bibl id="hofm_1857_05_0075_30"><composer key="compo_035078">Uelmler, F.</composer>, <title>Mazurka. Walzer u. Galopp</title>. <pubPlace key="place_0594">Rudolstadt</pubPlace>, <publisher key="publ_2779">Müller</publisher> 7½ Ngr.</bibl>
<bibl id="hofm_1857_05_0075_31"><composer key="compo_035567">Viénot, Ed.</composer>, <title>Fleurs de Pois. Valse</title>. <pubPlace key="place_0438">Mainz</pubPlace>, <publisher key="publ_3563">Schott</publisher> 27 Xr.</bibl>
<bibl id="hofm_1857_05_0075_32"><composer key="compo_036036">Wallerstein, A.</composer>, Op. <opus key="opus_0443">122</opus>. <title>L’Arménienne. Redowa</title>. <pubPlace key="place_0438">Mainz</pubPlace>, <publisher key="publ_3563">Schott</publisher> 27 Xr.</bibl>
<bibl id="hofm_1857_05_0075_33"><composer key="compo_036276">Weber, Joh.</composer>, <title>Themis-Polka</title>. <pubPlace key="place_0554">Prag</pubPlace>, <publisher key="publ_4125">Veit</publisher> 5 Ngr.</bibl>
<bibl id="hofm_1857_05_0075_34"><composer key="compo_036604">Welser, G.M.</composer>, <title>Tyrolienne. Walzer and Galopp. Lief. 2</title>. <pubPlace key="place_0594">Rudolstadt</pubPlace>, <publisher key="publ_2779">Müller</publisher> 7½ Ngr.</bibl>
<bibl id="hofm_1857_05_0075_35">– <title>Polka and Walzer. Lief. 3</title>. Ebend. 5 Ngr.</bibl>
<bibl id="hofm_1857_05_0075_36"><composer key="compo_037324">Wittenberg, J.</composer>, Op. <opus key="opus_1802">25</opus>. <title>Rotten-Row-Galop</title>. <pubPlace key="place_0419">London</pubPlace>, <publisher key="publ_3450">Scheurmann</publisher> 12½ Ngr.</bibl>
</div><div id="hofm_1857_05_0075_div13"><head><hofClass key="hofCl_0250">Märsche für das Pianoforte.</hofClass></head>
<bibl id="hofm_1857_05_0075_37"><composer key="compo_003993">Brandes, F.</composer>, <title>Erinnerung an das Denkmal im Schlossgarten zu Lesthen. Geschwindmarsch</title>. <pubPlace key="place_0082">Breslau</pubPlace>, <publisher key="publ_3804">Sohn</publisher> 5 Ngr.</bibl>
<bibl id="hofm_1857_05_0075_38"><composer key="compo_019507">Kücken, Fr.</composer>, <title>Jägermarsch</title>. <pubPlace key="place_0276">Hamburg</pubPlace>, <publisher key="publ_3605">Schuberth u. Co</publisher>. 5 Ngr.</bibl>
<pb n="76"/>
<bibl id="hofm_1857_05_0076_01"><composer key="compo_020591">Leonhardt, Andr.</composer>, <title>Prinz Eugen der edle Ritter. Marsch</title>. <pubPlace key="place_0731">Wien</pubPlace>. <publisher key="publ_2398">Lewy</publisher> 6 Ngr.</bibl>
<bibl id="hofm_1857_05_0076_02"><composer key="compo_022122">Manns, Aug.</composer>, <title>Prince Alfred’s March</title>. <pubPlace key="place_0419">London</pubPlace>, <publisher key="publ_3450">Scheurmann</publisher> 15 Ngr.</bibl>
<bibl id="hofm_1857_05_0076_03"><composer key="compo_038308">Zwirner, C.H.L.</composer>, Op. <opus key="opus_0021">10</opus>. <title>Festmarsch zum Wiegenfeste des Prinzen von Preussen</title>. <pubPlace key="place_0044">Berlin</pubPlace>, <publisher key="publ_1768">Horn</publisher> 10 Ngr.</bibl>
</div><div id="hofm_1857_05_0076_div14"><head><hofClass key="hofCl_0225">Musik für die Orgel.</hofClass></head>
<bibl id="hofm_1857_05_0076_04"><composer key="compo_001225">Bach, J.S.</composer>, <title>Sämmtliche Orgel-Compositionen. Heft 49, Toccata u. Fuge in <key>Dm</key></title>. 4. <pubPlace key="place_0181">Erfurt</pubPlace>, <publisher key="publ_2240">Körner</publisher> 7½ Ngr. n.</bibl>
<bibl id="hofm_1857_05_0076_05">– <title>2 Fugen aus dem wohltemporirten Klavier, in <key>E</key>, <key>Cism</key></title>. (Orgel-Virtuos No. 341. 342.) 4. <pubPlace key="place_0181">Erfurt</pubPlace>, <publisher key="publ_2240">Körner</publisher> à 5 Ngr.</bibl>
<wip id="hofm_1857_05_0076_06"><composer key="compo_005595">Chipp, E.T.</composer>, Op. <opus key="opus_4300">8</opus>. <title>3 Sketches f. Organ</title>. <title>No. 1, in <key>A</key></title>. 7½ Ngr. <title>No. 2, in <key>Am</key></title> 5 Ngr. <title>No. 3, in <key>A</key></title>. 7½ Ngr. <pubPlace key="place_0419">London</pubPlace>, <publisher key="publ_3450">Scheurmann</publisher>.</wip>
<bibl id="hofm_1857_05_0076_07"><composer key="compo_009953">Freyer, A.</composer>, Op. <opus key="opus_2737">4</opus>. <title>12 leichte drei-und vierstimmige Stücke f. Orgel mit oder ohne Pedal (od. Physharmonika)</title>. 4. <pubPlace key="place_0392">Leipzig</pubPlace>, <publisher key="publ_1746">Hofmeister</publisher> 10 Ngr.</bibl>
<bibl id="hofm_1857_05_0076_08">– Op. <opus key="opus_3181">5</opus>. <title>8 Stücke f. Orgel mit oder ohne Pedal (od. Physharmonika)</title>. 4. Ebend. 10 Ngr.</bibl>
<bibl id="hofm_1857_05_0076_09"><composer key="compo_016129">Jacobs, F.</composer>, <title>6 Nachspiele f. Orgel</title>. <pubPlace key="place_0592">Rotterdam</pubPlace>, <publisher key="publ_4205">de Vletter</publisher> 20 Ngr.</bibl>
<bibl id="hofm_1857_05_0076_10"><composer key="compo_018649">Krebs, J.L.</composer>, <title>2 Choral-Vorspiele: Was Gott thut, das ist wohl gethan, und: Wir glauben All’ an einen Gott</title>. (Orgel-Virtuos No. 176. 186.) 4. <pubPlace key="place_0181">Erfurt</pubPlace>, <publisher key="publ_2240">Körner</publisher> à 5 Ngr.</bibl>
<bibl id="hofm_1857_05_0076_11">– <title>Trio in <key>Cm</key></title>. (Das höhere Orgel-Spiel. Heft 19.) <pubPlace key="place_0181">Erfurt</pubPlace>, <publisher key="publ_2240">Körner</publisher> 7½ Ngr.</bibl>
<bibl id="hofm_1857_05_0076_12"><composer key="compo_022904">Mendelssohn-Bartholdy, F.</composer>, <title>3 Movements, arr. f. Organ by W.J. Westerbrook. (Beati omnes. Op. <opus key="opus_2681">39. No. 2</opus>. – But the Lord, from St. Paul. Op. <opus key="opus_2513">36. No. 13</opus>.– Surrexitpastor. Op. <opus key="opus_2687">39. No. 3</opus>.)</title> <pubPlace key="place_0419">London</pubPlace>, <publisher key="publ_3450">Scheurmann</publisher> 15 Ngr.</bibl>
<bibl id="hofm_1857_05_0076_13"><composer key="compo_025582">Pachelbel, J.</composer>, <title>Vorspiel: Warum betrübst du dich, mein Herz</title>. (Orgel-Virtuos No. 340.) 4. <pubPlace key="place_0181">Erfurt</pubPlace>, <publisher key="publ_2240">Körner</publisher> 5 Ngr.</bibl>
<bibl id="hofm_1857_05_0076_14"><composer key="compo_028254">Richter, E.</composer>, <title>Vorspiel: Nun kommt der Heiden Heiland</title>. (Orgel-Virtuos No. 344.) 4. <pubPlace key="place_0181">Erfurt</pubPlace>, <publisher key="publ_2240">Körner</publisher> 5 Ngr.</bibl>
<bibl id="hofm_1857_05_0076_15"><composer key="compo_035707">Volkmar, W.</composer>, <title>Festvorspiel, in <key>D</key></title>. (Orgel-Virtuos No. 339.) 4. <pubPlace key="place_0181">Erfurt</pubPlace>, <publisher key="publ_2240">Körner</publisher> 5 Ngr.</bibl>
</div><div id="hofm_1857_05_0076_div15"><head><hofClass key="hofCl_0238">Musik für die Physharmonica.</hofClass></head>
<bibl id="hofm_1857_05_0076_16"><composer key="compo_020598">Leoni, A.</composer>, <title>Melodie Verdiane. Libere Trascrizioni p. Pfte ed Orgue-Melodium (o Fisarmonica). No. 2, Giovanna de Guzman</title>. <pubPlace key="place_0437">Mailand</pubPlace>, <publisher key="publ_3241">Ricordi</publisher> 4 Fr.</bibl>
</div><div id="hofm_1857_05_0076_div16"><head><hofClass key="hofCl_0068">Kirchenmusik.</hofClass></head>
<bibl id="hofm_1857_05_0076_17"><composer key="compo_000314">Albini, P.M.</composer>, <title>Lezioni di Giobbe, nel primo Notturno dell’ Uftizio dei Morti, a sola Voce di Baritono e Responsi a pieno con Orch. <format>Partitura</format></title>. <pubPlace key="place_0437">Mailand</pubPlace>, <publisher key="publ_3241">Ricordi</publisher> geh. 15 Fr.</bibl>
<bibl id="hofm_1857_05_0076_18"><composer key="compo_005940">Consolini, G.</composer>, <title>Tota pulcra es Maria. Antifonia a 4 Voci con Tenore obligato, trasportata dall’ Orch. a solo Acc. d’Organo</title>. <pubPlace key="place_0437">Mailand</pubPlace>, <publisher key="publ_3241">Ricordi</publisher> 6 Fr.</bibl>
<bibl id="hofm_1857_05_0076_19"><composer key="compo_008066">Eichhorn, P.</composer>, <title>3 Choräle mit dazu geeigneten Vorspielen und einer Beilage zu <sic>mehrstimmigem</sic> Choralgesang. Heft I</title>. qu.-8. <pubPlace key="place_0241">Gotha</pubPlace>, <publisher key="publ_4525">Ziert</publisher> 2½ Ngr. n.</bibl>
<bibl id="hofm_1857_05_0076_20"><composer key="compo_023128">Mettenleiter</composer>, <title>J.G., Enchiridion chorale juxta Ritum sanctae romanae Ecclesiae, redegit ac comitante Organo. Sectio II</title>. <pubPlace key="place_0569">Regensburg</pubPlace>, <publisher key="publ_3124">Pustet</publisher> geb. 2 Rt. 12 Ngr. *n.</bibl>
<pb n="77"/>
<wip id="hofm_1857_05_0077_01"><composer key="compo_027945">Reinthaler, C.</composer>, <title>Jephtha und seine Tochter. Oratorium nach dem alten Testament</title>. <format>Klavierauszug</format> geh. 6 Rt. <format>Chorstimmen</format>. 8vo. 2 Rt. <pubPlace key="place_0392">Leipzig</pubPlace>, <publisher key="publ_0437">Br. u. Härtel</publisher>.</wip>
</div><div id="hofm_1857_05_0077_div17"><head><hofClass key="hofCl_0021">Gesangstücke für Concertmusik mit Begleitung mehrerer Instrumente.</hofClass></head>
<bibl id="hofm_1857_05_0077_02"><composer key="compo_004079">Bratsch, J.G.</composer>, Op. <opus key="opus_0806">15</opus>. <title>Geschiedensein. Gedicht v. A. George, f. Sopran mit Pfte u. Violoncello</title>. <pubPlace key="place_0748">Würzburg</pubPlace>, <publisher key="publ_3283">Roeser</publisher> 12½ Ngr.</bibl>
<bibl id="hofm_1857_05_0077_03"><composer key="compo_007848">Eckert, C.</composer>, Op. <opus key="opus_1584">22</opus>. <title>Der Deserteur. Gedicht v. Mosenthal f. tiefe Stimme mit Waldhorn (od. Violoncell) u. Pfte</title>. <pubPlace key="place_0731">Wien</pubPlace>, <publisher key="publ_2398">Lewy</publisher> 15 Ngr.</bibl>
<wip id="hofm_1857_05_0077_04"><composer key="compo_032798">Spohr, L.</composer>, Op. <opus key="opus_0873">154</opus>. <title>6 Gesänge f. Bariton mit Begl. v. Violine u. Pfte</title>. <title>Heft I, Abendteier. Jagdlied. Töne</title>. 22½ Ngr. <title>Heft 2, Erlkönig. Der Spielmann und seine Geige. Abendstille</title>. 25 Ngr. <pubPlace key="place_0341">Cassel</pubPlace>, <publisher key="publ_2497">Luckhardt</publisher>.</wip>
</div><div id="hofm_1857_05_0077_div18"><head><hofClass key="hofCl_0102">Mehrstimmige Gesänge mit und ohne Pianoforte.</hofClass></head>
<wip id="hofm_1857_05_0077_05"><composer key="compo_002029">Becker, V.E.</composer>, Op. <opus key="opus_2131">30</opus>. <title>Der Vorposten. Gedicht v. W. Steinert, f. vierstimmigen Männerchor mit Orch</title>. <format>Klavierauszug</format>(25 Ngr). <format>Chorstimmen</format>. 8vo. (8 Ngr.) <pubPlace key="place_0615">Schleusingen</pubPlace>, <publisher key="publ_1260">Glaser</publisher>.</wip>
<bibl id="hofm_1857_05_0077_06"><composer key="compo_003056">Binzer, M. v.</composer>, <title>Die Fahnenwacht, f. Männerchor. Deutsch u. engl. <format>Part. u. Stimmen</format></title>. 8vo. <pubPlace key="place_0276">Hamburg</pubPlace>, <publisher key="publ_3605">Schuberth u. Co</publisher>. 10 Ngr.</bibl>
<bibl id="hofm_1857_05_0077_07"><composer key="compo_012920">Haeser, C.</composer>, Op. <opus key="opus_0685">14. No. 1</opus>. <title>Du lieber Engel du! Gedicht v. Sternau, f. 4 Männerstimmen. <format>Part. u. St</format></title>. 8vo. <pubPlace key="place_0341">Cassel</pubPlace>, <publisher key="publ_2497">Luckhardt</publisher> 7½ Ngr.</bibl>
<bibl id="hofm_1857_05_0077_08"><composer key="compo_013697">Haydn, Jos.</composer>, <title>Der Storm. Chor f. 4 Stimmen u. <format>Orch. Singstimmen</format></title>. 8vo. <pubPlace key="place_0392">Leipzig</pubPlace>, <publisher key="publ_0437">Br. u. Härtel</publisher> 10 Ngr.</bibl>
<wip id="hofm_1857_05_0077_09"><composer key="compo_014287">Herbeck, Joh.</composer>, <title>3 Gesänge f. Männerchor. (Morgenlied. Frühling und Liebe. Mucker und Schlucker.)</title> <format>Part</format>. (15 Ngr.) <format>Stimmen</format> (25 Ngr.) 8. <pubPlace key="place_0731">Wien</pubPlace>, <publisher key="publ_2398">Lewy</publisher> 1 Rt. 10 Ngr.</wip>
<album id="hofm_1857_05_0077_10"><title>Sängerkranz. Archiv von Original-Compositionen aller Art f. Männerchor, red. v. G. W. Körner. Heft 1, <composer key="compo_019356">Köhler, L.</composer>, Op. <opus key="opus_2630">38</opus>. Deutscher Frühling. <composer key="compo_020377">Lehmann, M.</composer>, Mein Liebchen. Polka. <composer key="compo_030385">Schletterer, H.M.</composer>, Unterwegs. <composer key="compo_019558">Kühne, J.N.W.</composer>, Op. <opus key="opus_4153">76</opus>. Dem Vaterlande. Sicilianisches Schifferlied. <format>Part</format></title>. 8. <pubPlace key="place_0181">Erfurt</pubPlace>, <publisher key="publ_2240">Körner</publisher> 3 Ngr. n.</album>
</div><div id="hofm_1857_05_0077_div19"><head><hofClass key="hofCl_0268">Opernmusik mit Pianofortebegleitung.</hofClass></head>
<wip id="hofm_1857_05_0077_11"><composer key="compo_035403">Verdi, G.</composer>, <title>I due Foscari. Opera</title>. <title>Duetto: No, non morrai, trasportato p. Contralto e Basso</title>. 5 Fr. <title>Cavatina: Dal più remoto, trasportata p. Soprano</title>. 3½ Fr. <pubPlace key="place_0437">Mailand</pubPlace>, <publisher key="publ_3241">Ricordi</publisher>.</wip>
</div><div id="hofm_1857_05_0077_div20"><head><hofClass key="hofCl_0040">Gesänge für eine Stimme mit Begleitung des Pianoforte.</hofClass></head>
<bibl id="hofm_1857_05_0077_12"><composer key="compo_001539">Barone, Giulia</composer>, <title>La Rondinella. Canzone</title>. <pubPlace key="place_0437">Mailand</pubPlace>, <publisher key="publ_3241">Ricordi</publisher> 2¼ Fr.</bibl>
<bibl id="hofm_1857_05_0077_13"><composer key="compo_005208">Cammarano, L.</composer>, <title>Lo Cocchiere d’ Affitto. Scena popolare</title>. <pubPlace key="place_0437">Mailand</pubPlace>, <publisher key="publ_3241">Ricordi</publisher> 1¼ Fr.</bibl>
<bibl id="hofm_1857_05_0077_14"><composer key="compo_006843">Dessauer, Jos.</composer>, <title>Morgenstunde. Gedicht v. Jarno</title>. <pubPlace key="place_0731">Wien</pubPlace>, <publisher key="publ_2398">Lewy</publisher> 10 Ngr.</bibl>
<bibl id="hofm_1857_05_0077_15"><composer key="compo_007224">Doppler, J.H.</composer>, Op. <opus key="opus_1922">269</opus>. <title>Der Spitzbua. Lied in österreichischer Mundart</title>. <pubPlace key="place_0276">Hamburg</pubPlace>, <publisher key="publ_2870">Niemeyer</publisher> 7½ Ngr.</bibl>
<pb n="78"/>
<bibl id="hofm_1857_05_0078_01"><composer key="compo_008627">Esser, H.</composer>, Op. <opus key="opus_3282">52</opus>. <title>3 Lieder. (Liebeleben. Betrogen. Ich weiss zwei Blümlein blau.)</title> <pubPlace key="place_0731">Wien</pubPlace>, <publisher key="publ_2398">Lewy</publisher> 22½ Ngr.</bibl>
<wip id="hofm_1857_05_0078_02"><composer key="compo_009536">Florimo, Fr.</composer>, <title>Le Brezze marine. Scelta di Canzoni e Ballate napolitane</title>. <title>No. 1, La Stella de lo Pescatore</title>. <title>No. 2, La ’Nziria de lo Guaglione</title>. à 1¼ Fr. <title>No. 3, La Tarantella</title>. 2 Fr. <title>No. 4, Lo Pescatore de Coralle</title>. 1¼ Fr. <title>No. 5, La Cuccagna</title>. 1½ Fr. <title>No. 6, Lo Patto ’nnanze</title>. 1¼ Fr. <title>No. 7, Le ddoie Anella</title> 1 Fr. <title>No. 8, Lo primm’ Ammore</title>. <title>No. 9, La Marenarella</title>. <title>No. 10, La Stella de I’Arenella</title> (2 Voci). à 1¼ Fr. <pubPlace key="place_0437">Mailand</pubPlace>, <publisher key="publ_3241">Ricordi</publisher> 8 Fr.</wip>
<wip id="hofm_1857_05_0078_03">– <title>I Canti della Collina. Scelta di Canzoni e Ballate napolitane</title>. <title>No. 1, Napole</title>. <title>No. 2, La Cosetora</title>. à 1½ Fr. <title>No. 3, Lo ’Nzorato</title>. 1 Fr. <title>No. 4, La Tarantella</title>. 1¾ Fr. <title>No. 5, Luisella</title>. 1¼ Fr. <title>No. 6, La Fiera de mast’ Andrea</title>. 2 Fr. <title>No. 7, La Procetana</title>. 1½ Fr. <title>No. 8, La Notte de Piedigrotta</title>. 1¼ Fr. <title>No. 9, La Pacchiana</title> 1 Fr. <title>No. 10, Tre Vvote no è po’ si (Duettino)</title>. 1½ Fr. Ebend. 8 Fr.</wip>
<wip id="hofm_1857_05_0078_04">– <title>Ischia e Sorrento. Scelta di Canzonette e Ballate napolitane</title>. <title>No. 1, La Sera</title>. <title>No. 2, Lo Patto ’nnanze</title>. <title>No. 3, Lo Quarto d’Ora</title>. <title>No. 4, Lo Mastrillo</title>. <title>No. 5, Mariuccia</title>. <title>No. 6, Lo Giardinjero</title>. <title>No 7, Le Bellezze de Luisella</title>. <title>No. 8, Le Stelle e la Luna</title>. <title>No. 9, Risposta alla Canzone lo primmo Ammore</title>. <title>No. 10, Matenata (Duettino)</title>. à 1¼ Fr. Ebend. 8 Fr.</wip>
<wip id="hofm_1857_05_0078_05">– <title>Le Montanine. Scelta di Canti popolari napolitani</title>. <title>No. 1, Lo Voto</title>. <title>No. 2, A Core a Core</title>. <title>No. 3, La Stella de I’Arenella</title>. <title>No. 4, Lo Lamiento</title>. <title>No. 5, La Spacienza</title>. <title>No. 6, La Morta</title>. <title>No. 7, La Malatella</title>. <title>No. 8, Lo Core sperduto</title>. <title>No. 9, La Casarinola</title>. <title>No. 10, La Squaso</title>. à 1 Fr. Ebend. 7 Fr.</wip>
<bibl id="hofm_1857_05_0078_06">– <title>Le Napolitane. Scelta di Canzoni popolari</title>. <title>No. 1, Te voglio bene assaie</title>. <title>No. 2, Michelemma</title>. <title>No. 3, La Scarpetta</title>. <title>No. 4, La Monacella</title>. <title>No. 5, Le Mmoccatora</title>. <title>No. 6, Cannetella</title>. <title>No. 7, Fenesta vascia</title>. <title>No. 8, Lu Golio de na Figliola</title>. <title>No. 9, Lo Rammaglietto de Schiavune</title>. <title>No. 10, L’ Abito di Festa</title>. <title>No. 11, Lo Guappone</title>. <title>No. 12, La Ricciolella (per 1,02,03 voci)</title>. <title>No. 13, La Carolina</title>. <title>No. 14, La Romanella</title>. <title>No. 15, Lo Pellegrino</title>. <title>No. 16, La Festa di Piedigrotta</title>. <title>No. 17, Aizaie l’Uocchie ’n Cielo</title>. <title>No. 18, La Monaca</title>. <title>No. 19, Lo Milo muzzecato</title>. <title>No. 20, Statte bbona e governatè</title>. <title>No. 21, Antonià</title>. <title>No. 22, Lo Core perduto (3 Voci)</title>. <title>No. 23, La Calavresella</title>. <title>No. 24, L’Agnesina</title>. à 1¼ Fr. Ebend. geh 16 Fr.</bibl>
<bibl id="hofm_1857_05_0078_07"><composer key="compo_010323">Furlani, P.</composer>, <title>Il Ritrovo. Romanza p. Tenore</title>. <pubPlace key="place_0437">Mailand</pubPlace>, <publisher key="publ_3241">Ricordi</publisher> <sic>?</sic> ¼ Fr.</bibl>
<bibl id="hofm_1857_05_0078_08"><composer key="compo_014147">Henkel, H.</composer>, <title>The Exite and the Swallow. Nach Norden. (Vöglein wohin so schnell?)</title> <pubPlace key="place_0419">London</pubPlace>, <publisher key="publ_3450">Scheurmann</publisher> 10 Ngr.</bibl>
<bibl id="hofm_1857_05_0078_09"><composer key="compo_018608">Kraushaar, Otto</composer>, Op. <opus key="opus_3577">6 No. 2</opus>, <title>Rastlose Liebe. Lied v. Göthe</title>. <pubPlace key="place_0341">Cassel</pubPlace>, <publisher key="publ_2497">Luckhardt</publisher> 12½ Ngr.</bibl>
<bibl id="hofm_1857_05_0078_10"><composer key="compo_018639">Krebs, C.</composer>, Op. <opus key="opus_1091">171</opus>. <title>Auf dem Wasser will ich schweben. Lied f. Sopran (od. Tenor)</title>. <pubPlace key="place_0276">Hamburg</pubPlace>, <publisher key="publ_3605">Schuberth u. Co</publisher>. 10 Ngr.</bibl>
<bibl id="hofm_1857_05_0078_11">– Idem f. Mezzo-Sopran (od. Alt, od. Bariton). Ebend. 10 Ngr.</bibl>
<bibl id="hofm_1857_05_0078_12"><composer key="compo_019686">Lachner, Ign.</composer>, Op. <opus key="opus_3140">49</opus>. <title>3 Lieder. (Meiden. Wiegenlied. Geh’ du nur immer hin.)</title> <pubPlace key="place_0276">Hamburg</pubPlace>, <publisher key="publ_2870">Niemeyer</publisher> 12½ Ngr.</bibl>
<bibl id="hofm_1857_05_0078_13">– Op. <opus key="opus_3204">50</opus>. <title>Geständniss. Lied</title>. Ebend. 10 Ngr.</bibl>
<bibl id="hofm_1857_05_0078_14"><composer key="compo_019860">Lane, C.A.</composer>, Op <opus key="opus_0927">16</opus> <title>Cradle Song. (Alles still in süsser Ruh.)</title> <pubPlace key="place_0419">London</pubPlace>, <publisher key="publ_3450">Scheurmann</publisher> 10 Ngr.</bibl>
<wip id="hofm_1857_05_0078_15"><composer key="compo_020839">Liebe, L.</composer>, Op. <opus key="opus_2268">32</opus>. <title>2 Lieder v. A. Grün</title>. <title>No. 1, Der Heimath Bild</title>. 10 Ngr. <title>No. 2, Das Abendgeläute</title>. 7½ Ngr. <pubPlace key="place_0341">Cassel</pubPlace>, <publisher key="publ_2497">Luckhardt</publisher>.</wip>
<bibl id="hofm_1857_05_0078_16"><title>Maccheroni (i). Canzonetta napolitana</title>. <pubPlace key="place_0437">Mailand</pubPlace>, <publisher key="publ_3241">Ricordi</publisher> 75 cts.</bibl>
<pb n="79"/>
<wip id="hofm_1857_05_0079_01"><composer key="compo_022297">Marschner, H.</composer>, Op. <opus key="opus_1140">177</opus>. <title>3 Lieder v E. Geibel</title>. <title>No. 1, Siehat du das Meer</title>. 10 Ngr. <title>No. 2, In der Ferne</title>. <title>No. 3, Lied eines fahrenden Schülers</title>. à 12½ Ngr. <pubPlace key="place_0731">Wien</pubPlace>, <publisher key="publ_2398">Lewy</publisher>.</wip>
<bibl id="hofm_1857_05_0079_02"><composer key="compo_022475">Matioli-Alessandrini, P.</composer>, <title>L’Appuntamento. Parodia</title>. <pubPlace key="place_0437">Mailand</pubPlace>, <publisher key="publ_3241">Ricordi</publisher> 2½ Fr.</bibl>
<bibl id="hofm_1857_05_0079_03">– <title>Un Sognaccio</title>. Ebend. 5 Fr.</bibl>
<bibl id="hofm_1857_05_0079_04"><composer key="compo_024471">Naumann, T.W.</composer>, Op. <opus key="opus_1381">2. No. 3</opus>. <title>Leicht Gepäck. Lied f. Tenor</title>. <pubPlace key="place_0276">Hamburg</pubPlace>, <publisher key="publ_2870">Niemeyer</publisher> 5 Ngr.</bibl>
<bibl id="hofm_1857_05_0079_05">– Idem f. Bass. Ebend. 5 Ngr.</bibl>
<bibl id="hofm_1857_05_0079_06"><composer key="compo_024482">Nava, G.</composer>, <title>Sonetto di Franc. Petrarca, p. Basso</title>. <pubPlace key="place_0437">Mailand</pubPlace>, <publisher key="publ_3241">Ricordi</publisher> 2 Fr.</bibl>
<bibl id="hofm_1857_05_0079_07"><composer key="compo_025398">Orlandi, V.G.</composer>, <title>L’Amour d’Arlequin Romance</title>. <pubPlace key="place_0437">Mailand</pubPlace>, <publisher key="publ_3241">Ricordi</publisher> 2½ Fr.</bibl>
<bibl id="hofm_1857_05_0079_08"><composer key="compo_029704">Santi, G.</composer>, Op. <opus key="opus_2066">29</opus>. <title>La mia Stella. Romanza</title>. <pubPlace key="place_0437">Mailand</pubPlace>, <publisher key="publ_3241">Ricordi</publisher> 2 Fr.</bibl>
<bibl id="hofm_1857_05_0079_09">– Op. <opus key="opus_2131">30</opus>. <title>Un Saluto a Milano. Romanza</title>. Ebend 1¼ Fr.</bibl>
<bibl id="hofm_1857_05_0079_10"><composer key="compo_030432">Schläger, H.</composer>, Op. <opus key="opus_4300">8</opus>. <title>Spielmanns Lied. Aus alten Mährchen, f. Bariton</title>. <pubPlace key="place_0731">Wien</pubPlace>, <publisher key="publ_2398">Lewy</publisher> 15 Ngr.</bibl>
<wip id="hofm_1857_05_0079_11"><composer key="compo_030775">Schneider, Jul.</composer>, Op. <opus key="opus_3140">49</opus>. <title>6 Lieder v. Reinick, f. Sopran (od. Tenor)</title>. <title>No. 1, Frühlingeaugen</title>. <title>No. 2, Wer’s nur verstände</title>. (à 5 Ngr.) <title>No. 3, Im stillen Grunde</title>. <title>No. 4, Laut und traut</title>. <title>No. 5, Frühlingsglocken</title>. <title>No. 6, Das Herz</title>. (à 7½ Ngr.) <pubPlace key="place_0181">Erfurt</pubPlace>, <publisher key="publ_2240">Körner</publisher> 25 Ngr.</wip>
<bibl id="hofm_1857_05_0079_12"><composer key="compo_031114">Schubert, F.</composer>, <title>(Weyrauch,) Adieu (Last Greeting–Leb’wohl)</title>. <pubPlace key="place_0276">Hamburg</pubPlace>, <publisher key="publ_3605">Schuberth u. Co</publisher>. 7½ Ngr.</bibl>
<bibl id="hofm_1857_05_0079_13"><composer key="compo_031756">Schütze, A.E.</composer>, Op. <opus key="opus_2131">30</opus>. <title>No. 1, Abschied. (Lebe wohl, mein theures Leben.) No. 2, Meine Sterne</title>. <pubPlace key="place_0276">Hamburg</pubPlace>, <publisher key="publ_2870">Niemeyer</publisher> à 5 Ngr.</bibl>
<bibl id="hofm_1857_05_0079_14">– Op. <opus key="opus_3071">47</opus>. <title>2 Lieder. No. 1, Abschied. (Liebchen Ade.) No. 2, Vögelein, du möcht’ ich sein</title>. Ebend. à 5 Ngr.</bibl>
<bibl id="hofm_1857_05_0079_15"><composer key="compo_035042">Töpler, J.</composer>, <title>Ich trag’ eine Lieb’ im Herzen. Lied der Cäcilie a. d. Schauspiele gleichen Namens, v. O. Prechtler</title>. <pubPlace key="place_0731">Wien</pubPlace>, <publisher key="publ_2398">Lewy</publisher> 10 Ngr.</bibl>
<bibl id="hofm_1857_05_0079_16"><composer key="compo_036130">Wandersleb, A.</composer>, Op. <opus key="opus_3565">6</opus>. <title>Frühlingslied</title>. <pubPlace key="place_0241">Gotha</pubPlace>, <publisher key="publ_4525">Ziert</publisher> 8 Ngr.</bibl>
<bibl id="hofm_1857_05_0079_17">– Op. <opus key="opus_3967">7</opus>. <title>2 Gedichte von J. Sturm. (Ueber Nacht. Zwei Rosen.)</title> Ebend. 8 Ngr.</bibl>
</div><div id="hofm_1857_05_0079_div21"><head><hofClass key="hofCl_0077">Lehrbücher für den Gesang.</hofClass></head>
<bibl id="hofm_1857_05_0079_18"><composer key="compo_035236">Vaccaj, N.</composer>, <title>Méthode pratique du Chant italien (Praktischer Unterricht im italienischen Gesange)</title>. <pubPlace key="place_0438">Mainz</pubPlace>, <publisher key="publ_3563">Schott</publisher> 2 Fl. 24 Xr.</bibl>
</div><div id="hofm_1857_05_0079_div22"><head><hofClass key="hofCl_0287">Theoretische Werke.</hofClass></head>
<bibl id="hofm_1857_05_0079_19"><author>Panseron, A.</author>, <title>Traite de l’Harmonie pratique des Modulations à l’Usage des Pianistes</title>. <pubPlace key="place_0438">Mainz</pubPlace>, <publisher key="publ_3563">Schott</publisher> geh. 21 Fl. 36 Xr. n.</bibl>
<bibl id="hofm_1857_05_0079_20"><author>Volckmar, W.</author>, Op. <opus key="opus_2576">37</opus>. <title>Uebersichtliche Darstellung der gebräuchlichsten Accorde, den Schülern zur Wiedercholung</title>. 32mo. <pubPlace key="place_0341">Cassel</pubPlace>, <publisher key="publ_0288">Bertram</publisher> geh. 3 Ngr. n.</bibl>





</div></body></text></TEI.2>