<?xml version="1.0" encoding="utf-8"?>
<!DOCTYPE TEI.2
  SYSTEM "../../dtd/tei/cch_tei.dtd">
<TEI.2 id="hofm_1858_03">
<teiHeader type="text"><fileDesc><titleStmt><title>März 1858</title></titleStmt><publicationStmt><p/></publicationStmt><sourceDesc><p/></sourceDesc></fileDesc><profileDesc><langUsage><language id="ger">German</language><language id="fre">French</language><language id="ita">Italian</language></langUsage></profileDesc><revisionDesc><change><date>2007-09-20</date><respStmt><name>EP</name></respStmt><item>missing @id added</item></change><change><date>2007-08-14</date><respStmt><name>ER</name></respStmt><item>p. 39, Spina reinstated &amp; tagged publisher; Hainauer reinstated &amp; tagged publisher; Schott ditto</item></change><change><date>2007-04-27</date><respStmt><name>RV</name></respStmt><item>Changed "biblGroup" elements in "listBibl"</item></change><change><date>2007-03-02</date><respStmt><name>EP</name></respStmt><item>Checked curly brackets</item></change><change><date>2007-02-26</date><respStmt><name>EP</name></respStmt><item>Encoded curly brackets</item></change><change><date>2006-12-19</date><respStmt><name>EP</name></respStmt><item>sic and unclear moved outside elements pubplaces, publisher, composer, hofclass, key, opus</item></change><change><date>2006-12-22</date><respStmt><name>Liz</name></respStmt><item>p. 38 Sulze (not Suize)</item></change><change><date>2006-12-12</date><respStmt><name>Liz</name></respStmt><item>p. 39 Gerville (not Gervllie)</item></change><change><date>2006-11-28</date><respStmt><name>Liz</name></respStmt><item>p. 45 Bordese (not Berdese)</item></change><change><date>2006-01-18</date><respStmt><name>Liz</name></respStmt><item>p. 35 Schulbuchhandlung (not Schül...)</item></change><change><date>2005-10-20</date><respStmt><name>Liz</name></respStmt><item>moved some . to outside tags</item></change><change><date>2005-07-19</date><respStmt><name>Sarah</name></respStmt><item>Adjusted album tagging.</item></change><change><date>2005-04-05</date><respStmt><name>Sarah</name></respStmt><item>Corrections following checking pages. Fixed title/opus tagging.</item></change><change><date>2005-02-24</date><respStmt><name>Sarah</name></respStmt><item>First encoding.</item></change><change><date>2005-02-18</date><respStmt><name>Liz</name></respStmt><item>pasting in</item></change></revisionDesc></teiHeader>
<text><body><pb n="34"/><head>März 1858.</head>
<div id="hofm_1858_03_0034_div01"><head><hofClass key="hofCl_0164">Musik für Orchester.</hofClass></head>
<bibl id="hofm_1858_03_0034_01"><composer key="compo_008930">Faust, C.</composer>, Op. <opus key="opus_2670">39</opus>. <title>Sidonie-Polka</title>, und: Op. <opus key="opus_2804">41</opus>. <title>Lisinka-Polka-Mazurka, f. Orch</title>. <pubPlace key="place_0201">Frankfurt a. O</pubPlace>., <publisher key="publ_2157">Kressner</publisher> 1 Rt. 10 Ngr.</bibl>
<bibl id="hofm_1858_03_0034_02">– Op. <opus key="opus_2850">42</opus>. <title>X-Polka</title>, und: <composer key="compo_012073">Griese, A.</composer>, Op. <opus key="opus_0001">1</opus>. <title>Röschens-Sehnsucht. Polka-Mazurka, f. Orch</title>. Ebend. 1 Rt. 10 Ngr.</bibl>
<bibl id="hofm_1858_03_0034_03"><composer key="compo_010502">Gade, N.W.</composer>, Op. <opus key="opus_2268">32</opus>. <title>Sinfonie No. 6 (<key>Gm</key>.) f. Orch</title>. <format>Partitur</format>. 8vo 4 Rt. 20 Ngr. <format>Orchesterstimmen</format> 7 Rt. 15 Ngr.</bibl>
<bibl id="hofm_1858_03_0034_04"><composer key="compo_012525">Gung’l, Jos.</composer>, Op. <opus key="opus_0783">148</opus>. <title>Soldaten-Polka, und: Conradi, A., Op. <opus key="opus_3798">65</opus>. Capricciosa-Polka-Mazurka, f. Orch</title>. <pubPlace key="place_0044">Berlin</pubPlace>, <publisher key="publ_0393">B. u. Bock</publisher> 1 Rt. 20 Ngr.</bibl>
<bibl id="hofm_1858_03_0034_05">– Op. <opus key="opus_0792">149</opus>. <title>Die Hydropathen. Walzer f. Orch</title>. Ebend. 2 Rt. 5 Ngr.</bibl>
<bibl id="hofm_1858_03_0034_06"><composer key="compo_013697">Haydn, Jos.</composer>, <title>Symphonien, No. 12 (<key>B</key>). <format>Orchesterstimmen</format></title>. <pubPlace key="place_0392">Leipzig</pubPlace>, <publisher key="publ_0437">Br. u. Härtel</publisher> 3 Rt.</bibl>
<bibl id="hofm_1858_03_0034_07"><composer key="compo_013945">Heinsdorff, G.</composer>, Op. <opus key="opus_3454">57</opus>.<title> Apollo-Galopp</title>, und: <composer key="compo_020693">Leutner, A</composer>., Op. <opus key="opus_2576">37</opus>. <title>Billet-doux-Polka, f. Orch</title>. <pubPlace key="place_0044">Berlin</pubPlace>, <publisher key="publ_0393">B. u. Bock</publisher> 1 Rt. 20 Ngr.</bibl>
<bibl id="hofm_1858_03_0034_08"><composer key="compo_019654">Labitzky, Jos.</composer>, Op. <opus key="opus_1696">234</opus>. <title>Les Bains de Hombourg (Homburg vor der Höhe). Walzer f. Orch</title>. <pubPlace key="place_0438">Mainz</pubPlace>, <publisher key="publ_3563">Schott</publisher> 3 Fl. 36 Xr.</bibl>
<bibl id="hofm_1858_03_0034_09">– Idem f. kleines Orchester. Ebend. 2 Fl.</bibl>
<bibl id="hofm_1858_03_0034_10"><composer key="compo_024704">Neumann, Edm.</composer>, Op. <opus key="opus_3767">64</opus>. <title>Hochzeits-Polka</title>, und: Op. <opus key="opus_3988">70</opus>. <title>Herzenstöne, Polka-Mazurka, f. gr. (oder kleines) Orch</title>. <pubPlace key="place_0438">Mainz</pubPlace>, <publisher key="publ_3563">Schott</publisher> 2 Fl. 42 Xr.</bibl>
<bibl id="hofm_1858_03_0034_11"><composer key="compo_033004">Stasny, L.</composer>, Op. <opus key="opus_3895">68</opus>. <title>Potpourri sur des Motifs de l’Opéra : L’Etoile du Nord, de Meyerbeer, p. 2 Viol., Alto, Basse, Flûte, Clarin., 2 Cors obl., Vclle, 2 Tromp., Tromb., Timb. et Tambour gr. ad lib</title>. <pubPlace key="place_0438">Mainz</pubPlace>, <publisher key="publ_3563">Schott</publisher> 3. Fl. 12 Xr.</bibl>
<bibl id="hofm_1858_03_0034_12"><composer key="compo_033607">Streck, P.</composer>, Op. <opus key="opus_2083">292a</opus>. <title>7 Stücke f. vollst. Harmonie mit türk. Musik. 1ste Partie. 1ste Abth. (Reise durch Meyerbeer’s Nordstern. Brautchor a. Lohengrin. Friedensmarsch a. Rienzi. Paradestück von Verdi. 2 Marsche, Walzer.)</title> <pubPlace key="place_0475">München</pubPlace>, <publisher key="publ_3940">Streck</publisher> (<pubPlace key="place_0392">Leipzig</pubPlace>, <publisher key="publ_1746">Hofmeister</publisher>) 5 Fl. 30 Xr.</bibl>
<bibl id="hofm_1858_03_0034_13">– Op. <opus key="opus_2084">292b</opus>. <title>8 Stücke f. do. 1ste Parthre. 2te Abth. (Musikal. Auslese, Potpourri. 2 Mittelstücke von Verdi. Duett-Concert f. 2 Cornets à Piston. 3 Märsche. Defilirmarsch a. d. sicilianischen Vesper.)</title> Ebend. 6 Fl.</bibl>
<bibl id="hofm_1858_03_0034_14">– Op. <opus key="opus_2085">293</opus>. <title>12 Stücke f. do. 2te Parthie. (2 Märsche. Mittelstück von Verdi. Fassuachts-Worr im Hofbräuhaus, Potpourri. Walzer. Mazurka. Polka. Der Bebi Trauungsmarsch, Galopp. Andante. Schottisch. Polonaise.)</title> Ebend. 4 Fl. 30 Xr.</bibl>
<bibl id="hofm_1858_03_0034_15">– Op. <opus key="opus_2088">294</opus>. <title>12 Stücke f. kleine Harmoniemusik. 3te Parthie. (Mittelstück, Festmarsch u. Ballet a. d. sicilianischen Vesper. 2 Märsche. Cavatine a. Don Bucefalo. Mazurka. Hahnenschrei-Galopp. Die Christkindel-Bescheerung. Walzer. Schottisch. Polka.)</title> Ebend. 3 Fl. 30 Xr.</bibl>
<bibl id="hofm_1858_03_0034_16">– Op. <opus key="opus_2090">295</opus>. <title>12 Stücke f. vollst. Harmonie-Blechmusik. 4te Parthie. (Musikal. Seltenheit. Potpourris von-Mozart. Concert f. Flügelhorn u. Carnet à Piston. Einzugsmarsch der Prinzessin Adalbert. Festchor zur Enthüllung des Standbildes v. Gluck, v. Stunz. Der 60pfünder, Artilleriemarsch. Prinz Eugen-Marsch. Polka. Romanze von Kreutzer. Die Sturmläufer, Walzer. Mazurka. Schottisch. Polonaise.)</title> Ebend. 5 Fl. 30 Xr.</bibl>
<pb n="35"/>
<bibl id="hofm_1858_03_0035_01"><composer key="compo_033607">Streck, P.</composer>, Op. <opus key="opus_2095">296</opus>. <title>8 Stücke f. kleine Harmonie-Blechmusik. 5te Parthie. (Die nächtliche Träumerei, Potpourri. Walzer. Polka. Galopp. Mazurka. Feldschritt. Mazurka Polonaise.)</title> <pubPlace key="place_0475">München</pubPlace>, <publisher key="publ_3940">Streck</publisher> (<pubPlace key="place_0392">Leipzig</pubPlace>, <publisher key="publ_1746">Hofmeister</publisher>) 2 Fl. 24 Xr.</bibl>
<bibl id="hofm_1858_03_0035_02">– Op. <opus key="opus_2099">297</opus>. <title>12 Stücke f. kleine Holz- u. Blech-Harmonie. 6te Parthie. (Andante. 3 Walzer. Mazurka mit Var. Polka. Schottisch. Marsch. Galopp mit Var. Kuckuck-Galopp. Polka-Française. Polonaise.)</title> Ebend. 2 Fl. 24 Xr.</bibl>
<bibl id="hofm_1858_03_0035_03"><composer key="compo_033607">Streck, P.</composer>, Op. <opus key="opus_2103">298</opus>. <title>6 Stücke f. Orch. 7te Parthie. (Die Adlerkränze-. Die Roulettespieler- u. Cotillon-Walzer. Die böse Weiber-Polka. Hochzeits-Française. Mazurka.)</title> <pubPlace key="place_0475">München</pubPlace>, <publisher key="publ_3940">Streck</publisher> (<pubPlace key="place_0392">Leipzig</pubPlace>, <publisher key="publ_1746">Hofmeister</publisher>) 4 Fl.</bibl>
<bibl id="hofm_1858_03_0035_04">– Op. <opus key="opus_2104">299</opus>. <title>12 Stücke f. Orch. 8te Parthie. (Française-Fantasie f. Cornet à Piston. Mazurka. Die Kissinger Ragozi-Trinker, Walzer. Hexen-Polka. Schottisch. Galopp. Walzer. Marsch. Polonaise. Doppel-Schottisch Polka-Mazurka.)</title> Ebend. 3 Fl. 30 Xr.</bibl>
<bibl id="hofm_1858_03_0035_05">– Op. <opus key="opus_2146">300</opus>. <title>6 Stücke f. Orch. 9te Parthie. (Die Schwimmer, Walzer. Pepita-Mazurka. Frühlings-Polka. Schottisch. Walzer. Galopp.)</title> Ebend. 2 Fl. 24 Xr.</bibl>
<bibl id="hofm_1858_03_0035_06">– Op. <opus key="opus_2151">301</opus>. <title>12 Stücke f. Orch. 10te Parthie. (4 Walzer. Polka. Mazurka. Ländler. Schottisch. Galopp. Polka-Française. Polonaise. Festmarsch.)</title> Ebend. 2 Fl.</bibl>
<bibl id="hofm_1858_03_0035_07"><composer key="compo_033607">Streck, P.</composer>, <title>12 Choräle f. Blechinstrumente. 11te Parthie</title>. <pubPlace key="place_0475">München</pubPlace>, <publisher key="publ_3940">Streck</publisher> (<pubPlace key="place_0392">Leipzig</pubPlace>, <publisher key="publ_1746">Hofmeister</publisher>) 3 Fl. 30 Xr.</bibl>
<bibl id="hofm_1858_03_0035_08"><composer key="compo_033723">Stuntz, J.H.</composer>, Op. <opus key="opus_4671">95</opus>. <title>Frühlings-Einzug. Concert-Ouvertüre f. Orch</title>. <pubPlace key="place_0475">München</pubPlace>, <publisher key="publ_0028">Aibl</publisher> 3 Rt. 20 Ngr.</bibl>
</div><div id="hofm_1858_03_0035_div02"><head><hofClass key="hofCl_0245">Musik für Violine.</hofClass></head>
<bibl id="hofm_1858_03_0035_09"><composer key="compo_001993">Becker, D.G.</composer>, Op. <opus key="opus_3565">6</opus>. <title>Drittes Quartett (<key>Es</key>) f. 2 Viol., Viola u. Vcllo</title>. <pubPlace key="place_0392">Leipzig</pubPlace>, <publisher key="publ_1746">Hofmeister</publisher> 1 Rt. 20 Ngr.</bibl>
<bibl id="hofm_1858_03_0035_10"><composer key="compo_008033">Eichberg, Jul.</composer>, Op. <opus key="opus_1482">21</opus>. <title>Nouvelle Méthode pratique et abrégée de Violon en deux Parties, pour former l’Elève du Commencement jusqu’aux Etudes de Fiorillo, Rode et Kreutzer. 1re Partie. Manuel de l’Elève de Violon. Cah. 2, 20 Morceaux, Etudes de différents Auteurs (Difficulté moyenne.)</title>. <pubPlace key="place_0392">Leipzig</pubPlace>, <publisher key="publ_1746">Hofmeister</publisher> 1 Rt. 5. Ngr.</bibl>
<bibl id="hofm_1858_03_0035_11"><composer key="compo_015711">Hänsel, M.</composer>, Op. <opus key="opus_2347">33</opus>. <title>6 Etudes brill. en forme de Préludes, p. Violon</title>. <pubPlace key="place_0276">Hamburg</pubPlace>, <publisher key="publ_3605">Schuberth u. Co</publisher>. 17½ Ngr.</bibl>
<bibl id="hofm_1858_03_0035_12"><composer key="compo_014328">Hering, C.</composer>, Op. <opus key="opus_1068">17</opus>. <title>Grosse Sonate (<key>G</key>) f. 2 Viol</title>. <pubPlace key="place_0392">Leipzig</pubPlace>, <publisher key="publ_0437">Br. u. Härtel</publisher> 1 Rt. 5 Ngr.</bibl>
<bibl id="hofm_1858_03_0035_13"><composer key="compo_014328">Hering, C.</composer>, Op. <opus key="opus_1165">18</opus>. <title>12 Caprices p. Violon</title>. <pubPlace key="place_0392">Leipzig</pubPlace>, <publisher key="publ_0437">Br. u. Härtel</publisher> 1 Rt. 10 Ngr.</bibl>
<wip id="hofm_1858_03_0035_14"><composer key="compo_014328">Hering, C.</composer>, Op. <opus key="opus_1271">19</opus>. <title>30 Miniaturen f. 2 Viol. Beigabe zu Hering’s methodischem Leitfaden f. Violinlehrer</title>. <title>Heft 1–3</title>. <pubPlace key="place_0392">Leipzig</pubPlace>, <publisher key="publ_0437">Br. u. Härtel</publisher> à 25 Ngr.</wip>
<bibl id="hofm_1858_03_0035_15"><composer key="compo_014328">Hering, C.</composer>, Op. <opus key="opus_1390">20</opus>. <title>10 Studien f. Violine (erste Lage) als eine Vorausnahme zu Kreutzers 40 Etuden</title>. <pubPlace key="place_0392">Leipzig</pubPlace>, <publisher key="publ_0437">Br. u. Härtel</publisher> 15 Ngr.</bibl>
<bibl id="hofm_1858_03_0035_16"><composer key="compo_014379">Hermann, Fr.</composer>, Op. <opus key="opus_0392">12</opus>. <title>Grand Duo brill. p. Violon et Vclle</title>. <pubPlace key="place_0392">Leipzig</pubPlace>, <publisher key="publ_2017">Kistner</publisher> 1 Rt.</bibl>
<bibl id="hofm_1858_03_0035_17"><composer key="compo_014919">Hirschbach, H.</composer>, Op. <opus key="opus_2948">44</opus>. <title>Quintett (<key>F</key>) f. 2 Violinen, Bratsche u. 2 Violoncelles</title>. <pubPlace key="place_0392">Leipzig</pubPlace>, <publisher key="publ_3773">Siegel</publisher> 2 Rt. 20 Ngr.</bibl>
<bibl id="hofm_1858_03_0035_18"><composer key="compo_026894">Postel, E.</composer>, <title>Die kleinen Quartettspieler. Methodisch geordnete Uebungsstücke f. 2 Viol., Viola u. Vcllo</title>. <pubPlace key="place_0386">Langensalza</pubPlace>, <publisher key="publ_3618">Schulbuchhandlung</publisher> 12 Ngr. n.</bibl>
<pb n="36"/>
<wip id="hofm_1858_03_0036_01"><composer key="compo_036519">Weiss, Jul.</composer>, Op. <opus key="opus_3385">55</opus>. <title>2ter Salongeiger. 8 Salonstücke über beliebte Themas f. 2 Violinen. (5te Position.)</title> <title>Heft 1, Proch, Alpenhorn. Hörst du das mächtige Klingen</title>. <title>Heft 2, Wenn ich mich nach der Heimath sehn’. Carafa, O cara Memoria</title>. <title>Heft 3, Schubert, Ave Maria. Beethoven, Adelaïde</title>. <title>Heft 4, Beethoven, Freudvoll und leidvoll. Wanderlied</title>. à 15 Ngr. <pubPlace key="place_0044">Berlin</pubPlace>, <publisher key="publ_4330">Weiss</publisher> 1 Rt. 15 Ngr.</wip>
<wip id="hofm_1858_03_0036_01_c"><composer key="compo_036519">Weiss, Jul.</composer>, Op. <opus key="opus_3385">55</opus>. <title>2ter Salongeiger. 8 Salonstücke über beliebte Themas f. Violine. (5te Position.)</title> <title>Heft 1, Proch, Alpenhorn. Hörst du das mächtige Klingen</title>. <title>Heft 2, Wenn ich mich nach der Heimath sehn’. Carafa, O cara Memoria</title>. <title>Heft 3, Schubert, Ave Maria. Beethoven, Adelaïde</title>. <title>Heft 4, Beethoven, Freudvoll und leidvoll. Wanderlied</title>. à 10 Ngr. <pubPlace key="place_0044">Berlin</pubPlace>, <publisher key="publ_4330">Weiss</publisher> 1 Rt.</wip>
</div><div id="hofm_1858_03_0036_div03"><head><hofClass key="hofCl_0247">Musik für Zither.</hofClass></head>
<bibl id="hofm_1858_03_0036_03"><composer key="compo_007439">Dubez, J.</composer>, <title>2 Divertissements sur des Motifs de l’Opéra : Die Zigeunerin, de Balfe. No. 1, Op. <opus key="opus_1271">19</opus>. No. 2, Op. <opus key="opus_1390">20</opus></title>. <pubPlace key="place_0731">Wien</pubPlace>, <publisher key="publ_3833">Spina</publisher> à 7½ Ngr.</bibl>
<bibl id="hofm_1858_03_0036_04"><composer key="compo_024108">Mühlauer, M.</composer>, Op. <opus key="opus_0299">113</opus>. <title>Die Fidelen. Walzer</title>. qu.-8. <pubPlace key="place_0440">Mannheim</pubPlace>, <publisher key="publ_1534">Heckel</publisher> 24 Xr.</bibl>
<bibl id="hofm_1858_03_0036_05">– Op. <opus key="opus_0314">114</opus>. <title>Walzer-Guirlande</title>. qu.-8. Ebend. 27 Xr.</bibl>
<bibl id="hofm_1858_03_0036_06">– Op. <opus key="opus_0325">115</opus>. <title>Erinnerung an Mannheim. Polka-Mazurka</title>. qu.-8. Ebend. 18 Xr.</bibl>
<bibl id="hofm_1858_03_0036_07">– Op. <opus key="opus_0335">116</opus>. <title>Gemüthliche Tanzl’n. Gebirgsländler im leichten Style</title>. qu.-8. Ebend. 27 Xr.</bibl>
<bibl id="hofm_1858_03_0036_08">– Op. <opus key="opus_0347">117</opus> <title>Alpen-Arien</title>. qu.-8. Ebend. 18 Xr.</bibl>
<wip id="hofm_1858_03_0036_08_a"><title>Zither-Journal (Mannheimer)</title>. <title>Heft 3. 4, Edlinger, Vergissmeinnicht. Ländler. Dietrich, Op. <opus key="opus_2425">342</opus>. Fantaisie érotique. Bairisches Volkslied. Jüllig, Fr., Wiener Volkslieder. Mühlauer, Op. <opus key="opus_0706">140</opus>. Blumendüfte. Walzer</title>. qu.-8. <pubPlace key="place_0440">Mannheim</pubPlace>, <publisher key="publ_1534">Heckel</publisher> 48 Xr.</wip>
</div><div id="hofm_1858_03_0036_div04"><head><hofClass key="hofCl_0167">Musik für Pianoforte mit Begleitung.</hofClass></head>
<bibl id="hofm_1858_03_0036_10"><composer key="compo_001710">Batta, Al.</composer>, Op. <opus key="opus_3316">53</opus>. <title>Sommeil de Nanine, p. C. Stamaty, transcrit p. Violoncelle et Pfte</title>. <pubPlace key="place_0438">Mainz</pubPlace>, <publisher key="publ_3563">Schott</publisher> 45 Xr.</bibl>
<bibl id="hofm_1858_03_0036_11">– <title>Confidence aù Bal. Rêverie p. Violoncelle et Pfte</title>. <pubPlace key="place_0438">Mainz</pubPlace>, <publisher key="publ_3563">Schott</publisher> 1 Fl.</bibl>
<bibl id="hofm_1858_03_0036_12"><composer key="compo_002744">Berwald, Fr.</composer>, Op. <opus key="opus_3565">6</opus>. <title>Quintetto No. 2 (<key>G</key>) p. Pfte, 2 Viol., Alto. et Vclle</title>. <pubPlace key="place_0276">Hamburg</pubPlace>, <publisher key="publ_3605">Schuberth u. Co</publisher>. 5 Rt.</bibl>
<bibl id="hofm_1858_03_0036_13"><composer key="compo_003854">Bott, J.J.</composer>, Op. <opus key="opus_1165">18</opus>. <title>3 Morceaux de Salon p. Violon av. Pfte</title>. <pubPlace key="place_0438">Mainz</pubPlace>, <publisher key="publ_3563">Schott</publisher> 2 Fl.</bibl>
<bibl id="hofm_1858_03_0036_14"><composer key="compo_005804">Cobelli, B.</composer>, Op. <opus key="opus_1802">25</opus>. <title>Trio de Salon (<key>B</key>) p. Pfte, Violon et Vclle</title>. <pubPlace key="place_0276">Hamburg</pubPlace>, <publisher key="publ_3610">Fritz Schuberth</publisher> 1 Rt. 10 Ngr.</bibl>
<bibl id="hofm_1858_03_0036_15"><composer key="compo_006921">Diabelli, Ant</composer>, Op. <opus key="opus_1291">190</opus>. <title>Musikalischer Blumengarten für die Jugend. Beliebte Melodien im leichten Style f. Violine u. Pfte. Heft 1</title>. <pubPlace key="place_0731">Wien</pubPlace>, <publisher key="publ_3833">Spina</publisher> 15 Ngr.</bibl>
<bibl id="hofm_1858_03_0036_16"><composer key="compo_007565">Durst, M.</composer>,Op. <opus key="opus_1584">22</opus>.  <title>Carnavals-Scherz f. Violine, Pfte, Papagenopfeife, Kuckuck, Triangel, 2 Trompeten u. kleine Trommel</title>. <pubPlace key="place_0731">Wien</pubPlace>, <publisher key="publ_3833">Spina</publisher> 1 Rt. 25 Ngr.</bibl>
<bibl id="hofm_1858_03_0036_17"><composer key="compo_008795">Fahrbach, Ant.</composer>, Op. <opus key="opus_1372">2</opus>. <title>Variationen über eine österreichische Volksmelodie f. Flöte mit Pfte</title>. <pubPlace key="place_0731">Wien</pubPlace>, <publisher key="publ_3833">Spina</publisher> 25 Ngr.</bibl>
<bibl id="hofm_1858_03_0036_18"><composer key="compo_012525">Gung’l, Jos.</composer>, Op. <opus key="opus_0792">149</opus>. <title>Die Hydropathen. Walzer f. Pfte u. Violine</title>. <pubPlace key="place_0044">Berlin</pubPlace>, <publisher key="publ_0393">B. u. Bock</publisher> 15 Ngr.</bibl>
<pb n="37"/>
<bibl id="hofm_1858_03_0037_02_j"><composer key="compo_014328">Hering, C.</composer>, Op. <opus key="opus_1482">21</opus>. <title>8 Stücke f. Violine (in der ersten Lage spielbar) u. Pfte. (Styrienne. 3 Lieder. Ungarischer Marsch. Saltarello. Etude. Ballade.)</title> <pubPlace key="place_0392">Leipzig</pubPlace>, <publisher key="publ_0437">Br. u. Härtel</publisher> 1 Rt. 10 Ngr.</bibl>
<bibl id="hofm_1858_03_0037_02"><composer key="compo_018149">Kohne, R.</composer>, <title>Fantaisie hongroise p. Violon av. Pfte</title>. <pubPlace key="place_0392">Leipzig</pubPlace>, <publisher key="publ_2017">Kistner</publisher> 20 Ngr.</bibl>
<bibl id="hofm_1858_03_0037_03"><composer key="compo_018277">Kontsky, Apoll. de</composer>, Op. <opus key="opus_0806">15</opus>. <title>Conte de jeune Fille. Mélodie p. Violon av. Pfte</title>. <pubPlace key="place_0438">Mainz</pubPlace>, <publisher key="publ_3563">Schott</publisher> 1 Fl. 30 Xr.</bibl>
<bibl id="hofm_1858_03_0037_04"><composer key="compo_019510">Küffner, J.</composer>, Op. <opus key="opus_2163">305</opus>. <title>Revue musicale. Collection de Morceaux faciles sur des Thèmes fav. p. Pfte et Violon (ou Flûte). Cah. 34, Verdi, Les Vêpres siciliennes</title>. <pubPlace key="place_0438">Mainz</pubPlace>, <publisher key="publ_3563">Schott</publisher> 1 Fl. 30 Xr.</bibl>
<bibl id="hofm_1858_03_0037_05"><composer key="compo_019589">Kündinger, R.</composer>, Op. <opus key="opus_0021">10</opus>. <title>Premier grand Trio (<key>Cism</key>.) p. Pfte, Violon et Vclle</title>. <pubPlace key="place_0392">Leipzig</pubPlace>, <publisher key="publ_0437">Br. u. Härtel</publisher> 3 Rt.</bibl>
<bibl id="hofm_1858_03_0037_06"><composer key="compo_023621">Mollenhauer, Ed.</composer>, Op. <opus key="opus_0021">10</opus>. <title>Douze Fantaisies mignonnes p. Violon av. Pfte No. 7, Bellini, Norma</title> <pubPlace key="place_0276">Hamb</pubPlace>., <publisher key="publ_3605">Schuberth u. Co</publisher>. 15 Ngr.</bibl>
<bibl id="hofm_1858_03_0037_07"><composer key="compo_025746">Paque, G.</composer>, Op. <opus key="opus_4300">8</opus>. <title>Hommage à Bellini. Fantaisie p. Violoncelle av. Pfte</title>. <pubPlace key="place_0438">Mainz</pubPlace>, <publisher key="publ_3563">Schott</publisher> 1 Fl. 48 Xr.</bibl>
<bibl id="hofm_1858_03_0037_08"><composer key="compo_031146">Schuberth, Ch.</composer>, Op. <opus key="opus_2131">30</opus>. <title>Le Regret. Chant sentimental p. Violoncelle et Pfte</title>. <pubPlace key="place_0276">Hamburg</pubPlace>, <publisher key="publ_3605">Schuberth u. Co</publisher>. 15 Ngr.</bibl>
<wip id="hofm_1858_03_0037_09"><composer key="compo_032798">Spohr, L.</composer>, Op <opus key="opus_0495">127</opus>. <title>Elegisch und humoristisch. 6 Duettinen (Lieder ohne Worte) f. Pfte u. Violine</title>. <title>No. 3, Andante</title>. 15 Ngr. <title>No. 4, Adagio</title>. 12½ Ngr. <pubPlace key="place_0276">Hamburg</pubPlace>, <publisher key="publ_3605">Schuberth u. Co</publisher>.</wip>
<bibl id="hofm_1858_03_0037_10"><composer key="compo_033355">Stiehl, H.</composer>, Op. <opus key="opus_2509">36</opus>. <title>Grand Trio (<key>B</key>) p. Pfte, Violon et Vclle</title>. <pubPlace key="place_0392">Leipzig</pubPlace>, <publisher key="publ_0437">Br. u. Härtel</publisher> 2 Rt. 15 Ngr.</bibl>
<bibl id="hofm_1858_03_0037_11"><composer key="compo_035020">Täglichsbeck, Th.</composer>, Op. <opus key="opus_2670">39</opus>. <title>Divertimento über Motive ans der Oper: Die Musketiere der Königin, von Halevy, f. Pfte u. Violine (im leichten Style)</title>. <pubPlace key="place_0392">Leipzig</pubPlace>, <publisher key="publ_2017">Kistner</publisher> 25 Ngr.</bibl>
<wip id="hofm_1858_03_0037_12"><composer key="compo_036519">Weiss, Jul.</composer>, Op. <opus key="opus_3385">55</opus>. <title>2ter Salongeiger. 8 Salonstücke über beliebte Themata f. 2 Violinen u. Pfte</title>. <title>Heft 1, Proch, Alpenhorn. Hörst du das mächtige Klingen</title>. <title>Heft 2, Wenn ich mich nach der Heimath sehn’. Carafa, O cara Memoria</title>. <title>Heft 3, Schubert, Ave Maria. Beethoven, Adelaïde</title>. <title>Heft 4, Beethoven, Frendvoll und leidvoll. Wanderlied</title>. à 25 Ngr. <pubPlace key="place_0044">Berlin</pubPlace>, <publisher key="publ_4330">Weiss</publisher> 2 Rt. 20 Ngr.</wip>
<wip id="hofm_1858_03_0037_13"><composer key="compo_036519">Weiss, Jul.</composer>, Op. <opus key="opus_3385">55</opus>. <title>2ter Salongeiger. 8 Salonstücke über beliebte Themata f. Violine u. Pfte</title>. <title>Heft 1, Proch, Alpenhorn. Hörat du das mächtige Klingen</title>. <title>Heft 2, Wenn ich mich nach der Heimath sehn’. Carafa, O cara Memoria</title>. <title>Heft 3, Schubert, Ave Maria. Beethoven, Adelaïde</title>. <title>Heft 4, Beethoven, Freudvoll und leidvoll. Wanderlied</title>. à 20 Ngr. <pubPlace key="place_0044">Berlin</pubPlace>, <publisher key="publ_4330">Weiss</publisher> 2 Rt.</wip>
</div><div id="hofm_1858_03_0037_div05"><head><hofClass key="hofCl_0171">Musik für Pianoforte zu vier Händen.</hofClass></head>
<bibl id="hofm_1858_03_0037_14"><composer key="compo_001008">Ascher, J.</composer>, Op. <opus key="opus_1661">23</opus> <title>Dozia. Mazurka-Mélodie</title>. <pubPlace key="place_0438">Mainz</pubPlace>, <publisher key="publ_3563">Schott</publisher> 1 Fl.</bibl>
<wip id="hofm_1858_03_0037_15"><composer key="compo_002709">Bertini, H.</composer>, Op. <opus key="opus_1153">179</opus>. <title>25 Etudes</title>. <title>Cah. 1.2</title>. <pubPlace key="place_0438">Mainz</pubPlace>, <publisher key="publ_3563">Schott</publisher> à 2 Fl. 42 Xr.</wip>
<bibl id="hofm_1858_03_0037_16"><composer key="compo_002826">Beyer, Ferd.</composer>, Op. <opus key="opus_0281">112</opus>. <title>Revue mélodique. Collection de petites Fantaisies instr. sur des Motifs d’Opéras fav. No. 18, Verdi, La Traviata</title>. <pubPlace key="place_0438">Mainz</pubPlace>, <publisher key="publ_3563">Schott</publisher> 1 Fl.</bibl>
<bibl id="hofm_1858_03_0037_17">– Op. <opus key="opus_0641">136</opus>. <title>Episodes musicales. Collection de Duos élégants sur des Airs fav. No. 8, Kücken, Der kleine Rekrut</title>. <pubPlace key="place_0438">Mainz</pubPlace>, <publisher key="publ_3563">Schott</publisher> 54 Xr.</bibl>
<bibl id="hofm_1858_03_0037_18"><composer key="compo_004464">Bruyck, C. Debrois van</composer>, Op. <opus key="opus_0021">10</opus>. <title>Zwei Märsche. No. 1, Geschwindmarsch. No. 2, Ungarischer Marsch</title>. <pubPlace key="place_0392">Leipzig</pubPlace>, <publisher key="publ_2017">Kistner</publisher> à 15 Ngr.</bibl>
<wip id="hofm_1858_03_0037_19"><composer key="compo_005773">Clementi, M.</composer>, <title>Compositionen hrsg. u. mit Fingersatz verschen von Jul. Knorr. 4ter Band, 6 Sonaten</title>. <title>Heft 1–6 (<key>C</key>, <key>F</key>, <key>Es</key>, <key>C</key>, <key>Es</key>, <key>G</key>)</title>. à 6 Ngr. n. <pubPlace key="place_0742">Wolfenbüttel</pubPlace>, <publisher key="publ_1756">Holle</publisher> 1 Rt. 6 Ngr. n.</wip>
<pb n="38"/>
<bibl id="hofm_1858_03_0038_01"><composer key="compo_006106">Cramer, H.</composer>, <title>Potpourris sur des Motifs d’Opéras fav. No. 50, Mozart, Die Entführung aus dem Serail</title>. <pubPlace key="place_0438">Mainz</pubPlace>, <publisher key="publ_3563">Schott</publisher> 1 Fl. 30 Xr.</bibl>
<bibl id="hofm_1858_03_0038_02"><composer key="compo_008930">Faust, C.</composer>, Op. <opus key="opus_0927">16</opus>. <title>Studenten-Polka-Mazurka</title> <pubPlace key="place_0201">Frankfurt a. O</pubPlace>., <publisher key="publ_2157">Kressner</publisher> 10 Ngr.</bibl>
<bibl id="hofm_1858_03_0038_03">– Op. <opus key="opus_1661">23</opus>. <title>Amanda-Galopp</title>. Ebend. 10 Ngr.</bibl>
<bibl id="hofm_1858_03_0038_04"><composer key="compo_012525">Gung’l, Jos.</composer>, Op. <opus key="opus_0783">148</opus>. <title>Soldaten-Polka (française)</title>. <pubPlace key="place_0044">Berlin</pubPlace>, <publisher key="publ_0393">B. u. Bock</publisher> 10 Ngr.</bibl>
<bibl id="hofm_1858_03_0038_05">– Op. <opus key="opus_0792">149</opus>. <title>Die Hydropathen. Walzer</title>. Ebend. 20 Ngr.</bibl>
<bibl id="hofm_1858_03_0038_06"><composer key="compo_018913">Krug, D.</composer>, Op. <opus key="opus_3895">68</opus>. <title>Les Opéras en Vogue. Rondeaux brill. et non difficiles. No. 8, Bellini, Norma</title>. <pubPlace key="place_0276">Hamburg</pubPlace>, <publisher key="publ_3605">Schuberth u. Co</publisher>. 15 Ngr.</bibl>
<bibl id="hofm_1858_03_0038_07"><composer key="compo_019654">Labitzky, Jos.</composer>, Op. <opus key="opus_1700">235</opus>. <title>Les Plaisirs de la Vendange (Herbstfreuden). Polka-Mazurka</title>. <pubPlace key="place_0438">Mainz</pubPlace>, <publisher key="publ_3563">Schott</publisher> 36 Xr.</bibl>
<bibl id="hofm_1858_03_0038_08">– Op. <opus key="opus_1706">236</opus>. <title>Le Telegraphe. Galopp</title>. Ebend. 45 Xr.</bibl>
<bibl id="hofm_1858_03_0038_09"><composer key="compo_021137">Liszt, Fr.</composer>, <title>Weimar’s Volkslied zur Karl August-Feier. (September 1857). arr</title>. <pubPlace key="place_0720">Weimar</pubPlace>, <publisher key="publ_2257">Kühn</publisher> 15 Ngr.</bibl>
<bibl id="hofm_1858_03_0038_10"><composer key="compo_022904">Mendelssohn-Bartholdy, F.</composer>, Op. <opus key="opus_4070">73</opus>. <title>Lauda Sion, arr</title>. (No. 1 d. nachgel. Werke.) <pubPlace key="place_0438">Mainz</pubPlace>, <publisher key="publ_3563">Schott</publisher> 2 Fl. 42 Xr.</bibl>
<bibl id="hofm_1858_03_0038_11"><composer key="compo_023890">Mozart, W.A.</composer>, Op. <opus key="opus_4416">83</opus>. <title>Concert (<key>Es</key>) f. zwei Klaviere mit Orch., eing. v. F.X. Gleichauf</title>. <pubPlace key="place_0392">Leipzig</pubPlace>, <publisher key="publ_1746">Hofmeister</publisher> geh 2 Rt.</bibl>
<bibl id="hofm_1858_03_0038_12"><composer key="compo_033862">Sulze, B.</composer>, Op. <opus key="opus_0806">15</opus>. <title>Regimentsmarsch über das Thüringische Volkslied: Ach wie ist’s möglich dann</title>. <pubPlace key="place_0720">Weimar</pubPlace>, <publisher key="publ_2257">Kühn</publisher> 7½ Ngr.</bibl>
<bibl id="hofm_1858_03_0038_13"><composer key="compo_035017">Tyszkiewicz, Th.</composer>, <title>3 Mazurkas</title>. <pubPlace key="place_0344">Kieff</pubPlace>, <publisher key="publ_2094">Kocipiński</publisher> 1 Rt. 15 Ngr.</bibl>
<bibl id="hofm_1858_03_0038_14"><composer key="compo_035993">Waldmüller, F.</composer>, Op. <opus key="opus_4326">80</opus>. <title>Feuilles théâtrales. Collection de Fantaisies non difficiles sur des Opéras fav. No. 12, Verdi, Les Vêpres siciliennes</title>. <pubPlace key="place_0731">Wien</pubPlace>, <publisher key="publ_3833">Spina</publisher> 15 Ngr.</bibl>
<bibl id="hofm_1858_03_0038_15"><composer key="compo_037933">Zawadzki, M.</composer>, Op. <opus key="opus_1881">26</opus>. <title>Tambour-Marche</title>. <pubPlace key="place_0344">Kieff</pubPlace>, <publisher key="publ_2094">Kocipiński</publisher> 20 Ngr.</bibl>
<bibl id="hofm_1858_03_0038_16">– Op. <opus key="opus_2187">31</opus>. <title>Druga Szumka ukraińska</title>. Ebend. 1 Rt.</bibl>
</div><div id="hofm_1858_03_0038_div06"><head><hofClass key="hofCl_0272">Ouvertüren für Pianoforte zu vier Händen.</hofClass></head>
<bibl id="hofm_1858_03_0038_17"><composer key="compo_029104">Rubinstein, Ant.</composer>, Op. <opus key="opus_2915">43</opus>. <title>Ouverture triomphale, arr</title>. <pubPlace key="place_0438">Mainz</pubPlace>, <publisher key="publ_3563">Schott</publisher> 1 Fl. 48 Xr.</bibl>
</div><div id="hofm_1858_03_0038_div07"><head><hofClass key="hofCl_0166">Musik für Pianoforte allein.</hofClass></head>
<bibl id="hofm_1858_03_0038_18"><composer key="compo_001010">Ascher, Jos.</composer>, Op. <opus key="opus_3825">66</opus>. <title>Ave Maria. Méditation réligieuse</title>. <pubPlace key="place_0438">Mainz</pubPlace>, <publisher key="publ_3563">Schott</publisher> 54 Xr.</bibl>
<bibl id="hofm_1858_03_0038_19">– Op. <opus key="opus_3868">67</opus>. <title>Caprice espagnol sur l’Opéra : Maria Padilla, de Donizetti</title>. Ebend. 1 Fl. 12 Xr.</bibl>
<bibl id="hofm_1858_03_0038_20"><composer key="compo_001297">Badarzewska, Thekla</composer>, <title>Mazourka</title>. <pubPlace key="place_0044">Berlin</pubPlace>, <publisher key="publ_0589">Challier u. Co</publisher>. 7½ Ngr.</bibl>
<bibl id="hofm_1858_03_0038_21">– <title>Douce Rêverie. Mazur</title>. <pubPlace key="place_0044">Berlin</pubPlace>, <publisher key="publ_0589">Challier u. Co</publisher>. 7½ Ngr.</bibl>
<bibl id="hofm_1858_03_0038_22"><composer key="compo_002077">Beethoven, L. van</composer>, Op. <opus key="opus_4241">79</opus>. <title>Sonate</title>. <pubPlace key="place_0044">Berlin</pubPlace>, <publisher key="publ_0589">Challier u. Co</publisher>. 15 Ngr.</bibl>
<bibl id="hofm_1858_03_0038_23">– <title>Rondeau (<key>C</key>)</title>. <pubPlace key="place_0044">Berlin</pubPlace>, <publisher key="publ_0589">Challier u. Co</publisher>. 15 Ngr.</bibl>
<bibl id="hofm_1858_03_0038_24">– <title>Var. sur : Nel cor più non mi sento</title>. <pubPlace key="place_0044">Berlin</pubPlace>, <publisher key="publ_0589">Challier u. Co</publisher>. 10 Ngr.</bibl>
<bibl id="hofm_1858_03_0038_25"><composer key="compo_002403">Berendt. Nic.</composer>, Op. <opus key="opus_1482">21</opus>. <title>Rondo capriccioso</title>. <pubPlace key="place_0280">Hannover</pubPlace>, <publisher key="publ_2808">Nagel</publisher> 12½ Ngr.</bibl>
<bibl id="hofm_1858_03_0038_26"><composer key="compo_002408">Berens, H.</composer>, Op. <opus key="opus_3029">46</opus>. <title>Martha, de Flotow. Grande Fantaisie dramatique</title>. <pubPlace key="place_0276">Hamburg</pubPlace>, <publisher key="publ_3605">Schuberth u. Co</publisher>. 1 Rt.</bibl>
<wip id="hofm_1858_03_0038_27"><composer key="compo_002645">Bernsdorf, Ed.</composer>, Op. <opus key="opus_1731">24</opus>. <title>Canseries de Salon. 2 Morceaux</title>. <title>No. 1</title>, 12½ Ngr. <title>No. 2</title>, 10 Ngr. <pubPlace key="place_0392">Leipzig</pubPlace>, <publisher key="publ_2017">Kistner</publisher>.</wip>
<bibl id="hofm_1858_03_0038_28"><composer key="compo_002826">Beyer, Ferd.</composer>, Op. <opus key="opus_2509">36</opus>. <title>Répertoire des jeunes Pianistes. Petites Fantaisies instr. sur des Motifs d’Opéras fav. No. 78, Adam, Le Chalet (Die Schweizerhütte). No. 79, Bazin, Fr., Maître Pathelin</title>. <pubPlace key="place_0438">Mainz</pubPlace>, <publisher key="publ_3563">Schott</publisher> à 45 Xr.</bibl>
<wip id="hofm_1858_03_0038_29"><composer key="compo_002931">Biehl, Alb.</composer>, Op. <opus key="opus_0021">10</opus>. <title>3 Klavierstücke</title>. <title>Heft 1, Widmung, Romanze. Am Kamin, Spinnerlied</title>. <title>Heft 2, Mondnacht, Venetianisches Gondellied</title>. <pubPlace key="place_0276">Hamburg</pubPlace>, <publisher key="publ_3610">Fritz Schuberth</publisher> à 10 Ngr.</wip>
<pb n="39"/>
<bibl id="hofm_1858_03_0039_01"><composer key="compo_003339">Blumenthal, Jac.</composer>, Op. <opus key="opus_2850">42</opus>. <title>Une petite Histoire racontée</title>. <pubPlace key="place_0438">Mainz</pubPlace>, <publisher key="publ_3563">Schott</publisher> 54 Xr.</bibl>
<bibl id="hofm_1858_03_0039_02">– Op. <opus key="opus_2915">43</opus>. <title>Une Larme. Souvenir</title>. Ebend. 54 Xr.</bibl>
<bibl id="hofm_1858_03_0039_03"><composer key="compo_003983">Brandeis, Fr.</composer>, <title>Dispute. Caprice caractéristique</title>. <pubPlace key="place_0276">Hamburg</pubPlace>, <publisher key="publ_3605">Schuberth u. Co</publisher>. 10 Ngr.</bibl>
<wip id="hofm_1858_03_0039_04"><composer key="compo_005773">Clementi M.</composer>, <title>Sonaten. <edition>Neue sorgf. revid. Ausg</edition></title>. <title>No. 33 (<key>F</key>), Op. <opus key="opus_1932">27</opus></title>. 12½ Ngr. <title>No. 34–36 (<key>Gm</key>., <key>Es</key>, <key>B</key>), Op. <opus key="opus_2136">30 No. 1–3</opus></title> à 10 Ngr. <title>No. 37–39 (<key>F</key>, <key>G</key>, <key>A</key>), Op. <opus key="opus_2353">33 No. 1–3</opus></title> à 7½ Ngr. <pubPlace key="place_0392">Leipzig</pubPlace>, <publisher key="publ_0437">Br. u. Härtel</publisher>.</wip>
<wip id="hofm_1858_03_0039_05">– <title>Sonaten hrsg. u. mit Fingersatz versehen v. J. Knorr. 3ter Band</title>. <title>Heft 44–60, mit Clementi’s Portrait u. dessen Biographie v. H. Döring</title>. <title>No. 44. 45 (<key>A</key>, <key>D</key>)</title> à 3 Ngr. <title>No. 46 (<key>Gm</key>.)</title>. 2 Ngr. <title>No. 47 (<key>C</key>)</title>. 5 Ngr. <title>No. 48 (<key>G</key>)</title>. 4 Ngr. <title>No. 49 (<key>D</key>)</title>. 5 Ngr. <title>No. 50 (<key>B</key>)</title>. 4 Ngr. <title>No. 51 (<key>F</key>)</title>. 3 Ngr. <title>No. 52 (<key>Fm</key>.)</title>. 5 Ngr. <title>No. 53 (<key>F</key>)</title>. 3 Ngr. <title>No. 54 (<key>B</key>), Op. <opus key="opus_3029">46</opus></title>. 7½ Ngr. <title>No. 55–57 (<key>A</key>, <key>Dm</key>., <key>Gm</key>.), Op. <opus key="opus_3211">50 No. 1–3</opus></title> à 6 Ngr. <title>No. 58 (6 Sonatinen), Op <opus key="opus_2509">36</opus></title> 7½ Ngr. <title>No. 59 (3 Sonatinen: <key>Es</key>, <key>D</key>, <key>C</key>), Op. <opus key="opus_2576">37</opus></title>. 5 Ngr. <title>No. 60 (3 Sonatinen: <key>G</key>, <key>B</key>, <key>F</key>), Op. <opus key="opus_2630">38</opus></title>. 5 Ngr. n. <pubPlace key="place_0742">Wolfenbüttel</pubPlace>, <publisher key="publ_1756">Holle</publisher> 2 Rt. 20 Ngr. n.</wip>
<bibl id="hofm_1858_03_0039_06"><composer key="compo_006106">Cramer, H.</composer>, <title>Potpourris sur des Motifs d’Opéras fav. No. 128, Nicolai, Die lustigen Weiber von Windsor</title>. <pubPlace key="place_0438">Mainz</pubPlace>, <publisher key="publ_3563">Schott</publisher> 54 Xr.</bibl>
<bibl id="hofm_1858_03_0039_07"><composer key="compo_006170">Croisez, A.</composer>, Op. <opus key="opus_4214">78</opus>. <title>La Danse au Tyrol. Souvenir des Montagnes</title>. <pubPlace key="place_0438">Mainz</pubPlace>, <publisher key="publ_3563">Schott</publisher> 45 Xr.</bibl>
<bibl id="hofm_1858_03_0039_08">– Op. <opus key="opus_4241">79</opus>. <title>La Cloche du Couvre-Feu. Harmonie du Soir</title>. Ebend. 45 Xr.</bibl>
<bibl id="hofm_1858_03_0039_09">– Op. <opus key="opus_4326">80</opus>. <title>Chanson de l’Exile. Lamentabile</title>. Ebend. 45 Xr.</bibl>
<bibl id="hofm_1858_03_0039_10"><composer key="compo_006712">Delioux, Ch.</composer>, Op. <opus key="opus_2630">38</opus>. <title>Carnaval espagnol. Caprice de Concert</title>. <pubPlace key="place_0438">Mainz</pubPlace>, <publisher key="publ_3563">Schott</publisher> 1 Fl.</bibl>
<bibl id="hofm_1858_03_0039_11"><composer key="compo_006846">Dessoff, F.O.</composer>, Op. <opus key="opus_1372">2</opus>. <title>3 Klavierstücke. (Novellette. Scherzo. Menuett.)</title> <pubPlace key="place_0392">Leipzig</pubPlace>, <publisher key="publ_2017">Kistner</publisher> 20 Ngr.</bibl>
<bibl id="hofm_1858_03_0039_12"><composer key="compo_007224">Doppler, J.H.</composer>, Op. <opus key="opus_1985">277</opus>. <title>Volkslieblinge. Ausgewählte Sammlung der beliebtesten Volkslieder aller Nationen, leicht arr. Heft 3–6</title>. <pubPlace key="place_0082">Breslau</pubPlace>, <publisher key="publ_1445">Hainauer</publisher> à 10 Ngr.</bibl>
<bibl id="hofm_1858_03_0039_13">– Idem erster Band. (Heft 1–6.) Ebend. 1 Rt. 15 Ngr.</bibl>
<bibl id="hofm_1858_03_0039_14">– Op. <opus key="opus_2053">288</opus>. <title>Klänge aus der Schweiz. 3 kleine brill. Fantasien über beliebte Schweizerlieder. No. 1, Schweizerheimath. No. 2, Alma-Lied. No. 3, Schweizerlied</title>. <pubPlace key="place_0082">Breslau</pubPlace>, <publisher key="publ_1445">Hainauer</publisher> à 7½ Ngr.</bibl>
<bibl id="hofm_1858_03_0039_15"><composer key="compo_007403">Drinnenberg, J.</composer>, Op. <opus key="opus_1661">23</opus>. <title>La Capricieuse. Mazurka-Impromptu</title>. <pubPlace key="place_0438">Mainz</pubPlace>, <publisher key="publ_3563">Schott</publisher> 45 Xr.</bibl>
<bibl id="hofm_1858_03_0039_16"><composer key="compo_007599">Duvernoy, J.B.</composer>, Op. <opus key="opus_1759">240</opus>. <title>Ecole moderne du Piano. 1re Partie, Gammes harmonisées</title>. <pubPlace key="place_0392">Leipzig</pubPlace>, <publisher key="publ_1746">Hofmeister</publisher> geh. 1 Rt. 25 Ngr.</bibl>
<bibl id="hofm_1858_03_0039_17">– Op. <opus key="opus_1762">241</opus>. <title>Le Gondolier. Barcarolle sur un Thème de Donizetti</title>. Ebend. 15 Ngr.</bibl>
<bibl id="hofm_1858_03_0039_18"><composer key="compo_007942">Egghard, J.</composer>, Op. <opus key="opus_2066">29</opus>. <title>Simple Mélodie</title>. <pubPlace key="place_0731">Wien</pubPlace>, <publisher key="publ_3833">Spina</publisher> 10 Ngr.</bibl>
<bibl id="hofm_1858_03_0039_19">– Op. <opus key="opus_2131">30</opus>. <title>La Parisienne. Impromptu-Polka</title>. Ebend. 15 Ngr.</bibl>
<bibl id="hofm_1858_03_0039_20"><composer key="compo_011121">Gerville, L.P.</composer>, Op. <opus key="opus_3140">49</opus>. <title>Les Voiles blancs. Cantique pastoral</title>. <pubPlace key="place_0438">Mainz</pubPlace>, <publisher key="publ_3563">Schott</publisher> 45 Xr.</bibl>
<bibl id="hofm_1858_03_0039_21">– Op. <opus key="opus_3204">50</opus>. <title>Sous les Bambous. Rêverie-Nocturne sur une Mélodie nègre</title>. Ebend. 45 Xr.</bibl>
<bibl id="hofm_1858_03_0039_22">– Op. <opus key="opus_3244">51</opus>. <title>La bella Gondoliera. Barcarolle</title>. Ebend. 54 Xr.</bibl>
<bibl id="hofm_1858_03_0039_23"><composer key="compo_011557">Goldbeck, R.</composer>, Op. <opus key="opus_0684">14</opus>. <title>Une Larme. Elégie</title>. <pubPlace key="place_0044">Berlin</pubPlace>, <publisher key="publ_0393">B. u. Bock</publisher> 10 Ngr.</bibl>
<bibl id="hofm_1858_03_0039_24">– Op. <opus key="opus_1482">21</opus>. <title>Venezia. Scène de Lagunes</title>. <pubPlace key="place_0276">Hamburg</pubPlace>, <publisher key="publ_3605">Schuberth u. Co</publisher>. 15 Ngr.</bibl>
<bibl id="hofm_1858_03_0039_25"><composer key="compo_011590">Goldner, W.</composer>, <title>3 Charakterstücke. (Ungarisch. Sehnsucht. Grille.)</title> <pubPlace key="place_0276">Hamburg</pubPlace>, <publisher key="publ_3610">Fritz Schuberth</publisher> 15 Ngr.</bibl>
<bibl id="hofm_1858_03_0039_26"><composer key="compo_012535">Gurlitt, C.</composer>, Op. <opus key="opus_1390">20</opus>. <title>Sonate No. 3 (<key>Cm</key>.)</title>. <pubPlace key="place_0392">Leipzig</pubPlace>, <publisher key="publ_0437">Br. u. Härtel</publisher> 1 Rt.</bibl>
<pb n="40"/>
<wip id="hofm_1858_03_0040_01"><composer key="compo_014052">Heller, Steph.</composer>, Op. <opus key="opus_4542">89</opus>. <title>Spaziergänge eines Einsamen. 2te Folge. 6 Charakterstücke</title>. <title>Heft 1–3</title>. <pubPlace key="place_0392">Leipzig</pubPlace>, <publisher key="publ_2017">Kistner</publisher> à 1 Rt.</wip>
<bibl id="hofm_1858_03_0040_02"><composer key="compo_015945">Hünten, Franç</composer>, Op. <opus key="opus_1417">201</opus>. <title>Feuilles d’Album. 2 Rondeaux originaux. No. 1, La Vivandière. No. 2, En Avant</title>. <pubPlace key="place_0392">Leipzig</pubPlace>, <publisher key="publ_3773">Siegel</publisher> à 15 Ngr.</bibl>
<bibl id="hofm_1858_03_0040_03">– Op. <opus key="opus_1424">202</opus>. <title>Rondo magyare. Morceau brillant</title>. Ebend. 20 Ngr.</bibl>
<bibl id="hofm_1858_03_0040_04">– Op. <opus key="opus_1431">203</opus>. <title>Inspirations d’Automne. 3 Morceaux de Salon. No. 1, Armide. No. 2. Lucrezia. No. 3, Air suisse</title>. Ebend. à 17½ Ngr.</bibl>
<wip id="hofm_1858_03_0040_05"><composer key="compo_016670">Jäschke, H.</composer>, Op. <opus key="opus_3181">5</opus>, <title>4 Lieder ohne Worte</title>. <title>Heft 1. 2</title>. <pubPlace key="place_0276">Hamburg</pubPlace>, <publisher key="publ_3610">Fritz Schuberth</publisher> à 12½ Ngr.</wip>
<bibl id="hofm_1858_03_0040_06"><composer key="compo_016600">Jungmann, Alb.</composer>, Op. <opus key="opus_0198">108</opus>. <title>Air suisse (No. 4) varié</title>. <pubPlace key="place_0392">Leipzig</pubPlace>, <publisher key="publ_3773">Siegel</publisher> 17½ Ngr.</bibl>
<bibl id="hofm_1858_03_0040_07"><composer key="compo_016883">Kania, E.</composer>, Op. <opus key="opus_0684">14</opus>. <title>2 Etudes-Fantaisies. No. 1. 2</title>. <pubPlace key="place_0438">Mainz</pubPlace>, <publisher key="publ_3563">Schott</publisher> à 1 Fl.</bibl>
<bibl id="hofm_1858_03_0040_08"><composer key="compo_017141">Kehr</composer>, <composer key="compo_017838">Kloss</composer> u <composer key="compo_014062">Hellmandt</composer>, <title>Lieder ohne Worte</title>. <pubPlace key="place_0386">Langensalza</pubPlace>, <publisher key="publ_3618">Schulbuchhandlung</publisher> 7½ Ngr. n.</bibl>
<bibl id="hofm_1858_03_0040_09"><composer key="compo_019356">Köhler. L.</composer>, Op. <opus key="opus_2764">40</opus>. <title>Sonate (<key>F</key>) f. d. Klavierunterricht</title>. <pubPlace key="place_0181">Erfurt</pubPlace>, <publisher key="publ_2240">Körner</publisher> 15 Ngr.</bibl>
<bibl id="hofm_1858_03_0040_10">– Op. <opus key="opus_3140">49</opus>. <title>Sonate (<key>C</key>) f. d Klavierunterricht</title>. <pubPlace key="place_0181">Erfurt</pubPlace>, <publisher key="publ_2240">Körner</publisher> 15 Ngr.</bibl>
<bibl id="hofm_1858_03_0040_11">– Op. <opus key="opus_3244">51</opus>. <title>Les Papillons. Valse</title>. <pubPlace key="place_0276">Hamburg</pubPlace>, <publisher key="publ_3610">Fritz Schuberth</publisher> 15 Ngr.</bibl>
<bibl id="hofm_1858_03_0040_12"><composer key="compo_018913">Krug, D.</composer>, <title>Mode-Bibliothek. No. 39, Hommage à Pischek. Fantaisie. Op. <opus key="opus_0806">15</opus></title>. <pubPlace key="place_0276">Hamburg</pubPlace>, <publisher key="publ_3605">Schuberth u. Co</publisher>. 20 Ngr.</bibl>
<bibl id="hofm_1858_03_0040_13">– Op. <opus key="opus_3738">63</opus>. <title>Le petit Répertoire de l’Opéra pour des jeunes Pianistes. Morceaux très-fac. No. 13, Rossini, Barbier</title>. <pubPlace key="place_0276">Hamburg</pubPlace>, <publisher key="publ_3605">Schuberth u. Co</publisher>. 7½ Ngr.</bibl>
<bibl id="hofm_1858_03_0040_14">– Op. <opus key="opus_4214">78</opus>. <title>Le petit Répertoire pour des jeunes Pianistes. Morceaux populaires très-fac No. 11, Loreley. Transcription</title>. <pubPlace key="place_0276">Hamburg</pubPlace>, <publisher key="publ_3605">Schuberth u. Co</publisher>. 7½ Ngr.</bibl>
<bibl id="hofm_1858_03_0040_15">– Op. <opus key="opus_4722">98</opus>. <title>Waldvöglein. Valse romantique</title>. <pubPlace key="place_0276">Hamburg</pubPlace>, <publisher key="publ_3610">Fritz Schuberth</publisher> 20 Ngr.</bibl>
<bibl id="hofm_1858_03_0040_16"><composer key="compo_019922">Lange, O.H.</composer>, Op. <opus key="opus_4562">9</opus>. <title>Heckenröslein Uebertragungen beliebter Volksmelodien. No. 1, Volkslied aus Thüringen (Ach wie wär’s möglich dann). No. 2, Volkslied aus Tyrol (Da steh’ ich hier oben). No. 3, Volkslied aus Italien (Der Himmel lacht)</title>. <pubPlace key="place_0280">Hannover</pubPlace>, <publisher key="publ_2808">Nagel</publisher> à 7½ Ngr.</bibl>
<wip id="hofm_1858_03_0040_17"><composer key="compo_020320">Lefébure-Wély</composer>, <title>Impressions de Voyage</title>. <pubPlace key="place_0392">Leipzig</pubPlace>, <publisher key="publ_0437">Br. u. Härtel</publisher>. <lb/><title>Op. <opus key="opus_0299">113</opus>, Le Rêve de Graziella</title>. 15 Ngr. <lb/><title>Op. <opus key="opus_0314">114</opus>, Les Binioux de Naples</title>. 15 Ngr. <lb/><title>Op. <opus key="opus_0325">115</opus>, L’Invitation à la Mazourke</title>. 15 Ngr.</wip>
<bibl id="hofm_1858_03_0040_18">– Op. <opus key="opus_0335">116</opus>. <title>Rêverie</title>. Ebend. 15 Ngr.</bibl>
<bibl id="hofm_1858_03_0040_19">– Op. <opus key="opus_0347">117</opus>. <title>Les Babillardes. Caprice</title>. Ebend. 15 Ngr.</bibl>
<bibl id="hofm_1858_03_0040_20">–Op. <opus key="opus_0358">118</opus>.  <title>La Tunisienne. Marche militaire</title>. Ebend. 18 Ngr.</bibl>
<bibl id="hofm_1858_03_0040_21">– Op. <opus key="opus_0376">119</opus>. <title>Douce Souvenance. Nocturne</title>. Ebend. 15 Ngr.</bibl>
<wip id="hofm_1858_03_0040_22"><composer key="compo_020248">Lebert, S.</composer>, und <composer key="compo_032988">L. Stark</composer>, <title>Neue Jugendbibliothek in einer system. Reihe leicht ausführb, fasslicher Tonstücke</title>. <title>Heft 1, 3 Divertissements über deutsche u schwedische Volksweisen</title>. <title>Heft 2, Fantasie über 2 schottische Volksweisen. Amusement sur des Contredanses populaires de Paris. Rondino über russische Volksweisen</title>. <pubPlace key="place_0662">Stuttgart</pubPlace>, <publisher key="publ_1449">E. Hallberger</publisher> à 10 Ngr. n.</wip>
<bibl id="hofm_1858_03_0040_23"><composer key="compo_020773">Leybach, J.</composer>, Op. <opus key="opus_3181">5</opus>. <title>Fantaisie sur un Thème allemand</title>. <pubPlace key="place_0044">Berlin</pubPlace>, <publisher key="publ_0589">Challier u. Co</publisher>. 15 Ngr.</bibl>
<bibl id="hofm_1858_03_0040_24"><composer key="compo_021137">Liszt, Fr.</composer>, <title>Weimar’s Volkslied zur Karl August-Feier (September 1857), arr</title>. <pubPlace key="place_0720">Weimar</pubPlace>, <publisher key="publ_2257">Kühn</publisher> 15 Ngr.</bibl>
<bibl id="hofm_1858_03_0040_25"><composer key="compo_022612">Mayer, Ch.</composer>, Op. <opus key="opus_1856">255</opus>. <title>Mignon-Polka</title>. <pubPlace key="place_0044">Berlin</pubPlace>, <publisher key="publ_0393">B. u. Bock</publisher> 15 Ngr.</bibl>
<bibl id="hofm_1858_03_0040_26"><composer key="compo_023653">Moniot, E.</composer>, Op. <opus key="opus_2996">45</opus>. <title>Le Réveil des Oiseaux. Caprice Etude</title>. <pubPlace key="place_0044">Berlin</pubPlace>, <publisher key="publ_0393">B. u. Bock</publisher> 15 Ngr.</bibl>
<bibl id="hofm_1858_03_0040_27"><composer key="compo_025461">Osten, F. v.</composer>, Op. <opus key="opus_4562">9</opus>. <title>Valse-Rêverie</title>. <pubPlace key="place_0276">Hamburg</pubPlace>, <publisher key="publ_3610">Fritz Schuberth</publisher> 6 Ngr.</bibl>
<pb n="41"/>
<bibl id="hofm_1858_03_0041_01"><composer key="compo_025461">Osten, F. v.</composer>, Op. <opus key="opus_0021">10</opus>. <title>Uriella. Potpourri-Fantaisie aus dem gleichnamigen Ballet</title>. <pubPlace key="place_0276">Hamburg</pubPlace>, <publisher key="publ_3610">Fritz Schuberth</publisher> 1 Rt.</bibl>
<bibl id="hofm_1858_03_0041_02"><composer key="compo_025586">Pacher, J.A.</composer>, Op. <opus key="opus_2576">37</opus>. <title>Oesterreichische Volkshymne, v. Jos. Haydn, variirt</title>. <pubPlace key="place_0731">Wien</pubPlace>, <publisher key="publ_3833">Spina</publisher> 20 Ngr.</bibl>
<album id="hofm_1858_03_0041_03"><title>Pianoforte (das). Ausgewählte Sammlung älterer u. neuerer Original-Compositionen, red. von Fr. Liszt. 2ter Jahrg. 1stes Heft, <composer key="compo_014826">Hiller, Ferd.</composer>, Romanze. <composer key="compo_023659">Moniuszko, St.</composer>, Polonaise 3. <composer key="compo_029104">Rubinstein, Ant</composer>, Etude</title>. <pubPlace key="place_0662">Stuttgart</pubPlace>, <publisher key="publ_1449">E. Hallberger</publisher> Subscr.-Pr. f. 12 Hefte 3 Rt. n.</album>
<wip id="hofm_1858_03_0041_04"><composer key="compo_026846">Popp, W.</composer>, Op. <opus key="opus_0409">120</opus>. <title>Opern-Bibliothek. Die schönsten Arien, Duetten, Chöre u. s. w. aus neueren beliebten Opern als progress. Uebungen</title>. <title>Heft 1. 2</title>. <pubPlace key="place_0386">Langensalza</pubPlace>, <publisher key="publ_3618">Schulbuchhdl</publisher>. à 9 Ngr. n.</wip>
<bibl id="hofm_1858_03_0041_05"><title>Potpourris über Themen beliebter Opern. No. 121, Verdi, La Traviata. No. 122, Verdi, Il Trovatore</title>. <pubPlace key="place_0392">Leipzig</pubPlace>, <publisher key="publ_0437">Br. u. Härtel</publisher> à 20 Ngr.</bibl>
<bibl id="hofm_1858_03_0041_06"><title>Répertoire de l’Opéra à Berlin. Collection de Potpourris. No. 55, Auber, Fra Diavolo, arr. v. A. Conradi</title>. <pubPlace key="place_0044">Berlin</pubPlace>, <publisher key="publ_0393">B. u. Bock</publisher> 22½ Ngr.</bibl>
<bibl id="hofm_1858_03_0041_07"><composer key="compo_028717">Rolle, G.</composer>, <title>Le Désir. Pensée</title>. <pubPlace key="place_0044">Berlin</pubPlace>, <publisher key="publ_0589">Challier u. Co</publisher>. 10 Ngr.</bibl>
<bibl id="hofm_1858_03_0041_08"><composer key="compo_028855">Rosellen, Henri</composer>,Op. <opus key="opus_0902">157</opus>.  <title>La Prière à la Madonne, de Gordigiani. Méditation</title>. <pubPlace key="place_0392">Leipzig</pubPlace>, <publisher key="publ_1746">Hofmeister</publisher> 15 Ngr.</bibl>
<bibl id="hofm_1858_03_0041_09">– Op <opus key="opus_0911">158</opus>. <title>Fête champêtre</title>. Ebend. 17½ Ngr.</bibl>
<bibl id="hofm_1858_03_0041_10"><composer key="compo_029103">Rubinstein, A.</composer>, <title>2 Mélodies</title> <pubPlace key="place_0044">Berlin</pubPlace>, <publisher key="publ_0393">B. u. Bock</publisher> 15 Ngr.</bibl>
<bibl id="hofm_1858_03_0041_11"><composer key="compo_029119">Ruckgaber, J.</composer>, Op. <opus key="opus_3767">64</opus> <title>Une Fleur de Salon. Impromptu-Valse</title>. <pubPlace key="place_0344">Kieff</pubPlace>, <publisher key="publ_2094">Kocipinski</publisher> 1 Rt. 5 Ngr.</bibl>
<bibl id="hofm_1858_03_0041_12"><composer key="compo_031627">Schön, A.M.</composer>, <title>Fleur d’Hiver. Valse élégante</title>. <pubPlace key="place_0276">Hamburg</pubPlace>, <publisher key="publ_3610">Fritz Schuberth</publisher> 12½ Ngr.</bibl>
<bibl id="hofm_1858_03_0041_13"><composer key="compo_031182">Schulhoff, Jul.</composer>, Op. <opus key="opus_2996">45</opus>. <title>Chants d’Amitié. (Elégie. Toast. La Promesse.)</title> <pubPlace key="place_0392">Leipzig</pubPlace>, <publisher key="publ_3752">Senff</publisher> 25 Ngr.</bibl>
<bibl id="hofm_1858_03_0041_14"><composer key="compo_031215">Schultz, Mortimer</composer>, Op. <opus key="opus_1372">2</opus>. <title>Was die Vöglein sangen. Impromptu</title>. <pubPlace key="place_0082">Breslau</pubPlace>, <publisher key="publ_1445">Hainauer</publisher> 15 Ngr.</bibl>
<wip id="hofm_1858_03_0041_15"><composer key="compo_032801">Sponholtz, A.H.</composer>, Op. <opus key="opus_0392">12</opus>. <title>1er Bouquet musical</title>. <title>No. 1, Polonaise brill</title>. 7½ Ngr. <title>No. 2, Les Accords. Rondoletto</title>. <title>No. 3, Scherzo</title>. <title>No. 4, Mazurka graciosa</title>. à 5 Ngr. <title>No. 5, Romance</title>. 7½ Ngr. <title>No. 6, Preghiera</title>. 5 Ngr. <pubPlace key="place_0276">Hamburg</pubPlace>, <publisher key="publ_3605">Schuberth u. Co</publisher>. 20 Ngr.</wip>
<bibl id="hofm_1858_03_0041_16"><composer key="compo_033681">Struth, A.</composer>, Op. <opus key="opus_3385">55</opus>. <title>Souvenir à mon Village. Idylle</title>. <pubPlace key="place_0392">Leipzig</pubPlace>, <publisher key="publ_2017">Kistner</publisher> 10 Ngr.</bibl>
<bibl id="hofm_1858_03_0041_17">– Op. <opus key="opus_3454">57</opus>. <title>La Rêveuse. Morceau élégant</title>. <pubPlace key="place_0392">Leipzig</pubPlace>, <publisher key="publ_2017">Kistner</publisher> 12½ Ngr.</bibl>
<bibl id="hofm_1858_03_0041_18">– Op. <opus key="opus_3701">62</opus>. <title>Fleur de Printemps. Morceau romantique</title>. <pubPlace key="place_0392">Leipzig</pubPlace>, <publisher key="publ_2017">Kistner</publisher> 10 Ngr.</bibl>
<bibl id="hofm_1858_03_0041_19"><composer key="compo_034103">Talexy, Adr.</composer>, Op. <opus key="opus_4518">88</opus>. <title>Le Messager. Grand Galopp brill</title>. <pubPlace key="place_0392">Leipzig</pubPlace>, <publisher key="publ_0437">Br. u. Härtel</publisher> 15 Ngr.</bibl>
<bibl id="hofm_1858_03_0041_20">– Op. <opus key="opus_4639">93</opus>. <title>Marche des Fifres. Amusement militaire</title>. <pubPlace key="place_0392">Leipzig</pubPlace>, <publisher key="publ_0437">Br. u. Härtel</publisher> 18 Ngr.</bibl>
<bibl id="hofm_1858_03_0041_21"><composer key="compo_034210">Tedesco, Ign.</composer>, Op. <opus key="opus_4436">84</opus>. <title>Souvenance. 4me Nocturne</title>. <pubPlace key="place_0276">Hamburg</pubPlace>, <publisher key="publ_1900">Jowien</publisher> 15 Ngr.</bibl>
<bibl id="hofm_1858_03_0041_22">– Op. <opus key="opus_4639">93</opus>.<title> Fantaisie sur l’Opéra : Rigoletto, de Verdi</title>. <pubPlace key="place_0392">Leipzig</pubPlace>, <publisher key="publ_0437">Br. u. Härtel</publisher> 25 Ngr.</bibl>
<bibl id="hofm_1858_03_0041_23">– Op. <opus key="opus_4687">96</opus>. <title>Les Amourettes. Morceau brill</title>. <pubPlace key="place_0392">Leipzig</pubPlace>, <publisher key="publ_0437">Br. u. Härtel</publisher> 18 Ngr.</bibl>
<bibl id="hofm_1858_03_0041_24">– Op. <opus key="opus_4704">97</opus>. <title>Chanson à boire d’un Soldat</title>. Ebend. 12 Ngr.</bibl>
<wip id="hofm_1858_03_0041_25">– Op. <opus key="opus_4722">98</opus>. <title>In einsamen Stunden. 6 Klavierstücke</title>. <title>Heft 1. 2</title>. Ebend. à 18 Ngr.</wip>
<bibl id="hofm_1858_03_0041_26"><composer key="compo_035017">Tyszkiewicz, Th.</composer>, <title>3 Mazurkas</title>. <pubPlace key="place_0344">Kieff</pubPlace>, <publisher key="publ_2094">Kocipiński</publisher> 1 Rt. 5 Ngr.</bibl>
<bibl id="hofm_1858_03_0041_27"><composer key="compo_036022">Wallace, W.V.</composer>, Op. <opus key="opus_0531">13</opus>. <title>La petite Polka de Concert. <edition>Nouv. Edit</edition></title>. <pubPlace key="place_0276">Hamburg</pubPlace>, <publisher key="publ_3605">Schuberth u. Co</publisher>. 7½ Ngr.</bibl>
<pb n="42"/>
<bibl id="hofm_1858_03_0042_01"><composer key="compo_036022">Wallace, W.V.</composer>, Op. <opus key="opus_2131">30</opus>. <title>Nocturne mélodique</title>. <pubPlace key="place_0044">Berlin</pubPlace>, <publisher key="publ_0393">B. u. Bock</publisher> 15 Ngr.</bibl>
<bibl id="hofm_1858_03_0042_02">– Op. <opus key="opus_2347">33</opus>. <title>Kleine Fantasie über Themas aus Maritana</title>. <pubPlace key="place_0276">Hamburg</pubPlace>, <publisher key="publ_3605">Schuberth u. Co</publisher>. 10 Ngr.</bibl>
<bibl id="hofm_1858_03_0042_03">– Op. <opus key="opus_3316">53</opus>. <title>Barcarolle irlandaise</title>. <pubPlace key="place_0276">Hamb</pubPlace>., <publisher key="publ_3605">Schuberth u. Co</publisher>. 10 Ngr.</bibl>
<bibl id="hofm_1858_03_0042_04">– Op. <opus key="opus_4130">75</opus>. <title>Souvenir de Naples. Barcarole</title>. <pubPlace key="place_0276">Hamburg</pubPlace>, <publisher key="publ_3605">Schuberth u. Co</publisher>. 15 Ngr.</bibl>
<wip id="hofm_1858_03_0042_05"><composer key="compo_036519">Weiss, Jul.</composer>, Op. <opus key="opus_2458">35</opus>. <title>Le jeune Pianiste classique. Collection de célèbres Compositions d’une Difficulté progr</title>. <title>Cah. 1, Haydn (sans Octaves)</title>. 2 Rt. 5 Ngr. <title>Cah. 3, Mozart (mélées d’Octaves)</title>. 2 Rt. 20 Ngr. <pubPlace key="place_0044">Berlin</pubPlace>, <publisher key="publ_0393">B. u. Bock</publisher>.</wip>
<bibl id="hofm_1858_03_0042_06"><composer key="compo_036600">Wels, Ch.</composer>, Op. <opus key="opus_0392">12</opus>. <title>New-York. Concert-Polka</title>. <pubPlace key="place_0276">Hamburg</pubPlace>, <publisher key="publ_3605">Schuberth u. Co</publisher>. 15 Ngr.</bibl>
<bibl id="hofm_1858_03_0042_07"><composer key="compo_037246">Winterle, E.</composer>, Op. <opus key="opus_2996">45</opus>. <title>Rêve d’un Artiste. Idylle</title>. <pubPlace key="place_0731">Wien</pubPlace>, <publisher key="publ_3833">Spina</publisher> 15 Ngr.</bibl>
<bibl id="hofm_1858_03_0042_08">– Op. <opus key="opus_3029">46</opus>. <title>Alpen-Glühen. Salonstück</title>. Ebend. 10 Ngr.</bibl>
<bibl id="hofm_1858_03_0042_09"><composer key="compo_037356">Witwicki, Jos.</composer>, Op. <opus key="opus_2187">31</opus>. <title>Prières d’un Orphélin</title>. <pubPlace key="place_0344">Kieff</pubPlace>, <publisher key="publ_2094">Kocipiński</publisher> 20 Ngr.</bibl>
<bibl id="hofm_1858_03_0042_10"><composer key="compo_037492">Wolff, Ed.</composer>, Op. <opus key="opus_1134">176</opus>. <title>Marche funèbre</title>. <pubPlace key="place_0438">Mainz</pubPlace>, <publisher key="publ_3563">Schott</publisher> 45 Xr.</bibl>
<bibl id="hofm_1858_03_0042_11">– Op. <opus key="opus_1140">177</opus>. <title>Marche triomphale</title>. Ebend. 1 Fl.</bibl>
<bibl id="hofm_1858_03_0042_12">– Op. <opus key="opus_1417">201</opus>. <title>Emilie. Grande Valse brill</title>. <pubPlace key="place_0438">Mainz</pubPlace>, <publisher key="publ_3563">Schott</publisher> 1 Fl.</bibl>
<bibl id="hofm_1858_03_0042_13"><composer key="compo_037933">Zawadzki, M.</composer>, Op. <opus key="opus_1999">28</opus>. <title>Mélange de différents Thèmes en forme d’une Valse</title>. <pubPlace key="place_0344">Kieff</pubPlace>. <publisher key="publ_2094">Kocipiński</publisher> 25 Ngr.</bibl>
<bibl id="hofm_1858_03_0042_14">– Op. <opus key="opus_2347">33</opus>. <title>2 Mazurkas</title>. <pubPlace key="place_0344">Kieff</pubPlace>, <publisher key="publ_2094">Kocipiński</publisher> 25 Ngr.</bibl>
<bibl id="hofm_1858_03_0042_15">– Op. <opus key="opus_2509">36</opus>. <title>Valse-Etude</title>. <pubPlace key="place_0344">Kieff</pubPlace>. <publisher key="publ_2094">Kocipiński</publisher> 1 Rt.</bibl>
<bibl id="hofm_1858_03_0042_16"><composer key="compo_038123">Zietzschmann, C.F.</composer>, <title>Elégie</title>. <pubPlace key="place_0044">Berlin</pubPlace>, <publisher key="publ_0393">B. u. Bock</publisher> 15 Ngr.</bibl>
</div><div id="hofm_1858_03_0042_div08"><head><hofClass key="hofCl_0273">Ouvertüren für Pianoforte.</hofClass></head>
<bibl id="hofm_1858_03_0042_17"><composer key="compo_014919">Hirschbach, H.</composer>, Op. <opus key="opus_2996">45</opus>. <title>Ouvertüre zum Trauerspiel: Julius Cásar, von Shakespeare (No. 3), eing. v. H. Enke</title>. <pubPlace key="place_0392">Leipzig</pubPlace>, <publisher key="publ_3773">Siegel</publisher> 20 Ngr.</bibl>
<bibl id="hofm_1858_03_0042_18"><composer key="compo_022451">Massé, V.</composer>, <title>Ouvert. de l’Opéra : La Reine Topaze</title>. <pubPlace key="place_0438">Mainz</pubPlace>, <publisher key="publ_3563">Schott</publisher> 45 Xr.</bibl>
</div><div id="hofm_1858_03_0042_div09"><head><hofClass key="hofCl_0288">Tänze für Pianoforte.</hofClass></head>
<bibl id="hofm_1858_03_0042_19"><composer key="compo_002826">Beyer, Ferd.</composer>, Op. <opus key="opus_0666">139</opus>. <title>Le Bal d’Enfants. 2me Collection de Danses modernes. Suite 1, Valse. Polka. Valse. Suite 2, Polka. Valse. Mazurka</title>. <pubPlace key="place_0438">Mainz</pubPlace>, <publisher key="publ_3563">Schott</publisher> à 1 Fl.</bibl>
<bibl id="hofm_1858_03_0042_20"><composer key="compo_005027">Börner, A.</composer>, Op. <opus key="opus_1661">23</opus>. <title>Cäcilien-Tyrolienne</title>. <pubPlace key="place_0082">Breslau</pubPlace>, <publisher key="publ_1445">Hainauer</publisher> 10 Ngr.</bibl>
<bibl id="hofm_1858_03_0042_21">– Op. <opus key="opus_1731">24</opus>. <title>Flora-Polka-Mazurka</title>. Ebend. 7½ Ngr.</bibl>
<bibl id="hofm_1858_03_0042_22"><composer key="compo_005923">Conradi, A.</composer>, Op. <opus key="opus_3798">65</opus>. <title>Capricciosa-Polka-Mazurka</title>. <pubPlace key="place_0044">Berlin</pubPlace>, <publisher key="publ_0393">B. u. Bock</publisher> 7½ Ngr.</bibl>
<wip id="hofm_1858_03_0042_23"><composer key="compo_007224">Doppler, J.H.</composer>, <title>Schlesisches Tanzalbum</title>. <pubPlace key="place_0082">Breslau</pubPlace>, <publisher key="publ_1445">Hainauer</publisher>. <lb/><title>Op. <opus key="opus_2163">305</opus>, Der rasende Roland. Galopp</title>. 5 Ngr. <lb/><title>Op. <opus key="opus_2167">306</opus>, Bacchus-Polka</title>. 5 Ngr. <lb/><title>Op. <opus key="opus_2169">307</opus>, Man lebt nur einmal</title>. Polka. 5 Ngr.</wip>
<bibl id="hofm_1858_03_0042_24"><composer key="compo_007784">Eberstein, Osc</composer>, <title>Hortensia-Polka-Mazurka</title>. <pubPlace key="place_0201">Frankfurt a. O</pubPlace>., <publisher key="publ_2157">Kressner</publisher> 10 Ngr.</bibl>
<bibl id="hofm_1858_03_0042_25"><composer key="compo_008930">Faust, C.</composer>, Op. <opus key="opus_2670">39</opus> <title>Sidonia-Polka</title>. <pubPlace key="place_0201">Frankfurt a. O</pubPlace>., <publisher key="publ_2157">Kressner</publisher> 7½ Ngr.</bibl>
<bibl id="hofm_1858_03_0042_26">– Op. <opus key="opus_2804">41</opus>. <title>Lisinka. Polka-Mazurka</title> Ebend. 7½ Ngr.</bibl>
<bibl id="hofm_1858_03_0042_27">– Op. <opus key="opus_2850">42</opus>. <title>X-Polka</title>. Ebend. 7½ Ngr.</bibl>
<bibl id="hofm_1858_03_0042_28">– <title>Tänze im gefälligen Arrangement. Heft 3, Sans-souci-Polka. Studenten-Polka-Mazurka. Amanda-Galopp. Ton-Blumen-Walzer</title>. Ebend. 15 Ngr.</bibl>
<bibl id="hofm_1858_03_0042_29"><composer key="compo_011452">Gockel, A.</composer>, Op. <opus key="opus_2187">31</opus>. <title>Adonis-Redowa</title>. <pubPlace key="place_0276">Hamburg</pubPlace>, <publisher key="publ_3605">Schuberth u. Co</publisher>. 10 Ngr.</bibl>
<bibl id="hofm_1858_03_0042_30"><composer key="compo_012073">Griese, A.</composer>, Op <opus key="opus_0001">1</opus>. <title>Röschens Sehnsucht. Polka-Mazurka</title>. <pubPlace key="place_0201">Frankfurt a. O</pubPlace>., <publisher key="publ_2157">Kressner</publisher> 7½ Ngr.</bibl>
<bibl id="hofm_1858_03_0042_31"><composer key="compo_013945">Heinsdorff, G.</composer>, Op. <opus key="opus_3454">57</opus>. <title>Apollo-Galopp</title>. <pubPlace key="place_0044">Berlin</pubPlace>, <publisher key="publ_0393">B. u. Bock</publisher> 7½ Ngr.</bibl>
<pb n="43"/>
<bibl id="hofm_1858_03_0043_01"><composer key="compo_014455">Herrmann, A.</composer>, Op. <opus key="opus_3565">6</opus>. <title>Zwerg-Polka</title>. <pubPlace key="place_0082">Breslau</pubPlace>, <publisher key="publ_1445">Hainauer</publisher> 7½ Ngr.</bibl>
<bibl id="hofm_1858_03_0043_02"><composer key="compo_016489">Jonas, Anna</composer>, <title>Glöckchen-Polka-Mazurka</title>. <pubPlace key="place_0044">Berlin</pubPlace>, <publisher key="publ_0393">B. u. Bock</publisher> 10 Ngr.</bibl>
<bibl id="hofm_1858_03_0043_03"><composer key="compo_018057">Kocipiński, Ant.</composer>, <title>Hniw Handzi Ciaci Molodyczki. Polka</title>. <pubPlace key="place_0344">Kieff</pubPlace>, <publisher key="publ_2094">Kocipiński</publisher> 20 Ngr.</bibl>
<bibl id="hofm_1858_03_0043_04"><composer key="compo_019654">Labitzky, Jos.</composer>, Op. <opus key="opus_1700">235</opus>. <title>Les Plaisirs de la Vendange (Herbstfreuden). Polka-Mazurka</title>. <pubPlace key="place_0438">Mainz</pubPlace>, <publisher key="publ_3563">Schott</publisher> 27 Xr.</bibl>
<bibl id="hofm_1858_03_0043_05">– Op. <opus key="opus_1706">236</opus>. <title>Le Télégraphe. Galop</title>. Ebend. 36 Xr.</bibl>
<bibl id="hofm_1858_03_0043_06"><composer key="compo_020668">Leuchtenberg, E.</composer>, <title>Alexandrinen-Polka-Mazurka</title>. <pubPlace key="place_0044">Berlin</pubPlace>, <publisher key="publ_0589">Challier u. Co</publisher>. 5 Ngr.</bibl>
<bibl id="hofm_1858_03_0043_07"><composer key="compo_020694">Leutner, Alb.</composer>, Op. <opus key="opus_2670">39</opus>. <title>Troubadour-Quadrille</title>. <pubPlace key="place_0044">Berlin</pubPlace>, <publisher key="publ_0393">B. u. Bock</publisher> 10 Ngr.</bibl>
<bibl id="hofm_1858_03_0043_08"><composer key="compo_024704">Neumann, Edm.</composer>, Op. <opus key="opus_4017">71</opus> <title>Arabella. Quadrille brill</title>. <pubPlace key="place_0438">Mainz</pubPlace>, <publisher key="publ_3563">Schott</publisher> 36 Xr.</bibl>
<bibl id="hofm_1858_03_0043_09"><composer key="compo_033004">Stasny, L.</composer>, Op. <opus key="opus_3934">69</opus>. <title>Les deux Soeurs. 2 Varsovianas. No. 1. 2</title>. <pubPlace key="place_0438">Mainz</pubPlace>, <publisher key="publ_3563">Schott</publisher> à 27 Xr.</bibl>
<bibl id="hofm_1858_03_0043_10"><composer key="compo_034103">Talexy, Adr.</composer>, <title>Nantina. Polka-Mazurka</title>. <pubPlace key="place_0438">Mainz</pubPlace>, <publisher key="publ_3563">Schott</publisher> 36 Xr.</bibl>
<bibl id="hofm_1858_03_0043_11"><composer key="compo_036036">Wallerstein, A.</composer>, Op. <opus key="opus_0495">127</opus>. <title>La Maréchale (Regina). Polka-Mazurka</title>. <pubPlace key="place_0438">Mainz</pubPlace>, <publisher key="publ_3563">Schott</publisher> 27 Xr.</bibl>
<bibl id="hofm_1858_03_0043_12">– Op. <opus key="opus_0501">128</opus>. <title>L’Ecuyère. Franconi-Polka</title>. Ebend. 27 Xr.</bibl>
<bibl id="hofm_1858_03_0043_13"><composer key="compo_037933">Zawadzki, M.</composer>, Op. <opus key="opus_1802">25</opus>. <title>Polka d’Amitié</title>. <pubPlace key="place_0344">Kieff</pubPlace>, <publisher key="publ_2094">Kocipiński</publisher> 10 Ngr.</bibl>
<bibl id="hofm_1858_03_0043_14">– Op. <opus key="opus_1932">27</opus>. <title>Polichinelle-Polka</title>. Ebend. 15 Ngr.</bibl>
<bibl id="hofm_1858_03_0043_15">– Op. <opus key="opus_2066">29</opus>. <title>Marien-Polka</title>. Ebend. 15 Ngr.</bibl>
<bibl id="hofm_1858_03_0043_16">– Op. <opus key="opus_2403">34</opus>. <title>La Gracieuse. Polka-Mazurka</title>. Ebend. 15 Ngr.</bibl>
<bibl id="hofm_1858_03_0043_17">– Op. <opus key="opus_2670">39</opus>. <title>Zawadzki-Galopp</title>. Ebend. 20 Ngr.</bibl>
<bibl id="hofm_1858_03_0043_18"><composer key="compo_038122">Zietemann, L.</composer>, Op. <opus key="opus_0001">1</opus>. <title>Sophien-Walzer</title>. <pubPlace key="place_0044">Berlin</pubPlace>, <publisher key="publ_0589">Challier u. Co</publisher>. 5 Ngr.</bibl>
</div><div id="hofm_1858_03_0043_div10"><head><hofClass key="hofCl_0250">Märsche für Pianoforte.</hofClass></head>
<bibl id="hofm_1858_03_0043_19"><composer key="compo_013156">Hamm, J.V.</composer>, <title>Nouvelle Marche des Zouaves</title>. <pubPlace key="place_0438">Mainz</pubPlace>, <publisher key="publ_3563">Schott</publisher> 18 Xr.</bibl>
<bibl id="hofm_1858_03_0043_20">– <title>Sängerruf. Marsch</title>. Ebend. 18 Xr.</bibl>
<bibl id="hofm_1858_03_0043_21"><composer key="compo_035017">Tyszkiewicz, Th.</composer>, <title>Marche p. Musique militaire, transcrite</title>. <pubPlace key="place_0344">Kieff</pubPlace>, <publisher key="publ_2094">Kocipiński</publisher> 1 Rt.</bibl>
<bibl id="hofm_1858_03_0043_22"><composer key="compo_037933">Zawadzki, M.</composer>, Op. <opus key="opus_1881">26</opus>. <title>Tambour-Marche</title>. <pubPlace key="place_0344">Kieff</pubPlace>, <publisher key="publ_2094">Kocipiński</publisher> 20 Ngr.</bibl>
</div><div id="hofm_1858_03_0043_div11"><head><hofClass key="hofCl_0072">Lehrbücher für Pianoforte.</hofClass></head>
<bibl id="hofm_1858_03_0043_23"><composer key="compo_036519">Weiss, Jul.</composer>, <title>Praktische Pianoforte-Schule f. den ersten Unterricht. 1ster Theil, Vorkenntnisse, fünftönige Fingerübungen, Tonleitern u. Accorde. Uebungsstücke. <edition>Neue verb. Aufl</edition></title>. <pubPlace key="place_0044">Berlin</pubPlace>, <publisher key="publ_4330">Weiss</publisher> 1 Rt.</bibl>
<bibl id="hofm_1858_03_0043_24">– <title>Der kleine Pianoforteschüler. Kurzer Leitfaden f. d: ersten Unterricht. Auszug a. d. prakt. Pfteschule</title>. Ebend. 10 Ngr.</bibl>
</div><div id="hofm_1858_03_0043_div12"><head><hofClass key="hofCl_0225">Musik für Orgel.</hofClass></head>
<bibl id="hofm_1858_03_0043_25"><composer key="compo_006575">Davin, C.H.G.</composer>, Op. <opus key="opus_3181">5</opus>. <title>Hülfsbuch f. angehende Organisten, enth. leichte u. gef. Präludien, Choralvorspiele etc. zum Gebr. b. öffentl. Gottesdienste</title>. qu.-8. <pubPlace key="place_0181">Erfurt</pubPlace>, <publisher key="publ_2240">Körner</publisher> 10 Ngr.</bibl>
<bibl id="hofm_1858_03_0043_26"><composer key="compo_009185">Feye, C.</composer>, Op. <opus key="opus_1731">24</opus>. <title>18 leichte Vorspiele</title>. qu.-8. <pubPlace key="place_0181">Erfurt</pubPlace>, <publisher key="publ_2240">Körner</publisher> 7½ Ngr.</bibl>
<bibl id="hofm_1858_03_0043_27"><title>Kirchenpräludienbuch (evangelisches) zu jedem Choralbuche, hrsg. v. G.W. Körner. Heft 7</title>. 8vo. <pubPlace key="place_0181">Erfurt</pubPlace>, <publisher key="publ_2240">Körner</publisher> 3 Ngr. n.</bibl>
<bibl id="hofm_1858_03_0043_28"><composer key="compo_018621">Krauss, Th.</composer>, Op. <opus key="opus_0531">13</opus>. <title>24 Orgelvorspiele. 5tes Heft</title>. <pubPlace key="place_0386">Langensalza</pubPlace>, <publisher key="publ_3618">Schulbuchhdl</publisher>. 9 Ngr. n.</bibl>
<bibl id="hofm_1858_03_0043_29">– Op. <opus key="opus_1482">21</opus>. <title>15 Orgelstücke zum Gebr. b. öffentl. Gottesverehrungen, 4tes Heft</title>. Ebend. 9 Ngr. n.</bibl>
<wip id="hofm_1858_03_0043_30"><composer key="compo_023931">Mund, C.W.</composer>, Op. <opus key="opus_4562">9</opus>. <title>Vor- u. Nachspiele zum Gebr. beim öffentl. Gottesdienste</title>. <title>Heft 1, Leichtere Tonstücke</title>. 12 Ngr. <title>Heft 2, Schwerere Tonstücke</title>. 15 Ngr. qu.-8. <pubPlace key="place_0280">Hannover</pubPlace>, <publisher key="publ_2808">Nagel</publisher>.</wip>
<pb n="44"/>
<bibl id="hofm_1858_03_0044_01"><composer key="compo_029513">Sachs, J.G.</composer>, Op. <opus key="opus_3140">49</opus>. <title>16 charakteristische Orgelstücke zum Gebr. beim öffentl. Gottesdienste. Heft 2</title>. <pubPlace key="place_0386">Langensalza</pubPlace>, <publisher key="publ_3618">Schulbuchhdl</publisher>. 9 Ngr. n.</bibl>
<bibl id="hofm_1858_03_0044_02"><composer key="compo_033107">Stein, E.</composer>, Op. <opus key="opus_2116">3</opus>. <title>24 Kurze und leichte Orgel-Vorspiele</title>. <pubPlace key="place_0386">Langensalza</pubPlace>, <publisher key="publ_1607">Hentschel</publisher> 5 Ngr. n.</bibl>
<bibl id="hofm_1858_03_0044_03">– Op. <opus key="opus_2737">4</opus>. <title>Orgelstücke zum Gebr. beim öffentl. Gottesdienste</title>. Ebend. 6 Ngr.</bibl>
</div><div id="hofm_1858_03_0044_div13"><head><hofClass key="hofCl_0068">Kirchenmusik.</hofClass></head>
<bibl id="hofm_1858_03_0044_04"><composer key="compo_004360">Brosig, M.</composer>, Op. <opus key="opus_2066">29</opus>. <title>Kurze Messe f. 4 Singst., 2 Viol., Viola, Vcllo, Contrab., 2 Clarin., 2 Hörner u. Orgel (2 Fagotte, Tromp. u. Pauken ad lib.)</title>. <pubPlace key="place_0082">Breslau</pubPlace>, <publisher key="publ_1445">Hainauer</publisher> 3 Rt.</bibl>
<bibl id="hofm_1858_03_0044_05"><composer key="compo_007985">Ehrenstein, J.W. v.</composer>, <title>Charfreitags-Gesang f. 4 Singstimmen. <format>Part</format></title>. <pubPlace key="place_0052">Berum</pubPlace>, <publisher key="publ_0002">Abeken</publisher> 5 Ngr.</bibl>
<bibl id="hofm_1858_03_0044_06"><composer key="compo_016264">Janssen, N.A.</composer>, Op. <opus key="opus_2764">40</opus>. <title>Missa brevis et facilis pro Sopr., Alto, Tenore et Basso cum Organo. <format>Part. u. Stimmen</format></title>. <pubPlace key="place_0438">Mainz</pubPlace>, <publisher key="publ_3563">Schott</publisher> 2 Fl. 24 Xr.</bibl>
<wip id="hofm_1858_03_0044_07"><composer key="compo_019507">Kücken, Fr.</composer>, Op. <opus key="opus_3825">66</opus>. <title>Motetten f. d. evangel. Gottesdienst d. k. Hofkirche zu Stuttgart</title>. <title>No. 1, Motette auf die Fastenzeit</title>. 15 Ngr. <title>No. 2, Motette auf Ostern</title>. 20 Ngr. <title>No. 3, Motette auf Advent</title>. 15 Ngr. <format>Part. u. Stimmen</format>. <pubPlace key="place_0392">Leipzig</pubPlace>, <publisher key="publ_3752">Senff</publisher>.</wip>
<bibl id="hofm_1858_03_0044_08"><composer key="compo_024201">Müller, F.H.O. Ch.</composer>, Op. <opus key="opus_2116">3</opus>. <title>Zweistimmige Gesänge f. Landschulen, zum Gebr. bei liturgischen Andachten u. beim öffentl. Gottesdienste</title>. 8. <pubPlace key="place_0044">Berlin</pubPlace>, <publisher key="publ_0589">Challier u Co</publisher>. 12½ Ngr.</bibl>
<bibl id="hofm_1858_03_0044_09"><composer key="compo_030796">Schneider, Th.</composer>, Op. <opus key="opus_3565">6</opus>. <title>Der 25ste Psalm (Herr nach Dir verlangt mich) f. Sopran, Alt, Tenor u. Bass. <format>Part. u. Stimmen</format></title> (10 Ngr.). 8. <pubPlace key="place_0181">Erfurt</pubPlace>, <publisher key="publ_2240">Körner</publisher> 17½ Ngr.</bibl>
<bibl id="hofm_1858_03_0044_10"><composer key="compo_033607">Streck, P.</composer>, Op. <opus key="opus_2154">302</opus>. <title>12 der schönsten vierstimmigen Choräle aus älterer u. neuerer Zeit mit Begl. einer kleinen Blechmusik</title>. <pubPlace key="place_0475">München</pubPlace>, <publisher key="publ_3940">Streck</publisher> (<pubPlace key="place_0392">Leipzig</pubPlace>, <publisher key="publ_1746">Hofmeister</publisher>) 3 Fl. 30 Xr.</bibl>
</div><div id="hofm_1858_03_0044_div14"><head><hofClass key="hofCl_0020">Gesangstücke für Concertmusik mit Begleitung des Orchesters.</hofClass></head>
<bibl id="hofm_1858_03_0044_11"><composer key="compo_021137">Liszt, Fr.</composer>, <title>Weimar’s Volkslied zur Karl August-Feier (September 1857) f. 4 Männerstimmen, mit 2 Clarin., 2 Hörnern, 2 Fagotten, 2 Tromp., 3 Posaunen u. Pauken (od. Pfte). <format>Part</format></title>. <pubPlace key="place_0720">Weimar</pubPlace>, <publisher key="publ_2257">Kühn</publisher> 1 Rt. 2½ Ngr.</bibl>
<bibl id="hofm_1858_03_0044_12"><composer key="compo_031356">Schumann, R.</composer>, Op. <opus key="opus_0666">139</opus>. <title>Des Sängers Fluch, Ballade nach L. Uhland, von R. Pohl, f. Solostimmen, Chor u. Orchester</title>. No. 4 d. nachgel. Werke. <format>Partitur</format> cart. 9 Rt. <format>Orchesterstimmen</format> 7 Rt. <format>Solostimmen</format>. 8vo. 1 Rt. <format>Chorstimmen</format>. 8vo. 20 Ngr. <pubPlace key="place_0171">Elberfeld</pubPlace>, <publisher key="publ_0096">Arnold</publisher>.</bibl>
</div><div id="hofm_1858_03_0044_div15"><head><hofClass key="hofCl_0102">Mehrstimmige Gesänge mit und ohne Pianoforte.</hofClass></head>
<bibl id="hofm_1858_03_0044_13"><composer key="compo_012313">Grädener, C.G.P.</composer>, Op. <opus key="opus_2509">36</opus>. <title>Zwiegesang der Elfen. Ein Nachtstück f. 6stimmigen Chor, Solostimmen u. kl. Orch</title>. <format>Klavierauszug</format> 1 Rt. 10 Ngr. <format>Solo- u. Chorstimmen</format>. 8vo. 1 Rt. <pubPlace key="place_0276">Hamburg</pubPlace>, <publisher key="publ_3610">Fritz Schuberth</publisher>.</bibl>
<bibl id="hofm_1858_03_0044_14"><composer key="compo_017551">Kittan. G.</composer>, <title>4 geistliche Gesänge f. Sopran, Alt, Tenor u. Bass. (Ins stille Land. Verleih’ uns Frieden. Nimm uns in deine Vaterhut. Fünf Brünnlein sind’s.) <format>Part. u. Stimmen</format></title>. 8. <pubPlace key="place_0392">Leipzig</pubPlace>, <publisher key="publ_0437">Br. u. Härtel</publisher> 1 Rt. 5 Ngr.</bibl>
<pb n="45"/>
<bibl id="hofm_1858_03_0045_01"><composer key="compo_022297">Marschner, H.</composer>, Op. <opus key="opus_0759">145. No. 3</opus>. <title>Die tanzenden Mädchen. Duett f. 2 Soprane mit Pfte</title>. <pubPlace key="place_0392">Leipzig</pubPlace>, <publisher key="publ_2017">Kistner</publisher> 17½ Ngr.</bibl>
<bibl id="hofm_1858_03_0045_02"><composer key="compo_023136">Mettner, C.</composer>, Op. <opus key="opus_3967">7</opus>. <title>Des Preussen Vaterland. Gedicht v. Gärtner, f. vollen Männerchor. <format>Part. u. Stimmen</format></title> (10 Ngr.). 8. <pubPlace key="place_0181">Erfurt</pubPlace>, <publisher key="publ_2240">Körner</publisher> 15 Ngr.</bibl>
<album id="hofm_1858_03_0045_03"><title>Sängerkranz. Ein Archiv von Original-Compositionen aller Art f. Männerchor, hrsg. v. G. W. Körner. 2tes Heft. (<composer key="compo_023136">C. Mettner</composer>, weisse Rosen. <composer key="compo_020367">H. Lehmann</composer>, Nach der Heimath. Hüttelein still und klein. Blauäugelein. <composer key="compo_030385">H.M. Schletterer</composer>, Abschied. <composer key="compo_019399">A. König</composer>, Lebt wohl ihr blauen Augen. <composer key="compo_019558">J.N.W. Kühne</composer>, Frühling. <composer key="compo_014364">Hermann</composer>. Noch ist Deutschland nicht verloren.) <format>Part</format></title>. 8. <pubPlace key="place_0181">Erfurt</pubPlace>, <publisher key="publ_2240">Körner</publisher> 3 Ngr. n.</album>
<bibl id="hofm_1858_03_0045_04"><composer key="compo_031357">Schumann, Rob.</composer>, Op. <opus key="opus_0720">141</opus>. <title>4 doppelchörige Gesänge. (An die Sterne. Ungewisses Licht. Zuversicht. Talismane.) 6tes Werk a. d. Nachl. <format>Part. u. Stimmen</format></title>. <pubPlace key="place_0392">Leipzig</pubPlace>, <publisher key="publ_2017">Kistner</publisher> 2 Rt. 25 Ngr.</bibl>
<bibl id="hofm_1858_03_0045_05"><composer key="compo_033355">Stiehl, H.</composer>, Op. <opus key="opus_2347">33</opus>. <title>Der kühne Schiffer. Ballade f. Chor u. Solostimmen mit Pfte. <format>Klavierauszug u. Singstimmen</format></title>. <pubPlace key="place_0392">Leipzig</pubPlace>, <publisher key="publ_0437">Br. u. Härtel</publisher> 25 Ngr.</bibl>
<bibl id="hofm_1858_03_0045_06"><composer key="compo_035464">Vierling, G.</composer>, Op. <opus key="opus_1165">18</opus>. <title>Hafislieder f. vierst. Männerchor. (Wenn All<unclear>e</unclear>s ewig vorbedacht. Ich bin auf ihren Wegen. Wein, o Schenke. O welche Treue.) <format>Part. u. Stimmen</format></title>. 8. <pubPlace key="place_0392">Leipzig</pubPlace>, <publisher key="publ_0437">Br. u. Härtel</publisher> 25 Ngr.</bibl>
<bibl id="hofm_1858_03_0045_07">– Op. <opus key="opus_1271">19</opus>. <title>4 Quartetten f. Sopran, Alt, Tenor u. Bass. (Im Wald. Zigeunerlied. Willkommene Ruhe. Friede den Schlummerern.) <format>Part. u. Stimmen</format></title>. 8. Ebend. 1 Rt. 5 Ngr.</bibl>
</div><div id="hofm_1858_03_0045_div16"><head><hofClass key="hofCl_0268">Opernmusik mit Pianofortebegleitung.</hofClass></head>
<bibl id="hofm_1858_03_0045_08"><composer key="compo_001911">Bazin, Franç.</composer>, <title>Meister Pathelin (Maitre Pathelin). Komische Oper Vollst. <format>Klavierauszug</format> mit franz. u. deutschem Texte</title>. <pubPlace key="place_0438">Mainz</pubPlace>, <publisher key="publ_3563">Schott</publisher> geh. 4 Fl. 48 Xr.</bibl>
<wip id="hofm_1858_03_0045_09"><composer key="compo_035403">Verdi, Jos.</composer>, <title>Der Troubadour (Il Trovatore). Oper</title>. <pubPlace key="place_0731">Wien</pubPlace>, <publisher key="publ_3833">Spina</publisher>. 
    <listBibl rend="curly"><bibl><seg><title>No. 10, Cav. (Sopr. od. T.)</title>:</seg> <seg rend="curly-left" id="hofm_1858_03_0045_09_1"> <title>In deines Kerkers tiefe Nacht. D’amor sull’ ali rose</title>.</seg> <seg rend="curly-left" id="hofm_1858_03_0045_09_2">à 10 Ngr. </seg></bibl>
        <bibl><seg> Idem (Alt od. Bar.):</seg> <seg sameAs="hofm_1858_03_0045_09_1"/><seg sameAs="hofm_1858_03_0045_09_2"/> </bibl>
        <bibl><seg>– <title>11, Cav. (Sopr. od. T.)</title>: </seg><seg rend="curly-left" id="hofm_1858_03_0045_09_3"><title>Sieh! meiner heissen Thränen Fluth. Mira, di acerbe lagrime</title>.</seg> <seg rend="curly-left" id="hofm_1858_03_0045_09_4">à 7½ Ngr. </seg></bibl>
        <bibl><seg> Idem (Alt od. Bar.):</seg> <seg sameAs="hofm_1858_03_0045_09_3"/><seg sameAs="hofm_1858_03_0045_09_4"/> </bibl>
        <bibl><seg>– <title>12, Schlusscav. (Sopr. od. Tenor)</title>:</seg>  <seg rend="curly-left" id="hofm_1858_03_0045_09_5"><title>Befreit, o welche Seligkeit. Vivrà! contende</title>.</seg> <seg rend="curly-left" id="hofm_1858_03_0045_09_6">à 7½ Ngr. </seg></bibl>
        <bibl> <seg>Idem (Alt od. Bar.):</seg> <seg sameAs="hofm_1858_03_0045_09_5"/><seg sameAs="hofm_1858_03_0045_09_6"/></bibl>
    </listBibl></wip>
</div><div id="hofm_1858_03_0045_div17"><head><hofClass key="hofCl_0040">Gesänge für eine Stimme mit Begleitung des Pianoforte.</hofClass></head>
<bibl id="hofm_1858_03_0045_10"><composer key="compo_003335">Blumenthal, J.</composer>, <title>Les Etoiles (Die Sterne). Mélodie</title>. <pubPlace key="place_0438">Mainz</pubPlace>, <publisher key="publ_3563">Schott</publisher> 36 Xr.</bibl>
<bibl id="hofm_1858_03_0045_11"><composer key="compo_003736">Bordèse, L.</composer>, <title>Charlotte Corday. Scène dramatique. Mit franz. u. deutschem Texte</title>. <pubPlace key="place_0438">Mainz</pubPlace>, <publisher key="publ_3563">Schott</publisher> 54 Xr.</bibl>
<bibl id="hofm_1858_03_0045_12"><composer key="compo_007839">Ecker, C.</composer>, Op. <opus key="opus_3181">5</opus>. <title>4 Lieder f. Sopran (od. Tenor). Mit deutschem u. englischem Texte. (Gleich und gleich. Du weisst es wohl. Wehmuth. Herbstlied.)</title> <pubPlace key="place_0276">Hamburg</pubPlace>, <publisher key="publ_3605">Schuberth u. Co</publisher>. 15 Ngr.</bibl>
<bibl id="hofm_1858_03_0045_13"><composer key="compo_007985">Ehrenstein, J.W. v.</composer>, Op. <opus key="opus_0001">1</opus>. <title>3 Gesänge f. Sopran (od. Tenor). (Der Seemann. Der Mohrenkönig. Morgenlied.)</title> <pubPlace key="place_0052">Berum</pubPlace>, <publisher key="publ_0002">Abeken</publisher> 10 Ngr.</bibl>
<bibl id="hofm_1858_03_0045_14">– <title>Op. <opus key="opus_3181">5</opus>. Liebesbotschaft. Dichtung v. R. Reinick, f. Tenor (od. Sopran)</title>. <pubPlace key="place_0052">Berum</pubPlace>, <publisher key="publ_0002">Abeken</publisher> 7½ Ngr.</bibl>
<pb n="46"/>
<wip id="hofm_1858_03_0046_01"><composer key="compo_007985">Ehrenstein, J.W. v.</composer>, Op. <opus key="opus_0392">12</opus>. <title>Zu Volksweisen. Lieder und Gesänge im Volkston, von E. Geibel</title>. <title>No. 1, Neapolitanisch</title>. 7½ Ngr. <title>No. 2, Schottisch</title>. <title>No. 3, Russisch</title>. <title>No. 4, Französisch</title>. <title>No. 5, Deutsch (Wenn ich an dich)</title>. <title>No. 6, Deutsch (Mag auch heiss)</title>. à 5 Ngr. <pubPlace key="place_0052">Berum</pubPlace>, <publisher key="publ_0002">Abeken</publisher>.</wip>
<bibl id="hofm_1858_03_0046_02"><composer key="compo_011590">Goldner, W.</composer>, Op. <opus key="opus_1372">2</opus>. <title>3 Gesänge f. Bass (od. Bariton). Des Müden Abendlied. Gondoliera. Im Rhein</title>. <pubPlace key="place_0276">Hamburg</pubPlace>, <publisher key="publ_3610">Fritz Schuberth</publisher> 12½ Ngr.</bibl>
<bibl id="hofm_1858_03_0046_03"><composer key="compo_014328">Hering, C.</composer>, Op. <opus key="opus_1584">22</opus>. <title>Der Christbaum. Legende</title>. <pubPlace key="place_0392">Leipzig</pubPlace>, <publisher key="publ_2017">Kistner</publisher> 10 Ngr.</bibl>
<bibl id="hofm_1858_03_0046_04"><composer key="compo_015026">Hoff, Fr.</composer>, Op. <opus key="opus_2804">41</opus>. <title>Das Portrait der Geliebten. Gedicht v. E. Bochden</title>. <pubPlace key="place_0044">Berlin</pubPlace>, <publisher key="publ_0589">Challier u. Co</publisher>. 5 Ngr.</bibl>
<bibl id="hofm_1858_03_0046_05"><composer key="compo_018057">Kocipiński, Ant.</composer>, <title>Hniw Handzi Ciaci Molodyczki</title>. <pubPlace key="place_0344">Kieff</pubPlace>, <publisher key="publ_2094">Kocipiński</publisher> 20 Ngr.</bibl>
<bibl id="hofm_1858_03_0046_06"><composer key="compo_020968">Lindblad, A.F.</composer>, <title>Schwedische Lieder mit deutscher Uebertragung, Cah. 14, Barfuss. Der Entfernte. Die Schwester</title>. <pubPlace key="place_0276">Hamburg</pubPlace>, <publisher key="publ_3605">Schuberth u. Co</publisher>. 15 Ngr.</bibl>
<bibl id="hofm_1858_03_0046_07"><composer key="compo_021137">Liszt, Fr.</composer>, <title>Weimar’s Volkslied zur Karl August-Feier (September 1857)</title>. <pubPlace key="place_0720">Weimar</pubPlace>, <publisher key="publ_2257">Kühn</publisher> 17½ Ngr.</bibl>
<bibl id="hofm_1858_03_0046_08"><composer key="compo_022061">Mampé-Babnigg, Emma</composer>, Op. <opus key="opus_3565">6</opus>. <title>3 Lieder. (Die Thräne. Wie Mondschein so golden. Trockne Thränen.)</title> <pubPlace key="place_0276">Hamburg</pubPlace>, <publisher key="publ_3610">Fritz Schuberth</publisher> 15 Ngr.</bibl>
<bibl id="hofm_1858_03_0046_09"><composer key="compo_022727">Mechelon, Th. van</composer>, <title>Le Bal. Romance</title>. <pubPlace key="place_0438">Mainz</pubPlace>, <publisher key="publ_3563">Schott</publisher> 27 Xr.</bibl>
<bibl id="hofm_1858_03_0046_10">– <title>Le Passé. Romance</title>. Ebend. 18 Xr.</bibl>
<bibl id="hofm_1858_03_0046_11"><composer key="compo_023890">Mozart, W.A.</composer>, <title>Abend ist es (Now ’tis eve)</title>. <pubPlace key="place_0276">Hamburg</pubPlace>, <publisher key="publ_3605">Schuberth u. Co</publisher>. 5 Ngr.</bibl>
<bibl id="hofm_1858_03_0046_12"><composer key="compo_024514">Neeb, H.</composer>, Op. <opus key="opus_1068">17</opus>. <title>Die Sonn’ hebt an vom Wolkenzelt. Lied von E. Geibel, f. Sopran (od. Tenor)</title>. <pubPlace key="place_0392">Leipzig</pubPlace>, <publisher key="publ_1746">Hofmeister</publisher> 7½ Ngr.</bibl>
<bibl id="hofm_1858_03_0046_13">– Op. <opus key="opus_1165">18</opus>. <title>Das Fischermädchen. Romanze</title>. Ebend. 7½. Ngr.</bibl>
<bibl id="hofm_1858_03_0046_14"><composer key="compo_025935">Pax, C.E.</composer>, <title>Der heilige Abend vor Weihnachten. Lied von C. Müchler</title>. <pubPlace key="place_0181">Erfurt</pubPlace>, <publisher key="publ_2240">Körner</publisher> 5 Ngr.</bibl>
<bibl id="hofm_1858_03_0046_15"><composer key="compo_028286">Richter, L.</composer>, Op. <opus key="opus_2737">4</opus>. <title>Gesänge. 1stes Heft, Lebewohl. Beim Moadschein. Morgenlied. Aufdem Wasser</title>. <pubPlace key="place_0044">Berlin</pubPlace>, <publisher key="publ_0589">Challier u. Co</publisher>. 10 Ngr.</bibl>
<bibl id="hofm_1858_03_0046_16"><composer key="compo_030652">Schmitt, G.A.</composer>, <title>Sohn, Op. <opus key="opus_1381">2. No. 3</opus>. Der Schifferknabe. Lied von W. Kilzer</title>. <pubPlace key="place_0392">Leipzig</pubPlace>, <publisher key="publ_1746">Hofmeister</publisher> 5 Ngr.</bibl>
<bibl id="hofm_1858_03_0046_17"><composer key="compo_030775">Schneider, Jul.</composer>, Op. <opus key="opus_3204">50</opus>. <title>6 Lieder f. tiefe Stimme. (Der Liebe im Vereine. Der Wanderstab. Noch ist die blühende goldene Zeit. In dem Himmel ruht die Erde. Sommernacht. Heraus.)</title> <pubPlace key="place_0181">Erfurt</pubPlace>, <publisher key="publ_2240">Körner</publisher> 22½ Ngr.</bibl>
<bibl id="hofm_1858_03_0046_18"><composer key="compo_030714">Schnabel, C.</composer>, Op. <opus key="opus_4326">80</opus>. <title>Humor. Ein Cyclus scherzhafter Lieder. No. 3, Wie sich die Leute verstellen. No. 4, Der Raisonneur. No. 5, Der Musikus No. 6, Radiesel</title>. <pubPlace key="place_0082">Breslau</pubPlace>, <publisher key="publ_1445">Hainauer</publisher> à 7½ Ngr.</bibl>
<bibl id="hofm_1858_03_0046_19"><composer key="compo_030896">Scholz, B.</composer>, Op. <opus key="opus_4562">9</opus>. <title>3 Lieder f. Bass. (Vanitas, Vanitatum, Vanitas! Zechlied. Trinklied.)</title> <pubPlace key="place_0438">Mainz</pubPlace>, <publisher key="publ_3563">Schott</publisher> 27 Xr.</bibl>
<bibl id="hofm_1858_03_0046_20"><composer key="compo_032513">Sobirey, Gust.</composer>, Op. <opus key="opus_2737">4</opus>. <title>3 Gesänge f. Bass. (Der Jäger. Die zwei Särge. Der Winter.)</title> <pubPlace key="place_0082">Breslau</pubPlace>, <publisher key="publ_1445">Hainauer</publisher> 15 Ngr.</bibl>
<bibl id="hofm_1858_03_0046_21"><composer key="compo_033731">Sturm, Ed.</composer>, <title>Um Mitternacht. Gedicht v. J. Rodenberg, f. Sopran</title>. <pubPlace key="place_0280">Hannover</pubPlace>, <publisher key="publ_2808">Nagel</publisher> 7½ Ngr.</bibl>
<bibl id="hofm_1858_03_0046_22"><composer key="compo_035393">Venzano, L.</composer>, <title>L’Arrivo. Romanza p. Baritono</title>. <pubPlace key="place_0437">Mailand</pubPlace>, <publisher key="publ_3241">Ricordi</publisher> 1½ Fr.</bibl>
<bibl id="hofm_1858_03_0046_23"><title>Volkslied (allemannisches). Mei Dirnderl is harb auf mi</title>. <pubPlace key="place_0044">Berlin</pubPlace>, <publisher key="publ_0589">Challier u. Co</publisher>. 5 Ngr.</bibl>
<bibl id="hofm_1858_03_0046_24"><composer key="compo_037138">Wilsing, F.E.</composer>, <title>4 Gesänge f. tiefe Stimme. (Wiegenlied. Der Augeublick. Vorübergegangen. Geh’ du nur hin!)</title> <pubPlace key="place_0044">Berlin</pubPlace>, <publisher key="publ_0393">B. u. Bock</publisher> 15 Ngr.</bibl>
<bibl id="hofm_1858_03_0046_25">– <title>Das Lied vom Schmetterling, von Herder, f. Sopran</title>. Ebend. 10 Ngr.</bibl></div>
<pb n="47"/>
<div id="hofm_1858_03_0047_div18"><head><hofClass key="hofCl_0287">Theoretische Werke.</hofClass></head>
<bibl id="hofm_1858_03_0047_01"><author>Chrysander, Friedr.</author>, <title>G.F. Händel. Ister Band</title>. gr.-8. <pubPlace key="place_0392">Leipzig</pubPlace>, <publisher key="publ_0437">Br. u. Härtel</publisher> geh. 2 Rt. 15 Ngr. n.</bibl>
<bibl id="hofm_1858_03_0047_02"><author>Lehmann, J.G.</author>, <title>Theoretisch-praktische Harmonie- und Compositionslehre. 3tes Heft (Schluss)</title>. gr.-8. <pubPlace key="place_0181">Erfurt</pubPlace>, <publisher key="publ_2240">Körner</publisher> geh. 15 Ngr. *n.</bibl>
<bibl id="hofm_1858_03_0047_03"><author>Marx, A.B.</author>, <title>Musikalische Compositionslehre, praktisch-theoretisch. 1ster Theil. <edition>5te verb. Ausg</edition></title>. gr.-8. <pubPlace key="place_0392">Leipzig</pubPlace>, <publisher key="publ_0437">Br. u. Härtel</publisher> geh. 3 Rt. n.</bibl>
</div></body></text></TEI.2>