<?xml version="1.0" encoding="utf-8"?>
<!DOCTYPE TEI.2
  SYSTEM "../../dtd/tei/cch_tei.dtd">
<TEI.2 id="hofm_1862_03">
<teiHeader type="text"><fileDesc><titleStmt><title>März 1862</title></titleStmt><publicationStmt><p/></publicationStmt><sourceDesc><p/></sourceDesc></fileDesc><profileDesc><langUsage><language id="ger">German</language><language id="fre">French</language><language id="ita">Italian</language></langUsage></profileDesc><revisionDesc><change><date>2007-09-20</date><respStmt><name>EP</name></respStmt><item>missing @id added</item></change><change><date>2007-04-27</date><respStmt><name>RV</name></respStmt><item>Changed "biblGroup" elements in "listBibl"</item></change><change><date>2007-03-01</date><respStmt><name>EP</name></respStmt><item>Checked curly brackets</item></change><change><date>2007-02-27</date><respStmt><name>EP</name></respStmt><item>Encoded curly brackets</item></change><change><date>2006-12-19</date><respStmt><name>EP</name></respStmt><item>sic and unclear moved outside elements pubplaces, publisher, composer, hofclass, key, opus</item></change><change><date>2007-01-28</date><respStmt><name>Sarah</name></respStmt><item>Removed incorrect author tags.</item></change><change><date>2007-01-05</date><respStmt><name>Liz</name></respStmt><item>pp. 47, 50, 53 Russian transliteration amended</item></change><change><date>2006-07-13</date><respStmt><name>Liz</name></respStmt><item>pp. 47, 50, 53 Russian transliteration added</item></change><change><date>2005-09-06</date><respStmt><name>Liz</name></respStmt><item>one change</item></change><change><date>2005-08-04</date><respStmt><name>Sarah</name></respStmt><item>Corrections following checking pages.</item></change><change><date>2005-06-15</date><respStmt><name>Sarah</name></respStmt><item>First encoding.</item></change><change><date>2005-06-10</date><respStmt><name>Liz</name></respStmt><item>pasting in and checking automated tagging</item></change></revisionDesc></teiHeader>
<text><body><pb n="42"/><head>März 1862.</head>
<div id="hofm_1862_03_0042_div01"><head><hofClass key="hofCl_0164">Musik für Orchester.</hofClass></head>
<bibl id="hofm_1862_03_0042_01"><composer key="compo_001514">Bargiel, W.</composer>, Op. <opus key="opus_1584">22</opus>. <title>Ouvertüre zu Medea</title>. <pubPlace key="place_0082">Breslau</pubPlace>, <publisher key="publ_2386">Leuckart</publisher>. <format>Partitur</format> 8. geh. 1 Rt. 20 Ngr. <format>Orchesterstimmen</format> 2 Rt.</bibl>
<bibl id="hofm_1862_03_0042_02"><composer key="compo_008936">Faust, K.</composer>, Op. <opus key="opus_4326">80</opus>, <title>Veronika-Polka-Mazurka, und: R. Piefke, Op. <opus key="opus_2737">4</opus>, Vorwärts! Marsch, f. Orch</title>. <pubPlace key="place_0201">Frankfurt a/O</pubPlace>., <publisher key="publ_2157">Kressner</publisher> 1 Rt. 10 Ngr.</bibl>
<bibl id="hofm_1862_03_0042_03">– Op. <opus key="opus_4354">81</opus>, <title>Froh und heiter, Galopp, und: R. Piefke, Op. <opus key="opus_3565">6</opus>, Augusta-Polka-Mazurka, f. Orch</title>. Ebend. 1 Rt. 10 Ngr.</bibl>
<bibl id="hofm_1862_03_0042_04">– Op. <opus key="opus_4377">82</opus>, <title>Tausendschön-Polka, und: R. Piefke, Op. <opus key="opus_3967">7</opus>, Lebenslust-Galopp, f. Orch</title>. Ebend. 1 Rt. 10 Ngr.</bibl>
<bibl id="hofm_1862_03_0042_05"><composer key="compo_010502">Gade, N.W.</composer>, Op. <opus key="opus_2670">39</opus>. <title>Michel Angelo. Concert-Ouvertüre f. Orch</title>. <pubPlace key="place_0392">Leipzig</pubPlace>, <publisher key="publ_2017">Kistner</publisher>. <lb/><format>Partitur</format> 8. geh. 1 Rt. 15 Ngr. <lb/><format>Orchesterstimmen</format> 3 Rt.</bibl>
<bibl id="hofm_1862_03_0042_06"><composer key="compo_028970">Rossini, G.</composer>, <title>Ouvertüre zur Oper Semiramide, arr. f. 8-, 12-, 15-bis 18st. Orch. v. J. Fastlinger. (No. 37.)</title> <pubPlace key="place_0475">München</pubPlace>, <publisher key="publ_0028">Aibl</publisher> 2 Rt. 20 Ngr.</bibl>
<bibl id="hofm_1862_03_0042_07"><composer key="compo_033004">Stasny, L.</composer>, Op. <opus key="opus_4671">95</opus>. <title>Zechbrüder-Galopp f. gr. Orch</title>. <pubPlace key="place_0438">Mainz</pubPlace>, <publisher key="publ_3563">Schott</publisher> 2 Rt. 24 Xr.</bibl>
<bibl id="hofm_1862_03_0042_08"><composer key="compo_033607">Streck, P.</composer>, Op. <opus key="opus_2443">347</opus>. <title>Auf, der Sturm bricht los! oder Erinnerung an unsere alten verlebten Feldherrn. Grosses militärisches Tongemälde f. vollst. Harmonie mit türkischer Musik (4st. Gesang ad lib.)</title>. <pubPlace key="place_0475">München</pubPlace>, <publisher key="publ_3940">Streck</publisher> (<pubPlace key="place_0392">Leipzig</pubPlace>, <publisher key="publ_1746">Hofmeister</publisher>) 5 Fl.</bibl>
<bibl id="hofm_1862_03_0042_09">– Op. <opus key="opus_2444">348</opus>. <title>12 Stücke f. Harmonie u. türkische Musik. (Reichthum der Töne, Potpourri. Haydn, Arie a. d. Vier Jahreszeiten. Herzog Ernst v. Koburg, An die deutsche Trikolore. Schubert, Lob der Thränen. 4 Feldschritte. Mazurka. Händel, Festmarsch a. Josua. Lully, Festmarsch a. Alys. Méhul, Hymne.)</title> Ebend. 5 Fl.</bibl>
<bibl id="hofm_1862_03_0042_10">– Op. <opus key="opus_2445">349</opus>. <title>9 Stücke f. Harmonie mit türkischer Musik. (Die musikalischen Schwelgereien, Potpourri. Konversationsstück. König Otto-Marsch. Der Kirchgänger, Andante. Die Tafelmusik. Flotow, Mazurka a. Indra. Polka. Der Quartiermacher, Marsch. Schottisch.)</title> Ebend. 3 Fl. 12 Xr.</bibl>
<bibl id="hofm_1862_03_0042_11">– Op. <opus key="opus_2470">350</opus>. <title>6 Stücke f. vollst. Blechmusik. (Des Lebens schönste Stunden, Potpourri. Königin Marien-Marsch. Neue päpstliche Hymne. Händel, Krönungsmarsch. Prinz Luitpold-Marsch. Kronprinz Ludwig-Marsch.)</title> Ebend. 3 Fl.</bibl>
<bibl id="hofm_1862_03_0042_12">– Op. <opus key="opus_2473">351</opus>. <title>12 Stücke f. kleine Harmonie-Blechmusik. (Haydn, Andante a. d. Vier Jahreszeiten. Salieri, O sanctissima. Rosen-Walzer. Die Falschmünzer, Polka. Roccoco-Mazurka. Nannettchen-Galopp. Katharinen-Tänze, Walzer. Lasst eure Trompeten hören, Marsch. Adelgunden-Mazurka. Der Küchenzettel, Schottisch. Der Pulver-Rauch, Marsch. Polonaise.)</title> Ebend. 2 Fl. 12 Xr.</bibl>
<bibl id="hofm_1862_03_0042_13">– Op. <opus key="opus_2480">352</opus>. <title>12 Stücke f. kleine Holz- u. Blech-Harmonie. (Krönungsmarsch. 2 Mazurkas. Adagio. Preis-Polka. Die Hofbräuhaus-Schnalzer, Walzer. Annen-Polka. Links u. Rechts-Marsch. Mein Gruss an die Würzburger, Walzer. Schottisch, Gossmann-Galopp. Walzer.)</title> Ebend. 2 Fl. 12 Xr.</bibl>
<pb n="43"/>
<bibl id="hofm_1862_03_0043_01"><composer key="compo_033607">Streck, P.</composer>, Op. <opus key="opus_2482">353</opus>. <title>12 Stücke f. Streichorchester. (Nelken-Walzer. Die Putzmacherin, Polka-Mazurka. Der Hasenfänger, Schottisch. Polonaise. Mei Ruh’ will i hab’n, Polka. Méhul, Hymne a. Ariodant. Lampreten-Walzer. König Wilhelm I. Defilirmarsch. Visitenkarten-Mazurka. Polka française. Festmarsch. Schalmeienklänge, Walzer.)</title> <pubPlace key="place_0475">München</pubPlace>, <publisher key="publ_3940">Streck</publisher> (<pubPlace key="place_0392">Leipzig</pubPlace>, <publisher key="publ_1746">Hofmeister</publisher>) 2 Fl. 48 Xr.</bibl>
<bibl id="hofm_1862_03_0043_02">– Op. <opus key="opus_2490">354</opus>. <title>8 Stücke f. kleines Streichorchester. (Des Königs Mundkoch, Potpourri. Volkslieder-Française. Kometentänze. Walzer. Der Kompagnie-Kommandant, Marsch. Die alte Zigeunerin, Mazurka. Die schöne Schweizer-Rösel, Polka. Der Nachtschwärmer, Schottisch. Die Reifröcke, Walzer.)</title> Ebend. 2 Fl. 30 Xr.</bibl>
<bibl id="hofm_1862_03_0043_03">– Op. <opus key="opus_2493">355</opus>. <title>12 Stücke f. kleines Streichorchester. (Die Rathgeber. Walzer. Turner-Schwung-Polka. Die schöne Meklenburgerin, Mazurka. Köuigs-Française. Andante. Der Springinsfeld, Marsch. Mazurka. Schottisch. Der Stelzentanz, Quadrille. Ich will dich begleiten, Walzer. Polka française. Polonaise.)</title> Ebend. 2 Fl. 48 Xr.</bibl>
<bibl id="hofm_1862_03_0043_04">– Op. <opus key="opus_2494">356</opus>. <title>12 Stücke f. kleines Streichorchester. (Potpourri aus der Unterwelt. Das Leben ohne Sorgen, Walzer. Die ewige Hochzeiterin, Mazurka. Die Zuckersüsse, Polka. Der Polterhans, Sehottisch. Polonaise. Die Rosenblüthe, Walzer. Parade-Marsch. Die Gebirgsjodler, Walzer. Polka française. O sanctissima, Hymne. Komm, tanz mit mir, Mazurka.)</title> Ebend. 2 Fl. 12 Xr.</bibl>
<bibl id="hofm_1862_03_0043_05"><composer key="compo_033607">Streck, P.</composer>, Op. <opus key="opus_2498">357</opus>. <title>12 Stücke f. kleine 5st. Harmonie-Blechmusik. (Donizetti, Larghettoa. Don Sebastian. 2 Andante. Adagio. Polonaise. Polka. 2 Walzer. Galopp. 2 Mazurkas. Schottisch.)</title> <pubPlace key="place_0475">München</pubPlace>, <publisher key="publ_3940">Streck</publisher> (<pubPlace key="place_0392">Leipzig</pubPlace>, <publisher key="publ_1746">Hofmeister</publisher>) 2 Fl.</bibl>
<bibl id="hofm_1862_03_0043_06"><composer key="compo_035881">Wagner, Fr.</composer>, Op. <opus key="opus_1390">20</opus>. <title>Harmonische Retraite d. k. sächs. Kavallerie. <format>Partitur</format> f. Kavallerie-Musik</title>. <pubPlace key="place_0147">Dresden</pubPlace>, <publisher key="publ_1103">Friedel</publisher> 1 Rt.</bibl>
<bibl id="hofm_1862_03_0043_07">– Op. <opus key="opus_1482">21</opus>. <title>Saxonia-Marsch f. Kavallerie-Musik. <format>Part</format></title>. Ebend. 15 Ngr.</bibl>
</div><div id="hofm_1862_03_0043_div02"><head><hofClass key="hofCl_0136">Musik für Streichinstrumente.</hofClass></head>
<bibl id="hofm_1862_03_0043_08"><composer key="compo_001713">Battanchon, F.</composer>, Op. <opus key="opus_1482">21</opus>. <title>18 Etudes sur les Compositions de J. Stiastny, p. Violoncelle</title>. <pubPlace key="place_0438">Mainz</pubPlace>, <publisher key="publ_3563">Schott</publisher> 1 Fl. 48 Xr.</bibl>
<bibl id="hofm_1862_03_0043_09"><composer key="compo_015918">Hüllweck, Ferd.</composer>, <title>Exercices p. Violon. Liv. 1. <edition>2de Edit</edition></title>. <pubPlace key="place_0147">Dresden</pubPlace>, <publisher key="publ_1103">Friedel</publisher> 1 Rt.</bibl>
<bibl id="hofm_1862_03_0043_10"><composer key="compo_021099">Lipiński, K.</composer>, Op. <opus key="opus_2403">34</opus>. <title>2 Impromptus p. 1 Violon</title>. <pubPlace key="place_0147">Dresden</pubPlace>, <publisher key="publ_1103">Friedel</publisher> 12½ Ngr.</bibl>
<bibl id="hofm_1862_03_0043_11"><composer key="compo_023303">Michaelis, F.A.</composer>, <title>Praktische Violinschule. <edition>5te Aufl</edition>. gänzlich umgearb. u. herausg. v. G. Wichtl</title>. <pubPlace key="place_0082">Breslau</pubPlace>, <publisher key="publ_2386">Leuckart</publisher> geh. 1 Rt. 20 Ngr.</bibl>
<bibl id="hofm_1862_03_0043_12"><composer key="compo_031632">Schön, M.</composer>, <title>Der Opernfreund. Opern-Motive f. Violine m. 2ter Viol. ad lib. Lief. 1. <edition>2te Aufl</edition></title>. <pubPlace key="place_0082">Breslau</pubPlace>, <publisher key="publ_2386">Leuckart</publisher> 15 Ngr.</bibl>
<bibl id="hofm_1862_03_0043_13"><composer key="compo_034613">Tischler, Ign.</composer>, <title>Methodische Elementar-Violinschule mit ausreichendem Uebungsstoffe f. d. ersten Unterrichtsjahre. 1ster Theil</title>. 4. <pubPlace key="place_0384">Landshut</pubPlace>, <publisher key="publ_4040">Thomann</publisher> geh. 1 Rt. n.</bibl>
</div><div id="hofm_1862_03_0043_div03"><head><hofClass key="hofCl_0247">Musik für Zither.</hofClass></head>
<bibl id="hofm_1862_03_0043_14"><composer key="compo_008655">Etterlin, Melanie</composer>, Op. <opus key="opus_1372">2</opus>. <title>Album. Sammlung von Tonstücken f. Z. No. 9, Gretchens Gebet v. d. Bilde der Mater dolorosa, v. Parish-Alvars. Transcription</title>. <pubPlace key="place_0731">Wien</pubPlace>, <publisher key="publ_3833">Spina</publisher> 7½ Ngr.</bibl>
<bibl id="hofm_1862_03_0043_15"> <composer key="compo_024108">Mühlauer, M.</composer>, Op. <opus key="opus_4130">75</opus>. <title>Münchner Carneval-Polka-Mazurka f. Z</title>. qu.-8. <pubPlace key="place_0475">München</pubPlace>, <publisher key="publ_0996">Falter</publisher> 5 Ngr.</bibl>
<pb n="44"/>
<bibl id="hofm_1862_03_0044_01"><composer key="compo_024108">Mühlauer, M.</composer>, Op. <opus key="opus_4153">76</opus>. <title>Dös san dö mein’. Ländler</title>. qu.-8. <pubPlace key="place_0475">München</pubPlace>, <publisher key="publ_0996">Falter</publisher> 6½ Ngr.</bibl>
<bibl id="hofm_1862_03_0044_02">– Op. <opus key="opus_4601">91</opus>. <title>Alpenklänge. Walzer im Ländler-Style</title>. qu.-8. <pubPlace key="place_0475">München</pubPlace>, <publisher key="publ_0996">Falter</publisher> 7½ Ngr.</bibl>
<bibl id="hofm_1862_03_0044_03">– Op. <opus key="opus_4617">92</opus>. <title>Ungarischer Marsch</title>. qu.-8. Ebend. 5 Ngr.</bibl>
<bibl id="hofm_1862_03_0044_04">– Op. <opus key="opus_4639">93</opus>. <title>Marien-Polka-Mazurka</title>. qu.-8. Ebend. 5 Ngr.</bibl>
<bibl id="hofm_1862_03_0044_05">– Op. <opus key="opus_4654">94</opus>. <title>Miesbacher Ländler</title>. qu.-8. Ebend. 5 Ngr.</bibl>
<bibl id="hofm_1862_03_0044_06">– Op. <opus key="opus_4671">95</opus>. <title>Wiener Schottisch</title>. qu.-8. Ebend. 5 Ngr.</bibl>
<bibl id="hofm_1862_03_0044_07">– Op. <opus key="opus_4687">96</opus>. <title>Erinnerung an Darmstadt</title>. qu.-8. Ebend. 7½ Ngr.</bibl>
<bibl id="hofm_1862_03_0044_07_j">– Op. <opus key="opus_4704">97</opus>. <title>Flora-Quadrille</title>. qu.-8. Ebend. 5 Ngr.</bibl>
<bibl id="hofm_1862_03_0044_09"><listBibl rend="curly"><bibl><seg>– Op. <opus key="opus_4722">98</opus>. <title>Cäcilien-Polka</title></seg><seg id="hofm_1862_03_0044_09_1" rend="curly-left">.qu.-8. Ebend. 10 Ngr.</seg></bibl>
<bibl><seg>– Op. <opus key="opus_4738">99</opus>. <title>Rosen-Galopp</title></seg><seg sameAs="hofm_1862_03_0044_09_1">.</seg></bibl></listBibl></bibl>

<bibl id="hofm_1862_03_0044_11">– Op. <opus key="opus_0045">100</opus>. <title>Jubel-Klänge. Walzer</title>. Ebend. 7½ Ngr.</bibl>
<bibl id="hofm_1862_03_0044_12">– Op. <opus key="opus_0163">106</opus>. <title>Almerisch. Arien des bayerischen Hochlandes</title>. qu.-8. <pubPlace key="place_0475">München</pubPlace>, <publisher key="publ_0996">Falter</publisher> 7½ Ngr.</bibl>
<bibl id="hofm_1862_03_0044_13">– Op. <opus key="opus_0182">107</opus>. <title>Senner-Gruss. Marsch</title>. qu.-8. Ebend. 5 Ngr.</bibl>
<bibl id="hofm_1862_03_0044_13_o">– Op. <opus key="opus_0198">108</opus>. <title>Potpourri über bel. Alpenlieder</title>. qu.-8. Ebend. 10 Ngr.</bibl>
<bibl id="hofm_1862_03_0044_15">– Op. <opus key="opus_0216">109</opus>. <title>Dö hör’ i gern. Ländler aus’m Gebirg</title>. qu.-8. Ebend. 7½ Ngr.</bibl>
<bibl id="hofm_1862_03_0044_16">– Op. <opus key="opus_0255">110</opus>. <title>Münchner Damen-Polka-Mazurka</title>. qu.-8. Ebend. 5 Ngr.</bibl>
<bibl id="hofm_1862_03_0044_17"><composer key="compo_024108">Mühlauer, M.</composer>, Op. <opus key="opus_0267">111</opus>. <title>Ländler f. 2 Z. (od. Viol. u. Z.)</title>. qu.-8. <pubPlace key="place_0475">München</pubPlace>, <publisher key="publ_0996">Falter</publisher> 10 Ngr.</bibl>
<bibl id="hofm_1862_03_0044_18"><composer key="compo_024108">Mühlauer, M.</composer>, Op. <opus key="opus_0281">112</opus>. <title>Tanz-Lieder. Walzer f. Z</title>. qu.-8. <pubPlace key="place_0475">München</pubPlace>, <publisher key="publ_0996">Falter</publisher> 7½ Ngr.</bibl>
<wip id="hofm_1862_03_0044_19"><composer key="compo_030819">Schnitzer, Joh.</composer>, <title>Ländler f. Z. allein, und mit Begl. einer 2ten Z. (od. Violine)</title>. <title>Heft 1–12</title>. 8. <pubPlace key="place_0731">Wien</pubPlace>, <publisher key="publ_3833">Spina</publisher> à 10 Ngr.</wip>
<bibl id="hofm_1862_03_0044_20"><composer key="compo_036434">Weingartner, K.</composer>, <title>Transcriptionen f. Z. No. 5, Schubert, Frz., Lob der Thränen</title>. 8. <pubPlace key="place_0731">Wien</pubPlace>, <publisher key="publ_3833">Spina</publisher> 7½ Ngr.</bibl>
<bibl id="hofm_1862_03_0044_21"><composer key="compo_037973">Zehethofer, J.</composer>, <title>Transcriptionen f. Z. No. 18, Arditi, L., Der Kuss. Walzer-Arie</title>. 8. <pubPlace key="place_0731">Wien</pubPlace>, <publisher key="publ_3833">Spina</publisher> 10 Ngr.</bibl>
</div><div id="hofm_1862_03_0044_div04"><head><hofClass key="hofCl_0205">Musik für Guitarre.</hofClass></head>
<bibl id="hofm_1862_03_0044_22"><title>Abendstunden. Kleine charakteristische Tonbilder in Form ganz leichter Walzer f. Pfte, Flöte (od. Violine) u. Guitarre</title>. <pubPlace key="place_0386">Langensalza</pubPlace>, <publisher key="publ_3618">Schulbuchhandlung</publisher> 9 Ngr. n.</bibl>
</div><div id="hofm_1862_03_0044_div05"><head><hofClass key="hofCl_0167">Musik für Pianoforte mit Begleitung.</hofClass></head>
<wip id="hofm_1862_03_0044_23"><composer key="compo_006561">David, Ferd.</composer>, Op. <opus key="opus_2804">41</opus>. <title>Nachklänge. Fortsetzung der Bunten Reihe. 15 Stücke f. Violine u. Pfte</title>. <title>Heft 1–4</title>. à 1 Rt. 10 Ngr. <pubPlace key="place_0392">Leipzig</pubPlace>, <publisher key="publ_2017">Kistner</publisher> geh. 4 Rt. 20 Ngr. <lb/><title>Heft 1, Poco scherzoso. Langsamer Walzer. Hoffen und Harren. Polonaise gracieuse</title>. <lb/>– <title>2, Fröhlicher Abschied. Trennung. Wiedersehen. Ständchen</title>. <lb/>– <title>3, Widerspruch. Ballade (Gespenstergeschichte). Canonisches Scherzo. Jagdscene</title>. <lb/>– <title>4, Sarabande. An der Wiege. Gigue</title>.</wip>
<bibl id="hofm_1862_03_0044_24"><composer key="compo_018496">Krakamp, E.</composer>, <title>Le tre Grazie. Pezzi p. Societa p. Flauto c. Pfte. No. 1, Aglaia. Op. <opus key="opus_0902">157</opus></title>. <pubPlace key="place_0731">Wien</pubPlace>, <publisher key="publ_3833">Spina</publisher> 27½ Ngr.</bibl>
<bibl id="hofm_1862_03_0044_25"><composer key="compo_021753">Lührss, K.</composer>, Op. <opus key="opus_2187">31</opus>. <title>Sonate (<key>F</key>) f. Pfte u. Violine</title>. <pubPlace key="place_0392">Leipzig</pubPlace>, <publisher key="publ_3752">Senff</publisher> 2 Rt.</bibl>
<bibl id="hofm_1862_03_0044_26"><composer key="compo_023890">Mozart, W.A.</composer>, <title>18 Sonates p. Piano et Violon. <edition>Edit. nouv</edition>. Cplt. in 2 Leinenbdn</title>. <pubPlace key="place_0392">Leipzig</pubPlace>, <publisher key="publ_3023">Peters</publisher> 7 Rt. *n.</bibl>
<bibl id="hofm_1862_03_0044_27">– <title>9 Trios f. Pfte, Viol. u. Vclle, rev. v. H.W. Stolze. No. 2, 3 (<key>Es</key>, <key>B</key>), Op. <opus key="opus_0698">14 No. 2, 3</opus>. No. 4–6 (<key>B</key>, <key>C</key>, <key>E</key>), Op. <opus key="opus_0816">15 No. 1–3</opus>. No. 7 (<key>G</key>), Op. <opus key="opus_0927">16</opus>. No. 8 (<key>C</key>). No. 9 (<key>Dm</key>.)</title>. <pubPlace key="place_0742">Wolfenbüttel</pubPlace>, <publisher key="publ_1756">Holle</publisher> à 7½ Ngr. n.</bibl>
<pb n="45"/>
<bibl id="hofm_1862_03_0045_01"><composer key="compo_033881">Suppé, Frz. v.</composer> <title>Ouvertüre zu Dichter und Bauer, eing. f. 2 Violinen u. Pfte v. G. Wichtl</title>. <pubPlace key="place_0475">München</pubPlace>, <publisher key="publ_0028">Aibl</publisher> 20 Ngr.</bibl>
<bibl id="hofm_1862_03_0045_02"><composer key="compo_036874">Wichtl, G.</composer>, Op. <opus key="opus_2948">44</opus>. <title>6 petits Duos sur des Motifs d’Opéras fav. de Verdi, p. Pfte et Violon. No. 1, Il Trovatore. No. 2, La Traviata</title>. <pubPlace key="place_0438">Mainz</pubPlace>, <publisher key="publ_3563">Schott</publisher> à 1 Fl.</bibl>
</div><div id="hofm_1862_03_0045_div06"><head><hofClass key="hofCl_0124">Musik für zwei Pianoforte.</hofClass></head>
<bibl id="hofm_1862_03_0045_03"><composer key="compo_017336">Ketterer, E.</composer>, Op. <opus key="opus_4617">92</opus>. <title>Marche orientale p. 2 Pftes</title>. <pubPlace key="place_0438">Mainz</pubPlace>, <publisher key="publ_3563">Schott</publisher> 2 Fl.</bibl>
<bibl id="hofm_1862_03_0045_04"><composer key="compo_031123">Schubert, Frz.</composer>, Op. <opus key="opus_0806">15</opus>. <title>Grosse Fantasie, symphonisch bearbeitet v. Frz. Liszt. Arr. f. 2 Pfte</title>. <pubPlace key="place_0731">Wien</pubPlace>, <publisher key="publ_3833">Spina</publisher> 2 Rt. 10 Ngr.</bibl>
</div><div id="hofm_1862_03_0045_div07"><head><hofClass key="hofCl_0171">Musik für Pianoforte zu vier Händen.</hofClass></head>
<wip id="hofm_1862_03_0045_05"><composer key="compo_004997">Böhner, L.</composer>, <title>Instruktive Walzer. Aus dem Nachlasse hrsg. v. Chr. Immler</title>. <title>Heft 1, 2</title>. <pubPlace key="place_0386">Langensalza</pubPlace>, <publisher key="publ_3618">Schulbuchhandlung</publisher> à 9 Ngr. n.</wip>
<bibl id="hofm_1862_03_0045_06"><composer key="compo_015447">Horzalka, Frz.</composer>, <title>Leichtes Scherzo im Umfange von 5 Tönen</title>. <pubPlace key="place_0731">Wien</pubPlace>, <publisher key="publ_3833">Spina</publisher> 10 Ngr.</bibl>
<bibl id="hofm_1862_03_0045_07"><composer key="compo_021570">Lysberg, Ch. B.</composer>, Op. <opus key="opus_2804">41</opus>. <title>Fantaisie sur des Airs suisses, arr</title>. <pubPlace key="place_0392">Leipzig</pubPlace>, <publisher key="publ_1746">Hofmeister</publisher> 22½ Ngr.</bibl>
<bibl id="hofm_1862_03_0045_08">– Op. <opus key="opus_2996">45</opus>. <title>Fantaisie-Galop, arr</title>. Ebend. 20 Ngr.</bibl>
<bibl id="hofm_1862_03_0045_09">– Op. <opus key="opus_3105">48</opus>. <title>Valse brillante (<key>Des</key>), arr</title>. Ebend. 27½ Ngr.</bibl>
<bibl id="hofm_1862_03_0045_10"><composer key="compo_022612">Mayer, Ch.</composer>, Op. <opus key="opus_2429">343</opus>. <title>Polka burlesque</title>. <pubPlace key="place_0392">Leipzig</pubPlace>, <publisher key="publ_3773">Siegel</publisher> 15 Ngr.</bibl>
<bibl id="hofm_1862_03_0045_11"><composer key="compo_023268">Meyerbeer, G.</composer>, <title>Krönungs-Marsch, aufgeführt in Königsberg während des Krönungszuges nach der Kirche, arr. v. F. Brissler</title>. <pubPlace key="place_0044">Berlin</pubPlace>, <publisher key="publ_3471">Schlesinger</publisher> 1 Rt. 5 Ngr.</bibl>
<bibl id="hofm_1862_03_0045_12"><composer key="compo_023890">Mozart, W.A.</composer>, <title>Compositions p. Pfte à 4 Mains. (4 Sonates, 2 Fantaisies, Andante c. Variazioni, Fuga.) <edition>Edit. nouv</edition>. Cplt. in Leinenbd</title>. <pubPlace key="place_0392">Leipzig</pubPlace>, <publisher key="publ_3023">Peters</publisher> 4 Rt. *n.</bibl>
<bibl id="hofm_1862_03_0045_13"><composer key="compo_031357">Schumann, Rob.</composer>, Op. <opus key="opus_0281">112</opus>. <title>Der Rose Pilgerfahrt. Märchen, arr. v. A. Horn</title>. <pubPlace key="place_0392">Leipzig</pubPlace>, <publisher key="publ_2017">Kistner</publisher> geh. 3 Rb 20 Ngr.</bibl>
<wip id="hofm_1862_03_0045_14"><composer key="compo_035494">Vilbac, R. de</composer>, <title>Illustrations sur Faust (Marguerite), Opéra de Ch. Gounod</title>. <title>Liv. 1–3</title>. <pubPlace key="place_0438">Mainz</pubPlace>, <publisher key="publ_3563">Schott</publisher> à 1 Fl. 30 Xr. <lb/><title>Liv. 1, La Kermesse. Choeur des Vieillards. Airs des Bijoux. Valse favorite</title>. <lb/>– <title>2, Ballade du roi de Thule. Marguerite au rouet. Choeur des Soldats</title>. <lb/>– <title>3, Sérénade de Mephistophélès. Choeur des Moissonneuses. Choeur et Chant bachique. Trio final</title>.</wip>
</div><div id="hofm_1862_03_0045_div08"><head><hofClass key="hofCl_0272">Ouvertüren für Pianoforte zu vier Händen.</hofClass></head>
<bibl id="hofm_1862_03_0045_15"><composer key="compo_001514">Bargiel, W.</composer>, Op. <opus key="opus_1584">22</opus>. <title>Ouvertüre zu Medea, arr. v. Komponisten</title>. <pubPlace key="place_0082">Breslau</pubPlace>, <publisher key="publ_2386">Leuckart</publisher> 1 Rt.</bibl>
<bibl id="hofm_1862_03_0045_16"><composer key="compo_010502">Gade, N.W.</composer>, Op. <opus key="opus_2670">39</opus>. <title>Michel Angelo. Concert-Ouvertüre, arr. v. A. Horn</title>. <pubPlace key="place_0392">Leipzig</pubPlace>, <publisher key="publ_2017">Kistner</publisher> 1 Rt.</bibl>
</div><div id="hofm_1862_03_0045_div09"><head><hofClass key="hofCl_0166">Musik für Pianoforte allein.</hofClass></head>
<bibl id="hofm_1862_03_0045_17"><title>Anthologie musicale. Fantaisies en forme de Potpourris sur des Motifs les plus fav. d’Opéras. No. 74, Giorza et Strebinger, La Comtesse d’Egmont, arr. p. Fr. Doppler</title>. <pubPlace key="place_0731">Wien</pubPlace>, <publisher key="publ_3833">Spina</publisher> 25 Ngr.</bibl>
<bibl id="hofm_1862_03_0045_18"><composer key="compo_000836">Arditi, L.</composer>, <title>Il Bacio (Der Kuss). Valse de Chant. Transcription p. L.G</title>. <pubPlace key="place_0554">Prag</pubPlace>, <publisher key="publ_3407">Schalek</publisher> 10 Ngr.</bibl>
<bibl id="hofm_1862_03_0045_19"><composer key="compo_001008">Ascher, J.</composer>, Op. <opus key="opus_0152">105</opus>. <title>Douce Illusion. Impromptu</title>. <pubPlace key="place_0438">Mainz</pubPlace>, <publisher key="publ_3563">Schott</publisher> 54 Xr.</bibl>
<bibl id="hofm_1862_03_0045_20">Op. <opus key="opus_0198">108</opus>. <title>Valse des Fleurs. 2me Féerie</title>. Ebend. 54 Xr.</bibl>
<pb n="46"/>
<bibl id="hofm_1862_03_0046_01"><composer key="compo_001008">Ascher, J.</composer>, Op. <opus key="opus_0216">109</opus>. <title>Danse nègre. Caprice caractéristique</title>. <pubPlace key="place_0438">Mainz</pubPlace>, <publisher key="publ_3563">Schott</publisher> 1 Fl.</bibl>
<bibl id="hofm_1862_03_0046_02"><composer key="compo_001842">Baumfelder, Fréd.</composer>, Op. <opus key="opus_3385">55</opus>. <title>Clara. Polka élégante</title> <pubPlace key="place_0147">Dresden</pubPlace>, <publisher key="publ_1103">Friedel</publisher> 10 Ngr.</bibl>
<bibl id="hofm_1862_03_0046_03"><composer key="compo_002077">Beethoven, L. van</composer>, <title>Violin-Quartette, übertr. v. Jul. Schäffer. No. 2 (<key>F</key>), Op. <opus key="opus_3530">59 No. 1</opus></title>. <pubPlace key="place_0082">Breslau</pubPlace>, <publisher key="publ_2386">Leuckart</publisher> 2 Rt.</bibl>
<wip id="hofm_1862_03_0046_04"><composer key="compo_002101">Behr, Frç.</composer>, Op. <opus key="opus_0021">10</opus>. <title>Trois Mélodies</title>. <pubPlace key="place_0731">Wien</pubPlace>, <publisher key="publ_3833">Spina</publisher> à 5 Ngr.<lb/><title>No. 1, Rêverie du soir</title>. <lb/>– <title>2, Salut du printemps</title>. <lb/>– <title>3, La Douleur</title>.</wip>
<bibl id="hofm_1862_03_0046_05"><composer key="compo_002424">Berg, Jul.</composer>, <title>Blüthen und Blätter. Sammlung bel. Melodien. No. 1, Arditi, Der Kuss. Walzer-Arie</title>. <pubPlace key="place_0731">Wien</pubPlace>, <publisher key="publ_3833">Spina</publisher> 7½ Ngr.</bibl>
<bibl id="hofm_1862_03_0046_06"><composer key="compo_002826">Beyer, Ferd.</composer>, Op. <opus key="opus_0486">126</opus>. <title>Souvenirs de Voyage. Morceaux de Salon sur des Airs populaires. No. 19, Arditi, Il Bacio (Der Kuss). Rondeau-Valse</title>. <pubPlace key="place_0438">Mainz</pubPlace>, <publisher key="publ_3563">Schott</publisher> 54 Xr.</bibl>
<bibl id="hofm_1862_03_0046_07"><composer key="compo_003340">Blumenthal, Jacq.</composer>, Op. <opus key="opus_3416">56</opus>. <title>L’Amour. Morceau</title>. <pubPlace key="place_0731">Wien</pubPlace>, <publisher key="publ_3833">Spina</publisher> 20 Ngr.</bibl>
<bibl id="hofm_1862_03_0046_08">– Op. <opus key="opus_3454">57</opus>. <title>Les Bohémiens. Chansons populaires petites-russiennes, transcrites</title>. Ebend. 25 Ngr.</bibl>
<bibl id="hofm_1862_03_0046_09">– Op. <opus key="opus_3586">60</opus>. <title>Un petit Cadeau. Bluette</title>. <pubPlace key="place_0731">Wien</pubPlace>, <publisher key="publ_3833">Spina</publisher> 15 Ngr.</bibl>
<bibl id="hofm_1862_03_0046_10"><composer key="compo_004282">Brini, C.A.M.</composer>, <title>Fantasia brill. sopra la Canzone fav. nell’ Opera Crispino e la Comare, dei Fratelli Ricci</title>. <pubPlace key="place_0731">Wien</pubPlace>, <publisher key="publ_3833">Spina</publisher> 15 Ngr.</bibl>
<bibl id="hofm_1862_03_0046_11"><composer key="compo_006106">Cramer, H.</composer>, <title>Potpourris sur des Motifs d’Opéras fav. No. 142, Offenbach, La Chanson de Fortunio</title>. <pubPlace key="place_0438">Mainz</pubPlace>, <publisher key="publ_3563">Schott</publisher> 54 Xr.</bibl>
<bibl id="hofm_1862_03_0046_12"><composer key="compo_007118">Dobritzsch, R.</composer>, <title>Herbstrosen. Fantasie-Mazurka</title>. <pubPlace key="place_0044">Berlin</pubPlace>, <publisher key="publ_4321">Weinholtz</publisher> 12½ Ngr.</bibl>
<bibl id="hofm_1862_03_0046_13"><composer key="compo_008216">Eller, L.</composer>, Op. <opus key="opus_0001">1</opus>. <title>Corrente</title>. <pubPlace key="place_0147">Dresden</pubPlace>, <publisher key="publ_1103">Friedel</publisher> 12½ Ngr.</bibl>
<bibl id="hofm_1862_03_0046_14"><composer key="compo_009017">Feldau, Rud.</composer>, Op. <opus key="opus_0021">10</opus>. <title>Souvenir d’Amitié. 2 Impromptus. No. 1, Au matin. No. 2, Au soir</title>. <pubPlace key="place_0731">Wien</pubPlace>, <publisher key="publ_3833">Spina</publisher> à 15 Ngr.</bibl>
<wip id="hofm_1862_03_0046_15"><composer key="compo_011716">Gotthard, J.P.</composer>, <title>Die Verschworenen, oder der häusliche Krieg, Oper v. Frz. Schubert. Transcriptionen</title>. <pubPlace key="place_0731">Wien</pubPlace>, <publisher key="publ_3833">Spina</publisher>. <lb/><title>No. 1, Romanze: Ich schleiche bang und still herum</title>. 7½ Ngr. <lb/>– <title>2, Chor der Frauen: Eifrig wollen wir berathen</title>. 7½ Ngr. <lb/>– <title>3, Duett: Ich muss sie finden</title>. 10 Ngr.</wip>
<bibl id="hofm_1862_03_0046_16"><composer key="compo_012011">Gressler, F.A.</composer>, Op. <opus key="opus_2996">45</opus>. <title>Souvenir de Helgoland. (Abend-Hymnus der Fischer. Strandwächters Nachtlied. Barkarole der ausziehenden Fischer.)</title> <pubPlace key="place_0386">Langensalza</pubPlace>, <publisher key="publ_3618">Schulbuchhandlung</publisher> 10 Ngr. n.</bibl>
<bibl id="hofm_1862_03_0046_17"><composer key="compo_012565">Gutmann, Ad.</composer>, Op. <opus key="opus_3490">58</opus>. <title>9me Nocturne (<key>As</key>)</title>. <pubPlace key="place_0392">Leipzig</pubPlace>, <publisher key="publ_1746">Hofmeister</publisher> 15 Ngr.</bibl>
<bibl id="hofm_1862_03_0046_18">– Op. <opus key="opus_3529">59</opus>. <title>Le Calme de la mer. Barcarolle</title>. Ebend. 12½ Ngr.</bibl>
<bibl id="hofm_1862_03_0046_19">– Op. <opus key="opus_3586">60</opus>. <title>Heureuse traversée. Allegro</title>. Ebend. 20 Ngr.</bibl>
<bibl id="hofm_1862_03_0046_20"><composer key="compo_013649">Hausig, F.</composer>, Op. <opus key="opus_2116">3</opus>. <title>Böhmisches Lied</title>. <pubPlace key="place_0044">Berlin</pubPlace>, <publisher key="publ_2971">Paez</publisher> 10 Ngr.</bibl>
<bibl id="hofm_1862_03_0046_21"><composer key="compo_013697">Haydn, Jos.</composer>, <title>Symphonien, eing. v. K. Klage, Jul. Schäffer u. G. Vierling. No. 2 (<key>Es</key>). No. 4 (<key>F</key>). No. 5 (<key>Es</key>). No. 10 (<key>F</key>). No. 11 (<key>D</key>). No. 12 (<key>A</key>), Abschieds-Symphonie</title>. <pubPlace key="place_0082">Breslau</pubPlace>, <publisher key="publ_2386">Leuckart</publisher> à 20 Ngr.</bibl>
<bibl id="hofm_1862_03_0046_22"><composer key="compo_014052">Heller, Steph.</composer>, Op. <opus key="opus_0045">100</opus>. <title>Zweite Canzonetta</title>. <pubPlace key="place_0392">Leipzig</pubPlace>, <publisher key="publ_2017">Kistner</publisher> 25 Ngr.</bibl>
<bibl id="hofm_1862_03_0046_23"><composer key="compo_014550">Herz, H.</composer>, Op. <opus key="opus_1334">197</opus>. <title>Air hongrois av. Intr., Variations et Final martial</title>. <pubPlace key="place_0438">Mainz</pubPlace>, <publisher key="publ_3563">Schott</publisher> 1 Fl.</bibl>
<bibl id="hofm_1862_03_0046_24">– Op. <opus key="opus_1339">198</opus>. <title>Guirlande de fleurs. Valse de Concert</title>. Ebend. 1 Fl. 21 Xr.</bibl>
<bibl id="hofm_1862_03_0046_25"><composer key="compo_015945">Hünten, Franç.</composer>, Op. <opus key="opus_1558">216</opus>. <title>Souvenir d’un grand Maître. Impromptu sur un Air fav. de C.M. de Weber</title>. <pubPlace key="place_0438">Mainz</pubPlace>, <publisher key="publ_3563">Schott</publisher> 54 Xr.</bibl>
<bibl id="hofm_1862_03_0046_26"><composer key="compo_015999">Illner, J.</composer>, Op. <opus key="opus_3988">70</opus>. <title>Čechův sen, Směs z pisní česco-slovanských. (Potpourri über böhmische Lieder.)</title> <pubPlace key="place_0554">Prag</pubPlace>, <publisher key="publ_3407">Schalek</publisher> 1 Rt.</bibl>
<bibl id="hofm_1862_03_0046_27"><composer key="compo_016735">Kafka, Joh.</composer>, Op. <opus key="opus_4326">80</opus>. <title>Polnisches Ständchen</title>. <pubPlace key="place_0392">Leipzig</pubPlace>, <publisher key="publ_3773">Siegel</publisher> 17½ Ngr.</bibl>
<bibl id="hofm_1862_03_0046_28">– Op. <opus key="opus_4354">81</opus>. <title>Waldfräuleins Hochzeitsmarsch (nach d. rom. Gedichte Waldfräulein, v. B. v. Zedlitz)</title>. Ebend. 15 Ngr.</bibl>
<bibl id="hofm_1862_03_0046_29">– Op. <opus key="opus_4377">82</opus>. <title>In der Einsamkeit. Impromptu</title>. Ebend. 15 Ngr.</bibl>
<pb n="47"/>
<bibl id="hofm_1862_03_0047_01"><composer key="compo_016735">Kafka, Joh.</composer>, Op. <opus key="opus_4416">83</opus>. <title>Ein Abend in Italien. Nocturne</title>. <pubPlace key="place_0392">Leipzig</pubPlace>, <publisher key="publ_3773">Siegel</publisher> 17½ Ngr.</bibl>
<bibl id="hofm_1862_03_0047_02">– Op. <opus key="opus_4436">84</opus>. <title>An die Berge der Heimath. Pastoralmelodie</title>. Ebend. 17½ Ngr.</bibl>
<bibl id="hofm_1862_03_0047_03"><composer key="compo_017336">Ketterer, E.</composer>, Op. <opus key="opus_4704">97</opus>. <title>Il Bacio (d’Arditi). Valse de Salon</title>. <pubPlace key="place_0438">Mainz</pubPlace>, <publisher key="publ_3563">Schott</publisher> 1 Fl.</bibl>
<bibl id="hofm_1862_03_0047_04"><composer key="compo_018057">Kocipiński, Ant.</composer>, <title>Piśni, Dumki i Szumki ruśkoho naroda na Podoli, Ukraini i w Małorossyj. Spysani i perełożeny pid muzyku. 1sza Sotnia. 1szy Desiatok</title>. <pubPlace key="place_0344">Kieff</pubPlace>, <publisher key="publ_2094">Kocipiński</publisher> (<pubPlace key="place_0392">Leipzig</pubPlace>, <publisher key="publ_1746">Hofmeister</publisher>) 1 Rt. 12 Ngr.</bibl>
<bibl id="hofm_1862_03_0047_05">– Idem m. Titel in russ. Schrift: <title><foreign translit="Pis´ni, Dumki i Shumki rus´koho naroda na Podoli, Chkraini i v&#34; Malorossyy. Spisani i perelozheny pid&#34; muzyku. Isha Sotnya. 1shy Desyatok&#34;">Пісьні, Думкі і Шумкі руського народа на Подолі, Чкраіні і въ Малороссий. Списані і переложени підъ музику. Іша Сотня. 1ши Десятокъ</foreign></title>. Ebend. 1 Rt. 12 Ngr.</bibl>
<bibl id="hofm_1862_03_0047_06"><composer key="compo_019387">Köllner, E.</composer>, Op. <opus key="opus_0001">1</opus>. <title>Mazourka brillante</title> <pubPlace key="place_0044">Berlin</pubPlace>, <publisher key="publ_4321">Weinholtz</publisher> 12½ Ngr.</bibl>
<bibl id="hofm_1862_03_0047_07">– Op. <opus key="opus_1372">2</opus>. <title>Nocturne</title>. Ebend. 7½ Ngr.</bibl>
<bibl id="hofm_1862_03_0047_08"><composer key="compo_018913">Krug, D.</composer>, Op. <opus key="opus_0754">145</opus>. <title>Aus der Jugendzeif. Gedenkblätter. No. 7, Die Rose. No. 8, Liebesglück. No. 9, Der Geliebten. No. 10, Eifersucht. No. 11, Bitt’res Weh. No. 12, Letzter Gruss</title>. <pubPlace key="place_0392">Leipzig</pubPlace>, <publisher key="publ_3773">Siegel</publisher> à 12½ Ngr.</bibl>
<bibl id="hofm_1862_03_0047_09">– Op. <opus key="opus_0840">151</opus>. <title>4 Blumenstücke in Liederform. No. 1, Das Veilchen. No. 2, Das Vergissmeinnicht. No. 3, Die Rose. No. 4, Die Nelke</title>. <pubPlace key="place_0392">Leipzig</pubPlace>, <publisher key="publ_3773">Siegel</publisher> à 12½ Ngr.</bibl>
<wip id="hofm_1862_03_0047_10">– Op. <opus key="opus_0873">154</opus>. <title>Ländliches Fest. 3 Tonstücke</title>. <pubPlace key="place_0392">Leipzig</pubPlace>, <publisher key="publ_3773">Siegel</publisher> à 12½ Ngr. <lb/><title>No. 1, Erntelied der heimkehrenden Schnitter</title>. <lb/>– <title>2, Der Landleute fröhliches Treiben</title>. <lb/>– <title>3, Abendreigen</title>.</wip>
<bibl id="hofm_1862_03_0047_11">– Op. <opus key="opus_0911">158</opus>. <title>Glockenblümchen. Tonstück in Liederform</title>. <pubPlace key="place_0392">Leipzig</pubPlace>, <publisher key="publ_3773">Siegel</publisher> 12½ Ngr.</bibl>
<bibl id="hofm_1862_03_0047_12"><composer key="compo_019119">Kullak, Th.</composer>, Op. <opus key="opus_3454">57</opus>. <title>Les Fleurs animées. Peintures musicales av. 8 Vign. coloriées. <edition>Neue Ausgabe</edition> cplt</title>. <pubPlace key="place_0392">Leipzig</pubPlace>, <publisher key="publ_3023">Peters</publisher> Prachtbd. in Saffian 6 Rt. *n.</bibl>
<wip id="hofm_1862_03_0047_13">– Op. <opus key="opus_0267">111</opus>. <title>Lieder aus alter Zeit (Neue Folge frei übertragen</title>. <pubPlace key="place_0392">Leipzig</pubPlace>, <publisher key="publ_2017">Kistner</publisher>. <lb/><title>No. 1, Reichardt, J. Fr., Lied der Nacht</title>. 15 Ngr. <lb/>– <title>2, Zumsteeg, R., Soldatenspruch</title>. 15 Ngr. <lb/>– <title>3, Mozart, W.A., Das Veilchen</title>. 15 Ngr. <lb/>– <title>4, Weber, K.M. v., Lützows wilde Jagd</title>. 20 Ngr. <lb/>– <title>5, Paësiello, Mich fliehen alle Freuden</title>. 20 Ngr. <lb/>– <title>6, Mozart, W.A., Die Zufriedenheit</title>. 15 Ngr.</wip>
<bibl id="hofm_1862_03_0047_14"><composer key="compo_019858">Landwehr, J.</composer>, <title>Boże coś Polskę. Polonaise</title>. <pubPlace key="place_0438">Mainz</pubPlace>, <publisher key="publ_3563">Schott</publisher> 1 Fl.</bibl>
<bibl id="hofm_1862_03_0047_15"><composer key="compo_019964">Langer, Gust.</composer>, <title>L’As de carreau. Morceau de Salon</title>. <pubPlace key="place_0280">Hannover</pubPlace>, <publisher key="publ_3267">Riewe u. Thiele</publisher> 5 Ngr.</bibl>
<bibl id="hofm_1862_03_0047_16"><composer key="compo_020011">Lanner, Frz.</composer>, Op. <opus key="opus_2187">31</opus>. <title>Goldenes Melodien-Album. Lieder, Operustücke, Tänze, klassische Kompositionen etc. im leichten Arrangement. Heft 2</title>. <pubPlace key="place_0082">Breslau</pubPlace>, <publisher key="publ_2386">Leuckart</publisher> 15 Ngr.</bibl>
<bibl id="hofm_1862_03_0047_17"><composer key="compo_021616">Löffler, R.</composer>, Op. <opus key="opus_0115">103</opus>. <title>Meine Herzensfreude. Salonstück</title>. <pubPlace key="place_0731">Wien</pubPlace>, <publisher key="publ_3833">Spina</publisher> 10 Ngr.</bibl>
<bibl id="hofm_1862_03_0047_18"><composer key="compo_022612">Mayer, Ch.</composer>, Op. <opus key="opus_2429">343</opus>. <title>Polka burlesque</title>. <pubPlace key="place_0392">Leipzig</pubPlace>, <publisher key="publ_3773">Siegel</publisher> 15 Ngr.</bibl>
<bibl id="hofm_1862_03_0047_19"><composer key="compo_023160">Metzger, J.C.</composer>, Op. <opus key="opus_4241">79</opus>. <title>Clara. Polka-Mazourka élégante</title>. <pubPlace key="place_0731">Wien</pubPlace>, <publisher key="publ_3833">Spina</publisher> 10 Ngr.</bibl>
<bibl id="hofm_1862_03_0047_20"><composer key="compo_023890">Mozart, W.A.</composer>, <title>Fuge (<key>Gm</key>.) f. Pfte (od. Org.)</title>. <pubPlace key="place_0392">Leipzig</pubPlace>, <publisher key="publ_3773">Siegel</publisher> 10 Ngr.</bibl>
<bibl id="hofm_1862_03_0047_21">– <title>18 Sonates. <edition>Edit. nouv</edition></title>. <pubPlace key="place_0392">Leipzig</pubPlace>, <publisher key="publ_3023">Peters</publisher> Lwdbd. 6 Rt. 15 Ngr. *n.</bibl>
<bibl id="hofm_1862_03_0047_22"><composer key="compo_025260">Oesten, Th.</composer>, Op. <opus key="opus_1321">195</opus>. <title>Abendlüftchen. Klavierstück</title>. <pubPlace key="place_0392">Leipzig</pubPlace>, <publisher key="publ_3773">Siegel</publisher> 15 Ngr.</bibl>
<bibl id="hofm_1862_03_0047_23">– Op. <opus key="opus_1328">196</opus>. <title>Armidas Zauberhain. Idylle</title>. Ebend. 15 Ngr.</bibl>
<bibl id="hofm_1862_03_0047_24">– Op. <opus key="opus_1334">197</opus>. <title>Die Liebesboten. Canzonette</title>. Ebend. 15 Ngr.</bibl>
<pb n="48"/>
<bibl id="hofm_1862_03_0048_01"><composer key="compo_025260">Oesten, Th.</composer>, Op. <opus key="opus_1339">198</opus>. <title>Divertissement de Carneval. Morceau caractéristique</title>. <pubPlace key="place_0392">Leipzig</pubPlace>, <publisher key="publ_3773">Siegel</publisher> 15 Ngr.</bibl>
<bibl id="hofm_1862_03_0048_02">– Op. <opus key="opus_1344">199</opus>. <title>Böhmische Weisen. 3 Fantasiestücke über böhmische Volkslieder. No. 1–3</title>. Ebend. à 15 Ngr.</bibl>
<bibl id="hofm_1862_03_0048_03">– Op. <opus key="opus_1410">200</opus>. <title>Les Yeux brillants. Polka élégante</title>. Ebend. 15 Ngr.</bibl>
<bibl id="hofm_1862_03_0048_04">– Op. <opus key="opus_1441">205</opus>. <title>Der Kuss (Il Bacio). Gesangs-Walzer v. L. Arditi, übertr</title>. <pubPlace key="place_0392">Leipzig</pubPlace>, <publisher key="publ_3773">Siegel</publisher> 15 Ngr.</bibl>
<wip id="hofm_1862_03_0048_05">– Op. <opus key="opus_1446">206</opus>. <title>3 Chansons russes transcrites</title>. Ebend. à 15 Ngr. <lb/><title>No. 1, Das Dreigespann</title>. <lb/>– <title>2, Chanson bohémienne russe, de Boulakoff</title>. <lb/>– <title>3, Der Talisman</title>.</wip>
<bibl id="hofm_1862_03_0048_06"><composer key="compo_025586">Pacher, J.A.</composer>, Op. <opus key="opus_3895">68</opus>. <title>Wanda. Mazurka</title>. <pubPlace key="place_0392">Leipzig</pubPlace>, <publisher key="publ_3773">Siegel</publisher> 17½ Ngr.</bibl>
<wip id="hofm_1862_03_0048_07"><composer key="compo_025935">Pax, C.E.</composer>, <title>Volksklänge. Sammlung von Volksliedern, Märschen, Tänzen u. kl. Stücken aus d. beliebtesten alten und neueren Opern</title>. <title>Lief. 1–3</title>. <pubPlace key="place_0044">Berlin</pubPlace>, <publisher key="publ_4321">Weinholtz</publisher> à 10 Ngr.</wip>
<bibl id="hofm_1862_03_0048_08"><composer key="compo_026573">Pixis, J.P.</composer>, Op. <opus key="opus_0409">120</opus>. <title>Les trois Clochettes. Rondo brillant. <edition>Nouv. Edit</edition></title>. <pubPlace key="place_0392">Leipzig</pubPlace>, <publisher key="publ_1746">Hofmeister</publisher> 1 Rt.</bibl>
<bibl id="hofm_1862_03_0048_09"><composer key="compo_028229">Richards, Br.</composer>, <title>Marie. Nocturne</title>. <pubPlace key="place_0147">Dresden</pubPlace>, <publisher key="publ_1103">Friedel</publisher> 10 Ngr.</bibl>
<bibl id="hofm_1862_03_0048_10"><composer key="compo_030439">Schlösser, Ad.</composer>, Op. <opus key="opus_0927">16</opus>. <title>Idylle</title>. <pubPlace key="place_0438">Mainz</pubPlace>, <publisher key="publ_3563">Schott</publisher> 54 Xr.</bibl>
<bibl id="hofm_1862_03_0048_11">– Op. <opus key="opus_2576">37</opus>. <title>Souvenir de Baden. Caprice alla Mazurka</title>. <pubPlace key="place_0438">Mainz</pubPlace>, <publisher key="publ_3563">Schott</publisher> 45 Xr.</bibl>
<bibl id="hofm_1862_03_0048_12">– Op. <opus key="opus_3204">50</opus>. <title>Souvenir du Righi. Morceau de Salon</title>. <pubPlace key="place_0438">Mainz</pubPlace>, <publisher key="publ_3563">Schott</publisher> 45 Xr.</bibl>
<wip id="hofm_1862_03_0048_13"><composer key="compo_030748">Schneider, E.</composer>, <title>Die Verschworenen, oder der häusliche Krieg, Oper v. Frz. Schubert. Potpourris</title>. <title>No. 1, 2</title>. à 15 Ngr. <title>No. 3</title>. 10 Ngr. <title>No. 4, 5</title>. à 15 Ngr. <pubPlace key="place_0731">Wien</pubPlace>, <publisher key="publ_3833">Spina</publisher>.</wip>
<bibl id="hofm_1862_03_0048_14"><composer key="compo_031648">Schönburg, H.</composer>, Op. <opus key="opus_1068">17</opus>. <title>Die Heimkehr. Charakterstück</title>. <pubPlace key="place_0044">Berlin</pubPlace>, <publisher key="publ_2971">Paez</publisher> 10 Ngr.</bibl>
<bibl id="hofm_1862_03_0048_15"><composer key="compo_031258">Schulz, F.A.</composer>, Op. <opus key="opus_0347">117</opus>. <title>6 charakteristische Toubilder in Walzerform. Heft 2, Sehnsucht. Liebeserklärung. Verlobung. Von der Gondelfahrt zum Polterabend. Am Hochzeitstage. Glück und Freude</title>. <pubPlace key="place_0386">Langensalza</pubPlace>, <publisher key="publ_3618">Schulbuchhandlung</publisher> 5 Ngr. n.</bibl>
<bibl id="hofm_1862_03_0048_16"><composer key="compo_031356">Schumann, R.</composer>, Op. <opus key="opus_0281">112</opus>. <title>Der Rose Pilgerfahrt. Märchen, arr. v. A. Horn</title>. <pubPlace key="place_0392">Leipzig</pubPlace>, <publisher key="publ_2017">Kistner</publisher> geh. 2 Rt. 15 Ngr.</bibl>
<bibl id="hofm_1862_03_0048_17"><composer key="compo_032766">Spindler, Fritz</composer>, Op. <opus key="opus_0501">128</opus>. <title>Erinnerung an Venedig. Serenade</title>. <pubPlace key="place_0392">Leipzig</pubPlace>, <publisher key="publ_3773">Siegel</publisher> 15 Ngr.</bibl>
<wip id="hofm_1862_03_0048_18"><composer key="compo_032865">Stadion, E. de</composer>, Op. <opus key="opus_3565">6</opus>. <title>2 Impromptus</title>. <pubPlace key="place_0731">Wien</pubPlace>, <publisher key="publ_3833">Spina</publisher>. <lb/><title>No. 1, Une Larme</title>. 7½ Ngr. <lb/>– <title>2, Un Sourire</title>. 7½ Ngr.</wip>
<bibl id="hofm_1862_03_0048_19"><composer key="compo_035439">Vetterling, G.C.</composer>, Op. <opus key="opus_4562">9</opus>. <title>Grosses carnevalistisches Potpourri, oder die lustige Blech-Kapelle</title>. <pubPlace key="place_0477">Münster</pubPlace>, <publisher key="publ_2075">Kneer</publisher> (<pubPlace key="place_0392">Leipzig</pubPlace>, <publisher key="publ_2331">Leede</publisher>) 12½ Ngr.</bibl>
<bibl id="hofm_1862_03_0048_20"><composer key="compo_036323">Wehle, Ch.</composer>, Op. <opus key="opus_3738">63</opus>. <title>Adieu à Moscou. Impromptu-Fantaisie</title>. <pubPlace key="place_0392">Leipzig</pubPlace>, <publisher key="publ_3773">Siegel</publisher> 22½ Ngr.</bibl>
</div><div id="hofm_1862_03_0048_div10"><head><hofClass key="hofCl_0288">Tänze für Pianoforte.</hofClass></head>
<bibl id="hofm_1862_03_0048_21"><composer key="compo_000055">Absenger, Ant.</composer>, Op. <opus key="opus_0163">106</opus>. <title>Leobner Schottisch</title>. <pubPlace key="place_0554">Prag</pubPlace>, <publisher key="publ_3407">Schalek</publisher> 5 Ngr.</bibl>
<bibl id="hofm_1862_03_0048_22"><composer key="compo_002853">Bezecny, Ant.</composer>, <title>Ce qui plait aux dames. Polka tremblante</title>. <pubPlace key="place_0554">Prag</pubPlace>, <publisher key="publ_3407">Schalek</publisher> 7½ Ngr.</bibl>
<bibl id="hofm_1862_03_0048_23"><title>Chaisenträger-Polka aus Flick und Flock, von Räder</title>. <pubPlace key="place_0147">Dresden</pubPlace>, <publisher key="publ_1103">Friedel</publisher> 5 Ngr.</bibl>
<bibl id="hofm_1862_03_0048_24"><composer key="compo_008918">Faulwetter, Ant.</composer>, Op. <opus key="opus_3798">65</opus>. <title>Vlastenská Kadryla</title>. <pubPlace key="place_0554">Prag</pubPlace>, <publisher key="publ_3407">Schalek</publisher> 10 Ngr.</bibl>
<bibl id="hofm_1862_03_0048_25">– Op. <opus key="opus_4045">72</opus>. <title>Besední Valčík</title>. <pubPlace key="place_0554">Prag</pubPlace>, <publisher key="publ_3407">Schalek</publisher> 15 Ngr.</bibl>
<bibl id="hofm_1862_03_0048_26"><composer key="compo_008936">Faust, K.</composer>, Op. <opus key="opus_4326">80</opus>. <title>Veronika-Polka-Mazurka.</title> <pubPlace key="place_0201">Frankfurt a/O</pubPlace>., <publisher key="publ_2157">Kressner</publisher> 7½ Ngr.</bibl>
<bibl id="hofm_1862_03_0048_27">– Op. <opus key="opus_4354">81</opus>. <title>Froh und heiter. Galopp</title>. Ebend. 10 Ngr.</bibl>
<bibl id="hofm_1862_03_0048_28">– Op. <opus key="opus_4377">82</opus>. <title>Tausendschön. Polka</title>. Ebend. 7½ Ngr.</bibl>
<pb n="49"/>
<bibl id="hofm_1862_03_0049_01"><composer key="compo_011814">Graf, G.</composer>, <title>Polka sur des Motifs de Tannhäuser</title>. <pubPlace key="place_0371">Köln</pubPlace>, <publisher key="publ_3486">Schloss</publisher> 7½ Ngr.</bibl>
<bibl id="hofm_1862_03_0049_02"><composer key="compo_016290">Jarosch, Joh.</composer>, <title>Mille fleurs. Polka-Mazur</title>. <pubPlace key="place_0554">Prag</pubPlace>, <publisher key="publ_3407">Schalek</publisher> 7½ Ngr.</bibl>
<bibl id="hofm_1862_03_0049_03">– <title>Le Réveil des oiseaux. Polka française</title>. Ebend. 7½ Ngr.</bibl>
<bibl id="hofm_1862_03_0049_04">– <title>Waldröschen. Polka française</title>. Ebend. 7½ Ngr.</bibl>
<bibl id="hofm_1862_03_0049_05"><composer key="compo_016790">Kaiser, J.O.</composer>, Op. <opus key="opus_4214">78</opus>. <title>Gruss an Laura. Polka</title>. <pubPlace key="place_0044">Berlin</pubPlace>, <publisher key="publ_0393">B. u. Bock</publisher> 5 Ngr.</bibl>
<bibl id="hofm_1862_03_0049_06"><composer key="compo_017429">Kieweg, Al.</composer>, <title>Sumavanův Pochod</title>. <pubPlace key="place_0554">Prag</pubPlace>, <publisher key="publ_3407">Schalek</publisher> 6 Ngr.</bibl>
<bibl id="hofm_1862_03_0049_07"><composer key="compo_018243">Komsak, K.</composer>, <title>Quadrille à la cour sur des Airs bohèmes</title>. <pubPlace key="place_0554">Prag</pubPlace>, <publisher key="publ_3407">Schalek</publisher> 10 Ngr.</bibl>
<bibl id="hofm_1862_03_0049_08"><composer key="compo_019632">Laade, Fr.</composer>, Op. <opus key="opus_4687">96</opus>. <title>Sächsische Champagner-Polka</title>. <pubPlace key="place_0392">Leipzig</pubPlace>, <publisher key="publ_3648">K. Schulze</publisher> 7½ Ngr.</bibl>
<bibl id="hofm_1862_03_0049_09"><composer key="compo_019845">Landow, F.</composer>, Op. <opus key="opus_2116">3</opus>. <title>Je länger, je lieber. Marsch-Polka</title>. <pubPlace key="place_0745">Wriezen</pubPlace>, <publisher key="publ_3344">Röder</publisher> 5 Ngr.</bibl>
<bibl id="hofm_1862_03_0049_10"><composer key="compo_020011">Lanner, Frz.</composer>, Op. <opus key="opus_1802">25</opus>. <title>Pan, Pan. Polka-Mazurka nach Motiven aus J. Offenbachs Operette Daphnis und Chloë</title>. <pubPlace key="place_0082">Breslau</pubPlace>, <publisher key="publ_2386">Leuckart</publisher> 7½ Ngr.</bibl>
<bibl id="hofm_1862_03_0049_11">– Op. <opus key="opus_1881">26</opus>. <title>Kuss-Polka nach Arditis Il Bacio</title>. Ebend. 5 Ngr.</bibl>
<bibl id="hofm_1862_03_0049_12"><composer key="compo_021304">Lorenz (jun.), Jos.</composer>, <title>Gute Laune. Polka</title>. <pubPlace key="place_0554">Prag</pubPlace>, <publisher key="publ_3407">Schalek</publisher> 6 Ngr.</bibl>
<bibl id="hofm_1862_03_0049_13">– <title>Deutsche Lieder. Quadrille</title>. Ebend. 10 Ngr.</bibl>
<bibl id="hofm_1862_03_0049_14"><composer key="compo_022130">Mannsfeldt, H.</composer>, Op. <opus key="opus_4562">9</opus>. <title>Moosrosen. Walzer</title>. <pubPlace key="place_0147">Dresden</pubPlace>, <publisher key="publ_1103">Friedel</publisher> 10 Ngr.</bibl>
<bibl id="hofm_1862_03_0049_15">– Op. <opus key="opus_0927">16</opus>. <title>Frühlingsblüthen. Galopp</title>. Ebend. 5 Ngr.</bibl>
<bibl id="hofm_1862_03_0049_16"><composer key="compo_024787">Nickerl, O.</composer>, <title>Freu’t euch des Lebens. Commerslieder-Quadrille. No. 2</title>. <pubPlace key="place_0554">Prag</pubPlace>, <publisher key="publ_3407">Schalek</publisher> 10 Ngr.</bibl>
<bibl id="hofm_1862_03_0049_17"><composer key="compo_026977">Preis, Ferd.</composer>, Op. <opus key="opus_4542">89</opus>. <title>Fleuretten-Polka française</title>. <pubPlace key="place_0554">Prag</pubPlace>, <publisher key="publ_3407">Schalek</publisher> 7½ Ngr.</bibl>
<bibl id="hofm_1862_03_0049_18"><composer key="compo_031464">Schwarz, F.X.</composer>, <title>Vlastenka-Polka-Mazurka</title>. <pubPlace key="place_0554">Prag</pubPlace>, <publisher key="publ_3407">Schalek</publisher> 5 Ngr.</bibl>
<bibl id="hofm_1862_03_0049_19"><composer key="compo_033784">Stöhr, W.</composer>, <title>Fanchon-Polka tremblante</title>. <pubPlace key="place_0554">Prag</pubPlace>, <publisher key="publ_3407">Schalek</publisher> 5 Ngr.</bibl>
<bibl id="hofm_1862_03_0049_20"><composer key="compo_035881">Wagner, Fr.</composer>, <title>Retraite-Polka aus Op. <opus key="opus_1390">20</opus></title>. <pubPlace key="place_0147">Dresden</pubPlace>, <publisher key="publ_1103">Friedel</publisher> 7½ Ngr.</bibl>
</div><div id="hofm_1862_03_0049_div11"><head><hofClass key="hofCl_0250">Märsche für Pianoforte.</hofClass></head>
<bibl id="hofm_1862_03_0049_21"><composer key="compo_015344">Hopp, Jul.</composer>, <title>Dachstein-Marsch</title>. <pubPlace key="place_0731">Wien</pubPlace>, <publisher key="publ_3833">Spina</publisher> 5 Ngr.</bibl>
<bibl id="hofm_1862_03_0049_22"><composer key="compo_020011">Lanner, Frz.</composer>, Op. <opus key="opus_1271">19</opus>. <title>Sänger-Marsch</title>. <pubPlace key="place_0082">Breslau</pubPlace>, <publisher key="publ_2386">Leuckart</publisher> 5 Ngr.</bibl>
<bibl id="hofm_1862_03_0049_23"><composer key="compo_023268">Meyerbeer, G.</composer>, <title>Krönungsmarsch aufgef. in Königsberg während des Krönungszuges. Leichtes Arrangement v. Th. Kullak</title>. <pubPlace key="place_0044">Berlin</pubPlace>, <publisher key="publ_3471">Schlesinger</publisher> 22½ Ngr.</bibl>
<bibl id="hofm_1862_03_0049_24"><composer key="compo_023890">Mozart, W.A.</composer>, <title>Marsch u. Chor der Priester a. d. Oper Die Zauberflöte (O Isis u. Osiris)</title>. <pubPlace key="place_0475">München</pubPlace>, <publisher key="publ_0028">Aibl</publisher> 5 Ngr.</bibl>
<bibl id="hofm_1862_03_0049_25"><composer key="compo_035881">Wagner, Fr.</composer>, Op. <opus key="opus_1482">21</opus>. <title>Harmonische Retraite d. k. sächs. Kavallerie</title>. <pubPlace key="place_0147">Dresden</pubPlace>, <publisher key="publ_1103">Friedel</publisher> 12½ Ngr.</bibl>
<bibl id="hofm_1862_03_0049_26">– Op. <opus key="opus_1584">22</opus>. <title>Saxonia-Marsch</title>. Ebend. 5 Ngr.</bibl>
</div><div id="hofm_1862_03_0049_div12"><head><hofClass key="hofCl_0225">Musik für Orgel.</hofClass></head>
<bibl id="hofm_1862_03_0049_27"><composer key="compo_029513">Sachs, J.G.</composer>, Op. <opus key="opus_3868">67</opus>. <title>Präludien zu 12 bei dem öffentl. Gottesdienste oft vorkommenden Choralmelodien</title>. <pubPlace key="place_0386">Langensalza</pubPlace>, <publisher key="publ_3618">Schulbuchhandlung</publisher> 7½ Ngr. n.</bibl>
</div><div id="hofm_1862_03_0049_div13"><head><hofClass key="hofCl_0068">Kirchenmusik.</hofClass></head>
<wip id="hofm_1862_03_0049_28"><composer key="compo_001225">Bach, J.S.</composer>, <title>Arien aus der Passions-Musik nach dem Evangelisten Matthäus, m. Pfte bearb. v. R. Franz</title>. <pubPlace key="place_0082">Breslau</pubPlace>, <publisher key="publ_2386">Leuckart</publisher>. <lb/><title>3 Arien f. S. (Blute nur. Wie wohl mein Herz in Thränen. Es hat uns allen wohlgethan.)</title> 25 Ngr. <lb/><title>3 Arien f. A. (Erbarme dich. Du lieber Heiland du. Erbarm’ es Gott.)</title> 1 Rt. 5 Ngr. <lb/><title>3 Arien f. B. (Ja freilich will ich. Gebt mir meinen Jesus wieder. Der Heiland fällt vor seinem Vater nieder.)</title> 1 Rt.</wip>
<pb n="50"/>
<bibl id="hofm_1862_03_0050_01"><composer key="compo_024835">Niedrist, P.</composer>, <title>Lied zum Herzen Jesu, f. T.- u. B.-Solo mit 3 Chorst. u. Org</title>. <pubPlace key="place_0321">Innsbruck</pubPlace>, <publisher key="publ_1341">Gross</publisher> 8 Ngr.</bibl>
<bibl id="hofm_1862_03_0050_02">– <title>Lied zu Jesus im h. Altarsakrament, f. 2 Singst. u. Orgel</title>. Ebend. 7½ Ngr.</bibl>
<bibl id="hofm_1862_03_0050_03"><composer key="compo_035366">Veit, W.H.</composer>, Op. <opus key="opus_2804">41</opus>. <title>Graduale (Ad te Domine levavi) f. 4 Singst., 2 V., Bratsche, Vcllo, B., 2 Cl., 2 Hörn. u. Org</title>. <pubPlace key="place_0731">Wien</pubPlace>, <publisher key="publ_3833">Spina</publisher> 1 Rt. 2½ Ngr.</bibl>
<bibl id="hofm_1862_03_0050_04"><composer key="compo_036692">Werndle, B.</composer>, <title>Pange lingua f. 4 Singst. m. Org. ad lib</title>. <pubPlace key="place_0321">Innsbruck</pubPlace> (<publisher key="publ_1341">Gross</publisher>) 6 Ngr. n.</bibl>
</div><div id="hofm_1862_03_0050_div14"><head><hofClass key="hofCl_0059">Gesänge mit Begleitung des Pianofortes und eines anderen Instrumentes.</hofClass></head>
<bibl id="hofm_1862_03_0050_05"><composer key="compo_016840">Kalliwoda, J.W.</composer>, Op. <opus key="opus_1706">236</opus>. <title>Der Sennin Heimweh, f. 1 Singst. m. Clarinette (od. Viol.) u. Pfte</title>. <pubPlace key="place_0554">Prag</pubPlace>, <publisher key="publ_3407">Schalek</publisher> 15 Ngr.</bibl>
</div><div id="hofm_1862_03_0050_div15"><head><hofClass key="hofCl_0102">Mehrstimmige Gesänge mit und ohne Pianoforte.</hofClass></head>
<wip id="hofm_1862_03_0050_06"><composer key="compo_000062">Abt, Frz.</composer>, Op. <opus key="opus_1431">203</opus>. <title>5 Gesänge f. 4 Männerst. <format>Part. u. St</format></title>. 8. <pubPlace key="place_0392">Leipzig</pubPlace>, <publisher key="publ_3773">Siegel</publisher>. <lb/><title>Heft 1, Deutsches Lied (Es lebt in unsern Herzen). Waldeszauber. In der Frühlingsnacht</title>. 24 Ngr. <lb/>– <title>2, Das wäre ein seliges Sterben. Drei Zecherwünsche</title>. 1 Rt. 2½ Ngr.</wip>
<bibl id="hofm_1862_03_0050_07">– Op. <opus key="opus_1545">214</opus>. <title>Die deutsche Flagge. Ged. v. R. Griepenkerl</title>. <format>Part</format>. 9 Ngr. <format>St</format>. 10 Ngr. 8. <pubPlace key="place_0392">Leipzig</pubPlace>, <publisher key="publ_3773">Siegel</publisher> 17½ Ngr.</bibl>
<bibl id="hofm_1862_03_0050_08"><composer key="compo_010234">Früh, Arm.</composer>, Op. <opus key="opus_2737">4</opus>. <title>Der Abend. Gedicht v. Fr. Schiller. Kantate f. gemischten Chor u. 2 Solost. m. Orch. <format>Klavierausz</format>. v. Komponisten mit ausgesetzten Singst</title>. (à 2½ Ngr.). <pubPlace key="place_0392">Leipzig</pubPlace>, <publisher key="publ_1746">Hofmeister</publisher> 1 Rt. 7½ Ngr.</bibl>
<bibl id="hofm_1862_03_0050_09"><composer key="compo_010259">Fuchs, Joh.</composer>, <title>Sammlung ächter tiroler National-Lieder f. 4st. Männergesang. Heft 2, Der lustige Jagabua. ’s Wiesal. Auf der Alm is koan Bleib’n. Oes Bueben stellt’s enk her. Der verliebte Tiroler</title>. 8. <pubPlace key="place_0475">München</pubPlace>, <publisher key="publ_0996">Falter</publisher> 15 Ngr. n.</bibl>
<wip id="hofm_1862_03_0050_10"><composer key="compo_015725">Härtel, Aug.</composer>, Op. <opus key="opus_1932">27</opus>. <title>Frühlingsblüthen. 5 Gesänge f. gemischten Chor. <format>Part. u. St</format></title>. 8. <pubPlace key="place_0147">Dresden</pubPlace>, <publisher key="publ_1103">Friedel</publisher>. <lb/><title>No. 1, Der Liebe Leben, v. Fr. Rückert</title>. 10 Ngr. <lb/>– <title>2, Frühlingsahnen, v. A. Lehmann</title>, 10 Ngr. <lb/>– <title>3, Altes Minnelied (Perlenthau an Blum)</title>. 10 Ngr. <lb/>– <title>4, Waldlied (Im Wald ist Frieden)</title>. 7½ Ngr. <lb/>– <title>5, Frühlings-Rhapsodie, v. C. Gärtner</title>. 22½ Ngr.</wip>
<bibl id="hofm_1862_03_0050_11"><composer key="compo_015820">Hölzel, Gust.</composer>, Op. <opus key="opus_0335">116</opus>. <title>Aufforderung zum Gesange. Trinklied der Künstler. Worte v. J.S. Tauber, f. 4 Männerst. (od. Chor). <edition>Part. u. St</edition></title>. 8. <pubPlace key="place_0731">Wien</pubPlace>, <publisher key="publ_3833">Spina</publisher> 10 Ngr.</bibl>
<bibl id="hofm_1862_03_0050_12"><composer key="compo_015918">Hüllweck, Ferd.</composer>, Op. <opus key="opus_4300">8</opus>. <title>No. 1, An die deutschen Frauen, von Hoffmann v. Fallersleben. T.-Solo m. 4 Männerst. <edition>Part. u. St</edition></title>. 8. <pubPlace key="place_0147">Dresden</pubPlace>, <publisher key="publ_1103">Friedel</publisher> 10 Ngr.</bibl>
<bibl id="hofm_1862_03_0050_13"><composer key="compo_018057">Kocipiński, Ant.</composer>, <title>Piśni, Dumki i Szumki ruśkoho naroda na Podoli, Ukraini i w Małorossyj. Spysani i perełożeny pid muzyku. Dla samoho Spiwu. (Ruthenischer Text in polnischer und russischer Schrift.) Isza Sotnia. Desiatkach 1–3</title>. 8. <pubPlace key="place_0344">Kieff</pubPlace>, <publisher key="publ_2094">Kocipiński</publisher> (<pubPlace key="place_0392">Leipzig</pubPlace>, <publisher key="publ_1746">Hofmeister</publisher>) geh. à 8 Ngr. *n.</bibl>
<bibl id="hofm_1862_03_0050_14">– Idem mit Titel in russ. Schrift: <title><foreign translit="Pis´ni, Dumki i Shumki rus´koho naroda na Podoli, Ukraini i v&#34; Malorossyy. Spisani i perelozheny pid&#34; muzyku. Dlya somoho Spivu. (Text wie oben.) Isha Sotnya. Desyatkakh&#34; 1-3">Пісьні, Думкі і Шумкі руського народа на Подолі, Украіні і въ Малороссий. Списані і переложени підъ музику. Для сомого Співу. (Text wie oben.) Іша Сотня. Десяткахъ 1–3</foreign></title>. 8. Ebend. geh. à 8 Ngr. *n.</bibl>
<pb n="51"/>
<bibl id="hofm_1862_03_0051_01"><composer key="compo_019163">Kuntze, K.</composer>, Op. <opus key="opus_3895">68</opus>. <title>Festbilder. Ein Cyclus von 12 Gesängen mit verbindender Dichtung u. 6 lebenden Bildern, f. Männerchor</title>. 8. <format>Part</format>. 1 Rt. 17½ Ngr. <format>Textbuch</format> 1½ Ngr. n. <pubPlace key="place_0392">Leipzig</pubPlace>, <publisher key="publ_3773">Siegel</publisher>.</bibl>
<bibl id="hofm_1862_03_0051_02"><composer key="compo_022253">Markull, F.W.</composer>, Op. <opus key="opus_4241">79</opus>. <title>Die Gunst des Augenblicks. Ged. v. Fr. v. Schiller, f. 4st. Männerchor, Soli u. Harmoniemusik</title>. <format>Part</format>. 22½ Ngr. n. <format>Singst</format>. 8 Ngr. *n. 8. <pubPlace key="place_0490">Neu-Ruppin</pubPlace>, <publisher key="publ_3033">Petrenz</publisher>.</bibl>
<wip id="hofm_1862_03_0051_03"><composer key="compo_024266">Müller, Rich.</composer>, Op. <opus key="opus_0531">13</opus>. <title>6 Lieder f. 4 Männerst. <format>Part. u. St</format></title>. 8. <pubPlace key="place_0392">Leipzig</pubPlace>, <publisher key="publ_3773">Siegel</publisher>. <lb/><title>Heft 1, Trinklied (Das Glas in der Rechten). Mein Wunsch. Ständchen (Mädchen mit dem rothen Mündchen)</title>. 1 Rt. <lb/>– <title>2, Vöglein, wohin so schnell? Der Himmel. Wintertrinklied</title>. 25 Ngr.</wip>
<bibl id="hofm_1862_03_0051_04"><composer key="compo_031584">Schäffer, Aug.</composer>, Op. <opus key="opus_4654">94</opus>. <title>3 komische Männerquartette. No. 3, Mamma, ich auch. <format>Part. u. St</format></title>. 8. <pubPlace key="place_0392">Leipzig</pubPlace>, <publisher key="publ_3773">Siegel</publisher> 18 Ngr.</bibl>
<bibl id="hofm_1862_03_0051_05"><composer key="compo_030750">Schneider, F.</composer>, <title>Liederbuch f. Volksschulen u. die Unter- u. Mittelklassen der Bürgerschulen. Heft 3, 33 2- u. 3st. Lieder</title>. 8. <pubPlace key="place_0275">Halle</pubPlace>, <publisher key="publ_3508">Schmidt</publisher> geh. 1⅔ Ngr. *n.</bibl>
<wip id="hofm_1862_03_0051_06"><composer key="compo_038347">Zöllner, K.</composer>, Op. <opus key="opus_1482">21</opus>. <title>3 heitere Quartette f. 4 Männerst. <format>Part. u. St</format></title>. 8. <pubPlace key="place_0392">Leipzig</pubPlace>, <publisher key="publ_3773">Siegel</publisher>. <lb/><title>No. 1, Liebe und Wein</title>. 27½ Ngr. <lb/>– <title>2, Kirmeslied v. Hoffmann v. Fallersleben</title>. 1 Rt. 5 Ngr. <lb/>– <title>3, Jetzt schwingen wir den Hut, v. Hebel</title>. 10 Ngr.</wip>
<wip id="hofm_1862_03_0051_07">– Op. <opus key="opus_1584">22</opus>. <title>6 leichte Quartette f. 4 Männerst. <format>Part. u. St</format></title>. 8. Ebd. <lb/><title>Heft 1, Trost. Willkommen. Guckt nicht in Wasserquellen</title>. 22½ Ngr. <lb/>– <title>2, Waldvöglein. Jugendlust. Jetzt schwingen wir den Hut</title>. 22½ Ngr.</wip>
</div><div id="hofm_1862_03_0051_div16"><head><hofClass key="hofCl_0268">Opernmusik mit Pianofortebegleitung.</hofClass></head>
<bibl id="hofm_1862_03_0051_08"><composer key="compo_005923">Conradi, A.</composer>, <title>Couplets aus der Posse Berlin arm und reich, v. E. Pohl. (Prügel-Couplet. Markt-Duett. Stern-Lied. Wörter-Couplet. Nur praktisch!)</title> 8. <pubPlace key="place_0044">Berlin</pubPlace>, <publisher key="publ_2302">Lassar</publisher> geh. 15 Ngr. n.</bibl> 
<bibl id="hofm_1862_03_0051_09"><composer key="compo_010953">Genée, Rich.</composer>, Op. <opus key="opus_4502">87</opus>. <title>Der politische Barbier. Komische Scene f. 1 Singstimme</title>. (Die Dilettanten-Oper. Lief. 9.) <pubPlace key="place_0371">Köln</pubPlace>, <publisher key="publ_3486">Schloss</publisher> 20 Ngr.</bibl>
<bibl id="hofm_1862_03_0051_10"><composer key="compo_025279">Offenbach, J.</composer>, <title>Apothicaire et Perruquier. Operette bouffe en un Acte</title>. 8. <pubPlace key="place_0044">Berlin</pubPlace>, <publisher key="publ_0393">B. u. Bock</publisher> geh. 3 Rt.</bibl>
<wip id="hofm_1862_03_0051_11"><composer key="compo_029104">Rubinstein, Ant.</composer>, <title>Die Kinder der Haide. Oper</title>. <pubPlace key="place_0731">Wien</pubPlace>, <publisher key="publ_3833">Spina</publisher>. <lb/><title>No. 2, Duett (MS. u. B.): Bald ist dieser Tag nun auch vorüber</title>. 12½ Ngr. <lb/>– <title>4, Rec. u. Sc. (MS.): Ha! Horch</title>. 5 Ngr. <lb/>– <title>5, Duett (T. u. MS.): Hast du doch noch kommen müssen</title>. 15 Ngr. <lb/>– <title>10, Vorspiel u. Arie (S.): Ich will’s vergessen</title>. 7½ Ngr. <lb/>– <title>40d, Cavatine (Br.): Ich will vor Gott</title>. 5 Ngr.</wip>
</div><div id="hofm_1862_03_0051_div17"><head><hofClass key="hofCl_0040">Gesänge für eine Singstimme mit Begleitung des Pianofortes.</hofClass></head>
<bibl id="hofm_1862_03_0051_12"><composer key="compo_000062">Abt, Frz.</composer>, Op. <opus key="opus_1526">211</opus>. <title>5 Lieder f. MS. (od. A.). (Veilchen vom Berge Du weisst ja, wo? Waldandacht. Singe mit! Vor meinem Fenster der Apfelbaum.)</title> <pubPlace key="place_0392">Leipzig</pubPlace>, <publisher key="publ_3773">Siegel</publisher> 20 Ngr.</bibl>
<bibl id="hofm_1862_03_0051_13"><composer key="compo_002515">Bergmann, Jos.</composer>, Op. <opus key="opus_4562">9</opus>. <title>Seš. 1. Sestero Písní pro jeden hlas</title>. <pubPlace key="place_0554">Prag</pubPlace>, <publisher key="publ_3407">Schalek</publisher> 1 Rt. 2 Ngr.</bibl>
<pb n="52"/>
<bibl id="hofm_1862_03_0052_01"><composer key="compo_008164">Eisoldt, G.A.</composer>, Op. <opus key="opus_1731">24</opus>. <title>2 Romanzen, mit deutschem u. französ. Texte. (In deinen Armen weich und süss. Ich sah dich unter Blüthen.)</title> <pubPlace key="place_0147">Dresden</pubPlace>, <publisher key="publ_2661">Meser</publisher> 15 Ngr.</bibl>
<wip id="hofm_1862_03_0052_02"><composer key="compo_008296">Emmerich, R.</composer>, <title>Balladen u. Gesänge</title>. <pubPlace key="place_0371">Köln</pubPlace>, <publisher key="publ_3486">Schloss</publisher>. <lb/>Op. <opus key="opus_1881">26</opus>. <title>Pharao. Ballade</title>. 10 Ngr. <lb/>– <opus key="opus_1933">27. No. 1</opus>, <title>Lichtenstein. Ballade</title>. 12½ Ngr. <lb/>– <title>2, Indisches Liebesorakel. Ballade</title>. 10 Ngr. <lb/>– <opus key="opus_2067">29. No. 1</opus>, <title>Nachtgesang. Lied</title>. 7½ Ngr. <lb/>– <title>2, Nähe der Geliebten. Lied</title>. 7½ Ngr.</wip>
<wip id="hofm_1862_03_0052_03"><composer key="compo_009851">Franz, Rob.</composer>, <title>Gesänge</title>. <pubPlace key="place_0392">Leipzig</pubPlace>, <publisher key="publ_2017">Kistner</publisher>. <lb/>Op. <opus key="opus_2738">4. No. 1</opus>, <title>Mein Hochlands-Kind</title>. 7½ Ngr. <lb/>– 2, <title>Die süsse Dirn’ von Iverness</title>. 5 Ngr. <lb/>– 3, <title>Liebliche Maid (Früh mit der Lerche)</title>. 5 Ngr. <lb/>– 4, <title>Ihr Hügel dort am schönen Doon</title>. 7½ Ngr. <lb/>– 5, <title>Montgomery-Gretchen (Wär’ auch mein Lager)</title>. 5 Ngr. <lb/>– 6, <title>Du hast mich verlassen, Jamie</title>. 7½ Ngr. <lb/>– 7, <title>Er ist gekommen in Sturm und Regen</title>. 7½ Ngr. <lb/>– 8, <title>Kurzes Wiedersehen (Ach musstest du)</title>. 7½ Ngr. <lb/>– 9, <title>Durch säuselnde Bäume im Mondenschein</title>. 5 Ngr. <lb/>– 10, <title>Herbstsorge (Gleich eines Herzens bangen Fieberträumen)</title>. 5 Ngr. <lb/>– 11, <title>Wanderlied (Und kommt der Frühling)</title>. 5 Ngr. <lb/>– 12, <title>Ach, dass du kamst in Freuden</title>. 5 Ngr.</wip>
<bibl id="hofm_1862_03_0052_04">– <opus key="opus_0685">14. No. 1</opus>, <title>Widmung (O danke nicht für diese Lieder)</title>. 5 Ngr. <lb/>– 2, <title>Lenz (Die Bäume blühn)</title>. 5 Ngr. <lb/>– 3, <title>Waldfahrt (Im Wald ist’s frisch)</title>. 7½ Ngr. <lb/>– 4, <title>Volkslied (ungarisch): Hatte Liebchen zwei</title>. 5 Ngr. <lb/>– 5, <title>Liebesfrühling (Ich sah den Lenz)</title>. 5 Ngr. <lb/>– 6, <title>Frage nicht (Wie sehr ich dein)</title>. 5 Ngr. <lb/>– <opus key="opus_2132">30. No. 1</opus>, <title>Sterne mit den goldnen Füsschen</title>. 7½ Ngr. <lb/>– <title>2, Blätter lässt die Blume fallen</title>. 5 Ngr. <lb/>– <title>3, Am Strom (Der Strom glitt einsam hin)</title>. 7½ Ngr. <lb/>– <title>4, Schöner Mai, bist über Nacht</title>. 5 Ngr. <lb/>– <title>5, Dies und Das (Wie traurig sind wir Mädchen)</title>. 7½ Ngr. <lb/>– <title>6, An die Wolke (Zieh nicht so schnell)</title>. 10 Ngr.</bibl>
<bibl id="hofm_1862_03_0052_05"><composer key="compo_012379">Grünbaum, C.W.B.</composer>, <title>Lieder. No. 1, Gruss in die Ferne</title>. <pubPlace key="place_0392">Leipzig</pubPlace>, <publisher key="publ_2828">Naumburg</publisher> 10 Ngr.</bibl>
<bibl id="hofm_1862_03_0052_06"><composer key="compo_012386">Grünberger, L.</composer>, Op. <opus key="opus_2116">3</opus>. <title>4 České Pisně pro jeden hlas. Slowa od G. Šálka</title>. <pubPlace key="place_0554">Prag</pubPlace>, <publisher key="publ_3407">Schalek</publisher> 1 Rt.</bibl>
<wip id="hofm_1862_03_0052_07"><composer key="compo_012499">Gumbert, Ferd.</composer>, Op. <opus key="opus_4687">96</opus>. <title>3 Lieder, ges. v. B. Dawison in dem Volksstück Die Lieder des Musikanten</title>. <pubPlace key="place_0147">Dresden</pubPlace>, <publisher key="publ_1103">Friedel</publisher> 10 Ngr. <lb/><title>No. 1, Ich bin ein armer Musikant</title>. 5 Ngr. <lb/>– <title>2, Trinklied (Sie trinken alle gerne)</title>. 5 Ngr. <lb/>– <title>3, Was hassest du, was zürnest du</title>. 5 Ngr.</wip>
<bibl id="hofm_1862_03_0052_08"><composer key="compo_013599">Hauptmann, M.</composer>, Op. <opus key="opus_2066">29</opus>. <title>3 Sonette von Petrarca, f. MS. 2te Folge d. Sonette. <edition>Neue Ausg</edition>. mit ital. u. deutschem Text</title>. <pubPlace key="place_0392">Leipzig</pubPlace>, <publisher key="publ_3773">Siegel</publisher> 1 Rt.</bibl>
<bibl id="hofm_1862_03_0052_09"><composer key="compo_014826">Hiller, Ferd.</composer>, Op. <opus key="opus_0045">100</opus>. <title>Neue Gesänge. 1stes Buch. (Und ob der holde Tag vergangen. Die Verlassene. Nachtbalsam. Der Frühling sprach zu mir. Der Ungenannten. Neuer Frühling. Ständchen. Lauf der Welt. Nachtlied. Liebestreu. Wenn etwas leise in dir spricht. Kornblumen. Ich sah den Wald sich färben. Gute Nacht. O schneller, mein Ross.)</title> <pubPlace key="place_0662">Stuttgart</pubPlace>, <publisher key="publ_0636">Cotta</publisher> geh. 1 Rt. *n.</bibl>
<pb n="53"/>
<bibl id="hofm_1862_03_0053_01"><composer key="compo_016367">Jensen, Ad.</composer>, Op. <opus key="opus_3565">6</opus>. <title>Der Ungenannten. Minneweisen, nach E. Geibel. (Du feuchter Frühlingsabend. Nun die Schatten dunkeln. Der Page. Lied des Mädchens. Im Gebirg. O schneller, mein Ross.)</title> <pubPlace key="place_0392">Leipzig</pubPlace>, <publisher key="publ_3752">Senff</publisher> 1 Rt.</bibl>
<bibl id="hofm_1862_03_0053_02"><composer key="compo_018057">Kocipiński, Ant.</composer>, <title>Piśni, Dumki i Szumki ruśkoho naroda na Podoli, Ukraini i w Małorossyj. Spysani i perełożeny pid muzyku. (Ruthenischer Text in polnischer und russischer Schrift.) Isza Sotnia. 1szy Desiatok</title>. <pubPlace key="place_0344">Kieff</pubPlace>, <publisher key="publ_2094">Kocipiński</publisher>. (<pubPlace key="place_0392">Leipzig</pubPlace>, <publisher key="publ_1746">Hofmeister</publisher>) 1 Rt. 20 Ngr.</bibl>
<bibl id="hofm_1862_03_0053_03">– Idem m. Titel in russ. Schrift: <title><foreign translit="Pis´ni, Dumki i Shumki rus´koho naroda na Podoli, Ukraini i v&#34; Malorossyy. Spisani i perelozheny pid&#34; muzyku. (Text wie oben.) Isha Sotnya. 1shy Desyatok&#34;">Пісьні, Думкі і Шумкі руського народа на Подолі, Украіні і въ Малороссий. Списані і переложени підъ музику. (Text wie oben.) Іша Сотня. 1ши Десятокъ</foreign></title>. Ebd. 1 Rt. 20 Ngr.</bibl>
<bibl id="hofm_1862_03_0053_04"><composer key="compo_019691">Lachner, V.</composer>, Op. <opus key="opus_2347">33</opus>. <title>Scherz im Ernst und Ernst im Scherz. Cyclus von 16 Gesängen f. B. (od. Br.). Heft 1, Der Zwerg Perkéo vom heidelberger Schloss. Rodensteins Auszug. Ein ander Lied vom Rodenstein. Der Rodenstein im Waldhorn. Trinklied. Alt Heidelberg</title>. <pubPlace key="place_0438">Mainz</pubPlace>, <publisher key="publ_3563">Schott</publisher> 1 Fl. 30 Xr.</bibl>
<bibl id="hofm_1862_03_0053_05"><composer key="compo_019922">Lange, O.H.</composer>, <title>Polka-Ständchen v. L. Bauer</title>. <pubPlace key="place_0280">Hannover</pubPlace>, <publisher key="publ_3267">Riewe u. Th</publisher>. 10 Ngr.</bibl>
<wip id="hofm_1862_03_0053_06"><composer key="compo_021753">Lührss, K.</composer>, Op. <opus key="opus_2268">32</opus>. <title>12 Lieder. 3 Hefte</title>. <pubPlace key="place_0392">Leipzig</pubPlace>, <publisher key="publ_3752">Senff</publisher> à 25 Ngr. <lb/><title>Heft 1, Auf der Landstrasse. Einsamkeit. Dein mit jedem Herzensschlag. Am tiefen klaren Brunnen</title>. <lb/>– <title>2, Ausforderung. Der Himmel im Thal. Rückblick. Nachtreise</title>. <lb/>– <title>3, Liebesgedanken. Der Morgen. Ich möcht’ ein Lied dir weih’n. Mein Freund ist mein</title>.</wip>
<wip id="hofm_1862_03_0053_07"><composer key="compo_022174">Marchesi, S.C.</composer>, <title>Addio a Vienna. Album. Canti siciliani</title>. <pubPlace key="place_0731">Wien</pubPlace>, <publisher key="publ_3833">Spina</publisher>. <lb/><title>No. 1, Canzone alla Napolitana. (Nel cor sentuona.)</title> 5 Ngr. <lb/>– <title>2, Mandolinata. (Le stelle in ciel.)</title> 5 Ngr. <lb/>– <title>3, La povera Fioraia. (Ho giacinto.)</title> 5 Ngr. <lb/>– <title>4, Burlesca. (M’agita il core.)</title> 5 Ngr. <lb/>– <title>5, La Primavera. (Ben venga amata giovine.)</title> 5 Ngr. <lb/>– <title>6, La Derelitta. (Mi pare un sogno.)</title> 7½ Ngr. <lb/>– <title>7, Tarantella alla Napolitana. (Salta gira, Marietta.)</title> 7½ Ngr.</wip>
<bibl id="hofm_1862_03_0053_08"><composer key="compo_025127">Nürnberg, H.</composer>, Op. <opus key="opus_0928">16. No. 1</opus>, <title>Scheiden (Und wüssten’s die Blumen)</title>. <pubPlace key="place_0044">Berlin</pubPlace>, <publisher key="publ_4321">Weinholtz</publisher> 5 Ngr.</bibl>
<bibl id="hofm_1862_03_0053_09">– Op. <opus key="opus_0935">16. No. 2</opus>, <title>Schneeglöckchens Erwachen</title>. Ebend. 5 Ngr.</bibl>
<bibl id="hofm_1862_03_0053_10"><composer key="compo_027982">Reissiger, K.G.</composer>, Op. <opus key="opus_3321">53. No. 2</opus>, <title>Das Schlachtfeld, f. B. (od. Br.)</title>. <pubPlace key="place_0147">Dresden</pubPlace>, <publisher key="publ_1103">Friedel</publisher> 7½ Ngr.</bibl>
<bibl id="hofm_1862_03_0053_11">– Op. <opus key="opus_3322">53. No. 3</opus>, <title>Der Neugierige, f. B. (od. Br.)</title>. Ebend. 5 Ngr.</bibl>
<bibl id="hofm_1862_03_0053_12">– Op. <opus key="opus_3943">69. No. 6</opus>, <title>Mädchenlob, f. S. (od. T.)</title>. <pubPlace key="place_0147">Dresden</pubPlace>, <publisher key="publ_1103">Friedel</publisher> 5 Ngr.</bibl>
<bibl id="hofm_1862_03_0053_13">– Op. <opus key="opus_4356">81. No. 1</opus>, <title>Was kannst Du dafür, f. B. (od. Br.)</title>. <pubPlace key="place_0147">Dresden</pubPlace>, <publisher key="publ_1103">Friedel</publisher> 5 Ngr.</bibl>
<bibl id="hofm_1862_03_0053_14">– Op. <opus key="opus_0046">100. No. 1</opus>, <title>Der Schmuggler, f. B. (od. Br.)</title>. <pubPlace key="place_0147">Dresden</pubPlace>, <publisher key="publ_1103">Friedel</publisher> 5 Ngr.</bibl>
<bibl id="hofm_1862_03_0053_15">– Op. <opus key="opus_0143">104. No. 3</opus>, <title>Freud’ und Leid, f. S. (od. T.)</title>. <pubPlace key="place_0147">Dresden</pubPlace>, <publisher key="publ_1103">Friedel</publisher> 5 Ngr.</bibl>
<bibl id="hofm_1862_03_0053_16">– Op. <opus key="opus_0145">104. No. 5</opus>, <title>Die Berge, f. S. (od. T.)</title>. Ebend. 5 Ngr.</bibl>
<bibl id="hofm_1862_03_0053_17">– Op. <opus key="opus_0188">107. No. 2</opus>, <title>Immer mehr, f. S. (od. T.)</title>. <pubPlace key="place_0147">Dresden</pubPlace>, <publisher key="publ_1103">Friedel</publisher> 5 Ngr.</bibl>
<bibl id="hofm_1862_03_0053_18">– Op. <opus key="opus_0321">114. No. 5</opus>, <title>Warnung, f. B. (od. Br.)</title>. <pubPlace key="place_0147">Dresden</pubPlace>, <publisher key="publ_1103">Friedel</publisher> 5 Ngr.</bibl>
<bibl id="hofm_1862_03_0053_19">– Op. <opus key="opus_0428">121. No. 1</opus>, <title>Wüsstest Du, wie tief ich leide, f. B. (od. Br.)</title>. <pubPlace key="place_0147">Dresden</pubPlace>, <publisher key="publ_1103">Friedel</publisher> 5 Ngr.</bibl>
<bibl id="hofm_1862_03_0053_20">– Op. <opus key="opus_0435">121. No. 3</opus>, <title>Wein aus Wasser, f. B. (od. Br.)</title>. Ebend. 5 Ngr.</bibl>
<bibl id="hofm_1862_03_0053_21">– Op. <opus key="opus_0572">131. No. 3</opus>, <title>Mitternachtsständchen, f. S. (od. T.)</title>. <pubPlace key="place_0147">Dresden</pubPlace>, <publisher key="publ_1103">Friedel</publisher> 5 Ngr.</bibl>
<pb n="54"/>
<bibl id="hofm_1862_03_0054_01"><composer key="compo_029657">Samuel, Ad.</composer>, <title>2 Lieder f. S. (od. T.). (Wärst du bei mir. Alte Geschichte.)</title> <pubPlace key="place_0371">Köln</pubPlace>, <publisher key="publ_3486">Schloss</publisher> 12½ Ngr.</bibl>
<bibl id="hofm_1862_03_0054_02"><composer key="compo_031584">Schäffer, Aug.</composer>, Op. <opus key="opus_4654">94</opus>. <title>3 komische Lieder. No. 3, Mamma, ich auch</title>. <pubPlace key="place_0392">Leipzig</pubPlace>, <publisher key="publ_3773">Siegel</publisher> 10 Ngr.</bibl>
<wip id="hofm_1862_03_0054_03"><composer key="compo_031123">Schubert, Frz.</composer>, <title>Gesänge f. B., aus dessen Nachlasse</title>. <pubPlace key="place_0731">Wien</pubPlace>, <publisher key="publ_3833">Spina</publisher>. <lb/><title>No. 3, Des Sängers Habe, v. Schlechta</title>. 10 Ngr. <lb/>– <title>4, Die Gestirne, v. Klopstock</title>. 5 Ngr.</wip>
<wip id="hofm_1862_03_0054_04"><composer key="compo_034174">Tausch, Jul.</composer>, Op. <opus key="opus_3565">6</opus>. <title>6 Lieder f. tiefere St. Heft 1</title>. <pubPlace key="place_0157">Düsseldorf</pubPlace>, <publisher key="publ_0213">Bayrhoffer</publisher> 20 Ngr. <lb/><title>No. 1, Jetzt weiss ich’s, v. Reinick</title>. 10 Ngr. <lb/>– <title>2, Falsche Bläue, v. Reinick</title>. 10 Ngr. <lb/>– <title>3, Du wonnige Zeit, v. H. Hersch</title>. 5 Ngr.</wip>
<bibl id="hofm_1862_03_0054_05"><composer key="compo_036080">Walter, Aug.</composer>, Op. <opus key="opus_1068">17</opus>. <title>3 Gesänge f. A. Heft 2, Die Himmelsthräne. Das Ständchen. Dein Wille, Herr!</title> <pubPlace key="place_0392">Leipzig</pubPlace>, <publisher key="publ_2017">Kistner</publisher> 15 Ngr.</bibl>
</div><div id="hofm_1862_03_0054_div18"><head><hofClass key="hofCl_0287">Theoretische Werke.</hofClass></head>
<bibl id="hofm_1862_03_0054_06"><title>Liedgenossen (Die). Organ f. Interessen deutscher Liedertafeln, insbesondere d. Wiener Männergesangvereines. Hrsg. v. F. Fieber u. G. Bergamenter. 2ter Jahrg</title>. (4 Nrn.) gr.-4. <pubPlace key="place_0731">Wien</pubPlace>, <publisher key="publ_4008">Tendler u. Co</publisher>. 20 Ngr. *n.</bibl>
<bibl id="hofm_1862_03_0054_07"><author>Moscheles, Ign.</author>, <title>Thematisches Verzeichniss seiner im Druck erschienenen Kompositionen</title>. 8. <pubPlace key="place_0392">Leipzig</pubPlace>, <publisher key="publ_2017">Kistner</publisher> geh. 2 Rt.</bibl>
<bibl id="hofm_1862_03_0054_08"><title>Verzeichniss aller im Jahre 1860 in Oesterreich erschienenen Musikalien. Zusammengestellt v. Fr. Büsing</title>. (Oesterr. Katalog Theil VI.) 8. <pubPlace key="place_0731">Wien</pubPlace>, <publisher key="publ_4136">Verein der österr. Buchhdlr</publisher>. 2½ Ngr. n.</bibl>
</div><div id="hofm_1862_03_0054_div19"><head><hofClass key="hofCl_0284">Textbücher.</hofClass></head>
<bibl id="hofm_1862_03_0054_09"><title>Festbilder. Ein Cyclus von 12 Gesängen mit verbindender Dich- tung u. 6 lebenden Bildern v. R. Sachsse, f. Männerchor komp. v. K. Kuntze</title>. 8. <pubPlace key="place_0392">Leipzig</pubPlace>, <publisher key="publ_3773">Siegel</publisher> geh. 1½ Ngr. n.</bibl>
</div></body></text></TEI.2>