<?xml version="1.0" encoding="utf-8"?>
<!DOCTYPE TEI.2
  SYSTEM "../../dtd/tei/cch_tei.dtd">
<TEI.2 id="hofm_1867_03">
<teiHeader type="text"><fileDesc><titleStmt><title>März 1867</title></titleStmt><publicationStmt><p/></publicationStmt><sourceDesc><p/></sourceDesc></fileDesc><profileDesc><langUsage><language id="ger">German</language><language id="fre">French</language><language id="ita">Italian</language></langUsage></profileDesc><revisionDesc><change><date>2007-04-27</date><respStmt><name>RV</name></respStmt><item>Changed "biblGroup" elements in "listBibl"</item></change><change><date>2007-03-01</date><respStmt><name>EP</name></respStmt><item>Checked curly brackets</item></change><change><date>2007-02-27</date><respStmt><name>EP</name></respStmt><item>Encoded curly brackets</item></change><change><date>2006-12-19</date><respStmt><name>EP</name></respStmt><item>sic and unclear moved outside elements pubplaces, publisher, composer, hofclass, key, opus</item></change><change><date>2007-01-28</date><respStmt><name>Sarah</name></respStmt><item>Removed incorrect author tags.</item></change><change><date>2005-10-10</date><respStmt><name>Sarah</name></respStmt><item>Corrections following checking pages.</item></change><change><date>2005-09-05</date><respStmt><name>Sarah</name></respStmt><item>First encoding.</item></change><change><date>2005-07-29</date><respStmt><name>Liz</name></respStmt><item>pasting in &amp; checking automated tagging</item></change></revisionDesc></teiHeader>
<text><body><pb n="38"/><head>März 1867.</head>
<div id="hofm_1867_03_0038_div01"><head><hofClass key="hofCl_0164">Musik für Orchester.</hofClass></head>
<bibl id="hofm_1867_03_0038_01"><composer key="compo_008936">Faust, K.</composer>, Op. <opus key="opus_0768">146</opus>. <title>Con amore. Polka</title>, u. Op. <opus key="opus_0776">147</opus>. <title>Feuer und Flamme. Galopp f. Orch</title>. <pubPlace key="place_0082">Breslau</pubPlace>, <publisher key="publ_1445">Hainauer</publisher> 1 Rt. 10 Ngr.</bibl>
<bibl id="hofm_1867_03_0038_02">– Op. <opus key="opus_0783">148</opus>. <title>Aus meinem Stammbuch. Potpourri f. Orch</title>. Ebend. 2 Rt. 20 Ngr.</bibl>
<bibl id="hofm_1867_03_0038_03"><composer key="compo_014469">Herrmann, H.</composer>, Op. <opus key="opus_1584">22</opus>. <title>Künstlerfest-Quadrille f. Orch</title>. <pubPlace key="place_0082">Breslau</pubPlace>, <publisher key="publ_1445">Hainauer</publisher> 1 Rt. 10 Ngr.</bibl>
<bibl id="hofm_1867_03_0038_04">– Op. <opus key="opus_1661">23</opus>. <title>Flitterwochen-Polka</title>, u. Op. <opus key="opus_1731">24</opus>. <title>Cascaden-Galopp f. Orch</title>. Ebend. 1 Rt. 10 Ngr.</bibl>
<bibl id="hofm_1867_03_0038_05"><composer key="compo_035583">Vogel, Ferd.</composer>, <title>Symphonie No. 1 (<key>Cm</key>.) f. gr. Orch</title>. <pubPlace key="place_0044">Berlin</pubPlace>, <publisher key="publ_0589">Challier u. Co</publisher>. <lb/><format>Partitur</format>. 8. 1 Rt. 15 Ngr. n. <lb/><format>Stimmen</format>. 4 Rt. 15 Ngr. n.</bibl>
<bibl id="hofm_1867_03_0038_06"><composer key="compo_038102">Ziehrer, C.M.</composer>, Op. <opus key="opus_3934">69</opus>. <title>Mamsell Uibermuth. Polka française</title>, u. Op. <opus key="opus_4017">71</opus>. <title>Bewegtes Leben. Schnell-Polka f. Orch</title>. <pubPlace key="place_0731">Wien</pubPlace>, <publisher key="publ_1506">Haslinger</publisher> 2 Rt.</bibl>
<bibl id="hofm_1867_03_0038_07">– Op. <opus key="opus_4070">73</opus>. <title>Künstler-Träume. Walzer f. Orch</title>. Ebend. 2 Rt. 10 Ngr.</bibl>
</div><div id="hofm_1867_03_0038_div02"><head><hofClass key="hofCl_0134">Musik für Streich- und Blasinstrumente.</hofClass></head>
<album id="hofm_1867_03_0038_08"><title>Auswahl der beliebt. Tänze u. Märsche im leichten Arr. f. 1 Viol. 6. Heft. (<composer key="compo_038126">Zikoff</composer>, Op. <opus key="opus_1271">19</opus>. Rendez-vous-Marsch. <composer key="compo_014578">Herzog</composer>, Kirmess-Polka. <composer key="compo_004594">Budik</composer>, Die Tanzmeisterin. <composer key="compo_026424">Piefke</composer>, Op. <opus key="opus_0234">11</opus>. Ohne Rast und Ruh. Galopp. <composer key="compo_014454">Herrmann</composer>, Op. <opus key="opus_4300">8</opus>. Alpen-Veilchen. Walzer.)</title> <pubPlace key="place_0201">Frankfurt a/O</pubPlace>., <publisher key="publ_2579">Massute</publisher> 12½ Ngr.</album>
<wip id="hofm_1867_03_0038_09"><title>Gammes p. les Instruments Tenor en cuivre</title>. <pubPlace key="place_0438">Mainz</pubPlace>, <publisher key="publ_3563">Schott</publisher> à 24 Xr. <lb/><title>No. 1, Le Trombone à pistons</title>. <lb/>– <title>2. Le Bugle-Tenor</title>. <lb/>– <title>3, Le Saxborn</title>. <lb/>– <title>4, L’Euphonium ou Batyphone</title>. <lb/>– <title>5, Le Tuba-Tenor ou Bariton</title>.</wip>
<wip id="hofm_1867_03_0038_10"><composer key="compo_026654">Pleyel, J.</composer>, Op. <opus key="opus_1661">23</opus>. <title>6 Duos concert. p. 2 Violons</title>. <title>2 Suites</title>. <pubPlace key="place_0438">Mainz</pubPlace>, <publisher key="publ_3563">Schott</publisher> à 1 Fl. 12 Xr.</wip>
<bibl id="hofm_1867_03_0038_11"><composer key="compo_032921">Stainlein, L. de</composer>, Op. <opus key="opus_0021">10</opus>. <title>1er Quatuor (<key>Gm</key>.) p. 2 V., A. et Vclle. <format>Part</format></title>. 8. <pubPlace key="place_0438">Mainz</pubPlace>, <publisher key="publ_3563">Schott</publisher> 1 Fl. 48 Xr.</bibl>
<bibl id="hofm_1867_03_0038_12">– Op. <opus key="opus_0234">11</opus>. <title>2me Quatuor (<key>C</key>) p. 2 V., A. et Vclle. <format>Part</format></title>. 8. Ebend. 1 Fl. 48 Xr.</bibl>
<bibl id="hofm_1867_03_0038_13">– Op. <opus key="opus_0927">16</opus>. <title>Quintuor (<key>Dm</key>.) p. 2 V., 2 A. et Vclle. <format>Part</format></title>. 8. <pubPlace key="place_0438">Mainz</pubPlace>, <publisher key="publ_3563">Schott</publisher> 2 Fl.</bibl>
<wip id="hofm_1867_03_0038_14"><composer key="compo_034283">Terschak, A.</composer>, Op. <opus key="opus_3934">69</opus>. <title>12 Duos caractéristiques p. 2 Flûtes</title>. <title>2 Cah</title>. <pubPlace key="place_0080">Bremen</pubPlace>, <publisher key="publ_0640">Cranz</publisher> à 20 Ngr.</wip>
</div><div id="hofm_1867_03_0038_div03"><head><hofClass key="hofCl_0247">Musik für Zither.</hofClass></head>
<bibl id="hofm_1867_03_0038_15"><composer key="compo_007900">Edlinger. A. v.</composer>, <title>Musikalische Anthologie. Eine Auswahl von 200 der schönsten u. angenehmsten Unterhaltungsstücke in fortschreitender Ordnung. 4. Heft</title>. qu. 8. <pubPlace key="place_0440">Mannheim</pubPlace>, <publisher key="publ_1534">Heckel</publisher> 125 Ngr.</bibl>
<bibl id="hofm_1867_03_0038_16"><composer key="compo_009454">Fittig, C.</composer>, Op. <opus key="opus_1372">2</opus>. <title>Alpenklänge. Steirische Ländler f. Z</title>. qu.-8. <pubPlace key="place_0440">Mannheim</pubPlace>, <publisher key="publ_1534">Heckel</publisher> 10 Ngr.</bibl>
<bibl id="hofm_1867_03_0038_17">– Op. <opus key="opus_2737">4</opus>. <title>Erinnerung an Salzburg. Glockenspiel f. Z</title>. qu.-8. Ebend. 12½ Ngr.</bibl>
<bibl id="hofm_1867_03_0038_18">– Op. <opus key="opus_3565">6</opus>. <title>Abend-Gedanken. Lied ohne Worte f. Z</title>. qu.-8. Ebd. 6⅔ Ngr.</bibl>
<pb n="39"/>
<bibl id="hofm_1867_03_0039_01"><composer key="compo_009949">Frey, W.</composer>, Op. <opus key="opus_3181">5</opus>. <title>Notturno f. Z</title>. 8. <pubPlace key="place_0392">Leipzig</pubPlace>, <publisher key="publ_3773">Siegel</publisher> 4 Ngr.</bibl>
<bibl id="hofm_1867_03_0039_02"><composer key="compo_010431">Füsselberger, M.</composer>, <title>Fantasie f. Z</title>. qu.-8. <pubPlace key="place_0440">Mannheim</pubPlace>, <publisher key="publ_1534">Heckel</publisher> 10 Ngr.</bibl>
<bibl id="hofm_1867_03_0039_03"><composer key="compo_015209">Holler., W.</composer>, Op. <opus key="opus_1165">18</opus>. <title>Tanz-Album f. Z. 2. Jahrg. 10. Heft. (Ziehrer, Op. <opus key="opus_3701">62</opus>. Toilette-Polka (frç.). Ziehrer, Op. <opus key="opus_3798">65</opus>. Badner Park-Polka.)</title> 8. <pubPlace key="place_0731">Wien</pubPlace>, <publisher key="publ_1506">Haslinger</publisher> 10 Ngr.</bibl>
<wip id="hofm_1867_03_0039_04">– <title>Kompositionen und Transcriptionen</title>. <title>Heft 29, Ziehrer, Op. <opus key="opus_3767">64</opus>. König von Sachsen Huldigungs-Marsch. Op. <opus key="opus_3658">61</opus>. Wiener Freiwilligen-Marsch. Kunze, Op. <opus key="opus_0792">149</opus>. Sängerfest-Marsch</title>. <title>Heft 30. Offenbach, Potpourri aus Blaubart</title>. 8. <pubPlace key="place_0731">Wien</pubPlace>, <publisher key="publ_1506">Haslinger</publisher> à 15 Ngr.</wip>
<bibl id="hofm_1867_03_0039_05"><composer key="compo_028551">Rixner. J.</composer>, Op. <opus key="opus_3988">70</opus>. <title>Gruss an Trier. Walzer f. Z</title>. qu.-8. <pubPlace key="place_0687">Trier</pubPlace>, <publisher key="publ_1721">Hoenes</publisher> 7½ Ngr.</bibl>
<bibl id="hofm_1867_03_0039_06">– <title>Prinzen-Polka-Mazurka. Fest-Marsch. Militair-Marsch f. Z</title>. qu.-8. <pubPlace key="place_0687">Trier</pubPlace>, <publisher key="publ_1721">Hoenes</publisher> 7½ Ngr.</bibl>
</div><div id="hofm_1867_03_0039_div04"><head><hofClass key="hofCl_0167">Musik für Pianoforte mit Begleitung.</hofClass></head>
<bibl id="hofm_1867_03_0039_07"><composer key="compo_000242">Alard, D.</composer>, Op. <opus key="opus_2948">44</opus>. <title>Robert le Diable. Gr. Fantaisie de Concert p. Violon av. Pfte</title>. <pubPlace key="place_0438">Mainz</pubPlace>, <publisher key="publ_3563">Schott</publisher> 2 Fl. 24 Xr.</bibl>
<wip id="hofm_1867_03_0039_08">– <title>Die klassischen Meister des Violinspiels. Sammlung auserw. Stücke a. d. Werken der grössten Meister. Mit Andeutung des Styles, der Satzeinth., des Ausdrucks, Fingersatzes und Bogenstrichs f. Violine mit Pfte</title>. <pubPlace key="place_0438">Mainz</pubPlace>, <publisher key="publ_3563">Schott</publisher>. <lb/><title>No. 18, Beethoven, Op. <opus key="opus_2131">30</opus>. No. 2. Sonate (<key>Gm</key>.)</title>. 2 Fl. 24 Xr. <lb/>– <title>19, Kreutzer, La Molinara</title>. 1 Fl. 48 Xr. <lb/>– <title>20, Baillot, Air de Paisiello (Jesuis Lindor)</title>. 1 Fl. 30 Xr.</wip>
<bibl id="hofm_1867_03_0039_09"><composer key="compo_002077">Beethoven, L. v.</composer>, Op. <opus key="opus_0477">125</opus>. <title>9te Symphonie f. Pfte u. Violine eingerichtet v. F. Hermann</title>. <pubPlace key="place_0438">Mainz</pubPlace>, <publisher key="publ_3563">Schott</publisher> 5 Fl. 24 Xr.</bibl>
<bibl id="hofm_1867_03_0039_10">– <title>Rondo (<key>G</key>) p. Pfte et Violon. <edition>Nouv. Edit</edition></title>. <pubPlace key="place_0438">Mainz</pubPlace>, <publisher key="publ_3563">Schott</publisher> 45 Xr.</bibl>
<bibl id="hofm_1867_03_0039_11">– <title>12 Var. sur l’Air de l’Opéra Le Nozze de Figaro (Se vuol ballare) p. Pfte et Violon. <edition>Nouv. Edit</edition></title>. <pubPlace key="place_0438">Mainz</pubPlace>, <publisher key="publ_3563">Schott</publisher> 1 Fl.</bibl>
<bibl id="hofm_1867_03_0039_12">– <title>7 Var. sur Là dove prende amor, de l’Opéra Il Flauto magico, p. Pfte et Vclle. <edition>Nouv. Edit</edition></title>. <pubPlace key="place_0438">Mainz</pubPlace>, <publisher key="publ_3563">Schott</publisher> 1 Fl.</bibl>
<bibl id="hofm_1867_03_0039_13"><composer key="compo_004899">Bériot, Ch. de</composer>, et <composer key="compo_004898">C.V. de Bériot (fils)</composer>, <title>Duo sur des Motifs de l’Opéra Lalla-Roukh, de Fél. David, p. Pfte et Violon</title> (Collect. de Duos No. 88). <pubPlace key="place_0438">Mainz</pubPlace>, <publisher key="publ_3563">Schott</publisher> 1 Fl. 30 Xr.</bibl>
<bibl id="hofm_1867_03_0039_14">– <title>Duo sur des Motifs de l’Opéra Faust, de Gounod, p. Pfte et Violon</title> (Collection de Duos No. 89). Ebend. 1 Fl. 48 Xr.</bibl>
<bibl id="hofm_1867_03_0039_15"><composer key="compo_005614">Chopin, Fr.</composer>, <title>Largo a. Sonate Op. <opus key="opus_3798">65</opus> (<key>Gm</key>.) f. Vcllo u. Pfte</title>. <pubPlace key="place_0392">Leipzig</pubPlace>, <publisher key="publ_0437">Br. u. Härtel</publisher> 7½ Ngr.</bibl>
<bibl id="hofm_1867_03_0039_16"><composer key="compo_006571">Davidoff, K.</composer>, Op. <opus key="opus_0927">16</opus>. <title>3 Salonstücke (Mondnacht. Lied. Mährchen) f. Vcllo u. Pfte</title>. <pubPlace key="place_0392">Leipzig</pubPlace>, <publisher key="publ_2017">Kistner</publisher> 1 Rt. 5 Ngr.</bibl>
<bibl id="hofm_1867_03_0039_17">– Op. <opus key="opus_1068">17</opus>. <title>Souvenirs d’Oranienbaum (Adieu. Barcarole). 2 Pièces de Salon p. Vclle et Pfte</title>. Ebend. 25 Ngr.</bibl>
<bibl id="hofm_1867_03_0039_18"><composer key="compo_007536">Dupuis, J.</composer>, Op. <opus key="opus_3967">7</opus>. <title>Valse de Concert p. Violon av. Pfte</title>. <pubPlace key="place_0438">Mainz</pubPlace>, <publisher key="publ_3563">Schott</publisher> 1 Fl. 48 Xr.</bibl>
<bibl id="hofm_1867_03_0039_19"><composer key="compo_011476">Godfrey, D.</composer>, <title>Danses de Salon p. Violon et Pfte. No. 1, Mabel. Valse</title>. <pubPlace key="place_0438">Mainz</pubPlace>, <publisher key="publ_3563">Schott</publisher> 1 Fl. 30 Xr.</bibl>
<bibl id="hofm_1867_03_0039_20"><composer key="compo_011951">Gregoir, J.</composer> et <composer key="compo_032081">F. Servais</composer>, <title>Duo sur des Airs espagnols, p. Pfte et Vclle</title> (17me Livre de Duos). <pubPlace key="place_0438">Mainz</pubPlace>, <publisher key="publ_3563">Schott</publisher> 1 Fl. 48 Xr.</bibl>
<bibl id="hofm_1867_03_0039_21"><composer key="compo_016110">Jacobi, A.</composer>, <title>Alpenlust. Charakter. Kompositionen f. Violine u. Pfte</title>. <pubPlace key="place_0386">Langensalza</pubPlace>, <publisher key="publ_4179">Verlags-Comptoir</publisher> 10 Ngr.</bibl>
<bibl id="hofm_1867_03_0039_22"><composer key="compo_016246">Jansa, L.</composer>, Op. <opus key="opus_4436">84</opus>. <title>Cantilène p. Alto av. Pfte</title>. <pubPlace key="place_0438">Mainz</pubPlace>, <publisher key="publ_3563">Schott</publisher> 1 Fl. 21 Xr.</bibl>
<bibl id="hofm_1867_03_0039_23"><composer key="compo_017325">Ketchum, W.</composer>, Op. <opus key="opus_0001">1</opus>. <title>Nocturne (<key>B</key>) f. Violine mit Pfte</title>. <pubPlace key="place_0392">Leipzig</pubPlace>, <publisher key="publ_3605">Schuberth u. Co</publisher>. 15 Ngr.</bibl>
<pb n="40"/>
<bibl id="hofm_1867_03_0040_01"><composer key="compo_017336">Ketterer, E.</composer>, u. <composer key="compo_014357">Ad. Herman</composer>, Op. <opus key="opus_3988">70</opus>. <title>12 Duos conc. sur les chefs-d’oeuvre lyriques des grands Maîtres p. Pfte et Violon. No. 8, Robin des bois, de Weber</title>. <pubPlace key="place_0438">Mainz</pubPlace>, <publisher key="publ_3563">Schott</publisher> 2 Fl. 24 Xr.</bibl>
<bibl id="hofm_1867_03_0040_02"><composer key="compo_020305">Lee, S.</composer>, Op. <opus key="opus_4722">98</opus>. <title>Soirées du Violoncelliste-Amateur. Collect. de Transcript. fac. sur les Opéras de Verdi p. Vclle et Piano. No. 8, Simon Boccanegra. No. 9, Forza del destino. No. 10, Attila No. 11, Aroldo. No. 12, Louisa Miller</title>. <pubPlace key="place_0392">Leipzig</pubPlace>, <publisher key="publ_1746">Hofmeister</publisher> à 12½ Ngr.</bibl>
<bibl id="hofm_1867_03_0040_03"><composer key="compo_020746">Lewandowski, L.</composer>, Op. <opus key="opus_0392">12</opus>. <title>Hebräische Melodien. Duo f. Pfte u. Violine</title>. <pubPlace key="place_0044">Berlin</pubPlace> (<publisher key="publ_3048">Philipp</publisher>) 1 Rt. 15 Ngr.</bibl>
<bibl id="hofm_1867_03_0040_04"><composer key="compo_021002">Linder, G.</composer>, Op. <opus key="opus_2116">3</opus>. <title>Romance-Impromptu f. Violine mit Pfte</title>. <pubPlace key="place_0662">Stuttgart</pubPlace>, <publisher key="publ_3965">Stürmer</publisher> 16 Ngr.</bibl>
<bibl id="hofm_1867_03_0040_05"><composer key="compo_021002">Linder, G.</composer>, Op. <opus key="opus_2737">4</opus>. <title>Elegie f. Waldhorn (od. Vcllo) mit Pfte</title>. <pubPlace key="place_0662">Stuttgart</pubPlace>, <publisher key="publ_3965">Stürmer</publisher> 16 Ngr.</bibl>
<bibl id="hofm_1867_03_0040_06"><composer key="compo_027445">Raff, J.</composer>, Op. <opus key="opus_0511">129</opus>. <title>4te gr. Sonate (<key>Gm</key>.). (Chromat. Sonate in einem Satze) f. Pfte u. Violine</title>. <pubPlace key="place_0392">Leipzig</pubPlace>, <publisher key="publ_3605">Schuberth u. Co</publisher>. 1 Rt. 15 Ngr.</bibl>
<wip id="hofm_1867_03_0040_07"><composer key="compo_028161">Reymond, L.H.</composer>, Op. <opus key="opus_2116">3</opus>. <title>4 Impromptus p. Pfte et Violon</title>. <title>No. 1, Capriccio</title>. 1 Fl. 21 Xr. <title>No. 2, Ballade</title>. 54 Xr. <title>No. 3, Canzonetta</title>. 54 Xr. <title>No. 4, La Sérénade du Gondolier</title>. 1 Fl. 48 Xr. <pubPlace key="place_0438">Mainz</pubPlace>, <publisher key="publ_3563">Schott</publisher>.</wip>
<bibl id="hofm_1867_03_0040_08"><composer key="compo_032510">Sobeck, J.</composer>, Op. <opus key="opus_1372">2</opus>. <title>Elegie f. Clarinette mit Pfte</title>. <pubPlace key="place_0280">Hannover</pubPlace>, <publisher key="publ_2808">Nagel</publisher> 13 Ngr.</bibl>
<bibl id="hofm_1867_03_0040_09"><composer key="compo_035020">Täglichsbeck, Th.</composer>, Op. <opus key="opus_2140">30. No. 3</opus>, <title>Sonate (<key>C</key>) f. Pfte u. Flöte</title>. <pubPlace key="place_0392">Leipzig</pubPlace>, <publisher key="publ_3605">Schuberth u. Co</publisher>. 1 Rt. 7½ Ngr.</bibl>
<wip id="hofm_1867_03_0040_10"><composer key="compo_035476">Vieuxtemps, H.</composer>, Op. <opus key="opus_2347">33</opus>. <title>Bouquet américain. Mélodies popul. transcr. p. Violon av. Pfte. 2me Série No. 6, Arkansas traveller</title>. <pubPlace key="place_0392">Leipzig</pubPlace>, <publisher key="publ_3605">Schuberth u. Co</publisher>. 22½ Ngr.</wip>
<wip id="hofm_1867_03_0040_11"><composer key="compo_038102">Ziehrer, C.M.</composer>, <title>Tanz-Kompositionen f. Violine u. Pfte</title>. <pubPlace key="place_0731">Wien</pubPlace>, <publisher key="publ_1506">Haslinger</publisher>. <lb/>Op. <opus key="opus_3868">67</opus>. <title>Blaubart. Quadrille</title>. 15 Ngr. <lb/>– <opus key="opus_3895">68</opus>. <title>Florette. Polka-Mazur</title>. 10 Ngr. <lb/>– <opus key="opus_3934">69</opus>. <title>Mamsell Uibermuth. Polka franç</title>. 10 Ngr. <lb/>– <opus key="opus_3988">70</opus>. <title>Naturstimmen. Walzer</title>. 15 Ngr. <lb/>– <opus key="opus_4017">71</opus>. <title>Bewegtes Leben. Polka (schnell)</title>. 10 Ngr. <lb/>– <opus key="opus_4045">72</opus>. <title>Wildfeuer-Polka (schnell)</title>. 7½ Ngr. <lb/>– <opus key="opus_4070">73</opus>. <title>Künstler-Träume. Walzer</title>. 15 Ngr.</wip>
</div><div id="hofm_1867_03_0040_div05"><head><hofClass key="hofCl_0171">Musik für Pianoforte zu vier Händen.</hofClass></head>
<bibl id="hofm_1867_03_0040_12"><composer key="compo_002077">Beethoven, L. v.</composer>, Op. <opus key="opus_2915">43</opus>. <title>Die Geschöpfe des Prometheus. Ballet arr. v. F. Brissler</title>. <pubPlace key="place_0392">Leipzig</pubPlace>, <publisher key="publ_0437">Br. u. Härtel</publisher> 4 Rt.</bibl>
<bibl id="hofm_1867_03_0040_13"><title>Flore théâtrale. Nouv. Collection de Fantaisies élég. ou Potp. brill. sur des Thèmes d’Opéras modernes et favoris. No. 47, <composer key="compo_023267">Meyerbeer</composer>, Robert der Teufel</title>. <pubPlace key="place_0731">Wien</pubPlace>, <publisher key="publ_1506">Haslinger</publisher> 20 Ngr.</bibl>
<bibl id="hofm_1867_03_0040_14"><composer key="compo_013692">Haydn, J.</composer>, <title>Trios f. Pfte arr. v. C. Burchardt. No. 6 (<key>D</key>). No. 7 (<key>A</key>). No. 8 (<key>Gm</key>.). No. 9 (<key>A</key>)</title>. <pubPlace key="place_0392">Leipzig</pubPlace>, <publisher key="publ_0437">Br. u. Härtel</publisher> à 25 Ngr.</bibl>
<bibl id="hofm_1867_03_0040_15"><composer key="compo_015335">Hopfe, J.</composer>, Op. <opus key="opus_4045">72</opus>. <title>Trauermarsch</title>. <pubPlace key="place_0044">Berlin</pubPlace>, <publisher key="publ_4333">Heinr. Weiss</publisher> 12½ Ngr.</bibl>
<bibl id="hofm_1867_03_0040_16"><composer key="compo_017336">Ketterer, E.</composer>, Op. <opus key="opus_0427">121</opus>. <title>Route-en-Train. Galop de Concert</title>. <pubPlace key="place_0438">Mainz</pubPlace>, <publisher key="publ_3563">Schott</publisher> 1 Fl.</bibl>
<bibl id="hofm_1867_03_0040_17"><composer key="compo_028260">Richter, E. Fr.</composer>, Op. <opus key="opus_1802">25</opus>. <title>Quartett No. 1 (<key>Em</key>.) f. Viol. arr. v. A. Röse</title>. <pubPlace key="place_0392">Leipzig</pubPlace>, <publisher key="publ_0437">Br. u. Härtel</publisher> 2 Rt.</bibl>
<bibl id="hofm_1867_03_0040_18"><composer key="compo_031356">Schumann, R.</composer>, Op. <opus key="opus_2066">29</opus>. <title>Zigeunerleben, arr. v. F. Brissler</title>. <pubPlace key="place_0392">Leipzig</pubPlace>, <publisher key="publ_0437">Br. u. Härtel</publisher> 12½ Ngr.</bibl>
<bibl id="hofm_1867_03_0040_19"><composer key="compo_032766">Spindler. Fritz</composer>, Op. <opus key="opus_0714">140. No. 3</opus>, <title>Husarenritt</title>. <pubPlace key="place_0392">Leipzig</pubPlace>, <publisher key="publ_3773">Siegel</publisher> 18 Ngr.</bibl>
<bibl id="hofm_1867_03_0040_20"><composer key="compo_036747">Werny, C.</composer>, Op. <opus key="opus_0806">15</opus>. <title>Frische Blätter. 12 charakter. Stücke im Umfange v. 5 Tönen</title>. <title>2 Hefte</title>. <pubPlace key="place_0147">Dresden</pubPlace>, <publisher key="publ_1726">Hoffarth</publisher> à 17½ Ngr.</bibl>
<pb n="41"/>
<bibl id="hofm_1867_03_0041_01"><composer key="compo_037396">Wohlfahrt, H.</composer>, Op. <opus key="opus_3316">53</opus>. <title>Fantasiebilder aus Lieblingsopern. No. 7, Mozart, Zauberflöte. No. 8, Meyerbeer, Robert. No. 9, Rossini, Barbier. No. 10, Meyerbeer, Afrikanerin</title>. <pubPlace key="place_0392">Leipzig</pubPlace>, <publisher key="publ_2655">Merseburger</publisher> à 15 Ngr.</bibl>
<bibl id="hofm_1867_03_0041_02"><composer key="compo_038102">Ziehrer, C.M.</composer>, Op. <opus key="opus_2670">39</opus>. <title>Die Rudolfsheimerin. Polka franç</title>. <pubPlace key="place_0731">Wien</pubPlace>, <publisher key="publ_1506">Haslinger</publisher> 10 Ngr.</bibl>
<bibl id="hofm_1867_03_0041_03">– Op. <opus key="opus_4070">73</opus>. <title>Künstler-Träume. Walzer</title>. Ebend. 25 Ngr.</bibl>
</div><div id="hofm_1867_03_0041_div06"><head><hofClass key="hofCl_0272">Ouverturen für Pianoforte zu vier Händen.</hofClass></head>
<bibl id="hofm_1867_03_0041_04"><composer key="compo_000989">Asantschewsky, M. v.</composer>, Op. <opus key="opus_4562">9</opus> <title>Concert-Ouv. (<key>F</key>), arr. v. Aug. Horn</title>. <pubPlace key="place_0392">Leipzig</pubPlace>, <publisher key="publ_2017">Kistner</publisher> 1 Rt. 5 Ngr.</bibl>
<bibl id="hofm_1867_03_0041_05"><composer key="compo_002077">Beethoven, L. v.</composer>, <title>Ouv. Egmont</title>. <pubPlace key="place_0280">Hannover</pubPlace>, <publisher key="publ_2808">Nagel</publisher> 10 Ngr.</bibl>
</div><div id="hofm_1867_03_0041_div07"><head><hofClass key="hofCl_0166">Musik für Pianoforte allein.</hofClass></head>
<bibl id="hofm_1867_03_0041_06"><composer key="compo_001296">Bądarzewska, Th.</composer>, <title>La Prière d’une Vierge</title>. <pubPlace key="place_0554">Prag</pubPlace>, <publisher key="publ_4125">Veit</publisher> 7½ Ngr.</bibl>
<bibl id="hofm_1867_03_0041_07"><composer key="compo_001964">Beck, J.</composer>, Op. <opus key="opus_0392">12</opus>. <title>Marsch-Potpourri No. 2</title>. <pubPlace key="place_0280">Hannover</pubPlace>, <publisher key="publ_2808">Nagel</publisher> 18 Ngr.</bibl>
<bibl id="hofm_1867_03_0041_08"><composer key="compo_002077">Beethoven, L. v.</composer>, Op. <opus key="opus_4241">79</opus>. <title>Sonate (<key>G</key>)</title>. <pubPlace key="place_0280">Hannover</pubPlace>, <publisher key="publ_2808">Nagel</publisher> 15 Ngr.</bibl>
<bibl id="hofm_1867_03_0041_09">– <title>6 Var. ü. Nel cor più (Mich fliehen alle Freuden)</title>. <pubPlace key="place_0280">Hannover</pubPlace>, <publisher key="publ_2808">Nagel</publisher> 10 Ngr.</bibl>
<bibl id="hofm_1867_03_0041_10"><composer key="compo_002229">Beltjens, J.</composer>, Op. <opus key="opus_2630">38</opus>. <title>Pensée du Soir. Mélodie</title>. <pubPlace key="place_0438">Mainz</pubPlace>, <publisher key="publ_3563">Schott</publisher> 45 Xr.</bibl>
<bibl id="hofm_1867_03_0041_11">– Op. <opus key="opus_3895">68</opus>. <title>Karlochcha. Mazurka</title>. <pubPlace key="place_0438">Mainz</pubPlace>, <publisher key="publ_3563">Schott</publisher> 45 Xr.</bibl>
<wip id="hofm_1867_03_0041_12"><composer key="compo_002270">Bendel, Frz.</composer>, Op. <opus key="opus_0216">109</opus>. <title>Kriegsbilder. 3 Charakterstücke</title>. <pubPlace key="place_0082">Breslau</pubPlace>, <publisher key="publ_1445">Hainauer</publisher> à 17½ Ngr. <lb/><title>No. 1, Elegie auf den Tod eines gefallenen Helden</title>. <lb/>– <title>2, Zug munterer Krieger</title>. <lb/>– <title>3, Der Sieger Heimkehr</title>.</wip>
<bibl id="hofm_1867_03_0041_13"><composer key="compo_002408">Berens, H.</composer>, Op. <opus key="opus_0532">13. No. 1</opus>, <title>Nocturne (<key>Es</key>)</title>. <pubPlace key="place_0392">Leipzig</pubPlace>, <publisher key="publ_3605">Schuberth u. Co</publisher>. 10 Ngr.</bibl>
<bibl id="hofm_1867_03_0041_14"><composer key="compo_002642">Bernoully, A.</composer>, Op. <opus key="opus_2116">3</opus>. <title>Valse brill. (<key>As</key>)</title>. <pubPlace key="place_0044">Berlin</pubPlace>, <publisher key="publ_4333">Heinr. Weiss</publisher> 15 Ngr.</bibl>
<bibl id="hofm_1867_03_0041_15"><composer key="compo_002826">Beyer, Ferd.</composer>, Op. <opus key="opus_0486">126</opus>. <title>Souvenirs de Voyage. Morceaux de Salon sur des Airs popul. No. 23, Auber, L’Eclat de rire (Lachlied)</title>. <pubPlace key="place_0438">Mainz</pubPlace>, <publisher key="publ_3563">Schott</publisher> 45 Xr.</bibl>
<bibl id="hofm_1867_03_0041_16"><composer key="compo_003555">Bohlmann, C.G.</composer>, Op. <opus key="opus_0234">11</opus>. <title>La belle Polonaise. Polka caractéristique</title>. <pubPlace key="place_0080">Bremen</pubPlace>, <publisher key="publ_0640">Cranz</publisher> 10 Ngr.</bibl>
<bibl id="hofm_1867_03_0041_17"><composer key="compo_004232">Breslaur, E.</composer>, Op. <opus key="opus_2109">2a</opus>. <title>Romanze (<key>A</key>)</title>. <pubPlace key="place_0044">Berlin</pubPlace>, <publisher key="publ_4333">Heinr. Weiss</publisher> 12½ Ngr.</bibl>
<bibl id="hofm_1867_03_0041_18"><composer key="compo_006111">Cramer, J.B.</composer>, Op. <opus key="opus_2915">43</opus>. <title>La Parodie. Sonate nouv. (<key>B</key>). <edition>Nouv. Edit</edition></title>. <pubPlace key="place_0392">Leipzig</pubPlace>, <publisher key="publ_0437">Br. u. Härtel</publisher> 17½ Ngr.</bibl>
<bibl id="hofm_1867_03_0041_19"><composer key="compo_007599">Duvernoy, J.B.</composer>, Op. <opus key="opus_2029">283</opus>. <title>Der Freischütz, v. Weber. Fantasie</title>. <pubPlace key="place_0438">Mainz</pubPlace>, <publisher key="publ_3563">Schott</publisher> 54 Xr.</bibl>
<bibl id="hofm_1867_03_0041_20">– Op. <opus key="opus_2032">284</opus>. <title>Don Juan, v. Mozart. Fantasie</title>. Ebend. 1 Fl.</bibl>
<bibl id="hofm_1867_03_0041_21"><composer key="compo_008138">Eisenhauer, Th.</composer>, Op. <opus key="opus_2066">29</opus>. <title>Mon pauvre coeur. Morceau</title>. <pubPlace key="place_0082">Breslau</pubPlace>, <publisher key="publ_1445">Hainauer</publisher> 15 Ngr.</bibl>
<bibl id="hofm_1867_03_0041_22"><composer key="compo_008439">Eram, J.</composer>, Op. <opus key="opus_4562">9</opus>. <title>2me Mazourka de Salon (<key>Des</key>)</title>. <pubPlace key="place_0438">Mainz</pubPlace>, <publisher key="publ_3563">Schott</publisher> 45 Xr.</bibl>
<bibl id="hofm_1867_03_0041_23">– Op. <opus key="opus_0021">10</opus>. <title>Sérénade (<key>Fism</key>.)</title> Ebend. 36 Xr.</bibl>
<bibl id="hofm_1867_03_0041_24"><composer key="compo_008936">Faust, K.</composer>, Op. <opus key="opus_0783">148</opus>. <title>Aus meinem Stammbuch. Gr. Potpourri</title>. <pubPlace key="place_0082">Breslau</pubPlace>, <publisher key="publ_1445">Hainauer</publisher> 1 Rt. 2½ Ngr.</bibl>
<bibl id="hofm_1867_03_0041_25"><composer key="compo_009463">Flade, O.</composer>, <title>Das polyphone Klavierspiel als Vorbereitung auf das Orgelspiel. Eine Sammlung von 50 Etuden u. polyphonen Tonstücken klassischer Meister</title>. <title>1. Heft</title>. 1 Rt. <title>2. Heft</title>. 1 Rt. 10 Ngr. <pubPlace key="place_0147">Dresden</pubPlace>, <publisher key="publ_1726">Hoffarth</publisher>.</bibl>
<bibl id="hofm_1867_03_0041_26"><title>Flore théâtrale. Nouv. Collection de Fantaisies élég. sur des Thèmes d’Opéras modernes et fav. Cah. 186, <composer key="compo_017749">Klerr</composer>, Tanzende Blumen</title>. <pubPlace key="place_0731">Wien</pubPlace>, <publisher key="publ_1506">Haslinger</publisher> 20 Ngr.</bibl>
<pb n="42"/>
<bibl id="hofm_1867_03_0042_01"><composer key="compo_012585">Guzman, Fréd</composer>, Op. <opus key="opus_2850">42</opus>. <title>Amélie. Schottisch de Salon</title>. <pubPlace key="place_0438">Mainz</pubPlace>, <publisher key="publ_3563">Schott</publisher> 45 Xr.</bibl>
<bibl id="hofm_1867_03_0042_02">– Op. <opus key="opus_2915">43</opus>. <title>Rosenda. Mazurka de Concert</title>. Ebend. 45 Xr.</bibl>
<bibl id="hofm_1867_03_0042_03">– Op. <opus key="opus_2948">44</opus>. <title>Souvenir. Nocturne</title>. Ebend. 54 Xr.</bibl>
<bibl id="hofm_1867_03_0042_04">– Op. <opus key="opus_2996">45</opus>. <title>La Pensée. Galop brill</title>. Ebend. 54 Xr.</bibl>
<bibl id="hofm_1867_03_0042_05"><composer key="compo_013197">Hampel, J.</composer>, Op. <opus key="opus_3967">7</opus>. <title>2 Polonaises</title>. <pubPlace key="place_0554">Prag</pubPlace>, <publisher key="publ_4125">Veit</publisher> 22½ Ngr.</bibl>
<wip id="hofm_1867_03_0042_06"><composer key="compo_013470">Hasert, R.</composer>, Op. <opus key="opus_3204">50</opus>. <title>Die Schule der Geläufigkeit im modernen Style. 28 charakter. Studien zur Erlangung einer vollst. Unabhängigkeit der Hände</title>. <title>Heft 1, 2</title>. <pubPlace key="place_0080">Bremen</pubPlace>, <publisher key="publ_0640">Cranz</publisher> à 20 Ngr.</wip>
<bibl id="hofm_1867_03_0042_07"><composer key="compo_013692">Haydn, J.</composer>, <title>Sinfonies choisies. <edition>Nouv. Edit</edition>. No. 1 (<key>D</key>). No. 2 (<key>B</key>). No. 3 (<key>G</key>). No. 4 (<key>Es</key>)</title>. <pubPlace key="place_0438">Mainz</pubPlace>. <publisher key="publ_3563">Schott</publisher> à 1 Fl. 12 Xr.</bibl>
<bibl id="hofm_1867_03_0042_08"><composer key="compo_014051">Heller, St.</composer>, Op. <opus key="opus_0347">117</opus>. <title>3 Préludes</title>. <pubPlace key="place_0438">Mainz</pubPlace>, <publisher key="publ_3563">Schott</publisher> 1 Fl. 48 Fl.</bibl>
<bibl id="hofm_1867_03_0042_09"><composer key="compo_014252">Henselt, Ad.</composer>, Op. <opus key="opus_2670">39</opus>. <title>Morgenständchen, arr</title>. <pubPlace key="place_0392">Leipzig</pubPlace>, <publisher key="publ_3773">Siegel</publisher> 12½ Ngr.</bibl>
<bibl id="hofm_1867_03_0042_10"><composer key="compo_015797">Höhne, W.</composer>, Op. <opus key="opus_2116">3</opus>. <title>Scherzino</title>. <pubPlace key="place_0392">Leipzig</pubPlace>, <publisher key="publ_2017">Kistner</publisher> 7½ Ngr.</bibl>
<bibl id="hofm_1867_03_0042_11"><composer key="compo_015819">Hölzel, G.</composer>, Op. <opus key="opus_0658">138</opus>. <title>4 Klavierstücke. (Frühlingslied. Heroischer Marsch. Wiegenlied. Parade-Marsch.)</title> <pubPlace key="place_0731">Wien</pubPlace>, <publisher key="publ_1506">Haslinger</publisher> 20 Ngr.</bibl>
<bibl id="hofm_1867_03_0042_12"><composer key="compo_015335">Hopfe, J.</composer>, Op <opus key="opus_3825">66</opus>. <title>6 Fugen</title>. <pubPlace key="place_0044">Berlin</pubPlace>, <publisher key="publ_4333">Heinr. Weiss</publisher> 20 Ngr.</bibl>
<bibl id="hofm_1867_03_0042_13"><composer key="compo_017208">Kellner, W.</composer>, Op. <opus key="opus_0001">1</opus>. <title>Friedens-Klänge</title>. <pubPlace key="place_0044">Berlin</pubPlace>, <publisher key="publ_4333">Heinr. Weiss</publisher> 10 Ngr.</bibl>
<bibl id="hofm_1867_03_0042_14"><composer key="compo_017336">Ketterer, E.</composer>, Op. <opus key="opus_1291">190</opus>. <title>Nocturne-Mazurka sur un Motif du Ballet de la Fidenzata Valacca</title>. <pubPlace key="place_0438">Mainz</pubPlace>, <publisher key="publ_3563">Schott</publisher>. 45 Xr.</bibl>
<wip id="hofm_1867_03_0042_15"><composer key="compo_017628">Klauwell, Ad.</composer>, Op. <opus key="opus_2948">44</opus>. <title>9 Stücke</title>. <title>2 Hefte</title>. <pubPlace key="place_0392">Leipzig</pubPlace>, <publisher key="publ_2655">Merseburger</publisher> à 10 Ngr.</wip>
<wip id="hofm_1867_03_0042_16"><composer key="compo_019359">Köhler, Louis</composer>, Op. <opus key="opus_0754">145</opus>. <title>Klavier-Etuden ü. bel. Lieder</title>. <title>2 Hefte</title>. <pubPlace key="place_0392">Leipzig</pubPlace>, <publisher key="publ_0437">Br. u. Härtel</publisher> à 1 Rt. 10 Ngr.</wip>
<bibl id="hofm_1867_03_0042_17"><composer key="compo_019357">Köhler, L. Unico</composer>, Op. <opus key="opus_2915">43</opus>. <title>L’Espérance. Mazurka brill</title>. <pubPlace key="place_0392">Leipzig</pubPlace>, <publisher key="publ_2017">Kistner</publisher> 15 Ngr.</bibl>
<bibl id="hofm_1867_03_0042_18">– Op. <opus key="opus_2996">45</opus>. <title>Gr. Valse (<key>Es</key>)</title>. <pubPlace key="place_0392">Leipzig</pubPlace>, <publisher key="publ_2017">Kistner</publisher> 15 Ngr.</bibl>
<bibl id="hofm_1867_03_0042_19">– Op. <opus key="opus_3105">48</opus>. <title>Mélodie-Impromptu. Morc. élég</title>. <pubPlace key="place_0082">Breslau</pubPlace>, <publisher key="publ_1445">Hainauer</publisher> 15 Ngr.</bibl>
<bibl id="hofm_1867_03_0042_20">– Op. <opus key="opus_3140">49</opus>. <title>Auf den Bergen. Salonstück</title>. Ebend. 15 Ngr.</bibl>
<bibl id="hofm_1867_03_0042_21"><composer key="compo_018345">Kornatzki, Fr. v.</composer>, Op. <opus key="opus_2066">29</opus>. <title>Die Lerche. Impromptu</title>. <pubPlace key="place_0392">Leipzig</pubPlace>, <publisher key="publ_0437">Br. u. Härtel</publisher> 17½ Ngr.</bibl>
<bibl id="hofm_1867_03_0042_22"><composer key="compo_018689">Kremser, Ed.</composer>, Op. <opus key="opus_0392">12</opus>. <title>Passe pied</title>. <pubPlace key="place_0731">Wien</pubPlace>, <publisher key="publ_1506">Haslinger</publisher> 15 Ngr.</bibl>
<bibl id="hofm_1867_03_0042_23"><composer key="compo_018906">Krug, A.</composer>, <title>2d Prière d’une Vierge. Romance</title>. <pubPlace key="place_0373">Königsberg</pubPlace>, <publisher key="publ_1861">Jakubowski</publisher> 10 Ngr.</bibl>
<bibl id="hofm_1867_03_0042_24"><composer key="compo_018913">Krug, D.</composer>, Op. <opus key="opus_0163">106</opus>. <title>La Rose des Alpes. Valse élég</title>. <pubPlace key="place_0392">Leipzig</pubPlace>, <publisher key="publ_3605">Schuberth u. Co</publisher>. 15 Ngr.</bibl>
<bibl id="hofm_1867_03_0042_25"><composer key="compo_019059">Kuhe, W.</composer>, Op. <opus key="opus_0495">127</opus>. <title>Fra Diavolo, de Auber. Fantaisie de Salon</title>. <pubPlace key="place_0392">Leipzig</pubPlace>, <publisher key="publ_3773">Siegel</publisher> 17½ Ngr.</bibl>
<bibl id="hofm_1867_03_0042_26">– Op. <opus key="opus_0501">128</opus>. <title>Illustr. de l’Africaine, de Meyerbeer</title>. Ebend. 25 Ngr.</bibl>
<wip id="hofm_1867_03_0042_27"><composer key="compo_019067">Kuhlau. Fréd.</composer>, Op. <opus key="opus_1390">20</opus>. <title>3 Sonatines</title>. <title>No. 1 (<key>C</key>)</title>. 10 Ngr. <title>No. 2 (<key>G</key>)</title>. <title>No. 3 (<key>F</key>)</title> à 12½ Ngr. <pubPlace key="place_0392">Leipzig</pubPlace>, <publisher key="publ_3773">Siegel</publisher>.</wip>
<wip id="hofm_1867_03_0042_28">– Op. <opus key="opus_3385">55</opus>. <title>6 Sonatines fac., progr. et doigtées</title>. <title>2 Livr</title>. <pubPlace key="place_0392">Leipzig</pubPlace>, <publisher key="publ_3773">Siegel</publisher> à 20 Ngr.</wip>
<bibl id="hofm_1867_03_0042_29"><composer key="compo_020207">Lazare, M.</composer>, Op. <opus key="opus_1932">27</opus>. <title>2me Valse de Salon (<key>As</key>)</title>. <pubPlace key="place_0438">Mainz</pubPlace>, <publisher key="publ_3563">Schott</publisher> 1 Fl. 12 Xr.</bibl>
<bibl id="hofm_1867_03_0042_30"><composer key="compo_020320">Lefébure-Wély</composer>, Op. <opus key="opus_3351">54</opus>. <title>Les Cloches du Monastère. <edition>Edit. revue et doigtée</edition> p. K. Klauser</title>. <pubPlace key="place_0392">Leipzig</pubPlace>, <publisher key="publ_3605">Schuberth u. Co</publisher>. 10 Ngr.</bibl>
<bibl id="hofm_1867_03_0042_31">– Idem. <pubPlace key="place_0554">Prag</pubPlace>, <publisher key="publ_4125">Veit</publisher> 10 Ngr.</bibl>
<bibl id="hofm_1867_03_0042_32"><composer key="compo_021136">Liszt, F.</composer>, <title>Rhapsodie espagnole. (Folies d’Espagne et Jota arragonesa.)</title> <pubPlace key="place_0392">Leipzig</pubPlace>, <publisher key="publ_3773">Siegel</publisher> 1 Rt. 10 Ngr.</bibl>
<bibl id="hofm_1867_03_0042_33"><composer key="compo_022427">Mason, W.</composer>, Op. <opus key="opus_1661">23</opus>. <title>Humoresques de Bal. No. 1, Polka-Caprice</title>. <pubPlace key="place_0392">Leipzig</pubPlace>, <publisher key="publ_3605">Schuberth u. Co</publisher>. 15 Ngr.</bibl>
<wip id="hofm_1867_03_0042_34"><composer key="compo_022612">Mayer, K.</composer>, Op. <opus key="opus_0427">121</opus>. <title>Jugendblüthen. Album von 24 Charakterstücken. <edition>Neue Ausg. rev. u. mit Fingersatz</edition> v. K. Klauser</title>. <title>No. 17, Das schlafende Kind</title>. <title>No. 18, Trauerweide</title>. à 5 Ngr. <title>No. 19, Neckereien</title>. <title>No. 20, Die Jagd</title>. à 10 Ngr. <pubPlace key="place_0392">Leipzig</pubPlace>, <publisher key="publ_3605">Schuberth u. Co</publisher>.</wip>
<pb n="43"/>
<bibl id="hofm_1867_03_0043_01"><composer key="compo_023245">Meyer, Leop. v.</composer>, Op. <opus key="opus_0927">16</opus>. <title>5 Valses de Salon</title>. <pubPlace key="place_0392">Leipzig</pubPlace>, <publisher key="publ_3605">Schuberth u. Co</publisher>. 15 Ngr.</bibl>
<bibl id="hofm_1867_03_0043_02">– Op. <opus key="opus_1068">17</opus>. <title>Casta Diva de Norma. Transcr</title>. Ebend. 15 Ngr.</bibl>
<bibl id="hofm_1867_03_0043_03"><composer key="compo_024582">Neldy, A.B.</composer>, Op. <opus key="opus_0531">13</opus>. <title>Marche artistique</title>. <pubPlace key="place_0438">Mainz</pubPlace>, <publisher key="publ_3563">Schott</publisher> 54 Xr.</bibl>
<bibl id="hofm_1867_03_0043_04">– Op. <opus key="opus_1390">20</opus>. <title>La Couronne des Roses. Caprice-Valse</title>. <pubPlace key="place_0438">Mainz</pubPlace>, <publisher key="publ_3563">Schott</publisher> 1 Fl. 12 Xr.</bibl>
<bibl id="hofm_1867_03_0043_05"><composer key="compo_024752">Neustedt, Ch.</composer>, Op. <opus key="opus_3204">50</opus>. <title>Dorina bella. Transcr. var</title>. <pubPlace key="place_0438">Mainz</pubPlace>, <publisher key="publ_3563">Schott</publisher> 54 Xr.</bibl>
<bibl id="hofm_1867_03_0043_06">– Op. <opus key="opus_3282">52</opus>. <title>Solo de Concours. Thème var</title>. Ebend. 45 Xr.</bibl>
<bibl id="hofm_1867_03_0043_07">– Op. <opus key="opus_3316">53</opus>. <title>La dernière Rose. Mélodie irland. transcr. et var</title>. Ebend. 45 Xr.</bibl>
<bibl id="hofm_1867_03_0043_08">Oesten, Th., Op. <opus key="opus_2429">343</opus>. <title>Klänge aus der Heimath. 3 Salonstücke ü. bel. Volkslieder. No. 1, Wanderlied (Wohlauf noch getrunken). No. 2. Denkst du daran. No. 3. Fordere Niemand</title>. <pubPlace key="place_0392">Leipzig</pubPlace>, <publisher key="publ_3773">Siegel</publisher> à 15 Ngr.</bibl>
<bibl id="hofm_1867_03_0043_09">– Op. <opus key="opus_2434">344</opus>. <title>Liederhain. 2 eleg. Klavierstücke ü. bel. Volkslieder. No. 1, Santa Lucia. No. 2, Nach Sevilla</title>. Ebend. à 15 Ngr.</bibl>
<bibl id="hofm_1867_03_0043_10">– Op. <opus key="opus_2438">345</opus>. <title>Blauer Himmel. Salonstück</title>. <pubPlace key="place_0392">Leipzig</pubPlace>, <publisher key="publ_2655">Merseburger</publisher> 15 Ngr.</bibl>
<bibl id="hofm_1867_03_0043_11">– Op. <opus key="opus_2439">346</opus>. <title>Bianca. Canzonette</title>. Ebend. 15 Ngr.</bibl>
<bibl id="hofm_1867_03_0043_12">– Op. <opus key="opus_2443">347</opus>. <title>Holdchen. Polka-Bluette</title>. Ebend. 15 Ngr.</bibl>
<bibl id="hofm_1867_03_0043_13">– Op. <opus key="opus_2444">348</opus>. <title>Wellengruss. Klavierstück</title>. Ebend. 15 Ngr.</bibl>
<bibl id="hofm_1867_03_0043_14">– Op. <opus key="opus_2493">355</opus>. <title>Liederperlen. 2 Salonstücke. Heft 1. Abt, Du mein Heimathsthal. No. 2, Schubert, Die Forelle</title>. <pubPlace key="place_0392">Leipzig</pubPlace>, <publisher key="publ_2655">Merseburger</publisher> à 15 Ngr.</bibl>
<wip id="hofm_1867_03_0043_15"><composer key="compo_025566">Pabst, L.</composer>, <title>Deutsche Volkslieder</title>. <title>No. 1, Kommt ein Vogel geflogen</title>. 12½ Ngr. <title>No. 2, Morgen muss ich fort von hier</title>. 15 Ngr. <title>No. 3, Jetzt gang i an’s Brunnele</title>. 17½ Ngr. <pubPlace key="place_0510">Nürnberg</pubPlace>, <publisher key="publ_3501">Schmid</publisher>.</wip>
<album id="hofm_1867_03_0043_16"><title>Palestra musicale. Anno 2o. Cah. 1. <composer key="compo_011616">Golinelli</composer>, Fantasietta (<key>Am</key>.). <composer key="compo_011275">Giovanni</composer>, Non più amore! Romanza ad una voce. <composer key="compo_035168">Unia, G.</composer>, Op. <opus key="opus_1203">183</opus>. La Vanitosa. Mazurka caratter</title>. <pubPlace key="place_0392">Leipzig</pubPlace>, <publisher key="publ_1206">Geissler</publisher> 20 Ngr. n.</album>
<bibl id="hofm_1867_03_0043_17"><composer key="compo_027065">Prinz, C.</composer>, Op. <opus key="opus_1731">24</opus>. <title>An die Wolken (Siehst du dort die Wolken eilen). Volkslied</title>. <pubPlace key="place_0553">Potsdam</pubPlace>, <publisher key="publ_2221">Kaeschner</publisher> 12½ Ngr.</bibl>
<wip id="hofm_1867_03_0043_18"><composer key="compo_027445">Raff, J.</composer>, Op. <opus key="opus_0621">134</opus>. <title>Vom Rhein. 6 Fantasiestücke</title>. <title>No. 1, Gruss an den Rhein</title>. <title>No. 2, Kahnfahrt</title>. <title>No. 3, Am Loreley-Fels</title>. <title>No. 4, Burgsage</title>. à 20 Ngr. <title>No. 5, In der Laube</title>. 15 Ngr. <title>No. 6, Nachklänge vom Winzerfest</title>. 20 Ngr. <pubPlace key="place_0392">Leipzig</pubPlace>, <publisher key="publ_2017">Kistner</publisher>.</wip>
<bibl id="hofm_1867_03_0043_19"><composer key="compo_028229">Richards, Br.</composer>, Op. <opus key="opus_1372">2</opus>. <title>Nelly Gray. Ballade v. Balfe</title>. <pubPlace key="place_0171">Elberfeld</pubPlace>, <publisher key="publ_0096">Arnold</publisher> 12½ Ngr.</bibl>
<bibl id="hofm_1867_03_0043_20">– Op. <opus key="opus_2116">3</opus>. <title>Komm in den Garten. Melodie v. Balfe</title>. <pubPlace key="place_0171">Elberfeld</pubPlace>, <publisher key="publ_0096">Arnold</publisher> 12½ Ngr.</bibl>
<bibl id="hofm_1867_03_0043_21">– Op. <opus key="opus_1165">18</opus>. <title>Soldatenchor a. Faust, v. Gounod</title>. <pubPlace key="place_0171">Elberfeld</pubPlace>, <publisher key="publ_0096">Arnold</publisher> 12½ Ngr.</bibl>
<bibl id="hofm_1867_03_0043_22">– Op. <opus key="opus_1271">19</opus>. <title>Santa Maria. Chor der Wallfahrer a. Dinorah, v. Meyerbeer</title>. <pubPlace key="place_0171">Elberfeld</pubPlace>, <publisher key="publ_0096">Arnold</publisher> 12½ Ngr.</bibl>
<bibl id="hofm_1867_03_0043_23">– Op. <opus key="opus_1390">20</opus>. <title>Fanciulle che il core a. Dinorah, v. Meyerbeer</title>. <pubPlace key="place_0171">Elberfeld</pubPlace>, <publisher key="publ_0096">Arnold</publisher> 12½ Ngr.</bibl>
<bibl id="hofm_1867_03_0043_24">– Op. <opus key="opus_1482">21</opus>. <title>Ihres Auges himmlisch Strahlen, a. Troubadour, von Verdi</title>. <pubPlace key="place_0171">Elberfeld</pubPlace>, <publisher key="publ_0096">Arnold</publisher> 12½ Ngr.</bibl>
<bibl id="hofm_1867_03_0043_25">– Op. <opus key="opus_1584">22</opus>. <title>Merce, dilette amiche. Bolero a. d. sicilian. Vesper, v. Verdi</title>. <pubPlace key="place_0171">Elberfeld</pubPlace>, <publisher key="publ_0096">Arnold</publisher> 12½ Ngr.</bibl>
<bibl id="hofm_1867_03_0043_26">– Op. <opus key="opus_1881">26</opus>. <title>Victoria. Nocturne</title>. <pubPlace key="place_0554">Prag</pubPlace>, <publisher key="publ_4125">Veit</publisher> 7½ Ngr.</bibl>
<bibl id="hofm_1867_03_0043_27">– Op. <opus key="opus_3586">60</opus>. <title>Marie. Nocturne</title>. <pubPlace key="place_0554">Prag</pubPlace>, <publisher key="publ_4125">Veit</publisher> 10 Ngr.</bibl>
<bibl id="hofm_1867_03_0043_28">– Op. <opus key="opus_4017">71</opus>. <title>Am Abend. Nocturne</title>. <pubPlace key="place_0554">Prag</pubPlace>, <publisher key="publ_4125">Veit</publisher> 10 Ngr.</bibl>
<bibl id="hofm_1867_03_0043_29"><composer key="compo_028260">Richter, E. Fr.</composer>, Op. <opus key="opus_2187">31</opus>. <title>4 Tonstücke</title>. <pubPlace key="place_0392">Leipzig</pubPlace>, <publisher key="publ_2017">Kistner</publisher> 25 Ngr.</bibl>
<bibl id="hofm_1867_03_0043_30"><composer key="compo_028727">Rollfuss, B.</composer>, Op. <opus key="opus_4562">9</opus>. <title>Walzer No. 2 (<key>As</key>)</title>. <pubPlace key="place_0147">Dresden</pubPlace>, <publisher key="publ_1726">Hoffarth</publisher> 10 Ngr.</bibl>
<wip id="hofm_1867_03_0043_31">– Op. <opus key="opus_0021">10</opus>. <title>2 Salonstücke</title>. <title>No. 1, Impromptu</title>. 7½ Ngr. <title>No. 2, Romanze</title>. 10 Ngr. Ebend.</wip>
<pb n="44"/>
<bibl id="hofm_1867_03_0044_01"><composer key="compo_028854">Rosellen, H.</composer>, Op. <opus key="opus_1240">187</opus>. <title>Martha, de Flotow. Fantaisie</title>. <pubPlace key="place_0392">Leipzig</pubPlace>, <publisher key="publ_1746">Hofmeister</publisher> 17½ Ngr.</bibl>
<bibl id="hofm_1867_03_0044_02"><composer key="compo_029209">Rummel, Frç.</composer>, Op. <opus key="opus_1372">2</opus>. <title>Polka de Salon</title>. <pubPlace key="place_0554">Prag</pubPlace>, <publisher key="publ_4125">Veit</publisher> 15 Ngr.</bibl>
<bibl id="hofm_1867_03_0044_03"><composer key="compo_030657">Schmitt, Jac.</composer>, Op. <opus key="opus_1608">220</opus>. <title>Lieder-Perlen. Transcriptionen, Fantasien, Variationen etc. No. 17, So leb’ denn wohl, du stilles Haus. No. 18, Mein Schatz ist a Reiter</title>. <pubPlace key="place_0392">Leipzig</pubPlace>, <publisher key="publ_3605">Schuberth u. Co</publisher>. à 7½ Ngr.</bibl>
<bibl id="hofm_1867_03_0044_04">– Op. <opus key="opus_1851">253</opus>. <title>Le Debut du jeune Pianiste. 12 Morceaux instr. sur des Thèmes popul. No. 1, La Marseillaise. Marsch-Rondino. No. 2, Krebs, An Adelheid</title>. <pubPlace key="place_0392">Leipzig</pubPlace>, <publisher key="publ_3605">Schuberth u. Co</publisher>. à 7½ Ngr.</bibl>
<bibl id="hofm_1867_03_0044_05">– Op. <opus key="opus_1856">255</opus>. <title>2 Mazurkas. <edition>Nouv. Edit. revue, doigtée et corrigée</edition> p. K. Klauser. No. 1 (<key>Des</key>). No. 2 (<key>Am</key>.)</title>. <pubPlace key="place_0392">Leipzig</pubPlace>, <publisher key="publ_3605">Schuberth u. Co</publisher>. à 10 Ngr.</bibl>
<bibl id="hofm_1867_03_0044_06"><composer key="compo_031181">Schulhoff, J.</composer>, Op. <opus key="opus_3385">55</opus>. <title>2 Styriennes orig</title>. <pubPlace key="place_0438">Mainz</pubPlace>, <publisher key="publ_3563">Schott</publisher> 1 Fl.</bibl>
<bibl id="hofm_1867_03_0044_07"><composer key="compo_031356">Schumann, R.</composer>, Op. <opus key="opus_2066">29</opus>. <title>Zigeunerleben, arr. m. Beifügung d. Textes v. F. Brissler</title>. <pubPlace key="place_0392">Leipzig</pubPlace>, <publisher key="publ_0437">Br. u. Härtel</publisher> 10 Ngr.</bibl>
<bibl id="hofm_1867_03_0044_08"><composer key="compo_032231">Siemers, A.</composer>, Op. <opus key="opus_2187">31</opus>. <title>Heldensang und Minneklang. 6 Charakterstücke. Heft 3 (No. 5, 6)</title>. <pubPlace key="place_0392">Leipzig</pubPlace>, <publisher key="publ_3605">Schuberth u. Co</publisher>. 17½ Ngr.</bibl>
<bibl id="hofm_1867_03_0044_09"><composer key="compo_032263">Silas, E.</composer>, Op. <opus key="opus_3738">63</opus>. <title>Idylle (<key>As</key>)</title>. <pubPlace key="place_0438">Mainz</pubPlace>, <publisher key="publ_3563">Schott</publisher> 1 Fl.</bibl>
<bibl id="hofm_1867_03_0044_10">– Op. <opus key="opus_3767">64</opus>. <title>Romance (<key>G</key>)</title>. Ebend. 1 Fl.</bibl>
<bibl id="hofm_1867_03_0044_11"><composer key="compo_032492">Smith, Sidney</composer>, Op. <opus key="opus_0531">13</opus>. <title>Le Torrent de la Montagne. Morceau caractér</title>. <pubPlace key="place_0438">Mainz</pubPlace>, <publisher key="publ_3563">Schott</publisher> 54 Xr.</bibl>
<bibl id="hofm_1867_03_0044_12">– Op. <opus key="opus_0684">14</opus>. <title>Fleurs de Mai. Mazurka</title>. Ebend. 54 Xr.</bibl>
<bibl id="hofm_1867_03_0044_13"><composer key="compo_032764">Spindler, Fr.</composer>, Op. <opus key="opus_0768">146</opus>. <title>3 Paraphrasen. No. 3, Weber, Du Schwert an meiner Linken</title>. <pubPlace key="place_0392">Leipzig</pubPlace>, <publisher key="publ_3773">Siegel</publisher> 22½ Ngr.</bibl>
<bibl id="hofm_1867_03_0044_14">– Op. <opus key="opus_1134">176</opus>. <title>Sicilianer Tänze. No. 1, 2</title>. <pubPlace key="place_0392">Leipzig</pubPlace>, <publisher key="publ_3773">Siegel</publisher> à 20 Ngr.</bibl>
<wip id="hofm_1867_03_0044_15">– Op. <opus key="opus_1140">177</opus>. <title>Wintergrün. 3 Tonstücke</title>. <title>No. 1</title>. 22½ Ngr. <title>No. 2, 3</title>. à 20 Ngr. Ebend.</wip>
<bibl id="hofm_1867_03_0044_16"><composer key="compo_033264">Stephens, Ch. Ed.</composer>, Op. <opus key="opus_4300">8</opus>. <title>1re gr. Sonate (<key>As</key>)</title>. <pubPlace key="place_0438">Mainz</pubPlace>, <publisher key="publ_3563">Schott</publisher> 2 Fl. 24 Xr.</bibl>
<wip id="hofm_1867_03_0044_17"><title>Studien (klassische). Aus Meisterwerken gewählt. Begonnen v. Fischhof, fortgesetzt v. L.A. Zellner</title>. <title>Heft 10, <composer key="compo_001223">Bach, J.E.</composer>, Suite (<key>Em</key>.). <composer key="compo_019085">Kuhnau, J.</composer>, Parthie</title>. 20 Ngr. <title>Heft 11, <composer key="compo_002199">Bellini</composer>, Toccata. <composer key="compo_001225">Bach, J.S.</composer>, Vorspiel z. Choral: Allein Gott in der Höh’ sei Ehr’. <composer key="compo_001252">Bach, W. Fr.</composer>, Polonaise</title>. 1 Rt. <pubPlace key="place_0731">Wien</pubPlace>, <publisher key="publ_1506">Haslinger</publisher>.</wip>
<bibl id="hofm_1867_03_0044_18"><composer key="compo_033681">Struth, A.</composer>, Op. <opus key="opus_0658">138</opus>. <title>Fantasie-Mazurka</title>. <pubPlace key="place_0392">Leipzig</pubPlace>, <publisher key="publ_2017">Kistner</publisher> 7½ Ngr.</bibl>
<bibl id="hofm_1867_03_0044_19"><composer key="compo_034673">Tolstoy, A.</composer>, <title>Ländler (<key>F</key>)</title>. <pubPlace key="place_0438">Mainz</pubPlace>, <publisher key="publ_3563">Schott</publisher> 45 Xr.</bibl>
<bibl id="hofm_1867_03_0044_20"><composer key="compo_034787">Trehde, G.</composer>, <title>Favoriten. Fantasien ü. Volkslieder. Heft 3, Muss i denn zum Städtle ’naus. Heft 4, Wohlauf noch getrunken</title>. <pubPlace key="place_0386">Langensalza</pubPlace>, <publisher key="publ_3618">Schulbuchhdl</publisher>. à 7½ Ngr. n.</bibl>
<bibl id="hofm_1867_03_0044_21"><composer key="compo_035306">Vanous, J.</composer>, <title>Transcript. sur des Airs bohémiens</title>. <pubPlace key="place_0554">Prag</pubPlace>, <publisher key="publ_4125">Veit</publisher> 17½ Ngr.</bibl>
<bibl id="hofm_1867_03_0044_22"><composer key="compo_036022">Wallace, W.V.</composer>, Op. <opus key="opus_0531">13</opus>. <title>La petite Polka de Concert. <edition>Nouv. Edit</edition></title>. <pubPlace key="place_0392">Leipzig</pubPlace>, <publisher key="publ_3605">Schuberth u. Co</publisher>. 7½ Ngr.</bibl>
<bibl id="hofm_1867_03_0044_23"><composer key="compo_036298">Wedemann, W.</composer>, <title>Prakt. Uebungen f. d. progr. Klavierunterricht. Heft 4 (Supplement). <edition>7. verb. Aufl</edition></title>. qu.-8. <pubPlace key="place_0720">Weimar</pubPlace>, <publisher key="publ_4216">Voigt</publisher> 10 Ngr. n.</bibl>
<bibl id="hofm_1867_03_0044_24"><composer key="compo_036600">Wels, Ch.</composer>, Op. <opus key="opus_3988">70</opus>. <title>L’Etoile. 5me Valse de Salon</title>. <pubPlace key="place_0392">Leipzig</pubPlace>, <publisher key="publ_3605">Schuberth u. Co</publisher>. 15 Ngr.</bibl>
<bibl id="hofm_1867_03_0044_25"><composer key="compo_036747">Werny, C.</composer>, Op. <opus key="opus_0022">10. No. 1</opus>. <title>Die Schlittschuhläuferin. Salon-Walzer</title>. <pubPlace key="place_0147">Dresden</pubPlace>, <publisher key="publ_1726">Hoffarth</publisher> 5 Ngr.</bibl>
<bibl id="hofm_1867_03_0044_26">– Op. <opus key="opus_0531">13</opus>. <title>Bilder der Erinnerung. 3 lyrische Stücke (Daheim. Im Grünen. In der Ferne)</title>. <pubPlace key="place_0147">Dresden</pubPlace>, <publisher key="publ_1726">Hoffarth</publisher> 10 Ngr.</bibl>
<bibl id="hofm_1867_03_0044_27">– Op. <opus key="opus_0684">14</opus>. <title>Mailuft. Idylle</title>. Ebend. 10 Ngr.</bibl>
<bibl id="hofm_1867_03_0044_28"><composer key="compo_037933">Zawadzki, M.</composer>, Op. <opus key="opus_0065">101</opus>. <title>L’Alouette (Skowronek). Chanson de Moniuszko</title>. <pubPlace key="place_0147">Dresden</pubPlace>, <publisher key="publ_1726">Hoffarth</publisher> 10 Ngr.</bibl>
<bibl id="hofm_1867_03_0044_29"><composer key="compo_038272">Zumpe, E.</composer>, Op. <opus key="opus_2066">29</opus>. <title>Am Weihnachtsmorgen. Idylle</title>. <pubPlace key="place_0392">Lpz</pubPlace>., <publisher key="publ_3773">Siegel</publisher> 12½ Ngr.</bibl>
<bibl id="hofm_1867_03_0044_30">– Op. <opus key="opus_2131">30</opus>. <title>Heimweh. Melodie</title>. Ebend. 12½ Ngr.</bibl></div>
<pb n="45"/>
<div id="hofm_1867_03_0045_div08"><head><hofClass key="hofCl_0288">Tänze für Pianoforte.</hofClass></head>
<wip id="hofm_1867_03_0045_01"><composer key="compo_004194">Breitung, H.</composer>, <title>Gedenke mein! Originaltänze mit eingewebten melodischen Reminiscenzen</title>. <title>4–6. Lief</title>. <pubPlace key="place_0386">Langensalza</pubPlace>, <publisher key="publ_3618">Schulbuchhdl</publisher>. à 9 Ngr. n.</wip>
<bibl id="hofm_1867_03_0045_02"><composer key="compo_004597">Budik, Franz</composer>, Op. <opus key="opus_1999">28</opus>. <title>Mädchenlaunen. Polka-Mazurka</title>. <pubPlace key="place_0201">Frankfurt a/O</pubPlace>., <publisher key="publ_2579">Massute</publisher> 7½ Ngr.</bibl>
<bibl id="hofm_1867_03_0045_03">– Op. <opus key="opus_2066">29</opus>. <title>Käthchen-Polka</title>. Ebend. 7½ Ngr.</bibl>
<bibl id="hofm_1867_03_0045_04">– Op. <opus key="opus_2187">31</opus>. <title>Der Schnelläufer. Galopp</title>. Ebend. 7½ Ngr.</bibl>
<bibl id="hofm_1867_03_0045_05"><composer key="compo_008936">Faust, K.</composer>, Op. <opus key="opus_0768">146</opus>. <title>Con amore. Polka</title>. <pubPlace key="place_0082">Breslau</pubPlace>, <publisher key="publ_1445">Hainauer</publisher> 7½ Ngr.</bibl>
<bibl id="hofm_1867_03_0045_06">– Op. <opus key="opus_0776">147</opus>. <title>Feuer u. Flammen. Galopp</title>. Ebend. 7½ Ngr.</bibl>
<bibl id="hofm_1867_03_0045_07"><composer key="compo_011476">Godfrey, D.</composer>, <title>Mabel. Galopp</title>. <pubPlace key="place_0438">Mainz</pubPlace>, <publisher key="publ_3563">Schott</publisher> 36 Xr.</bibl>
<bibl id="hofm_1867_03_0045_08"><composer key="compo_014469">Herrmann, H.</composer>, Op. <opus key="opus_1584">22</opus>. <title>Künstler-Fest-Quadrille</title>. <pubPlace key="place_0082">Breslau</pubPlace>, <publisher key="publ_1445">Hainauer</publisher> 10 Ngr.</bibl>
<bibl id="hofm_1867_03_0045_09">– Op. <opus key="opus_1661">23</opus>. <title>Flitterwochen-Polka</title>. Ebend. 7½ Ngr.</bibl>
<bibl id="hofm_1867_03_0045_10">– Op. <opus key="opus_1731">24</opus>. <title>Cascaden-Galopp</title>. Ebend. 7½ Ngr.</bibl>
<bibl id="hofm_1867_03_0045_11"><composer key="compo_024702">Neumann, Ed.</composer>, Op. <opus key="opus_0281">112</opus>. <title>Heloise. Polka</title>. <pubPlace key="place_0438">Mainz</pubPlace>, <publisher key="publ_3563">Schott</publisher> 18 Xr.</bibl>
<bibl id="hofm_1867_03_0045_12"><composer key="compo_031849">Seemann, S.W.A.</composer>, Op. <opus key="opus_2948">44</opus>. <title>Kissinger-Reunion-Polka-Mazurka</title> <pubPlace key="place_0510">Nürnberg</pubPlace>, <publisher key="publ_3501">Schmid</publisher> 5 Ngr.</bibl>
<bibl id="hofm_1867_03_0045_13">– Op. <opus key="opus_3029">46</opus>. <title>Museums-Quadrille</title>. Ebend. 10 Ngr.</bibl>
<bibl id="hofm_1867_03_0045_14"><composer key="compo_033600">Strebinger, J.</composer>, Op. <opus key="opus_1068">17</opus>. <title>Ueber Berg und Thal. Galopp</title>. <pubPlace key="place_0201">Frankfurt a/O</pubPlace>., <publisher key="publ_2579">Massute</publisher> 7½ Ngr.</bibl>
<bibl id="hofm_1867_03_0045_15">– Op. <opus key="opus_1482">21</opus>. <title>Schattenbilder-Walzer</title>. Ebend. 15 Ngr.</bibl>
<bibl id="hofm_1867_03_0045_16"><composer key="compo_035971">Waldemar</composer>, Op. <opus key="opus_0001">1</opus>. <title>Lilien u. Rosen. 3 Walzer</title>. <pubPlace key="place_0554">Prag</pubPlace>, <publisher key="publ_4125">Veit</publisher> 22½ Ngr.</bibl>
<bibl id="hofm_1867_03_0045_17"><composer key="compo_036036">Wallerstein, A</composer>., Op. <opus key="opus_1291">190</opus>. <title>Polka de Manchestre (Gentlemen-Polka.)</title> <pubPlace key="place_0438">Mainz</pubPlace>, <publisher key="publ_3563">Schott</publisher> 27 Xr.</bibl>
<bibl id="hofm_1867_03_0045_18">– Op. <opus key="opus_1308">193</opus>. <title>Galop de Stuttgart (Erinnerung an Stuttgart.)</title> Ebd. 27 Xr.</bibl>
<bibl id="hofm_1867_03_0045_19"><composer key="compo_036767">Wesch, E.</composer>, Op. <opus key="opus_4562">9</opus>. <title>Sang und Klang. Walzer</title>. <pubPlace key="place_0044">Berlin</pubPlace>, <publisher key="publ_2971">Paez</publisher> 12½ Ngr.</bibl>
<bibl id="hofm_1867_03_0045_20"><composer key="compo_038102">Ziehrer, C.M.</composer>, Op. <opus key="opus_3895">68</opus>. <title>Florette. Polka-Mazurka</title>. <pubPlace key="place_0731">Wien</pubPlace>, <publisher key="publ_1506">Haslinger</publisher> 7½ Ngr.</bibl>
<bibl id="hofm_1867_03_0045_21">– Op. <opus key="opus_3934">69</opus>. <title>Mamsell Uibermuth. Polka franç</title>. Ebend. 7½ Ngr.</bibl>
<bibl id="hofm_1867_03_0045_22">– Op. <opus key="opus_3988">70</opus>. <title>Naturstimmen. Walzer</title>. Ebend. 15 Ngr.</bibl>
<bibl id="hofm_1867_03_0045_23">– Op. <opus key="opus_4017">71</opus>. <title>Bewegtes Leben. Schnell-Polka</title>. Ebend. 7½ Ngr.</bibl>
<bibl id="hofm_1867_03_0045_24">– Op. <opus key="opus_4045">72</opus>. <title>Wildfeuer-Schnell-Polka</title>. Ebend. 7½ Ngr.</bibl>
<bibl id="hofm_1867_03_0045_25">– Op. <opus key="opus_4070">73</opus>. <title>Künstler-Träume. Walzer</title>. Ebend. 15 Ngr.</bibl>
<wip id="hofm_1867_03_0045_26">– <title>Die junge Tänzerin. Samml. d. bel. Tanz-Kompositionen im leichten Style</title>. <title>Heft 25. Toilette-Polka. Badener Park-Polka</title>. <title>Heft 26. Blaubart, Quadrille</title>. <title>Heft 27. Florette, Polka-Mazurka. Mamsell Uibermuth, Polka franç</title>. <title>Heft 28. Naturstimmen, Walzer</title>. <title>Heft 29, Bewegtes Leben, Schnell-Polka. Wild-feuer, Schnell-Polka</title>. <title>Heft 30. Künstler-Träume, Walzer</title> Ebend. à 10 Ngr.</wip>
</div><div id="hofm_1867_03_0045_div09"><head><hofClass key="hofCl_0250">Märsche für Pianoforte.</hofClass></head>
<bibl id="hofm_1867_03_0045_27"><composer key="compo_003638">Bollmann, E.</composer>, <title>Königgrätzer Sturmmarsch</title>. <pubPlace key="place_0044">Berlin</pubPlace>, <publisher key="publ_4333">Heinr. Weiss</publisher> 7½ Ngr.</bibl>
<bibl id="hofm_1867_03_0045_28"><composer key="compo_004597">Budik, Franz</composer>, Op. <opus key="opus_2268">32</opus>. <title>In Reih’ und Glied. Marsch</title>. <pubPlace key="place_0201">Frankfurt a/O</pubPlace>., <publisher key="publ_2579">Massute</publisher> 7½ Ngr.</bibl>
<bibl id="hofm_1867_03_0045_29"><composer key="compo_006354">Daase, R.</composer>, Op. <opus key="opus_2088">294</opus>. <title>Deutscher Parlaments-Marsch</title>. <pubPlace key="place_0080">Bremen</pubPlace>, <publisher key="publ_3092">Praeger u. M</publisher>. 6 Ngr.</bibl>
<bibl id="hofm_1867_03_0045_30"><composer key="compo_013194">Hampel, H.</composer>, Op. <opus key="opus_0392">12</opus>. <title>Trauermarsch</title>. <pubPlace key="place_0554">Prag</pubPlace>, <publisher key="publ_4125">Veit</publisher> 10 Ngr.</bibl>
<bibl id="hofm_1867_03_0045_31"><composer key="compo_017208">Kellner, W.</composer>, <title>Trauer-Marsch z. Andenken unserer im 30 tägigen Kriege gebliebenen Brüder 1866</title>. <pubPlace key="place_0044">Berlin</pubPlace>, <publisher key="publ_4333">Heinr. Weiss</publisher> 15 Ngr.</bibl>
<bibl id="hofm_1867_03_0045_32"><composer key="compo_021021">Lindner, E.</composer>, <title>Trauer-Marsch</title>. <pubPlace key="place_0044">Berlin</pubPlace>, <publisher key="publ_4333">Heinr. Weiss</publisher> 10 Ngr.</bibl>
<bibl id="hofm_1867_03_0045_33"><composer key="compo_031849">Seemann, S.W.A.</composer>, Op. <opus key="opus_2996">45</opus>. <title>Vorwärts-Marsch</title>. <pubPlace key="place_0510">Nürnb</pubPlace>., <publisher key="publ_3501">Schmid</publisher> 5 Ngr.</bibl>
<bibl id="hofm_1867_03_0045_34">– Op. <opus key="opus_3071">47</opus>. <title>Lebewohl. Abschieds-Marsch</title>. Ebend. 5 Ngr.</bibl>
<bibl id="hofm_1867_03_0045_35">– Op. <opus key="opus_3105">48</opus>. <title>Erinnerung an Meyerbeer. Marsch ü. Mot. a. den Hugenotten</title>. Ebend. 5 Ngr.</bibl>
<bibl id="hofm_1867_03_0045_36">– Op. <opus key="opus_3140">49</opus>. <title>Marsch ü. Mot. a. Wagner’s Rienzi</title>. Ebend. 5 Ngr.</bibl>
<pb n="46"/>
<bibl id="hofm_1867_03_0046_01"><composer key="compo_031849">Seemann, S.W.A.</composer>, Op. <opus key="opus_3204">50</opus>. <title>Marsch ü. Mot. Die Jüdin v. Halevy</title>. <pubPlace key="place_0510">Nürnberg</pubPlace>. <publisher key="publ_3501">Schmid</publisher> 5 Ngr.</bibl>
<bibl id="hofm_1867_03_0046_02">– Op. <opus key="opus_3244">51</opus>. <title>Volkslieder-Marsch</title>. Ebend. 5 Ngr.</bibl>
<bibl id="hofm_1867_03_0046_03">– Op. <opus key="opus_3282">52</opus>. <title>Il Bacio-Marsch n. Mot. v. Arditi</title>. Ebend. 5 Ngr.</bibl>
<bibl id="hofm_1867_03_0046_04">– Op. <opus key="opus_3316">53</opus>. <title>Marsch ü. Mot. a. Lara v. Maillart</title>. Ebend. 5 Ngr.</bibl>
<bibl id="hofm_1867_03_0046_05">– Op. <opus key="opus_3351">54</opus>. <title>Marsch ü. Mot. der Operette Flotte Bursche v. Suppé</title>. Ebend. 5 Ngr.</bibl>
<bibl id="hofm_1867_03_0046_06">– Op. <opus key="opus_3385">55</opus>. <title>Marsch ü. Mot. der Operette Zehn Mädchen und kein Mann v. Suppé</title>. Ebend. 5 Ngr.</bibl>
<bibl id="hofm_1867_03_0046_07">– Op. <opus key="opus_3416">56</opus>. <title>Helenen-Marsch n. Mot. a. Offenbach’s Oper: Die schöne Helene</title> Ebend. 5 Ngr.</bibl>
<bibl id="hofm_1867_03_0046_08"><composer key="compo_032983">Stark, Chr.</composer>, <title>Tegethoff-Marsch</title>. <pubPlace key="place_0731">Wien</pubPlace>, <publisher key="publ_1506">Haslinger</publisher> 7½ Ngr.</bibl>
</div><div id="hofm_1867_03_0046_div10"><head><hofClass key="hofCl_0072">Lehrbücher für Pianoforte.</hofClass></head>
<bibl id="hofm_1867_03_0046_09"><composer key="compo_014550">Herz, H</composer>, <title>Tonleitern u. Fingerübungen in zunchmender Schwierigkeit</title>. <pubPlace key="place_0280">Hannover</pubPlace>, <publisher key="publ_2808">Nagel</publisher> 20 Ngr.</bibl>
<bibl id="hofm_1867_03_0046_10"><composer key="compo_015168">Hohmann, Chr. H.</composer>, <title>Prakt. Klavier-Schule. <edition>8. verb. Aufl</edition></title>. <title>1.–3. Kursus</title> à 22½ Ngr. n. <pubPlace key="place_0510">Nürnberg</pubPlace>, <publisher key="publ_3501">Schmid</publisher> cplt. 2 Rt. 7½ Ngr. n.</bibl>
<bibl id="hofm_1867_03_0046_11"><composer key="compo_019356">Köhler, L.</composer>, Op. <opus key="opus_4326">80</opus>. <title>Kinder Klavierschule in fasslicher u. fördernder theoret-prakt. Anleitung mit mehr als 100 Originalstücken u. Uebungen. <edition>5. Aufl</edition></title> <pubPlace key="place_0392">Leipzig</pubPlace>, <publisher key="publ_3773">Siegel</publisher> 1 Rt. n.</bibl>
<wip id="hofm_1867_03_0046_12"><composer key="compo_023621">Mollenhauer, Ed.</composer>, <title>Prakt. Pianoforte-Methode. Zum Gebrauch für’s New-Yorker Conservatorium</title> <title>1. Kursus</title>. 15 Ngr. <title>2. Kursus</title> 20 Ngr. <pubPlace key="place_0392">Leipzig</pubPlace>, <publisher key="publ_3605">Schuberth u. Co</publisher>.</wip>
<bibl id="hofm_1867_03_0046_13"><composer key="compo_028727">Rollfuss. B.</composer>, <title>Tonleitern</title>. <pubPlace key="place_0147">Dresden</pubPlace>, <publisher key="publ_1726">Hoffarth</publisher> 7½ Ngr.</bibl>
<bibl id="hofm_1867_03_0046_14"><composer key="compo_037396">Wohlfahrt, H.</composer>, <title>The Young Pianistes Guide. <edition>12. Edit</edition>. (<edition>Engl. Ausgabe</edition> der bekannten Kinder-Klavierschule.)</title> <pubPlace key="place_0392">Leipzig</pubPlace>, <publisher key="publ_0437">Br. u. Härtel</publisher> 1 Rt. 10 Ngr.</bibl>
</div><div id="hofm_1867_03_0046_div11"><head><hofClass key="hofCl_0225">Musik für Orgel.</hofClass></head>
<wip id="hofm_1867_03_0046_15"><composer key="compo_010369">Förster, J.</composer>, Op. <opus key="opus_0531">13</opus>. <title>Der kathol. Organist od. die gebräuchl. Kirchengesänge als Mess-Segen- und Predigt-Lieder nebst den erforderlichen Vor-. Zwischen- und Nachspielen</title>. <title>Heft 11, 12</title>. <pubPlace key="place_0554">Prag</pubPlace>, <publisher key="publ_4125">Veit</publisher> à 8 Ngr. n.</wip>
<bibl id="hofm_1867_03_0046_16">– Op. <opus key="opus_0806">15</opus>. <title>Prakt. Lehrgang im Orgelspiel. Handbuch f. angehende Organisten u. Lehrer</title>. <pubPlace key="place_0554">Prag</pubPlace>, <publisher key="publ_4125">Veit</publisher> 1 Rt. 26 Ngr. n.</bibl>
<wip id="hofm_1867_03_0046_17"><composer key="compo_020492">Lemmens, J.</composer>, <title>Morceaux choisies tirés de l’Ecole d’Orgue</title>. <title>No. 1, Pet. Trios très-fac</title> 36 Xr. <title>No. 2, Communions</title> 45 Xr. <title>No. 3, Prière</title>. 27 Xr. <title>No. 4, Sortie</title>. 27 Xr. <title>No. 5, Offertoire</title>. 36 Xr. <title>No. 6, Laudate Dominum</title>. 36 Xr. <title>No. 7, Fugue</title>. 27 Xr. <title>No. 8, Lauda Sion</title>. 36 Xr. <title>No. 9, Introd. et Fugue</title>. 36 Xr. <title>No. 10, Ite Missa est</title>. 45 Xr. <title>No. 11, Scherzo</title>. 54 Xr. <title>No. 12, Hosannah</title>. 45 Xr. <title>No. 13, Marche triomphale</title>. 36 Xr. <title>No. 14, Andante av. Variat</title>. 45 Xr. <title>No. 15, Prélude</title>. 27 Xr. <title>No. 16, Fanfare</title>. 36 Xr. <title>No. 17, Cantabile</title>. 45 Xr. <title>No. 18, Finale</title>. 45 Xr. <pubPlace key="place_0438">Mainz</pubPlace>, <publisher key="publ_3563">Schott</publisher>.</wip>
<bibl id="hofm_1867_03_0046_18"><composer key="compo_024354">Nachbar, J.A. jun.</composer>, Op. <opus key="opus_2737">4</opus>. <title>16 kurze, thematische Orgel-Vorspiele</title>. <pubPlace key="place_0386">Langensalza</pubPlace>, <publisher key="publ_3618">Schulbuchhandlung</publisher> 7½ Ngr. n.</bibl>
</div><div id="hofm_1867_03_0046_div12"><head><hofClass key="hofCl_0210">Musik für Harfe.</hofClass></head>
<bibl id="hofm_1867_03_0046_19"><composer key="compo_011757">Gounod, Ch.</composer>, <title>Sérénade (Berceuse) arr. p. Harpe et Piano p. Ch. Oberthür</title>. <pubPlace key="place_0438">Mainz</pubPlace>, <publisher key="publ_3563">Schott</publisher> 1 Fl. 21 Xr.</bibl>
<bibl id="hofm_1867_03_0046_20">– Idem p. la Harpe seule. Ebend. 45 Xr.</bibl>
<bibl id="hofm_1867_03_0046_21"><composer key="compo_025181">Oberthür, Ch.</composer>, Op. <opus key="opus_2131">30</opus>. <title>Souvenir de Boulogne. Nocturne p. Harpe</title>. <pubPlace key="place_0438">Mainz</pubPlace>, <publisher key="publ_3563">Schott</publisher> 1 Fl. 30 Xr.</bibl>
<bibl id="hofm_1867_03_0046_22">– Op. <opus key="opus_1321">195</opus>. <title>Les Gracieuses. 3 Mélodies fav. transcr. p. Harpe</title>. <pubPlace key="place_0438">Mainz</pubPlace>, <publisher key="publ_3563">Schott</publisher>. 1 Fl.</bibl></div>
<pb n="47"/>
<div id="hofm_1867_03_0047_div13"><head><hofClass key="hofCl_0161">Musik für Harmonium.</hofClass></head>
<bibl id="hofm_1867_03_0047_01"><composer key="compo_005689">Ciccarelli, A.</composer>, <title>Pastorale f. Harm</title>. <pubPlace key="place_0147">Dresden</pubPlace>, <publisher key="publ_1726">Hoffarth</publisher> 10 Ngr.</bibl>
<bibl id="hofm_1867_03_0047_02"><composer key="compo_034906">Trutschel, A.</composer>, <title>3 Fantaisies de Mozart transcr. p. l’Orgue-Mélodium et Piano. No. 1, Fantaisie (<key>Cm</key>) de l’Op. <opus key="opus_0234">11</opus>. No. 2, Fantaisie et Fugue (<key>C</key>). No. 3, Fantaisie (dediée à sa femme) (<key>Cm</key>)</title>. <pubPlace key="place_0438">Mainz</pubPlace>, <publisher key="publ_3563">Schott</publisher> à 1 Fl. 21 Xr.</bibl>
<bibl id="hofm_1867_03_0047_03"><composer key="compo_038022">Zellner, L.A.</composer>, <title>12 Choräle f. Harm</title>. <pubPlace key="place_0731">Wien</pubPlace>, <publisher key="publ_1506">Haslinger</publisher> 20 Ngr.</bibl>
</div><div id="hofm_1867_03_0047_div14"><head><hofClass key="hofCl_0068">Kirchenmusik.</hofClass></head>
<bibl id="hofm_1867_03_0047_04"><composer key="compo_001225">Bach, J.S.</composer>, <title>Passionsmusik nach dem Evangelium Matthäus m. ausgeführtem Accompagnement bearb. v. R. Franz</title>. <format>Part</format>. 12 Rt. n. <format>Orch-Stimmen</format> 15 Rt. n. <format>Chorstimmen</format> 2 Rt. n. <pubPlace key="place_0392">Leipzig</pubPlace>. <publisher key="publ_0437">Br. u. Härtel</publisher>.</bibl>
<bibl id="hofm_1867_03_0047_05"><composer key="compo_010369">Förster, J.</composer>, <title>Asperges pro quatuor vocibus, Violino et Organo. <format>Part. u. St</format></title>. 8. <pubPlace key="place_0554">Prag</pubPlace>, <publisher key="publ_4125">Veit</publisher> 12 Ngr.</bibl>
<bibl id="hofm_1867_03_0047_06"><composer key="compo_013599">Hauptmann. M.</composer>, Op. <opus key="opus_3454">57</opus>. <title>Psalm: Sei mir gnädig Gott. f. 2 vierstimm. Chöre u. 4 Solostimmen. <format>Part. u. St</format></title>. <pubPlace key="place_0392">Leipzig</pubPlace>, <publisher key="publ_3773">Siegel</publisher> 1 Rt. 7½ Ngr.</bibl>
</div><div id="hofm_1867_03_0047_div15"><head><hofClass key="hofCl_0018">Gesangstücke für Concertmusik mit Orchester-Begleitung oder mehrerer Instrumente.</hofClass></head>
<bibl id="hofm_1867_03_0047_07"><composer key="compo_011757">Gounod, Ch.</composer>, <title>Où voulez-vous aller ? Barcarolle av. Piano et Violon, (ou Vclle ou Flûte, ou Harm.)</title> <pubPlace key="place_0438">Mainz</pubPlace>, <publisher key="publ_3563">Schott</publisher> 1 Fl. 12 Xr.</bibl>
<bibl id="hofm_1867_03_0047_08"><composer key="compo_014826">Hiller. Ferd.</composer>, Op. <opus key="opus_3895">68</opus>. <title>Das Ständchen (Was wecken aus dem Schlummer) f. MS. m. Streichinstr</title>. <format>Part</format>. 8. 27 Xr. <format>Instrument-Stimmen</format> 8. 36 Xr. <pubPlace key="place_0438">Mainz</pubPlace>, <publisher key="publ_3563">Schott</publisher>.</bibl>
<bibl id="hofm_1867_03_0047_09"><composer key="compo_034961">Tschirch, W.</composer> Op. <opus key="opus_3738">63</opus>. <title>Leben, Liebe, Lust und Leid, f. Männerst. (Solo u. Chor) u. Orch</title>. <format>Part. m. unterlegtem Klav.-Ausz</format>. 2 Rt. 10 Ngr. <format>Singst</format>. 8. 20 Ngr. <pubPlace key="place_0392">Leipzig</pubPlace>, <publisher key="publ_3773">Siegel</publisher>.</bibl>
<bibl id="hofm_1867_03_0047_10"><composer key="compo_035464">Vierling, G.</composer>, Op. <opus key="opus_2268">32</opus>. <title>Zur Weinlese. f. Männerch. u. Orch. <format>Orch.-Stimmen</format></title>. <pubPlace key="place_0082">Breslau</pubPlace>, <publisher key="publ_2386">Leuckart</publisher> 2 Rt. 10 Ngr.</bibl>
</div><div id="hofm_1867_03_0047_div16"><head><hofClass key="hofCl_0102">Mehrstimmige Gesänge mit und ohne Pianoforte.</hofClass></head>
<wip id="hofm_1867_03_0047_11"><composer key="compo_001241">Bach, O.</composer>, Op. <opus key="opus_0806">15</opus>. <title>3 Duette f. 2 S. m. Pfte</title>. <title>No. 1, Frühlingsglocken</title> 1 Fl. <title>No. 2, Die Sternlein</title>. <title>No. 3, Herbstlied</title> à 36 Xr. <pubPlace key="place_0438">Mainz</pubPlace>, <publisher key="publ_3563">Schott</publisher>.</wip>
<bibl id="hofm_1867_03_0047_12"><composer key="compo_014813">Hille, E.</composer> u. <composer key="compo_017324">H. Kestner</composer>, <title>Ausländische Volkslieder f. S., A., T. u. B. Wälische Volkslieder. Heft 2, (Festlied der Barden. Schlachtgesang. Snowdon, der heilige Berg. Siegeslied der Barden Owain Glyndwr’s Kriegsgesang. Der Tod des Llywelyn). <format>Part. u. St</format></title>. 8. <pubPlace key="place_0280">Hannover</pubPlace>, <publisher key="publ_2808">Nagel</publisher> 1 Rt.</bibl>
<bibl id="hofm_1867_03_0047_13">– Idem. <title>Irische Volkslieder. Heft 2 (Aechte Liebe. Die Harfe Tara’s. Entsagung. Die Verbannten. Irland’s Töchter. Irland’s Schmerz.) <format>Part. u. St</format></title>. 8. Ebend. 22 Ngr.</bibl>
<bibl id="hofm_1867_03_0047_14"><composer key="compo_016151">Jadassohn, S.</composer>, Op. <opus key="opus_2509">36</opus>. <title>9 Lieder (Canons) f. 2 hohe Stimmen m. Pfte. (Volkslied. Die tausend Grüsse. Intermezzo. Ich weiss, dass mich der Himmel liebt. Gute Nacht. Treue Liebe. Einklang. Gruss. Volkslied.)</title> <pubPlace key="place_0392">Leipzig</pubPlace>, <publisher key="publ_0437">Br. u. Härtel</publisher> 1 Rt. 7½ Ngr.</bibl>
<bibl id="hofm_1867_03_0047_15"><composer key="compo_018650">Krebs, K.</composer>, Op. <opus key="opus_0511">129</opus>. <title>6 Gesänge f. 4stimm. Männerchor. No. 3, Wo ich geboren bin. No. 4, Brich an, du schönes Morgenlicht. <format>Part. u. St</format></title>. 8. <pubPlace key="place_0392">Leipzig</pubPlace>, <publisher key="publ_3605">Schuberth u. Co</publisher>. à 12½ Ngr.</bibl>
<bibl id="hofm_1867_03_0047_16"><composer key="compo_019163">Kuntze, K.</composer>, Op. <opus key="opus_0501">128</opus>. <title>Die Schwiegermutter. Kom. Männerquartett. <format>Part. u. St</format></title>. 8. <pubPlace key="place_0392">Leipzig</pubPlace>, <publisher key="publ_2017">Kistner</publisher> 22½ Ngr.</bibl>
<pb n="48"/>
<bibl id="hofm_1867_03_0048_01"><composer key="compo_024265">Müller, R.</composer>, Op. <opus key="opus_0927">16</opus>. <title>3 geistliche Lieder f. Männerchor u. Solo. (Seele, was betrübst du dich? Dein Wort, o Herr, im Munde. Hügel fallen, Berge weichen.) <format>Part. u. St</format></title>. 8. <pubPlace key="place_0392">Leipzig</pubPlace>, <publisher key="publ_2655">Merseburger</publisher> 15 Ngr.</bibl>
<bibl id="hofm_1867_03_0048_02"><composer key="compo_031591">Schäffer, Leonh.</composer>, Op. <opus key="opus_4562">9</opus>. <title>4 Quartette f. Männerst. (Nächtlicher Gruss. Der Mai ist da. Ständchen. Wo poch ich an?) <format>Part. u. St</format></title>. 8. <pubPlace key="place_0510">Nürnberg</pubPlace>, <publisher key="publ_3501">Schmid</publisher> 1 Rt.</bibl>
</div><div id="hofm_1867_03_0048_div17"><head><hofClass key="hofCl_0268">Opernmusik mit Pianofortebegleitung.</hofClass></head>
<bibl id="hofm_1867_03_0048_03"><composer key="compo_002866">Bial, R.</composer>, <title>Nimrod. Posse v. H. Salingré. Wander-Couplet (Nach Rumänien.) Trạumbild. (Jüngst war ich mal auf einer Jagd.) Da kommen wir noch hin (hübsch langsam.) Duett</title>. 8. <pubPlace key="place_0044">Berlin</pubPlace>, <publisher key="publ_0339">Bloch</publisher> 10 Ngr. *n.</bibl>
<bibl id="hofm_1867_03_0048_04">– <title>Couplets a. d. beiden Possen v. H. Salingré: Wenn die Preussen heimwärts ziehen. Man muss Gott für Alles danken. (Ich wünsche eiuen Leutenant.) Duett. Wenn die Preussen heimwärts ziehu. Einberufenl od. Mit Gott, für König und Vaterland. Was purzeln soll, das purzelt doch. (Wie einer leicht kann purzeln). Couplet v. Krieg (den Zeitungsblättern; ohne Frage.) Hau ihm, Lukas! (Ich bin nie heiter.)</title> 8. Ebend. 15 Ngr. *n.</bibl>
<bibl id="hofm_1867_03_0048_05"><composer key="compo_017469">Kipper, H.</composer>, <title>Der Quacksalber od. Doctor Sägebein und sein Famulus. Opernburleske in 1 Akt f. Männerst. (Solo u. Chor) m. Pfte</title>. <format>Part</format>. 2 Rt. 20 Ngr. <format>Solostimmen</format> 1 Rt. <format>Chorstimmen</format> 1 Rt. Textbuch 8. 1½ Ngr. n. <pubPlace key="place_0392">Leipzig</pubPlace>, <publisher key="publ_3773">Siegel</publisher>.</bibl>
<bibl id="hofm_1867_03_0048_06"><composer key="compo_019863">Lang, A.</composer>, <title>Couplets a. der Posse Pech-Schulze v. A. Salingré. (Gasthofs-Couplets. Kegel-Couplet. Sächsisch u. Berlinisch. Tanzlied. Volkslieder-Terzett.)</title> 8. <pubPlace key="place_0044">Berlin</pubPlace>, <publisher key="publ_0339">Bloch</publisher> 15 Ngr. *n.</bibl>
<bibl id="hofm_1867_03_0048_07">– <title>Couplets a. d. Posse Viel Vergnügen v. A. Salingré. (Vergnügungs-Couplet. Politik-Couplet. Schnell eingelenkt! Marionettenlied. Rheumatismus-Couplet.)</title> 8. Ebend. 15 Ngr. *n.</bibl>
<wip id="hofm_1867_03_0048_08"><title>Sammlung komischer Lieder u. Couplets, welche auf berliner Theatern von den vorz. Gesangs-Komikern vorgetragen werden</title>. 8. <pubPlace key="place_0044">Berlin</pubPlace>, <publisher key="publ_0339">Bloch</publisher> à 5 Ngr. *n. 
    <listBibl rend="curly"><bibl><seg><title>No. 82, Bell-Couplet</title></seg><seg id="hofm_1867_03_0048_08_1" rend="curly-left">.<title>aus der Posse Harpax v. Th. Hauptner</title>. </seg></bibl>
        <bibl><seg>– <title>83, Menagerie-Duett</title></seg><seg sameAs="hofm_1867_03_0048_08_1"/></bibl>
        <bibl><seg>– <title>84, Censur-Couplet</title></seg><seg sameAs="hofm_1867_03_0048_08_1"/></bibl>
        <bibl><seg>– <title>85, Ade, du schöne Welt</title></seg><seg sameAs="hofm_1867_03_0048_08_1"/></bibl>
        <bibl><seg>– <title>86, Madame Fliege jun</title></seg><seg sameAs="hofm_1867_03_0048_08_1">.</seg></bibl></listBibl>
        – <title>87, Und sie bewegt sich doch! aus d. Volksstück der Teufel im Herzen v. Gaspary</title>. 
    <listBibl rend="curly"><bibl><seg>– <title>88, Vergnügungs-Couplet</title></seg><seg id="hofm_1867_03_0048_08_1_2" rend="curly-left"><title>aus der Posse Viel Ver gnügen v. A. Lang</title>. </seg></bibl>
        <bibl><seg>– <title>89, Marionetten-Lied</title></seg><seg sameAs="hofm_1867_03_0048_08_1_2"/></bibl>
        <bibl><seg>– <title>90, Politik-Couplet</title></seg><seg sameAs="hofm_1867_03_0048_08_1_2"/></bibl>
        <bibl><seg>– <title>91, Schnell eingelenkt!</title></seg><seg sameAs="hofm_1867_03_0048_08_1_2"/></bibl>
        <bibl><seg>– <title>92, Rheumatismus-couplet</title></seg><seg sameAs="hofm_1867_03_0048_08_1_2"/></bibl></listBibl>
    – <title>93, Applaus-Lied v. A. Lang</title>.<lb/>
    – <title>94, Es bildet ein Talent sich in der Stille v. A. Conradi</title>. <lb/>
    – <title>95, Des Menschen Wille ist sein Himmelreich v. A. Conradi</title>. <lb/>
    – <title>96, Nehmt euch ein Exempel dran! v. A. Conradi</title>. <lb/>
    – <title>97, Der Jude als Seeräuber</title>. 
    <listBibl rend="curly"><bibl><seg>– <title>98, Wander-Couplet</title></seg><seg id="hofm_1867_03_0048_08_1_3" rend="curly-left"><title>aus der Posse Nimrod v. R. Bial</title>. </seg></bibl>
        <bibl><seg>– <title>99, Traum-Lied</title></seg><seg sameAs="hofm_1867_03_0048_08_1_3"/></bibl>
        <bibl><seg>– <title>100, Da kommen wir noch hin</title></seg><seg sameAs="hofm_1867_03_0048_08_1_3"/></bibl></listBibl></wip>
<pb n="49"/>
<wip id="hofm_1867_03_0049_01"><title>Sammlung komischer Lieder u. Couplets, welche auf berliner Theatern von den vorz. Gesangs-Komikern vorgetragen werden</title>. 8. <pubPlace key="place_0044">Berlin</pubPlace>, <publisher key="publ_0339">Bloch</publisher> à 5 Ngr. *n. 
    <listBibl rend="curly"><bibl><seg><title>No. 101, Was purzeln soll, das purzelt doch!</title></seg><seg id="hofm_1867_03_0049_01_1" rend="curly-left"><title>aus der Posse Einberufen v. R. Bial</title>. </seg></bibl><bibl><seg>– <title>102, Kriegs-Couplet</title></seg><seg sameAs="hofm_1867_03_0049_01_1"/></bibl>
        <bibl><seg>– <title>103, Hau ihm, Lukas!</title></seg><seg sameAs="hofm_1867_03_0049_01_1"/></bibl>
        <bibl><seg>– <title>104, Man muss Gott für Alles danken!</title></seg><seg id="hofm_1867_03_0049_01_1_2" rend="curly-left"><title>aus der Posse Wenn die Preussen heimwärts ziehen v. R. Bial</title>. </seg></bibl>
        <bibl><seg>– <title>105, Wenn die Truppen heimwärts ziehen</title></seg><seg sameAs="hofm_1867_03_0049_01_1_2"/></bibl></listBibl>
        – <title>106, Vogel-Couplet a. d. Posse: Humor verloren, Alles verloren v. H. Bossenberger</title>.</wip>
</div><div id="hofm_1867_03_0049_div18"><head><hofClass key="hofCl_0040">Gesänge für eine Singstimme mit Pianofortebegleitung.</hofClass></head>
<bibl id="hofm_1867_03_0049_02"><composer key="compo_000062">Abt, Frz.</composer>, Op. <opus key="opus_2088">294</opus>. <title>3 Lieder f. S. No. 1, Herzigen Gruss viel tausendmal. No. 2, O ja! No. 3, Schmetterling setz dich</title>. <pubPlace key="place_0436">Magdeburg</pubPlace>, <publisher key="publ_1560">Heinrichshofen</publisher> à 10 Ngr.</bibl>
<bibl id="hofm_1867_03_0049_03">– Idem f. MS. Ebend. à 10 Ngr.</bibl>
<bibl id="hofm_1867_03_0049_04">– Op. <opus key="opus_2298">324</opus>. <title>3 Lieder f. S. (od. T.) No. 1, Dein Bild allein. No. 2, Zum ersten Male sah ich dich. No. 3. Schlafe wohl</title>. <pubPlace key="place_0392">Leipzig</pubPlace>, <publisher key="publ_3773">Siegel</publisher> à 10 Ngr.</bibl>
<bibl id="hofm_1867_03_0049_05">– Idem f. A. (od. Br.) Ebend. à 10 Ngr.</bibl>
<bibl id="hofm_1867_03_0049_06"><composer key="compo_001012">Ascherberg, E.</composer>, <title>Wolle Keiner mich fragen</title>. <pubPlace key="place_0147">Dresden</pubPlace>, <publisher key="publ_1726">Hoffarth</publisher> 10 Ngr.</bibl>
<bibl id="hofm_1867_03_0049_07"><composer key="compo_002077">Beethoven, L. v.</composer>, Op. <opus key="opus_3798">65</opus>. <title>Scene u. Arie „Ah perfido“ f. S</title>. <pubPlace key="place_0392">Leipzig</pubPlace>, <publisher key="publ_0437">Br. u. Härtel</publisher> 20 Ngr.</bibl>
<bibl id="hofm_1867_03_0049_08">– <title>Gottes Macht u. Vorsehung</title>. <pubPlace key="place_0438">Mainz</pubPlace>. <publisher key="publ_3563">Schott</publisher> 18 Xr.</bibl>
<bibl id="hofm_1867_03_0049_09"><composer key="compo_004232">Breslaur, E.</composer>, Op. <opus key="opus_1356">1a</opus>. <title>Geistl. Arie (Der du hörest das Rufen)</title>. <pubPlace key="place_0044">Berlin</pubPlace>, <publisher key="publ_4333">Heinr. Weiss</publisher> 10 Ngr.</bibl>
<bibl id="hofm_1867_03_0049_10"><composer key="compo_004590">Buddenbrock-Hettersdorff, R. v.</composer>, <title>6 Lieder. (Ich will dich auf den Händen tragen. Keine Antwort. So manche schöne Perle. Das ist, was an der Menschenbrust. Und wüssten’s die Blumen. Vorsatz.)</title> <pubPlace key="place_0082">Breslau</pubPlace>, <publisher key="publ_1445">Hainauer</publisher> 17½ Ngr.</bibl>
<bibl id="hofm_1867_03_0049_11"><composer key="compo_005923">Conradi, A.</composer>, <title>Pietsch in der Afrikanerin. Solo-Scene</title>. <pubPlace key="place_0044">Berlin</pubPlace>, <publisher key="publ_0339">Bloch</publisher> 15 Ngr. n.</bibl>
<bibl id="hofm_1867_03_0049_12"><composer key="compo_014161">Henne, G.</composer>, Op. <opus key="opus_3565">6</opus>. <title>3 Lieder f. S. (od. T.) (Auf Wiedersehn! Das Mutterhaus. Im Advent.)</title> <pubPlace key="place_0392">Leipzig</pubPlace>, <publisher key="publ_2655">Merseburger</publisher> 10 Ngr.</bibl>
<bibl id="hofm_1867_03_0049_13"><composer key="compo_014217">Henrion, P.</composer>, <title>Liebchen steh’ auf! (Sweet love arise)</title>. <pubPlace key="place_0438">Mainz</pubPlace>, <publisher key="publ_3563">Schott</publisher> 36 Xr.</bibl>
<bibl id="hofm_1867_03_0049_14"><composer key="compo_014826">Hiller, Ferd.</composer>, Op. <opus key="opus_3895">68</opus>. <title>Das Ständchen (Was wecken aus dem Schlummer) f. MS</title>. <pubPlace key="place_0438">Mainz</pubPlace>, <publisher key="publ_3563">Schott</publisher> 18 Xr.</bibl>
<wip id="hofm_1867_03_0049_15"><composer key="compo_015077">Hoffmann, L.</composer>, Op. <opus key="opus_0806">15</opus>. <title>4 Lieder</title>. <title>No. 1, Dir muss ich immer singen</title>. 7½ Ngr. <title>No. 2, Ständchen</title>. 5 Ngr. <title>No. 3, Zwiegesang</title>. 7½ Ngr. <title>No. 4, Die stille Wasserrose</title>. 5 Ngr. <pubPlace key="place_0147">Dresden</pubPlace>, <publisher key="publ_1726">Hoffarth</publisher> cplt. 15 Ngr.</wip>
<bibl id="hofm_1867_03_0049_16"><composer key="compo_018395">Kossmaly, K.</composer>, <title>6 Lieder. (Volkslied. Minnelied. Geständniss. Wunsch der Liebe. An die Natur. Verschwiegene Liebe.)</title> <pubPlace key="place_0438">Mainz</pubPlace>, <publisher key="publ_3563">Schott</publisher> 54 Xr.</bibl>
<wip id="hofm_1867_03_0049_17"><composer key="compo_019545">Kühne, A.</composer>, Op. <opus key="opus_0392">12</opus>. <title>3 Gedichte</title>. <title>No. 1, Mein Herz ist herzlich müd’</title>. 27 Xr. <title>No. 2, Schlummerlied</title>. <title>No. 3, Heimkehr</title>. à 18 Xr. <pubPlace key="place_0438">Mainz</pubPlace>, <publisher key="publ_3563">Schott</publisher>.</wip>
<bibl id="hofm_1867_03_0049_18"><composer key="compo_021140">Litolff, H.</composer>, Op. <opus key="opus_3029">46</opus>. <title>3 Lieder. No. 1b, O Herz, lass ab, zu zagen f. tiefe St</title>. <pubPlace key="place_0280">Hannover</pubPlace>, <publisher key="publ_2808">Nagel</publisher> 12 Ngr.</bibl>
<bibl id="hofm_1867_03_0049_19"><composer key="compo_022904">Mendelssohn-Bartholdy, F.</composer>, <title>Des Mädchens Klage. Romanze f. A. (od. Br.)</title> <pubPlace key="place_0392">Leipzig</pubPlace>, <publisher key="publ_3605">Schuberth u. Co</publisher>. 12½ Ngr.</bibl>
<pb n="50"/>
<bibl id="hofm_1867_03_0050_01"><composer key="compo_027337">Quint, L.</composer>, Op. <opus key="opus_2116">3</opus>. <title>So weit! Romanze</title>. <pubPlace key="place_0392">Leipzig</pubPlace>, <publisher key="publ_3605">Schuberth u. Co</publisher>. 10 Ngr.</bibl>
<wip id="hofm_1867_03_0050_02"><composer key="compo_027445">Raff, J.</composer>, Op. <opus key="opus_4722">98</opus>. <title>Sanges-Frühling. 30 Romanzen, Balladen, Lieder u. Gesänge f. S</title>. <title>No. 27, Abendstimmung v. Seidel</title>. 5 Ngr. <title>No. 28, Der Knabe mit dem Wunderhorn v. Geibel</title> 7½ Ngr. <pubPlace key="place_0392">Leipzig</pubPlace>, <publisher key="publ_3605">Schuberth u. Co</publisher>.</wip>
<bibl id="hofm_1867_03_0050_03"><composer key="compo_027765">Reichardt, A.</composer>, <title>Oh ! belle étoile ! oh ! doux regard ! (Ich kenn’ ein Auge.)</title> <pubPlace key="place_0438">Mainz</pubPlace>, <publisher key="publ_3563">Schott</publisher> 36 Xr.</bibl>
<wip id="hofm_1867_03_0050_04"><composer key="compo_027945">Reinthaler, K.</composer>, Op. <opus key="opus_1731">24</opus>. <title>3. Balladen f. 1 tiefe St</title>. <title>No. 1, An den Sturmwind</title>. 12½ Ngr. <title>No. 2, Harold’s Ode</title>. 15 Ngr. <title>No. 3, Das Waldweib</title>. 12½ Ngr. <pubPlace key="place_0080">Bremen</pubPlace>, <publisher key="publ_0640">Cranz</publisher>.</wip>
<bibl id="hofm_1867_03_0050_05"><composer key="compo_028048">Renaud, J.</composer>, Op. <opus key="opus_2116">3</opus>. <title>3 Lieder. (Wohin? Todes Ahnung. Poeten-Grab.)</title> <pubPlace key="place_0392">Leipzig</pubPlace>, <publisher key="publ_3605">Schuberth u. Co</publisher>. 15 Ngr.</bibl>
<bibl id="hofm_1867_03_0050_06"><composer key="compo_028091">Rentsch, E.</composer>, <title>Aus meinen Thränen spriessen</title>. <pubPlace key="place_0147">Dresden</pubPlace>, <publisher key="publ_1726">Hoffarth</publisher> 5 Ngr.</bibl>
<bibl id="hofm_1867_03_0050_07"><composer key="compo_028425">Riga, Fr.</composer>, <title>6 Mélodies</title>. <title>No. 1, La Chaumière</title>. 27 Xr. <title>No. 2, La chanson du Mousse</title>. 18 Xr. <title>No. 3, La Violette</title>. 27 Xr. <title>No. 4, L’Absence</title>. 18 Xr. <title>No. 5, Le Réséda</title>. 27 Xr. <title>No. 6, Riez, petits enfants</title>. 27 Xr. <pubPlace key="place_0438">Mainz</pubPlace>, <publisher key="publ_3563">Schott</publisher>.</bibl>
<wip id="hofm_1867_03_0050_08"><composer key="compo_032996">Starke, J.</composer>, Op. <opus key="opus_2116">3</opus>. <title>3 Lieder f. S. (od. T.)</title> <title>No. 1, Bitte</title>. <title>No. 2, Das Mädchen am Ufer</title> à 7½ Ngr. <title>No. 3, Der Waidmann</title>, 10 Ngr. <pubPlace key="place_0392">Leipzig</pubPlace>, <publisher key="publ_3605">Schuberth u. Co</publisher>.</wip>
<bibl id="hofm_1867_03_0050_09"><composer key="compo_033355">Stiehl, H.</composer>, Op. <opus key="opus_3140">49</opus>. <title>6 Lieder f. S. (Die Schnitterin. Abendfeier. Rastlose Liebe. Wiegenlied. Nähe des Geliebten. Liebe u. Lied.)</title> <pubPlace key="place_0392">Leipzig</pubPlace>, <publisher key="publ_2017">Kistner</publisher> 20 Ngr.</bibl>
<bibl id="hofm_1867_03_0050_10"><composer key="compo_034673">Tolstoy, A.</composer>, <title>Ein Traum (Сонъ)</title> <pubPlace key="place_0438">Mainz</pubPlace>, <publisher key="publ_3563">Schott</publisher>.</bibl>
<bibl id="hofm_1867_03_0050_11"><composer key="compo_035986">Waldmann, L.</composer>, <title>2 Lieder. Op. <opus key="opus_0001">1</opus>. Lasst uns herzen, küssen, scherzen. Op. <opus key="opus_1372">2</opus>. O, sei mein Turteltäubchen!</title> <pubPlace key="place_0373">Königsberg</pubPlace>, <publisher key="publ_1861">Jakubowski</publisher> 10 Ngr.</bibl>
<bibl id="hofm_1867_03_0050_12"><composer key="compo_037804">Yradier</composer>, <title>La Rosa espagnola. Valse</title>. <pubPlace key="place_0438">Mainz</pubPlace>, <publisher key="publ_3563">Schott</publisher> 54 Xr.</bibl>
</div><div id="hofm_1867_03_0050_div19"><head><hofClass key="hofCl_0077">Lehrbücher für Gesang.</hofClass></head>
<bibl id="hofm_1867_03_0050_13"><composer key="compo_018712">Kressner, O.</composer>, <title>Prakt. Gesang-Meister. 3. Abth. 12 Solfeggien im modernen Gesang f. vorgeschrittene Sänger. <edition>3. verm. u. verb. Aufl</edition></title>. <pubPlace key="place_0392">Leipzig</pubPlace>, <publisher key="publ_3605">Schuberth u. Co</publisher>. 1 Rt. 10 Ngr.</bibl>
</div><div id="hofm_1867_03_0050_div20"><head><hofClass key="hofCl_0287">Theoretische Werke.</hofClass></head>
<bibl id="hofm_1867_03_0050_14"><author>Chrysander, Fr.</author>, <title>G.F. Händel. 3. Band. 1. Hälfte</title>. 8. <pubPlace key="place_0392">Leipzig</pubPlace>, <publisher key="publ_0437">Br. u. Härtel</publisher> 1 Rt. 6 Ngr. n.</bibl>
<bibl id="hofm_1867_03_0050_15">– <title>Jahrbücher f. musik. Wissenschaft. 2. Bd</title>. 8. <pubPlace key="place_0392">Leipzig</pubPlace>, <publisher key="publ_0437">Br. u. Härtel</publisher> 2 Rt. 24 Ngr. *n.</bibl>
<bibl id="hofm_1867_03_0050_16"><author>Tucher, G. v.</author>, <title>Ueber den Gemeindegesang d. evang. Kirche</title>. 8. <pubPlace key="place_0392">Leipzig</pubPlace>, <publisher key="publ_0437">Br. u. Härtel</publisher> 10 Ngr. n.</bibl>
</div><div id="hofm_1867_03_0050_div21"><head><hofClass key="hofCl_0248">Musikalische Zeitschriften.</hofClass></head>
<bibl id="hofm_1867_03_0050_17"><title>Ménestrel, le. Directeur J.L. Heugel. 35me Année</title>. (52 Nrn. Bog.) gr.-4. <pubPlace key="place_0537">Paris</pubPlace>, <publisher key="publ_1650">Heugel u. Co</publisher> . 20 Fr. n.</bibl>
</div><div id="hofm_1867_03_0050_div22"><head><hofClass key="hofCl_0277">Photographein in Visitenkartenformat.</hofClass></head>
<bibl id="hofm_1867_03_0050_18"><title><subject>Friese, Franziska</subject></title>. <pubPlace key="place_0392">Leipzig</pubPlace>, <publisher key="publ_1130">Fritzsch</publisher> 10 Ngr. *n.</bibl>
<bibl id="hofm_1867_03_0050_19"><title><subject>Menter, Sophie</subject></title>. <pubPlace key="place_0392">Leipzig</pubPlace>, <publisher key="publ_1130">Fritzsch</publisher> 10 Ngr. *n.</bibl>
<bibl id="hofm_1867_03_0050_20"><title><subject>Popper, David</subject></title>. <pubPlace key="place_0392">Leipzig</pubPlace>, <publisher key="publ_1130">Fritzsch</publisher> 10 Ngr. *n.</bibl>
<bibl id="hofm_1867_03_0050_21"><title><subject>Schild, Joseph</subject></title>. <pubPlace key="place_0392">Leipzig</pubPlace>, <publisher key="publ_1130">Fritzsch</publisher> 10 Ngr. *n.</bibl>
<bibl id="hofm_1867_03_0050_22"><title><subject>Thomas, G. Ad</subject></title>. <pubPlace key="place_0392">Leipzig</pubPlace>, <publisher key="publ_1130">Fritzsch</publisher> 10 Ngr. *n.</bibl>





</div></body></text></TEI.2>