<?xml version="1.0" encoding="utf-8"?>
<!DOCTYPE TEI.2
  SYSTEM "../../dtd/tei/cch_tei.dtd">
<TEI.2 id="hofm_1867_02">
<teiHeader type="text"><fileDesc><titleStmt><title>Februar 1867</title></titleStmt><publicationStmt><p/></publicationStmt><sourceDesc><p/></sourceDesc></fileDesc><profileDesc><langUsage><language id="ger">German</language><language id="fre">French</language><language id="ita">Italian</language></langUsage></profileDesc><revisionDesc><change><date>2007-09-20</date><respStmt><name>EP</name></respStmt><item>missing @id added</item></change><change><date>2007-07-18</date><respStmt><name>ER</name></respStmt><item>p. 24, Werner, Aug (not g.)</item></change><change><date>2007-04-27</date><respStmt><name>RV</name></respStmt><item>Changed "biblGroup" elements in "listBibl"</item></change><change><date>2007-03-01</date><respStmt><name>EP</name></respStmt><item>Checked curly brackets</item></change><change><date>2007-02-27</date><respStmt><name>EP</name></respStmt><item>Encoded curly brackets</item></change><change><date>2006-12-19</date><respStmt><name>EP</name></respStmt><item>sic and unclear moved outside elements pubplaces, publisher, composer, hofclass, key, opus</item></change><change>
    <date>2006-03-30</date>
    <respStmt><name>EP</name></respStmt>
    <item>Double page sequence corrected</item>
</change><change><date>2007-03-02</date><respStmt><name>Liz</name></respStmt><item>p. 22 Eisenhauer (not Eisenbauer)</item></change><change><date>2007-01-28</date><respStmt><name>Sarah</name></respStmt><item>Removed incorrect author tags.</item></change><change><date>2006-11-27</date><respStmt><name>Liz</name></respStmt><item>p. 21 Fantaisie (not Fantasic)</item></change><change><date>2006-04-03</date><respStmt><name>Sarah</name></respStmt><item>Fixed Xrefs</item></change><change><date>2005-10-10</date><respStmt><name>Sarah</name></respStmt><item>Corrections following checking pages.</item></change><change><date>2005-08-31</date><respStmt><name>Sarah</name></respStmt><item>First encoding.</item></change><change><date>2005-07-27</date><respStmt><name>Liz</name></respStmt><item>pasting in &amp; checking automated tagging</item></change></revisionDesc></teiHeader>
<text><body><pb n="18" ed="ONB:24/2"/><head>Februar 1867.</head>
<div id="hofm_1867_02_0018_div01"><head><hofClass key="hofCl_0164">Musik für Orchester.</hofClass></head>
<bibl id="hofm_1867_02_0018_01"><composer key="compo_006516">Dargomijsky, A.S.</composer>, <title>Cosatschoque. Fantaisie sur une danse cosaque p. Orch. <format>Part</format></title>. <pubPlace key="place_0466">Moskau</pubPlace>, <publisher key="publ_1922">Jürgenson</publisher> 3 Rt.</bibl>
<bibl id="hofm_1867_02_0018_02"><title>Deutschland (das tanzende). Ball-Tänze f. kl. Orch. 6. Heft</title>. <pubPlace key="place_0201">Frankfurt a/O</pubPlace>., <publisher key="publ_2579">Massute</publisher> 1 Rt. n.</bibl>
<bibl id="hofm_1867_02_0018_03"><composer key="compo_013156">Hamm, J.V.</composer>, <title>Der Teufel ist los! od.: Die musikal.-närrische Karnevals-Spende. Gr. Quodlibet f. Orch</title>. <pubPlace key="place_0438">Mainz</pubPlace>, <publisher key="publ_3563">Schott</publisher> 4 Fl. 48 Xr.</bibl>
<bibl id="hofm_1867_02_0018_04"><composer key="compo_015940">Hünn, K.</composer>, Op. <opus key="opus_3934">69</opus>. <title>Für König u. Vaterland. Marsch</title> u. Op. <opus key="opus_3988">70</opus>. <title>Mathilden-Polka f. Orch</title> <pubPlace key="place_0384">Landshut</pubPlace>, <publisher key="publ_0120">Attenkofer</publisher> 1 Rt. 12 Ngr. n.</bibl>
<bibl id="hofm_1867_02_0018_05"><composer key="compo_035699">Volkmann, R.</composer>, Op. <opus key="opus_3316">53</opus>. <title>2. Symphonie (<key>B</key>) f. Orch</title>. <format>Part</format>. 3 Rt. 20 Ngr. <format>Stimmen</format> 5 Rt. 20 Ngr. <pubPlace key="place_0542">Pesth</pubPlace>, <publisher key="publ_1535">Heckenast</publisher>.</bibl>
</div><div id="hofm_1867_02_0018_div02"><head><hofClass key="hofCl_0136">Musik für Streichinstrumente.</hofClass></head>
<wip id="hofm_1867_02_0018_06"><composer key="compo_001225">Bach, J.S.</composer>, <title>8 Fugen u. 4 Praeludien a. d. wohltemper. Klavier arr. f. Viol., Vla u. Vcllo v. K. v. Bruyck</title>. <title>3 Hefte</title>. <pubPlace key="place_0392">Leipzig</pubPlace>, <publisher key="publ_0437">Br. u. Härtel</publisher> à 17½ Ngr.</wip>
<bibl id="hofm_1867_02_0018_07"><composer key="compo_001713">Battanchon, F.</composer>, Op. <opus key="opus_2347">33</opus>. <title>Réminiscences de Beethoven. Caprice p. Violoncelle av. 2 V., A. et B</title>. <pubPlace key="place_0392">Leipzig</pubPlace>, <publisher key="publ_1746">Hofmeister</publisher> 20 Ngr.</bibl>
<bibl id="hofm_1867_02_0018_08"><composer key="compo_004899">Bériot, Ch. de</composer>, Op. <opus key="opus_0451">123</opus>. <title>Ecole transcendante du Violon. Anhang z. der Violinschule</title>. <pubPlace key="place_0438">Mainz</pubPlace>, <publisher key="publ_3563">Schott</publisher> 8 Fl. 24 Xr.</bibl>
<wip id="hofm_1867_02_0018_09"><composer key="compo_015168">Hohmann, C.H.</composer>, <title>Prakt. Violinschule f. angeh. Spieler. <edition>9. Aufl</edition></title>. <title>1–4. Kursus</title>. à 18 Ngr. n. <pubPlace key="place_0510">Nürnberg</pubPlace>, <publisher key="publ_3501">Schmid</publisher> cplt. 3 Rt. n.</wip>
</div><div id="hofm_1867_02_0018_div03"><head><hofClass key="hofCl_0247">Musik für Zither.</hofClass></head>
<bibl id="hofm_1867_02_0018_10"><composer key="compo_004553">Buchecker, H.</composer>, <title>Album f. Z. 2. Band</title>. qu.-8. <pubPlace key="place_0440">Mannheim</pubPlace>, <publisher key="publ_1534">Heckel</publisher> 25 Ngr. n.</bibl>
<bibl id="hofm_1867_02_0018_11"><composer key="compo_006522">Darr, A.</composer>, <title>6 Unterhaltungsstücke f. 2 Z</title>. qu.-8. <pubPlace key="place_0687">Trier</pubPlace>, <publisher key="publ_1721">Hoenes</publisher> 20 Ngr.</bibl>
<bibl id="hofm_1867_02_0018_12"><composer key="compo_028551">Rixner, J.</composer>, <title>Erinnerung an Tegernsee. Steyrische Ländler f. Z</title>. qu.-8. <pubPlace key="place_0687">Trier</pubPlace>, <publisher key="publ_1721">Hoenes</publisher> 6 Ngr.</bibl>
<bibl id="hofm_1867_02_0018_13"><composer key="compo_035144">Umlauf, K.J.F.</composer>, Op. <opus key="opus_4130">75</opus>. <title>Neueste vollst. theoret-prakt. Wiener Zitherschule</title>. <pubPlace key="place_0731">Wien</pubPlace>, <publisher key="publ_4105">Umlauf</publisher> 2 Rt. 14 Ngr.</bibl>
<bibl id="hofm_1867_02_0018_14">– Op. <opus key="opus_0347">117</opus>. <title>Ergänzungs-Band z. Wiener Zitherschule</title>. Ebend. 2 Rt. 12 Ngr.</bibl>
<wip id="hofm_1867_02_0018_15">– <title>Salon-Album f. Zitherspieler. Sammlung von Ländlern u. Liedern. 7. Jahrg</title>. <pubPlace key="place_0731">Wien</pubPlace>, <publisher key="publ_4105">Umlauf</publisher>. <lb/><title>Heft 6. 3 Lieder ohne Worte. Op. <opus key="opus_0783">148</opus></title>. 12 Ngr. <lb/>– <title>7. Erinnerungen vom Rhein. Op. <opus key="opus_0281">112</opus></title>. 12 Ngr. <lb/>– <title>8. Die Vorstadtler. Oest. Weisen. Op. <opus key="opus_0792">149</opus></title>. 10 Ngr. <lb/>– <title>9. 3 Lieder ohne Worte. Op. <opus key="opus_0830">150</opus></title>. 12 Ngr. <lb/>– <title>10. Die Kreuzfidell’n. Ländler f. 2 Z. Op. <opus key="opus_0851">152</opus></title>. 18 Ngr. <lb/>– <title>11. 3 charakter. Tonstücke. Op. <opus key="opus_0860">153</opus></title>. 12 Ngr. <lb/>– <title>12. Fantasie a. La Traviata v. Verdi. Op. <opus key="opus_0727">142</opus></title>. 14 Ngr. <lb/>– <title>13. 2 charakter. Tonstücke f. 2 Z. Op. <opus key="opus_0706">140</opus></title>. 18 Ngr. <lb/>– <title>14. 3 Lieder ohne Worte. Op. <opus key="opus_0783">148</opus></title>. 12 Ngr. <lb/>– <title>15. 3 charakter. Stücke. Op. <opus key="opus_0897">156</opus></title>. 12 Ngr.</wip>
<pb n="19" ed="ONB:24/3"/>
<wip id="hofm_1867_02_0019_01"><composer key="compo_035144">Umlauf, K.J.F.</composer>, <title>Salon-Album f. Zitherspieler. Sammlung von Ländlern u. Liedern. 7. Jahrg</title>. <pubPlace key="place_0731">Wien</pubPlace>, <publisher key="publ_4105">Umlauf</publisher>. <lb/><title>Heft 16. Arie a. Die Nachtwandlerin v. Bellini. Op. <opus key="opus_0873">154</opus></title>. 12 Ngr. <lb/>– <title>17. Die Lebenswecker. Ländler. Op. <opus key="opus_0883">155</opus></title>. 10 Ngr.</wip>
<bibl id="hofm_1867_02_0019_02">– <title>18. 3 Transcriptionen (Ständchen a. Don Juan. Ich denke dein, Lied ohne Worte. Auf der Alpe, Idylle.) f. 2 Z. Op. <opus key="opus_0902">157</opus></title>. 18 Ngr.</bibl>
<wip id="hofm_1867_02_0019_03">– Idem. <title>8. Jahrg</title>. <pubPlace key="place_0731">Wien</pubPlace>, <publisher key="publ_4105">Umlauf</publisher>. <lb/><title>Heft 1. 3 Lieder ohne Worte. Op. <opus key="opus_0911">158</opus></title>. 12 Ngr. <lb/>– <title>2. 3 charakterist. Tonstücke. Op. <opus key="opus_0915">159</opus></title>. 12 Ngr. <lb/>– <title>3. D’silber’n Hochzeitstanz’ln. Ländler f. 2 Z. Op. <opus key="opus_0946">160</opus></title>. 18 Ngr. <lb/>– <title>4. Potpourri a. La Traviata v. Verdi. Op. <opus key="opus_0999">161</opus></title>. 14 Ngr. <lb/>– <title>5. 2 Lieder ohne Worte. Op. <opus key="opus_1010">162</opus></title>. 12 Ngr. <lb/>– <title>6. 2 charakterist. Tonstücke. Op. <opus key="opus_1016">163</opus></title>. 12 Ngr. <lb/>– <title>7. 2 Transcriptionen. (Duett a. Norma u. Cavatine u. Arie a. Nachtwandlerin.) Op. <opus key="opus_1022">164</opus></title> 12 Ngr. <lb/>– <title>8. 3 Lieder ohne Worte. Op. <opus key="opus_1029">165</opus></title>. 12 Ngr. <lb/>– <title>9. Die Gazelle. Impromptu Polka. Op. <opus key="opus_1035">166</opus></title>. 10 Ngr. <lb/>– <title>10. 3 charakterist. Stücke. Op. <opus key="opus_1045">167</opus></title>. 12 Ngr. <lb/>– <title>11. Potpourri a. Margarethe v. Gounod. Op. <opus key="opus_1051">168</opus></title>. 18 Ngr. <lb/>– <title>12. D’ Laud’n. Ländler. Op. <opus key="opus_1060">169</opus></title>. 10 Ngr. <lb/>– <title>13. Das Erwachen des Tages. Tonstück f. 2 Z. Op. <opus key="opus_1085">170</opus></title>. 16 Ngr. <lb/>– <title>14. 4 Nationallieder. Op. <opus key="opus_1091">171</opus></title>. 12 Ngr. <lb/>– <title>15. Erinneruagen vom Rhein. Op. <opus key="opus_0314">114</opus></title>. 12 Ngr. <lb/>– <title>16. 3 Transcriptionen a. Liebestrank v. Donizetti. Op. <opus key="opus_1107">172</opus></title>. 12 Ngr. <lb/>– <title>17. Wiener Volksweisen. Op. <opus key="opus_1115">173</opus></title>. 10 Ngr. <lb/>– <title>18. 3 Alpenlieder f. 2 Z. Op. <opus key="opus_1121">174</opus></title>. 18 Ngr.</wip>
<bibl id="hofm_1867_02_0019_04"><composer key="compo_037973">Zehethofer, J.</composer>, Op. <opus key="opus_1390">20</opus>. <title>2 Transcriptionen ü. bel. Kompositionen v. Oesten. No. 1, Alpenglöckchen, Tyrolienne. No. 2, Alpenglühen, Idylle</title>. 8. <pubPlace key="place_0392">Leipzig</pubPlace>, <publisher key="publ_3773">Siegel</publisher> à 5 Ngr.</bibl>
</div><div id="hofm_1867_02_0019_div04"><head><hofClass key="hofCl_0167">Musik für Pianoforte mit Begleitung.</hofClass></head>
<wip id="hofm_1867_02_0019_05"><composer key="compo_000242">Alard, D.</composer>, <title>Die klassischen Meister des Violinspiels. Sammlung auserw. Stücke a. d. Werken der grössten Meister. Mit Andeutung d. Styles d. Satzeinth., d. Ausdrucks, Fingersatzes u. Bogenstrichs f. Violine m. Pfte</title>. <pubPlace key="place_0438">Mainz</pubPlace>, <publisher key="publ_3563">Schott</publisher>. <lb/><title>No. 16, Vietti, 22me Concerto</title>. 3 Fl. 12 Xr. <lb/>– <title>17, Mozart, Op. <opus key="opus_1068">17</opus>. Concerto (<key>Es</key>)</title>. 3 Fl. 12 Xr.</wip>
<bibl id="hofm_1867_02_0019_06"><composer key="compo_001713">Battanchon, F.</composer>, Op. <opus key="opus_2268">32</opus>. <title>Les Regrets. 2 Rêveries p. Violoncelle av. Pfte</title>. <pubPlace key="place_0392">Leipzig</pubPlace>, <publisher key="publ_1746">Hofmeister</publisher> 17½ Ngr.</bibl>
<bibl id="hofm_1867_02_0019_07">– Op. <opus key="opus_2347">33</opus>. <title>Réminiscences de Beethoven. Caprice p. Violoncelle av. Pfte</title>. Ebend. 20 Ngr.</bibl>
<bibl id="hofm_1867_02_0019_08"><composer key="compo_002077">Beethoven, L. v.</composer>, Op. <opus key="opus_2764">40</opus>. <title>Romanze (<key>G</key>) f. Violine m. Pfte</title>. <pubPlace key="place_0392">Leipzig</pubPlace>, <publisher key="publ_0437">Br. u. Härtel</publisher> 7½ Ngr. n.</bibl>
<bibl id="hofm_1867_02_0019_09">– Op. <opus key="opus_3204">50</opus>. <title>Romanze (<key>F</key>) f. Violine m. Pfte</title>. <pubPlace key="place_0392">Leipzig</pubPlace>, <publisher key="publ_0437">Br. u. Härtel</publisher> 12 Ngr. n.</bibl>
<bibl id="hofm_1867_02_0019_10"><composer key="compo_005510">Chaine, E.</composer>, Op. <opus key="opus_2948">44</opus>. <title>Soirées du Violiniste-Amateur. Collection de Transcriptions faciles sur les Opéras de Verdi p. Violon et Pfte. No. 1, Il Trovatore. No. 2, Rigoletto. No. 3, La Traviata. No. 4, Un Ballo in maschera. No. 5, Macbeth. No. 6, J Lombardi No. 7, Ernani</title>. <pubPlace key="place_0392">Leipzig</pubPlace>, <publisher key="publ_1746">Hofmeister</publisher> à 12½ Ngr.</bibl>
<pb n="20" ed="ONB:24/4"/>
<bibl id="hofm_1867_02_0020_01"><composer key="compo_008666">Etzel, M. v.</composer>, Op. <opus key="opus_0684">14</opus>. <title>Kl. Symphonie f. Pfte u. 7 Kinderinstrumente</title>. <pubPlace key="place_0044">Berlin</pubPlace>, <publisher key="publ_0589">Challier u. Co</publisher>. 20 Ngr.</bibl>
<bibl id="hofm_1867_02_0020_02"><composer key="compo_013692">Haydn, J.</composer>, <title>Trios f. Pfte, Viol. u. Vcllo. <edition>Neue Ausg</edition>. genau bezeichnet v. Ferd. David. 1. Abth. (No. 1–16) broch</title>. <pubPlace key="place_0392">Leipzig</pubPlace>, <publisher key="publ_0437">Br. u. Härtel</publisher> 6 Rt. n.</bibl>
<bibl id="hofm_1867_02_0020_03"><composer key="compo_017336">Ketterer, E.</composer> u. <composer key="compo_014356">A. Herman</composer>, (Op. <opus key="opus_4017">71</opus>) <title>Duos conc. sur les chefsd’oeuvre lvriques des gr. Maîtres p. Pfte et Violon. No. 7, Noces de Figaro</title>. <pubPlace key="place_0438">Mainz</pubPlace>, <publisher key="publ_3563">Schott</publisher> 2 Fl. 24 Xr.</bibl>
<bibl id="hofm_1867_02_0020_03_i"><composer key="compo_017394">Kiel. Fr.</composer>, Op. <opus key="opus_2915">43</opus>. <title>Quartett (<key>Am</key>) f. Pfte, Viol., Vla u. Vcllo</title>. <pubPlace key="place_0044">Berlin</pubPlace>, <publisher key="publ_3791">Simrock</publisher> 4 Rt.</bibl>
<wip id="hofm_1867_02_0020_05"><composer key="compo_028575">Roberti. S.H.</composer>, <title>Soirées musicales. Duos fac. p. Violon et Pfte</title>. <title>No. 7, Schubert, Ständchen</title>. 7½ Ngr. <title>No. 8, Rossini, Cavatine a. Der Barbier</title> 10 Ngr. <pubPlace key="place_0392">Leipzig</pubPlace>, <publisher key="publ_1067">Forberg</publisher>.</wip>
<bibl id="hofm_1867_02_0020_06"><composer key="compo_029253">Rust, F.W.</composer>, <title>2 Sonaten f. Violine u. Pfte bearb. v. Ferd. David. No. 1 (<key>Dm</key>.)</title> <pubPlace key="place_0392">Leipzig</pubPlace>, <publisher key="publ_3023">Peters</publisher> 1 Rt. 10 Ngr.</bibl>
<bibl id="hofm_1867_02_0020_06_k"><composer key="compo_031356">Schumann, R.</composer>, Op. <opus key="opus_0409">120</opus>. <title>Symphonie No. 4 (<key>Dm</key>) arr. f. Pfte u. Violine v. Fr. Hermann</title>. <pubPlace key="place_0392">Leipzig</pubPlace>, <publisher key="publ_0437">Br. u. Härtel</publisher> 2 Rt.</bibl>
<bibl id="hofm_1867_02_0020_08"><composer key="compo_036874">Wichtl, G.</composer>, Op. <opus key="opus_3282">52</opus>. <title>Pet. Fantaisies élég. sur des airs fav. p. Violon av. Pfte. No. 4, Abt. Wenn die Schwalben heimwärts ziehen. No. 5, Kreipl, Mailüfterl. No. 6. Proch, Das Alpenhorn</title>. <pubPlace key="place_0438">Mainz</pubPlace>, <publisher key="publ_3563">Schott</publisher> à 54 Xr.</bibl>
</div><div id="hofm_1867_02_0020_div05"><head><hofClass key="hofCl_0124">Musik für zwei Pianoforte.</hofClass></head>
<bibl id="hofm_1867_02_0020_09"><composer key="compo_002077">Beethoven, L. v.</composer>, Op. <opus key="opus_0806">15</opus>. <title>Concert arr. f. 2 Pfte v. Aug. Horn</title>. <pubPlace key="place_0392">Leipzig</pubPlace>, <publisher key="publ_0437">Br. u. Härtel</publisher> 2 Rt. 7½ Ngr.</bibl>
</div><div id="hofm_1867_02_0020_div06"><head><hofClass key="hofCl_0171">Musik für Pianoforte zu vier Händen.</hofClass></head>
<bibl id="hofm_1867_02_0020_10"><composer key="compo_000514">Amadée, K.</composer>, Op. <opus key="opus_0065">101</opus>. <title>Les deux pet. Virtuoses. Recueil de pet. Leçons. 4 Livr</title>. <pubPlace key="place_0542">Pesth</pubPlace>, <publisher key="publ_3342">Rózsavölgyi</publisher> à 21 Ngr.</bibl>
<bibl id="hofm_1867_02_0020_11"><composer key="compo_004435">Brunner, C.T.</composer>, Op. <opus key="opus_3086">471</opus>. <title>Transcriptionen ü. bel. Lieder. No. 1, Letzte Rose. No. 2, Von meine Bergle. No. 3, Loreley. No. 4, O bitt’ euch lieben Vögelein v. Gumbert. No. 5, Der Tyroler und sein Kind. No. 6, Gute Nacht du mein herziges Kind v. Abt. No. 7, Wer hat dich du schöner Wald v. Mendelssohn. No. 8, Auf Flügeln des Gesanges v. Mendelssohn. No. 9. Schlaf wohl du süsser Engel. v. Abt. No. 10, Ich kenn’ ein Auge v. Reichardt. No. 11, Mailüfterl. No. 12, Abschied v. Esser</title>. <pubPlace key="place_0044">Berlin</pubPlace>, <publisher key="publ_4049">Timm</publisher> à 12½ Ngr.</bibl>
<bibl id="hofm_1867_02_0020_12"><composer key="compo_006105">Cramer, Frç.</composer>, <title>Perles mélodiques. Divert. sur des Airs fav. No. 5, Volkslied: Mein Schatz ist ein Reiter. No. 6, Auber, Barcarola a. d. Stumme</title>. <pubPlace key="place_0392">Leipzig</pubPlace>, <publisher key="publ_1067">Forberg</publisher> à 12½ Ngr.</bibl>
<bibl id="hofm_1867_02_0020_13"><composer key="compo_006106">Cramer, H.</composer>, <title>Marche sur des Motifs de l’Opéra L’Africaine de Meyerbeer</title>. <pubPlace key="place_0438">Mainz</pubPlace>, <publisher key="publ_3563">Schott</publisher> 36 Xr.</bibl>
<bibl id="hofm_1867_02_0020_14"><composer key="compo_006516">Dargomijsky, A.S.</composer>, <title>Cosatschoque. Fantaisie sur une danse cosaque</title>. <pubPlace key="place_0466">Moskau</pubPlace>, <publisher key="publ_1922">Jürgenson</publisher> 1 Rt. 15 Ngr.</bibl>
<bibl id="hofm_1867_02_0020_15"><composer key="compo_008627">Esser, H.</composer>, Op. <opus key="opus_4130">75</opus>. <title>Suite No. 2 (<key>Am</key>) arr</title>. <pubPlace key="place_0438">Mainz</pubPlace>, <publisher key="publ_3563">Schott</publisher> 3 Fl. 36 Xr.</bibl>
<bibl id="hofm_1867_02_0020_16"><composer key="compo_011383">Glinka, M.J.</composer>, <title>Capriccio br. en forme d’Ouverture sur le thème de la Jota Aragonesa arr</title>. <pubPlace key="place_0438">Mainz</pubPlace>, <publisher key="publ_3563">Schott</publisher> 1 Fl. 48 Xr.</bibl>
<bibl id="hofm_1867_02_0020_17"><composer key="compo_015940">Hünn, K.</composer>, Op. <opus key="opus_3934">69</opus>. <title>Für König und Vaterland. Marsch</title>. <pubPlace key="place_0384">Landshut</pubPlace>, <publisher key="publ_0120">Attenkofer</publisher> 10 Ngr. n.</bibl>
<bibl id="hofm_1867_02_0020_18">– Op. <opus key="opus_3988">70</opus>. <title>Mathilden. Polka</title>. Ebend. 10 Ngr. n.</bibl>
<pb n="21" ed="ONB:24/5"/>
<bibl id="hofm_1867_02_0021_01"><composer key="compo_017336">Ketterer, E.</composer>, Op. <opus key="opus_0840">151</opus>. <title>Les Puritains. Opéra de Bellini. Fantaisie</title>. <pubPlace key="place_0438">Mainz</pubPlace>, <publisher key="publ_3563">Schott</publisher> 1 Fl. 12 Xr.</bibl>
<bibl id="hofm_1867_02_0021_02"><composer key="compo_035699">Volkmann, R.</composer>, Op. <opus key="opus_3316">53</opus>. <title>2. Symphonie (<key>B</key>) arr</title>. <pubPlace key="place_0542">Pesth</pubPlace>, <publisher key="publ_1535">Heckenast</publisher> 2 Rt.</bibl>
</div><div id="hofm_1867_02_0021_div07"><head><hofClass key="hofCl_0166">Musik für Pianoforte allein.</hofClass></head>
<wip id="hofm_1867_02_0021_03"><composer key="compo_000297">Alberti, H.</composer>, Op. <opus key="opus_2764">40</opus>. <title>Die goldene Ernte. 5. Lief. Album f. die Jugend. 40 leichte Fantasien üb. National- u. Volkslieder</title>. <title>No. 1, 2. God save the King. Hamburger Volkslied</title>. <title>No. 3, 4, Preuss. Volkslied. Was ist des deutschen Vaterland</title>. <title>No. 5, 6, Lützows wilde Jagd. Deutscher Jägermarsch</title>. <title>No. 7, 8, La Marseillaise. Choeur des Girondins</title>. <title>No. 9, 10, Andreas Hofer. Schleswig-Holstein</title>. <title>No. 11, 12, Oestr. Volkslied. Dessauer-Marsch</title>. <title>No. 13, 14, Chilenischer Nationalgesang. Portug. Constitutionshymne</title>. <title>No. 15, 16, The Star spangled banner, Amerik. Volkslied. Yankee doodle. Amerik. Volkslied</title>. <title>No. 17, 18, Rule britannia. Schottisches Volkslied</title>. <title>No. 19, 20, Gebet während der Schlacht. Irl. Volkslied: Letzte Rose</title>. <title>No. 21, 22, Holländ. Volkslied. Poln. Nationallied</title>. <title>No. 23, 24, Belg. Volkslied. Partant pour la Syrie</title>. <title>No. 25, 26, Schwed. Nationallied. Norweg. Nationallied</title>. <title>No. 27, 28, Magyar. Volkslied. Riego’s span. Nationalhymne</title>. <title>No. 29, 30, Dänisches Nationallied. Hvitfeld. Dänisches Nationallied</title>. <title>No. 31, 32, Russische Hymne. Dänisches Volkslied</title>. <title>No. 33, 34, Sardinische Nationalhymne. Römische Hymne auf Pius IX</title>. <title>No. 35, 36, La Parisienne. Robin Adair</title>. <title>No. 37, 38, Brasilian. Hymne. Mexikan. Volkshymne</title>. <title>No. 39, 40, Span. Constitutionshymne. Türk. Volkshymne</title> à 5 Ngr. <pubPlace key="place_0276">Hamburg</pubPlace>, <publisher key="publ_0640">Cranz</publisher> 1 Rt. n.</wip>
<bibl id="hofm_1867_02_0021_04"><composer key="compo_000400">Alkier, Susette d’</composer>, Op. <opus key="opus_0927">16</opus>. <title>Souvenir à Franziska. Polka-Mazurka</title>. <pubPlace key="place_0044">Berlin</pubPlace>, <publisher key="publ_0589">Challier u. Co</publisher>. 10 Ngr.</bibl>
<bibl id="hofm_1867_02_0021_05"><composer key="compo_000514">Amadée, K.</composer>, <title>Les dernières Valses d’un Fou. Fantaisie de Salon</title>. <pubPlace key="place_0542">Pesth</pubPlace>. <publisher key="publ_3342">Rózsavölgyi</publisher> 10 Ngr.</bibl>
<bibl id="hofm_1867_02_0021_06"><composer key="compo_001008">Ascher. J.</composer>, Op. <opus key="opus_0501">128</opus>. <title>L’Amour du Passé. Idylle</title>. <pubPlace key="place_0438">Mainz</pubPlace>, <publisher key="publ_3563">Schott</publisher> 1 Fl.</bibl>
<bibl id="hofm_1867_02_0021_07"><composer key="compo_001216">Bach, Fr.</composer>, <title>Capriccio (<key>Dm</key>)</title>. <pubPlace key="place_0392">Leipzig</pubPlace>, <publisher key="publ_0437">Br. u. Härtel</publisher> 12½ Ngr.</bibl>
<bibl id="hofm_1867_02_0021_08"><composer key="compo_001221">Bach, J. Chr.</composer>, <title>Sonate (<key>Cm</key>)</title>. <pubPlace key="place_0392">Leipzig</pubPlace>, <publisher key="publ_0437">Br. u. Härtel</publisher> 12½ Ngr.</bibl>
<bibl id="hofm_1867_02_0021_09"><composer key="compo_002101">Behr, Frç.</composer>, Op. <opus key="opus_0115">103</opus> <title>Profonde douleur. Romance melancol</title>. <pubPlace key="place_0392">Leipzig</pubPlace>, <publisher key="publ_1067">Forberg</publisher> 12½ Ngr.</bibl>
<bibl id="hofm_1867_02_0021_10">– Op. <opus key="opus_0163">106</opus>. <title>Mes Adieux à la Pologne. Fantaisie caract</title>. Ebend. 15 Ngr.</bibl>
<bibl id="hofm_1867_02_0021_11">– Op. <opus key="opus_0182">107</opus>. <title>Au Golfe de Naples. 2me Fantaisie caract</title>. Ebend. 17½ Ngr.</bibl>
<bibl id="hofm_1867_02_0021_12">– Op. <opus key="opus_0267">111</opus>. <title>Idylle</title>. <pubPlace key="place_0392">Leipzig</pubPlace>, <publisher key="publ_3773">Siegel</publisher> 12½ Ngr.</bibl>
<bibl id="hofm_1867_02_0021_13">– Op. <opus key="opus_0281">112</opus>. <title>Feuille d’Album</title>. Ebend. 10 Ngr.</bibl>
<bibl id="hofm_1867_02_0021_14">– Op. <opus key="opus_0299">113</opus>. <title>Heimweh. Melodie</title>. Ebend. 12½ Ngr.</bibl>
<bibl id="hofm_1867_02_0021_15">– Op. <opus key="opus_0314">114</opus>. <title>Abschied v. Steyermark. Melodie im Ländler-Style</title>. Ebend. 15 Ngr.</bibl>
<bibl id="hofm_1867_02_0021_16">– Op. <opus key="opus_0325">115</opus>. <title>Moosröschen. Melodie</title>. Ebend. 12½ Ngr.</bibl>
<bibl id="hofm_1867_02_0021_17">– Op. <opus key="opus_0347">117</opus>. <title>Danse des Lutins. Morceau de Salon</title>. Ebend. 12½ Ngr.</bibl>
<wip id="hofm_1867_02_0021_18"><composer key="compo_002530">Bergson, M.</composer>, Op. <opus key="opus_3798">65</opus>. <title>Ecole du Méchanisme. Eléments de l’Art du Pianiste</title>. <title>Livr. 1</title>. 1 Fl. 48 Xr. <title>Livr. 2</title>. 3 Fl. 36 Xr. <pubPlace key="place_0438">Mainz</pubPlace>, <publisher key="publ_3563">Schott</publisher> 5 Fl.</wip>
<bibl id="hofm_1867_02_0021_19"><composer key="compo_002592">Bernard, M.</composer>, <title>Auslese russ. Volkslieder, übertr</title>. <pubPlace key="place_0392">Leipzig</pubPlace>, <publisher key="publ_4384">A. Whistling</publisher> 1 Rt. 15 Ngr.</bibl>
<pb n="22" ed="ONB:24/6"/>
<bibl id="hofm_1867_02_0022_01"><composer key="compo_004435">Brunner, C.T.</composer>, Op. <opus key="opus_3087">472</opus>. <title>3 kleine Liederfantasien. No. 2. Abt, Mutterseelen allein. No. 3, Suppé, Der Mensch soll nicht stolz sein</title>. <pubPlace key="place_0080">Bremen</pubPlace>, <publisher key="publ_3092">Praeger u. M</publisher>. à 7½ Ngr.</bibl>
<bibl id="hofm_1867_02_0022_02"><composer key="compo_004712">Burgmüller, Fréd.</composer>, Op. <opus key="opus_0281">112</opus>. <title>3 pet. Fantaisies sur des motifs fav. No. 1, Rossini, le Turc en Italie</title>. <pubPlace key="place_0438">Mainz</pubPlace>, <publisher key="publ_3563">Schott</publisher> 45 Xr.</bibl>
<bibl id="hofm_1867_02_0022_03"><composer key="compo_005614">Chopin, Fr.</composer> <title>Préludes (<key>Hm</key>, <key>H</key>.) a. Op. <opus key="opus_2015">28. No. 6 u. 11</opus></title>. <pubPlace key="place_0392">Leipzig</pubPlace>, <publisher key="publ_0437">Br. u. Härtel</publisher> 5 Ngr.</bibl>
<bibl id="hofm_1867_02_0022_04">– <title>Prélude (<key>Fism</key>.) a. Op. <opus key="opus_2019">28, No. 8</opus></title>. Ebend. 7½ Ngr.</bibl>
<bibl id="hofm_1867_02_0022_05"><composer key="compo_005832">Coenen, W.</composer>, <title>The Warrior’s Lament. (Des Wanderer’s Klage.)</title> <pubPlace key="place_0419">London</pubPlace>, <publisher key="publ_0964">Ewer u. Co</publisher>. 20 Ngr.</bibl>
<bibl id="hofm_1867_02_0022_06"><composer key="compo_006078">Couperin, F.</composer>, <title>La Fleurie ou la tendre Nanette</title>. <pubPlace key="place_0392">Leipzig</pubPlace>, <publisher key="publ_0437">Br. u. Härtel</publisher> 5 Ngr.</bibl>
<bibl id="hofm_1867_02_0022_07"><composer key="compo_006106">Cramer, H.</composer>, <title>Potpourris sur des motifs d’Opéras fav. No. 164, Gevaert, Le Capitaine Henriot</title>. <pubPlace key="place_0438">Mainz</pubPlace>. <publisher key="publ_3563">Schott</publisher> 54 Xr.</bibl>
<bibl id="hofm_1867_02_0022_08"><composer key="compo_006170">Croisez, A.</composer>, <title>Fantaisie fac. sur La Charité de Mercier</title>. <pubPlace key="place_0438">Mainz</pubPlace>, <publisher key="publ_3563">Schott</publisher> 45 Xr.</bibl>
<bibl id="hofm_1867_02_0022_09"><composer key="compo_006354">Daase, R.</composer>, Op. <opus key="opus_2095">296</opus>. <title>Le Gondolier. Romance sans Paroles</title>. <pubPlace key="place_0080">Bremen</pubPlace>, <publisher key="publ_3092">Praeger u. M</publisher>. 10 Ngr.</bibl>
<bibl id="hofm_1867_02_0022_10"><composer key="compo_006516">Dargomijsky, A.S.</composer>, <title>Cosatschoque. Fantaisie sur une danse cosaque arr. p. Tschaïkowsky</title>. <pubPlace key="place_0466">Moskau</pubPlace>, <publisher key="publ_1922">Jürgenson</publisher> 1 Rt. 5 Ngr.</bibl>
<wip id="hofm_1867_02_0022_11"><composer key="compo_007030">Dietrich, J.F.K.</composer>, Op. <opus key="opus_4460">85</opus>. <title>Volkslieder-Album. Eine Ausw. der schönsten Lieder in br. Fantasie-Form. Heft 1</title>. <title>No. 1. Schubert, Am Brunnen vor dem Thore</title>. 5 Ngr. <title>No. 2, Nägeli, Gleite sanft dahin</title>. 7½ Ngr. <title>No. 3, Kreutzer, Von Glorienlicht umflossen</title>. <title>No. 4, Volkslied: Herzel was kränkt dich so sehr</title>. <title>No. 5, Kücken, O, wär ich doch</title>. <title>No. 6, Volkslied: Brüder lagert Euch im Kreise</title> à 5 Ngr. <pubPlace key="place_0080">Bremen</pubPlace>, <publisher key="publ_3092">Praeger u. M</publisher>.</wip>
<bibl id="hofm_1867_02_0022_12"><composer key="compo_008138">Eisenhauer, Th.</composer>, Op. <opus key="opus_2131">30</opus>. <title>Woran ich denke? Impromptu</title>. <pubPlace key="place_0044">Berlin</pubPlace>, <publisher key="publ_0589">Challier u. Co</publisher>. 10 Ngr.</bibl>
<bibl id="hofm_1867_02_0022_13">– Op. <opus key="opus_2187">31</opus>. <title>Trost in der Ferne. Charakter. Tonstück</title>. <pubPlace key="place_0044">Berlin</pubPlace>, <publisher key="publ_3791">Simrock</publisher> 15 Ngr.</bibl>
<bibl id="hofm_1867_02_0022_14">– Op. <opus key="opus_2268">32</opus>. <title>Leicht Gepäck v. Naumann</title>. Ebend. 15 Ngr.</bibl>
<bibl id="hofm_1867_02_0022_15"><composer key="compo_008479">Ergmann, A.</composer>, <title>Humoreske</title>. <pubPlace key="place_0419">London</pubPlace>, <publisher key="publ_0964">Ewer u. Co</publisher>. 15 Ngr.</bibl>
<bibl id="hofm_1867_02_0022_16">– <title>Letizia. Bluette</title>. Ebend. 15 Ngr.</bibl>
<bibl id="hofm_1867_02_0022_17"><composer key="compo_009504">Fliege, H.</composer>, Op. <opus key="opus_4738">99</opus>. <title>Am Golf von Neapel. (Gondelfahrt. Tarantelle.)</title> <pubPlace key="place_0044">Berlin</pubPlace>, <publisher key="publ_0589">Challier u. Co</publisher>. 20 Ngr.</bibl>
<bibl id="hofm_1867_02_0022_18">– Op. <opus key="opus_0045">100</opus>. <title>La Résignation. Fantaisie</title>. Ebend. 20 Ngr.</bibl>
<bibl id="hofm_1867_02_0022_19"><composer key="compo_009839">Franz, H.</composer>, <title>Fleuraison magnifique du Printemps. Morceau de Salon</title>. <pubPlace key="place_0044">Berlin</pubPlace>, <publisher key="publ_0589">Challier u. Co</publisher>. 12½ Ngr.</bibl>
<bibl id="hofm_1867_02_0022_20"><composer key="compo_011121">Gerville, L.P.</composer>, Op. <opus key="opus_0152">105</opus>. <title>Eugénia. Valse élég</title>. <pubPlace key="place_0438">Mainz</pubPlace>, <publisher key="publ_3563">Schott</publisher> 54 Xr.</bibl>
<bibl id="hofm_1867_02_0022_21"><composer key="compo_011462">Godefroid, F.</composer>, Op. <opus key="opus_0631">135</opus>. <title>Dernièr Jour de Marie Stuart. Rêverie</title>. <pubPlace key="place_0438">Mainz</pubPlace>. <publisher key="publ_3563">Schott</publisher> 54 Xr.</bibl>
<bibl id="hofm_1867_02_0022_22"><composer key="compo_013156">Hamm, J.V.</composer>, <title>Der Teufel ist los! oder Die musikalisch-närrische Karnevals-Spende. Gr. Quodlibet</title>. <pubPlace key="place_0438">Mainz</pubPlace>, <publisher key="publ_3563">Schott</publisher> 1 Fl. 12 Xr.</bibl>
<bibl id="hofm_1867_02_0022_23"><composer key="compo_014247">Hensel, K.</composer>, Op. <opus key="opus_0684">14</opus>. <title>3 Sonatinen. No. 1 (<key>C</key>)</title>. <pubPlace key="place_0080">Bremen</pubPlace>, <publisher key="publ_3092">Praeger u. M</publisher>. 12½ Ngr.</bibl>
<bibl id="hofm_1867_02_0022_24"><composer key="compo_014568">Herzberg, A.</composer>, Op. <opus key="opus_0115">103</opus>. <title>Nocturne (<key>Des</key>)</title>. <pubPlace key="place_0438">Mainz</pubPlace>, <publisher key="publ_3563">Schott</publisher> 45 Xr.</bibl>
<bibl id="hofm_1867_02_0022_25"><composer key="compo_014984">Hochgemuth, E.</composer>, Op. <opus key="opus_2737">4</opus>. <title>3 Pièces caractér. No. 1, La doüleur. No. 2, La gaité. No. 3, Le souvenir</title>. <pubPlace key="place_0392">Leipzig</pubPlace>, <publisher key="publ_1067">Forberg</publisher> 7½ Ngr.</bibl>
<wip id="hofm_1867_02_0022_26"><composer key="compo_015119">Hofmann, H.</composer>, Op. <opus key="opus_0234">11</opus>. <title>Albumblätter</title>. <title>2 Hefte</title>. <pubPlace key="place_0044">Berlin</pubPlace>, <publisher key="publ_3791">Simrock</publisher> à 10 Ngr.</wip>
<bibl id="hofm_1867_02_0022_27"><composer key="compo_015945">Hünten, Frç.</composer>, Op. <opus key="opus_1631">224</opus>. <title>Triade mélodique. 3 Impromptus de Salon sur des thèmes d’Opéras. No. 1, Meyerbeer, Robert. No. 2, Donizetti, Lucie. No. 3. Gounod, Faust</title>. <pubPlace key="place_0392">Leipzig</pubPlace>, <publisher key="publ_3773">Siegel</publisher> à 17½ Ngr.</bibl>
<pb n="23" ed="ONB:24/7"/>
<bibl id="hofm_1867_02_0023_01"><composer key="compo_016140">Jacoby, S.</composer>, Op. <opus key="opus_1068">17</opus>. <title>Idylle (<key>C</key>)</title>. <pubPlace key="place_0419">London</pubPlace>, <publisher key="publ_0964">Ewer u. Co</publisher>. 15 Ngr.</bibl>
<bibl id="hofm_1867_02_0023_02">– <title>Feuille d’Album</title>. Ebend. 15 Ngr.</bibl>
<bibl id="hofm_1867_02_0023_03">– <title>Glückliche Träume. Salonstück</title>. Ebend. 15 Ngr.</bibl>
<bibl id="hofm_1867_02_0023_04"><composer key="compo_016159">Jaeger, H.</composer>, Op. <opus key="opus_0927">16</opus>. <title>La Capricieuse. Gr. Valse br</title>. <pubPlace key="place_0767">Zürich</pubPlace>, <publisher key="publ_1796">Hug</publisher> 12½ Ngr.</bibl>
<bibl id="hofm_1867_02_0023_05">– Op. <opus key="opus_1068">17</opus>. <title>Petit Souvenir de Génève. Morceau</title>. Ebend. 12½ Ngr.</bibl>
<bibl id="hofm_1867_02_0023_06">– Op. <opus key="opus_1165">18</opus>. <title>Idylle (<key>G</key>). Morceau de Salon</title>. Ebend. 12½ Ngr.</bibl>
<bibl id="hofm_1867_02_0023_07"><composer key="compo_016166">Jaell, A.</composer>, Op. <opus key="opus_0234">11</opus>. <title>Caprice sur I Lombardi de Verdi. <edition>Nouv. Edit</edition></title>. <pubPlace key="place_0392">Leipzig</pubPlace>, <publisher key="publ_3773">Siegel</publisher> 12½ Ngr.</bibl>
<bibl id="hofm_1867_02_0023_08"><composer key="compo_016599">Jungmann, A.</composer>, Op. <opus key="opus_1681">231</opus>. <title>Ein Morgen in den Alpen. Idylle</title>. <pubPlace key="place_0392">Leipzig</pubPlace>, <publisher key="publ_3773">Siegel</publisher> 16 Ngr.</bibl>
<bibl id="hofm_1867_02_0023_09">– Op. <opus key="opus_1688">232</opus>. <title>Alpenveilchen. Melodie</title>. Ebend. 14 Ngr.</bibl>
<bibl id="hofm_1867_02_0023_10"><composer key="compo_016734">Kafka, J.</composer>, Op. <opus key="opus_0281">112</opus>. <title>Im Helenenthal. Idylle</title>. <pubPlace key="place_0392">Leipzig</pubPlace>, <publisher key="publ_3773">Siegel</publisher> 15 Ngr.</bibl>
<bibl id="hofm_1867_02_0023_11">– Op. <opus key="opus_0299">113</opus>. <title>Die kleine Savoyardin. Melod. Tonstück</title>. Ebend. 15 Ngr.</bibl>
<bibl id="hofm_1867_02_0023_12">– Op. <opus key="opus_0314">114</opus>. <title>Immergrün. Salonstück</title>. Ebend. 15 Ngr.</bibl>
<bibl id="hofm_1867_02_0023_13">– Op. <opus key="opus_0325">115</opus>. <title>Ungar. Zigeunermädchen. Fantasie</title>. Ebend. 15 Ngr.</bibl>
<bibl id="hofm_1867_02_0023_14">– Op. <opus key="opus_0335">116</opus>. <title>Die Rose Süd-Italiens. Salonstück</title>. Ebend. 15 Ngr.</bibl>
<bibl id="hofm_1867_02_0023_15">– Op. <opus key="opus_0347">117</opus>. <title>Liebesgruss. Melodie</title>. Ebend. 15 Ngr.</bibl>
<bibl id="hofm_1867_02_0023_16"><composer key="compo_018345">Kornatski, Fr. v.</composer>, Op. <opus key="opus_1802">25</opus>. <title>Des Jägers Hora. Original-Melodie</title>. <pubPlace key="place_0392">Leipzig</pubPlace>, <publisher key="publ_0437">Br. u. Härtel</publisher> 17½ Ngr.</bibl>
<bibl id="hofm_1867_02_0023_17"><composer key="compo_018455">Kovaltsik, A.</composer>, <title>Revue théâtral. No. 29, Wagner, Lobengrin. No. 30, Mozart, Don Juan</title>. <pubPlace key="place_0542">Pesth</pubPlace>, <publisher key="publ_3342">Rózsavölgyi</publisher> à 14 Ngr.</bibl>
<bibl id="hofm_1867_02_0023_18"><composer key="compo_018585">Krause, E.</composer>, Op. <opus key="opus_1390">20</opus>. <title>Album f. d. Jugend. 30 Klavierstücke</title>. <pubPlace key="place_0276">Hamburg</pubPlace>, <publisher key="publ_0640">Cranz</publisher> 1 Rt. n.</bibl>
<bibl id="hofm_1867_02_0023_19"><composer key="compo_017394">Kiel, Fr.</composer>, Op. <opus key="opus_2996">45</opus>. <title>Walzer (<key>As</key>)</title>. <pubPlace key="place_0044">Berlin</pubPlace>, <publisher key="publ_3791">Simrock</publisher> 22½ Ngr.</bibl>
<wip id="hofm_1867_02_0023_20"><composer key="compo_018913">Krug, D.</composer>, Op. <opus key="opus_1328">196</opus>. <title>Rosenknospen. Leichte Tonstücke über bel. Themas</title>. <title>No. 10, Beethoven, Adelaide</title>. 12½ Ngr. <title>No. 11, Gumbert, O bitt euch liebe Vögelein</title>. <title>No. 12, Behr, Op. <opus key="opus_4704">97</opus> Walzer-Arie</title> à 10 Ngr. <pubPlace key="place_0392">Leipzig</pubPlace>. <publisher key="publ_1067">Forberg</publisher>.</wip>
<bibl id="hofm_1867_02_0023_21">– Op. <opus key="opus_1424">202</opus>. <title>Vive la Patrie. Fantaisies br. sur des airs nat. et populaires. No. 3, Chant national allemand. No. 4, Hymne nationale russe</title>. <pubPlace key="place_0438">Mainz</pubPlace>, <publisher key="publ_3563">Schott</publisher> à 54 Xr.</bibl>
<bibl id="hofm_1867_02_0023_22"><composer key="compo_020564">Leo, W.</composer>, Op. <opus key="opus_2187">31</opus>. <title>La Dame blanche p. Boïeldieu. Potpourri</title>. <pubPlace key="place_0044">Berlin</pubPlace>, <publisher key="publ_0589">Challier u. Co</publisher>. 15 Ngr.</bibl>
<bibl id="hofm_1867_02_0023_23">– Op. <opus key="opus_2268">32</opus>. <title>Fidelio v. Beethoven. Potpourri</title>. Ebend. 15 Ngr.</bibl>
<bibl id="hofm_1867_02_0023_24">– Op. <opus key="opus_2347">33</opus>. <title>Tannhäuser v. Wagner. Potpourri</title>. Ebend. 15 Ngr.</bibl>
<bibl id="hofm_1867_02_0023_25">– Op. <opus key="opus_2403">34</opus>. <title>Lohengrin v. Wagner. Potpourri</title>. Ebend. 15 Ngr.</bibl>
<bibl id="hofm_1867_02_0023_26"><composer key="compo_021616">Löffler, R.</composer>, Op. <opus key="opus_0706">140</opus>. <title>Abschied vom Gebirge. Tonstück</title>. <pubPlace key="place_0392">Leipzig</pubPlace>, <publisher key="publ_3773">Siegel</publisher> 12½ Ngr.</bibl>
<bibl id="hofm_1867_02_0023_27">– Op. <opus key="opus_0720">141</opus>. <title>Ein Abend in den Alpen. Tonstück</title>. Ebend. 12½ Ngr.</bibl>
<bibl id="hofm_1867_02_0023_28"><composer key="compo_024582">Neldy, A.B.</composer>, Op. <opus key="opus_1165">18</opus>. <title>Le Nid de la Fauvette. Romance</title>. <pubPlace key="place_0438">Mainz</pubPlace>, <publisher key="publ_3563">Schott</publisher> 54 Xr.</bibl>
<bibl id="hofm_1867_02_0023_29"><composer key="compo_025127">Nürnberg, H.</composer>, Op. <opus key="opus_2509">36</opus>. <title>Ständchen v. Schubert</title>. <pubPlace key="place_0044">Berlin</pubPlace>, <publisher key="publ_4049">Timm</publisher> 12½ Ngr.</bibl>
<bibl id="hofm_1867_02_0023_30">– Op. <opus key="opus_2576">37</opus>. <title>An Rose von Curschmann</title>. Ebend. 12½ Ngr.</bibl>
<bibl id="hofm_1867_02_0023_31">– Op. <opus key="opus_2630">38</opus>. <title>Die Fahnenwacht v. Lindpaintner</title>. Ebend. 12½ Ngr.</bibl>
<bibl id="hofm_1867_02_0023_32">– Op. <opus key="opus_2670">39</opus>. <title>Ungeduld v. Schubert</title>. Ebend. 12½ Ngr.</bibl>
<bibl id="hofm_1867_02_0023_33">– Op. <opus key="opus_2764">40</opus>. <title>Willkommen du Gottes Sonne v. Curschmann</title>. Ebend. 12½ Ngr.</bibl>
<bibl id="hofm_1867_02_0023_34">– Op. <opus key="opus_2804">41</opus>. <title>Auf Flügeln des Gesanges v. Mendelssohn</title>. Ebend. 12½ Ngr.</bibl>
<bibl id="hofm_1867_02_0023_35">– Op. <opus key="opus_2850">42</opus>. <title>Was hat im Wald geklungen v. Nürnberg</title>. Ebend. 12½ Ngr.</bibl>
<bibl id="hofm_1867_02_0023_36">– Op. <opus key="opus_2915">43</opus>. <title>Die Lotosblume v. Schumann</title>. Ebend. 12½ Ngr.</bibl>
<bibl id="hofm_1867_02_0023_37">– Op. <opus key="opus_2948">44</opus>. <title>Abschied v. Esser</title>. Ebend. 12½ Ngr.</bibl>
<pb n="24" ed="ONB:24/8"/>
<bibl id="hofm_1867_02_0024_01"><composer key="compo_025127">Nürnberg, H.</composer>, Op. <opus key="opus_2996">45</opus>. <title>Es ist bestimmt in Gottes Rath v. Mendelssohn</title>. <pubPlace key="place_0044">Berlin</pubPlace>, <publisher key="publ_4049">Timm</publisher> 12½ Ngr.</bibl>
<bibl id="hofm_1867_02_0024_02">– Op. <opus key="opus_3029">46</opus>. <title>Widmung v. Schumann</title>. Ebend. 12½ Ngr.</bibl>
<bibl id="hofm_1867_02_0024_03">– Op. <opus key="opus_3071">47</opus>. <title>Der Wanderer v. Fecsa</title>. Ebend. 12½ Ngr.</bibl>
<bibl id="hofm_1867_02_0024_04"><composer key="compo_025260">Oesten, Th.</composer>, Op. <opus key="opus_2422">341</opus>. <title>Alma-Blümchen. 2 Klavierstucke üb. Gebirgslieder. No. 1, Hoch drobeu auf der Ahna. No. 2, Ja auf der Alm, da ist ’ne Freud</title>. <pubPlace key="place_0392">Leipzig</pubPlace>, <publisher key="publ_3773">Siegel</publisher> à 15 Ngr.</bibl>
<bibl id="hofm_1867_02_0024_05">– Op. <opus key="opus_2425">342</opus>. <title>Orchideen. 2 Klavierstücke üb. Volkslieder. No. 1, Ma Normandie. Romanze v. Herat. No. 2, Bertrand’s Abschied</title>. Ebend. à 15 Ngr.</bibl>
<bibl id="hofm_1867_02_0024_06"><title>Répertoire de l Opéra à Berlin. Collect. de Potpourris</title>. Siehe: <xref type="external" from="hofm_1867_02_0023_22" to="DITTO" targOrder="U">Leo, W. Op. <opus key="opus_2265">31–34</opus></xref>.</bibl>
<bibl id="hofm_1867_02_0024_07"><composer key="compo_028229">Richards, Br.</composer>, Op. <opus key="opus_2737">4</opus>. <title>Herz, mein Herz, warum so traurig? Salonstuck</title>. <pubPlace key="place_0542">Pesth</pubPlace>, <publisher key="publ_3342">Rózsavölgyi</publisher> 10 Ngr.</bibl>
<bibl id="hofm_1867_02_0024_08"><composer key="compo_029210">Rummel, J.</composer>, <title>Solitude, Nocturne</title>. <pubPlace key="place_0438">Mainz</pubPlace>, <publisher key="publ_3563">Schott</publisher> 45 Xr.</bibl>
<bibl id="hofm_1867_02_0024_09"><composer key="compo_029870">Schaab, R.</composer>, Op. <opus key="opus_3767">64</opus>. <title>Mazurka de Salon</title>. <pubPlace key="place_0392">Leipzig</pubPlace>, <publisher key="publ_1067">Forberg</publisher> 12½ Ngr.</bibl>
<bibl id="hofm_1867_02_0024_10">– Op. <opus key="opus_3798">65</opus>. <title>Polka de Salon</title>. Ebend. 12½ Ngr.</bibl>
<bibl id="hofm_1867_02_0024_11"><composer key="compo_030217">Schiffmacher, J.</composer>, Op. <opus key="opus_3244">51</opus>. <title>Les petits oiseaux. Bluette</title>. <pubPlace key="place_0419">London</pubPlace>, <publisher key="publ_0964">Ewer u. Co</publisher>. 20 Ngr.</bibl>
<bibl id="hofm_1867_02_0024_12"><composer key="compo_031650">Schönburg, J.</composer>, Op. <opus key="opus_0234">11</opus>. <title>Der Sommermorgen. Idylle</title>. <pubPlace key="place_0044">Berlin</pubPlace>, <publisher key="publ_4049">Timm</publisher> 12½ Ngr.</bibl>
<bibl id="hofm_1867_02_0024_13">– Op. <opus key="opus_1271">19</opus>. <title>2ter Walzer (<key>Des</key>)</title>. <pubPlace key="place_0044">Berlin</pubPlace>, <publisher key="publ_4049">Timm</publisher> 17½ Ngr.</bibl>
<bibl id="hofm_1867_02_0024_14">– Op. <opus key="opus_1881">26</opus>. <title>Die Wallfahrt. Charakter. Tonstück</title>. <pubPlace key="place_0044">Berlin</pubPlace>, <publisher key="publ_3791">Simrock</publisher> 17½ Ngr.</bibl>
<bibl id="hofm_1867_02_0024_15">– Op. <opus key="opus_1932">27</opus>. <title>Die Landparthie. Allegretto scherzoso</title>. Ebend. 17½ Ngr.</bibl>
<bibl id="hofm_1867_02_0024_16"><composer key="compo_031117">Schubert, F.L.</composer>, Op. <opus key="opus_3868">67</opus>. <title>Musikalischer Hausschatz. Potpourris in Fantasie-Form a. den bel. Opern. No. 4, Donizetti, Regimentstochter. No. 5, Bellini, Norma</title>. <pubPlace key="place_0392">Leipzig</pubPlace>, <publisher key="publ_3605">Schuberth u. Co</publisher>. à 15 Ngr.</bibl>
<bibl id="hofm_1867_02_0024_17"><composer key="compo_031298">Schulz-Weida, J.</composer>, Op. <opus key="opus_0255">110</opus>. <title>Des Schiffers Traum. Fantasie</title>. <pubPlace key="place_0044">Berlin</pubPlace>, <publisher key="publ_0589">Challier u. Co</publisher>. 20 Ngr.</bibl>
<bibl id="hofm_1867_02_0024_18"><composer key="compo_031927">Seifert, R.</composer>, Op. <opus key="opus_3181">5</opus>. <title>Sehnsucht. Tonstück</title>. <pubPlace key="place_0392">Leipzig</pubPlace>, <publisher key="publ_3773">Siegel</publisher> 12½ Ngr.</bibl>
<bibl id="hofm_1867_02_0024_19"><composer key="compo_032490">Smith, S.</composer>, Op. <opus key="opus_3967">7</opus>. <title>Lucia di Lammermoor. Transcr. br. du Finale de 2d Acte</title>. <pubPlace key="place_0438">Mainz</pubPlace>, <publisher key="publ_3563">Schott</publisher> 54 Xr.</bibl>
<bibl id="hofm_1867_02_0024_20">– Op. <opus key="opus_4562">9</opus>. <title>La Gaité. Gr. Galop br</title>. Ebend. 54 Xr.</bibl>
<bibl id="hofm_1867_02_0024_21">– Op. <opus key="opus_1881">26</opus>. <title>Songes du Forêt. Chanson sans paroles</title>. Ebend. 45 Xr.</bibl>
<bibl id="hofm_1867_02_0024_22"><composer key="compo_032766">Spindler, Fritz</composer>, Op. <opus key="opus_1115">173</opus>. <title>Wellentanz</title>. <pubPlace key="place_0392">Leipzig</pubPlace>, <publisher key="publ_3773">Siegel</publisher> 18 Ngr.</bibl>
<bibl id="hofm_1867_02_0024_23">– Op. <opus key="opus_1121">174</opus>. <title>In der Fliederlaube. 2 Stücke. No. 1, 2</title>. Ebend. à 16 Ngr.</bibl>
<bibl id="hofm_1867_02_0024_24">– Op. <opus key="opus_1128">175</opus>. <title>Gr. Fantasie (<key>Cm</key>)</title>. Ebend. 1 Rt.</bibl>
<bibl id="hofm_1867_02_0024_25"><composer key="compo_035758">Voss, Ch.</composer>, Op. <opus key="opus_2154">302</opus>. <title>3 Transcriptions sur Verdi</title>. <title>No. 1, Forza del destino</title>. 20 Ngr. <title>No. 3, Macbeth</title>. 17½ Ngr. <pubPlace key="place_0276">Hamburg</pubPlace>, <publisher key="publ_0640">Cranz</publisher>.</bibl>
<bibl id="hofm_1867_02_0024_26"><composer key="compo_036323">Wehle, Ch.</composer>, Op. <opus key="opus_4070">73</opus>. <title>Impromptu (<key>Es</key>)</title>. <pubPlace key="place_0392">Leipzig</pubPlace>, <publisher key="publ_3773">Siegel</publisher> 14 Ngr.</bibl>
<bibl id="hofm_1867_02_0024_27">– Op. <opus key="opus_4096">74</opus>. <title>Ländler</title>. Ebend. 14 Ngr.</bibl>
<bibl id="hofm_1867_02_0024_28">– Op. <opus key="opus_4130">75</opus>. <title>Chanson bohême</title>. Ebend. 16 Ngr.</bibl>
<bibl id="hofm_1867_02_0024_29"><unclear><composer key="compo_036698">Werner, Aug.</composer></unclear>, Op. <opus key="opus_2116">3</opus>. <title>3 Scherzi</title>. <pubPlace key="place_0392">Leipzig</pubPlace>, <publisher key="publ_1746">Hofmeister</publisher> 22½ Ngr.</bibl>
<wip id="hofm_1867_02_0024_30"><composer key="compo_037492">Wolff, Ed</composer> Op. <opus key="opus_1862">256</opus>. <title>Les Impressions d’un Voyageur. 6 Morceaux caract<unclear/></title> <title>No. 3, Melodie-Etude</title> 1 Fl. <title>No. 4, Prière</title> 36 Xr. <title>No. 5, <unclear>Les</unclear> Plaintes d’un Exile</title>. <title>No. 6, Loin de ma Patrie</title> à 45 <unclear>Xr</unclear>.<pubPlace key="place_0438">Mainz</pubPlace>, <publisher key="publ_3563">Schott</publisher>.</wip>
</div><div id="hofm_1867_02_0024_div08"><head><hofClass key="hofCl_0288">Tänze für Pianoforte.</hofClass></head>
<bibl id="hofm_1867_02_0024_31"><composer key="compo_004121">Braune, E</composer> <title><unclear>M</unclear>artha-Polka-Mazurka</title>. <pubPlace key="place_0044">Berlin</pubPlace>, <publisher key="publ_0589">Challier u. Co</publisher>. 5 Ngr.</bibl>
<bibl id="hofm_1867_02_0024_32"><composer key="compo_006354">Daase, R.</composer>, <title><unclear/>mer Theater-Polka</title>. <pubPlace key="place_0080">Bremen</pubPlace>, <publisher key="publ_3092">Praeger u. M</publisher>. 5 Ngr.</bibl>
<bibl id="hofm_1867_02_0024_33"><composer key="compo_015048">Hoffmann, E.</composer>, <title>Concordia-Quadrille</title>. <pubPlace key="place_0080">Bremen</pubPlace>, <publisher key="publ_3092">Praeger u. M</publisher>. 7½ Ngr.</bibl>
<pb n="25"/>
<bibl id="hofm_1867_02_0025_01"><composer key="compo_015703">Hänn, K.</composer>, Op. <opus key="opus_0021">10</opus>. <title>Mathilden-Polka</title>, <pubPlace key="place_0384">Landshut</pubPlace> <publisher key="publ_0120">Attenkofer</publisher> 6 Ngr. n.</bibl>
<bibl id="hofm_1867_02_0025_02"><composer key="compo_019503">Küchenmeister, A.</composer>, Op. <opus key="opus_2804">41</opus>. <title>Die Grasiöse. Quadrille à la Cour</title>. <pubPlace key="place_0044">Berlin</pubPlace>, <publisher key="publ_3048">Philipp</publisher> 10 Ngr.</bibl>
<bibl id="hofm_1867_02_0025_03"><composer key="compo_022881">Melusin, R.</composer>, Op. <opus key="opus_3071">47</opus>. <title>Bitte sehr! Bitte gleich! Polka (schnell)</title>. <pubPlace key="place_0321">Innsbruck</pubPlace>, <publisher key="publ_1341">Gross</publisher> 6 Ngr.</bibl>
<bibl id="hofm_1867_02_0025_04">– Op. <opus key="opus_3105">48</opus>. <title>Blondinen-Polka (franç.)</title> Ebend. 6 Ngr.</bibl>
<bibl id="hofm_1867_02_0025_05"><composer key="compo_037055">Wilfer, J.</composer>, <title>Nefelejts. Polka franç</title>. <pubPlace key="place_0130">Debreczin</pubPlace>, <publisher key="publ_0662">Csáthy u. Co</publisher>. 5 Ngr.</bibl>
</div><div id="hofm_1867_02_0025_div09"><head><hofClass key="hofCl_0250">Märsche für Pianoforte.</hofClass></head>
<bibl id="hofm_1867_02_0025_06"><composer key="compo_002487">Bergerowski, O.</composer>, <title>Friedrich Wilhelm’s Sieges-Marsch</title>. <pubPlace key="place_0044">Berlin</pubPlace>, <publisher key="publ_4049">Timm</publisher> 7½ Ngr.</bibl>
<bibl id="hofm_1867_02_0025_07"><composer key="compo_015940">Hünn, K.</composer>, Op. <opus key="opus_3934">69</opus>. <title>Für König und Vaterland. Marsch</title>. <pubPlace key="place_0384">Landshut</pubPlace>, <publisher key="publ_0120">Attenkofer</publisher> 6 Ngr. n.</bibl>
<bibl id="hofm_1867_02_0025_08"><composer key="compo_024499">Nechanitzky, A.</composer>, <title>Kriegers Heimkehr. Marsch</title>. <pubPlace key="place_0044">Berlin</pubPlace>, <publisher key="publ_4049">Timm</publisher> 7½ Ngr.</bibl>
<bibl id="hofm_1867_02_0025_09">– <title>Des Reiters Morgengruss. Marsch</title>. Ebend. 7½ Ngr.</bibl>
<bibl id="hofm_1867_02_0025_10"><composer key="compo_031783">Scriba, J. v.</composer>, <title>Die Gräber von Langensalza. Militair-Trauer-Marsch</title>. <pubPlace key="place_0280">Hannover</pubPlace>, <publisher key="publ_3267">Riewe u. Th</publisher>. 15 Ngr. n.</bibl>
<bibl id="hofm_1867_02_0025_11"><composer key="compo_030371">Schlesinger, G.</composer>, Op. <opus key="opus_0684">14</opus>. <title>Vogel von Falckenstein-Marsch</title>. <pubPlace key="place_0044">Berlin</pubPlace>, <publisher key="publ_4049">Timm</publisher> 7½ Ngr.</bibl>
<bibl id="hofm_1867_02_0025_12"><composer key="compo_034959">Tschirch, Rud.</composer>, <title>Lehm op! Geschwind-Marsch</title>. <pubPlace key="place_0044">Berlin</pubPlace>, <publisher key="publ_3791">Simrock</publisher> 7½ Ngr.</bibl>
<bibl id="hofm_1867_02_0025_13">– <title>Vom Meere zum Fels. Triumph-Marsch</title>. Ebend. 10 Ngr.</bibl>
<bibl id="hofm_1867_02_0025_14"><composer key="compo_038257">Zsák, V.</composer>, Op. <opus key="opus_2996">45</opus>. <title>Szeretlek én Induló. Marche hongroise</title>. <pubPlace key="place_0130">Debreczin</pubPlace>, <publisher key="publ_0662">Csáthy u. Co</publisher>. 10 Ngr.</bibl>
</div><div id="hofm_1867_02_0025_div10"><head><hofClass key="hofCl_0072">Lehrbücher für Pianoforte.</hofClass></head>
<bibl id="hofm_1867_02_0025_15"><composer key="compo_037396">Wohlfahrt, H.</composer>, <title>Kinder-Klavierschule od. musikal. ABC- u. Lesebuch f. junge Pftespieler. <edition>16. Aufl</edition></title>. <pubPlace key="place_0392">Leipzig</pubPlace>, <publisher key="publ_0437">Br. u. Härtel</publisher> 1 Rt.</bibl>
</div><div id="hofm_1867_02_0025_div11"><head><hofClass key="hofCl_0225">Musik für Orgel.</hofClass></head>
<bibl id="hofm_1867_02_0025_16"><composer key="compo_002832">Beyer, H.</composer>, Op. <opus key="opus_2116">3</opus>. <title>Praeludium u. Fuge</title>. <pubPlace key="place_0438">Mainz</pubPlace>, <publisher key="publ_3563">Schott</publisher> 27 Xr.</bibl>
<bibl id="hofm_1867_02_0025_17"><composer key="compo_009839">Franz, H.</composer>, <title>Vorspiele</title>. <pubPlace key="place_0044">Berlin</pubPlace>, <publisher key="publ_0589">Challier u. Co</publisher>. 22½ Ngr.</bibl>
<bibl id="hofm_1867_02_0025_18"><composer key="compo_015699">Händel, G.F.</composer>, <title>Fuge (<key>Em</key>.)</title> <pubPlace key="place_0392">Leipzig</pubPlace>, <publisher key="publ_3773">Siegel</publisher> 10 Ngr.</bibl>
<bibl id="hofm_1867_02_0025_19"><composer key="compo_021547">Lux, Fr.</composer>, Op. <opus key="opus_2066">29</opus>. <title>Fantaisie de Concert sur O sanctissima. Chant réligieux</title>. <pubPlace key="place_0438">Mainz</pubPlace>, <publisher key="publ_3563">Schott</publisher> 36 Xr.</bibl>
<bibl id="hofm_1867_02_0025_20">– Op. <opus key="opus_2268">32</opus>. <title>Romance de l’Opéra Casilda du Duc Erneste de Saxe-Cobourg</title>. Ebend. 18 Xr.</bibl>
<bibl id="hofm_1867_02_0025_21">– Op. <opus key="opus_2347">33</opus>. <title>Morceaux de Concert sur la prière de Robin des Bois de C.M. de Weber</title>. Ebend. 27 Xr.</bibl>
<bibl id="hofm_1867_02_0025_22"><composer key="compo_028260">Richter, E. Fr.</composer>, Op. <opus key="opus_2066">29</opus>. <title>6 Trio od. Choralvorspiele</title>. <pubPlace key="place_0392">Leipzig</pubPlace>, <publisher key="publ_3773">Siegel</publisher> 22½ Ngr.</bibl>
</div><div id="hofm_1867_02_0025_div12"><head><hofClass key="hofCl_0068">Kirchenmusik.</hofClass></head>
<bibl id="hofm_1867_02_0025_23"><composer key="compo_009382">Fischer, G. Ad.</composer>, Op. <opus key="opus_2737">4</opus>. <title>Der 8. Psalm f. 4 Männerst. <format>Part. u. St</format></title>. 8. <pubPlace key="place_0201">Frankfurt a/O</pubPlace>., <publisher key="publ_2579">Massute</publisher> 17½ Ngr.</bibl>
<bibl id="hofm_1867_02_0025_24"><composer key="compo_028260">Richter, E. Fr.</composer>, Op. <opus key="opus_2268">32</opus>. <title>3 geistl. Lieder v. Oser f. 4 Männerst. (Zage nur nicht. Herr, der du rufst dem Morgenroth. Traut wie seinem Freund.) <format>Part. u. St</format></title>. 8. <pubPlace key="place_0392">Leipzig</pubPlace>, <publisher key="publ_3773">Siegel</publisher> 17½ Ngr.</bibl></div>
<pb n="26"/>
<div id="hofm_1867_02_0026_div13"><head><hofClass key="hofCl_0020">Gesangstücke für Concertmusik mit Orchester-Begleitung.</hofClass></head>
<bibl id="hofm_1867_02_0026_01"><composer key="compo_010502">Gade, Niels W.</composer>, Op. <opus key="opus_3204">50</opus>. <title>Die Kreuzfahrer. Dramat. Gedicht v. K. Andersen n. Motiven a. Tasso’s „Das befreite Jerusalem“ f. Solo, Chor u. Orch</title>. <format>Part</format>. 7 Rt. 15 Ngr. n. <format>Orchesterst</format>. 9 Rt. 10 Ngr. <format>Chor. u. Solost</format>. 8. 2 Rt. <pubPlace key="place_0392">Leipzig</pubPlace>, <publisher key="publ_0437">Br. u. Härtel</publisher>.</bibl>
<bibl id="hofm_1867_02_0026_02"><composer key="compo_037338">Witting, Ch.</composer>, Op. <opus key="opus_2066">29</opus> <title>Ein Gebet v. Burns m. engl. u. deutsch. Text f. 1 Singst. m. Harmon. u. Vcllo (od. Violin-Solo)</title>. <pubPlace key="place_0147">Dresden</pubPlace>, <publisher key="publ_4451">Witting</publisher> 15 Ngr.</bibl>
</div><div id="hofm_1867_02_0026_div14"><head><hofClass key="hofCl_0102">Mehrstimmige Gesänge mit und ohne Pianoforte.</hofClass></head>
<wip id="hofm_1867_02_0026_03"><composer key="compo_003018">Billeter, A.</composer>, Op. <opus key="opus_1731">24</opus>. <title>Brautgesang v. Uhland f. gem. Chor <format>Klav.-Ausz. u. Singst</format></title>. <pubPlace key="place_0392">Leipzig</pubPlace>, <publisher key="publ_1067">Forberg</publisher> 22½ Ngr.</wip>
<bibl id="hofm_1867_02_0026_04"><composer key="compo_005575">Chevallerie, E. de la</composer>, Op. <opus key="opus_3181">5</opus>. <title>Da draussen auf der Heide. Duett f. 2 Singst. m. Pfte</title>. <pubPlace key="place_0044">Berlin</pubPlace>, <publisher key="publ_0589">Challier u. Co</publisher>. 15 Ngr.</bibl>
<bibl id="hofm_1867_02_0026_05"><composer key="compo_007030">Dietrich, J.F.K.</composer>, Op. <opus key="opus_4241">79</opus>. <title>Germania! f. Männerch, <format>Part. u. St</format></title>. 8, <pubPlace key="place_0080">Bremen</pubPlace>, <publisher key="publ_3092">Praeger u. M</publisher>. 15 Ngr.</bibl>
<bibl id="hofm_1867_02_0026_06"><composer key="compo_010502">Gade, Niels W.</composer>, Op. <opus key="opus_3204">50</opus>. <title>Die Kreuzfahrer. Dramat. Gedicht v. K. Andersen nach Mot. aus Tasso’s „Das befreite Jerusalem“ f. Solo u. Chor</title>. <format>Klavier-Ausz</format>. 3 Rt. 15 Ngr. <format>Chor- u. Solost</format>. 8. 2 Rt. <pubPlace key="place_0392">Leipzig</pubPlace>, <publisher key="publ_0437">Br. u. Härtel</publisher>.</bibl>
<bibl id="hofm_1867_02_0026_07"><composer key="compo_010952">Genée, R.</composer>, Op. <opus key="opus_0911">158</opus>. <title>Komponist u. Verleger. Kom. Duett f. T. u. B. m. Pfte</title>. <pubPlace key="place_0392">Leipzig</pubPlace>, <publisher key="publ_3773">Siegel</publisher> 1 Rt.</bibl>
<bibl id="hofm_1867_02_0026_08">– Op. <opus key="opus_1010">162</opus>. <title>2 musikal. Fastnachtsscherze f. 4stimm. Männerch. m. Barit.-Solo. <format>Part. u. St</format>. 8. No. 1, Die Hunde-Deputation. No. 2, Das Katzen-Ständchen</title>. <pubPlace key="place_0392">Leipzig</pubPlace>, <publisher key="publ_3773">Siegel</publisher> à 25 Ngr.</bibl>
<bibl id="hofm_1867_02_0026_09">– Op. <opus key="opus_1115">173</opus>. <title>Der Grobian. Humor. Ballade f. Männerch. u. Bass-Solo. <format>Part. u. St</format></title>. 8. <pubPlace key="place_0392">Leipzig</pubPlace>, <publisher key="publ_1067">Forberg</publisher> 20 Ngr.</bibl>
<bibl id="hofm_1867_02_0026_10"><composer key="compo_019163">Kuntze, K.</composer>, Op. <opus key="opus_0427">121</opus>. <title>Wer hat Schuld. Kom. Quart. f. Männerst. <format>Part. u. St</format></title>. 8. <pubPlace key="place_0392">Leipzig</pubPlace>, <publisher key="publ_1067">Forberg</publisher> 1 Rt.</bibl>
<bibl id="hofm_1867_02_0026_11"><composer key="compo_024958">Nohr, Fr.</composer>, Op. <opus key="opus_0927">16</opus>. <title>Galopp f. 4stimm. Männerch. <format>Part. u. St</format></title>. 8. <pubPlace key="place_0080">Bremen</pubPlace>, <publisher key="publ_3092">Praeger u. M</publisher>. 27½ Ngr.</bibl>
</div><div id="hofm_1867_02_0026_div15"><head><hofClass key="hofCl_0268">Opernmusik mit Pianofortebegleitung.</hofClass></head>
<bibl id="hofm_1867_02_0026_12"><composer key="compo_035908">Wagner, R.</composer>, <title>Lohengrin. Romant. Oper. 1. Akt. 3. Scene: Lohengrin’s Ankunft</title>. <format>Klavier-Ausz</format>. 1 Rt. 15 Ngr. <format>Chorst</format>. 8. 15 Ngr. <pubPlace key="place_0392">Leipzig</pubPlace>, <publisher key="publ_0437">Br. u. Härtel</publisher>.</bibl>
</div><div id="hofm_1867_02_0026_div16"><head><hofClass key="hofCl_0040">Gesänge für eine Singstimme mit Pianofortebegleitung.</hofClass></head>
<bibl id="hofm_1867_02_0026_13"><composer key="compo_000398">Alkier, S. v.</composer>, Op. <opus key="opus_0806">15</opus>. <title>Jugendbild aus frühen Zeiten</title>. <pubPlace key="place_0044">Berlin</pubPlace>, <publisher key="publ_0589">Challier u. Co</publisher>. 5 Ngr.</bibl>
<bibl id="hofm_1867_02_0026_14"><composer key="compo_001008">Ascher, J.</composer>, <title>Alice</title>. <pubPlace key="place_0438">Mainz</pubPlace>, <publisher key="publ_3563">Schott</publisher> 36 Xr.</bibl>
<bibl id="hofm_1867_02_0026_15"><composer key="compo_001860">Baumgartner, W.</composer>, Op. <opus key="opus_1999">28</opus>. <title>6 kleine Lieder. (O lasst mir meine stille Weise. 2 Mädchenlieder. Heinrich Frauenlob. Ich weiss nicht, säuselt in den Bäumen. Dich zieret dein Glauben. mein rosiges Kind.)</title> <pubPlace key="place_0767">Zürich</pubPlace>, <publisher key="publ_1796">Hug</publisher> 17½ Ngr.</bibl>
<bibl id="hofm_1867_02_0026_16">– Op. <opus key="opus_2066">29</opus>. <title>2 Lieder (Mein Vaterland. Mein Heimathland.) Gruss an die schweizer. Sänger</title>. Ebend. 7½ Ngr.</bibl>
<bibl id="hofm_1867_02_0026_17"><composer key="compo_002101">Behr, Frç.</composer>, Op. <opus key="opus_0137">104</opus>. <title>4 Lieder</title>. <title>No. 1, O Waldesluft, wie gehst du bang</title>. <title>No. 2, Die Lotosblume</title> à 7½ Ngr. <title>No. 3, Dir allein</title> 5 Ngr. <title>No. 4, Vor’m Scheiden</title>. 7½ Ngr. <pubPlace key="place_0392">Leipzig</pubPlace>, <publisher key="publ_1067">Forberg</publisher>.</bibl>
<bibl id="hofm_1867_02_0026_18">– Op. <opus key="opus_0152">105</opus>. <title>Polka-Lied</title>. Ebend. 12½ Ngr.</bibl>
<pb n="27"/>
<bibl id="hofm_1867_02_0027_01"><composer key="compo_003018">Billeter, A.</composer>, Op. <opus key="opus_1999">28</opus>. <title>Kreuzfahrer’s Heimweh</title>. <pubPlace key="place_0392">Leipzig</pubPlace>, <publisher key="publ_1067">Forberg</publisher> 7½ Ngr.</bibl>
<bibl id="hofm_1867_02_0027_02">– Op. <opus key="opus_1802">25</opus>. <title>Der gesühnte Hirsch f. T</title>. Ebend. 10 Ngr.</bibl>
<bibl id="hofm_1867_02_0027_03"><composer key="compo_003736">Bordèse, L.</composer>, <title>Perdu dans les Bois. Scène dramat</title>. <pubPlace key="place_0438">Mainz</pubPlace>, <publisher key="publ_3563">Schott</publisher> 45 Xr.</bibl>
<bibl id="hofm_1867_02_0027_04"><composer key="compo_005726">Clapisson, L.</composer>, <title>Die Seele Gott, mein Herz für dich</title>. <pubPlace key="place_0438">Mainz</pubPlace>, <publisher key="publ_3563">Schott</publisher> 36 Xr.</bibl>
<bibl id="hofm_1867_02_0027_05"><composer key="compo_007853">Eckert, K.</composer>, Op. <opus key="opus_0826">15. No. 6</opus>, <title>Dein auf ewig</title>. <pubPlace key="place_0392">Leipzig</pubPlace>, <publisher key="publ_0437">Br. u. Härtel</publisher> 5 Ngr.</bibl>
<bibl id="hofm_1867_02_0027_06"><composer key="compo_011780">Graben-Hoffmann</composer>, Op. <opus key="opus_4045">72</opus>. <title>Frühlingsnaben f. hohe Stimme</title>. <pubPlace key="place_0392">Leipzig</pubPlace>, <publisher key="publ_3773">Siegel</publisher> 10 Ngr.</bibl>
<bibl id="hofm_1867_02_0027_07">– Idem f. tiefe Stimme. Ebend. 10 Ngr.</bibl>
<bibl id="hofm_1867_02_0027_08"><composer key="compo_013984">Heiser, W.</composer>, Op. <opus key="opus_4096">74</opus>. <title>Der Frühling kommt!</title> <pubPlace key="place_0044">Berlin</pubPlace>, <publisher key="publ_3048">Philipp</publisher> 7½ Ngr.</bibl>
<bibl id="hofm_1867_02_0027_09"><composer key="compo_014984">Hochgemuth, E.</composer>, Op. <opus key="opus_2116">3</opus>. <title>Heimweg</title>. <pubPlace key="place_0392">Leipzig</pubPlace>, <publisher key="publ_1067">Forberg</publisher> 5 Ngr.</bibl>
<bibl id="hofm_1867_02_0027_10"><composer key="compo_015372">Horn, C. v.</composer>, Op. <opus key="opus_0001">1</opus>. <title>4 Lieder (Schneeglöckchen. Gedenk ich dein zur Stunde. Meeresstille. Du bist so still, so sanft, so innig.)</title> <pubPlace key="place_0276">Hamburg</pubPlace>, <publisher key="publ_0640">Cranz</publisher> 20 Ngr.</bibl>
<bibl id="hofm_1867_02_0027_11"><composer key="compo_018585">Krause, E.</composer>, Op. <opus key="opus_1068">17</opus>. <title>4 Lieder. (Bitte! Ich bat sie um die Rose. Der Morgen. Abendlied.)</title> <pubPlace key="place_0276">Hamburg</pubPlace>, <publisher key="publ_0640">Cranz</publisher> 15 Ngr.</bibl>
<bibl id="hofm_1867_02_0027_12"><composer key="compo_019802">Lammers, J.</composer>, Op. <opus key="opus_1068">17</opus>. <title>3 Gesänge a. Wilhelm Tell v. Schiller (Der Fischerknabe. Der Hirt. Der Alpenjäger) f. T. (od. S.)</title> <pubPlace key="place_0080">Bremen</pubPlace>, <publisher key="publ_3092">Praeger u. M</publisher>. 17½ Ngr.</bibl>
<wip id="hofm_1867_02_0027_13"><composer key="compo_021675">Löw, R.</composer>, Op. <opus key="opus_0001">1</opus>. <title>8 Lieder der Liebe v. Fr. Oser</title>. <title>Heft 1. Ist’s Gottes Will’, u. Rath. Ach! ich sagt’s dir so gern! Eher die Sonne zur Erde fällt. Und muss es schon wieder geschieden sein</title>. <title>Heft 2. Der Morgenstern. Jubelnde Lerchen singen den Frühling ein. Was kümmerts mich, ob trüb und grau. Immer, immer sing’ ichs wieder</title>. <pubPlace key="place_0767">Zürich</pubPlace>, <publisher key="publ_1796">Hug</publisher> à 17½ Ngr.</wip>
<bibl id="hofm_1867_02_0027_14"><composer key="compo_027426">Radoux, J. Th.</composer>, <title>Les Fileuses. Vieille Chanson</title>. <pubPlace key="place_0438">Mainz</pubPlace>, <publisher key="publ_3563">Schott</publisher> 36 Xr.</bibl>
<bibl id="hofm_1867_02_0027_15"><composer key="compo_027945">Reinthaler, K.</composer>, Op. <opus key="opus_1068">17</opus>. <title>6 Gesänge f. Br. (od. A.)</title> <title>No. 4, Frühling im Alter</title> 7½ Ngr. <title>No. 5, Jäger’s Abendlied</title>. 10 Ngr. <title>No. 6, Bei dir</title> 12½ Ngr. <pubPlace key="place_0080">Bremen</pubPlace>. <publisher key="publ_3092">Praeger u. M</publisher>.</bibl>
<bibl id="hofm_1867_02_0027_16"><composer key="compo_031345">Schumann, Clara</composer>. Op. <opus key="opus_0545">13. No. 2</opus>, <title>Sie liebten sich Beide</title>. <pubPlace key="place_0392">Leipzig</pubPlace>, <publisher key="publ_0437">Br. u, Härtel</publisher> 5 Ngr.</bibl>
<bibl id="hofm_1867_02_0027_17"><composer key="compo_036022">Wallace, W.V.</composer>, <title>Le Sonneur. Chant p. T</title>. <pubPlace key="place_0438">Mainz</pubPlace>, <publisher key="publ_3563">Schott</publisher> 36 Xr.</bibl>
<bibl id="hofm_1867_02_0027_18">– Idem p. Br. Ebend. 36 Xr.</bibl>
<bibl id="hofm_1867_02_0027_19"><composer key="compo_036879">Wickede, Fr. v.</composer>, Op. <opus key="opus_0021">10</opus>. <title>Die Nacht f. S. (od.T.)</title> <pubPlace key="place_0624">Schwerin</pubPlace>, <publisher key="publ_1283">Goltermann u. P</publisher>. 7½ Ngr.</bibl>
<wip id="hofm_1867_02_0027_20"><composer key="compo_037336">Witting, K.</composer>, Op. <opus key="opus_1584">22</opus> <title>3 Lieder f. B</title>. <title>No. 1, Der König in Thule</title>. 5 Ngr. <title>No. 2, 2 Könige</title>. 7½ Ngr. <title>No. 3, Der Knabe vom Berge</title>. 5 Ngr. <pubPlace key="place_0147">Dresden</pubPlace>, <publisher key="publ_4451">Witting</publisher> 12½ Ngr.</wip>
<wip id="hofm_1867_02_0027_21">– Op. <opus key="opus_1731">24</opus>. <title>4 Gedichte</title> <title>No. 1, Das Fischermädchen</title>. <title>No. 2, Um Dich</title> à 7½ Ngr. <title>No. 3, Mein Herz</title>. 10 Ngr. <title>No. 4. Nach dem Sturm</title> 7½ Ngr. Ebend. 20 Ngr.</wip>
<bibl id="hofm_1867_02_0027_22"><composer key="compo_038322">Zágonyi, G.</composer>, <title>12 Népdal</title>. <pubPlace key="place_0130">Debreczin</pubPlace>, <publisher key="publ_0662">Csáthy u. Co</publisher>. 6 Ngr.</bibl>
</div><div id="hofm_1867_02_0027_div17"><head><hofClass key="hofCl_0077">Lehrbücher für Gesang.</hofClass></head>
<bibl id="hofm_1867_02_0027_23"><composer key="compo_006140">Crescentini, G.</composer>, <title>12 Gesangsstudien f. B. (od. Br.) m. Pfte hersg. v. K. Reinthaler. Heft 1</title>. <pubPlace key="place_0080">Bremen</pubPlace>, <publisher key="publ_3092">Praeger u. M</publisher>. 1 Rt.</bibl>
<bibl id="hofm_1867_02_0027_24"><composer key="compo_024482">Nava, G.</composer>, <title>24 leichte Solfeggien f. A. (od. B.) m. Pfte arr. v. W. Leo</title>. <title>Heft 4, 5</title>. <pubPlace key="place_0044">Berlin</pubPlace>, <publisher key="publ_0589">Challier u. Co</publisher>. à 22½ Ngr.</bibl>
</div><div id="hofm_1867_02_0027_div18"><head><hofClass key="hofCl_0287">Theoretische Werke.</hofClass></head>
<bibl id="hofm_1867_02_0027_25"><author>Schaab, R.</author>, <title>Fübrer durch die Literatur d. Männergesanges. Zum Gebrauch f. Directoren der Männergesangvereine. <edition>2. verm. Aufl</edition></title>. 8. <pubPlace key="place_0392">Leipzig</pubPlace>, <publisher key="publ_1067">Forberg</publisher> br. 12 Ngr. n.</bibl></div>
<pb n="28"/>
<div id="hofm_1867_02_0028_div19"><head><hofClass key="hofCl_0248">Musikalische Zeitschriften.</hofClass></head>
<bibl id="hofm_1867_02_0028_01"><title>Blätter, fliegende, f. kathol. Kirchenmusik</title>, (6 Nrn.) gr. 4. <pubPlace key="place_0569">Regensburg</pubPlace>, <publisher key="publ_3124">Pustet</publisher> 18 Ngr. n.</bibl>
<bibl id="hofm_1867_02_0028_02"><title>Blätter f. Theater, Musik u. Kunst. Red. L.A. Zellner. 13. Jahrgang</title>. (104 Nrn. ½ Bogen.) Fol. <pubPlace key="place_0731">Wien</pubPlace>, (<publisher key="publ_2042">F. Klemm</publisher>) 6 Rt. 8½ Ngr. n.</bibl>
<bibl id="hofm_1867_02_0028_03"><title>Cäcilia. Organ f. kathol. Kirchenmusik, hrsg. v. H. Oberhoffer. 6. Jahrgang</title> (12 Nrn. Bog.) gr.-4. <pubPlace key="place_0424">Luxemburg</pubPlace>, <publisher key="publ_0559">Bück</publisher>. 1 Rt. *n.</bibl>
<bibl id="hofm_1867_02_0028_04"><title>Echo. Berliner Musik-Zeitung. 17. Jahrg</title>. (52 Nrn. Bog.) gr.-8. <pubPlace key="place_0044">Berlin</pubPlace>, <publisher key="publ_3471">Schlesinger</publisher> 2 Rt. n.</bibl>
<bibl id="hofm_1867_02_0028_05"><title>Euterpe. Musik-Zeitschrift für Deutschlands Volksschullehrer. hrsg. v. E. Hentschel. 26. Jahrg</title>. (10 Nrn. 12 Bog.) gr.-8. <pubPlace key="place_0392">Leipzig</pubPlace>, <publisher key="publ_2655">Merseburger</publisher> 1 Rt. n.</bibl>
<bibl id="hofm_1867_02_0028_06"><title>Männergesangszeitung (Deutsche) hrsg. v. R. Tschirch 8. Jahrg</title>. (12 Nrn. Bog.) gr.-4. <pubPlace key="place_0044">Berlin</pubPlace>. (<publisher key="publ_3569">Schotte u. Co</publisher>.) 1 Rt. n.</bibl>
<bibl id="hofm_1867_02_0028_07"><title>Monatsbericht (musikalisch-literarischer) neuer Musikalien, musikalischer Schriften und Abbildungen. 39. Jahrg. od. 6. Folge. 8. Jahrg</title>. (12 Nrn. Bog.) 8. <pubPlace key="place_0392">Leipzig</pubPlace>, <publisher key="publ_1746">Hofmeister</publisher> 20 Ngr. *n.</bibl>
<bibl id="hofm_1867_02_0028_08"><title>Musikzeitung (Neue berliner), hrsg. v. E. Bock. 21. Jahrg</title>. (52 Nrn. Bog.) 4. <pubPlace key="place_0044">Berlin</pubPlace>, <publisher key="publ_0393">B. u. Bock</publisher> 3 Rt. *n.</bibl>
<bibl id="hofm_1867_02_0028_09">– <title>(New-Yorker) hersg. v. Hagen</title>. <pubPlace key="place_0502">New-York</pubPlace>, <publisher key="publ_3879">Steiger</publisher> 8 Rt. *n.</bibl>
<bibl id="hofm_1867_02_0028_10">– <title>(Niederrheinische), hrsg. v. L. Bischoff. 15. Jahrg</title>. (52 Nrn. Bog.) 4. <pubPlace key="place_0371">Köln</pubPlace>, <publisher key="publ_0808">Du Mont-Schauberg</publisher> 4 Rt. *n.</bibl>
<bibl id="hofm_1867_02_0028_11">– <title>(Süddeutsche). Red. E. Föckerer. 16. Jahrg</title>. (52 Nrn. ½ Bog.) 4. <pubPlace key="place_0438">Mainz</pubPlace>, <publisher key="publ_3563">Schott</publisher> 2 Fl. 42 Xr. *n.</bibl>
<bibl id="hofm_1867_02_0028_12"><title>Recensionen (Berliner) auf dem Gesammtgebiete der Literatur u. Kunst, der Musik u. d. Theaters. Red. F.A. Meyer. 5. Jahrg</title>. (24 Nrn. ½ Bog.) <pubPlace key="place_0044">Berlin</pubPlace>, <publisher key="publ_2647">Mendel</publisher> 2 Rt. 20 Ngr. *n.</bibl>
<bibl id="hofm_1867_02_0028_13"><title>Revue et Gazette musicale de Paris. Directeur S. Dufour. 34me Année</title>. (52 Nrn. Bog.) gr.-4. <pubPlace key="place_0537">Paris</pubPlace>, <publisher key="publ_0413">Brandus u. Dufour</publisher> 34 Fr. n.</bibl>
<bibl id="hofm_1867_02_0028_14"><title>Sängerblatt (schweizerisches.) Red. Weber. Jahrg. 1867</title>. <pubPlace key="place_0050">Bern</pubPlace>, (<publisher key="publ_1790">Huber u. Co</publisher>.) 1 Rt. 4 Ngr. n.</bibl>
<bibl id="hofm_1867_02_0028_15"><title>Sängerhalle (Die). Allgemeine deutsche Gesangvereinszeitung für das In- und Ausland. Red. H. Pfeil. 7. Jahrg</title>. (52 Nrn. Bog.) 4. <pubPlace key="place_0392">Leipzig</pubPlace>, <publisher key="publ_3688">Schäfer</publisher> 2 Rt. *n.</bibl>
<bibl id="hofm_1867_02_0028_16">– <title>(Die Neue). Deutsche Gesangvereinszeitung, begründet u. herausg. v. Müller von der Werra. 6. Jahrg</title>. (52 Nrn. Bog.) 4. <pubPlace key="place_0392">Leipzig</pubPlace>, <publisher key="publ_2033">Klein</publisher> 2 Rt. n.</bibl>
<bibl id="hofm_1867_02_0028_17"><title>Signale f. d. musik. Welt. Red. B. Senff. 25. Jahrg</title>. (52 Nrn. Bog.) <pubPlace key="place_0392">Leipzig</pubPlace>, <publisher key="publ_3752">Senff</publisher> 2 Rt. *n.</bibl>
<bibl id="hofm_1867_02_0028_18"><title>Symphonia. Fliegende Blätter f. Musiker und Musikfreunde. 5. Jahrg. 1867</title>. (11 Nrn.) gr. 8. <pubPlace key="place_0392">Leipzig</pubPlace>, <publisher key="publ_1930">Kahnt</publisher> 1 Rt. 24 Ngr. n.</bibl>
<bibl id="hofm_1867_02_0028_19"><title>Urania. Eine musikalische Zeitschrift zur Belehrung u. Unterhaltung für Deutschlands Organisten und Volksschullehrer hrsg. v. G.W. Körner. 24. Jahrg</title>. (12 Nrn. Bog.) 8. <pubPlace key="place_0181">Erfurt</pubPlace>, <publisher key="publ_2240">Körner</publisher> 15 Ngr. n.</bibl>
<bibl id="hofm_1867_02_0028_20"><title>Zeitschrift (Neue) für Musik, hrsg. von Frz. Brendel. 34. Jahrg</title>. (52 Nrn. 1½ Bog.) 4. <pubPlace key="place_0392">Leipzig</pubPlace>, <publisher key="publ_1930">Kahnt</publisher> 4 Rt. 20 Ngr. *n.</bibl>
<bibl id="hofm_1867_02_0028_21"><title>Zeitschrift (Neue allgemeine) f. Theater u. Musik. Red. Y. v. Arnold</title>. (52 Nrn. Bog.) gr.-8. <pubPlace key="place_0392">Leipzig</pubPlace>, <publisher key="publ_3221">Rhode</publisher> 4 Rt. n.</bibl>
<bibl id="hofm_1867_02_0028_22"><title>Zeitung (Leipziger allgemeine musikalische). Red. Selm. Bagge. 2 Jahrg</title>. (52 Nrn. Bog.) 4. <pubPlace key="place_0392">Leipzig</pubPlace>, <publisher key="publ_3266">Rieter-Biedermann</publisher> 5 Rt. 10 Ngr. n.</bibl>
</div></body></text></TEI.2>