<?xml version="1.0" encoding="utf-8"?>
<!DOCTYPE TEI.2
  SYSTEM "../../dtd/tei/cch_tei.dtd">
<TEI.2 id="hofm_1870_02">
<teiHeader type="text"><fileDesc><titleStmt><title>Februar 1870</title></titleStmt><publicationStmt><p/></publicationStmt><sourceDesc><p/></sourceDesc></fileDesc><profileDesc><langUsage><language id="ger">German</language><language id="fre">French</language><language id="ita">Italian</language></langUsage></profileDesc><revisionDesc><change><date>2007-09-20</date><respStmt><name>EP</name></respStmt><item>missing @id added</item></change><change><date>2007-04-27</date><respStmt><name>RV</name></respStmt><item>Changed "biblGroup" elements in "listBibl"</item></change><change><date>2007-03-01</date><respStmt><name>EP</name></respStmt><item>Checked curly brackets</item></change><change><date>2007-02-28</date><respStmt><name>EP</name></respStmt><item>Encoded curly brackets</item></change><change><date>2006-12-19</date><respStmt><name>EP</name></respStmt><item>sic and unclear moved outside elements pubplaces, publisher, composer, hofclass, key, opus</item></change><change><date>2007-03-13</date><respStmt><name>Liz</name></respStmt><item>p. 22, Othello = title (not composer)</item></change><change><date>2007-01-28</date><respStmt><name>Sarah</name></respStmt><item>Removed incorrect author tags.</item></change><change><date>2006-06-07</date><respStmt><name>Sarah</name></respStmt><item>No Xrefs.</item></change><change><date>2005-10-25</date><respStmt><name>Sarah</name></respStmt><item>Corrections following checking pages.</item></change><change><date>2005-09-21</date><respStmt><name>Sarah</name></respStmt><item>First encoding.</item></change><change><date>2005-08-18</date><respStmt><name>Liz</name></respStmt><item>pasting in &amp; checking automated tagging</item></change></revisionDesc></teiHeader>
<text><body><pb n="18"/><head>Februar 1870.</head>
<div id="hofm_1870_02_0018_div01"><head><hofClass key="hofCl_0164">Musik für Orchester.</hofClass></head>
<bibl id="hofm_1870_02_0018_01"><composer key="compo_001225">Bach, J.S.</composer>, <title>Preludio a. d. 6ten Violin-Sonate, harmon. u. orchestrirt v. C. Stör. <format>Part. u. Orch.-St</format></title>. (20 Ngr.) 8. <pubPlace key="place_0720">Weimar</pubPlace>, <publisher key="publ_2257">Kühn</publisher> 1 Rt. 10 Ngr.</bibl>
<bibl id="hofm_1870_02_0018_02"><composer key="compo_002179">Bell, J.</composer>, <title>Minuit passé. Valse p. gr. Orch</title>. <pubPlace key="place_0276">Hamburg</pubPlace>, <publisher key="publ_0640">Cranz</publisher> 20 Ngr. n.</bibl>
<bibl id="hofm_1870_02_0018_03"><composer key="compo_011757">Gounod, Ch.</composer>, <title>Roméo et Juliette. Fragments p. Orch</title>. <format>Part</format>. 4 Rt. n. <format>Orch.-St</format>. 4 Rt. <pubPlace key="place_0537">Paris</pubPlace> (<pubPlace key="place_0044">Berlin</pubPlace>, <publisher key="publ_1161">Fürstner</publisher>).</bibl>
<bibl id="hofm_1870_02_0018_04"><composer key="compo_018140">Kohmann, H.</composer>, Op. <opus key="opus_4562">9</opus>. <title>Reigen vom Ostseegestade. Tongemälde in Walzerform f. Orch</title>. <pubPlace key="place_0044">Berlin</pubPlace>, <publisher key="publ_0393">B. u. Bock</publisher> 1 Rt. 25 Ngr.</bibl>
<bibl id="hofm_1870_02_0018_05"><composer key="compo_023890">Mozart, W.A.</composer>, <title>Symphonies. Part. 1. Band (No. 1–6)</title>. 8. <pubPlace key="place_0392">Leipzig</pubPlace>, <publisher key="publ_0437">Br. u. Härtel</publisher> 3 Rt. n.</bibl>
<bibl id="hofm_1870_02_0018_06"><composer key="compo_029104">Rubinstein, Ant.</composer>, Op. <opus key="opus_4241">79</opus>. <title>Iwan IV. (der Grausame). Musikal. Charakterbild f. gr. Orch</title>. <pubPlace key="place_0044">Berlin</pubPlace>, <publisher key="publ_0393">B. u. Bock</publisher> 3 Rt. 25 Ngr.</bibl>
<wip id="hofm_1870_02_0018_07"><composer key="compo_036249">Weber, C.M. de</composer>, <title>Ouvertures. <format>Part</format></title>. 8. <title>No. 2–5</title>. <pubPlace key="place_0438">Mainz</pubPlace>, <publisher key="publ_3563">Schott</publisher> à 54 Xr. n. <lb/><title>No. 2. Freischütz</title>. <lb/>– <title>3. Preciosa</title>. <lb/>– <title>4. Oberon</title>. <lb/>– <title>5. Euryanthe</title>.</wip>
</div><div id="hofm_1870_02_0018_div02"><head><hofClass key="hofCl_0136">Musik für Streichinstrumente.</hofClass></head>
<wip id="hofm_1870_02_0018_08"><composer key="compo_013692">Haydn, J.</composer>, <title>Quatuors p. 2 Viol., A. et Vclle</title>. <title>Cah. 1–4</title> à 18 Ngr. <title>Cah. 5</title>. 22 Ngr. <title>Cah. 6, 7</title> à 26 Ngr. <title>Cah. 8</title>. 4. Ngr. <title>Cah. 9</title>. 26 Ngr. <title>Cah. 10</title>. 10 Ngr. <title>Cah. 11, 12</title> à 14 Ngr. <title>Cah. 13</title>. 28 Ngr. <title>Cah. 14</title>. 14 Ngr. <title>Cah. 15. 16</title> Ngr. <title>Cah. 16</title>. 28 Ngr. <title>Cah. 17</title>. 14 Ngr. <title>Cah. 18</title>. 3 Ngr. <pubPlace key="place_0078">Braunschweig</pubPlace>, <publisher key="publ_2467">Litolff</publisher>.</wip>
<bibl id="hofm_1870_02_0018_09">– Idem. 4 Bände. Ebend. 8 Rt.</bibl>
<bibl id="hofm_1870_02_0018_10"><composer key="compo_017101">Kayser, H.E.</composer>, Op. <opus key="opus_2915">43</opus>. <title>36 Etuden f. Bratsche</title>. <pubPlace key="place_0276">Hamburg</pubPlace>, <publisher key="publ_0640">Cranz</publisher> 17½ Ngr.</bibl>
<wip id="hofm_1870_02_0018_11"><composer key="compo_017101">Kayser, H.E.</composer>, Op. <opus key="opus_2948">44</opus>. <title>50 kurze Uebungen f. Violine</title>. <title>2 Hefte</title>. <pubPlace key="place_0276">Hamburg</pubPlace>, <publisher key="publ_0640">Cranz</publisher> à 15 Ngr.</wip>
<wip id="hofm_1870_02_0018_12"><composer key="compo_023890">Mozart, W.A.</composer>, <title>Quatuors p. 2 Viol., A. et Vclle</title>. <title>No. 1, 2</title> à 4 Ngr. <title>No. 3–7</title> à 5 Ngr. <title>No. 8</title>. 6 Ngr. <title>No. 9–11</title> à 5 Ngr. <title>No. 12</title>. 8 Ngr. <title>No. 13</title>. 6 Ngr. <title>No. 14–18</title> à 8 Ngr. <title>No. 19</title>. 6 Ngr. <title>No. 20</title>. 4 Ngr. <title>No. 21</title>. 8 Ngr. <title>No. 22</title>. 6 Ngr. <title>No. 23</title>. 8 Ngr. <title>No. 24–27</title> à 5 Ngr. <pubPlace key="place_0078">Braunschweig</pubPlace>, <publisher key="publ_2467">Litolff</publisher>.</wip>
<bibl id="hofm_1870_02_0018_13">– Idem. 4 Bände. Ebend. 3 Rt. 15 Ngr.</bibl>
<bibl id="hofm_1870_02_0018_14"><composer key="compo_026654">Pleyel, J.</composer>, Op. <opus key="opus_4300">8</opus>. <title>Petits Duos p. 2 Violons</title>. <title>2 Cahiers</title>. <pubPlace key="place_0276">Hamburg</pubPlace>, <publisher key="publ_0640">Cranz</publisher> à 15 Ngr.</bibl>
<bibl id="hofm_1870_02_0018_15"><composer key="compo_037761">Wüerst, R.</composer>, Op. <opus key="opus_3316">53</opus>. <title>Intermezzo (<key>D</key>) f. Streichinstrumente. <format>Part</format></title>. <pubPlace key="place_0044">Berlin</pubPlace>, <publisher key="publ_0393">B. u. Bock</publisher> 15 Ngr.</bibl>
</div><div id="hofm_1870_02_0018_div03"><head><hofClass key="hofCl_0247">Musik für Zither.</hofClass></head>
<wip id="hofm_1870_02_0018_16"><title>Zither-Journal (Mannheimer). 12. Jahrg</title>. <title>Heft 23, 24. <composer key="compo_011875">Grasmann</composer>, Op. <opus key="opus_2268">32</opus>. Mathilden-Ländler. <composer key="compo_024107">Mühlauer</composer>, Op. <opus key="opus_0152">105</opus>. Nannerl-Polka. <composer key="compo_012563">Gutmann</composer>, Nur einmal möcht’ ich dir noch sagen. <composer key="compo_037146">Wimmer</composer>, Trost und Zuversicht. 13. Jahrg</title>. <title>Heft 1, 2. <composer key="compo_001639">Bartl</composer>, Erinnerung an Innsbruck, Ländler. <composer key="compo_018846">Kroll</composer>, Jahrmarkts-Polka. <composer key="compo_037146">Wimmer</composer>, Quadrille a. Zehn Mädchen und kein Mann</title>. qu.-8 <pubPlace key="place_0440">Mannheim</pubPlace>, <publisher key="publ_1534">Heckel</publisher> Subsrc.-Pr. f. 24 Hefte 2 Rt. 20 Ngr. n.</wip></div>
<pb n="19"/>
<div id="hofm_1870_02_0019_div04"><head><hofClass key="hofCl_0167">Musik für Pianoforte mit Begleitung.</hofClass></head>
<bibl id="hofm_1870_02_0019_01"><composer key="compo_002077">Beethoven, L. v.</composer>, <title>Trios p. Pfte, Viol. et Vclle</title>. <pubPlace key="place_0078">Braunschweig</pubPlace> <publisher key="publ_2467">Litolff</publisher> 2 Rt. 5 Ngr.</bibl>
<bibl id="hofm_1870_02_0019_02"><composer key="compo_002077">Beethoven, L. v.</composer>, <title>Violin-Quartette, f. Violine u. Pfte einger. v. Ad. Grünwald (Op. <opus key="opus_0531">13</opus>). Op. <opus key="opus_1165">18</opus></title> <title>No. 2 (<key>G</key>)</title>. <title>No. 3 (<key>D</key>)</title> à 17 Ngr. <title>No. 5 (<key>A</key>)</title>. 15 Ngr. <pubPlace key="place_0044">Berlin</pubPlace>, <publisher key="publ_0393">B. u. Bock</publisher>.</bibl>
<bibl id="hofm_1870_02_0019_03"><composer key="compo_004899">Bériot, Ch. de</composer>, Op. <opus key="opus_0486">126</opus>. <title>Souvenirs de Weber. Fantaisie sur des Motifs d’Oberon et Freischütz p. Violon av. Pfte</title>. <pubPlace key="place_0438">Mainz</pubPlace>, <publisher key="publ_3563">Schott</publisher> 1 Fl. 48 Xr.</bibl>
<wip id="hofm_1870_02_0019_04"><composer key="compo_006448">Dancla, Ch.</composer>, Op. <opus key="opus_0451">123</opus>. <title>Petite Ecole de la Mélodie. 12 petites Pièces très-faciles p. Violon av. Pfte</title>. <title>2 Suites</title>. <pubPlace key="place_0438">Mainz</pubPlace>, <publisher key="publ_3563">Schott</publisher> à 1 Fl. 48 Xr.</wip>
<bibl id="hofm_1870_02_0019_05"><composer key="compo_006568">Davidoff, Ch.</composer>, Op. <opus key="opus_1165">18</opus>. <title>3me Concerto (<key>D</key>) p. Vclle av. Pfte</title>. <pubPlace key="place_0392">Leipzig</pubPlace>, <publisher key="publ_2017">Kistner</publisher> 2 Rt. 5 Ngr.</bibl>
<bibl id="hofm_1870_02_0019_06"><composer key="compo_012523">Gung’l, J.</composer>, Op. <opus key="opus_1706">236</opus>. <title>Les Adieux. Walzer f. Violine u. Pfte</title>. <pubPlace key="place_0044">Berlin</pubPlace>, <publisher key="publ_0393">B. u. Bock</publisher> 15 Ngr.</bibl>
<bibl id="hofm_1870_02_0019_07"><composer key="compo_012523">Gung’l, J.</composer>, Op. <opus key="opus_1706">236</opus>. <title>Les Adieux. Walzer f. Flöte u. Pfte</title>. <pubPlace key="place_0044">Berlin</pubPlace>, <publisher key="publ_0393">B. u. Bock</publisher> 15 Ngr.</bibl>
<bibl id="hofm_1870_02_0019_08"><composer key="compo_014826">Hiller, Ferd.</composer>, Op. <opus key="opus_0612">133</opus>. <title>3tes Quartett (<key>Am</key>.) f. Pfte, Viol., Vla u. Vcllo</title>. <pubPlace key="place_0392">Leipzig</pubPlace>, <publisher key="publ_2017">Kistner</publisher> 5 Rt. 25 Ngr.</bibl>
<bibl id="hofm_1870_02_0019_09"><composer key="compo_014826">Hiller, Ferd.</composer>, Op. <opus key="opus_0727">142</opus>. <title>3 Fantasiestücke f. Pfte u. Violine. No. 1 (<key>C</key>). No. 2 (<key>E</key>). No. 3 (<key>A</key>)</title>. <pubPlace key="place_0438">Mainz</pubPlace>, <publisher key="publ_3563">Schott</publisher> à 1 Fl. 48 Xr.</bibl>
<bibl id="hofm_1870_02_0019_10"><composer key="compo_019305">Kéler, Béla</composer>, Op. <opus key="opus_4416">83</opus>. <title>Am schönen Rhein gedenk’ ich dein. Walzer f. Violine u. Pfte</title>. <pubPlace key="place_0044">Berlin</pubPlace>, <publisher key="publ_0393">B. u. Bock</publisher> 15 Ngr.</bibl>
<bibl id="hofm_1870_02_0019_11"><composer key="compo_019305">Kéler, Béla</composer>, Op. <opus key="opus_4416">83</opus>. <title>Am schönen Rhein gedenk’ ich dein. Walzer f. Flöte u. Pfte</title>. <pubPlace key="place_0044">Berlin</pubPlace>, <publisher key="publ_0393">B. u. Bock</publisher> 15 Ngr.</bibl>
<bibl id="hofm_1870_02_0019_12"><composer key="compo_018277">Kontski, Apoll. de</composer>, Op. <opus key="opus_1482">21</opus>. <title>Hommage à Bellini. Morceau de Concert sur : Les Puritains, p. Violon av. Pfte</title>. <pubPlace key="place_0392">Leipzig</pubPlace>, <publisher key="publ_2017">Kistner</publisher> 1 Rt. 20 Ngr.</bibl>
<bibl id="hofm_1870_02_0019_13">– Op. <opus key="opus_1584">22</opus>. <title>Le Rossignol. Paraphrase sur une Mélodie d’Alabiew, p. Violon av. Pfte</title>. Ebend. 25 Ngr.</bibl>
<wip id="hofm_1870_02_0019_14"><composer key="compo_019130">Kummer, F.A.</composer>, Op. <opus key="opus_0738">143</opus>. <title>Transcriptions classiques p. Pfte et Vclle</title>. <title>No. 1. Beethoven, Andante de la 5me Sinfonie</title>. <title>No. 2. Beethoven, Allegretto de la 7me Sinfonie</title> à 25 Ngr. <title>No. 3. Mozart, Lacrymosa du Requiem</title>. 10 Ngr. <title>No. 4. Beethoven, Larghetto de la 2me Sinfonie</title>. 27½ Ngr. <pubPlace key="place_0276">Hamburg</pubPlace>, <publisher key="publ_0640">Cranz</publisher>.</wip>
<bibl id="hofm_1870_02_0019_15"><composer key="compo_019685">Lachner, Frz.</composer>, Op. <opus key="opus_0666">139</opus>. <title>Quintett (<key>Cm</key>.) f. Pfte, 2 Viol., Vla u. Vcllo</title>. <pubPlace key="place_0438">Mainz</pubPlace>, <publisher key="publ_3563">Schott</publisher> 7 Fl. 12 Xr.</bibl>
<bibl id="hofm_1870_02_0019_16"><composer key="compo_022784">Meinardus, L.</composer>, Op. <opus key="opus_2268">32</opus>. <title>Duo (<key>C</key>) f. Pfte u. Vcllo</title>. <pubPlace key="place_0080">Bremen</pubPlace>, <publisher key="publ_0640">Cranz</publisher> 1 Rt. 20 Ngr.</bibl>
<bibl id="hofm_1870_02_0019_17"><composer key="compo_028396">Ries, Frç.</composer>, Op. <opus key="opus_0806">15</opus>. <title>Légende (<key>E</key>) p. Violon av. Pfte</title>. <pubPlace key="place_0438">Mainz</pubPlace>, <publisher key="publ_3563">Schott</publisher> 1 Fl. 30 Xr.</bibl>
<bibl id="hofm_1870_02_0019_18"><composer key="compo_032348">Singer, E.</composer>, Op. <opus key="opus_1802">25</opus>. <title>Concertstück über Motive a. Ernani, v. Verdi, f. Violine m. Pfte</title>. <pubPlace key="place_0392">Leipzig</pubPlace>, <publisher key="publ_2017">Kistner</publisher> 1 Rt. 5 Ngr.</bibl>
<bibl id="hofm_1870_02_0019_19"><composer key="compo_033043">Steckmest, H.</composer>, Op. <opus key="opus_0927">16</opus>. <title>6 Transcriptions p. Flûte av. Pfte. No. 1. Von meinem Bergle muss i scheiden. No. 2. Im Rosenduft. No. 3. Lang, lang ist’s her. No. 4. Robin Adair. No. 5. Der rothe Sarafan No. 6. Santa Lucia</title>. <pubPlace key="place_0438">Mainz</pubPlace>, <publisher key="publ_3563">Schott</publisher> à 54 Xr.</bibl>
<bibl id="hofm_1870_02_0019_20"><composer key="compo_033940">Swort, J. de</composer>, Op. <opus key="opus_4562">9</opus>. <title>Faust, de Gounod. Gr. Fantaisie p. Vclle av. Pfte</title>. <pubPlace key="place_0044">Berlin</pubPlace>, <publisher key="publ_0393">B. u. Bock</publisher> 1 Rt. 7½ Ngr.</bibl>
</div><div id="hofm_1870_02_0019_div05"><head><hofClass key="hofCl_0124">Musik für zwei Pianoforte.</hofClass></head>
<bibl id="hofm_1870_02_0019_21"><composer key="compo_002077">Beethoven, L. v.</composer>, <title>Sinfonien f. 2 Pfte bearbeitet v. A. Horn</title>. <title>No. 3 (<key>Es</key>) [Eroica], Op. <opus key="opus_3385">55</opus></title>. 3 Rt. 20 Ngr. <title>No. 4 (<key>B</key>), Op. <opus key="opus_3586">60</opus></title>. 2 Rt. 22½ Ngr. <pubPlace key="place_0392">Leipzig</pubPlace>, <publisher key="publ_2017">Kistner</publisher>.</bibl></div>
<pb n="20"/>
<div id="hofm_1870_02_0020_div06"><head><hofClass key="hofCl_0170">Musik für Pianoforte zu vier Händen mit Begleitung.</hofClass></head>
<bibl id="hofm_1870_02_0020_01"><composer key="compo_004666">Burchard, Ch.</composer>, <title>Collection d’Ouvertures fav. p. Pfte à 4 Mains, Violon et Vclle</title>. <title>No. 24. Rossini, Tancred</title>. 1 Rt. <title>No. 27. Rossini, Le Siège de Corinthe</title>. 1 Rt. 10 Ngr. <title>No. 29. Rossini, Sémiramide</title>. 1 Rt. 20 Ngr <pubPlace key="place_0276">Hamburg</pubPlace>, <publisher key="publ_0640">Cranz</publisher>.</bibl>
<wip id="hofm_1870_02_0020_02"><composer key="compo_014379">Hermann, Fr.</composer>, <title>Ausgewählte berühmte Ouverturen f. Pfte zu 4 Hdn, Violine u. Vcllo</title>. <pubPlace key="place_0392">Leipzig</pubPlace>, <publisher key="publ_1130">Fritzsch</publisher>. <lb/><title>I. Serie. No. 1. Beethoven. Egment. No. 2. Beethoven, Leonore (No. 3). No. 3. Cherubini, Wasserträger. No. 4. Mozart, Zauberflöte. No. 5. Schubert, Rosamunde</title> à 25 Ngr. cplt. 3 Rt. 15 Ngr. <lb/><title>II „ No. 6. Weber, Euryanthe. No. 7. Weber, Freischütz. No. 8. Weber, Oberon. No. 9. Weber, Preciosa. No. 10. Weber, Jubel-Ouverture</title> à 25 Ngr. cplt 3 Rt. 15 Ngr. <lb/><title>III. „ No. 11. Auber, Stumme. No. 12. Boïeldieu, Weisse Dame. No. 13. Flotow, Martha. No. 14. Herold, Zampa. No. 15. Nicolai, Lustigen Weiber</title> à 25 Ngr. cplt 3 Rt. 15 Ngr.</wip>
</div><div id="hofm_1870_02_0020_div07"><head><hofClass key="hofCl_0171">Musik für Pianoforte zu vier Händen.</hofClass></head>
<bibl id="hofm_1870_02_0020_03"><composer key="compo_002077">Beethoven, L. v.</composer>, <title>Symphonies. 1</title>. <title>Band (No. 1–5)</title>. 2. <title>Band (No. 6–9)</title>. <pubPlace key="place_0078">Braunschweig</pubPlace>, <publisher key="publ_2467">Litolff</publisher> à 1 Rt. 2½ Ngr.</bibl>
<bibl id="hofm_1870_02_0020_04">– <title>Compositions</title>. <pubPlace key="place_0078">Braunschweig</pubPlace>, <publisher key="publ_2467">Litolff</publisher> 10 Ngr.</bibl>
<wip id="hofm_1870_02_0020_05"><composer key="compo_002593">Bernard, P.</composer>, Op. <opus key="opus_4738">99</opus>. <title>Beautés de la Messe solennelle de Rossini</title>. <title>2 Suites</title>. <pubPlace key="place_0438">Mainz</pubPlace>, <publisher key="publ_3563">Schott</publisher> à 1 Fl. 48 Xr.</wip>
<bibl id="hofm_1870_02_0020_06"><composer key="compo_005773">Clementi, M.</composer>, <title>Sonates</title>. <pubPlace key="place_0392">Leipzig</pubPlace>, <publisher key="publ_0437">Br. u. Härtel</publisher> 2 Rt. n.</bibl>
<bibl id="hofm_1870_02_0020_07"><composer key="compo_015612">Hummel, J.N.</composer>, Op. <opus key="opus_4617">92</opus>. <title>Gr. Sonate (<key>As</key>)</title>. <pubPlace key="place_0044">Berlin</pubPlace>, <publisher key="publ_0393">B. u. Bock</publisher> 19½ Ngr.</bibl>
<bibl id="hofm_1870_02_0020_08"><composer key="compo_017336">Ketterer, E.</composer>, Op. <opus key="opus_0065">101</opus>. <title>Gaëtana. Mazurka, arr</title>. <pubPlace key="place_0438">Mainz</pubPlace>, <publisher key="publ_3563">Schott</publisher> 1 Fl.</bibl>
<bibl id="hofm_1870_02_0020_09">– Op. <opus key="opus_1608">220</opus>. <title>Défilé-Marche. Transcription militaire, arr</title>. Ebend. 1 Fl.</bibl>
<bibl id="hofm_1870_02_0020_10"><composer key="compo_022249">Marks, G.W.</composer>, <title>Collection de Potpourris des meilleurs Opéras. No. 119. Gounod, Roméo et Julie. Op. <opus key="opus_1431">203</opus></title>. <pubPlace key="place_0276">Hamburg</pubPlace>, <publisher key="publ_0640">Cranz</publisher> 1 Rt. 15 Ngr.</bibl>
<bibl id="hofm_1870_02_0020_11"><composer key="compo_023890">Mozart, W.A.</composer>, <title>Compositions</title>. <pubPlace key="place_0078">Braunschweig</pubPlace>, <publisher key="publ_2467">Litolff</publisher> 17½ Ngr.</bibl>
<bibl id="hofm_1870_02_0020_12"><composer key="compo_024582">Neldy, A.B.</composer>, Op. <opus key="opus_0392">12</opus>. <title>La Voix du Ciel. Rêverie, arr</title>. <pubPlace key="place_0438">Mainz</pubPlace>, <publisher key="publ_3563">Schott</publisher> 1 Fl. 12 Xr.</bibl>
<bibl id="hofm_1870_02_0020_13"><composer key="compo_028970">Rossini, G.</composer>, <title>Le Barbier de Séville</title>. <pubPlace key="place_0078">Braunschweig</pubPlace>, <publisher key="publ_2467">Litolff</publisher> 20 Ngr.</bibl>
<bibl id="hofm_1870_02_0020_13_k"><composer key="compo_030896">Scholz, B.</composer>, Op. <opus key="opus_1746">24. No. 2</opus>. <title>Walzer</title>. <pubPlace key="place_0080">Bremen</pubPlace>, <publisher key="publ_0640">Cranz</publisher> 25 Ngr.</bibl>
<bibl id="hofm_1870_02_0020_15"><composer key="compo_037761">Wüerst, R.</composer>, Op. <opus key="opus_3316">53</opus>. <title>Intermezzo (<key>D</key>)</title>. <pubPlace key="place_0044">Berlin</pubPlace>, <publisher key="publ_0393">B. u. Bock</publisher> 10 Ngr.</bibl>
</div><div id="hofm_1870_02_0020_div08"><head><hofClass key="hofCl_0166">Musik für Pianoforte allein.</hofClass></head>
<bibl id="hofm_1870_02_0020_16"><composer key="compo_000613">Anderss, A.</composer>, Op. <opus key="opus_1584">22</opus>. <title>Balkon-Scene (Romeo u. Julie). Serenade</title>. <pubPlace key="place_0080">Bremen</pubPlace>, <publisher key="publ_0640">Cranz</publisher> 15 Ngr.</bibl>
<bibl id="hofm_1870_02_0020_17"><composer key="compo_002077">Beethoven, L. v.</composer>, <title>Concertos et Fantaisie</title>. <pubPlace key="place_0078">Braunschweig</pubPlace>, <publisher key="publ_2467">Litolff</publisher> 1 Rt.</bibl>
<bibl id="hofm_1870_02_0020_18">– <title>Sonates</title>. <pubPlace key="place_0078">Braunschweig</pubPlace>, <publisher key="publ_2467">Litolff</publisher> 1 Rt. 7½ Ngr.</bibl>
<bibl id="hofm_1870_02_0020_19"><composer key="compo_004435">Brunner, C.T.</composer>, Op. <opus key="opus_3162">493</opus>. <title>Lichtbilder. Leichte Tonstücke in Rondinoform. 5. Heft</title>. <pubPlace key="place_0386">Langensalza</pubPlace>, <publisher key="publ_3618">Schulbuchhdlg</publisher> 12 Ngr. n.</bibl>
<bibl id="hofm_1870_02_0020_20">– Op. <opus key="opus_3163">494</opus>. <title>Mozart-Klänge. 6 kleine Tonstücke über Melodien von Mozart</title>. <pubPlace key="place_0386">Langensalza</pubPlace>, <publisher key="publ_3618">Schulbuchhdlg</publisher> 9 Ngr. n.</bibl>
<bibl id="hofm_1870_02_0020_21"><composer key="compo_005773">Clementi, M.</composer>, <title>12 Sonatines</title>. <pubPlace key="place_0078">Braunschweig</pubPlace>, <publisher key="publ_2467">Litolff</publisher> 12 Ngr.</bibl>
<bibl id="hofm_1870_02_0020_22"><composer key="compo_006106">Cramer, H.</composer>, <title>Potpourris sur des Motifs d’Opéras fav. No. 176. Rossini. Messe solennelle</title>. <pubPlace key="place_0438">Mainz</pubPlace>, <publisher key="publ_3563">Schott</publisher> 54 Xr.</bibl>
<pb n="21"/>
<bibl id="hofm_1870_02_0021_01"><composer key="compo_009452">Fissot, H.</composer>, Op. <opus key="opus_4300">8</opus>. <title>Romance. Fantasietta. Allegro deciso</title>. <pubPlace key="place_0392">Leipzig</pubPlace>, <publisher key="publ_0437">Br. u. Härtel</publisher> 22½ Ngr.</bibl>
<wip id="hofm_1870_02_0021_02">– Op. <opus key="opus_4562">9</opus>. <title>3 Morceaux</title>. <title>Livr. 1. Melodie. Ländler</title>. <title>Livr. 2. Capriccio</title>. <pubPlace key="place_0392">Leipzig</pubPlace>, <publisher key="publ_0437">Br. u. Härtel</publisher> à 17½ Ngr.</wip>
<bibl id="hofm_1870_02_0021_03"><composer key="compo_011462">Godefroid, F.</composer>, Op. <opus key="opus_0946">160</opus>. <title>Les Gardes françaises. Caprice militaire</title>. <pubPlace key="place_0438">Mainz</pubPlace>, <publisher key="publ_3563">Schott</publisher> 45 Xr.</bibl>
<bibl id="hofm_1870_02_0021_04"><composer key="compo_011740">Gottschalk. L.M.</composer>, Op. <opus key="opus_3351">54</opus>. <title>Impromptu (<key>As</key>)</title>. <pubPlace key="place_0438">Mainz</pubPlace>, <publisher key="publ_3563">Schott</publisher> 1 Fl. 12 Xr.</bibl>
<bibl id="hofm_1870_02_0021_05">– Op. <opus key="opus_3385">55</opus>. <title>Le Cride Délivrance. Caprice héroïque</title>. Ebend. 1 Fl. 21 Xr.</bibl>
<bibl id="hofm_1870_02_0021_06"><composer key="compo_013334">Harmston, J.W.</composer>, Op. <opus key="opus_4460">85</opus>. <title>Sei mir gegrüsst. Klavierstück</title>. <pubPlace key="place_0276">Hamburg</pubPlace>, <publisher key="publ_0640">Cranz</publisher> 12½ Ngr.</bibl>
<bibl id="hofm_1870_02_0021_07"><composer key="compo_013403">Hartmann, E.</composer>, Op. <opus key="opus_4300">8</opus>. <title>Souvenir de Branitz. Gr. Valse</title>. <pubPlace key="place_0083">Brieg</pubPlace>, <publisher key="publ_0472">Bräuer</publisher> 12½ Ngr. n.</bibl>
<bibl id="hofm_1870_02_0021_08"><composer key="compo_013622">Hause, K.</composer>, <title>Neckische Geister. Capriccietto</title>. <pubPlace key="place_0044">Berlin</pubPlace>, <publisher key="publ_0393">B. u. Bock</publisher> 10 Ngr.</bibl>
<bibl id="hofm_1870_02_0021_09"><composer key="compo_013692">Haydn, J.</composer>, <title>10 célèbres Sonates</title>. <pubPlace key="place_0078">Braunschweig</pubPlace>, <publisher key="publ_2467">Litolff</publisher> 12½ Ngr.</bibl>
<bibl id="hofm_1870_02_0021_10"><composer key="compo_014569">Herzberg, Ant.</composer>, Op. <opus key="opus_4654">94</opus>. <title>2de gr. Polka (<key>Es</key>)</title>. <pubPlace key="place_0392">Leipzig</pubPlace>, <publisher key="publ_2017">Kistner</publisher> 10 Ngr.</bibl>
<bibl id="hofm_1870_02_0021_11">– Op. <opus key="opus_4671">95</opus>. <title>Danse cosaque</title>. Ebend. 7½ Ngr.</bibl>
<bibl id="hofm_1870_02_0021_12">– Op. <opus key="opus_0065">101</opus>. <title>Caprice sur une Mélodie de Duloup</title>. <pubPlace key="place_0392">Leipzig</pubPlace>, <publisher key="publ_2017">Kistner</publisher> 12½ Ngr.</bibl>
<bibl id="hofm_1870_02_0021_13">– Op. <opus key="opus_0163">106</opus>. <title>6me gr. Valse (<key>Des</key>)</title>. Ebend. 10 Ngr.</bibl>
<bibl id="hofm_1870_02_0021_14"><composer key="compo_014955">Hlavàč, V.J.</composer>, Op. <opus key="opus_2403">34</opus>. <title>Razdragano srce...</title> <pubPlace key="place_0554">Prag</pubPlace>, <publisher key="publ_1729">Hoffmann</publisher> 20 Ngr.</bibl>
<bibl id="hofm_1870_02_0021_15"><composer key="compo_017336">Ketterer, E.</composer>, Op. <opus key="opus_1778">246</opus>. <title>Danse bohémienne originale</title>. <pubPlace key="place_0438">Mainz</pubPlace>, <publisher key="publ_3563">Schott</publisher> 54 Xr.</bibl>
<bibl id="hofm_1870_02_0021_16">– Op. <opus key="opus_1782">247</opus>. <title>Carillon-Mazurka</title>. Ebend. 1 Fl.</bibl>
<bibl id="hofm_1870_02_0021_17">– Op. <opus key="opus_1856">255</opus>. <title>La Contessina, de Poniatowsky. Romance transcr</title>. <pubPlace key="place_0438">Mainz</pubPlace>, <publisher key="publ_3563">Schott</publisher> 45 Xr.</bibl>
<bibl id="hofm_1870_02_0021_18"><composer key="compo_017703">Kleinmichel, R.</composer>, Op. <opus key="opus_1372">2</opus>. <title>Valse-Caprice</title>. <pubPlace key="place_0276">Hamburg</pubPlace>, <publisher key="publ_0640">Cranz</publisher> 15 Ngr.</bibl>
<bibl id="hofm_1870_02_0021_19">– Op. <opus key="opus_2116">3</opus>. <title>Impromptu en Forme d’Etude</title>. Ebend. 12½ Ngr.</bibl>
<bibl id="hofm_1870_02_0021_20"><composer key="compo_018140">Kohmann, H.</composer>, Op. <opus key="opus_4300">8</opus>. <title>Um Mitternacht im Walde. Tongemälde in Walzerform</title>. <pubPlace key="place_0044">Berlin</pubPlace>, <publisher key="publ_0393">B. u. Bock</publisher> 17½ Ngr.</bibl>
<bibl id="hofm_1870_02_0021_21">– Op. <opus key="opus_4562">9</opus>. <title>Reigen vom Ostseegestade. Tongemälde in Walzerform</title>. Ebend. 17½ Ngr.</bibl>
<bibl id="hofm_1870_02_0021_22"><composer key="compo_018604">Krause, Rich.</composer>, Op. <opus key="opus_4562">9</opus>. <title>Alma-Polka-Mazurka brill</title>. <pubPlace key="place_0044">Berlin</pubPlace>, <publisher key="publ_0393">B. u. Bock</publisher> 10 Ngr.</bibl>
<bibl id="hofm_1870_02_0021_23"><composer key="compo_020773">Leybach, J.</composer>, Op. <opus key="opus_0427">121</opus>. <title>Ecossaise. Caprice brill</title>. <pubPlace key="place_0438">Mainz</pubPlace>, <publisher key="publ_3563">Schott</publisher> 54 Xr.</bibl>
<bibl id="hofm_1870_02_0021_24">– Op. <opus key="opus_0443">122</opus>. <title>Le Pré aux Cleres, de Hérold. Fantaisie brill</title>. Ebend. 1 Fl. 12 Xr.</bibl>
<wip id="hofm_1870_02_0021_25"><composer key="compo_021202">Loeschhorn, A.</composer>, Op. <opus key="opus_4601">91</opus>. <title>Conversations musicales 4 Morceaux élég</title>. <title>No. 1. La petite Galante</title>. 15 Ngr. <title>No. 2. Romance</title>. 12½ Ngr. <title>No. 3. Barcarolle</title>. 15 Ngr. <title>No. 4. Impromptu</title>. 12½ Ngr. <pubPlace key="place_0044">Berlin</pubPlace>, <publisher key="publ_0393">B. u. Bock</publisher>.</wip>
<bibl id="hofm_1870_02_0021_26">– Op. <opus key="opus_4617">92</opus>. <title>Nocturne romantique</title>. Ebend. 17½ Ngr.</bibl>
<bibl id="hofm_1870_02_0021_27"><composer key="compo_023890">Mozart, W.A.</composer>, <title>Sonates</title>. <pubPlace key="place_0078">Braunschweig</pubPlace>, <publisher key="publ_2467">Litolff</publisher> 25 Ngr.</bibl>
<bibl id="hofm_1870_02_0021_28">– <title>Célèbres Symphonies</title>. <pubPlace key="place_0078">Braunschweig</pubPlace>, <publisher key="publ_2467">Litolff</publisher> 20 Ngr.</bibl>
<wip id="hofm_1870_02_0021_29"><composer key="compo_026846">Popp. W.</composer>, <title>Geschichte der Musik. Portraits, Biographien u. Proben aus den Werken der berühmten Tondichter d. 18. u. 19. Jahrhunderts</title>. <title>6. u. 7. Heft</title>. <pubPlace key="place_0386">Langensalza</pubPlace>, <publisher key="publ_3618">Schulbuchhdlg</publisher> à 9 Ngr. n.</wip>
<bibl id="hofm_1870_02_0021_30"><composer key="compo_028970">Rossini, G.</composer>, <title>Messe solennelle, arr</title>. <pubPlace key="place_0438">Mainz</pubPlace>, <publisher key="publ_3563">Schott</publisher> 3 Fl. n.</bibl>
<bibl id="hofm_1870_02_0021_31"><composer key="compo_030426">Schlottmann, L.</composer>, Op. <opus key="opus_1271">19</opus>. <title>Andantino mit Var</title>. <pubPlace key="place_0044">Berlin</pubPlace>, <publisher key="publ_0393">B. u. Bock</publisher> 15 Ngr.</bibl>
<bibl id="hofm_1870_02_0021_32">– Op. <opus key="opus_1390">20</opus>. <title>2 Scherzi u. Romanze</title>. <title>No. 1. Scherzo (<key>Dm</key>.)</title>. 15 Ngr. <title>No. 2. Scherzo (<key>G</key>)</title>. 12½ Ngr. <title>No. 3. Romanze (<key>Fism</key>.)</title>. 7½ Ngr. Ebend.</bibl>
<bibl id="hofm_1870_02_0021_33">– Op. <opus key="opus_1482">21</opus>. <title>Capriccio alla Mazurka</title>. Ebend. 17½ Ngr.</bibl>
<bibl id="hofm_1870_02_0021_34"><composer key="compo_031123">Schubert, Frç.</composer>, <title>Sonates</title>. <pubPlace key="place_0078">Braunschweig</pubPlace>, <publisher key="publ_2467">Litolff</publisher> 25 Ngr.</bibl>
<pb n="22"/>
<bibl id="hofm_1870_02_0022_01"><composer key="compo_031123">Schubert. Frç.</composer>, <title>Andante m. Var. (Der Tod und das Mädchen) a. d. Violin-Quartett (Dm.) einger. v. L. Studemund</title>. <pubPlace key="place_0589">Rostock</pubPlace>, <publisher key="publ_4363">Wessel</publisher> 15 Ngr.</bibl>
<bibl id="hofm_1870_02_0022_02"><composer key="compo_031181">Schulhoff, J.</composer>, Op. <opus key="opus_3490">58</opus>. <title>3 Sérénades</title>. <pubPlace key="place_0438">Mainz</pubPlace>, <publisher key="publ_3563">Schott</publisher> 1 Fl. 12 Xr.</bibl>
<bibl id="hofm_1870_02_0022_03"><composer key="compo_032492">Smith, Sidney</composer>, Op. <opus key="opus_4070">73</opus>. <title>L’Elisire d’Amore, de Donizetti</title>. <pubPlace key="place_0438">Mainz</pubPlace>, <publisher key="publ_3563">Schott</publisher> 1 Fl. 12 Xr.</bibl>
<bibl id="hofm_1870_02_0022_04">– Op. <opus key="opus_4377">82</opus>. <title>Un Jour d’Automne. Morceau élég</title>. Ebend. 54 Xr.</bibl>
<wip id="hofm_1870_02_0022_05"><composer key="compo_033590">Streabbog, L.</composer>, <title>Premières Etudes des jeunes Pianistes</title>. <title>1er Degré, Op. <opus key="opus_3738">63</opus>. 12 Etudes mélodiques très-faciles</title>. <title>2e Degré, Op. <opus key="opus_3767">64</opus>. 12 Etudes mélodiques faciles</title>. <pubPlace key="place_0438">Mainz</pubPlace>, <publisher key="publ_3563">Schott</publisher> à 2 Fl.</wip>
<bibl id="hofm_1870_02_0022_06">– Op. <opus key="opus_3825">66</opus>. <title>3 Pensées mignonnes. No. 1, Cantilène. No. 2. Réverie. No. 3. Rondo villageois</title>. Ebend. à 18 Xr.</bibl>
<bibl id="hofm_1870_02_0022_07">– Op. <opus key="opus_3868">67</opus>. <title>Les Joies de la Jeunesse. 3 Morceaux faciles. No. 1. Marche triomphale. No. 2. Pas redoublé. No. 3. Tarantelle mignonne</title>. Ebend. à 18 Xr.</bibl>
<bibl id="hofm_1870_02_0022_08"><composer key="compo_034787">Trehde, G.</composer>, Op. <opus key="opus_1060">169</opus>. <title>Au Printemps, de Gounod, transcr</title>. <pubPlace key="place_0537">Paris</pubPlace> (<pubPlace key="place_0044">Berlin</pubPlace>, <publisher key="publ_1161">Fürstner</publisher>) 17½ Ngr.</bibl>
<bibl id="hofm_1870_02_0022_09">– <title>Transcriptionen über berühmte Volkslieder. No. 1. Es zogen drei Bursche, Op. <opus key="opus_1091">171</opus>. No. 2. Hans und Liese, Op. <opus key="opus_1107">172</opus>. No. 3. Thüringer Volkslied, Op. <opus key="opus_1115">173</opus>. No. 4. Der Mensch soll nicht stolz sein. No. 5. Der Tyroler und sein Kind. No. 6. Lang’, lang’ ist’s her</title>. à 5 Ngr. n. <pubPlace key="place_0386">Langensalza</pubPlace>, <publisher key="publ_3618">Schulbuchhdlg</publisher> cplt 1 Rt. n.</bibl>
<bibl id="hofm_1870_02_0022_10"><composer key="compo_035265">Valentin, P.</composer>, <title>Les Pianistes de l’Avenir. 6 Morceaux sans Octaves. No. 1. Marguerite, Polka. No. 2. Marie, Valse. No. 3. Jeanne, Polka-Mazurka. No. 4. Paul, Marsche. No. 5. Albert, Boléro. No. 6. Frédérie, Galop</title>. <pubPlace key="place_0044">Berlin</pubPlace>, <publisher key="publ_0393">B. u. Bock</publisher> à 5 Ngr.</bibl>
<bibl id="hofm_1870_02_0022_11"><composer key="compo_036249">Weber, C.M. de</composer>, <title>Sonates</title>. <pubPlace key="place_0078">Braunschweig</pubPlace>, <publisher key="publ_2467">Litolff</publisher> 15 Ngr.</bibl>
<bibl id="hofm_1870_02_0022_12">– <title>Compositions diverses. (Op. <opus key="opus_0392">12</opus>, Momento capriccioso. Op. <opus key="opus_1482">21</opus>, Gr. Polonaise. Op. <opus key="opus_3701">62</opus>, Rondo brillant. Op. <opus key="opus_3798">65</opus>, Invitation à la Danse. Op. <opus key="opus_4045">72</opus>, Polacca brillante. Op. <opus key="opus_4354">81</opus>, Les Adieux. Allegro di Bravura. Dernière Pensée.)</title> <pubPlace key="place_0078">Braunschweig</pubPlace>, <publisher key="publ_2467">Litolff</publisher> 10 Ngr.</bibl>
<bibl id="hofm_1870_02_0022_13"><composer key="compo_036519">Weiss, Jul.</composer>, Op. <opus key="opus_4096">74</opus>. <title>6 Tonstücke über beliebte Volkslieder. No. 1. Gallenberg, Favorit-Walzer. No. 2. Hörst du das mächtige Klingen? No. 3. Weber’s letzter Gedanke. No. 4. Volkslieder-Marsch. No. 5. Weihnachtsfeier. No. 6. Kleine Volkslieder-Fantasie</title>. <pubPlace key="place_0044">Berlin</pubPlace>, <publisher key="publ_4336">Jul. Weiss</publisher> à 10 Ngr.</bibl>
</div><div id="hofm_1870_02_0022_div09"><head><hofClass key="hofCl_0270">Ouverturen für Pianoforte allein, sowie mit Begleitung eines andern Instruments.</hofClass></head>
<bibl id="hofm_1870_02_0022_14"><composer key="compo_002205">Bellini, V.</composer>, <title>Ouvertures p. Pfte et Violon</title>. <pubPlace key="place_0078">Braunschweig</pubPlace>, <publisher key="publ_2467">Litolff</publisher> 15 Ngr.</bibl>
<bibl id="hofm_1870_02_0022_15"><composer key="compo_023890">Mozart, W.A.</composer>, <title>Ouvertures p. Pfte et Violon</title>. <pubPlace key="place_0078">Braunschweig</pubPlace>, <publisher key="publ_2467">Litolff</publisher> 15 Ngr.</bibl>
<album id="hofm_1870_02_0022_16"><title>Ouvertures p. Pfte et Violon. No. 1. <composer key="compo_002199">Bellini</composer>, Norma. No. 2. Les Puritains. No. 3. La Sonnambula. No. 4. Roméo et Juliette. No. 5. La Straniera. No. 6. Le Pirate. No. 7. <composer key="compo_023884">Mozart</composer>, Don Juan. No. 8. La Flûte enchantée. No. 9. Les Noces de Figaro. No. 10. La Clémence de Titus. No. 11. Così fan tutte. No. 12. L’Enlèvement du Sérail. No. 13. Idomenée. No. 14. L’Empressario. No. 15. <composer key="compo_028968">Rossini</composer>, Le Barbier de Séville. No. 16. Othello. No. 17. Tancréde. No. 18. L’Italienne à Alger. No. 19. La Gazza ladra. No. 20. Sémiramis</title>. <pubPlace key="place_0078">Braunschweig</pubPlace>, <publisher key="publ_2467">Litolff</publisher> à 4 Ngr.</album>
<bibl id="hofm_1870_02_0022_17"><composer key="compo_028970">Rossini, G.</composer>, <title>Ouvertures p. Pfte et Violon</title>. <pubPlace key="place_0078">Braunschweig</pubPlace>, <publisher key="publ_2467">Litolff</publisher> 15 Ngr.</bibl></div>
<pb n="23"/>
<div id="hofm_1870_02_0023_div10"><head><hofClass key="hofCl_0288">Tänze für Pianoforte.</hofClass></head>
<bibl id="hofm_1870_02_0023_01"><composer key="compo_000297">Alberti, H.</composer>, <title>Champagner-Galopp, arr</title>. <pubPlace key="place_0276">Hamburg</pubPlace>, <publisher key="publ_0640">Cranz</publisher> 5 Ngr.</bibl>
<bibl id="hofm_1870_02_0023_02">– <title>Jockey-Polka, arr</title>. Ebend. 5 Ngr.</bibl>
<bibl id="hofm_1870_02_0023_03"><title>Boutons de Fleurs. Leichte Original-Tänze. 4. Lief</title>. <pubPlace key="place_0386">Langensalza</pubPlace>, <publisher key="publ_3618">Schulbuchhdlg</publisher> 9 Ngr. n.</bibl>
<bibl id="hofm_1870_02_0023_04"><composer key="compo_005923">Conradi, A.</composer>, Op. <opus key="opus_0314">114</opus>. <title>Auf eigenen Füssen. Galopp a. d. gleichn. Posse</title>. <pubPlace key="place_0044">Berlin</pubPlace>, <publisher key="publ_0393">B. u. Bock</publisher> 7½ Ngr.</bibl>
<bibl id="hofm_1870_02_0023_05"><composer key="compo_008479">Ergmann, A.</composer>, <title>Das Meteor. Walzer</title>. <pubPlace key="place_0080">Bremen</pubPlace>, <publisher key="publ_0640">Cranz</publisher> 12½ Ngr.</bibl>
<bibl id="hofm_1870_02_0023_06"><composer key="compo_012523">Gung’l, J.</composer>, Op. <opus key="opus_1708">237</opus>. <title>Kaufmauns Casino-Tänze. Walzer</title>. <pubPlace key="place_0044">Berlin</pubPlace>, <publisher key="publ_0393">B. u. Bock</publisher> 15 Ngr.</bibl>
<bibl id="hofm_1870_02_0023_07"><composer key="compo_018243">Komzák, K.</composer>, <title>Die Linzerin. Polka française</title>. <pubPlace key="place_0689">Troppau</pubPlace>, <publisher key="publ_0499">Buchholz u. D</publisher>. 5 Ngr.</bibl>
<bibl id="hofm_1870_02_0023_08">– <title>Die Träumerin. Polka française</title>. Ebend. 5 Ngr.</bibl>
<bibl id="hofm_1870_02_0023_09"><composer key="compo_031123">Schubert, Frç.</composer>, <title>Danses</title>. <pubPlace key="place_0078">Braunschweig</pubPlace>, <publisher key="publ_2467">Litolff</publisher> 12½ Ngr.</bibl>
<wip id="hofm_1870_02_0023_10"><composer key="compo_033590">Streabbog, L.</composer>, Op. <opus key="opus_3798">65</opus>. <title>La Guirlande de Roses. 6 Danses faciles (2me Suite)</title>. <title>No. 1. Valse</title>. <title>No. 2. Polka</title>. <title>No. 3. Schottisch</title>. <title>No. 4. Polka-Mazurka</title>. <title>No. 5. Galop</title> à 18 Xr. <title>No. 6. Quadrille</title>. 36 Xr. <pubPlace key="place_0438">Mainz</pubPlace>, <publisher key="publ_3563">Schott</publisher>.</wip>
<bibl id="hofm_1870_02_0023_11"><composer key="compo_035881">Wagner, Fr.</composer>, Op. <opus key="opus_3988">70</opus>. <title>Velocipeden-Galopp</title>. <pubPlace key="place_0044">Berlin</pubPlace>, <publisher key="publ_0393">B. u. Bock</publisher> 7½ Ngr.</bibl>
</div><div id="hofm_1870_02_0023_div11"><head><hofClass key="hofCl_0072">Lehrbücher für Pianoforte.</hofClass></head>
<bibl id="hofm_1870_02_0023_12"><composer key="compo_037397">Wohlfahrt, Heinr.</composer>, <title>Kinder-Klavierschule od. musikal. A-B-C. u. Lesebuch. <edition>18. Aufl</edition></title>. <pubPlace key="place_0392">Leipzig</pubPlace>, <publisher key="publ_0437">Br. u. Härtel</publisher> 1 Rt.</bibl>
<bibl id="hofm_1870_02_0023_13">– <title>Der Klavierfreund. Ein progressiver Klavierunterricht f. Kinder. <edition>6. Umgearb. Aufl</edition></title>. Ebend. 1 Rt.</bibl>
</div><div id="hofm_1870_02_0023_div12"><head><hofClass key="hofCl_0225">Musik für Orgel.</hofClass></head>
<bibl id="hofm_1870_02_0023_14"><composer key="compo_017026">Katterfeldt, J.</composer>, Op. <opus key="opus_1165">18</opus>. <title>Kirchen-Symphonie f. Org., Piccolo, Cornett, 2 Tromp., Althorn, Tenorhorn u. Cb</title>. <pubPlace key="place_0044">Berlin</pubPlace>, <publisher key="publ_0393">B. u. Bock</publisher> 1 Rt.</bibl>
<bibl id="hofm_1870_02_0023_15"><composer key="compo_026457">Pietschner, Fr.</composer>, Op. <opus key="opus_4562">9</opus>. <title>60 kurze Einleitungssätze u. Präludien f. Org</title>. <pubPlace key="place_0044">Berlin</pubPlace>, <publisher key="publ_0393">B. u. Bock</publisher> 20 Ngr.</bibl>
<bibl id="hofm_1870_02_0023_16"><composer key="compo_029762">Sattler, H.</composer>, Op. <opus key="opus_2509">36</opus>. <title>Präludien-Buch. Vorspiele zu den gebräuchlichsten Choral-Melodien, zunächst zu dem neuen Oldenburger Gesangbuche</title>. <pubPlace key="place_0720">Weimar</pubPlace>, <publisher key="publ_2257">Kühn</publisher> 1 Rt. 15 Ngr. *n.</bibl>
</div><div id="hofm_1870_02_0023_div13"><head><hofClass key="hofCl_0161">Musik für Harmonium.</hofClass></head>
<wip id="hofm_1870_02_0023_17"><composer key="compo_002865">Bial, K.</composer>, <title>Sammlung beliebter Lieder f. Harmon</title>. <title>Heft 1. Schubert, 10 Lieder (Wohin? Der Neugierige. Morgengruss. Das Wirthshaus. Ständchen [Leise flehen]. Ihr Bild. Du bist die Ruh’. Lob der Thränen. Ave Maria. Adieu.)</title> 20 Ngr. <title>Heft 2. Beethoven, 6 geistliche Lieder (Bitten. Gottes Macht und Vorsehung. Die Liebe des Nächsten. Vom Tode. Die Ehre Gottes aus der Natur. Busslied.) Mozart, Ave verum</title>. 12½ Ngr. <pubPlace key="place_0044">Berlin</pubPlace>, <publisher key="publ_0393">B. u. Bock</publisher>.</wip>
<bibl id="hofm_1870_02_0023_18"><composer key="compo_004305">Brisson, Fréd.</composer>, Op. <opus key="opus_0094">102</opus>. <title>Messe solennelle, de Rossini. Méditation p. Pfte, Viol. (ou Vclle) et Orgue-Mélodium</title>. <pubPlace key="place_0438">Mainz</pubPlace>, <publisher key="publ_3563">Schott</publisher> 2 Fl. 24 Xr.</bibl>
<bibl id="hofm_1870_02_0023_19"><composer key="compo_005681">Ciardi, C.</composer>, <title>Une Larme au Tombeau de Rossini. Chant élégiaque p. Viol., Flûte, Vclle, Harpe, Pfte et Orgue-Mélodium</title>. <pubPlace key="place_0438">Mainz</pubPlace>, <publisher key="publ_3563">Schott</publisher> 1 Fl. 48 Xr.</bibl>
<pb n="24"/>
<wip id="hofm_1870_02_0024_01"><composer key="compo_021548">Lux, Fréd.</composer>, <title>Mélodies de Frç. Schubert, arr. p. Pfte, Vclle et Orgue-Mélodium</title>. <title>No. 1. Au Bord de la Mer</title>. 54 Xr. <title>No. 2. L’Eloge des Larmes</title>. <title>No. 3. Sérénade</title> à 1 Fl. <pubPlace key="place_0438">Mainz</pubPlace>, <publisher key="publ_3563">Schott</publisher>.</wip>
<wip id="hofm_1870_02_0024_02"><composer key="compo_021976">Mailly, M.</composer>, Op. <opus key="opus_2116">3</opus>. <title>6 Morceaux caractér. p. Harmon</title>. <title>No. 1. La Réverie</title>. <title>No. 2. Le Badinage</title>. <title>No. 3. Le Crépuscule</title>. <title>No. 4. La Pastorale</title> à 45 Xr. <title>No. 5. L’Angélus</title>. 36 Xr. <title>No. 6. La Fête villageoise</title>. 1 Fl. <pubPlace key="place_0438">Mainz</pubPlace>, <publisher key="publ_3563">Schott</publisher>.</wip>
<bibl id="hofm_1870_02_0024_03"><composer key="compo_023742">Moreaux, Edm.</composer>, Op. <opus key="opus_4671">95</opus>. <title>Agnus Dei de la Messe solennelle, de Rossini, transcr. p. Orgue-Mélodium et Pfte</title>. <pubPlace key="place_0438">Mainz</pubPlace>, <publisher key="publ_3563">Schott</publisher> 1 Fl. 48 Xr.</bibl>
<wip id="hofm_1870_02_0024_04"><composer key="compo_032966">Stapf, E.</composer>, Op. <opus key="opus_0234">11</opus>. <title>Tableaux dramatiques. Sammlung beliebter Scenen, Arien etc. aus Opern f. Harmon. u. Pfte (od. 2 Pfte)</title> <title>No. 5. Mozart, Introd., Arie u. Quintett a. d. Zauberflöte</title>. 15 Ngr. <title>No. 6. Wagner, Seene u. Lied an den Abendstern a. Tannhäuser</title>. 12½ Ngr. <title>No. 7. Weber, Seene u. Arie a. Freischütz</title>. 15 Ngr. <title>No. 8, Meyerbeer, Krönungsmarsch a. d. Prophet</title>. 12½ Ngr. <pubPlace key="place_0662">Stuttgart</pubPlace>, <publisher key="publ_3965">Stürmer</publisher>.</wip>
</div><div id="hofm_1870_02_0024_div14"><head><hofClass key="hofCl_0068">Kirchenmusik.</hofClass></head>
<bibl id="hofm_1870_02_0024_05"><composer key="compo_001225">Bach, J.S.</composer>, <title>Pfingstkantate. Arie (<key>A</key>): Mein gläubiges Herz frohlocke</title>. <pubPlace key="place_0044">Berlin</pubPlace>, <publisher key="publ_0393">B. u. Bock</publisher> 2½ Ngr.</bibl>
<wip id="hofm_1870_02_0024_06"><composer key="compo_004373">Bruch, M.</composer>, Op. <opus key="opus_2458">35</opus>. <title>Kyrie, Sanctus u. Agnus Dei f. Doppelchor, 2 S.-Soli, Orch. u. Org. (ad lib.)</title> <format>Part</format>. 3 Rt. <format>Orch.-St</format>. 3 Rt. 15 Ngr. <format>Solo- u. Chor-St</format>. 8. 1 Rt. 5 Ngr. <pubPlace key="place_0392">Leipzig</pubPlace>, <publisher key="publ_0437">Br. u. Härtel</publisher>.</wip>
<bibl id="hofm_1870_02_0024_07"><composer key="compo_004373">Bruch, M.</composer>, Op. <opus key="opus_2458">35</opus>. <title>Kyrie, Sanctus u. Agnus Dei, f. Doppelchor u. 2 S.-Soli</title>. <format>Klav.-Ausz</format>. 1 Rt. 15 Ngr. <format>Solo- u. Chor-St</format>. 8. 1 Rt. 5 Ngr. <pubPlace key="place_0392">Leipzig</pubPlace>, <publisher key="publ_0437">Br. u. Härtel</publisher>.</bibl>
<bibl id="hofm_1870_02_0024_08"><composer key="compo_006056">Costa, M.</composer>, <title>Naeman. Oratorium, deutsch u. engl. <format>Klav.-Ausz</format></title>. 8. <pubPlace key="place_0392">Leipzig</pubPlace>, <publisher key="publ_0437">Br. u. Härtel</publisher> 5 Rt.</bibl>
<bibl id="hofm_1870_02_0024_09"><composer key="compo_010394">Führer, R.</composer>, <title>Lateinische kurze Lytanci (<key>B</key>) auf die Marienfeste, f. S., A., B. u. Org. oblig., 2 Clarin., 2 Hörn. (od. Tromp.) u. Cb. nicht oblig., einger. v. K. Högg</title>. <pubPlace key="place_0026">Augsburg</pubPlace>, <publisher key="publ_0538">Böhm</publisher> 22½ Ngr.</bibl>
<bibl id="hofm_1870_02_0024_10">– Idem f. 3 Singst. u. Org. Ebend. 10 Ngr.</bibl>
<bibl id="hofm_1870_02_0024_11">– <title>Lateinische kurze Messen auf die Monatssonntage m. Offertorium u. Tautum ergo, f. S., A., B., 2 Viol. u. Org. oblig., 2 Clarin., 2 Hörn., 2 Tromp. u. Cb. nicht oblig., einger. v. K. Högg. No. 1 (<key>C</key>). No. 2 (<key>Es</key>). No. 3 (<key>B</key>)</title>. Ebend. à 1 Rt. 4 Ngr.</bibl>
<bibl id="hofm_1870_02_0024_12">– Idem f. 3 Singst. u. Org. No. 1–3. Ebend. à 17 Ngr.</bibl>
<bibl id="hofm_1870_02_0024_13">– <title>3 Pange lingua (<key>C</key>, <key>Es</key>, <key>B</key>) f. S., A., B., 2 Viol. u. Org. obl., 2 Clarin., 2 Tromp. u. Cb. nicht oblig., einger. v. K. Högg</title>. qu.-8. Ebend. 17 Ngr.</bibl>
<bibl id="hofm_1870_02_0024_14">– Idem f. 3 Singst. u. Org. qu.-8. Ebend. 8½ Ngr.</bibl>
<bibl id="hofm_1870_02_0024_15"><composer key="compo_014186">Hennig, K.</composer>, <title>Die Sternennacht. Oratorium. Arie (<key>A</key>): Lächelnd blinket, m. Pfte</title>. <pubPlace key="place_0044">Berlin</pubPlace>, <publisher key="publ_0393">B. u. Bock</publisher> 10 Ngr.</bibl>
<bibl id="hofm_1870_02_0024_16"><composer key="compo_019691">Lachner, V.</composer>, Op. <opus key="opus_2915">43</opus>. <title>Der 100ste Psalm (Jauchzet dem Herrn) f. Chor, T. (od. S.-) Solo u. Orch</title>. <format>Part</format>. 8. 2 Fl. 24 Xr. <format>Orch.-St</format>. 3 Fl. <format>Singst</format>. 8. 45 Xr. <pubPlace key="place_0438">Mainz</pubPlace>, <publisher key="publ_3563">Schott</publisher>.</bibl>
<bibl id="hofm_1870_02_0024_17"><composer key="compo_019691">Lachner, V.</composer>, Op. <opus key="opus_2915">43</opus>. <title>Der 100ste Psalm (Jauchzet dem Herrn) f. Chor u. T.-(od. S.-) Solo. <format>Klav.-Ausz. u. Singst</format></title>. 8. <pubPlace key="place_0438">Mainz</pubPlace>, <publisher key="publ_3563">Schott</publisher> 1 Fl. 48 Xr.</bibl>
<bibl id="hofm_1870_02_0024_18"><title>Psalm 121. V. 7, 8 (Der Herr behüte dich) f. Männerst., bei Einführungen v. Geistlichen u. Lehrern zu gebrauchen. <format>Part. u. St</format></title>. <pubPlace key="place_0386">Langensalza</pubPlace>, <publisher key="publ_3618">Schulbuchhdlg</publisher> 6 Ngr. n.</bibl>
<bibl id="hofm_1870_02_0024_19"><composer key="compo_028970">Rossini, G.</composer>, <title>Messe solennelle à 4 Voix, Soli et Choeurs. Singst</title>. 8. <pubPlace key="place_0438">Mainz</pubPlace>, <publisher key="publ_3563">Schott</publisher> 1 Fl. 48 Xr.</bibl></div>
<pb n="25"/>
<div id="hofm_1870_02_0025_div15"><head><hofClass key="hofCl_0020">Gesangstücke für Concertmusik mit Orchester-Begleitung.</hofClass></head>
<bibl id="hofm_1870_02_0025_01"><composer key="compo_004373">Bruch, M.</composer>, Op. <opus key="opus_2066">29</opus>. <title>Rorate Coeli f. gem. Chor, Orch. u. Org. (ad lib.)</title> <format>Part</format>. 8. 1 Rt. 10 Ngr. <format>Orch.-St</format>. 2 Rt. 15 Ngr. <format>Chor-St</format>. 8. 15 Ngr. <pubPlace key="place_0392">Leipzig</pubPlace>, <publisher key="publ_2017">Kistner</publisher>.</bibl>
<bibl id="hofm_1870_02_0025_02">– Op. <opus key="opus_2188">31. No. 1</opus>. <title>Die Flucht nach Egypten, f. S.-Solo, Frauenchor u. Orch</title>. <format>Part</format>. 8. 1 Rt. <format>Orch.-St</format>. 1 Rt. <format>Chor-St</format>. 8. 4½ Ngr. Ebend.</bibl>
<bibl id="hofm_1870_02_0025_03">– Op. <opus key="opus_2196">31. No. 2</opus>. <title>Morgenstunde, f. S.-Solo, Frauenchor u. Orch</title>. <format>Part</format>. 8. 25 Ngr. <format>Orch.-St</format>. 1 Rt. 12½ Ngr. <format>Chor-St</format>. 8. 5 Ngr. Ebend.</bibl>
<bibl id="hofm_1870_02_0025_04"><composer key="compo_010502">Gade, N.W.</composer>, Op. <opus key="opus_3029">46</opus>. <title>Beim Sonnenuntergang. Concertstück f. gem. Chor u. Orch</title>. <format>Part</format>. 8. 20 Ngr. <format>Orch.-St</format>. 2 Rt. <format>Chor-St</format>. 8. 10 Ngr. <pubPlace key="place_0392">Leipzig</pubPlace>, <publisher key="publ_2017">Kistner</publisher>.</bibl>
<bibl id="hofm_1870_02_0025_05"><composer key="compo_023890">Mozart, W.A.</composer>, <title>Die Hochzeit des Figaro. Oper. <format>Part</format></title>. <pubPlace key="place_0392">Leipzig</pubPlace>, <publisher key="publ_0437">Br. u. Härtel</publisher> 12 Rt. n.</bibl>
<bibl id="hofm_1870_02_0025_06"><composer key="compo_029104">Rubinstein, Ant.</composer>, <title>Die Rache. Oper. Lied der Sulima f. A.-Solo, Chor u. Orch. <format>Part</format></title>. 8. <pubPlace key="place_0044">Berlin</pubPlace>, <publisher key="publ_1161">Fürstner</publisher> 1 Rt. 15 Ngr.</bibl>
</div><div id="hofm_1870_02_0025_div16"><head><hofClass key="hofCl_0102">Mehrstimmige Gesänge mit und ohne Pianoforte.</hofClass></head>
<bibl id="hofm_1870_02_0025_07"><composer key="compo_004373">Bruch, M.</composer>, Op. <opus key="opus_2066">29</opus>. <title>Rorate Coeli, f. gem. Chor</title>. <format>Klav.-Ausz</format>. 1 Rt. 10 Ngr. <format>Sing-St</format>. 8. 15 Ngr. <pubPlace key="place_0392">Leipzig</pubPlace>, <publisher key="publ_2017">Kistner</publisher>.</bibl>
<bibl id="hofm_1870_02_0025_08">– Op. <opus key="opus_2188">31. No. 1</opus>. <title>Die Flucht nach Egypten, f. S.-Solo u. Frauenchor</title>. <format>Klav.-Ausz</format>. 25 Ngr. <format>Chor-St</format>. 8. 4½ Ngr. Ebend.</bibl>
<bibl id="hofm_1870_02_0025_09">– Op. <opus key="opus_2196">31. No. 2</opus>. <title>Morgenstunde, f. S.-Solo u. Frauenchor</title>. <format>Klav.-Ausz</format>. 20 Ngr. <format>Chor.-St</format>. 8. 5 Ngr. Ebend.</bibl>
<bibl id="hofm_1870_02_0025_10"><composer key="compo_010502">Gade, N.W.</composer>, Op. <opus key="opus_3029">46</opus>. <title>Beim Sonnenuntergang. Concertstück f. gem. Chor</title>. <format>Klav.-Ausz</format>. 20 Ngr. <format>Chor-St</format>. 8. 10 Ngr. <pubPlace key="place_0392">Leipzig</pubPlace>, <publisher key="publ_2017">Kistner</publisher> 20 Ngr.</bibl>
<bibl id="hofm_1870_02_0025_11"><composer key="compo_026940">Prätorius, M.</composer>, <title>4 altdeutsche Lieder f. 4stimm. Chor, einger. v. K. Riedel (Es ist ein’ Ros’ entsprungen. Dem neugebornen Kindelein. Den die Hirten lobten sehre. In Bethlehem ein Kindelein). <format>Part. u. St</format></title>. (15 Ngr.) 8. <pubPlace key="place_0392">Leipzig</pubPlace>, <publisher key="publ_4282">Wartig</publisher> 1 Rt.</bibl>
</div><div id="hofm_1870_02_0025_div17"><head><hofClass key="hofCl_0268">Opermusik mit Pianofortebegleitung.</hofClass></head>
<bibl id="hofm_1870_02_0025_12"><composer key="compo_002205">Bellini, V.</composer>, <title>Norma. <format>Klav.-Ausz</format>. deutsch u. ital</title>. 8. <pubPlace key="place_0078">Braunschweig</pubPlace>, <publisher key="publ_2467">Litolff</publisher> 18 Ngr.</bibl>
<bibl id="hofm_1870_02_0025_13"><composer key="compo_011400">Gluck, Chr.</composer>, <title>Armide. <format>Klav.-Ausz</format>. deutsch u. franz</title>. <pubPlace key="place_0438">Mainz</pubPlace>, <publisher key="publ_3563">Schott</publisher> 4 Fl. 30 Xr. n.</bibl>
<wip id="hofm_1870_02_0025_14"><composer key="compo_015699">Händel, G. Fr.</composer>, 1<title>2 Alt-Arien aus verschiedenen Opern, bearbeitet v. Rob. Franz</title>. <title>Heft 1. Con rauco mormorio (In dumpfen Murmeltönen) a. Rodelinda. Si, si, minaccia, e vinta (Ja, ja, nun droh’ nur) a. Sosarme. Empio, diro, tu sei (Hinweg, ich sage dir) a. Giulio Cesare</title>. 1 Rt. <title>Heft 2. Pupille sdegnose (Verachtende Kinder) a. Mucio Scevola. Un disprezzato affetto (Ein leidendes Verachten) a. Othone. Son confusa pastorella (Ich betrübtes Schäfermädchen) a. Poro</title>. 25 Ngr. <title>Heft 3. Stille amare giavi sento (Bittre Zähren) aus Tolomeo. Furibondo spira il vento (Wüthend brausen Wetterstürme) a. Partenope. Giacchè morir non posso (Dieweil ich nicht kann sterben) a. Radamisto</title>. 1 Rt. <title>Heft 4. Confusa si miri l’infida consorte (Betrübniss erlüget die Falsche) a. Rodelinda. Vi fida lo sposo (Euch Beiden vertrauet) a. Ezio. Io sperai trovar riposo (Ruhe glaubt ihr zu erlangen) a. Othone</title>. 25 Ngr. <pubPlace key="place_0392">Leipzig</pubPlace>, <publisher key="publ_2017">Kistner</publisher>.</wip>
<pb n="26"/>
<bibl id="hofm_1870_02_0026_01"><composer key="compo_015119">Hofmann, H.</composer>, <title>Cartouche. Komische Oper. <format>Klav-Ausz</format></title>. 8. <pubPlace key="place_0044">Berlin</pubPlace>, <publisher key="publ_0393">B. u. Bock</publisher> 1 Rt. 20 Ngr. *n.</bibl>
<bibl id="hofm_1870_02_0026_02"><composer key="compo_022904">Mendelssohn-Bartholdy, F.</composer>, Op. <opus key="opus_3658">61</opus>. <title>Ein Sommernachtstraum <format>Klav.-Ausz</format></title>. <pubPlace key="place_0392">Leipzig</pubPlace>, <publisher key="publ_0437">Br. u. Härtel</publisher> 3 Rt. 10 Ngr.</bibl>
<bibl id="hofm_1870_02_0026_03"><composer key="compo_038284">Zur Nieden, A.</composer>, <title>Die Sage von der Martinswand. Lyrisch-dramatischer Gesang f. Soli u. Chor</title>. <format>Klav.-Ausz</format>. 6 Rt. <format>Chor-St</format>. 8. 1 Rt. 20 Ngr. <pubPlace key="place_0171">Elberfeld</pubPlace>, <publisher key="publ_0096">Arnold</publisher>.</bibl>
</div><div id="hofm_1870_02_0026_div18"><head><hofClass key="hofCl_0040">Gesänge für eine Singstimme mit Pianofortebegleitung.</hofClass></head>
<bibl id="hofm_1870_02_0026_04"><composer key="compo_002862">Bial, C.</composer>, <title>Es war ein alter König</title>. <pubPlace key="place_0044">Berlin</pubPlace>, <publisher key="publ_0393">B. u. Bock</publisher> 5 Ngr.</bibl>
<bibl id="hofm_1870_02_0026_05"><composer key="compo_004638">Bungert, A.</composer>, Op. <opus key="opus_0001">1</opus>. <title>Junge Lieder. 1. Buch (Der Harfner. Mein Herz ist wie die dunkle Nacht. Geh’ ich einsam. Winterruhe. Die Liebste zur Antwort. Wohin mit der Freud’?)</title> <pubPlace key="place_0392">Leipzig</pubPlace>, <publisher key="publ_0437">Br. u. Härtel</publisher> 25 Ngr.</bibl>
<bibl id="hofm_1870_02_0026_06"><composer key="compo_005100">Bülow, Ch. v.</composer>, <title>2 Lieder (Röslein im Winter. Am leuchtenden Sommermorgen)</title>. <pubPlace key="place_0044">Berlin</pubPlace>, <publisher key="publ_0393">B. u. Bock</publisher> 7½ Ngr.</bibl>
<bibl id="hofm_1870_02_0026_07"><title>Champagner-Karl. Jockey-Lied, deutsch u. engl</title>. <pubPlace key="place_0276">Hamburg</pubPlace>, <publisher key="publ_0640">Cranz</publisher> 5 Ngr.</bibl>
<bibl id="hofm_1870_02_0026_08"><composer key="compo_012680">Göpfert, K.M.</composer>, Op. <opus key="opus_3565">6</opus>. <title>4 Lieder (O armes Herz. Erheiterung durch Thränen. Wiegenlied. In der Nacht)</title>. <pubPlace key="place_0618">Schneeberg</pubPlace>, <publisher key="publ_1397">Gödsche</publisher> 20 Ngr.</bibl>
<bibl id="hofm_1870_02_0026_09"><composer key="compo_012498">Gumbert, F.</composer>, Op. <opus key="opus_0198">108</opus>. <title>Mein Lied f. S. (od. T.)</title> <pubPlace key="place_0044">Berlin</pubPlace>, <publisher key="publ_1161">Fürstner</publisher> 15 Ngr.</bibl>
<bibl id="hofm_1870_02_0026_10"><composer key="compo_014931">Hirschfeld, L. v.</composer>, <title>2 Lieder (Entsagung. Warum?)</title>. <pubPlace key="place_0044">Berlin</pubPlace>, <publisher key="publ_0393">B. u. Bock</publisher> 10 Ngr.</bibl>
<bibl id="hofm_1870_02_0026_11"><title>Jockey-Lied, deutsch u. engl</title>. <pubPlace key="place_0276">Hamburg</pubPlace>, <publisher key="publ_0640">Cranz</publisher> 5 Ngr.</bibl>
<bibl id="hofm_1870_02_0026_12"><composer key="compo_022837">Meister, O.</composer>, Op. <opus key="opus_0001">1</opus>. <title>Lieder. Heft 1 (Gärtner Tod. Clotilde. Heute, nur heute bin ich so schön. Meine Mutter hat’s gewollt)</title>. <pubPlace key="place_0044">Berlin</pubPlace>, <publisher key="publ_0393">B. u. Bock</publisher> 17½ Ngr.</bibl>
<wip id="hofm_1870_02_0026_13"><composer key="compo_022904">Mendelssohn-Bartholdy, F.</composer>, <title>6 der beliebtesten 2- u. 4stimm. Lieder einger. v. Rob. Franz</title>. <title>No. 1. Wasserfahrt</title>. 5 Ngr. <title>No. 2. Wer hat dich du schöner Wald</title>. <title>No. 3. Ich wollt’, meine Lieb’</title>. <title>No. 4. Gruss</title> à 7½ Ngr. <title>No. 5. Volkslied (O säh’ ich auf der Haide)</title>. 5 Ngr. <title>No. 6. Lied aus Ruy Blas</title>. 7½ Ngr. <pubPlace key="place_0392">Leipzig</pubPlace>, <publisher key="publ_2017">Kistner</publisher>.</wip>
<bibl id="hofm_1870_02_0026_14"><composer key="compo_025180">Oberthür, C.</composer>, <title>Goldne Zeit (Golden Days)</title>. <pubPlace key="place_0044">Berlin</pubPlace>, <publisher key="publ_0393">B. u. Bock</publisher> 12½ Ngr.</bibl>
<bibl id="hofm_1870_02_0026_15"><composer key="compo_029104">Rubinstein, Ant.</composer>, <title>Hüte dich</title>. <pubPlace key="place_0044">Berlin</pubPlace>, <publisher key="publ_0393">B. u. Bock</publisher> 7½ Ngr.</bibl>
<bibl id="hofm_1870_02_0026_16"><composer key="compo_031123">Schubert, Frz.</composer>, <title>Schubert-Album f. S. (od. T.) (Die schöne Müllerin. Winterreise. Schwanengesang u. 22 berühmte Lieder [Erlkönig. Gretchen am Spinnrade. Haidenröslein. Der Wanderer. Lob der Thränen. Sei mir gegrüsst. Frühlingsglaube. Die Forelle. Die junge Nonne. Ave Maria. Des Mädchens Klage. Du bist die Ruh’. Nur wer die Sehnsucht kennt. Auf dem Wasser zu singen. Der Tod und das Mädchen. Rastlose Liebe. Schäfers Klagelied. Jägers Abendlied. Wanderers Nachtlied. Rosamunde. Ständchen (Horch, horch). Geheimes)</title>. <pubPlace key="place_0078">Braunschweig</pubPlace>, <publisher key="publ_2467">Litolff</publisher> 25 Ngr.</bibl>
<bibl id="hofm_1870_02_0026_17">– Idem f. MS. (od. Br.) Ebend. 25 Ngr.</bibl>
<bibl id="hofm_1870_02_0026_18">– Idem f. B. (od. A.) Ebend. 25 Ngr.</bibl>
<bibl id="hofm_1870_02_0026_19"><composer key="compo_032809">Sporleder, Ch.</composer>, Op. <opus key="opus_0001">1</opus>. <title>Der Vater ist am Steuer. Ballade f. T</title>. <pubPlace key="place_0044">Berlin</pubPlace>, <publisher key="publ_0393">B. u. Bock</publisher> 17½ Ngr.</bibl></div>
<pb n="27"/>
<div id="hofm_1870_02_0027_div19"><head><hofClass key="hofCl_0248">Musikalische Zeitschriften.</hofClass></head>
<bibl id="hofm_1870_02_0027_01"><title>Blätter, fliegende, f. katholische Kirchenmusik</title> (6 Nrn.). gr.-4. <pubPlace key="place_0569">Regensburg</pubPlace>, <publisher key="publ_3124">Pustet</publisher> 18 Ngr. n.</bibl>
<bibl id="hofm_1870_02_0027_02">– <title>f. Theater, Musik und Kunst. Red. L.A. Zellner. 16. Jahrg</title>. (104 Nrn. ½ Bog.) Fol. <pubPlace key="place_0731">Wien</pubPlace> (<publisher key="publ_2042">F. Klemm</publisher>) 6 Rt. 8½ Ngr. n.</bibl>
<bibl id="hofm_1870_02_0027_03"><title>Cäcilia. Organ f. katholische Kirchenmusik. Hrsg. v. H. Oberhoffer. 9. Jahrg</title>. (12 Nrn. Bog.) gr.-4. <pubPlace key="place_0424">Luxemburg</pubPlace>, <publisher key="publ_0559">Bück</publisher> 1 Rt. *n.</bibl>
<bibl id="hofm_1870_02_0027_04"><title>Echo. Berliner Musikzeitung. 20. Jahrg</title>. (52 Nrn. 1½ Bog.) gr.-8. <pubPlace key="place_0044">Berlin</pubPlace>, <publisher key="publ_3471">Schlesinger</publisher> 2 Rt. n.</bibl>
<bibl id="hofm_1870_02_0027_05"><title>Euterpe. Musik-Zeitschrift für Deutschlands Volksschullehrer. Hrsg. v. E. Hentschel. 29. Jahrg</title>. (10 Nrn. 12 Bog.) gr.-8. <pubPlace key="place_0392">Leipzig</pubPlace>, <publisher key="publ_2655">Merseburger</publisher> 1 Rt. n.</bibl>
<bibl id="hofm_1870_02_0027_06"><title>Männergesangszeitung (Deutsche). Hrsg. v. R. Tschirch. 11. Jahrg</title>. (12 Nrn. Bog.) gr.-4. <pubPlace key="place_0044">Berlin</pubPlace>, <publisher key="publ_4093">Tschirch</publisher> 1 Rt. n.</bibl>
<bibl id="hofm_1870_02_0027_07"><title>Ménestrel, le. Directeur J.L. Heugel. 38me Année</title> (52 Nrn. Bog.). gr.-4. <pubPlace key="place_0537">Paris</pubPlace>, <publisher key="publ_1650">Heugel u. Co</publisher>. 20 Fr. n.</bibl>
<bibl id="hofm_1870_02_0027_08"><title>Monatsbericht (musikalisch-literarischer) neuer Musikalien musikalischer Schriften und Abbildungen. Red. Adolf Hofmeister. 42. Jahrg. od. 7. Folge 3. Jahrg</title>. (12 Nrn. Bog.) 8. <pubPlace key="place_0392">Leipzig</pubPlace>, <publisher key="publ_1746">Hofmeister</publisher> 20 Ngr. *n.</bibl>
<bibl id="hofm_1870_02_0027_09"><title>Monatshefte f. Musik-Geschichte, red. v. R. Eitner</title>. (12 No. Bog.) <pubPlace key="place_0044">Berlin</pubPlace> (<publisher key="publ_4067">Trautwein</publisher>) 2 Rt. *n.</bibl>
<bibl id="hofm_1870_02_0027_10"><title>Musica sacra. Beiträge z. Reform u. Förderung d. katholischen Kirchenmusik. Hrsg. v. F. Witt</title>. 4. <pubPlace key="place_0569">Regensburg</pubPlace>, <publisher key="publ_3124">Pustet</publisher> 18 Ngr. n.</bibl>
<bibl id="hofm_1870_02_0027_11"><title>Musikzeitung (Neue Berliner). Hrsg. v. E Bock. 24. Jahrg</title>. (52 Nrn. Bog.) 4. <pubPlace key="place_0044">Berlin</pubPlace>, <publisher key="publ_0393">B. u. Bock</publisher> 3 Rt. *n.</bibl>
<bibl id="hofm_1870_02_0027_12"><title>Revue et Gazette musicale de Paris. Directeur S. Dufour. 37me Année</title> (52 Nrn. Bog.) gr.-4. <pubPlace key="place_0537">Paris</pubPlace>, <publisher key="publ_0413">Brandus et D</publisher>. 34 Fr. n.</bibl>
<bibl id="hofm_1870_02_0027_13"><title>Sängerblatt (Schweizerisches). Red. Weber. Jahrg. 1870</title>. (23 Nrn. ½ Bog.) <pubPlace key="place_0050">Bern</pubPlace> (<publisher key="publ_1790">Huber u. Co</publisher>.) 1 Rt. 4 Ngr. n.</bibl>
<bibl id="hofm_1870_02_0027_14"><title>Sängerhalle (Die). Allgemeine deutsche Gesangvereinszeitung für das In- und Ausland. Red. H. Pfeil. 10. Jahrg</title>. (24 Nrn. Bog.). <pubPlace key="place_0275">Halle</pubPlace> (<publisher key="publ_3508">Schmidt</publisher>) 1 Rt. 10 Ngr. n. *n.</bibl>
<bibl id="hofm_1870_02_0027_15"><title>Signale für die musikalische Welt. Red. B. Senff. 28. Jahrg</title>. (52 Nrn. Bog.) <pubPlace key="place_0392">Leipzig</pubPlace>, <publisher key="publ_3752">Senff</publisher> 2 Rt. *n.</bibl>
<bibl id="hofm_1870_02_0027_16"><title>Theater- und Musik-Zeitung f. Rhein und Main, red. v. F.W. Wolff</title>. (52 No. ½ Bog.) <pubPlace key="place_0438">Mainz</pubPlace>, <publisher key="publ_1616">Herf u. W</publisher>. 2 Rt. *n.</bibl>
<bibl id="hofm_1870_02_0027_17"><title>Urania. Eine musikalische Zeitschrift zur Belehrung und Unterhaltung f. Deutschlands Organisten und Volksschunehrer, hrsg. v. G.W. Körner. 27. Jahrg</title>. (12 Nrn. Bog.) 8. <pubPlace key="place_0181">Erfurt</pubPlace>, <publisher key="publ_2240">Körner</publisher> 15 Ngr. n.</bibl>
<bibl id="hofm_1870_02_0027_18"><title>Wochenblatt (Musikalisches). Organ f. Tonkünstler und Musikfreunde. Red. O. Paul</title>. (52 Nrn. Bog.) <pubPlace key="place_0392">Leipzig</pubPlace>, <publisher key="publ_1130">Fritzsch</publisher> 2 Rt. n.</bibl>
<bibl id="hofm_1870_02_0027_19"><title>Zeitschrift (Neue) für Musik. 37. Jahrg</title>. (52 Nrn. 1½ Bog.) 4. <pubPlace key="place_0392">Leipzig</pubPlace>, <publisher key="publ_1930">Kahnt</publisher> 4 Rt. 20 Ngr. *n.</bibl>
<bibl id="hofm_1870_02_0027_20"><title>Zeitung (allgemeine musikalische). 5. Jahrg</title>. (52 Nrn. Bog.) 4. <pubPlace key="place_0392">Leipzig</pubPlace>, <publisher key="publ_3266">Rieter-Biedermann</publisher> 4 Rt. *n.</bibl>
<pb n="28"/>
</div><div id="hofm_1870_02_0028_div20"><head><hofClass key="hofCl_0284">Textbücher.</hofClass></head>
<bibl id="hofm_1870_02_0028_01"><title>Jobs, Candidat, im Examen. (Musik von Schulz-Weida)</title>. 8. <pubPlace key="place_0057">Bielefeld</pubPlace>, <publisher key="publ_3971">Sulzer</publisher> 1½ Ngr. n.</bibl>





</div></body></text></TEI.2>