<?xml version="1.0" encoding="utf-8"?>
<!DOCTYPE TEI.2
  SYSTEM "../../dtd/tei/cch_tei.dtd">
<TEI.2 id="hofm_1870_06">
<teiHeader type="text"><fileDesc><titleStmt><title>Juni 1870</title></titleStmt><publicationStmt><p/></publicationStmt><sourceDesc><p/></sourceDesc></fileDesc><profileDesc><langUsage><language id="ger">German</language><language id="fre">French</language><language id="ita">Italian</language></langUsage></profileDesc><revisionDesc><change><date>2007-06-26</date><respStmt><name>ER</name></respStmt><item>p. 84, Rummel (not Kummel)</item></change><change><date>2007-04-27</date><respStmt><name>RV</name></respStmt><item>Changed "biblGroup" elements in "listBibl"</item></change><change><date>2007-03-01</date><respStmt><name>EP</name></respStmt><item>Checked curly brackets</item></change><change><date>2007-02-28</date><respStmt><name>EP</name></respStmt><item>Encoded curly brackets</item></change><change><date>2006-12-19</date><respStmt><name>EP</name></respStmt><item>sic and unclear moved outside elements pubplaces, publisher, composer, hofclass, key, opus</item></change><change><date>2006-06-07</date><respStmt><name>Sarah</name></respStmt><item>No Xrefs.</item></change><change><date>2005-11-07</date><respStmt><name>Sarah</name></respStmt><item>Corrections following checking pages.</item></change><change><date>2005-10-07</date><respStmt><name>Sarah</name></respStmt><item>First encoding.</item></change><change><date>2005-08-19</date><respStmt><name>Liz</name></respStmt><item>pasting in &amp; checking automated tagging</item></change></revisionDesc></teiHeader>
<text><body><pb n="80"/><head>Juni 1870.</head>
<div id="hofm_1870_06_0080_div01"><head><hofClass key="hofCl_0164">Musik für Orchester.</hofClass></head>
<bibl id="hofm_1870_06_0080_01"><composer key="compo_005923">Conradi, A.</composer>, Op. <opus key="opus_0314">114</opus>. <title>Auf eigenen Füssen. Galopp a. d. gleichn. Posse</title> u. <composer key="compo_000789">Apitius, C.</composer>, Op. <opus key="opus_2630">38</opus>. <title>Schweizer-Alpen-Klänge. Polka-Mazurka f. Orch</title>. <pubPlace key="place_0044">Berlin</pubPlace>, <publisher key="publ_0393">B. u. Bock</publisher> 1 Rt. 20 Ngr.</bibl>
<bibl id="hofm_1870_06_0080_02"><composer key="compo_012523">Gung’l J.</composer>, Op. <opus key="opus_1766">242</opus>. <title>Namensfeier-Polka</title> u. <composer key="compo_005923">Conradi, A.</composer>, Op. <opus key="opus_0299">113</opus>. <title>Im Brautschmuck. Polonaise f. Orch</title>. <pubPlace key="place_0044">Berlin</pubPlace>, <publisher key="publ_0393">B. u. Bock</publisher> 2 Rt. 7½ Ngr.</bibl>
<bibl id="hofm_1870_06_0080_03">– Op. <opus key="opus_1768">244</opus>. <title>Waldröslein. Polka-Mazurka</title> u. <composer key="compo_019305">Kéler. Béla</composer>, Op. <opus key="opus_4436">84</opus>. <title>Kimo-Kaimo-Galopp f. Orch</title>. Ebend. 1 Rt. 25 Ngr.</bibl>
<bibl id="hofm_1870_06_0080_04"><composer key="compo_014286">Herbeck, J.</composer>, Op. <opus key="opus_0684">14</opus>. <title>Tanz-Momente f. Orch</title>. <format>Part</format>. 8. 1 Rt. 20 Ngr. <format>Orch.-St</format>. 2 Rt. 25 Ngr. <pubPlace key="place_0731">Wien</pubPlace>, <publisher key="publ_1288">Gotthard</publisher>.</bibl>
<bibl id="hofm_1870_06_0080_05"><composer key="compo_014469">Herrmann, H.</composer>, Op. <opus key="opus_3140">49</opus>. <title>Maskenscherze. Polka</title> u. <composer key="compo_004595">Budik, F.</composer>, Op. <opus key="opus_3454">57</opus>. <title>Nur all’weil kreuzfidel. Galopp f. Orch</title>. <pubPlace key="place_0201">Frankfurt a/O</pubPlace>., <publisher key="publ_2579">Massute</publisher> 1 Rt. 10 Ngr.</bibl>
<bibl id="hofm_1870_06_0080_06"><composer key="compo_019905">Lange, G.</composer>, Op. <opus key="opus_2996">45</opus>. <title>Langage d’Amour. Tonstück</title> u. Op. <opus key="opus_3316">53</opus>. <title>Hortensia. Valse de Concert p. Orch</title>. <pubPlace key="place_0044">Berlin</pubPlace>, <publisher key="publ_0393">B. u. Bock</publisher> 2 Rt. 5 Ngr.</bibl>
<bibl id="hofm_1870_06_0080_07"><composer key="compo_026429">Piefke, R.</composer>, Op. <opus key="opus_2458">35</opus>. <title>Bacchanten-Galopp</title> u. <composer key="compo_033600">Strebinger, J.</composer>, Op. <opus key="opus_2915">43</opus>. <title>Brennende Liebe. Polka-Mazurka f. Orch</title>. <pubPlace key="place_0201">Frankfurt a/O</pubPlace>., <publisher key="publ_2579">Massute</publisher> 1 Rt. 10 Ngr.</bibl>
<bibl id="hofm_1870_06_0080_08"><composer key="compo_030426">Schlottmann, L.</composer>, Op. <opus key="opus_1661">23</opus>. <title><title>Ouv. zu Schiller’s Wallenstein f. Orch. <format>Part</format></title></title>. 8. <pubPlace key="place_0044">Berlin</pubPlace>, <publisher key="publ_0393">B. u. Bock</publisher> 2 Rt. 5 Ngr.</bibl>
<bibl id="hofm_1870_06_0080_09"><composer key="compo_035641">Voigt, F.W.</composer>, Op. <opus key="opus_3071">47</opus>. <title>Maikönigin. Mazurka</title> u. <composer key="compo_000789">Apitius, C.</composer>, Op. <opus key="opus_2804">41</opus>. <title>Waffengefährten-Vereins-Marsch f. Orch</title>. <pubPlace key="place_0044">Berlin</pubPlace>, <publisher key="publ_0393">B. u. Bock</publisher> 1 Rt. 20 Ngr.</bibl>
</div><div id="hofm_1870_06_0080_div02"><head><hofClass key="hofCl_0136">Musik für Streichinstrumente.</hofClass></head>
<bibl id="hofm_1870_06_0080_10"><composer key="compo_002077">Beethoven, L. v.</composer>, <title>Quintuors p. 2 Viol., 2 A. et Vclle. Op. <opus key="opus_2737">4</opus> (<key>Es</key>). Op. <opus key="opus_2066">29</opus> (<key>C</key>). <format>Part</format></title>. 8. <pubPlace key="place_0438">Mainz</pubPlace>, <publisher key="publ_3563">Schott</publisher> à 54 Xr. n.</bibl>
<wip id="hofm_1870_06_0080_11"><composer key="compo_002077">Beethoven, L. v.</composer>, <title>Collection des Quatuors p. 2 Viol., A. et Vclle. <format>Part</format></title>. <title>2 Volumes</title>. 8. <pubPlace key="place_0438">Mainz</pubPlace>, <publisher key="publ_3563">Schott</publisher> à 3 Fl. 36 Xr. n.</wip>
<bibl id="hofm_1870_06_0080_12">– Idem. <format>Stimmen</format>. Ebend. 13 Fl. 12 Xr. n.</bibl>
<bibl id="hofm_1870_06_0080_13"><composer key="compo_004472">Brähmig, B.</composer>, <title>Prakt. Bratschenschule</title>. <pubPlace key="place_0392">Leipzig</pubPlace>, <publisher key="publ_2655">Merseburger</publisher> 22½ Ngr. n.</bibl>
<bibl id="hofm_1870_06_0080_14"><composer key="compo_008855">Faminzin, Al.</composer>, Op. <opus key="opus_1372">2</opus>. <title>Russische Rhapsodie f. Violine m. Orch</title>. <pubPlace key="place_0392">Leipzig</pubPlace>, <publisher key="publ_1930">Kahnt</publisher> 2 Rt.</bibl>
<bibl id="hofm_1870_06_0080_15"><composer key="compo_015077">Hoffmann, L.</composer>, Op. <opus key="opus_1165">18</opus>. <title>Quartett (<key>D</key>) f. 2 Viol., Vla u. Vcllo</title>. <pubPlace key="place_0044">Berlin</pubPlace>, <publisher key="publ_3791">Simrock</publisher> 2 Rt. 20 Ngr.</bibl>
</div><div id="hofm_1870_06_0080_div03"><head><hofClass key="hofCl_0247">Musik für Zither.</hofClass></head>
<bibl id="hofm_1870_06_0080_16"><title>Allerlei f. 2 Z. Heft 5. <composer key="compo_037146">Wimmer</composer>, Op. <opus key="opus_1985">277</opus>. Klänge aus dem bairischen Unterland. Ländler</title>. qu.-8. <pubPlace key="place_0440">Mannheim</pubPlace>, <publisher key="publ_1534">Heckel</publisher> 6⅔ Ngr.</bibl>
<bibl id="hofm_1870_06_0080_17"><composer key="compo_001643">Bartl, J.</composer>, <title>Erinnerung an Tegernsee. Ländler f. Z</title>. qu.-8. <pubPlace key="place_0440">Mannheim</pubPlace>, <publisher key="publ_1534">Heckel</publisher> 8⅓ Ngr.</bibl>
<wip id="hofm_1870_06_0080_18"><composer key="compo_001892">Bayer, Ed.</composer>, <title>Buch der Lieder. Transcriptionen f. Z</title>. <title>1. Heft 2</title> 6⅔ Ngr. <title>2. Heft</title>. 1 Rt. qu.-8. <pubPlace key="place_0440">Mannheim</pubPlace>, <publisher key="publ_1534">Heckel</publisher>.</wip>
<bibl id="hofm_1870_06_0080_19">– <title>Liebesträume. 12 Original-Ländler f. Z</title>. qu.-8. Ebend. 13⅓Ngr.</bibl>
<bibl id="hofm_1870_06_0080_20">– <title>Opern-Album f. Z. No. 7. Donizetti, Lucia. No. 8. Lortzing, Czaar</title>. qu.-8. <pubPlace key="place_0687">Trier</pubPlace>, <publisher key="publ_1721">Hoenes</publisher> à 20 Ngr.</bibl>
<pb n="81"/>
<bibl id="hofm_1870_06_0081_01"><composer key="compo_004724">Burgstaller, F.X.</composer>, Op. <opus key="opus_1526">211</opus>. <title>Jagd-Fantasie f. Z</title>. qu.-8. <pubPlace key="place_0687">Trier</pubPlace>, <publisher key="publ_1721">Hoenes</publisher> 10 Ngr.</bibl>
<bibl id="hofm_1870_06_0081_02">– <title>Musikalischer Blumenstrauss. Glocken-Fantasie f. Z</title>. qu.-8. Ebend. 10 Ngr.</bibl>
<bibl id="hofm_1870_06_0081_03">– <title>Erinnerungs-Marsch f. Z</title>. qu.-8. Ebend. 5 Ngr.</bibl>
<bibl id="hofm_1870_06_0081_04">– <title>Taunus-Marsch f. Z</title>. qu.-8. Ebend. 5 Ngr.</bibl>
<bibl id="hofm_1870_06_0081_05"><composer key="compo_009454">Fittig, C.</composer>, Op. <opus key="opus_4153">76</opus>. <title>Die Gemüthlichen. Steyrische Original-Ländler f. Z</title>. qu.-8. <pubPlace key="place_0440">Mannheim</pubPlace>, <publisher key="publ_1534">Heckel</publisher> 10 Ngr.</bibl>
<bibl id="hofm_1870_06_0081_06">– Op. <opus key="opus_4181">77</opus>. <title>Gruss an Gratz. Steyrische Original-Ländler f. Z</title>. qu.-8. Ebend. 10 Ngr.</bibl>
<bibl id="hofm_1870_06_0081_07"><composer key="compo_017936">Kniepp, K.</composer>, <title>Alpengrüsse. Ländler f. Z</title>. qu.-8. <pubPlace key="place_0440">Mannheim</pubPlace>, <publisher key="publ_1534">Heckel</publisher> 8⅓ Ngr.</bibl>
<bibl id="hofm_1870_06_0081_08"><composer key="compo_027378">Rabengruber, M.</composer>, <title>Alpenklänge. Ländler f. Z</title>. qu.-8. <pubPlace key="place_0440">Mannheim</pubPlace>, <publisher key="publ_1534">Heckel</publisher> 8⅓ Ngr.</bibl>
<bibl id="hofm_1870_06_0081_09">– <title>Die Klatschrosen. Ländler f. Z</title>. qu.-8. Ebend. 10 Ngr.</bibl>
<wip id="hofm_1870_06_0081_10"><title>Zither-Journal (Mannheimer). 13. Jahrg</title>. <title>7. u. 8. Heft. Wimmer, Brautwerber-Walzer. Bartl, Bianka-Polka. Dworzak, Die Gemüthlichen, Ländler. Rauch, Frühlings-Marsch</title>. qu.-8. <pubPlace key="place_0440">Mannheim</pubPlace>, <publisher key="publ_1534">Heckel</publisher> Subscr.-Pr. f. 24 Hefte 2 Rt. 20 Ngr. n.</wip>
<wip id="hofm_1870_06_0081_11"><title>Zitherkranz. Piècen f. 2 Z</title>. qu.-8. <pubPlace key="place_0687">Trier</pubPlace>, <publisher key="publ_1721">Hoenes</publisher>. <lb/><title>Heft 3. <composer key="compo_024115">Mühlberger</composer>, 4 kleine Piècen</title>. 10 Ngr. <lb/>– <title>4. <composer key="compo_030141">Schessl</composer>, Gemüthsklänge. Steyr. Ländler</title>. 10 Ngr. <lb/>– <title>5. <composer key="compo_018846">Kroll</composer>, Fröhliche Gedanken. Fantasie</title>. 12½ Ngr. <lb/>– <title>6. <composer key="compo_030141">Schessl</composer>, Potpourri a. Norma</title>. 12½ Ngr.</wip>
</div><div id="hofm_1870_06_0081_div04"><head><hofClass key="hofCl_0167">Musik für Pianoforte mit Begleitung.</hofClass></head>
<wip id="hofm_1870_06_0081_12"><composer key="compo_006452">Dancla, Léop.</composer>, Op. <opus key="opus_3105">48</opus>. <title>Bluettes. 16 Pièces faciles et caractér. p. Violon av. Pfte</title>. <pubPlace key="place_0044">Berlin</pubPlace>, <publisher key="publ_0393">B. u. Bock</publisher>. <lb/><title>1re Suite. Enfantillage. 1re Mazurka. Barcarolle. Petite Valse</title>. 1 Rt. <lb/><title>2me „ Au Bord de l’Atlantique. Andante cantabile. Prière. Petit Rondo</title>. 1 Rt. <lb/><title>3me „ Petite Ballade. 2me Mazurka. Cantabile religieux. Impromptu</title>. 22½ Ngr. <lb/><title>4me „ Sérénade. Rondo pastoral. Fête au Hameau. Marche</title>. 1 Rt.</wip>
<bibl id="hofm_1870_06_0081_13"><composer key="compo_007490">Dumon, J.F.</composer>, Op. <opus key="opus_0443">122</opus>. <title>La Traviata, de Verdi. Fantaisie brill. p. Vclle av. Pfte</title>. <pubPlace key="place_0438">Mainz</pubPlace>, <publisher key="publ_3563">Schott</publisher> 1 Fl. 48 Xr.</bibl>
<bibl id="hofm_1870_06_0081_14">– Op. <opus key="opus_0451">123</opus>. <title>Rigoletto, de Verdi. Fantaisie brill. p. Vclle av. Pfte</title>. Ebend. 1 Fl. 48 Xr.</bibl>
<bibl id="hofm_1870_06_0081_15"><composer key="compo_007536">Dupuis, J.</composer>, Op. <opus key="opus_4300">8</opus>. <title>Fantaisie vénitienne p. Violon av. Pfte</title>. <pubPlace key="place_0438">Mainz</pubPlace>, <publisher key="publ_3563">Schott</publisher> 1 Fl. 48 Xr.</bibl>
<bibl id="hofm_1870_06_0081_16"><composer key="compo_008855">Faminzin, Al.</composer>, Op. <opus key="opus_1372">2</opus>. <title>Russische Rhapsodie f. Violine m. Pfte</title>. <pubPlace key="place_0392">Leipzig</pubPlace>, <publisher key="publ_1930">Kahnt</publisher> 1 Rt. 5 Ngr.</bibl>
<bibl id="hofm_1870_06_0081_17"><composer key="compo_019067">Kuhlau, F.</composer>, Op. <opus key="opus_3385">55</opus>. <title>6 Sonatines faciles, arr. p. Violon et Pfte p. R. Schaab. No. 1 (<key>C</key>). No. 2 (<key>G</key>). No. 3 (<key>C</key>). No. 4 (<key>F</key>). No. 5 (<key>D</key>). No. 6 (<key>C</key>)</title>. <pubPlace key="place_0438">Mainz</pubPlace>, <publisher key="publ_3563">Schott</publisher> à 45 Xr.</bibl>
<wip id="hofm_1870_06_0081_18"><composer key="compo_022823">Meissner, L.</composer>, Op. <opus key="opus_0021">10</opus>. <title>Melodienstrauss. 6 kl. Tonbilder f. Violine m. Pfte</title>. <title>2 Hefte</title>. <pubPlace key="place_0392">Leipzig</pubPlace>, <publisher key="publ_2655">Merseburger</publisher> à 17½ Ngr.</wip>
<wip id="hofm_1870_06_0081_19"><composer key="compo_022823">Meissner, L.</composer>, Op. <opus key="opus_0021">10</opus>. <title>Melodienstrauss. 6 kl. Tonbilder f. Vcllo m. Pfte</title>. <title>2 Hefte</title>. <pubPlace key="place_0392">Leipzig</pubPlace>, <publisher key="publ_2655">Merseburger</publisher> à 17½ Ngr.</wip>
<bibl id="hofm_1870_06_0081_20"><title>Opernfreund (Der junge). Ausgew. Melodien f. Violine m. Pfte. No. 58. <composer key="compo_036241">Weber</composer>, Oberon</title>. <pubPlace key="place_0731">Wien</pubPlace>, <publisher key="publ_1506">Haslinger</publisher> 15 Ngr.</bibl>
<bibl id="hofm_1870_06_0081_21"><title>Opernfreund (Der junge). Ausgew. Melodien f. Vcllo m. Pfte. No. 27. <composer key="compo_023267">Meyerbeer</composer>, Prophet</title>. <pubPlace key="place_0731">Wien</pubPlace>, <publisher key="publ_1506">Haslinger</publisher> 15 Ngr.</bibl>
<pb n="82"/>
<bibl id="hofm_1870_06_0082_01"><title>Opernfreund (Der junge). Ausgew. Melodien f. Flöte m. Pfte. No. 58. <composer key="compo_036241">Weber</composer>, Oberon</title>. <pubPlace key="place_0731">Wien</pubPlace>, <publisher key="publ_1506">Haslinger</publisher> 15 Ngr.</bibl>
<bibl id="hofm_1870_06_0082_02"><composer key="compo_029434">Rüdiger, S.</composer>, Op. <opus key="opus_0001">1</opus>. <title>Concerto (<key>C</key>) f. Viola m. Pfte</title>. <pubPlace key="place_0044">Berlin</pubPlace>, <publisher key="publ_3791">Simrock</publisher> 25 Ngr.</bibl>
<wip id="hofm_1870_06_0082_03"><composer key="compo_033921">Swert, J. de</composer>, <title>2 Morceaux p. Vclle av. Pfte</title>. <title>No. 1. Op. <opus key="opus_0927">16</opus>. Chant du Soir. Romance</title>. 15 Ngr. <title>No. 2. Op. <opus key="opus_1068">17</opus>. Scherzo capriccioso</title>. 17½ Ngr. <pubPlace key="place_0044">Berlin</pubPlace>, <publisher key="publ_3791">Simrock</publisher>.</wip>
</div><div id="hofm_1870_06_0082_div05"><head><hofClass key="hofCl_0124">Musik für zwei Pianoforte.</hofClass></head>
<bibl id="hofm_1870_06_0082_04"><composer key="compo_019665">Labor, J.</composer>, Op. <opus key="opus_0001">1</opus>. <title>Fantasie über ein Original-Thema f. 2 Pfte</title>. <format>Part</format>. 2 Rt. 5 Ngr. II. <format>Pianoforte</format>. 1 Rt. <pubPlace key="place_0731">Wien</pubPlace>, <publisher key="publ_1288">Gotthard</publisher>.</bibl>
</div><div id="hofm_1870_06_0082_div06"><head><hofClass key="hofCl_0171">Musik für Pianoforte zu vier Händen.</hofClass></head>
<wip id="hofm_1870_06_0082_05"><composer key="compo_002077">Beethoven, L. v.</composer>, <title>Sonaten, arr. v. F.W. Markull</title>. <title>No. 4. Op. <opus key="opus_3967">7</opus> (<key>Es</key>)</title>. 7 Ngr. n. <title>No. 5–7. Op. <opus key="opus_0022">10. No. 1</opus> (<key>Cm</key>.)</title>. 5 Ngr. n. <title>No. 2 (<key>F</key>)</title>. 4 Ngr. n. <title>No. 3 (<key>D</key>)</title>. 5 Ngr. n. <title>No. 8. Op. <opus key="opus_0531">13</opus> (<key>Cm</key>.)</title>. 6 Ngr. n. <title>No. 9, 10. Op. <opus key="opus_0684">14</opus></title>. <title>No. 1 (<key>E</key>)</title>. 4 Ngr. n. <title>No. 2 (<key>G</key>)</title>. 6 Ngr. n. <title>No. 11. Op. <opus key="opus_1584">22</opus> (<key>B</key>)</title>. 8 Ngr. n. <title>No. 12. Op. <opus key="opus_1881">26</opus> (<key>As</key>)</title>. 6 Ngr. n. <title>No. 13, 14. Op. <opus key="opus_1932">27</opus>. No. 1 (<key>Es</key>). No. 2 (<key>Cism</key>.)</title> à 5 Ngr. n. <title>No. 15. Op. <opus key="opus_1999">28</opus> (<key>D</key>)</title>. 8 Ngr. n. <title>No. 16–18. Op. <opus key="opus_2187">31</opus>. No. 1 (<key>G</key>)</title>. 9 Ngr. n. <title>No. 2 (<key>Dm</key>.)</title>. 6 Ngr. n. <title>No. 3 (<key>Es</key>)</title>. 8 Ngr. n. <title>No. 19, 20. Op. <opus key="opus_3140">49</opus>. No. 1 (<key>Gm</key>.). No. 2 (<key>G</key>)</title>. à 4 Ngr. n. <title>No. 21. Op. <opus key="opus_3316">53</opus> (<key>C</key>)</title>. 9 Ngr. n. <title>No. 22. Op. 54 (<key>F</key>)</title>. 5 Ngr. n. <title>No. 23. Op. <opus key="opus_3454">57</opus> (<key>Fm</key>.)</title>. 9 Ngr. n. <title>No. 24. Op. <opus key="opus_4214">78</opus> (<key>Fis</key>)</title>. <title>No. 25. Op. <opus key="opus_4241">79</opus> (<key>G</key>)</title>. à 4 Ngr. n. <title>No. 26. Op. <opus key="opus_4354">81</opus> (<key>Es</key>)</title>. <title>No. 27. Op. <opus key="opus_4580">90</opus> (<key>Em</key>.)</title>. <title>No. 28. Op. <opus key="opus_0065">101</opus> (<key>A</key>)</title>. à 5 Ngr. n. <title>No. 29. Op. <opus key="opus_0163">106</opus> (<key>B</key>)</title>. 13 Ngr. n. <title>No. 30. Op. <opus key="opus_0216">109</opus> (<key>E</key>)</title>. 5 Ngr. n. <title>No. 31. Op. <opus key="opus_0255">110</opus> (<key>As</key>)</title>. 8 Ngr. n. <title>No. 32. Op. <opus key="opus_0267">111</opus> (<key>Cm</key>.)</title>. 6 Ngr. n. <title>No. 33. 3 Son. (<key>Es</key>, <key>Fm</key>., <key>D</key>)</title>. 8 Ngr. n. <title>No. 34. 2 leichte Son. (<key>G</key>, <key>F</key>)</title>. 3 Ngr. n. <pubPlace key="place_0742">Wolfenbüttel</pubPlace>, <publisher key="publ_1756">Holle</publisher>.</wip>
<bibl id="hofm_1870_06_0082_06">– Idem. 3 Bde. B. I (No. 1–12). B. II (No. 13–23). à 2 Rt. 12 Ngr. n. Bd. III (No. 24–34). 2 Rt. 6 Ngr. n. Ebend.</bibl>
<bibl id="hofm_1870_06_0082_07"><composer key="compo_011716">Gotthard, J.P.</composer>, Op. <opus key="opus_3490">58</opus>. <title>10 Stücke in Tanzform</title>. <pubPlace key="place_0731">Wien</pubPlace>, <publisher key="publ_1288">Gotthard</publisher> 1 Rt.</bibl>
<wip id="hofm_1870_06_0082_08"><composer key="compo_013692">Haydn, J.</composer>, <title>Violin-Quartette, arr. v. J.F.C. Dietrich</title>. <title>No. 2. Op. <opus key="opus_4562">9</opus></title>. <title>No. 4–6</title>. 9 Ngr. n. <title>No. 3. Op. <opus key="opus_1074">17 No. 1–3</opus></title>. <title>No. 4. Op. <opus key="opus_1080">17. No. 4–6</opus></title>. à 10 Ngr. n. <title>No. 5. Op. <opus key="opus_1395">20 No. 1–3</opus></title>. 12 Ngr. n. <title>No. 6. Op. <opus key="opus_1404">20. No. 4–6</opus></title>. 13 Ngr. n. <title>No. 7. Op. <opus key="opus_2353">33. No. 1–3</opus></title>. 12 Ngr. n. <title>No. 8. Op. <opus key="opus_2362">33. No. 4–6</opus>. Op. <opus key="opus_2850">42</opus></title>. 10 Ngr. n. <pubPlace key="place_0742">Wolfenbüttel</pubPlace>, <publisher key="publ_1756">Holle</publisher>.</wip>
<bibl id="hofm_1870_06_0082_09">– Idem Bd. I (No. 1–8). Ebend. 2 Rt. 25 Ngr. n.</bibl>
<wip id="hofm_1870_06_0082_10"><composer key="compo_014186">Hennig, K.</composer>, Op. <opus key="opus_4214">78</opus>. <title>3 Sonaten in leichter gefälliger Spielart</title>. <title>No. 1 (<key>C</key>)</title>. 20 Ngr. <title>No. 2 (<key>G</key>)</title>. 22½ Ngr. <title>No. 3 (<key>F</key>)</title>. 1 Rt. <pubPlace key="place_0044">Berlin</pubPlace>, <publisher key="publ_0393">B. u. Bock</publisher>.</wip>
<bibl id="hofm_1870_06_0082_11"><composer key="compo_019359">Köhler, Louis</composer>, Op. <opus key="opus_1091">171</opus>. <title>Kinderspiele an der Dorfkirche</title>. <pubPlace key="place_0392">Leipzig</pubPlace>, <publisher key="publ_2655">Merseburger</publisher> 15 Ngr.</bibl>
<bibl id="hofm_1870_06_0082_12"><composer key="compo_019685">Lachner, Frç.</composer>, <title>Intermezzo de la 2me Suite, Op. <opus key="opus_0325">115</opus>, transcr. p. J. Rummel</title>. <pubPlace key="place_0438">Mainz</pubPlace>, <publisher key="publ_3563">Schott</publisher> 45 Xr.</bibl>
<bibl id="hofm_1870_06_0082_13"><composer key="compo_021983">Mair, Frz.</composer>, <title>Tanz auf dem Schiffe. Tonbild a. : Die Auswanderer</title>. <pubPlace key="place_0731">Wien</pubPlace>, <publisher key="publ_1506">Haslinger</publisher> 15 Ngr.</bibl>
<wip id="hofm_1870_06_0082_14"><composer key="compo_025656">Palme, R.</composer>, Op. <opus key="opus_0531">13</opus>. <title>Instructive Uebungsstücke im Umfange einer Quinte</title>. <title>Heft 1. A la Marcia</title>. <title>Heft 2. Andante et Rondo</title>. <pubPlace key="place_0392">Leipzig</pubPlace>, <publisher key="publ_2655">Merseburger</publisher> à 15 Ngr.</wip>
<bibl id="hofm_1870_06_0082_15"><composer key="compo_026437">Piening, L.</composer>, Op. <opus key="opus_3565">6</opus>. <title>Fest-Polonaise über ein irisches Volkslied</title>. <pubPlace key="place_0057">Bielefeld</pubPlace>, <publisher key="publ_3971">Sulzer</publisher> 15 Ngr.</bibl>
<pb n="83"/>
<bibl id="hofm_1870_06_0083_01"><title>Potpourri a. Offenbach, Kakadu, arr. v. A. Conradi</title>. <pubPlace key="place_0044">Berlin</pubPlace>, <publisher key="publ_0393">B. u. Bock</publisher> 15 Ngr.</bibl>
<bibl id="hofm_1870_06_0083_02"><composer key="compo_031123">Schubert, Frz.</composer>, Op. <opus key="opus_0427">121</opus>. <title>2 Marches caractérist. No. 1 (<key>C</key>). No. 2 (<key>C</key>)</title>. <pubPlace key="place_0438">Mainz</pubPlace>, <publisher key="publ_3563">Schott</publisher> à 54 Xr.</bibl>
<bibl id="hofm_1870_06_0083_03">– Op. <opus key="opus_0658">138</opus>. <title>Notre Amitié est invariable. Rondeau (<key>D</key>)</title>. <pubPlace key="place_0438">Mainz</pubPlace>, <publisher key="publ_3563">Schott</publisher> 54 Xr.</bibl>
<bibl id="hofm_1870_06_0083_04">– Op. <opus key="opus_0744">144</opus>. <title>Lebensstürme. Charakterist. Allegro</title>. <pubPlace key="place_0438">Mainz</pubPlace>, <publisher key="publ_3563">Schott</publisher> 1 Fl. 36 Xr.</bibl>
<bibl id="hofm_1870_06_0083_05">– <title>Kinder-Marsch</title>. <pubPlace key="place_0731">Wien</pubPlace>, <publisher key="publ_1288">Gotthard</publisher> 15 Ngr.</bibl>
<bibl id="hofm_1870_06_0083_06"><composer key="compo_032181">Siebenkäs, J.W.</composer>, <title>Festmarsch</title>. <pubPlace key="place_0510">Nürnberg</pubPlace>, <publisher key="publ_3501">Schmid</publisher> 12½ Ngr.</bibl>
<bibl id="hofm_1870_06_0083_07"><composer key="compo_037554">Wollenhaupt, H.A.</composer>, Op. <opus key="opus_3825">66</opus>. <title>Marche hongroise, arr. p. Th. Herbert</title>. <pubPlace key="place_0392">Leipzig</pubPlace>, <publisher key="publ_3773">Siegel</publisher> 17½ Ngr.</bibl>
</div><div id="hofm_1870_06_0083_div07"><head><hofClass key="hofCl_0272">Ouverturen für Pianoforte zu vier Händen.</hofClass></head>
<bibl id="hofm_1870_06_0083_08"><composer key="compo_036249">Weber, K.M. v.</composer>, <title>Ouv. Oberon, arr. v. Fr. Lux</title>. <pubPlace key="place_0438">Mainz</pubPlace>, <publisher key="publ_3563">Schott</publisher> 48 Xr.</bibl>
</div><div id="hofm_1870_06_0083_div08"><head><hofClass key="hofCl_0166">Musik für Pianoforte allein.</hofClass></head>
<bibl id="hofm_1870_06_0083_09"><composer key="compo_001722">Battmann, J.L.</composer>, Op. <opus key="opus_2157">303</opus>. <title>Fantaisie-Transcription sur Vert-Vert, d’Offenbach</title>. <pubPlace key="place_0044">Berlin</pubPlace>, <publisher key="publ_0393">B. u. Bock</publisher> 12½ Ngr.</bibl>
<bibl id="hofm_1870_06_0083_10"><composer key="compo_001838">Baumfelder, Fr.</composer>, Op. <opus key="opus_1153">179</opus>. <title>Trost in Thränen. Melod. Klavierstück</title>. <pubPlace key="place_0392">Leipzig</pubPlace>, <publisher key="publ_2655">Merseburger</publisher> 15 Ngr.</bibl>
<bibl id="hofm_1870_06_0083_11">– Op. <opus key="opus_1183">180</opus>. <title>Soldatengruss. Klavierstück</title>. Ebend. 15 Ngr.</bibl>
<bibl id="hofm_1870_06_0083_12">– Op. <opus key="opus_1247">188</opus>. <title>Ständchen</title>. <pubPlace key="place_0731">Wien</pubPlace>, <publisher key="publ_1506">Haslinger</publisher> 12½ Ngr.</bibl>
<bibl id="hofm_1870_06_0083_13">– Op. <opus key="opus_1252">189</opus>. <title>Menuett</title>. Ebend. 12½ Ngr.</bibl>
<bibl id="hofm_1870_06_0083_14"><composer key="compo_002077">Beethoven, L. v.</composer>, Op. <opus key="opus_4181">77</opus>. <title>Fantasie (<key>Gm</key>.), rev. v. F. Kroll</title>. <pubPlace key="place_0044">Berlin</pubPlace>, <publisher key="publ_1161">Fürstner</publisher> 10 Ngr.</bibl>
<bibl id="hofm_1870_06_0083_15"><composer key="compo_002101">Behr, Frç.</composer>, Op. <opus key="opus_1708">237</opus>. <title>2 Morceaux. No. 1. Le Papillon d’Or, Bluette. No. 2. Douce Illusion, Mélodie gracieuse</title>. <pubPlace key="place_0731">Wien</pubPlace>, <publisher key="publ_1506">Haslinger</publisher> à 12½ Ngr.</bibl>
<bibl id="hofm_1870_06_0083_16"><composer key="compo_002268">Bendel, F.</composer>, <title>Walther’s Preislied a. Die Meistersinger von Nürnberg, v. Wagner</title>. <pubPlace key="place_0044">Berlin</pubPlace> <publisher key="publ_0393">B. u. Bock</publisher> 15 Ngr.</bibl>
<bibl id="hofm_1870_06_0083_17"><composer key="compo_004436">Brunner, Ed.</composer>, Op. <opus key="opus_0392">12</opus>. <title>Alpenblumen. Steirische Original-Weisen</title>. <pubPlace key="place_0731">Wien</pubPlace>, <publisher key="publ_1506">Haslinger</publisher> 12½ Ngr.</bibl>
<bibl id="hofm_1870_06_0083_18"><composer key="compo_005462">Cazaux, Ch.</composer>, <title>Impatience. Caprice-Etude</title>. <pubPlace key="place_0438">Mainz</pubPlace>, <publisher key="publ_3563">Schott</publisher> 45 Xr.</bibl>
<bibl id="hofm_1870_06_0083_19"><composer key="compo_007115">Dobjansky, A. de</composer>, Op. <opus key="opus_0001">1</opus>. <title>2 Nocturnes</title>. <pubPlace key="place_0044">Berlin</pubPlace>, <publisher key="publ_3791">Simrock</publisher> 15 Ngr.</bibl>
<bibl id="hofm_1870_06_0083_20">– Op. <opus key="opus_1372">2</opus>. <title>Capriccietto et Nocturne</title>. Ebend. 15 Ngr.</bibl>
<bibl id="hofm_1870_06_0083_21">– Op. <opus key="opus_2116">3</opus>. <title>Nocturne</title>. Ebend. 10 Ngr.</bibl>
<bibl id="hofm_1870_06_0083_22">– Op. <opus key="opus_2737">4</opus>. <title>Nocturne et Impromptu</title>. Ebend. 15 Ngr.</bibl>
<bibl id="hofm_1870_06_0083_23"><composer key="compo_007505">Dunkler, Ed.</composer>, <title>Reconnaissance. Feuille d’Album</title>. <pubPlace key="place_0266">Haag</pubPlace>, <publisher key="publ_0388">Boshart u. O</publisher>. 10 Ngr.</bibl>
<bibl id="hofm_1870_06_0083_24"><composer key="compo_009894">Frenchel, A.</composer>, Op. <opus key="opus_2509">36</opus>. <title>La Vogue. Caprice de Salon</title>. <pubPlace key="place_0438">Mainz</pubPlace>, <publisher key="publ_3563">Schott</publisher> 1 Fl.</bibl>
<bibl id="hofm_1870_06_0083_25">– Op. <opus key="opus_2670">39</opus>. <title>Gr. Fantaisie sur II Trovatore, de Verdi</title>. Ebend. 1 Fl. 21 Xr.</bibl>
<bibl id="hofm_1870_06_0083_26"><composer key="compo_010142">Fritzsche, R.</composer>, Op. <opus key="opus_4300">8</opus>. <title>Causerie. Morceau de Salon</title>. <pubPlace key="place_0392">Leipzig</pubPlace>, <publisher key="publ_1132">Fritzsche</publisher> 10 Ngr.</bibl>
<bibl id="hofm_1870_06_0083_27"><composer key="compo_010630">Ganz, W.</composer>, Op. <opus key="opus_3181">5</opus>. <title>La Traviata, de Verdi. Gr. Fantaisie brill</title>. <pubPlace key="place_0044">Berlin</pubPlace>, <publisher key="publ_0393">B. u. Bock</publisher> 25 Ngr.</bibl>
<bibl id="hofm_1870_06_0083_28">– Op. <opus key="opus_0806">15</opus>. <title>I Puritani, v. Bellini. Fantasie</title>. <pubPlace key="place_0044">Berlin</pubPlace>, <publisher key="publ_0393">B. u. Bock</publisher> 17½ Ngr.</bibl>
<bibl id="hofm_1870_06_0083_29"><composer key="compo_012344">Gräver, M.J.</composer>, Op. <opus key="opus_0234">11</opus>. <title>Souvenez-vous. Poésie</title>. <pubPlace key="place_0266">Haag</pubPlace>, <publisher key="publ_4379">Weygand u. Co</publisher>. 12 Ngr.</bibl>
<bibl id="hofm_1870_06_0083_30">– Op. <opus key="opus_0392">12</opus>. <title>Petit Voyage à Scheveningue. Bagatelle</title>. Ebend. 12 Ngr.</bibl>
<bibl id="hofm_1870_06_0083_31">– Op. <opus key="opus_0684">14</opus>. <title>Liebeslied. Nocturne</title>. Ebend. 12 Ngr.</bibl>
<pb n="84"/>
<bibl id="hofm_1870_06_0084_01"><composer key="compo_013210">Handrock, J.</composer>, Op. <opus key="opus_3701">62</opus>. <title>2 Klavierstücke (Stille Sehnsucht. Liebes-Ahnung)</title>. <pubPlace key="place_0392">Leipzig</pubPlace>, <publisher key="publ_1930">Kahnt</publisher> 12½ Ngr.</bibl>
<bibl id="hofm_1870_06_0084_02">– Op. <opus key="opus_3738">63</opus> <title>2 Klavierstücke (Arabeske. Studie)</title>. Ebend. 15 Ngr.</bibl>
<bibl id="hofm_1870_06_0084_03"><composer key="compo_013622">Hause, K.</composer>, Op. <opus key="opus_3071">47</opus>. <title>Glückliche Stunden. 6 charakterist. Stücke. No. 4. La Promenade. No. 5. Rêverie. No. 6. Tour à Cheval</title>. <pubPlace key="place_0044">Berlin</pubPlace>, <publisher key="publ_0393">B. u. Bock</publisher> à 12½ Ngr.</bibl>
<bibl id="hofm_1870_06_0084_04"><composer key="compo_014286">Herbeck, J.</composer>, <title>Tanz-Momente, arr. v. Frz. Liszt</title>. <pubPlace key="place_0731">Wien</pubPlace>, <publisher key="publ_1288">Gotthard</publisher> 1 Rt.</bibl>
<bibl id="hofm_1870_06_0084_05"><composer key="compo_014808">Hill, W.</composer>, Op. <opus key="opus_0806">15</opus>. <title>Romanze u. Scherzo</title>. <pubPlace key="place_0200">Frankfurt a/M</pubPlace>., <publisher key="publ_1594">Henkel</publisher> 15 Ngr.</bibl>
<bibl id="hofm_1870_06_0084_06"><composer key="compo_015612">Hummel, J.N.</composer>, Op. <opus key="opus_4460">85</opus>. <title>Concert (<key>Am</key>.)</title>. <pubPlace key="place_0438">Mainz</pubPlace>, <publisher key="publ_3563">Schott</publisher> 2 fb. 30 Xr.</bibl>
<bibl id="hofm_1870_06_0084_07">– Op. <opus key="opus_4542">89</opus>. <title>Concert (<key>Hm</key>.)</title>. <pubPlace key="place_0438">Mainz</pubPlace>, <publisher key="publ_3563">Schott</publisher> 3 Fl.</bibl>
<wip id="hofm_1870_06_0084_08"><composer key="compo_017320">Kessler, J.C.</composer>, Op. <opus key="opus_4617">92</opus>. <title>6 Charakterstücke</title>. <title>No. 1. Morgenlied</title>. <title>No. 2. Abendlied</title>. <title>No. 3. Sehnsuchts-Walzer</title>. <title>No. 4. Ländler</title>. à 5 Ngr. <title>No. 5 u. 6. 2 Savoyarden-Weisen (f. d. linke Hand allein)</title> 7½ Ngr. <pubPlace key="place_0731">Wien</pubPlace>, <publisher key="publ_1288">Gotthard</publisher>.</wip>
<bibl id="hofm_1870_06_0084_09">– Op. <opus key="opus_4639">93</opus>. <title>30 sehr kurze und leichte Sätze in allen Tonarten</title>. Ebend. 17½ Ngr.</bibl>
<bibl id="hofm_1870_06_0084_10"><composer key="compo_017454">Kinkel, C.</composer>, <title>Serénade des Anges</title>. <pubPlace key="place_0438">Mainz</pubPlace>, <publisher key="publ_3563">Schott</publisher> 36 Xr.</bibl>
<wip id="hofm_1870_06_0084_11"><composer key="compo_019359">Köhler, Louis</composer>, Op. <opus key="opus_1107">172</opus>. <title>Beliebte Volkslieder in leichter Bearbeitung</title>. <title>Heft 1. Kommt ein Vogel geflogen. Ach, wie ist’s möglich dann</title>. <title>Heft 2. Aennchen von Tharau. Du, du liegst mir am Herzen</title>. <pubPlace key="place_0392">Leipzig</pubPlace>, <publisher key="publ_2655">Merseburger</publisher> à 10 Ngr.</wip>
<bibl id="hofm_1870_06_0084_12"><composer key="compo_018913">Krug, D.</composer>, Op. <opus key="opus_1866">257</opus>. <title>No. 1. Oh, belle Nuit d’Eté, Pensée romantique. No. 2. L’Heure du Berger, Poésie</title>. <pubPlace key="place_0392">Leipzig</pubPlace>, <publisher key="publ_3773">Siegel</publisher> à 12½ Ngr.</bibl>
<bibl id="hofm_1870_06_0084_13"><composer key="compo_019905">Lange, G.</composer>, Op. <opus key="opus_4326">80</opus>. <title>Herzliebchen mein unter’m Rebendach, v. Conradi. Fantasie</title>. <pubPlace key="place_0044">Berlin</pubPlace>, <publisher key="publ_3791">Simrock</publisher> 12½ Ngr.</bibl>
<bibl id="hofm_1870_06_0084_14">– Op. <opus key="opus_4354">81</opus>. <title>Das Fischermädchen, v. Meyerbeer. Transcription</title>. Ebend. 12½ Ngr.</bibl>
<bibl id="hofm_1870_06_0084_15">– Op. <opus key="opus_4377">82</opus>. <title>Wiegenlied (Schlaf in guter Ruh’), v. Taubert. Transcription</title>. Ebend. 12½ Ngr.</bibl>
<bibl id="hofm_1870_06_0084_16"><composer key="compo_020238">Lebeau, A.</composer>, Op. <opus key="opus_0216">109</opus>. <title>Le Tocsin. Caprice-Galop</title>. <pubPlace key="place_0044">Berlin</pubPlace>, <publisher key="publ_1161">Fürstner</publisher> 17½ Ngr.</bibl>
<bibl id="hofm_1870_06_0084_17"><composer key="compo_023379">Mihalovich, Edm. de</composer>, <title>Fantaisie (<key>E</key>)</title>. <pubPlace key="place_0542">Pesth</pubPlace>, <publisher key="publ_3342">Rózsavölgyi</publisher> 27½ Ngr.</bibl>
<bibl id="hofm_1870_06_0084_18"><composer key="compo_023890">Mozart, W.A.</composer>, <title>Sonate (<key>Am</key>.), rev. v. F. Kroll</title>. <pubPlace key="place_0044">Berlin</pubPlace>, <publisher key="publ_1161">Fürstner</publisher> 12½ Ngr.</bibl>
<bibl id="hofm_1870_06_0084_19"><composer key="compo_024752">Neustedt, Ch.</composer>, Op. <opus key="opus_4639">93</opus>. <title>Kakadu, d’Offenbach. Fantaisie-Transcr</title>. <pubPlace key="place_0044">Berlin</pubPlace>, <publisher key="publ_0393">B. u. Bock</publisher> 15 Ngr.</bibl>
<bibl id="hofm_1870_06_0084_20"><composer key="compo_025279">Offenbach, J.</composer>, <title>Kakadu (Vert-Vert). Kom. Oper</title>. gr.-8. <pubPlace key="place_0044">Berlin</pubPlace>, <publisher key="publ_0393">B. u. Bock</publisher> 2 Rt.</bibl>
<wip id="hofm_1870_06_0084_21"><composer key="compo_025260">Oesten, Th.</composer>, <title>Kompositionen</title>. <pubPlace key="place_0392">Leipzig</pubPlace>, <publisher key="publ_3773">Siegel</publisher>. <lb/>Op. <opus key="opus_2887">420</opus>. <title>Rosen-Lied. Bluette</title>. 12½ Ngr. <lb/>– <opus key="opus_2890">421</opus>. <title>Seraphinen-Klänge. Notturno</title>. 12½ Ngr. <lb/>– <opus key="opus_2891">422</opus>. <title>Feen-Träume. Rêverie</title>. 12½ Ngr. <lb/>– <opus key="opus_2892">423</opus>. <title>Im Wald-Thale. Idylle</title>. 12½ Ngr. <lb/>– <opus key="opus_2895">424</opus>. <title>Herzens-Gruss. Melodie</title>. 12½ Ngr. <lb/>– <opus key="opus_2898">425</opus>. <title>Schweizer-Gruss. Ständchen</title>. 12½ Ngr.</wip>
<bibl id="hofm_1870_06_0084_22"><composer key="compo_029210">Rummel, J</composer>, <title>Kakadu, d’Offenbach. Bouquet de Mélodies</title>. <pubPlace key="place_0044">Berlin</pubPlace>, <publisher key="publ_0393">B. u. Bock</publisher> 17½ Ngr.</bibl>
<bibl id="hofm_1870_06_0084_23"><composer key="compo_030399">Schliebner, A.</composer>, Op. <opus key="opus_1165">18</opus>. <title>Impromptu (<key>G</key>)</title>. <pubPlace key="place_0266">Haag</pubPlace>, <publisher key="publ_4379">Weygand u. Co</publisher>. 10 Ngr.</bibl>
<bibl id="hofm_1870_06_0084_24">– Op. <opus key="opus_1271">19</opus>. <title>Grazioso</title>. Ebend. 12 Ngr.</bibl>
<wip id="hofm_1870_06_0084_25"><composer key="compo_032766">Spindler, Fritz</composer>, Op. <opus key="opus_1339">198</opus>. <title>Mosaik. 6 Stücke</title>. <title>No. 1. Diana</title>. 12½ Ngr. <title>No. 2. Blumengewinde</title>. 10 Ngr. <title>No. 3. Tänzerin</title>. <title>No. 4. Täubchen</title>. à 12½ Ngr. <title>No. 5. Kampfspiel</title>. 10 Ngr. <title>No. 6. Grazien</title>. 12½ Ngr. <pubPlace key="place_0392">Leipzig</pubPlace>, <publisher key="publ_3773">Siegel</publisher>.</wip>
<pb n="85"/>
<bibl id="hofm_1870_06_0085_01"><composer key="compo_033285">Stern, L.A.</composer>, <title>The musical Box. Plaisanterie musicale</title>. <pubPlace key="place_0266">Haag</pubPlace>, <publisher key="publ_4379">Weygand u. Co</publisher>. 12 Ngr.</bibl>
<bibl id="hofm_1870_06_0085_02"><composer key="compo_033314">Steuer, R.</composer>, Op. <opus key="opus_3565">6</opus>. <title>Concert-Etude (<key>B</key>)</title>. <pubPlace key="place_0510">Nürnberg</pubPlace>, <publisher key="publ_3501">Schmid</publisher> 15 Ngr.</bibl>
<bibl id="hofm_1870_06_0085_03"><composer key="compo_033415">Stoevesand, A.</composer>, Op. <opus key="opus_0392">12</opus>. <title>Der Sehnsucht Klage. Rondo</title>. <pubPlace key="place_0651">Stettin</pubPlace>, <publisher key="publ_0507">Bulang</publisher> 7½ Ngr.</bibl>
<bibl id="hofm_1870_06_0085_04"><composer key="compo_033590">Streabbog, L.</composer>, <title>Marlborough. Petite Fantaisie</title>. <pubPlace key="place_0438">Mainz</pubPlace>, <publisher key="publ_3563">Schott</publisher> 18 Xr.</bibl>
<bibl id="hofm_1870_06_0085_05"><composer key="compo_033898">Suter, E.</composer>, Op. <opus key="opus_1068">17</opus>. <title>Gruss vom Alpenland. Salonstück</title>. <pubPlace key="place_0767">Zürich</pubPlace>, <publisher key="publ_1796">Hug</publisher> 17½ Ngr.</bibl>
<wip id="hofm_1870_06_0085_06"><composer key="compo_035532">Viole, R.</composer>, <title>10 Sonates</title>. <title>No. 7 (<key>E</key>). Op. <opus key="opus_1932">27</opus></title>. 1 Rt. <title>No. 8 (<key>Fm</key>.). Op. <opus key="opus_1999">28</opus></title>. 25 Ngr. <title>No. 9 (<key>Fism</key>.). Op. <opus key="opus_2066">29</opus></title>. <title>No. 10 (<key>Es</key>). Op. <opus key="opus_2131">30</opus></title>. à 1 Rt. <pubPlace key="place_0392">Leipzig</pubPlace>, <publisher key="publ_1930">Kahnt</publisher>.</wip>
<bibl id="hofm_1870_06_0085_07"><composer key="compo_035993">Waldmüller, F.</composer>, Op. <opus key="opus_0776">147</opus>. <title>La Danse des Nymphes. Morceau de Salon</title>. <pubPlace key="place_0731">Wien</pubPlace>, <publisher key="publ_1506">Haslinger</publisher> 15 Ngr.</bibl>
<bibl id="hofm_1870_06_0085_08"><composer key="compo_036249">Weber, K.M. v.</composer>, Op. <opus key="opus_3701">62</opus>. <title>Rondo (<key>Es</key>)</title>. <pubPlace key="place_0438">Mainz</pubPlace>, <publisher key="publ_3563">Schott</publisher> 30 Xr.</bibl>
<bibl id="hofm_1870_06_0085_09"><composer key="compo_037394">Wohlfahrt, Frz.</composer>, Op. <opus key="opus_0806">15</opus>. <title>Lieder-Kränzchen. Reihenfolge bekannter Lieder. Heft 2</title>. <pubPlace key="place_0392">Leipzig</pubPlace>, <publisher key="publ_1930">Kahnt</publisher> 10 Ngr.</bibl>
<bibl id="hofm_1870_06_0085_10"><composer key="compo_037397">Wohlfahrt, Heinr.</composer>, Op. <opus key="opus_0684">14</opus>. <title>Sonaten-Kränzchen. Leichte Sonaten. No. 5 (<key>B</key>). No. 6 (<key>B</key>)</title>. <pubPlace key="place_0392">Leipzig</pubPlace>, <publisher key="publ_1930">Kahnt</publisher> à 12½ Ngr.</bibl>
</div><div id="hofm_1870_06_0085_div09"><head><hofClass key="hofCl_0288">Tänze für Pianoforte.</hofClass></head>
<bibl id="hofm_1870_06_0085_11"><composer key="compo_005404">Cast, J.G.</composer>, <title>Casino-Tänze. Heft 1</title>. <pubPlace key="place_0341">Kassel</pubPlace>, <publisher key="publ_0581">Cast</publisher> 20 Ngr.</bibl>
<bibl id="hofm_1870_06_0085_12"><composer key="compo_005462">Cazaux, Ch.</composer>, <title>Stéphanie-Polka</title>. <pubPlace key="place_0438">Mainz</pubPlace>, <publisher key="publ_3563">Schott</publisher> 27 Xr.</bibl>
<bibl id="hofm_1870_06_0085_13"><composer key="compo_008659">Ettling</composer>, <title>Kakadu, d’Offenbach. Polka-Mazurka</title>. <pubPlace key="place_0044">Berlin</pubPlace>, <publisher key="publ_0393">B. u. Bock</publisher> 10 Ngr.</bibl>
<bibl id="hofm_1870_06_0085_14"><composer key="compo_008935">Faust, J.</composer>, <title>Vert-Vert-Quadrille</title>. <pubPlace key="place_0731">Wien</pubPlace>, <publisher key="publ_1506">Haslinger</publisher> 10 Ngr.</bibl>
<bibl id="hofm_1870_06_0085_15"><composer key="compo_011058">Gernerth, F.</composer>, <title>Tanz-Examen. Polka française</title>. <pubPlace key="place_0731">Wien</pubPlace>, <publisher key="publ_1506">Haslinger</publisher> 10 Ngr.</bibl>
<bibl id="hofm_1870_06_0085_16"><composer key="compo_012344">Gräver, M.J.</composer>, Op. <opus key="opus_0531">13</opus>. <title>Le Retour du Chasseur. Valse</title>. <pubPlace key="place_0266">Haag</pubPlace>, <publisher key="publ_4379">Weygand u. Co</publisher>. 12 Ngr.</bibl>
<wip id="hofm_1870_06_0085_17"><composer key="compo_012437">Gudera, H.</composer>, <title>Leipziger Schützenhaus-Musik</title>. <pubPlace key="place_0392">Leipzig</pubPlace>, <publisher key="publ_1930">Kahnt</publisher>. <lb/>Op. <opus key="opus_4639">93</opus>. <title>Fontaine-Galopp</title>. 10 Ngr. <lb/>– <opus key="opus_4654">94</opus>. <title>Pergola-Mazurka</title>. 7½ Ngr. <lb/>– <opus key="opus_4671">95</opus>. <title>Terrassen-Quadrille</title>. 10 Ngr. <lb/>– <opus key="opus_4687">96</opus>. <title>Drachenfels-Galopp</title>. 7½ Ngr. <lb/>– <opus key="opus_4704">97</opus>. <title>Kleopatra-Polka</title>. 7½ Ngr. <lb/>– <opus key="opus_4722">98</opus>. <title>Alhambra-Schottisch</title>. 10 Ngr. <lb/>– <opus key="opus_4738">99</opus>. <title>Trianon-Polka</title>. 7½ Ngr.</wip>
<bibl id="hofm_1870_06_0085_18"><composer key="compo_012523">Gung’l, J.</composer>, Op. <opus key="opus_1768">244</opus>. <title>Waldröslein. Polka-Mazurka</title>. <pubPlace key="place_0044">Berlin</pubPlace>, <publisher key="publ_0393">B. u. Bock</publisher> 7½ Ngr.</bibl>
<bibl id="hofm_1870_06_0085_19">– Op. <opus key="opus_1772">245</opus>. <title>In stiller Mitternacht. Polka</title>. Ebend. 7½ Ngr.</bibl>
<bibl id="hofm_1870_06_0085_20"><composer key="compo_014201">Henning, H.</composer>, <title>Anna-Polka-Mazurka</title>. <pubPlace key="place_0266">Haag</pubPlace>, <publisher key="publ_4379">Weygand u. Co</publisher>. 5 Ngr.</bibl>
<bibl id="hofm_1870_06_0085_21"><composer key="compo_014469">Herrmann, H.</composer>, Op. <opus key="opus_3140">49</opus>. <title>Masken-Scherze. Polka</title>. <pubPlace key="place_0201">Frankfurt a/O</pubPlace>., <publisher key="publ_2579">Massute</publisher> 7½ Ngr.</bibl>
<bibl id="hofm_1870_06_0085_22">– Op. <opus key="opus_3204">50</opus>. <title>Victoria-Quadrille</title>. Ebend. 10 Ngr.</bibl>
<bibl id="hofm_1870_06_0085_23"><composer key="compo_021008">Lindheim, A.</composer>, <title>Périchole, v. Offenbach. Polka-Mazurka</title>. <pubPlace key="place_0044">Berlin</pubPlace>, <publisher key="publ_0393">B. u. Bock</publisher> 10 Ngr.</bibl>
<bibl id="hofm_1870_06_0085_24"><composer key="compo_021295">Lorenz, Fr.</composer>, Op. <opus key="opus_0531">13</opus>. <title>La Sauteuse. Polka-Mazurka</title>. <pubPlace key="place_0438">Mainz</pubPlace> <publisher key="publ_3563">Schott</publisher> 27 Xr.</bibl>
<bibl id="hofm_1870_06_0085_25"><composer key="compo_023986">Muth, A.</composer>, <title>Mainzer Hof-Narren-Polka</title>. <pubPlace key="place_0438">Mainz</pubPlace>, <publisher key="publ_0310">Gebr. Beyer</publisher> 7½ Ngr.</bibl>
<bibl id="hofm_1870_06_0085_26"><composer key="compo_025279">Offenbach, J.</composer>, <title>Kakadu. Polka</title>. <pubPlace key="place_0044">Berlin</pubPlace>, <publisher key="publ_0393">B. u. Bock</publisher> 7½ Ngr.</bibl>
<bibl id="hofm_1870_06_0085_27"><composer key="compo_026429">Piefke, R.</composer>, Op. <opus key="opus_2403">34</opus>. <title>Jugendlust. Rheinländer-Polka</title>. <pubPlace key="place_0201">Frankfurt a/O</pubPlace>., <publisher key="publ_2579">Massute</publisher> 7½ Ngr.</bibl>
<bibl id="hofm_1870_06_0085_28">– Op. <opus key="opus_2458">35</opus>. <title>Bacchanten-Galopp</title>. Ebend. 7½ Ngr.</bibl>
<bibl id="hofm_1870_06_0085_29"><composer key="compo_027611">Raule, Th. v.</composer> <title>Neu belebt! Polka-Mazur</title>. <pubPlace key="place_0731">Wien</pubPlace>, <publisher key="publ_1506">Haslinger</publisher> 7½ Ngr.</bibl>
<bibl id="hofm_1870_06_0085_30"><composer key="compo_028817">Roques, L.</composer>, <title>Périchole, v. Offenbach. Polka</title>. <pubPlace key="place_0044">Berlin</pubPlace>, <publisher key="publ_0393">B. u. Bock</publisher> 10 Ngr.</bibl>
<pb n="86"/>
<bibl id="hofm_1870_06_0086_01"><composer key="compo_028865">Rosenberg, A.</composer>, <title>Garland. Valse</title>. <pubPlace key="place_0438">Mainz</pubPlace>, <publisher key="publ_3563">Schott</publisher> 36 Xr.</bibl>
<bibl id="hofm_1870_06_0086_02"><composer key="compo_029000">Roth, Frz.</composer>, <title>Von Stufe zu Stufe. Polka française</title>. <pubPlace key="place_0731">Wien</pubPlace>, <publisher key="publ_1506">Haslinger</publisher> 7½ Ngr.</bibl>
<bibl id="hofm_1870_06_0086_03"><composer key="compo_030358">Schlenkrich, R.</composer>, Op. <opus key="opus_3204">50</opus>. <title>Der Glücksstern. Walzer</title>. <pubPlace key="place_0438">Mainz</pubPlace>, <publisher key="publ_3563">Schott</publisher> 54 Xr.</bibl>
<bibl id="hofm_1870_06_0086_04"><composer key="compo_031123">Schubert, Frz.</composer>, <title>6 Polonaisen f. Pfte zu 4 Hdn, arr. v. R. Palme</title>. <title>2 Hefte</title>. <pubPlace key="place_0392">Leipzig</pubPlace>, <publisher key="publ_2655">Merseburger</publisher> à 12½ Ngr.</bibl>
<bibl id="hofm_1870_06_0086_05"><composer key="compo_033546">Strauss</composer> (in Paris), <title>Kakadu, d’Offenbach. Quadrille</title>. <pubPlace key="place_0044">Berlin</pubPlace>, <publisher key="publ_0393">B. u. Bock</publisher> 10 Ngr.</bibl>
<bibl id="hofm_1870_06_0086_06">– – <title>Valse</title>. Ebend. 12½ Ngr.</bibl>
<bibl id="hofm_1870_06_0086_07"><composer key="compo_033600">Strebinger, J.</composer>, Op. <opus key="opus_2850">42</opus>. <title>Hertha-Polka</title>. <pubPlace key="place_0201">Frankfurt a/O</pubPlace>., <publisher key="publ_2579">Massute</publisher> 7½ Ngr.</bibl>
<bibl id="hofm_1870_06_0086_08"><composer key="compo_035014">Tyrner, A.</composer>, <title>Die Kremserin. Polka-Mazurka</title>. <pubPlace key="place_0731">Wien</pubPlace>, <publisher key="publ_1506">Haslinger</publisher> 7½ Ngr.</bibl>
<bibl id="hofm_1870_06_0086_09">– <title>Ueber Krems und Stein. Schnell-Polka</title>. Ebend. 7½ Ngr.</bibl>
<bibl id="hofm_1870_06_0086_10"><composer key="compo_038102">Ziehrer, K.M.</composer>, Op. <opus key="opus_0851">152</opus>. <title>Entre-nous. Polka française</title>. <pubPlace key="place_0731">Wien</pubPlace>, <publisher key="publ_1506">Haslinger</publisher> 7½ Ngr.</bibl>
<bibl id="hofm_1870_06_0086_11">– Op. <opus key="opus_0860">153</opus>. <title>Knall-Effecte. Walzer</title>. Ebend. 15 Ngr.</bibl>
</div><div id="hofm_1870_06_0086_div10"><head><hofClass key="hofCl_0250">Märsche für Pianoforte.</hofClass></head>
<bibl id="hofm_1870_06_0086_12"><composer key="compo_005462">Cazaux, Ch.</composer>, <title>Marche</title>. <pubPlace key="place_0438">Mainz</pubPlace>, <publisher key="publ_3563">Schott</publisher> 45 Xr.</bibl>
<bibl id="hofm_1870_06_0086_13"><composer key="compo_008736">Eyken, J.A. v.</composer>, <title>Marche funèbre</title>. <pubPlace key="place_0266">Haag</pubPlace>, <publisher key="publ_4379">Weygand u. Co</publisher>. 10 Ngr.</bibl>
<bibl id="hofm_1870_06_0086_14"><composer key="compo_011831">Graff, J.</composer>, <title>Un Trophée d’Armes. Marche militaire</title>. <pubPlace key="place_0044">Berlin</pubPlace>, <publisher key="publ_0393">B. u. Bock</publisher> 7½ Ngr.</bibl>
<bibl id="hofm_1870_06_0086_15"><composer key="compo_012437">Gudera, H.</composer>, Op. <opus key="opus_4617">92</opus>. <title>Schützenhaus-Marsch</title>. <pubPlace key="place_0392">Leipzig</pubPlace>, <publisher key="publ_1930">Kahnt</publisher> 5 Ngr.</bibl>
<bibl id="hofm_1870_06_0086_16"><composer key="compo_032181">Siebenkäs, J.W.</composer>, <title>Festmarsch</title>. <pubPlace key="place_0510">Nürnberg</pubPlace>, <publisher key="publ_3501">Schmid</publisher> 10 Ngr.</bibl>
<bibl id="hofm_1870_06_0086_17"><composer key="compo_032847">Staab, J.</composer>, Op. <opus key="opus_4096">74</opus>. <title>Carnevals-Marsch der Mainzer Hofnarren</title>. <pubPlace key="place_0438">Mainz</pubPlace>, <publisher key="publ_0310">Gebr. Beyer</publisher> 7½ Ngr.</bibl>
</div><div id="hofm_1870_06_0086_div11"><head><hofClass key="hofCl_0225">Musik für Orgel.</hofClass></head>
<bibl id="hofm_1870_06_0086_18"><composer key="compo_010344">Fétis, F.J.</composer>, <title>Fantaisie-Symphonie p. Org. et Orch</title>. <format>Part</format>. 8. 4 Fl. 12 Xr. <format>Orgelst</format>. 1 Fl. 21 Xr. <pubPlace key="place_0438">Mainz</pubPlace>, <publisher key="publ_3563">Schott</publisher>.</bibl>
<bibl id="hofm_1870_06_0086_19"><composer key="compo_009806">Frankenberger, H.</composer>, Op. <opus key="opus_0531">13</opus>. <title>66 kleinere freie Vorspiele</title>. <pubPlace key="place_0341">Kassel</pubPlace>, <publisher key="publ_0581">Cast</publisher> 20 Ngr.</bibl>
<bibl id="hofm_1870_06_0086_20"><composer key="compo_035034">Töpfer, J.G.</composer>, <title>Concert-Fantasie ü. : Jesu meine Freude</title>. <pubPlace key="place_0392">Leipzig</pubPlace>, <publisher key="publ_3773">Siegel</publisher> 17½ Ngr.</bibl>
</div><div id="hofm_1870_06_0086_div12"><head><hofClass key="hofCl_0161">Musik für Harmonium.</hofClass></head>
<wip id="hofm_1870_06_0086_21"><composer key="compo_004436">Brunner, Ed.</composer>, <title>Kompositionen f. Harmon</title>. <pubPlace key="place_0731">Wien</pubPlace>, <publisher key="publ_1506">Haslinger</publisher>. <lb/>Op. <opus key="opus_1271">19</opus>. <title>2 Melodien (Sie weilt in der Ferne. Wiedersehen)</title>. 15 Ngr. <lb/>– <opus key="opus_1390">20</opus>. <title>2 Tonstücke (Liebestraum. Scheidegruss)</title>. 12½ Ngr. <lb/>– <opus key="opus_1482">21</opus>. <title>Rêve d’une jeune belle Fille dans les Bois. Idylle</title>. 15 Ngr. <lb/>– <opus key="opus_1584">22</opus>. <title>Tout seul ! Pensée musicale</title>. 12½ Ngr. <lb/>– <opus key="opus_1661">23</opus>. <title>Sérénade</title>. 10 Ngr.</wip>
<bibl id="hofm_1870_06_0086_22"><composer key="compo_011848">Grammont, A.</composer>, Op. <opus key="opus_0001">1</opus>. <title>Melodien f. Harmon. (od. Pfte) Heft 4</title>. <pubPlace key="place_0662">Stuttgart</pubPlace>, <publisher key="publ_3965">Stürmer</publisher> 10 Ngr.</bibl>
<bibl id="hofm_1870_06_0086_23"><composer key="compo_022949">Menzel, C.</composer>, Op. <opus key="opus_2116">3</opus>. <title>Duos f. Harmon. u. Pfte. No. 1. Schubert, Die Allmacht</title>. <pubPlace key="place_0662">Stuttgart</pubPlace>, <publisher key="publ_3965">Stürmer</publisher> 10 Ngr.</bibl>
<bibl id="hofm_1870_06_0086_24"><composer key="compo_032944">Stanek, V.</composer>, <title>Duo sur des Motifs du Trovatore, de Verdi, p. Harpe et Harmon</title>. <pubPlace key="place_0438">Mainz</pubPlace>, <publisher key="publ_3563">Schott</publisher> 2 Fl. 24 Xr.</bibl></div>
<pb n="87"/>
<div id="hofm_1870_06_0087_div13"><head><hofClass key="hofCl_0068">Kirchenmusik.</hofClass></head>
<bibl id="hofm_1870_06_0087_01"><composer key="compo_002170">Beliczay, J. v.</composer>, Op. <opus key="opus_4562">9</opus>. <title>Ave Maria f. S.-Solo u. gem. Chor m. Orch. (od. Org.) <format>Part. u. Singst</format></title>. (15 Ngr.) <pubPlace key="place_0731">Wien</pubPlace>, <publisher key="publ_1506">Haslinger</publisher> 1 Rt.</bibl>
<bibl id="hofm_1870_06_0087_02"><composer key="compo_013965">Heinze, G.A.</composer>, Op. <opus key="opus_3140">49</opus>. <title>Sancta Caecilia f. Soli u. Chor. <format>Klav.-Ausz</format></title>. 8. <pubPlace key="place_0011">Amsterdam</pubPlace>, <publisher key="publ_3294">Roothaan</publisher> 3 Rt. 10 Ngr. **n.</bibl>
<bibl id="hofm_1870_06_0087_03"><composer key="compo_016688">Jüngst, R.</composer>, <title>Psalm 121 (Ich hebe meine Augen auf) f. 1 Singst., Pfte (od. Org.) u. Violine (od. 2 Singst.)</title>. <pubPlace key="place_0371">Köln</pubPlace>, <publisher key="publ_0443">Breuer</publisher> 10 Ngr.</bibl>
<bibl id="hofm_1870_06_0087_04"><title>Liedergarten (Geistlicher). Sammlung v. Liedern z. Gebr. beim öffentl. Gottesdienste in kathol. Gemeinden</title>. 8. <pubPlace key="place_0512">Oberhausen</pubPlace>, <publisher key="publ_3817">Spaarmann</publisher> 15 Ngr. *n.</bibl>
<bibl id="hofm_1870_06_0087_05"><composer key="compo_021137">Liszt, Fr.</composer>, <title>Avis Maris Stella. Hymnus ad 4 Voces inaequales et Org. <format>Part. u. St</format></title>. 8. <pubPlace key="place_0392">Leipzig</pubPlace>, <publisher key="publ_1930">Kahnt</publisher> 15 Ngr.</bibl>
<bibl id="hofm_1870_06_0087_06"><composer key="compo_022230">Marinus, H.G.</composer>, Op. <opus key="opus_0001">1</opus>. <title>Ave Maria à 4 Voix d’Hommes av. Org. <format>Part. u. St</format></title>. 8. <pubPlace key="place_0438">Mainz</pubPlace>, <publisher key="publ_3563">Schott</publisher> 54 Xr.</bibl>
<bibl id="hofm_1870_06_0087_07">– Op. <opus key="opus_1372">2</opus>. <title>Veni Sancte Spiritus p. do. <format>Part. u. St</format></title>. 8. Ebend. 54 Xr.</bibl>
<bibl id="hofm_1870_06_0087_08">– Op. <opus key="opus_2116">3</opus>. <title>Ecce panis p. do. <format>Part. u. St</format></title>. 8. Ebend. 54 Xr.</bibl>
<bibl id="hofm_1870_06_0087_09"><composer key="compo_028970">Rossini, G.</composer>, <title>Messe solennelle à 4 Voix (Soli et Choeurs). <format>Klav.-Ausz</format></title>. gr.-8. <pubPlace key="place_0438">Mainz</pubPlace>, <publisher key="publ_3563">Schott</publisher> 3 Fl. 36 Xr. n.</bibl>
<bibl id="hofm_1870_06_0087_10"><composer key="compo_031123">Schubert, Frz.</composer>, <title>Der 92. Psalm (Lieblich ist’s) [Lied f. d. Sabbath] f. gem. Chor m. Br.-Solo. <format>Part. u. St</format></title>. <pubPlace key="place_0731">Wien</pubPlace>, <publisher key="publ_1288">Gotthard</publisher> 25 Ngr.</bibl>
</div><div id="hofm_1870_06_0087_div14"><head><hofClass key="hofCl_0019">Gesangstücke für Concertmusik mit Orchester-Begleitung, sowie mit Begleitung eines andern Instruments.</hofClass></head>
<bibl id="hofm_1870_06_0087_11"><composer key="compo_003959">Brahms, J.</composer>, Op. <opus key="opus_3316">53</opus>. <title>Rhapsodie (Fragment a. Göthe’s Harzreise im Winter) f. A., Männerch. u. Orch</title>. <format>Part</format>. 8. 1 Rt. n. <format>Orch.-St</format>. 1 Rt. <format>Chorst</format>. 8. 10 Ngr. <pubPlace key="place_0044">Berlin</pubPlace>, <publisher key="publ_3791">Simrock</publisher>.</bibl>
<bibl id="hofm_1870_06_0087_12"><composer key="compo_022781">Meijroos, H.A.</composer>, Op. <opus key="opus_3967">7</opus>. <title>Die Wasserrose, f. 1 Singst., Pfte u. Violine</title>. <pubPlace key="place_0266">Haag</pubPlace>, <publisher key="publ_4379">Weygand u. Co</publisher>. 13½ Ngr.</bibl>
</div><div id="hofm_1870_06_0087_div15"><head><hofClass key="hofCl_0102">Mehrstimmige Gesänge mit und ohne Pianoforte.</hofClass></head>
<bibl id="hofm_1870_06_0087_13"><composer key="compo_000062">Abt, Frz.</composer>, Op. <opus key="opus_2439">346</opus>. <title>4 Männer-Chöre. No. 1. Schön Kläre. No. 3. Tanzlied. <format>Part. u. St</format></title>. 8. <pubPlace key="place_0731">Wien</pubPlace>, <publisher key="publ_1506">Haslinger</publisher> à 15 Ngr.</bibl>
<bibl id="hofm_1870_06_0087_14">– Op. <opus key="opus_2602">375</opus>. <title>Der Brunnen Wunderbar f. Männerch</title>. <format>Klav.-Ausz</format>. 15 Ngr. <format>Singst</format>. 8. 10 Ngr. <pubPlace key="place_0615">Schleusingen</pubPlace>, <publisher key="publ_1260">Glaser</publisher>.</bibl>
<bibl id="hofm_1870_06_0087_15">– Op. <opus key="opus_2650">383</opus>. <title>5 Lieder f. 3stimm. Frauench. m. Pfte</title>. <title>Heft 1. Morgenwanderung. Waldandacht. O Welt, wie bist du schön</title>. 1 Rt. 2½ Ngr. <title>Heft 2. Abendläuten. Die stille Wasserrose</title>. 27½ Ngr. <pubPlace key="place_0392">Leipzig</pubPlace>, <publisher key="publ_3773">Siegel</publisher>.</bibl>
<bibl id="hofm_1870_06_0087_16"><composer key="compo_000800">Appel, K.</composer>, Op. <opus key="opus_2403">34</opus>. <title>3 Lieder f. 4 Männerst. [Solo u. Chor] (In tiefer Nacht. Pfingsten ist gekommen. Wein zum Lied, Lied zum Wein.) <format>Part. u. St</format></title>. 8. <pubPlace key="place_0392">Leipzig</pubPlace>, <publisher key="publ_1930">Kahnt</publisher> 17½ Ngr.</bibl>
<bibl id="hofm_1870_06_0087_17">– Op. <opus key="opus_2458">35</opus>. <title>Vertröstung. Humor. Männerch. <format>Part. u. St</format></title>. 8. Ebend. 17½ Ngr.</bibl>
<bibl id="hofm_1870_06_0087_18">– Op. <opus key="opus_2509">36</opus>. <title>Nur Liebe allein! f. Br.-Solo u. Männerch. <format>Part. u. St</format></title>. 8. Ebend. 15 Ngr.</bibl>
<bibl id="hofm_1870_06_0087_19"><composer key="compo_003959">Brahms, J.</composer>, Op. <opus key="opus_3316">53</opus>. <title>Rhapsodie (Fragment a. Göthe’s Harzreise im Winter) f. A. u. Männerch</title>. <format>Klav.-Ausz</format>. 22½ Ngr. n. <format>Chorst</format>. 10 Ngr. <pubPlace key="place_0044">Berlin</pubPlace>, <publisher key="publ_3791">Simrock</publisher>.</bibl>
<pb n="88"/>
<bibl id="hofm_1870_06_0088_01"><composer key="compo_010693">Gartz, Fr.</composer>, Op. <opus key="opus_0684">14</opus>. <title>Neue Lieder f. häusliche Kreise</title>. 8. <pubPlace key="place_0044">Berlin</pubPlace>, <publisher key="publ_3951">Stubenrauch</publisher> 3 Ngr. *n.</bibl>
<bibl id="hofm_1870_06_0088_02">– Op. <opus key="opus_0806">15</opus>. <title>Hausmusik. 12 Lieder (1- od. 2stimmig) m. Pfte</title>. qu.-8. Ebend. 20 Ngr. n.</bibl>
<bibl id="hofm_1870_06_0088_03"><composer key="compo_010952">Genée, R.</composer>, Op. <opus key="opus_1457">208</opus>. <title>Verfluchte Kerls. Polka f. 4stimm. Männerch. <format>Part. u. St</format></title>. 8. <pubPlace key="place_0392">Leipzig</pubPlace>, <publisher key="publ_3773">Siegel</publisher> 15 Ngr.</bibl>
<wip id="hofm_1870_06_0088_04"><composer key="compo_014826">Hiller, Ferd.</composer>, Op. <opus key="opus_0738">143</opus>. <title>8 Gesänge f. 4 Männerst</title>. <title>Heft 1. Ich hasse das süssliche Reimgebimmel. Rheinweinlied. Abendlied. Weinlied</title>. 1 Rt. 7½ Ngr. <title>Heft 2. Chor der Engel. Frühling ist gekommen. Vertrauen auf Gott. Mirza Schaffy</title>. 1 Rt. 20 Ngr. <format>Part. u. St</format>. 8. <pubPlace key="place_0731">Wien</pubPlace>, <publisher key="publ_1288">Gotthard</publisher>.</wip>
<bibl id="hofm_1870_06_0088_05"><composer key="compo_017469">Kipper, H.</composer>, <title>Rekrut und Photograph. Humor. Scene f. 2 Männerst m. Pfte</title>. <pubPlace key="place_0392">Leipzig</pubPlace>, <publisher key="publ_3773">Siegel</publisher> 1 Rt.</bibl>
<bibl id="hofm_1870_06_0088_06"><composer key="compo_019163">Kuntze, K.</composer>, Op. <opus key="opus_0915">159</opus>. <title>Die Herrn Ehemänner. Humor. Männerquartett. <format>Part. u. St</format></title>. (16 Ngr) 8. <pubPlace key="place_0615">Schleusingen</pubPlace>, <publisher key="publ_1260">Glaser</publisher> 24 Ngr.</bibl>
<bibl id="hofm_1870_06_0088_07"><composer key="compo_020798">Lichner. H.</composer>, Op. <opus key="opus_3798">65</opus>. <title>Seid eins! f. Männerst. m. Pfte</title>. <format>Klav.-Ausz</format>. 17½ Ngr. <format>Singst</format>. 8. 10. Ngr. <pubPlace key="place_0392">Leipzig</pubPlace>, <publisher key="publ_3773">Siegel</publisher>.</bibl>
<bibl id="hofm_1870_06_0088_08">– Op. <opus key="opus_3868">67</opus>. <title>Der deutsche Baum, f. Männerst. m. Pfte</title>. <format>Klav.-Ausz</format>. 10 Ngr. <format>Singst</format>. 8. 5 Ngr. Ebend.</bibl>
<bibl id="hofm_1870_06_0088_09"><composer key="compo_021983">Mair, Frz</composer>, <title>Rausche, froher Bach, f. 4 Männerst. u. Pfte. <format>Part. u. St</format></title>. 8. <pubPlace key="place_0731">Wien</pubPlace>, <publisher key="publ_1506">Haslinger</publisher> 20 Ngr.</bibl>
<wip id="hofm_1870_06_0088_10"><composer key="compo_022253">Markull, F.W.</composer>, Op. <opus key="opus_0255">110</opus>. <title>10 Naturlieder v. Fr. Oser, f. 4stimm. Männerchor. <format>Part. u. St</format></title>. 8. <pubPlace key="place_0615">Schleusingen</pubPlace>, <publisher key="publ_1260">Glaser</publisher>. <lb/><title>Heft 1. Frühlingsahnung. An den Maienwind</title>. 17½ Ngr. <lb/>– <title>2. Nun fangen die Weiden zu blühen an. Du prächt’ger, lichter Blüthenbaum</title>. 15 Ngr. <lb/>– <title>3. Waldlied. Morgenstille</title>. 15 Ngr. <lb/>– <title>4. Waldabendschein. Frühlingsgruss</title>. 15 Ngr. <lb/>– <title>5. Abendruhe. Winterlied</title>. 19½ Ngr.</wip>
<wip id="hofm_1870_06_0088_11"><composer key="compo_024054">Möhring, F.</composer>, Op. <opus key="opus_4045">72</opus>. <title>6 Gesänge f. 4stimm. Männerch</title>. <title>Heft 1. Wird mir das Herz weit. Jagdchor. Gesangesgruss</title>. 22 Ngr. <title>Heft 2. Einem scheidenden Freunde. Wir Halten fest. Sie meinten ob meiner Trunkenheit</title>. 28 Ngr. <format>Part. u. St</format>. 8. <pubPlace key="place_0615">Schleusingen</pubPlace>, <publisher key="publ_1260">Glaser</publisher>.</wip>
<bibl id="hofm_1870_06_0088_12"><composer key="compo_025226">Oelschlaeger, F.</composer>, Op. <opus key="opus_4562">9</opus>. <title>6 vierstimm. Lieder u. Gesänge f. S., A., T. u. B. (Schon gut. Harmonie. Mondschein am See. Meidli’s Gruss. Die Nixen. Zu einem Bilde.) <format>Part. u. St</format></title>. (20 Ngr.) 8. <pubPlace key="place_0651">Stettin</pubPlace>, <publisher key="publ_0507">Bulang</publisher> 1 Rt.</bibl>
<wip id="hofm_1870_06_0088_13"><composer key="compo_025514">Otto, J.</composer>, Op. <opus key="opus_0658">138</opus>. <title>Kinderfeste. Gesänge f. Schulkinder. Heft 3, Das Pfingstfest</title>. <format>Klav.-Ausz</format>. 2 Rt. 10 Ngr. <format>Singst</format>. 8. 8 Ngr. <pubPlace key="place_0615">Schleusingen</pubPlace>, <publisher key="publ_1260">Glaser</publisher>.</wip>
<bibl id="hofm_1870_06_0088_14"><composer key="compo_032710">Speidel, W.</composer>, Op. <opus key="opus_2670">39</opus>. <title>Hymne (O Geist der Töne) f. Männerchor</title>. <format>Klav.-Ausz</format>. 1 Rt. <format>Singst</format>. 8. 10 Ngr. <pubPlace key="place_0392">Leipzig</pubPlace>, <publisher key="publ_1930">Kahnt</publisher>.</bibl>
<bibl id="hofm_1870_06_0088_15">– Op. <opus key="opus_2764">40</opus>. <title>Geisterchor a. Faust, v. Göthe, f. Männerchor</title>. <format>Klav.-Ausz</format>. 20 Ngr. <format>Singst</format>. 8. 10 Ngr. Ebend.</bibl>
<bibl id="hofm_1870_06_0088_16"><composer key="compo_033881">Suppé, Frz. v.</composer>, <title>Liebe und Polizei, od. Ohne hohe obrigkeitliche Bewilligung. Kom. Mänuerch. m. Pfte (Glocke, Triangel, kl. Trommel, 4 Ambos ad lib.)</title> <format>Klav.-Ausz</format>. 1 Rt. 5 Ngr. <format>Singst</format>. 8. 1 Rt. (Instrumentalst. 7½ Ngr.) <pubPlace key="place_0392">Leipzig</pubPlace>, <publisher key="publ_3773">Siegel</publisher>.</bibl>
</div><div id="hofm_1870_06_0088_div16"><head><hofClass key="hofCl_0268">Opernmusik mit Pianofortebegleitung.</hofClass></head>
<bibl id="hofm_1870_06_0088_17"><composer key="compo_010952">Genée, R.</composer>, Op. <opus key="opus_1441">205</opus>. <title>Don Trabuco di Trabucillos. Kom. Operette f. Männerst. <format>Klav.-Ausz</format></title>. <pubPlace key="place_0392">Leipzig</pubPlace>, <publisher key="publ_3773">Siegel</publisher> 2 Rt. 20 Ngr.</bibl>
<bibl id="hofm_1870_06_0088_18"><composer key="compo_025279">Offenbach, J.</composer>, <title>Périchole. Brieflied: Ich schwör’ es, ich lieb’ dich</title>. <pubPlace key="place_0044">Berlin</pubPlace>, <publisher key="publ_0393">B. u. Bock</publisher> 7½ Ngr.</bibl>
<pb n="89"/>
<bibl id="hofm_1870_06_0089_01"><composer key="compo_036249">Weber, K.M. v.</composer>, <title>Oberon. Lied der Meermädchen u. Geisterchor f. gem. Chor arr. v. Ch. Gounod. <format>Part. u. St</format></title>. (15 Ngr.) 8. <pubPlace key="place_0044">Berlin</pubPlace>, <publisher key="publ_1161">Fürstner</publisher> 1 Rt. 10 Ngr.</bibl>
</div><div id="hofm_1870_06_0089_div17"><head><hofClass key="hofCl_0040">Gesänge für eine Singstimme mit Pianofortebegleitung.</hofClass></head>
<bibl id="hofm_1870_06_0089_02"><composer key="compo_000062">Abt, Frz.</composer>, Op. <opus key="opus_1526">211</opus>. <title>5 Lieder f. MS. (od. A.) No. 1. Veilchen vom Berg. No. 2. Du weisst ja wo? No. 3. Waldandacht. No. 4. Singe mit! No. 5. Vor meinem Fenster der Apfelbaum</title>. <pubPlace key="place_0392">Leipzig</pubPlace>, <publisher key="publ_3773">Siegel</publisher> à 5 Ngr.</bibl>
<bibl id="hofm_1870_06_0089_03"><composer key="compo_002170">Beliczay, J. v.</composer>, Op. <opus key="opus_3967">7</opus>. <title>2 Ghaselen (Im Wasser wogt die Lilie. Die Sterne scheinen und Alles ist gut)</title>. <pubPlace key="place_0731">Wien</pubPlace>, <publisher key="publ_1506">Haslinger</publisher> 10 Ngr.</bibl>
<bibl id="hofm_1870_06_0089_04">– Op. <opus key="opus_4300">8</opus>. <title>2 Lieder (Der schwere Abend. O stille dies Verlangen)</title>. Ebend. 10 Ngr.</bibl>
<bibl id="hofm_1870_06_0089_05"><composer key="compo_002757">Beschnitt, J.</composer>, Op. <opus key="opus_2131">30</opus>. <title>Der Soldat</title>. <pubPlace key="place_0651">Stettin</pubPlace>, <publisher key="publ_0507">Bulang</publisher> 7½ Ngr.</bibl>
<bibl id="hofm_1870_06_0089_06">– Op. <opus key="opus_2187">31</opus>. <title>Die Kleine Bettlerin</title>. Ebend. 10 Ngr.</bibl>
<bibl id="hofm_1870_06_0089_07"><composer key="compo_003959">Brahms, J.</composer>, Op. <opus key="opus_3149">49. No. 4</opus>. <title>Wiegenlied (Guten Abend, gut’ Nacht)</title>. <pubPlace key="place_0044">Berlin</pubPlace>, <publisher key="publ_3791">Simrock</publisher> 5 Ngr.</bibl>
<wip id="hofm_1870_06_0089_08"><composer key="compo_004530">Brüll, J.</composer>, Op. <opus key="opus_3181">5</opus>. <title>12 Gesänge</title>. <title>Heft 1. Es schauen die Blumen alle. Wenn ich auf dem Lager liege. Jedweder Geselle sein Mädel am Arm. Sie liebten sich beide. Ich wollt’ meine Schmerzen ergössen sich. Manch’ Bild. vergess’ner Zeiten</title>. 22½ Ngr. <title>Heft 2. Das verlassene Mägdlein. Ligurisches Volkslied: Mein Liebster keck. Waldeinsamkeit</title>. 15 Ngr. <title>Heft 3. Am Traunsee. Der schwere Abend. Trauer</title>. 17½ Ngr. <pubPlace key="place_0731">Wien</pubPlace>, <publisher key="publ_1288">Gotthard</publisher>.</wip>
<bibl id="hofm_1870_06_0089_09"><composer key="compo_005078">Büchner, E.</composer>, Op. <opus key="opus_1731">24</opus>. <title>3 Lieder f. S. (od. T.) No. 2. Mailied. No. 3. Ewig mein</title>. <pubPlace key="place_0392">Leipzig</pubPlace>, <publisher key="publ_1930">Kahnt</publisher> à 7½ Ngr.</bibl>
<bibl id="hofm_1870_06_0089_10">– Idem f. MS. (od. Br.) No. 2. 7½ Ngr. No. 3. 10 Ngr. Ebend.</bibl>
<wip id="hofm_1870_06_0089_11"><composer key="compo_005171">Cahn, L.</composer>, <title>2 Lieder f. A. (od. Br.)</title> <title>No. 1. Spielmann’s Lied</title>. 27 Xr. <title>No. 2. Möchte wissen, wenn die Sterne</title>. 18 Xr. <pubPlace key="place_0438">Mainz</pubPlace>, <publisher key="publ_3563">Schott</publisher></wip>
<bibl id="hofm_1870_06_0089_12"><composer key="compo_005404">Cast, J.G.</composer>, <title>Deutscher Liederkranz. Heft 1. 8 Lieder v. Ad. Fritz. (Sonntagsruhe. Das erste Veilchen. Das Octoberveilchen. Der Sternlein Schlafengehen. Wo ein Brünnelein fliesset. Sonnenuntergang. Zu deiner Augen stillen Bucht. Zieh’ mit!)</title> <pubPlace key="place_0341">Kassel</pubPlace>, <publisher key="publ_0581">Cast</publisher> 1 Rt.</bibl>
<bibl id="hofm_1870_06_0089_13"><composer key="compo_009272">Finck, H. v. der</composer>, <title>2 Lieder f. Br. (Gefunden. Treue Liebe.)</title> <pubPlace key="place_0266">Haag</pubPlace>, <publisher key="publ_4379">Weygand u. Co</publisher>. 15 Ngr.</bibl>
<bibl id="hofm_1870_06_0089_14"><composer key="compo_010388">Füchs, F.C.</composer>, <title>Thränen f. S. (od. T.)</title> <pubPlace key="place_0731">Wien</pubPlace>, <publisher key="publ_1288">Gotthard</publisher> 10 Ngr.</bibl>
<bibl id="hofm_1870_06_0089_15">– Idem f. A. (od. Br.) Ebend. 10 Ngr.</bibl>
<bibl id="hofm_1870_06_0089_16"><composer key="compo_010630">Ganz, W.</composer>, Op. <opus key="opus_1390">20</opus>. <title>Gesang der Nachtigall, f. S</title>. <pubPlace key="place_0044">Berlin</pubPlace>, <publisher key="publ_3791">Simrock</publisher> 10 Ngr.</bibl>
<bibl id="hofm_1870_06_0089_17">– Op. <opus key="opus_1482">21</opus>. <title>Schnitterlied f. S</title>. Ebend. 10 Ngr.</bibl>
<wip id="hofm_1870_06_0089_18"><composer key="compo_014808">Hill, W.</composer>, Op. <opus key="opus_1661">23</opus>. <title>Thränen. Lieder-Cyclus f. A. (od. MS.)</title> <title>No. 1. Was ist’s, o Vater!</title> <title>No. 2. Ich habe, bevor der Morgen</title>. à 5 Ngr. <title>No. 3. Nicht der Thau und nicht der Regen</title>. <title>No. 4. Denke, denke, mein Geliebter</title>. <title>No. 5. Ich hab’ ihn im Schalfe zu sehen gemeint</title>. à 7½ Ngr. <title>No. 6. Wie so bleich ich geworden bin</title>. 5 Ngr. <pubPlace key="place_0200">Frankfurt a/M</pubPlace>., <publisher key="publ_1594">Henkel</publisher> cplt 27½ Ngr.</wip>
<wip id="hofm_1870_06_0089_19">– Op. <opus key="opus_1881">26</opus>. <title>6 Gesänge</title>. <title>No. 1. Abend. im Walde</title>. <title>No. 2. Neig’, schöne Knospe</title>. à 5 Ngr. <title>No. 3. Suleika</title>. 7½ Ngr. <title>No. 4. Mein Herz schmückt sich mit dir</title>. <title>No. 5. Liebesklage</title>. <title>No. 6. Gefunden</title>. à 5 Ngr. Ebend. cplt 22½ Ngr.</wip>
<bibl id="hofm_1870_06_0089_20"><composer key="compo_015819">Hölzel, G.</composer>, Op. <opus key="opus_0883">155</opus>. <title>Dá Kerschbám od. Wie’s halt geht, f. S. (od. T.)</title> <pubPlace key="place_0731">Wien</pubPlace>, <publisher key="publ_1506">Haslinger</publisher> 10 Ngr.</bibl>
<bibl id="hofm_1870_06_0089_21">– Idem f. A. (od. Br.) Ebend. 10. Ngr.</bibl>
<bibl id="hofm_1870_06_0089_22"><composer key="compo_015822">Hölzel, Karl</composer>, Op. <opus key="opus_1165">18</opus>. <title>Meine Rose</title>. <pubPlace key="place_0392">Leipzig</pubPlace>, <publisher key="publ_3773">Siegel</publisher> 15 Ngr.</bibl>
<pb n="90"/>
<bibl id="hofm_1870_06_0090_01"><composer key="compo_015539">Huber, J.</composer>, <title>Völkerfrühling (3. Folge der Lieder)</title>. <pubPlace key="place_0662">Stuttgart</pubPlace>, <publisher key="publ_3965">Stürmer</publisher> 10 Ngr.</bibl>
<bibl id="hofm_1870_06_0090_02"><composer key="compo_016269">Jantsch, Ed.</composer>, <title>4 Lieder (Frühlingslied. Du fragst mich, du mein Lieb’. Wohl springet aus dem Kiesel. Viel tausend, tausend Küsse)</title>. <pubPlace key="place_0731">Wien</pubPlace>, <publisher key="publ_1506">Haslinger</publisher> 25 Ngr.</bibl>
<bibl id="hofm_1870_06_0090_03"><composer key="compo_017344">Keudell, R. v.</composer>, Op. <opus key="opus_1372">2</opus>. <title>Lieder v. Göthe</title>. <title>Heft 1. Der Musensohn. Gefunden. Nähe der Geliebten. Gegenwart. An die Entfernte. Mailied</title>. <title>Heft 2. An Belinden. Trost in Thränen. Mignon. Muth. Jägers Abendlied. An den Mond</title>. <pubPlace key="place_0044">Berlin</pubPlace>, <publisher key="publ_3791">Simrock</publisher> à 1 Rt. 5 Ngr.</bibl>
<bibl id="hofm_1870_06_0090_04"><composer key="compo_022174">Marchesi, Salv. C.</composer>, <title>6 nuovi Canti siciliani. No. 1. Gondoliera. No. 2. La Cittadina. No. 3. Barcarola. No. 4. Nonna. No. 5. Pastorale. No. 6. La Ninetta</title>. <pubPlace key="place_0438">Mainz</pubPlace>, <publisher key="publ_3563">Schott</publisher> à 27 Xr.</bibl>
<bibl id="hofm_1870_06_0090_05"><composer key="compo_025470">Osthoff, H.</composer>, Op. <opus key="opus_2737">4</opus>. <title>2 Lieder f. T. (od. MS.) (Treu, süsses Mädchen, lieb’ ich dich. O stille dies Verlangen)</title>. <pubPlace key="place_0266">Haag</pubPlace>, <publisher key="publ_0388">Boshart u. O</publisher>. 18 Ngr.</bibl>
<bibl id="hofm_1870_06_0090_06"><composer key="compo_028396">Ries, Frz.</composer>, Op. <opus key="opus_0021">10</opus>. <title>6 Lieder (Dürft ich mit dir dort oben gehen. Wenn der Wind geht. Tief im grünen Frühlingshag. Ich ging von dir. In deinem Auge winket. Herz, mein Herz, sei nicht beklommen)</title>. <pubPlace key="place_0438">Mainz</pubPlace>, <publisher key="publ_3563">Schott</publisher> 1 Fl. 12 Xr.</bibl>
<bibl id="hofm_1870_06_0090_07">– Op. <opus key="opus_0234">11</opus>. <title>4 Lieder f. Br. (Um Mitternacht. O schneller mein Ross. Gondoliera. Spielmanns Lied.)</title> Ebend. 1 Fl. 30 Xr.</bibl>
<bibl id="hofm_1870_06_0090_08"><composer key="compo_031123">Schubert, Frz.</composer>, <title>Mignon, v. Göthe, f. S. (od. T.)</title> <pubPlace key="place_0731">Wien</pubPlace>, <publisher key="publ_1288">Gotthard</publisher> 7½ Ngr.</bibl>
<bibl id="hofm_1870_06_0090_09">– Idem f. A. (od. B.) Ebend. 7½ Ngr.</bibl>
<bibl id="hofm_1870_06_0090_10"><composer key="compo_032132">Seyler, K.</composer>, <title>Der Tanz auf dem Kirchhofe, f. Br</title>. <pubPlace key="place_0731">Wien</pubPlace>, <publisher key="publ_1288">Gotthard</publisher> 10 Ngr.</bibl>
<wip id="hofm_1870_06_0090_11"><composer key="compo_034168">Taubert, W.</composer>, Op. <opus key="opus_1060">169</opus>. <title>6 Lieder</title>. <title>No. 1. Ich wollt’ zu Land ausreisen</title>. <title>No. 2. Wachtelschlag</title>. à 5 Ngr. <title>No. 3. Was sich die Schwalben erzählen</title>. <title>No. 4. Die Lerche</title>. à 7½ Ngr. <title>No. 5. Abschied</title>. 5 Ngr. <title>No. 6. Du schöne Welt!</title> 7½ Ngr. <pubPlace key="place_0044">Berlin</pubPlace>, <publisher key="publ_0393">B. u. Bock</publisher>.</wip>
<bibl id="hofm_1870_06_0090_12"><composer key="compo_036379">Weidt, H.</composer>, Op. <opus key="opus_4354">81</opus>. <title>Die Augen’, die geweint</title>. <pubPlace key="place_0044">Berlin</pubPlace>, <publisher key="publ_0393">B. u. Bock</publisher> 10 Ngr.</bibl>
<bibl id="hofm_1870_06_0090_13">– Op. <opus key="opus_4460">85</opus>. <title>Thurmwächters Lied f. B</title>. Ebend. 10 Ngr.</bibl>
<wip id="hofm_1870_06_0090_14"><composer key="compo_037242">Winterberger, Al.</composer>, Op. <opus key="opus_1165">18</opus>. <title>12 Gesänge</title>. <title>Heft 1. Pfingstlied. Maria’s Wanderschaft. Fronleichnamslied. Wiegenlied</title>. 15 Ngr. <title>Heft 2. Ingeborg’s Klage. Neid der Sehnsucht. Im Spätherbst. Schicksal</title>. 1 Rt. <title>Heft 3. Venetianisches Ständchen. O frage nicht. Gestillter Gram. Tscherkessisches Lied</title>. 25 Ngr. <pubPlace key="place_0731">Wien</pubPlace>, <publisher key="publ_1288">Gotthard</publisher>.</wip>
<wip id="hofm_1870_06_0090_15"><composer key="compo_037761">Wüerst, R.</composer>, Op. <opus key="opus_3282">52</opus>. <title>4 Lieder f. Mittelst</title>. <title>No. 1. Liebe macht Diebe</title>. 7½ Ngr. <title>No. 2. Am Tage die Sonne</title>. 5 Ngr. <title>No. 3. Wer’s nur verstände</title>. 7½ Ngr. <title>No. 4. Um deine dunkeln Augen</title>. 5 Ngr. <pubPlace key="place_0044">Berlin</pubPlace>, <publisher key="publ_0393">B. u. Bock</publisher>.</wip>
<bibl id="hofm_1870_06_0090_16"><composer key="compo_037886">Zander, K.</composer>, Op. <opus key="opus_1881">26</opus>. <title>Matrosen-Abschied</title>. <pubPlace key="place_0687">Trier</pubPlace>, <publisher key="publ_1721">Hoenes</publisher> 5 Ngr.</bibl>
</div><div id="hofm_1870_06_0090_div18"><head><hofClass key="hofCl_0077">Uebungen für Gesang.</hofClass></head>
<bibl id="hofm_1870_06_0090_17"><composer key="compo_022172">Marchesi, Math. C.</composer>, Op. <opus key="opus_3181">5</opus>. <title>L’Art du Chant. 24 Vocalises élément. et progressives p. MS (ou Ca) av. Pfte</title>. <pubPlace key="place_0392">Leipzig</pubPlace>, <publisher key="publ_3752">Senff</publisher> 2 Rt.</bibl>
<bibl id="hofm_1870_06_0090_18">– Op. <opus key="opus_3565">6</opus>. <title>L’Art du Chant. 24 Vocalises (perfectionnement du Mécanisme de la Voix) p. MS. (ou Ca) av. Pfte</title>. Ebend. 3 Rt.</bibl>
<bibl id="hofm_1870_06_0090_19">– Op. <opus key="opus_3967">7</opus>. <title>L’Art du Chant. 12 Etudes de Style p. MS. (ou Ca) av. Pfte</title>. Ebend. 1 Rt. 15 Ngr.</bibl>
<pb n="91"/>
<bibl id="hofm_1870_06_0091_01"><composer key="compo_022174">Marchesi, Salv. C.</composer>, Op. <opus key="opus_1271">19</opus>. <title>24 leichte und stufenweis fortschreitende Uebungen f. d. Entwickelung der Stimme und 6 Styl-Uebungen f. Br. (od. B.) m. Pfte</title>. <pubPlace key="place_0731">Wien</pubPlace>, <publisher key="publ_1288">Gotthard</publisher> 3 Rt.</bibl>
</div><div id="hofm_1870_06_0091_div19"><head><hofClass key="hofCl_0005">Schriften von musikalischem Interesse.</hofClass></head>
<bibl id="hofm_1870_06_0091_02"><author>Beethoven, L. v.</author> <title>Ein dramatisches Charakterbild in 4 Aufzügen mit einem Epilog zur Feier seines 100jähr. Geburtstages am 16. Decbr 1870. Von einem Bonner</title>. 8. <pubPlace key="place_0392">Leipzig</pubPlace>, <publisher key="publ_2356">Leiner</publisher> 25 Ngr. n.</bibl>
</div><div id="hofm_1870_06_0091_div20"><head><hofClass key="hofCl_0284">Textbücher.</hofClass></head>
<bibl id="hofm_1870_06_0091_03"><title>Kinderfeste. Heft 3, Das Pfingstfest. [Musik v. J. Otto.]</title> 8. <pubPlace key="place_0615">Schleusingen</pubPlace>, <publisher key="publ_1260">Glaser</publisher> 1 Ngr. n.</bibl>
<bibl id="hofm_1870_06_0091_04"><title>Don Trabuco di Trabucillos. Kom. Operette [Musik v. Genée]</title>. 8. <pubPlace key="place_0392">Leipzig</pubPlace>, <publisher key="publ_3773">Siegel</publisher> 3 Ngr. n.</bibl>
</div></body></text></TEI.2>