<?xml version="1.0" encoding="utf-8"?>
<!DOCTYPE TEI.2
  SYSTEM "../../dtd/tei/cch_tei.dtd">
<TEI.2 id="hofm_1870_11">
<teiHeader type="text"><fileDesc><titleStmt><title>November 1870</title></titleStmt><publicationStmt><p/></publicationStmt><sourceDesc><p/></sourceDesc></fileDesc><profileDesc><langUsage><language id="ger">German</language><language id="fre">French</language><language id="ita">Italian</language></langUsage></profileDesc><revisionDesc><change><date>2007-09-20</date><respStmt><name>EP</name></respStmt><item>missing @id added</item></change><change><date>2007-04-27</date><respStmt><name>RV</name></respStmt><item>Changed "biblGroup" elements in "listBibl"</item></change><change><date>2007-03-01</date><respStmt><name>EP</name></respStmt><item>Checked curly brackets</item></change><change><date>2007-02-28</date><respStmt><name>EP</name></respStmt><item>Encoded curly brackets</item></change><change><date>2006-12-19</date><respStmt><name>EP</name></respStmt><item>sic and unclear moved outside elements pubplaces, publisher, composer, hofclass, key, opus</item></change><change><date>2007-03-13</date><respStmt><name>Liz</name></respStmt><item>p. 157, Steyr = title (not composer)</item></change><change><date>2006-06-07</date><respStmt><name>Sarah</name></respStmt><item>No Xrefs</item></change><change><date>2005-11-14</date><respStmt><name>Sarah</name></respStmt><item>Corrections following checking pages.</item></change><change><date>2005-10-11</date><respStmt><name>Sarah</name></respStmt><item>First encoding.</item></change><change><date>2005-08-19</date><respStmt><name>Liz</name></respStmt><item>pasting in &amp; checking automated tagging</item></change></revisionDesc></teiHeader>
<text><body><pb n="156"/><head>November 1870.</head>
<div id="hofm_1870_11_0156_div01"><head><hofClass key="hofCl_0164">Musik für Orchester.</hofClass></head>
<wip id="hofm_1870_11_0156_01"><title>Deutschland (Das tanzende). Sammlung der neuesten Tänze f. Orch</title>. <title>14. u. 15. Liefer</title>. <pubPlace key="place_0201">Frankfurt a/O</pubPlace>., <publisher key="publ_2579">Massute</publisher> à 1 Rt. *n.</wip>
<bibl id="hofm_1870_11_0156_02"><composer key="compo_008936">Faust, K.</composer>, Op. <opus key="opus_1339">198</opus>. <title>Auf nach Paris! Deutscher Patrioten-Marsch</title> u. <composer key="compo_038127">Zikoff. Fr</composer>, Op. <opus key="opus_3490">58</opus>. <title>Ueber’n Rhein. Kriegsmarsch f. Orch</title>. <pubPlace key="place_0082">Breslau</pubPlace>, <publisher key="publ_1445">Hainauer</publisher> 1 Rt. 10 Ngr.</bibl>
<bibl id="hofm_1870_11_0156_03"><composer key="compo_011476">Godfrey, D</composer>, <title>Christine. Valse p. gr. Orch</title>. <pubPlace key="place_0438">Mainz</pubPlace>, <publisher key="publ_3563">Schott</publisher> 3 Fl. 12 Xr.</bibl>
<bibl id="hofm_1870_11_0156_04"><composer key="compo_020798">Lichner, H.</composer>, Op. <opus key="opus_4377">82</opus>. <title>Der Siegesmarsch von Mars la Tour</title> und <composer key="compo_013945">Heinsdorff, G.</composer>, Op. <opus key="opus_3988">70</opus>. <title>Andreas Hofer-Marsch f. Orch</title>. <pubPlace key="place_0082">Breslau</pubPlace>, <publisher key="publ_1445">Hainauer</publisher> 1 Rt. 10 Ngr.</bibl>
<bibl id="hofm_1870_11_0156_05"><composer key="compo_021137">Liszt, Frz.</composer>, <title>Fest-Marsch zur Goethe Jubiläum-Feier f. gr. Orch. <format>Partitur</format>. 8. <edition>Neue revid. Ausgabe</edition></title>. <pubPlace key="place_0392">Leipzig</pubPlace>, <publisher key="publ_3605">Schuberth u. Co</publisher>. 1 Rt. 20 Ngr.</bibl>
<bibl id="hofm_1870_11_0156_06"><composer key="compo_021497">Lumbye, Georg</composer>, <title>Hexen-Flöten-Polka f. Orch</title>. <pubPlace key="place_0392">Leipzig</pubPlace>, <publisher key="publ_3605">Schuberth u. Co</publisher>. 1 Rt. 20 Ngr.</bibl>
<bibl id="hofm_1870_11_0156_07"><composer key="compo_023621">Mollenhauer, Ed.</composer>, <title>Genie-Streiche. Walzer f. Orch</title>. <pubPlace key="place_0392">Leipzig</pubPlace>, <publisher key="publ_3605">Schuberth u. Co</publisher>. 2 Rt. 15 Ngr.</bibl>
<bibl id="hofm_1870_11_0156_08"><composer key="compo_027879">Reinecke, K.</composer>, Op. <opus key="opus_2996">45</opus>. <title>Ouv. Der vierjährige Posten f. Orch. <format>Partitur</format></title>. 8. <pubPlace key="place_0392">Leipzig</pubPlace>, <publisher key="publ_0437">Br. u. Härtel</publisher> 1 Rt. 10 Ngr.</bibl>
<bibl id="hofm_1870_11_0156_09"><composer key="compo_035174">Unrath, C.L.</composer>, <title>König Karl-Marsch</title> u. <composer key="compo_029731">Saro, H.</composer>, <title>Sturm-Marsch f. Orch</title>. <pubPlace key="place_0044">Berlin</pubPlace>, <publisher key="publ_1161">Fürstner</publisher> 1 Rt. 15 Ngr.</bibl>
<bibl id="hofm_1870_11_0156_10"><composer key="compo_038127">Zikoff, Fr.</composer>, Op. <opus key="opus_3529">59</opus>. <title>Der Siegesmarsch von Rezonville</title> u. <composer key="compo_020798">Lichner, H.</composer>, Op. <opus key="opus_4354">81</opus>. <title>Hurrah, Germania! Deutscher Siegesmarsch f. Orch</title>. <pubPlace key="place_0082">Breslau</pubPlace>, <publisher key="publ_1445">Hainauer</publisher> 1 Rt. 10 Ngr.</bibl>
</div><div id="hofm_1870_11_0156_div02"><head><hofClass key="hofCl_0136">Musik für Streichinstrumente.</hofClass></head>
<wip id="hofm_1870_11_0156_11"><composer key="compo_014357">Herman, Ad.</composer>, Op. <opus key="opus_0045">100</opus>. <title>L’Art de l’Exécution. 30 Etudes graduées p. Violon av. 2d Violon ad libitum</title>. <title>2 Suites</title>. <pubPlace key="place_0438">Mainz</pubPlace>, <publisher key="publ_3563">Schott</publisher> à 2 Fl. 24 Xr.</wip>
<wip id="hofm_1870_11_0156_12"><composer key="compo_019130">Kummer, F.A.</composer>, Op. <opus key="opus_0897">156</opus>. <title>6 Duos f. 2 Vclli</title>. <title>1. Heft</title> 1 Rt. 5 Ngr. <title>2. Heft 1</title> Rt. 10 Ngr. <pubPlace key="place_0392">Leipzig</pubPlace>, <publisher key="publ_1746">Hofmeister</publisher>.</wip>
</div><div id="hofm_1870_11_0156_div03"><head><hofClass key="hofCl_0247">Musik für Zither.</hofClass></head>
<wip id="hofm_1870_11_0156_13"><composer key="compo_004685">Burger, A.</composer>, <title>Kompositionen f. Z</title>. qu.-8. <pubPlace key="place_0475">München</pubPlace>, <publisher key="publ_0996">Falter</publisher>. <lb/><title>Heft 7. Op. <opus key="opus_1067">16–18</opus>. Sehnsucht nach der Heimath. Die Versöhnung. Ländler-Polka-Mazurka</title>. 6 Ngr. <lb/>– <title>8. Op. <opus key="opus_1271">19</opus>. Friedensklänge. Orig. Steyrer-Ländler</title>. 5 Ngr. <lb/>– <title>9. Op. <opus key="opus_1390">20</opus>. Schneeglöckchen. Orig. Steyrer-Ländler</title>. 5 Ngr. <lb/>– <title>10. Op. <opus key="opus_1482">21</opus>. Resedadüfte. Steyrer-Ländler</title>. 5 Ngr. <lb/>– <title>11. Op. <opus key="opus_1584">22</opus>, 23. Kornblumen, Polka-Mazurka. Sehnsucht, Lied ohne Worte</title>. 5 Ngr. <lb/>– <title>12. Op. <opus key="opus_1731">24</opus>. Moosrosen. Orig. Steyrer-Ländler</title>. 5 Ngr.</wip>
<bibl id="hofm_1870_11_0156_14"><composer key="compo_009190">Feyertag, F.</composer>, <title>Erinnerung an Diessen. Ländler und Tanz’ln f. 1 (2 od. 8 Z. od. Z., 2 Viol. u. Guit.) Z</title>. qu.-8. <pubPlace key="place_0475">München</pubPlace>, <publisher key="publ_0996">Falter</publisher> 20 Ngr.</bibl>
<pb n="157"/>
<wip id="hofm_1870_11_0157_01"><composer key="compo_015914">Hüllmann, K.</composer>, <title>Lyrische Tonbilder f. Z</title>. <title>Heft 1. Wiegenlied. Liebesbotschaft. Trost in Tönen</title>. 10 Ngr. <title>Heft 2. Waldesandacht. Elfenreigen. Pilgers Gebet</title>. 12½ Ngr. <pubPlace key="place_0475">München</pubPlace>, <publisher key="publ_0996">Falter</publisher>.</wip>
<bibl id="hofm_1870_11_0157_02"><composer key="compo_017319">Kessler, G.</composer>, <title>Wiener Frücht’l-Marsch f. Z</title>. qu.-8. <pubPlace key="place_0475">München</pubPlace>, <publisher key="publ_0996">Falter</publisher> 3½ Ngr.</bibl>
<wip id="hofm_1870_11_0157_03"><composer key="compo_035144">Umlauf, K.</composer>, <title>Salon-Album f. Zitherspieler. Sammlung gewählter Musikstücke f. Z. 12. Jahrgang</title>. <pubPlace key="place_0731">Wien</pubPlace>, <publisher key="publ_4105">Umlauf</publisher>. <lb/><title>Heft 7. Op. <opus key="opus_1688">232</opus>. Transcriptionen a. Norma, v. Bellini</title>. 12 Ngr. <lb/>– <title>8. Op. <opus key="opus_1692">233</opus>. 2 charakterist. Tonstücke. (Im Abendscheine. Feenhaftes Gebild.)</title> 12 Ngr. <lb/>– <title>9. Op. <opus key="opus_1696">234</opus>. 2 Lieder ohne Worte. (Stilles Weh. Ein Traum des Glückes.)</title> 12 Ngr. <lb/>– <title>10. Op. <opus key="opus_1700">235</opus>. Transcriptionen. (Lassan. Frissen. Spanischer Tanz. Die bleiche Rose, russ. Lied.)</title> 12 Ngr. <lb/>– <title>11. Op. <opus key="opus_1706">236</opus>. Concert-Fantasie</title>. 16 Ngr.</wip>
<bibl id="hofm_1870_11_0157_04"><composer key="compo_035149">Ummenhofer, E.</composer>, <title>Original-Kompositionen f. Z. Heft 1. Ländler aus dem Stegreif f. 2 Z</title>. qu.-8. <pubPlace key="place_0475">München</pubPlace>, <publisher key="publ_0996">Falter</publisher> 8½ Ngr.</bibl>
<wip id="hofm_1870_11_0157_05"><title>Zither-Journal (Mannheimer). 13. Jahrg</title>. qu.-8. <pubPlace key="place_0440">Mannheim</pubPlace>, <publisher key="publ_1534">Heckel</publisher>. Subscr.-Pr. f. 24 Hfte 2 Rt. 20 Ngr. n. <lb/><title>Heft 15 u. 16. <composer key="compo_020947">Limpert, A.</composer>, Auf der Bergeshöhe, Ländler. <composer key="compo_037150">Wimmer, J.B.</composer>, Freudenfestklänge, Walzer; Steyr. Postillon-Polka-Mazurka</title>. <lb/>– <title>17 u. 18. <composer key="compo_030112">Scherbauer, G.</composer>, Gänsblümerl von der Wurzacher Ach. <composer key="compo_006047">Corvers, J.</composer>, Lied ohne Worte; Hoffnungs-Polka; Romanze. <composer key="compo_015788">Höggenstaller</composer>, Einzugs-Marsch. <composer key="compo_015912">Hüllmann</composer>, Op. <opus key="opus_4300">8</opus>. Schweizers Sehnsucht, Elegie. <composer key="compo_007897">Edler, K.E.</composer>, Die Herzallerliebste, Polka</title>. <lb/>– <title>19 u. 20. <composer key="compo_010229">Fröschmann, C.F.</composer>, Op. <opus key="opus_4436">84</opus>. Steyr. Salon-Ländler. <composer key="compo_037150">Wimmer, J.B.</composer>, Luisella-Walzer</title>.</wip>
</div><div id="hofm_1870_11_0157_div04"><head><hofClass key="hofCl_0167">Musik für Pianoforte mit Begleitung.</hofClass></head>
<bibl id="hofm_1870_11_0157_06"><composer key="compo_000242">Alard, D.</composer>, Op. <opus key="opus_3105">48</opus>. <title>La Juive, d’Halévy. Fantaisie p. Violon av. Pfte</title>. <pubPlace key="place_0438">Mainz</pubPlace>, <publisher key="publ_3563">Schott</publisher> 2 Fl.</bibl>
<bibl id="hofm_1870_11_0157_07"><composer key="compo_002077">Beethoven, L. v.</composer>, Op. <opus key="opus_1881">26</opus>. <title>Sonate (<key>As</key>) f. Pfte u. Violine bearb. v. J. Dont</title>. <pubPlace key="place_0392">Leipzig</pubPlace>, <publisher key="publ_3605">Schuberth u. Co</publisher>. 22 Ngr. Violinst. <sic>apcrt</sic> 10 Ngr.)</bibl>
<wip id="hofm_1870_11_0157_08"><composer key="compo_005614">Chopin, F.</composer>, <title>Walzer, f. Violine m. Pfte bearb. v. Ferd. David</title>. <pubPlace key="place_0392">Leipzig</pubPlace>, <publisher key="publ_0437">Br. u. Härtel</publisher>. <lb/><title>No. 5. (<key>As</key>). Op. <opus key="opus_2850">42</opus></title>. 20 Ngr. <lb/>– <title>6. (<key>Des</key>). Op. <opus key="opus_3770">64 No. 1</opus></title>. 12½ Ngr. <lb/>– <title>7. (<key>Cism</key>.). Op. <opus key="opus_3773">64 No. 2</opus></title>. 15 Ngr. <lb/>– <title>8. (<key>As</key>). Op. <opus key="opus_3774">64 No. 3</opus></title>. 12½ Ngr.</wip>
<wip id="hofm_1870_11_0157_09"><composer key="compo_010672">Gariboldi, G.</composer>, <title>Portefeuille des Amateurs. Collection de 12 petits Morceaux sur des Mélodies choisies de Frç. Schubert p. Flûte av. Pfte</title>. <title>6 Cahiers</title>. <pubPlace key="place_0438">Mainz</pubPlace>, <publisher key="publ_3563">Schott</publisher> à 1 Fl. 12 Xr. <lb/><title>Cah. 1. La Sérénade. Eloge des Larmes</title>. <lb/>– <title>2. Ave Maria. L’Adieu</title>. <lb/>– <title>3. La jeune Mère. Barcarolle</title>. <lb/>– <title>4. La Berceuse. La Plainte de la jeune Fille</title>. <lb/>– <title>5. La Truite. Le Désir</title>. <lb/>– <title>6. A Mignon. Sois toujours mes seules Amours</title>.</wip>
<bibl id="hofm_1870_11_0157_10"><composer key="compo_011951">Gregoir, J.</composer> et <composer key="compo_020569">Leonard, H.</composer>, <title>Der Freischütz, de Weber. Duo p. Pfte et Violon</title>. (41me Livre de Duos.) <pubPlace key="place_0438">Mainz</pubPlace>, <publisher key="publ_3563">Schott</publisher> 1 Fl. 48 Xr.</bibl>
<pb n="158"/>
<bibl id="hofm_1870_11_0158_01"><composer key="compo_014010">Held, Aug.</composer>, Op. <opus key="opus_4181">77</opus>. <title>Lied ohne Worte f. Violine (od. Vcllo, Clarinette od. Trompete) m. Pfte</title>. <pubPlace key="place_0436">Magdeburg</pubPlace>, <publisher key="publ_1560">Heinrichshofen</publisher> 7½ Ngr.</bibl>
<bibl id="hofm_1870_11_0158_02"><composer key="compo_019922">Lange, O.H.</composer>, Op. <opus key="opus_3071">47</opus>. <title>J’y pense. Nocturne p. Violon et Pfte</title>. <pubPlace key="place_0280">Hannover</pubPlace>, <publisher key="publ_3491">Schlüter</publisher> 12½ Ngr.</bibl>
<bibl id="hofm_1870_11_0158_03"><composer key="compo_023890">Mozart, W.A.</composer>, <title>Fantasie und Sonate (<key>Cm</key>.), f. Pfte u. Violine bearb. v. J. Dont</title>. <pubPlace key="place_0392">Leipzig</pubPlace>, <publisher key="publ_3605">Schuberth u. Co</publisher>. 25 Ngr.</bibl>
<album id="hofm_1870_11_0158_04"><title>Opernfreund (Der junge). Ausgewählte Melodien aus den beliebtesten und neuesten Opern f. Violine m. Pfte. No. 59. <composer key="compo_025277">Offenbach</composer>, Grossherzogin. No. 60. <composer key="compo_023267">Meyerbeer</composer>, Robert der Teufel</title>. <pubPlace key="place_0731">Wien</pubPlace>, <publisher key="publ_1506">Haslinger</publisher> à 15 Ngr.</album>
<album id="hofm_1870_11_0158_05"><title>Opernfreund (Der junge). Ausgew. Melodien aus den beliebtesten und neuesten Opern f. Flöte m. Pfte. No. 59. <composer key="compo_025277">Offenbach</composer>, Grossherzogin. No. 60. <composer key="compo_023267">Meyerbeer</composer>, Robert der Teufel</title>. <pubPlace key="place_0731">Wien</pubPlace>, <publisher key="publ_1506">Haslinger</publisher> à 15 Ngr.</album>
<bibl id="hofm_1870_11_0158_06"><composer key="compo_028670">Roever, H.</composer>, Op. <opus key="opus_0234">11</opus>. <title>Sérénade du Savoyard. Mélodie p. Vclle av. Pfte</title>. <pubPlace key="place_0731">Wien</pubPlace>, <publisher key="publ_1506">Haslinger</publisher> 18 Ngr.</bibl>
<bibl id="hofm_1870_11_0158_07"><composer key="compo_029218">Rundnagel, K.</composer>, Op. <opus key="opus_4300">8</opus>. <title>Adagio religioso f. Pfte u. Violine</title>. <pubPlace key="place_0341">Kassel</pubPlace>, <publisher key="publ_2497">Luckhardt</publisher> 12½ Ngr.</bibl>
<wip id="hofm_1870_11_0158_08"><composer key="compo_030441">Schlösser, L.</composer>, Op. <opus key="opus_2764">40</opus>. <title>Nachklänge aus dem Süden. 3 Tonstücke f. Vcllo u. Pfte</title>. <title>No. 1. Serenade</title>. <title>No. 2. Auf den Lagunen</title>. à 20 Ngr. <title>No. 3. Lazzarone</title>. 1 Rt. <pubPlace key="place_0731">Wien</pubPlace>, <publisher key="publ_1506">Haslinger</publisher>.</wip>
<bibl id="hofm_1870_11_0158_09"><composer key="compo_031146">Schuberth, Ch.</composer>, Op. <opus key="opus_2804">41</opus>. <title>Russlan et Ludmila, de Glinka. 2 Fantaisies de Salon p. Vclle et Pfte. Cah. 2</title>. <pubPlace key="place_0392">Leipzig</pubPlace>, <publisher key="publ_3605">Schuberth u. Co</publisher>. 1 Rt.</bibl>
<bibl id="hofm_1870_11_0158_10"><composer key="compo_034284">Terschak, Ad.</composer>, Op. <opus key="opus_4601">91</opus>. <title>Yankee doodle. Chant américain varié p. Flûte et Pfte</title>. <pubPlace key="place_0392">Leipzig</pubPlace>, <publisher key="publ_3605">Schuberth u. Co</publisher>. 25 Ngr.</bibl>
</div><div id="hofm_1870_11_0158_div05"><head><hofClass key="hofCl_0124">Musik für zwei Pianoforte.</hofClass></head>
<bibl id="hofm_1870_11_0158_11"><composer key="compo_002077">Beethoven, L. v.</composer>, <title>Sinfonien, f. 2 Pfte bearb. v. Aug. Horn. No. 8 (<key>F</key>). Op. <opus key="opus_4639">93</opus></title>. <pubPlace key="place_0392">Leipzig</pubPlace>, <publisher key="publ_2017">Kistner</publisher> 2 Rt. 15 Ngr.</bibl>
</div><div id="hofm_1870_11_0158_div06"><head><hofClass key="hofCl_0171">Musik für Pianoforte zu vier Händen.</hofClass></head>
<bibl id="hofm_1870_11_0158_12"><composer key="compo_000297">Alberti, H.</composer>, Op. <opus key="opus_1731">24</opus>. <title>Deutsche Blumen. Kleine Fantasien über volksthümliche Lieder. No. 7. Wilhelm, Die Wacht am Rhein</title>. <pubPlace key="place_0276">Hamburg</pubPlace>, <publisher key="publ_0640">Cranz</publisher> 10 Ngr.</bibl>
<wip id="hofm_1870_11_0158_13"><composer key="compo_001665">Bartz, J.</composer>, Op. <opus key="opus_3181">5</opus>. <title>Erinnerungen. 6 Klavierstücke</title>. <title>1. Heft</title> 17½ Ngr. <title>2. Heft</title> 20 Ngr. <pubPlace key="place_0466">Moskau</pubPlace>, <publisher key="publ_2287">Lang</publisher>.</wip>
<bibl id="hofm_1870_11_0158_13_b"><composer key="compo_002408">Berens, H.</composer>, Op. <opus key="opus_1372">2</opus> u. <opus key="opus_4300">8</opus>. <title>Das musikalische Europa. 12 Fantasien über beliebte Themas. Heft 11. Rossini, Barbier</title>. <pubPlace key="place_0392">Leipzig</pubPlace>, <publisher key="publ_3605">Schuberth u. Co</publisher>. 1 Rt.</bibl>
<bibl id="hofm_1870_11_0158_15"><title>Flore théâtrale. Nouv. Collection de Fantaisies élég. ou Potpourris brillants. No. 57. <composer key="compo_035859">Wagner</composer>, Meistersinger von Nürnberg</title>. <pubPlace key="place_0731">Wien</pubPlace>, <publisher key="publ_1506">Haslinger</publisher> 20 Ngr.</bibl>
<bibl id="hofm_1870_11_0158_16"><composer key="compo_011381">Glinka, M.</composer>, <title>Souvenir d’une Nuit d’Eté à Madrid. Fantaisie sur des Thèmes espagnols, transcr. p. M. Balakirew</title>. <pubPlace key="place_0438">Mainz</pubPlace>, <publisher key="publ_3563">Schott</publisher> 1 Fl. 48 Xr.</bibl>
<wip id="hofm_1870_11_0158_17"><composer key="compo_012081">Grill, L.</composer>, Op. <opus key="opus_1372">2</opus>. <title>12 vierhändige Klavierstücke</title>. <title>2 Hefte</title>. <pubPlace key="place_0510">Nürnberg</pubPlace>, <publisher key="publ_3501">Schmid</publisher> à 1 Rt. 5 Ngr.</wip>
<bibl id="hofm_1870_11_0158_18"><composer key="compo_014617">Hess, K.</composer>, <title>Trauer-Marsch</title>. <pubPlace key="place_0147">Dresden</pubPlace>, <publisher key="publ_2661">Meser</publisher> 10 Ngr.</bibl>
<bibl id="hofm_1870_11_0158_19"><composer key="compo_014680">Heuser, E.</composer>, <title>Walzer (<key>As</key>)</title>. <pubPlace key="place_0057">Bielefeld</pubPlace>, <publisher key="publ_3971">Sulzer</publisher> 12½ Ngr.</bibl>
<bibl id="hofm_1870_11_0158_20"><composer key="compo_014727">Heyer, O.</composer>, Op. <opus key="opus_1731">24</opus>. <title>Die Wächter des Rheins. Kriegsmarsch</title>. <pubPlace key="place_0392">Leipzig</pubPlace>, <publisher key="publ_2386">Leuckart</publisher> 7½ Ngr.</bibl>
<wip id="hofm_1870_11_0158_21"><composer key="compo_018581">Krause, Ant.</composer>, Op. <opus key="opus_1584">22</opus>. <title>2 instructive Sonaten</title>. <title>No. 1 (<key>Dm</key>.)</title>. 25 Ngr. <title>No. 2 (<key>Am</key>.)</title>. 1 Rt. <pubPlace key="place_0392">Leipzig</pubPlace>, <publisher key="publ_0437">Br. u. Härtel</publisher>.</wip>
<pb n="159"/>
<bibl id="hofm_1870_11_0159_01"><composer key="compo_023890">Mozart, W.A.</composer>, <title>Klavier-Concerte, bearb. v. H. Ulrich. No. 7 (<key>B</key>). No. 8 (<key>G</key>)</title>. <pubPlace key="place_0392">Leipzig</pubPlace>, <publisher key="publ_2386">Leuckart</publisher> à 15 Ngr. n.</bibl>
<bibl id="hofm_1870_11_0159_01_i"><composer key="compo_025834">Pathe, C. Ed.</composer>, Op. <opus key="opus_0094">102</opus>. <title>Gondel-Ständchen</title>. <pubPlace key="place_0386">Langensalza</pubPlace>, <publisher key="publ_4179">Verlags-Comptoir</publisher> 7½ Ngr.</bibl>
<bibl id="hofm_1870_11_0159_03"><composer key="compo_030426">Schlottmann, L.</composer>, Op. <opus key="opus_2347">33</opus>. <title>Deutscher Sieges-Marsch</title>. <pubPlace key="place_0044">Berlin</pubPlace>, <publisher key="publ_0589">Challier u. Co</publisher>. 17½ Ngr.</bibl>
<wip id="hofm_1870_11_0159_04"><composer key="compo_031356">Schumann, R.</composer>, Op. <opus key="opus_2268">32</opus>. <title>4 Klavierstücke, arr</title>. <title>No. 1. Scherzo</title>. 10 Ngr. <title>No. 2. Gigue</title>. 7½ Ngr. <pubPlace key="place_0392">Leipzig</pubPlace>, <publisher key="publ_3605">Schuberth u. Co</publisher>.</wip>
<bibl id="hofm_1870_11_0159_05"><composer key="compo_032798">Spohr, L.</composer>, Op. <opus key="opus_0658">138</opus>. <title>An Sie am Klavier. Sonate, arr. v. G. Jansen</title>. <pubPlace key="place_0341">Kassel</pubPlace>, <publisher key="publ_2497">Luckhardt</publisher> 15 Ngr.</bibl>
<bibl id="hofm_1870_11_0159_06"><composer key="compo_033314">Steuer, R.</composer>, Op. <opus key="opus_3967">7</opus>. <title>8 Walzer</title>. <pubPlace key="place_0510">Nürnberg</pubPlace>, <publisher key="publ_3501">Schmid</publisher> 1 Rt. 5 Ngr.</bibl>
<wip id="hofm_1870_11_0159_07"><composer key="compo_034741">Tours, B.</composer>, <title>Jugend-Album. 8 Charakterstücke</title>. <title>2 Hefte</title>. <pubPlace key="place_0392">Leipzig</pubPlace>, <publisher key="publ_0437">Br. u. Härtel</publisher> à 25 Ngr.</wip>
<bibl id="hofm_1870_11_0159_08"><composer key="compo_037077">Wilhelm, K.</composer>, <title>Die Wacht am Rhein, übertr. v. V. Beyer</title>. <pubPlace key="place_0438">Mainz</pubPlace>, <publisher key="publ_3563">Schott</publisher> 27 Xr.</bibl>
</div><div id="hofm_1870_11_0159_div07"><head><hofClass key="hofCl_0166">Musik für Pianoforte allein.</hofClass></head>
<bibl id="hofm_1870_11_0159_09"><composer key="compo_000297">Alberti, H.</composer>, Op. <opus key="opus_2630">38</opus>. <title>Deutsche Weisen. Transcriptionen volksthümlicher Lieder. No. 7. Wilhelm, Die Wacht am Rhein. No. 8. Reichardt, Was ist des Deutschen Vaterland</title>. <pubPlace key="place_0276">Hamburg</pubPlace>, <publisher key="publ_0640">Cranz</publisher> à 12½ Ngr.</bibl>
<bibl id="hofm_1870_11_0159_10"><composer key="compo_001225">Bach, J.S.</composer>, <title>Suites anglaises, revid. v. F. Kroll</title>. <pubPlace key="place_0044">Berlin</pubPlace>, <publisher key="publ_1161">Fürstner</publisher> 12½ Ngr.</bibl>
<bibl id="hofm_1870_11_0159_11"><composer key="compo_001838">Baumfelder, Fr.</composer>, Op. <opus key="opus_1308">193</opus>. <title>Hirtengesang. Idylle</title>. <pubPlace key="place_0731">Wien</pubPlace>, <publisher key="publ_1506">Haslinger</publisher> 12½ Ngr.</bibl>
<bibl id="hofm_1870_11_0159_12">– Op. <opus key="opus_1314">194</opus>. <title>Vergissmeinnicht. Romanze</title>. Ebend. 12½ Ngr.</bibl>
<bibl id="hofm_1870_11_0159_13"><composer key="compo_002077">Beethoven, L. v.</composer>, Op. <opus key="opus_1381">2 No. 3</opus>. <title>Sonate (<key>C</key>), revid. v. F. Kroll</title>. <pubPlace key="place_0044">Berlin</pubPlace>, <publisher key="publ_1161">Fürstner</publisher> 15 Ngr.</bibl>
<bibl id="hofm_1870_11_0159_14">– <title>Pfte-Concerte</title>. <pubPlace key="place_0392">Leipzig</pubPlace>, <publisher key="publ_0437">Br. u. Härtel</publisher> 2 Rt. 20 Ngr. n.</bibl>
<bibl id="hofm_1870_11_0159_15">– <title>Var. God save the King</title>. <pubPlace key="place_0392">Leipzig</pubPlace>, <publisher key="publ_3605">Schuberth u. Co</publisher>. 7½ Ngr.</bibl>
<bibl id="hofm_1870_11_0159_16">– <title>Var. Une Fièvre brûlante</title>. <pubPlace key="place_0392">Leipzig</pubPlace>, <publisher key="publ_3605">Schuberth u. Co</publisher>. 7½ Ngr.</bibl>
<bibl id="hofm_1870_11_0159_17"><composer key="compo_002101">Behr, Frç.</composer>, Op. <opus key="opus_1723">239</opus>. <title>Les Nymphes de la Mer. Morceau de Salon</title>. <pubPlace key="place_0731">Wien</pubPlace>, <publisher key="publ_1506">Haslinger</publisher> 12½ Ngr.</bibl>
<bibl id="hofm_1870_11_0159_18"><composer key="compo_003335">Blumenthal, J.</composer>, Op. <opus key="opus_4489">86</opus>. <title>Leur dernière Valse. Valse brill</title>. <pubPlace key="place_0438">Mainz</pubPlace>, <publisher key="publ_3563">Schott</publisher> 1 Fl.</bibl>
<bibl id="hofm_1870_11_0159_19"><composer key="compo_004087">Brauer, F.W.</composer>, Op. <opus key="opus_1482">21</opus>. <title>Im Walde. Idylle</title>. <pubPlace key="place_0147">Dresden</pubPlace>, <publisher key="publ_0416">Brauer</publisher> 10 Ngr.</bibl>
<bibl id="hofm_1870_11_0159_20"><composer key="compo_005672">Chwatal, F.X.</composer>, Op. <opus key="opus_1708">237</opus>. <title>Deutschlands Wacht am Rhein. Fantasiestück über patriotische Lieder</title>. <pubPlace key="place_0436">Magdeburg</pubPlace>, <publisher key="publ_1560">Heinrichshofen</publisher> 10 Ngr.</bibl>
<bibl id="hofm_1870_11_0159_21"><composer key="compo_005832">Coenen, W.</composer>, <title>Fantasia üb. The last Rose of Summer u. God save the Queen, f. d. linke Hand allein. <edition>Neue Ausgabe</edition> mit einem hinzugefügten Schlusse v. Marie Krebs</title>. <pubPlace key="place_0392">Leipzig</pubPlace>, <publisher key="publ_3605">Schuberth u. Co</publisher>. 15 Ngr.</bibl>
<bibl id="hofm_1870_11_0159_22"><composer key="compo_006111">Cramer, J.B.</composer>, <title>30 ausgewählte Etuden, redig. v. Louis Köhler</title>. <pubPlace key="place_0392">Leipzig</pubPlace>, <publisher key="publ_3605">Schuberth u. Co</publisher>. 1 Rt. 3 Ngr. n.</bibl>
<bibl id="hofm_1870_11_0159_23"><composer key="compo_006416">Damm, Fr.</composer>, Op. <opus key="opus_2187">31</opus>. <title>Ueber allen Gipfeln ist Ruh. Nocturne</title>. <pubPlace key="place_0147">Dresden</pubPlace>, <publisher key="publ_0416">Brauer</publisher> 10 Ngr. n.</bibl>
<bibl id="hofm_1870_11_0159_24"><composer key="compo_006515">Dargomyschski, A.</composer>, <title>Russalka (Die Wassernymphe). Oper, arr</title>. gr.-8. <pubPlace key="place_0044">Berlin</pubPlace>, <publisher key="publ_1161">Fürstner</publisher> 3 Rt. n.</bibl>
<album id="hofm_1870_11_0159_25"><composer key="compo_009047">Felix, V.</composer>, <title>Transcriptionen. Abt, Es hat nicht sollen sein; Gute Nacht du mein herziges Kind; Schlaf wohl du süsser Engel; Wenn die Schwalben. Beethoven, Adelaide. Conradi, Herzliebchen mein. Eckert, Tausendschön. Esser, Mein Engel. Gounod, Faust-Walzer. Graben-Hoffmann, 500000 Teufel. Gumbert, Das theure Vaterhaus; O bitt’ euch liebe Vögelein; Spielmannslied. Heiser, Zieht im Herbst. Hölzel, 
<pb n="160"/>
Felix, V., Transcriptionen (Fortsetzung). Mein Liebster ist im Dorf der Schmied. Krebs, Adelheid. Kücken, Ach wenn du wärst mein eigen; Das Sternlein; Der kleine Rekrut; Du bist wie eine Blume; Maurisches Ständchen. Lindpaintner, Fahnenwacht. Mendelssohn, Auf Flügeln des Gesanges; Es ist bestimmt; Ich wollt’ meine Lieb’; Wer hat dich du schöner Wald; Wohin ich geh’ und schaue; Hochzeitsmarsch. Mozart, Veilchen. Naumann, Leicht Gepäck. Preyer, Sprichst du zum Vogel. Proch, Das Erkennen. A. Reichardt, Ich kenn’ ein Auge. G. Reichardt, Bild der Rose. Rossini, Cujus animam. Schubert, Erlkönig; Horch, horch; Lob der Thränen. Schumann, Ich grolle nicht. Speier, Der Trompeter; Die drei Liebchen. Spohr, Faust-Polonaise. Stigelli, Die schönsten Augen. Taubert, Wiegenlied. Verdi, Miserere. Wagner, Abendstern; Tannhäuser-Marsch. Weidt, Wie schön bist du. Wilhelm, Wacht am Rhein. Ach wie ist’s möglich dann. Aennchen von Tharau. Der rothe Sarafan. Hoch vom Dachstein. Home, sweet home. Letzte Rose. Nach Sevilla. Karneval von Venedig. Polka bohémienne. Radetzky-Marsch. Rakoczy-Marsch</title>. <pubPlace key="place_0392">Leipzig</pubPlace>, <publisher key="publ_3023">Peters</publisher> à 5 Ngr.</album>
<bibl id="hofm_1870_11_0160_01"><composer key="compo_010049">Friedrich, F.</composer>, Op. <opus key="opus_0851">152</opus>. <title>Herzliebchen mein unter’m Rebendach, v. Conradi. Transcription</title>. <pubPlace key="place_0276">Hamburg</pubPlace>, <publisher key="publ_1900">Jowien</publisher> 10 Ngr.</bibl>
<bibl id="hofm_1870_11_0160_02"><composer key="compo_011383">Glinka, M.J.</composer>, <title>Das Leben für den Czar. Oper, arr</title>. gr.-8. <pubPlace key="place_0044">Berlin</pubPlace>, <publisher key="publ_1161">Fürstner</publisher> 3 Rt. n.</bibl>
<bibl id="hofm_1870_11_0160_03"><composer key="compo_011462">Godefroid, F.</composer>, Op. <opus key="opus_0860">153</opus>. <title>Chanson du Meunier</title>. <pubPlace key="place_0438">Mainz</pubPlace>, <publisher key="publ_3563">Schott</publisher> 54 Xr.</bibl>
<bibl id="hofm_1870_11_0160_04">– <title>L’Opéra au Piano. Collection des grandes Pages lyriques. No. 3. Op. <opus key="opus_1016">163</opus>. Adam, Giralda</title>. <pubPlace key="place_0438">Mainz</pubPlace>, <publisher key="publ_3563">Schott</publisher> 1 Fl.</bibl>
<bibl id="hofm_1870_11_0160_05"><composer key="compo_013334">Harmston, J.W.</composer>, Op. <opus key="opus_1045">167</opus>. <title>Ich grüsse dich. Tonstück</title>. <pubPlace key="place_0276">Hamburg</pubPlace>, <publisher key="publ_1900">Jowien</publisher> 15 Ngr.</bibl>
<bibl id="hofm_1870_11_0160_06">– Op. <opus key="opus_1051">168</opus>. <title>La Fiancée. Morceau</title>. Ebend. 12½ Ngr.</bibl>
<bibl id="hofm_1870_11_0160_07"><composer key="compo_014170">Hennes, Al.</composer>, Op. <opus key="opus_1417">201</opus>. <title>Herzliebchen mein unter’m Rebendach, v. Conradi. Fantasie-Transcription</title>. <pubPlace key="place_0080">Bremen</pubPlace>, <publisher key="publ_3092">Praeger u. M</publisher>. 10 Ngr.</bibl>
<bibl id="hofm_1870_11_0160_08">– Op. <opus key="opus_1424">202</opus>. <title>Von Ems nach Berlin und Eilgut nach Paris im Sommer 1870. Charakterist. Tonbild in Fantasieform</title>. Ebd. 15 Ngr.</bibl>
<bibl id="hofm_1870_11_0160_09"><composer key="compo_014550">Herz, H.</composer>, Op. <opus key="opus_0806">15</opus>. <title>1tes Divertissement (<key>Es</key>)</title>. <pubPlace key="place_0436">Magdeburg</pubPlace>, <publisher key="publ_1560">Heinrichshofen</publisher> 10 Ngr.</bibl>
<bibl id="hofm_1870_11_0160_10"><composer key="compo_014846">Hime, E.L.</composer>, <title>Sons joyeux. Valse de Salon</title>. <pubPlace key="place_0438">Mainz</pubPlace>, <publisher key="publ_3563">Schott</publisher> 54 Xr.</bibl>
<bibl id="hofm_1870_11_0160_11"><composer key="compo_015612">Hummel, J.N.</composer>, Op. <opus key="opus_0234">11</opus>. <title>Rondo favori (<key>Es</key>)</title>. <pubPlace key="place_0436">Magdeburg</pubPlace>, <publisher key="publ_1560">Heinrichshofen</publisher> 6 Ngr.</bibl>
<bibl id="hofm_1870_11_0160_12">– Op. <opus key="opus_0409">120</opus>. <title>La Galante. Rondo élég</title>. <pubPlace key="place_0392">Leipzig</pubPlace>, <publisher key="publ_3605">Schuberth u. Co</publisher>. 9 Ngr. n.</bibl>
<bibl id="hofm_1870_11_0160_13"><composer key="compo_016494">Jonas, G.</composer>, Op. <opus key="opus_1482">21</opus>. <title>Almenrausch und Edelweiss. Tondichtung</title>. <pubPlace key="place_0082">Breslau</pubPlace>, <publisher key="publ_2407">Lichtenberg</publisher> 15 Ngr.</bibl>
<bibl id="hofm_1870_11_0160_14"><composer key="compo_017336">Ketterer, E.</composer>, Op. <opus key="opus_1912">265</opus>. <title>Le Réveil des Sirènes. Caprice</title>. <pubPlace key="place_0438">Mainz</pubPlace>, <publisher key="publ_3563">Schott</publisher> 45 Xr.</bibl>
<bibl id="hofm_1870_11_0160_15">– Op. <opus key="opus_1914">266</opus>. <title>Saltarelle</title>. Ebend. 54 Xr.</bibl>
<bibl id="hofm_1870_11_0160_16"><composer key="compo_017700">Kleinert, P.</composer>, <title>6 Kriegslieder. (Weihelied. Vom Könige. Lied des Landwehrmanns. Reiterlied. Der alte Krieger. Soldatengrab.)</title> 8. <pubPlace key="place_0044">Berlin</pubPlace>, <publisher key="publ_1960">Kastner</publisher> 15 Ngr. n.</bibl>
<wip id="hofm_1870_11_0160_17"><composer key="compo_019359">Köhler, Louis</composer>, Op. <opus key="opus_0883">155</opus>. <title>12 Lieder-Etuden zum Unterricht und Vortrag</title>. <title>No. 5. Franz, Ade denn du Stolze</title>. <title>No. 6. Schumann, Du bist wie eine Blume (f. d. linke Hand allein)</title> à 5 Ngr. <title>No. 7. Mendelssohn, Ich wollt’ meine Lieb’</title>. 7½ Ngr. <title>No. 8. Schubert, Rauschendes Bächlein</title>. 12½ Ngr. <pubPlace key="place_0392">Leipzig</pubPlace>, <publisher key="publ_3605">Schuberth u. Co</publisher>.</wip>
<pb n="161"/>
<bibl id="hofm_1870_11_0161_01"><composer key="compo_019359">Köhler, Louis</composer>, Op. <opus key="opus_1029">165</opus>. <title>Sonaten-Studien in Sätzen klassischer und neuerer Meister. 1. Heft</title>. <pubPlace key="place_0392">Leipzig</pubPlace>, <publisher key="publ_0437">Br. u. Härtel</publisher> 1 Rt.</bibl>
<bibl id="hofm_1870_11_0161_02"><composer key="compo_018689">Kremser, Ed.</composer>, Op. <opus key="opus_1271">19</opus>. <title>2 Romanzen. No. 1 (<key>E</key>). No. 2 (<key>B</key>)</title>. <pubPlace key="place_0731">Wien</pubPlace>, <publisher key="publ_1506">Haslinger</publisher> à 12½ Ngr.</bibl>
<bibl id="hofm_1870_11_0161_03"><composer key="compo_018913">Krug, D.</composer>, Op. <opus key="opus_1328">196</opus>. <title>Rosen-Knospen. Leichte Tonstücke. No. 76. Volkslied: O Strassburg</title>. <pubPlace key="place_0392">Leipzig</pubPlace>, <publisher key="publ_1067">Forberg</publisher> 10 Ngr.</bibl>
<bibl id="hofm_1870_11_0161_04"><composer key="compo_019779">Lambert, L.</composer>, Op. <opus key="opus_0021">10</opus>. <title>Die Wacht am Rhein, v. Wilhelm. Brill. Fantasie</title>. <pubPlace key="place_0371">Köln</pubPlace>, <publisher key="publ_3486">Schloss</publisher> 10 Ngr.</bibl>
<wip id="hofm_1870_11_0161_05"><composer key="compo_019922">Lange, O.H.</composer>, Op. <opus key="opus_3029">46</opus>. <title>2 Salonstücke</title>. <title>No. 1. Du armes Herze! Nocturne</title>. 12½ Ngr. <title>No. 2. Unter der Espe. (In Thränen, Andante grazioso. Espengeflüster, Etüde.)</title> 15 Ngr. <pubPlace key="place_0280">Hannover</pubPlace>, <publisher key="publ_3491">Schlüter</publisher>.</wip>
<bibl id="hofm_1870_11_0161_06"><composer key="compo_020166">Lausmann, Th.</composer>, Op. <opus key="opus_3181">5</opus>. <title>Sonate (<key>C</key>)</title>. <pubPlace key="place_0001">Aachen</pubPlace>, <publisher key="publ_2830">Naus</publisher> 15 Ngr.</bibl>
<wip id="hofm_1870_11_0161_07"><composer key="compo_020773">Leybach, J.</composer>, <title>Compositions</title>. <pubPlace key="place_0438">Mainz</pubPlace>, <publisher key="publ_3563">Schott</publisher>. <lb/>Op. <opus key="opus_0358">118</opus>. <title>Récréations caractéristiques. No. 8. Les Bayadères. Caprice-Mazurke. No. 9. Chanson irlandaise</title>. à 45 Xr. <lb/>– <opus key="opus_0511">129</opus>. <title>La Juive, d’Halévy. Fantaisie brill</title>. 1 Fl. 12 Xr. <lb/>– <opus key="opus_0569">131</opus>. <title>I Capuletti ed i Montecchi, de Bellini. Fantaisie brill</title>. 1 Fl. <lb/>– <opus key="opus_0578">132</opus>. <title>La Straniera, de Bellini. Fantaisie brill</title>. 1 Fl. <lb/>– <opus key="opus_0612">133</opus>. <title>Chant du Printemps. Caprice</title>. 54 Xr.</wip>
<bibl id="hofm_1870_11_0161_08"><composer key="compo_021671">Löw, J.</composer>, Op. <opus key="opus_0065">101</opus>. <title>O weine nicht, v. Kücken, übertr</title>. <pubPlace key="place_0662">Stuttgart</pubPlace>, <publisher key="publ_3965">Stürmer</publisher> 10 Ngr.</bibl>
<bibl id="hofm_1870_11_0161_09">– Op. <opus key="opus_0094">102</opus>. <title>Die Wacht am Rhein, v. Wilhelm. Militairische Fantasie</title>. Ebend. 10 Ngr.</bibl>
<bibl id="hofm_1870_11_0161_10"><composer key="compo_021421">Luck, H. de</composer>, <title>Souvenir de Grünhaus. Valse</title>. <pubPlace key="place_0687">Trier</pubPlace>, <publisher key="publ_1721">Hoenes</publisher> 15 Ngr.</bibl>
<wip id="hofm_1870_11_0161_11"><composer key="compo_022347">Martini, F.</composer>, <title>4 Sonates et Aria, Larghetto, Gavotta, Corrente, tirés des Sonates. <edition>Edition revue et corrigée</edition> p. Ch. Banck. No. 1 (<key>Gm</key>.). No. 2 (<key>Fm</key>.). No. 3 (<key>Cm</key>.). No. 4 (<key>Hm</key>.). No. 5 (Aria [Sonata 2]. Larghetto, Gavotta [Sonata 3]. Corrente [Sonata 8].)</title> <pubPlace key="place_0392">Leipzig</pubPlace>, <publisher key="publ_2017">Kistner</publisher> à 15 Ngr.</wip>
<bibl id="hofm_1870_11_0161_12"><composer key="compo_022490">Mattei, T.</composer>, <title>Gr. Valse de Concert (<key>As</key>). <edition>Nouv. Edition</edition></title>. <pubPlace key="place_0392">Leipzig</pubPlace>, <publisher key="publ_3605">Schuberth u. Co</publisher>. 15 Ngr.</bibl>
<bibl id="hofm_1870_11_0161_13"><composer key="compo_022617">Mayer, Ed. noble de</composer>, Op. <opus key="opus_2737">4</opus>. <title>3 Etudes de Salon. No. 1. L’Orage. No. 2. L’Inquiétude et Consolation. No. 3. Scherzo-Impromptu</title>. <pubPlace key="place_0731">Wien</pubPlace>, <publisher key="publ_1506">Haslinger</publisher> à 10 Ngr.</bibl>
<bibl id="hofm_1870_11_0161_14"><composer key="compo_022663">Maylath, H.</composer>, Op. <opus key="opus_3454">57</opus>. <title>Der kleine Amerikaner. 12 Favorit-Melodien. No. 4. Little Maggie May. No. 5. Captain Jinks. No. 6. Not for Joe. No. 7. Champagne Charley. No. 8. Yankee doodle</title>. <pubPlace key="place_0392">Leipzig</pubPlace>, <publisher key="publ_3605">Schuberth u. Co</publisher>. à 5 Ngr.</bibl>
<bibl id="hofm_1870_11_0161_15">– Op. <opus key="opus_3586">60</opus>. <title>Souvenir de Henselt. Romance en Forme d’Etude</title>. Ebend. 10 Ngr.</bibl>
<bibl id="hofm_1870_11_0161_16">– Op. <opus key="opus_3658">61</opus>. <title>La Danse des Syrènes. Morceau de Salon en Forme de Valse</title>. Ebend. 12½ Ngr.</bibl>
<bibl id="hofm_1870_11_0161_17"><composer key="compo_023890">Mozart, W.A.</composer>, <title>Gigue (<key>G</key>)</title>. <pubPlace key="place_0392">Leipzig</pubPlace>, <publisher key="publ_3605">Schuberth u. Co</publisher>. 3 Ngr. n.</bibl>
<bibl id="hofm_1870_11_0161_18">– <title>Phantasie (<key>Fm</key>.) zu vier Händen (Orgelstück f. eine Uhr), bearb. v. K. Reinecke</title>. <pubPlace key="place_0392">Leipzig</pubPlace>, <publisher key="publ_0437">Br. u. Härtel</publisher> 20 Ngr.</bibl>
<bibl id="hofm_1870_11_0161_19">– <title>Sonate (<key>C</key>)</title>. <pubPlace key="place_0392">Leipzig</pubPlace>, <publisher key="publ_3605">Schuberth u. Co</publisher>. 9 Ngr. n.</bibl>
<bibl id="hofm_1870_11_0161_20"><composer key="compo_024780">Nick, W.</composer> und <composer key="compo_034574">Tietz, Ph.</composer>, <title>2 Paraphrasen. (Hurrah, Germania! In Frankreich hinein!)</title> <pubPlace key="place_0301">Hildesheim</pubPlace>, <publisher key="publ_1230">Gerstenberg</publisher> 7½ Ngr.</bibl>
<bibl id="hofm_1870_11_0161_21"><composer key="compo_025260">Oesten, Th.</composer>, Op. <opus key="opus_2902">426</opus>. <title>Alpen-Leben. Tonbild</title>. <pubPlace key="place_0392">Leipzig</pubPlace>, <publisher key="publ_3773">Siegel</publisher> 12½ Ngr.</bibl>
<bibl id="hofm_1870_11_0161_22">– Op. <opus key="opus_2903">427</opus>. <title>Liebchens Traum. Charakterstück</title>. Ebend. 12½ Ngr.</bibl>
<bibl id="hofm_1870_11_0161_23">– Op. <opus key="opus_2905">428</opus>. <title>Alpen-Zauber. Melodisches Tonstück</title>. Ebd. 12½ Ngr.</bibl>
<bibl id="hofm_1870_11_0161_24"><composer key="compo_025834">Pathe, C. Ed.</composer>, Op. <opus key="opus_1134">176</opus>. <title>La Noblesse. Nocturne</title>. <pubPlace key="place_0731">Wien</pubPlace>, <publisher key="publ_1506">Haslinger</publisher> 12½ Ngr.</bibl>
<bibl id="hofm_1870_11_0161_25">– Op. <opus key="opus_1147">178</opus>. <title>Fantaisie-Nocturne</title>. Ebend. 12½ Ngr.</bibl>
<pb n="162"/>
<wip id="hofm_1870_11_0162_01"><composer key="compo_025855">Pauer, E.</composer>, <title>Alte Meister. Sammlung werthvoller Klavierstücke d. 17. u. 18. Jahrhunderts</title>. <pubPlace key="place_0392">Leipzig</pubPlace>, <publisher key="publ_0437">Br. u. Härtel</publisher>. <lb/><title>No. 31. Bach, K. Ph. Em., La Xenophone. Sybille. La Complaisante. Les Langueurs tendres</title>. 7½ Ngr. <lb/>– <title>32. Graun, K.H., Gigue (<key>Bm</key>.)</title>. 7½ Ngr. <lb/>– <title>33. Matielli, G.A., Gigue. Adagio. Allegro</title>. 10 Ngr. <lb/>– <title>34. Sarti, G., Allegro (<key>G</key>)</title>. 7½ Ngr. <lb/>– <title>35. Grazioli, G.B., Sonata No. 5 (<key>G</key>)</title>. 10 Ngr.</wip>
<bibl id="hofm_1870_11_0162_02"><composer key="compo_026093">Peroff, A.N.</composer>, <title>Rognjeda. Oper, arr</title>. gr.-8. <pubPlace key="place_0044">Berlin</pubPlace>, <publisher key="publ_1161">Fürstner</publisher> 3 Rt. n.</bibl>
<bibl id="hofm_1870_11_0162_03"><composer key="compo_027053">Primosich, E.</composer>, <title>3 Stücke. (Kleine Scene. Neckerei. Erfüllung.)</title> <pubPlace key="place_0392">Leipzig</pubPlace>, <publisher key="publ_1746">Hofmeister</publisher> 17½ Ngr.</bibl>
<bibl id="hofm_1870_11_0162_04"><composer key="compo_027445">Raff, J.</composer>, <title>Tarantella (<key>Am</key>.) tirée de l’Oeuvre <opus key="opus_4739">99 No. 1</opus></title>. <pubPlace key="place_0392">Leipzig</pubPlace>, <publisher key="publ_3605">Schuberth u. Co</publisher>. 10 Ngr.</bibl>
<bibl id="hofm_1870_11_0162_05"><composer key="compo_027879">Reinecke, K.</composer>, Op. <opus key="opus_0182">107</opus>. <title>Ein neues Notenbuch f. kleine Leute. 30 leichte Klavierstückchen. Heft 1</title>. <pubPlace key="place_0392">Leipzig</pubPlace>, <publisher key="publ_2017">Kistner</publisher> 25 Ngr.</bibl>
<bibl id="hofm_1870_11_0162_06">– <title>Die Schule der Technik. Studiensammlung aus den bewährtesten Werken älterer und neuerer Komponisten. 1. Band</title>. <pubPlace key="place_0392">Leipzig</pubPlace>, <publisher key="publ_0437">Br. u. Härtel</publisher> 1 Rt. 20 Ngr. n.</bibl>
<bibl id="hofm_1870_11_0162_07"><composer key="compo_028176">Rheinberger, J.</composer>, Op. <opus key="opus_2850">42</opus>. <title>Etude u. Fugato (<key>Am</key>.)</title>. <pubPlace key="place_0510">Nürnberg</pubPlace>, <publisher key="publ_3501">Schmid</publisher> 20 Ngr.</bibl>
<wip id="hofm_1870_11_0162_08"><composer key="compo_028229">Richards, Br.</composer>, <title>Kompositionen</title>. <pubPlace key="place_0392">Leipzig</pubPlace>, <publisher key="publ_1746">Hofmeister</publisher>. <lb/>Op. <opus key="opus_0631">135</opus>. <title>Les Gardes du Roi. Morceau</title>. 12½ Ngr. <lb/>– <opus key="opus_0641">136</opus>. <title>Belle Mahone. Ballade populaire de Naughton. Transcription</title>. 15 Ngr. <lb/>– <opus key="opus_0651">137</opus>. <title>Der Eichbaum (The brave old oak). Lied v. Loder. Transcription</title>. 12½ Ngr. <lb/>– <opus key="opus_0658">138</opus>. <title>Der Eschenhain (The ash grove). Transcription</title>. 12½ Ngr.</wip>
<bibl id="hofm_1870_11_0162_09"><composer key="compo_029210">Rummel, J.</composer>, <title>Echo de l’Opéra. Fantaisies sur des Motifs fav. 2me Collection. No. 8. Offenbach, Le Pont des Soupirs. No. 9. Offenbach, Le Fifre enchanté. No. 10. Offenbach, Le Château à Toto</title>. <pubPlace key="place_0438">Mainz</pubPlace>, <publisher key="publ_3563">Schott</publisher> à 54 Xr.</bibl>
<bibl id="hofm_1870_11_0162_10"><composer key="compo_029861">Scarlatti, D.</composer>, <title>Sonaten</title>. <pubPlace key="place_0392">Leipzig</pubPlace>, <publisher key="publ_0437">Br. u. Härtel</publisher> 3 Rt. n.</bibl>
<wip id="hofm_1870_11_0162_11"><composer key="compo_030657">Schmitt, Jacq.</composer>, Op. <opus key="opus_4354">81</opus>. <title>3 Nocturnes</title>. <title>No. 1. Doux Souvenirs</title>. 7½ Ngr. <title>No. 2. Bonheur en Larmes</title>. 5 Ngr. <title>No. 3. Tendre Adieux</title>. 7½ Ngr. <edition>Nouvelle Edition</edition>. <pubPlace key="place_0392">Leipzig</pubPlace>, <publisher key="publ_3605">Schuberth u. Co</publisher>.</wip>
<bibl id="hofm_1870_11_0162_12"><composer key="compo_031123">Schubert, Frz.</composer>, <title>Lieder, übertr. Heft 6. Der Wanderer. Lebewohl. Lob der Thränen. Mädchens Klage</title>. <pubPlace key="place_0731">Wien</pubPlace>, <publisher key="publ_1506">Haslinger</publisher> 15 Ngr.</bibl>
<wip id="hofm_1870_11_0162_13"><composer key="compo_031298">Schulz-Weida, J.</composer>, Op. <opus key="opus_0115">103</opus>. <title>Musikalische Bilder nach Andersen’s Mährchen</title>. <title>No. 1. Der Tannenbaum</title>. <title>No. 2. Däumelinchen</title>. <title>No. 3. Der standhafte Zinnsoldat</title>. à 10 Ngr. <title>No. 4. Der Engel</title>. 12½ Ngr. <pubPlace key="place_0436">Magdeburg</pubPlace>, <publisher key="publ_1560">Heinrichshofen</publisher>.</wip>
<bibl id="hofm_1870_11_0162_14"><composer key="compo_032492">Smith, Sidney</composer>, Op. <opus key="opus_4214">78</opus>. <title>Robert le Diable, de Meyerbeer. Fantaisie dramatique</title>. <pubPlace key="place_0438">Mainz</pubPlace>, <publisher key="publ_3563">Schott</publisher> 1 Fl. 12 Xr.</bibl>
<bibl id="hofm_1870_11_0162_15">– Op. <opus key="opus_4436">84</opus>. <title>Le Royaume des Fées. Gr. Valse brill</title>. Ebend 1 Fl.</bibl>
<bibl id="hofm_1870_11_0162_16">– Op. <opus key="opus_4518">88</opus>. <title>Barcarolle (<key>H</key>)</title>. Ebend. 1 Fl.</bibl>
<bibl id="hofm_1870_11_0162_17"><composer key="compo_032766">Spindler, Fritz</composer>, Op. <opus key="opus_1555">215</opus>. <title>3 Blumen in den Siegeskranz. (Die Wacht am Rhein. Schwertlied. Der Ritter muss zum blutigen Kampf hinaus.)</title> <pubPlace key="place_0082">Breslau</pubPlace>, <publisher key="publ_1445">Hainauer</publisher> 15 Ngr.</bibl>
<bibl id="hofm_1870_11_0162_18"><composer key="compo_034166">Taubert, E. Ed.</composer>, <title>Novelletten</title>. <pubPlace key="place_0392">Leipzig</pubPlace>, <publisher key="publ_2017">Kistner</publisher> 25 Ngr.</bibl>
<bibl id="hofm_1870_11_0162_19"><composer key="compo_034787">Trehde, G.</composer>, Op. <opus key="opus_1560">217</opus>. <title>Polka-Rondo, v. Gumbert (Endlich ist er da der Augenblick, Op. <opus key="opus_0153">105 No. 1</opus>). Transcription</title>. <pubPlace key="place_0044">Berlin</pubPlace>, <publisher key="publ_1161">Fürstner</publisher> 17½ Ngr.</bibl>
<bibl id="hofm_1870_11_0162_20"><composer key="compo_035628">Vogt, Jean</composer>, Op. <opus key="opus_0021">10</opus>. <title>2 Nocturnes (<key>Fis</key>, <key>As</key>). <edition>Nouvelle Edition</edition></title>. <pubPlace key="place_0392">Leipzig</pubPlace>, <publisher key="publ_2017">Kistner</publisher> 10 Ngr.</bibl>
<bibl id="hofm_1870_11_0162_21"><composer key="compo_036249">Weber, K.M. v.</composer>, Op. <opus key="opus_1482">21</opus>. <title>Polonaise (<key>Es</key>), revid. v. F. Kroll</title>. <pubPlace key="place_0044">Berlin</pubPlace>, <publisher key="publ_1161">Fürstner</publisher> 12½ Ngr.</bibl>
<pb n="163"/>
<bibl id="hofm_1870_11_0163_01"><composer key="compo_037077">Wilhelm, K.</composer>, <title>Die Wacht am Rhein</title>, arr. 8. <pubPlace key="place_0662">Stuttgart</pubPlace>, <publisher key="publ_3965">Stürmer</publisher> 2½ Ngr.</bibl>
<bibl id="hofm_1870_11_0163_02"><composer key="compo_037851">Zahn, F.G.E.</composer>, <title>Die Winterabende. Sammlung der beliebtesten Opernmelodien. <edition>12. Auflage</edition>, revid. v. W. Volckmar. Band 1</title>. <pubPlace key="place_0392">Leipzig</pubPlace>, <publisher key="publ_3773">Siegel</publisher> 1 Rt. n.</bibl>
<bibl id="hofm_1870_11_0163_03"><composer key="compo_038272">Zumpe, E.</composer>, Op. <opus key="opus_2850">42</opus>. <title>Im Waldes-Schatten. Lied ohne Worte</title>. <pubPlace key="place_0731">Wien</pubPlace> <publisher key="publ_1506">Haslinger</publisher> 12½ Ngr.</bibl>
</div><div id="hofm_1870_11_0163_div08"><head><hofClass key="hofCl_0273">Ouverturen für Pianoforte.</hofClass></head>
<bibl id="hofm_1870_11_0163_04"><composer key="compo_017469">Kipper, H.</composer>, <title>Fidelia. Quodlibet-Ouv</title>. <pubPlace key="place_0371">Köln</pubPlace>, <publisher key="publ_3486">Schloss</publisher> 15 Ngr.</bibl>
</div><div id="hofm_1870_11_0163_div09"><head><hofClass key="hofCl_0288">Tänze für Pianoforte.</hofClass></head>
<bibl id="hofm_1870_11_0163_05"><composer key="compo_002611">Berndt, W.</composer>, <title>Karola-Polonaise</title>. <pubPlace key="place_0147">Dresden</pubPlace>, <publisher key="publ_0416">Brauer</publisher> 10 Ngr. n.</bibl>
<wip id="hofm_1870_11_0163_06"><composer key="compo_005404">Cast, J.G.</composer>, <title>Casino-Tänze</title>. <title>2. Heft</title> 25 Ngr. <title>3. Heft</title> 20 Ngr. <pubPlace key="place_0341">Kassel</pubPlace>, <publisher key="publ_0581">Cast</publisher>.</wip>
<bibl id="hofm_1870_11_0163_07"><composer key="compo_014131">Hempel, R.</composer>, Op. <opus key="opus_4562">9</opus>. <title>Kasseler Industrie-Ausstellungs-Polka</title>. <pubPlace key="place_0341">Kassel</pubPlace>, <publisher key="publ_2497">Luckhardt</publisher> 7½ Ngr.</bibl>
<bibl id="hofm_1870_11_0163_08">– Op. <opus key="opus_0021">10</opus>. <title>Polka parisienne a. d. Posse Flick u. Flock</title> Ebd. 7½ Ngr.</bibl>
<bibl id="hofm_1870_11_0163_09"><composer key="compo_014469">Herrmann, H.</composer>, Op. <opus key="opus_3282">52</opus>. <title>Turcos-Galopp</title>. <pubPlace key="place_0201">Frankfurt a/O</pubPlace>., <publisher key="publ_2579">Massute</publisher> 7½ Ngr.</bibl>
<bibl id="hofm_1870_11_0163_10"><composer key="compo_014727">Heyer, O.</composer>, Op. <opus key="opus_1271">19</opus>. <title>Bismarck-Galopp</title>. <pubPlace key="place_0392">Leipzig</pubPlace>, <publisher key="publ_2386">Leuckart</publisher> 5 Ngr.</bibl>
<bibl id="hofm_1870_11_0163_11"><composer key="compo_016055">Israel, J.</composer>, Op. <opus key="opus_3895">68</opus>. <title>Tingelingeling-Polka</title>. <pubPlace key="place_0276">Hamburg</pubPlace>, <publisher key="publ_1900">Jowien</publisher> 5 Ngr.</bibl>
<bibl id="hofm_1870_11_0163_12"><composer key="compo_018451">Kovács, J.</composer>, <title>Hilaria. Polka française</title>. <pubPlace key="place_0731">Wien</pubPlace>, <publisher key="publ_1506">Haslinger</publisher> 7½ Ngr.</bibl>
<bibl id="hofm_1870_11_0163_13">– <title>Jou-Jou! Polka (schnell)</title>. Ebend. 7½ Ngr.</bibl>
<bibl id="hofm_1870_11_0163_14"><composer key="compo_019911">Lange, H.</composer>, Op. <opus key="opus_3738">63</opus>. <title>Erinnerung an Reinhardsbrunn. Walzer</title>. <pubPlace key="place_0436">Magdeburg</pubPlace>, <publisher key="publ_1560">Heinrichshofen</publisher> 15 Ngr.</bibl>
<bibl id="hofm_1870_11_0163_15">– Op. <opus key="opus_3767">64</opus>. <title>An der guten alten Spree. Walzer</title>. Ebend. 15 Ngr.</bibl>
<bibl id="hofm_1870_11_0163_16"><composer key="compo_021497">Lumbye, Georg</composer>, <title>Hexen-Flöten-Schnell-Polka</title>. <pubPlace key="place_0392">Leipzig</pubPlace>, <publisher key="publ_3605">Schuberth u. Co</publisher>. 7½ Ngr.</bibl>
<bibl id="hofm_1870_11_0163_17"><composer key="compo_022127">Mannsfeld, G.H.</composer>, <title>Eintrachtsklänge. Walzer</title>. <pubPlace key="place_0341">Kassel</pubPlace>, <publisher key="publ_2497">Luckhardt</publisher> 15 Ngr.</bibl>
<bibl id="hofm_1870_11_0163_18">– <title>Elisa-Polka</title>. Ebend. 7½ Ngr.</bibl>
<bibl id="hofm_1870_11_0163_19"><composer key="compo_023304">Michaelis, G.</composer>, Op. <opus key="opus_0094">102</opus>. <title>Lulu-Polka</title>. <pubPlace key="place_0201">Frankfurt a/O</pubPlace>., <publisher key="publ_2579">Massute</publisher> 7½ Ngr.</bibl>
<bibl id="hofm_1870_11_0163_20"><composer key="compo_023621">Mollenhauer, Ed.</composer>, <title>Genie-Streiche. Walzer</title>. <pubPlace key="place_0392">Leipzig</pubPlace>, <publisher key="publ_3605">Schuberth u. Co</publisher>. 15 Ngr.</bibl>
<bibl id="hofm_1870_11_0163_21"><composer key="compo_026986">Preiss, E.</composer>, Op. <opus key="opus_1068">17</opus>. <title>Gruss an Rostock. Walzer</title>. <pubPlace key="place_0589">Rostock</pubPlace>, <publisher key="publ_4363">Wessel</publisher> 15 Ngr.</bibl>
<bibl id="hofm_1870_11_0163_22"><composer key="compo_029218">Rundnagel, K.</composer>, <title>Aus schöner Zeit. Polka</title>. <pubPlace key="place_0341">Kassel</pubPlace>, <publisher key="publ_2497">Luckhardt</publisher> 7½ Ngr.</bibl>
<bibl id="hofm_1870_11_0163_23"><composer key="compo_033471">Stolzenberg, F.X.</composer>, Op. <opus key="opus_2187">31</opus>. <title>Rosen und Lilien. No. 1. Rosa-Galopp. No. 2. Herzliebchen bin dein. No. 3. Elisen-Galopp</title>. <pubPlace key="place_0069">Bonn</pubPlace>, <publisher key="publ_0424">Braun-Peretti</publisher> à 7½ Ngr.</bibl>
<bibl id="hofm_1870_11_0163_24"><composer key="compo_035109">Ulbricht, M.</composer>, Op. <opus key="opus_2116">3</opus>. <title>Am schönen Elbstrand! Walzer</title>. <pubPlace key="place_0147">Dresden</pubPlace>, <publisher key="publ_0416">Brauer</publisher> 15 Ngr.</bibl>
<bibl id="hofm_1870_11_0163_25"><composer key="compo_035960">Waldburg-Wurzach, J. v.</composer>, Op. <opus key="opus_0392">12</opus> <title>Tagesneuigkeiten. Polka (schnell)</title>. <pubPlace key="place_0662">Stuttgart</pubPlace>, <publisher key="publ_3965">Stürmer</publisher> 7½ Ngr.</bibl>
<bibl id="hofm_1870_11_0163_26"><composer key="compo_036544">Weissenborn, E.</composer>, Op. <opus key="opus_4738">99</opus>. <title>Polka-Mazurka</title>. <pubPlace key="place_0341">Kassel</pubPlace>, <publisher key="publ_2497">Luckhardt</publisher> 7½ Ngr.</bibl>
<wip id="hofm_1870_11_0163_27"><composer key="compo_036036">Wallerstein, A.</composer>, <title>Tänze</title>. <pubPlace key="place_0438">Mainz</pubPlace>, <publisher key="publ_3563">Schott</publisher>. <lb/>Op. <opus key="opus_1545">214</opus>. <title>La Bonbonnière. Polka-Mazurka</title>. 27 Xr. <lb/>– <opus key="opus_1555">215</opus>. <title>La Joie de la Maison. (Sophien-) Galop</title>. 27 Xr. <lb/>– <opus key="opus_1558">216</opus>. <title>La Séduisante (Ball-Erinnerung): Varsovienne</title>. 27 Xr. <lb/>– <opus key="opus_1560">217</opus>. <title>Souvenir de Hanôvre. (Augusten-) Schottisch</title>. 27 Xr. <lb/>– <opus key="opus_1569">218</opus>. <title>Un Coeur aimant. Redowa</title>. 27 Xr. <lb/>– <opus key="opus_1573">219</opus>. <title>Château la Rose. Polka (de Bordeaux)</title> 27 Xr.</wip>
<bibl id="hofm_1870_11_0163_28"><composer key="compo_038102">Ziehrer, K.M.</composer>, Op. <opus key="opus_0915">159</opus>. <title>In Reih’ und Glied. Polka française</title>. <pubPlace key="place_0731">Wien</pubPlace>, <publisher key="publ_1506">Haslinger</publisher> 7½ Ngr.</bibl>
<bibl id="hofm_1870_11_0163_29">– Op. <opus key="opus_0946">160</opus>. <title>Soldaten-Lieder. Walzer</title>. 15 Ngr.</bibl></div>
<pb n="164"/>
<div id="hofm_1870_11_0164_div10"><head><hofClass key="hofCl_0250">Märsche für Pianoforte.</hofClass></head>
<bibl id="hofm_1870_11_0164_01"><composer key="compo_000950">Arnold, R.</composer>, Op. <opus key="opus_3071">47</opus>. <title>Strassburger Sturm-Marsch</title>. <pubPlace key="place_0436">Magdeburg</pubPlace>, <publisher key="publ_1560">Heinrichshofen</publisher> 5 Ngr.</bibl>
<wip id="hofm_1870_11_0164_02"><composer key="compo_001118">Aufsess, H. v.</composer>, <title>Der bayrischen Armee zur Erinnerung an Sedan. 2 Märsche</title>. <pubPlace key="place_0510">Nürnberg</pubPlace>, <publisher key="publ_3501">Schmid</publisher>. <lb/>Op. <opus key="opus_1390">20</opus>. <title>Angriffs-Marsch</title>. 5 Ngr. <lb/>– <opus key="opus_1482">21</opus>. <title>Sieges-Marsch</title>. 5 Ngr.</wip>
<bibl id="hofm_1870_11_0164_03"><title>Einzugs-Marsch (Pariser)</title>. <pubPlace key="place_0080">Bremen</pubPlace>, <publisher key="publ_3092">Praeger u. M</publisher>. 2½ Ngr.</bibl>
<bibl id="hofm_1870_11_0164_04"><composer key="compo_009045">Felix, J.</composer>, Op. <opus key="opus_4045">72</opus>. <title>Siegesmarsch der Deutschen beim Einzug in Paris</title>. <pubPlace key="place_0341">Kassel</pubPlace>, <publisher key="publ_2497">Luckhardt</publisher> 12½ Ngr.</bibl>
<bibl id="hofm_1870_11_0164_05">– Op. <opus key="opus_4070">73</opus>. <title>Hat Ihm schon. Napoleon-Marsch</title>. Ebend. 2½ Ngr.</bibl>
<bibl id="hofm_1870_11_0164_06"><composer key="compo_009194">Feyhl, J.</composer>, Op. <opus key="opus_4300">8</opus>. <title>Einzug der Deutschen in Paris. Siegesmarsch</title>. <pubPlace key="place_0662">Stuttgart</pubPlace>, <publisher key="publ_2005">Killinger</publisher> 7½ Ngr.</bibl>
<bibl id="hofm_1870_11_0164_07"><composer key="compo_011775">Grabau, Fr.</composer>, <title>Deutscher Kriegs- und Siegesmarsch</title>. <pubPlace key="place_0276">Hamburg</pubPlace>, <publisher key="publ_0640">Cranz</publisher> 7½ Ngr.</bibl>
<bibl id="hofm_1870_11_0164_08"><composer key="compo_013243">Hanke, E.</composer>, <title>Des Königs Ruf. Siegesmarsch</title>. <pubPlace key="place_0687">Trier</pubPlace>, <publisher key="publ_1721">Hoenes</publisher> 7½ Ngr.</bibl>
<bibl id="hofm_1870_11_0164_09"><composer key="compo_014010">Held, Aug.</composer>, Op. <opus key="opus_4214">78</opus>. <title>Chassepot-Marsch</title>. <pubPlace key="place_0436">Magdeburg</pubPlace>, <publisher key="publ_1560">Heinrichshofen</publisher> 5 Ngr.</bibl>
<bibl id="hofm_1870_11_0164_10"><composer key="compo_014690">Hevers</composer>, <title>Die Wacht am Rhein. Deutscher Kriegsmarsch</title>. <pubPlace key="place_0276">Hamburg</pubPlace>, <publisher key="publ_1900">Jowien</publisher> 5 Ngr.</bibl>
<bibl id="hofm_1870_11_0164_11"><composer key="compo_017157">Keiser, Fr.</composer>, Op. <opus key="opus_2268">32</opus>. <title>Fest-Marsch</title>. <pubPlace key="place_0341">Kassel</pubPlace>, <publisher key="publ_2497">Luckhardt</publisher> 7½ Ngr.</bibl>
<bibl id="hofm_1870_11_0164_12"><composer key="compo_017469">Kipper, H.</composer>, <title>Sieges-Marsch üb. patriotische Lieder</title>. <pubPlace key="place_0371">Köln</pubPlace>, <publisher key="publ_3486">Schloss</publisher> 7½ Ngr.</bibl>
<bibl id="hofm_1870_11_0164_13"><composer key="compo_019470">Körner, W.</composer>, <title>Deutscher Sieges-Marsch</title>. <pubPlace key="place_0436">Magdeburg</pubPlace>, <publisher key="publ_1560">Heinrichshofen</publisher> 5 Ngr.</bibl>
<bibl id="hofm_1870_11_0164_14"><composer key="compo_020798">Lichner, H</composer>, Op. <opus key="opus_4354">81</opus>. <title>Hurrah, Germania. Deutscher Siegesmarsch</title>. <pubPlace key="place_0082">Breslau</pubPlace>, <publisher key="publ_1445">Hainauer</publisher> 7½ Ngr.</bibl>
<bibl id="hofm_1870_11_0164_15">– Op. <opus key="opus_4377">82</opus>. <title>Der Siegesmarsch von Mars la Tour</title>. Ebend. 7½ Ngr.</bibl>
<bibl id="hofm_1870_11_0164_16"><composer key="compo_021547">Lux, Fr.</composer>, <title>Die Wacht am Rhein. Gr. Marsch</title>. <pubPlace key="place_0438">Mainz</pubPlace>, <publisher key="publ_3563">Schott</publisher> 27 Xr.</bibl>
<bibl id="hofm_1870_11_0164_17"><composer key="compo_029000">Roth, Frz.</composer>, <title>Japanesen-Marsch</title>. <pubPlace key="place_0731">Wien</pubPlace>, <publisher key="publ_1506">Haslinger</publisher> 7½ Ngr.</bibl>
<bibl id="hofm_1870_11_0164_18"><composer key="compo_029116">Ruckenschuh, K.</composer>, <title>Neuer Pariser-Einzugs-Marsch</title>. <pubPlace key="place_0373">Königsberg</pubPlace>, <publisher key="publ_1861">Jakubowski</publisher> 5 Ngr.</bibl>
<bibl id="hofm_1870_11_0164_19"><composer key="compo_030426">Schlottmann, L.</composer>, Op. <opus key="opus_2347">33</opus>. <title>Deutscher Sieges-Marsch</title>. <pubPlace key="place_0044">Berlin</pubPlace>, <publisher key="publ_3471">Schlesinger</publisher> 15 Ngr.</bibl>
<bibl id="hofm_1870_11_0164_20"><composer key="compo_030983">Schramm, Frz.</composer>, Op. <opus key="opus_1802">25</opus>. <title>Wörther Sieges-Marsch</title>. <pubPlace key="place_0080">Bremen</pubPlace>, <publisher key="publ_3092">Praeger u. M</publisher>. 5 Ngr.</bibl>
<bibl id="hofm_1870_11_0164_21"><composer key="compo_030999">Schrappe, Th.</composer>, Op. <opus key="opus_3529">59</opus>. <title>Wörther Sieges-Marsch</title>. <pubPlace key="place_0436">Magdeburg</pubPlace>, <publisher key="publ_1560">Heinrichshofen</publisher> 5 Ngr.</bibl>
<bibl id="hofm_1870_11_0164_22"><composer key="compo_031298">Schulz-Weida, J.</composer>, Op. <opus key="opus_1222">185 No. 1 u. 2</opus>. <title>2 Märsche. (Die Wacht am Rhein. Pariser Einzugs-Marsch)</title>. <pubPlace key="place_0080">Bremen</pubPlace>, <publisher key="publ_3092">Prager u. M</publisher>. 5 Ngr.</bibl>
<bibl id="hofm_1870_11_0164_23"><composer key="compo_033630">Streudner, J.</composer>, <title>Kampf und Sieg. Kriegsmarsch</title>. <pubPlace key="place_0080">Bremen</pubPlace>, <publisher key="publ_3092">Praeger u. M</publisher>. 10 Ngr.</bibl>
<bibl id="hofm_1870_11_0164_24"><composer key="compo_036544">Weissenborn, E.</composer>, Op. <opus key="opus_0045">100</opus>. <title>Marsch</title>. <pubPlace key="place_0341">Kassel</pubPlace>, <publisher key="publ_2497">Luckhardt</publisher> 7½ Ngr.</bibl>
<bibl id="hofm_1870_11_0164_25"><composer key="compo_037954">Zech, J.</composer>, Op. <opus key="opus_2915">43</opus>. <title>Tod dem Erbfeinde. Marsch über Lützow’s wilde Jagd und Rheinlied</title>. <pubPlace key="place_0080">Bremen</pubPlace>, <publisher key="publ_3092">Praeger u. M</publisher>. 5 Ngr.</bibl>
<bibl id="hofm_1870_11_0164_26"><composer key="compo_038102">Ziehrer, K.M.</composer>, Op. <opus key="opus_0911">158</opus>. <title>Condrecourt-Marsch</title>. <pubPlace key="place_0731">Wien</pubPlace>, <publisher key="publ_1506">Haslinger</publisher> 7½ Ngr.</bibl>
<bibl id="hofm_1870_11_0164_27"><composer key="compo_038127">Zikoff, Fr.</composer>, Op. <opus key="opus_3490">58</opus>. <title>Ueber’n Rhein. Deutscher Kriegs-Marsch</title>. <pubPlace key="place_0082">Breslau</pubPlace>, <publisher key="publ_1445">Hainauer</publisher> 7½ Ngr.</bibl>
<bibl id="hofm_1870_11_0164_28">– Op. <opus key="opus_3529">59</opus>. <title>Der Siegesmarsch von Rezonville</title>. Ebend. 7½ Ngr.</bibl>
</div><div id="hofm_1870_11_0164_div11"><head><hofClass key="hofCl_0072">Lehrbücher für Pianoforte.</hofClass></head>
<bibl id="hofm_1870_11_0164_29"><composer key="compo_006420">Damm, G.</composer>, <title>Klavierschule und Melodienschatz f. d. Jugend. <edition>4. vermehrte Auflage</edition></title>. <pubPlace key="place_0392">Leipzig</pubPlace>, <publisher key="publ_2718">Mittler</publisher> 1 Rt. 10 Ngr. n.</bibl>
<pb n="165"/>
<bibl id="hofm_1870_11_0165_01"><composer key="compo_014170">Hennes, Al.</composer>, <title>Klavier-Unterrichtsbriefe. 4. Kursus. <edition>6. Auflage</edition></title>. qu.-8. <pubPlace key="place_0734">Wiesbaden</pubPlace> (<pubPlace key="place_0392">Leipzig</pubPlace>, <publisher key="publ_1808">Händel</publisher>) 1 Rt. 10 Ngr.</bibl>
<bibl id="hofm_1870_11_0165_02"><composer key="compo_030656">Schmitt, J.</composer>, Op. <opus key="opus_2151">301</opus>. <title>Schule des Pianofortespiels. 1. Abth. Erster Lehrmeister. 2. Kursus. 150 progressive Studien, Finger und Tonleiter-Uebungen. <edition>10. verb. und verm. Auflage</edition></title>. <pubPlace key="place_0392">Leipzig</pubPlace>, <publisher key="publ_3605">Schuberth u. Co</publisher>. 1 Rt. 15 Ngr.</bibl>
</div><div id="hofm_1870_11_0165_div12"><head><hofClass key="hofCl_0225">Musik für Orgel.</hofClass></head>
<wip id="hofm_1870_11_0165_03"><composer key="compo_001225">Bach, J.S.</composer>, <title>Ausgewählte Orgel-Kompositionen, herausg. v. W. Volckmar. 1. Band</title>. <title>3.–6. Heft</title>. <pubPlace key="place_0386">Langensalza</pubPlace>, <publisher key="publ_4179">Verlags-Comptoir</publisher> à 7½ Ngr. n.</wip>
<bibl id="hofm_1870_11_0165_04"><composer key="compo_001834">Baumert, L.</composer>, Op. <opus key="opus_1165">18</opus>. <title>Intraden-Präludien m. 2 Clarin., 2 Hörn., 2 Tromp., Bassposaune u. Pauken</title>. <pubPlace key="place_0260">Görlitz</pubPlace>, <publisher key="publ_4095">Tzschaschel</publisher> 6 Ngr. n.</bibl>
<bibl id="hofm_1870_11_0165_05"><composer key="compo_004436">Brunner, Ed.</composer>, Op. <opus key="opus_2131">30</opus>. <title>Orgel-Kompositionen (od. Harmon.)</title> <pubPlace key="place_0731">Wien</pubPlace>, <publisher key="publ_1506">Haslinger</publisher> 15 Ngr.</bibl>
<bibl id="hofm_1870_11_0165_06"><composer key="compo_017284">Kern, K.A.</composer>, Op. <opus key="opus_2458">35</opus>. <title>12 melodische Orgelstücke z. Gebrauch beim öffentlichen Gottesdienste</title>. <pubPlace key="place_0386">Langensalza</pubPlace>, <publisher key="publ_4179">Verlags-Comptoir</publisher> 8 Ngr.</bibl>
<bibl id="hofm_1870_11_0165_07"><composer key="compo_017446">Kindscher, L.</composer>, <title>30 kurze und leichte Orgelpräludien</title>. <pubPlace key="place_0392">Leipzig</pubPlace>, <publisher key="publ_2017">Kistner</publisher> 15 Ngr.</bibl>
<bibl id="hofm_1870_11_0165_08"><composer key="compo_018512">Kramer, A.</composer>, <title>Orgelstücke f. d. gottesdienstlichen Gebrauch</title>. <pubPlace key="place_0386">Langensalza</pubPlace>, <publisher key="publ_4179">Verlags-Comptoir</publisher> 5 Ngr.</bibl>
<bibl id="hofm_1870_11_0165_09"><composer key="compo_022253">Markull, F.W.</composer>, Op. <opus key="opus_0314">114</opus>. <title>12 Chöre a. Haydn’s Schöpfung</title>. <pubPlace key="place_0438">Mainz</pubPlace>, <publisher key="publ_3563">Schott</publisher> 36 Xr.</bibl>
</div><div id="hofm_1870_11_0165_div13"><head><hofClass key="hofCl_0161">Musik für Harmonium.</hofClass></head>
<bibl id="hofm_1870_11_0165_10"><composer key="compo_004436">Brunner, Ed.</composer>, Op. <opus key="opus_2403">34</opus>. <title>Gondellied. Transcription f. Harmonium</title>. <pubPlace key="place_0731">Wien</pubPlace>, <publisher key="publ_1506">Haslinger</publisher> 10 Ngr.</bibl>
<bibl id="hofm_1870_11_0165_11">– Op. <opus key="opus_2451">34a</opus>. <title>2 Stücke f. Harmon. (Kriegers Lebewohl. Gondellied.)</title> <pubPlace key="place_0662">Stuttgart</pubPlace>, <publisher key="publ_3965">Stürmer</publisher> 10 Ngr.</bibl>
<bibl id="hofm_1870_11_0165_12">– Op. <opus key="opus_2509">36</opus>. <title>2 Tonstücke f. Harmon</title>. Ebend. 10 Ngr.</bibl>
<bibl id="hofm_1870_11_0165_13"><composer key="compo_017001">Kastner, E.</composer>, Op. <opus key="opus_3181">5</opus>. <title>Paraphrase üb. Die Meistersinger von Nürnberg, v. Wagner, f. Harmon</title>. <pubPlace key="place_0438">Mainz</pubPlace>, <publisher key="publ_3563">Schott</publisher> 45 Xr.</bibl>
</div><div id="hofm_1870_11_0165_div14"><head><hofClass key="hofCl_0068">Kirchenmusik.</hofClass></head>
<bibl id="hofm_1870_11_0165_14"><composer key="compo_015300">Homeyer, J.J.A.</composer>, <title>Vollst. katholisches Choralbuch z. Eichsfeldischen Gesangbuche. 4stimm. bearb. u. m. einleitenden Vor- u. Zwischenspielen versehen. <edition>2. verm. Auflage</edition></title>. <pubPlace key="place_0386">Langensalza</pubPlace>, <publisher key="publ_4179">Verlags-Comptoir</publisher> geb. 4 Rt. 15 Ngr. *n.</bibl>
<bibl id="hofm_1870_11_0165_15"><composer key="compo_017356">Kewitsch, Th.</composer>, Op. <opus key="opus_3181">5</opus>. <title>Missa de Apostolis ad quatuor Voces mixtas. <format>Partitur</format></title>. 8. <pubPlace key="place_0392">Leipzig</pubPlace>, <publisher key="publ_0437">Br. u. Härtel</publisher> 20. Ngr.</bibl>
<bibl id="hofm_1870_11_0165_16"><composer key="compo_018650">Krebs, K.</composer>, Op. <opus key="opus_1339">198</opus>. <title>Vater Unser f. 1 Singst. m. Org. (od. Pfte.)</title> <pubPlace key="place_0392">Leipzig</pubPlace>, <publisher key="publ_3605">Schuberth u. Co</publisher>. 5 Ngr.</bibl>
<bibl id="hofm_1870_11_0165_17"><composer key="compo_035681">Volckmar, W.</composer>, Op. <opus key="opus_1424">202</opus>. <title>Der Männerchor. Tonstücke aus klassischen Werken der Tonkunst arr. für 4 Männerst. mit Orgel. No. 6. Heil dir im Siegerkranz</title>. <pubPlace key="place_0386">Langensalza</pubPlace>, <publisher key="publ_4179">Verlags-Comptoir</publisher> 6 Ngr.</bibl></div>
<pb n="166"/>
<div id="hofm_1870_11_0166_div15"><head><hofClass key="hofCl_0019">Gesangstücke für Concertmusik mit Orchester-Begleitung, sowie mit Begleitung eines andern Instruments.</hofClass></head>
<bibl id="hofm_1870_11_0166_01"><composer key="compo_010502">Gade, Niels W.</composer>, Op. <opus key="opus_3105">48</opus>. <title>Kalanus f. Soli, Chor u. Orch</title>. <pubPlace key="place_0392">Leipzig</pubPlace>, <publisher key="publ_0437">Br. u. Härtel</publisher>. <lb/><format>Partitur</format>. 8 Rt. n. <lb/><format>Orchesterstimmen</format>. 12 Rt. 10 Ngr. <lb/><format>Singstimmen</format>. 8. 2 Rt. 5 Ngr.</bibl>
<bibl id="hofm_1870_11_0166_02"><composer key="compo_015539">Huber, J.</composer>, <title>Die Rose vom Libanon. Dramatische Dichtung f. Soli, Chor u. Orch. <format>Partitur</format></title>. <pubPlace key="place_0662">Stuttgart</pubPlace>, <publisher key="publ_3965">Stürmer</publisher> 18 Rt. n.</bibl>
<bibl id="hofm_1870_11_0166_03"><composer key="compo_016877">Kammerlander, K.</composer>, <title>Der deutsche Landwehrmann. Chorlied f. Männerst. m. Blechmusik. <format>Part. m. unterl. Klav.-Ausz. u. Singst</format></title>. 8. <pubPlace key="place_0510">Nürnberg</pubPlace>, <publisher key="publ_3501">Schmid</publisher> 12½ Ngr.</bibl>
<bibl id="hofm_1870_11_0166_04"><composer key="compo_019507">Kücken, Fr.</composer>, Op. <opus key="opus_4542">89</opus>. <title>O dolce concento. Variationen über ein Thema v. Mozart, f. 1 Singst. m. Orch</title>. <format>Partitur</format>. 8. 20 Ngr. <format>Orch.-St</format>. 1 Rt. 10 Ngr. <pubPlace key="place_0392">Leipzig</pubPlace>, <publisher key="publ_3752">Senff</publisher>.</bibl>
<bibl id="hofm_1870_11_0166_05"><composer key="compo_019922">Lange, O.H.</composer>, Op. <opus key="opus_3105">48</opus>. <title>Der Abschied des Jägers f. Br. m. Pfte u. Waldhorn. (ad lib.)</title> <pubPlace key="place_0280">Hannover</pubPlace>, <publisher key="publ_3491">Schlüter</publisher> 17½ Ngr.</bibl>
<bibl id="hofm_1870_11_0166_06"><composer key="compo_037954">Zech, J.</composer>, Op. <opus key="opus_2850">42</opus>. <title>Krieg und Frieden. Kantate f. Männerchor u. Orch. <format>Partitur</format></title>. <pubPlace key="place_0080">Bremen</pubPlace>, <publisher key="publ_3092">Praeger u. M</publisher>. 5 Rt.</bibl>
</div><div id="hofm_1870_11_0166_div16"><head><hofClass key="hofCl_0102">Mehrstimmige Gesänge mit und ohne Pianoforte.</hofClass></head>
<bibl id="hofm_1870_11_0166_07"><composer key="compo_000076">Ackens, K.F.</composer>, <title>Sängergruss f. Männerchor u. Soli. <format>Part. u. St</format></title>. 8. <pubPlace key="place_0001">Aachen</pubPlace>, <publisher key="publ_2830">Naus</publisher> 22½ Ngr.</bibl>
<bibl id="hofm_1870_11_0166_08"><composer key="compo_000895">Armster, H.</composer>, Op. <opus key="opus_1661">23</opus>. <title>3 Lieder f. S., A., T. u. B. (Kleine Blume. Waldlied. Juchhe.) <format>Part. u. St</format></title>. 8. <pubPlace key="place_0276">Hamburg</pubPlace>, <publisher key="publ_1900">Jowien</publisher> 15 Ngr.</bibl>
<bibl id="hofm_1870_11_0166_09"><composer key="compo_002784">Beständig, O.</composer>, Op. <opus key="opus_1390">20</opus>. <title>Deutscher Hymnus f. Chor u. Solo</title>. <format>Klav.-Ausz</format>. 1 Rt. 12½ Ngr. <format>Chorst</format>. 8. 1 Rt. <pubPlace key="place_0276">Hamburg</pubPlace>, <publisher key="publ_0640">Cranz</publisher>.</bibl>
<bibl id="hofm_1870_11_0166_10"><composer key="compo_006434">Damrosch, L.</composer>, <title>Hurrah, Germania! f. Männerchor. <format>Part. u. St</format></title>. (5 Ngr.) 8. <pubPlace key="place_0082">Breslau</pubPlace>, <publisher key="publ_2407">Lichtenberg</publisher> 7½ Ngr.</bibl>
<bibl id="hofm_1870_11_0166_11"><composer key="compo_009301">Fink, W.</composer>, Op. <opus key="opus_2131">30</opus>. <title>Was kraucht dort in dem Busch herum? Lied f. Männerchor. (Solo m. Brummst.) <format>Part. u. St</format></title>. 8. <pubPlace key="place_0436">Magdeburg</pubPlace>, <publisher key="publ_1560">Heinrichshofen</publisher> 7½ Ngr.</bibl>
<bibl id="hofm_1870_11_0166_12"><composer key="compo_010502">Gade, Niels W.</composer>, Op. <opus key="opus_3105">48</opus>. <title>Kalanus f. Soli u. Chor</title>. <pubPlace key="place_0392">Leipzig</pubPlace>, <publisher key="publ_0437">Br. u. Härtel</publisher>. <lb/><format>Klavier-Auszug</format>. 4 Rt. <lb/><format>Singstimmen</format>. 8. 2 Rt. 5 Ngr.</bibl>
<bibl id="hofm_1870_11_0166_13"><composer key="compo_014170">Hennes, Al.</composer>, Op. <opus key="opus_1431">203</opus>. <title>Das Lied von Mac Mahon und unserm Fritze, f. 2stimm. Chor m. Pfte</title>. <pubPlace key="place_0734">Wiesbaden</pubPlace> (<pubPlace key="place_0392">Leipzig</pubPlace>, <publisher key="publ_1808">Händel</publisher>) 5 Ngr.</bibl>
<bibl id="hofm_1870_11_0166_14"><composer key="compo_019163">Kuntze, K.</composer>, Op. <opus key="opus_0612">133</opus>. <title>Hätt’ ich nur Einen! Kom. Männerquartett. <format>Part. u. St</format></title>. 8. <pubPlace key="place_0080">Bremen</pubPlace>, <publisher key="publ_0640">Cranz</publisher> 25 Ngr.</bibl>
<bibl id="hofm_1870_11_0166_15">– Op. <opus key="opus_0911">158</opus>. <title>Die beiden Ehefrauen. Humor. Duett f. 2 S. m. Pfte</title>. <pubPlace key="place_0371">Köln</pubPlace>, <publisher key="publ_3486">Schloss</publisher> 20 Ngr.</bibl>
<bibl id="hofm_1870_11_0166_16"><composer key="compo_020564">Leo, W.</composer>, Op. <opus key="opus_1203">183</opus>. <title>Hurrah; Germania! f. 4stimm. Männerchor. <format>Part. u. St</format></title>. 8. <pubPlace key="place_0436">Magdeburg</pubPlace>, <publisher key="publ_1560">Heinrichshofen</publisher> 7½ Ngr.</bibl>
<bibl id="hofm_1870_11_0166_17">– Op. <opus key="opus_1251">188b</opus>. <title>Hoch Deutschland f. Männerchor. <format>Part. u. St</format></title>. <pubPlace key="place_0080">Bremen</pubPlace>, <publisher key="publ_3092">Praeger u. M</publisher>. 10 Ngr.</bibl>
<bibl id="hofm_1870_11_0166_18"><composer key="compo_022894">Mendel, J.</composer>, <title>Die Wacht am Rhein f. Männerchor. 2. Auflage. <format>Part. u. St</format></title>. (5 Ngr.) 8. <pubPlace key="place_0050">Bern</pubPlace>, <publisher key="publ_2167">Krompholz</publisher> 7½ Ngr.</bibl>
<bibl id="hofm_1870_11_0166_19"><composer key="compo_024247">Müller, K.F.W.</composer>, Op. <opus key="opus_4096">74</opus>. <title>5 leichte Lieder f. 4 Männerst. (Die Abendglocken. Kriegslied. Abendfeier. Noch ist die Freiheit nicht verloren. Fröhliche Fahrt.) <format>Part. u. St</format></title>. 8. <pubPlace key="place_0392">Leipzig</pubPlace>, <publisher key="publ_3605">Schuberth u. Co</publisher>. 1 Rt.</bibl>
<pb n="167"/>
<bibl id="hofm_1870_11_0167_01"><composer key="compo_024632">Nessler, V.E.</composer>, Op. <opus key="opus_1932">27</opus>. <title>Deutsche Sprüchwörter. Trinklied f. 4st. Männerchor, Solo-Quartett u. B.-Solo. <format>Part. u. St</format></title>. 8. <pubPlace key="place_0392">Leipzig</pubPlace>, <publisher key="publ_1746">Hofmeister</publisher> 27½ Ngr.</bibl>
<bibl id="hofm_1870_11_0167_02"><composer key="compo_024780">Nick, W.</composer>, <title>In Frankreich hinein! f. 4 Männerst. <format>Partitur</format></title>. 8. <pubPlace key="place_0301">Hildesheim</pubPlace>, <publisher key="publ_1230">Gerstenberg</publisher> 2½ Ngr. n.</bibl>
<bibl id="hofm_1870_11_0167_03"><composer key="compo_026165">Peters, J.</composer>, Op. <opus key="opus_2116">3</opus>. <title>Rheinlied (Strömt herbei) f. Männerchor. <format>Part. u. St</format></title>. 8. <pubPlace key="place_0371">Köln</pubPlace>, <publisher key="publ_3486">Schloss</publisher> 10 Ngr.</bibl>
<bibl id="hofm_1870_11_0167_04"><composer key="compo_026184">Petersen, J.</composer>, <title>Hurrah, Germania! f. 4stimm. Männerch. <format>Part. u St</format></title>. 8. <pubPlace key="place_0276">Hamburg</pubPlace>, <publisher key="publ_0640">Cranz</publisher> 7½ Ngr.</bibl>
<bibl id="hofm_1870_11_0167_05"><composer key="compo_027526">Rank, W.</composer>, Op. <opus key="opus_3181">5</opus>. <title>2 Chöre f. 4stimm. Männerchor. (Am Sommermorgen. Schneeglöckchen.) <format>Part. u. St</format></title>. 8. <pubPlace key="place_0731">Wien</pubPlace>, <publisher key="publ_1506">Haslinger</publisher> 15 Ngr.</bibl>
<bibl id="hofm_1870_11_0167_06"><composer key="compo_027665">Rebling, G.</composer>, Op. <opus key="opus_2132">30 No. 1</opus>. <title>Kriegslied gegen die Wälschen f. 4 Männerst. <format>Part. u. St</format></title>. 8. <pubPlace key="place_0436">Magdeburg</pubPlace>, <publisher key="publ_1560">Heinrichshofen</publisher> 7½ Ngr.</bibl>
<bibl id="hofm_1870_11_0167_07"><composer key="compo_027879">Reinecke, K.</composer>, Op. <opus key="opus_0116">103 No. 1</opus>. <title>Am 3. September 1870 f. 4stimm. Männerchor.<format> Part. u. St</format></title>. 8. <pubPlace key="place_0392">Leipzig</pubPlace>, <publisher key="publ_2017">Kistner</publisher> 15 Ngr.</bibl>
<bibl id="hofm_1870_11_0167_08">– <title>Neuer Frühling f. Männerchor. <format>Part. u. St</format></title>. (10 Ngr.) 8. <pubPlace key="place_0510">Nürnberg</pubPlace>, <publisher key="publ_3501">Schmid</publisher> 22½ Ngr.</bibl>
<bibl id="hofm_1870_11_0167_09"><composer key="compo_031585">Schäffer, H.</composer>, Op. <opus key="opus_2509">36</opus>. <title>4 Lieder f. 4 Männerst. (Das walte Gott. Das Lied vom Krätzer Wein. Sehnen. Ein altes Lied.) <format>Part. u. St</format></title>. (10 Ngr.) 8. <pubPlace key="place_0276">Hamburg</pubPlace>, <publisher key="publ_1900">Jowien</publisher> 15 Ngr.</bibl>
<bibl id="hofm_1870_11_0167_10"><composer key="compo_032138">Seyrich, A.</composer>, Op. <opus key="opus_0001">1</opus>. <title>4 Lieder f. Männerchor. (Der Tag des Herrn. Die Nacht. Mondesaufgang. Wanderburschens Abschied.) <format>Part. u. St</format></title>. 8. <pubPlace key="place_0464">Mittweida</pubPlace>, <publisher key="publ_3643">Schulze</publisher> 25 Ngr. n.</bibl>
<bibl id="hofm_1870_11_0167_11">– Op. <opus key="opus_1372">2</opus>. <title>4 Lieder f. gem. Chor. (O nimm mich hin, du Waldespracht. Blumenschau. Mein Jugendland. Schwere Trennung.) <format>Part. u. St</format></title>. 8. Ebend. 25 Ngr. n.</bibl>
<bibl id="hofm_1870_11_0167_12"><composer key="compo_032710">Speidel, W.</composer>, Op. <opus key="opus_2630">38</opus>. <title>5 Lieder f. S., A., T. u. B. (Vorfrühling. Weiter zieh’n die Nachtigallen. All’ meine Gedanken. Sommernacht. O wie wunderschön ist die Frühlingszeit.) <format>Part. u. St</format></title>. 8. <pubPlace key="place_0438">Mainz</pubPlace>, <publisher key="publ_3563">Schott</publisher> 1 Fl. 21 Xr.</bibl>
<bibl id="hofm_1870_11_0167_13"><composer key="compo_034316">Thaermann, H.</composer>, Op. <opus key="opus_0021">10</opus>. <title>Arbeiters Feierabend f. 4stimm. Männerchor. <format>Part. u. St</format></title>. 8. <pubPlace key="place_0436">Magdeburg</pubPlace>, <publisher key="publ_1560">Heinrichshofen</publisher> 7½ Ngr.</bibl>
<bibl id="hofm_1870_11_0167_14"><composer key="compo_034574">Tietz, Ph.</composer>, <title>Hurrah, Germania! f. 4 Männerst. <format>Partitur</format></title>. 8. <pubPlace key="place_0301">Hildesheim</pubPlace>, <publisher key="publ_1230">Gerstenberg</publisher> 2½ Ngr. n.</bibl>
<bibl id="hofm_1870_11_0167_15"><composer key="compo_034736">Tottmann, Alb.</composer>, Op. <opus key="opus_0927">16</opus>. <title>Ostern f. gem. Chor m. Pfte</title>. <format>Klav.-Ausz</format>. 17½ Ngr. <format>Singst</format>. 8. 10 Ngr. <pubPlace key="place_0392">Leipzig</pubPlace>, <publisher key="publ_1746">Hofmeister</publisher>.</bibl>
<bibl id="hofm_1870_11_0167_16"><composer key="compo_034961">Tschirch, W.</composer>, Op. <opus key="opus_3895">68</opus>. <title>5 Gesänge f. S., A., T. u. B. (Heimathwärts. Morgenlied. Allzeit fröhlich. Mein Heimathland. Heil dir, mein Vaterland.) <format>Part. u. St</format></title>. 8. <pubPlace key="place_0392">Leipzig</pubPlace>, <publisher key="publ_2017">Kistner</publisher> 1 Rt. 5 Ngr.</bibl>
<bibl id="hofm_1870_11_0167_17"><composer key="compo_035160">Unger, G.B.</composer>, <title>101 (früher 74) ein-, zwei- und dreistimm. Lieder f. d. Volksschule, hrsg. v. A. Gerstenberger. <edition>7. Auflage</edition></title>. 8. <pubPlace key="place_0007">Altenburg</pubPlace>, <publisher key="publ_1232">Gerstenberger</publisher> 2½ Ngr. **n.</bibl>
<bibl id="hofm_1870_11_0167_18">– Idem. Anhang (No. 75–101). 8. Ebend. 1 Ngr. *n.</bibl>
<bibl id="hofm_1870_11_0167_19"><composer key="compo_037077">Wilhelm, K.</composer>, <title>Die Wacht am Rhein f. 2 Singst. m. Pfte</title>. <pubPlace key="place_0662">Stuttgart</pubPlace>, <publisher key="publ_3965">Stürmer</publisher> 2½ Ngr.</bibl>
</div><div id="hofm_1870_11_0167_div17"><head><hofClass key="hofCl_0268">Opernmusik mit Pianofortebegleitung.</hofClass></head>
<bibl id="hofm_1870_11_0167_20"><composer key="compo_017469">Kipper, H.</composer>, <title>Fidelia. Burleske Quodlibet-Oper f. Männerst</title>. <format>Klav.-Ausz</format>. 3 Rt. 7½ Ngr. <format>Solost</format>. 1 Rt. 5 Ngr. <format>Chorst</format>. 20 Ngr. <pubPlace key="place_0371">Köln</pubPlace>, <publisher key="publ_3486">Schloss</publisher>.</bibl>
<bibl id="hofm_1870_11_0167_21"><composer key="compo_027991">Reissmann, A.</composer>, Op. <opus key="opus_1271">19</opus>. <title>Drusu’s Tod. Dramatische Scene f. Soli u. Männerch</title>. <format>Solost</format>. 15 Ngr. <format>Chorst</format>. 19½ Ngr. 8. <pubPlace key="place_0392">Leipzig</pubPlace>, <publisher key="publ_3773">Siegel</publisher>.</bibl>
<bibl id="hofm_1870_11_0167_22"><composer key="compo_029103">Rubinstein, A.</composer>, Op. <opus key="opus_4326">80</opus>. <title>Der Thurm zu Babel. Geistliche Oper. <format>Klav.-Ausz</format></title>. <pubPlace key="place_0392">Leipzig</pubPlace>, <publisher key="publ_3752">Senff</publisher> 5 Rt.</bibl></div>
<pb n="168"/>
<div id="hofm_1870_11_0168_div18"><head><hofClass key="hofCl_0040">Gesänge für eine Singstimme mit Pianofortebegleitung.</hofClass></head>
<bibl id="hofm_1870_11_0168_01"><composer key="compo_001838">Baumfelder, Fr.</composer>, <title>2 Lieder f. mittlere St. (Lauf der Welt. Der Abschied.)</title> <pubPlace key="place_0147">Dresden</pubPlace>, <publisher key="publ_0416">Brauer</publisher> 12½ Ngr.</bibl>
<wip id="hofm_1870_11_0168_02"><composer key="compo_002312">Benedict, J.</composer>, <title>4 Lieder, deutsch u. englisch</title>. <title>No. 1. Der todte Soldat</title>. 12½ Ngr. <title>No. 2. Traumland</title>. 10 Ngr. <title>No. 3. Ich klage nicht</title>. 7½ Ngr. <title>No. 4. Wieg’ mich in Ruh’</title>. 10 Ngr. <pubPlace key="place_0392">Leipzig</pubPlace>, <publisher key="publ_2017">Kistner</publisher>.</wip>
<bibl id="hofm_1870_11_0168_03"><composer key="compo_004764">Burwig, G.</composer>, <title>Hurrah, Germania!</title> <pubPlace key="place_0044">Berlin</pubPlace>, <publisher key="publ_0589">Challier u. Co</publisher>. 5 Ngr.</bibl>
<bibl id="hofm_1870_11_0168_04"><composer key="compo_005672">Chwatal, F.X.</composer>, Op. <opus key="opus_1678">230</opus>. <title>3 Lieder f. MS. (od. Br.) (Das Abschiedswort. Hüte dich. Gute Nacht.)</title> <pubPlace key="place_0436">Magdeburg</pubPlace>, <publisher key="publ_1560">Heinrichshofen</publisher> 10 Ngr.</bibl>
<bibl id="hofm_1870_11_0168_05"><composer key="compo_006434">Damrosch, L.</composer>, Op. <opus key="opus_0531">13</opus>. <title>3 Lieder. (Der Lindenzweig. Ich hatte einst ein schönes Vaterland. Die blauen Frühlingsaugen.)</title> <pubPlace key="place_0082">Breslau</pubPlace>, <publisher key="publ_2407">Lichtenberg</publisher> 17½ Ngr.</bibl>
<bibl id="hofm_1870_11_0168_06">– Op. <opus key="opus_0684">14</opus>. <title>3 Lieder im Volkston. (Liebesgruss. Der Kosakin Wiegenlied. Wer da lebt in Liebesqual.)</title> Ebend. 12½ Ngr.</bibl>
<bibl id="hofm_1870_11_0168_07">– <title>An die deutschen Mütter, deren Söhne im Kampf für das Vaterland gefallen sind</title>. Ebend. 7½ Ngr.</bibl>
<bibl id="hofm_1870_11_0168_08">– <title>Hurrah, Germania!</title> Ebend. 5 Ngr.</bibl>
<bibl id="hofm_1870_11_0168_09"><composer key="compo_007240">Dorn, Al.</composer>, Op. <opus key="opus_3798">65</opus>. <title>Am Rhein</title>. <pubPlace key="place_0371">Köln</pubPlace>, <publisher key="publ_3486">Schloss</publisher> 7½ Ngr.</bibl>
<bibl id="hofm_1870_11_0168_10"><composer key="compo_008560">Ernst, F.A.</composer>, Op. <opus key="opus_0001">1</opus>. <title>Bei Morgenduft und Lerchenschlag</title>. <pubPlace key="place_0280">Hannover</pubPlace>, <publisher key="publ_3491">Schlüter</publisher> 12½ Ngr.</bibl>
<bibl id="hofm_1870_11_0168_11"><composer key="compo_009045">Felix, J.</composer>, <title>Kriegslied (Empor mein Volk.)</title> <pubPlace key="place_0341">Kassel</pubPlace>, <publisher key="publ_2497">Luckhardt</publisher> 2½ Ngr.</bibl>
<bibl id="hofm_1870_11_0168_12"><composer key="compo_009301">Fink, W.</composer>, Op. <opus key="opus_2131">30</opus>. <title>Der Königs-Grenadier bei Weissenburg, f. tiefe St</title>. <pubPlace key="place_0615">Schleusingen</pubPlace>, <publisher key="publ_1260">Glaser</publisher> 2½ Ngr.</bibl>
<bibl id="hofm_1870_11_0168_13"><composer key="compo_011071">Gernsheim, Fr.</composer>, <title>Kriegslied: Empor mein Volk</title>. <pubPlace key="place_0371">Köln</pubPlace>, <publisher key="publ_3486">Schloss</publisher> 5 Ngr.</bibl>
<bibl id="hofm_1870_11_0168_14">– Idem f. tiefe St. Ebend. 5 Ngr.</bibl>
<bibl id="hofm_1870_11_0168_15"><composer key="compo_011977">Greis, H.</composer>, <title>Leiden! 3 Gesänge f. mittlere St. (Auf der Höhe am Morgen. Am Abende in der Ebene. Umsonst.)</title> <pubPlace key="place_0082">Breslau</pubPlace>, <publisher key="publ_2407">Lichtenberg</publisher> 20 Ngr.</bibl>
<bibl id="hofm_1870_11_0168_16"><composer key="compo_014972">Hoch, Frz.</composer>, <title>Dem Vaterlande! f. tiefere St</title>. <pubPlace key="place_0371">Köln</pubPlace>, <publisher key="publ_3486">Schloss</publisher> 10 Ngr.</bibl>
<bibl id="hofm_1870_11_0168_17"><composer key="compo_015098">Hoffschläger, E.</composer>, <title>Der Asra f. Br. (od. A.)</title> <pubPlace key="place_0280">Hannover</pubPlace>, <publisher key="publ_3491">Schlüter</publisher> 10 Ngr.</bibl>
<bibl id="hofm_1870_11_0168_18"><composer key="compo_015819">Hölzel, G.</composer>, Op. <opus key="opus_1802">25</opus>. <title>Glockengeläute f. A. (od. B.)</title> <pubPlace key="place_0731">Wien</pubPlace>, <publisher key="publ_1506">Haslinger</publisher> 15 Ngr.</bibl>
<bibl id="hofm_1870_11_0168_19"><composer key="compo_018650">Krebs, K.</composer>, Op. <opus key="opus_1321">195</opus>. <title>Hymne: Land meiner Väter</title>. <pubPlace key="place_0392">Leipzig</pubPlace>, <publisher key="publ_3605">Schuberth u. Co</publisher>. 7½ Ngr.</bibl>
<bibl id="hofm_1870_11_0168_20"><composer key="compo_019507">Kücken, Fr.</composer>, Op. <opus key="opus_4542">89</opus>. <title>O dolce concento. Variationen über ein Thema v. Mozart</title>. <pubPlace key="place_0392">Leipzig</pubPlace>, <publisher key="publ_3752">Senff</publisher> 10 Ngr.</bibl>
<bibl id="hofm_1870_11_0168_21"><composer key="compo_019922">Lange, O.H.</composer>, <title>Heimkehr f. T</title>. <pubPlace key="place_0280">Hannover</pubPlace>, <publisher key="publ_3491">Schlüter</publisher> 10 Ngr.</bibl>
<bibl id="hofm_1870_11_0168_22"><composer key="compo_020564">Leo, W.</composer>, Op. <opus key="opus_1203">183</opus>. <title>Hurrah, Germania!</title> 8. <pubPlace key="place_0436">Magdeburg</pubPlace>, <publisher key="publ_1560">Heinrichshofen</publisher> 5 Ngr.</bibl>
<bibl id="hofm_1870_11_0168_23">– Op. <opus key="opus_1247">188</opus>. <title>Hoch Deutschland! f. S. (od. T.)</title> <pubPlace key="place_0080">Bremen</pubPlace>, <publisher key="publ_3092">Praeger u. M</publisher>. 5 Ngr.</bibl>
<bibl id="hofm_1870_11_0168_24">– Idem f. A. (od. Br.) Ebend. 5 Ngr.</bibl>
<bibl id="hofm_1870_11_0168_25"><composer key="compo_022096">Mangold, K.A.</composer>, <title>Hurrah, Germania! f. S. (od. T.)</title> <pubPlace key="place_0438">Mainz</pubPlace>, <publisher key="publ_3563">Schott</publisher> 18 Xr.</bibl>
<bibl id="hofm_1870_11_0168_26">– Idem f. A. (od. B.) Ebend. 18 Xr.</bibl>
<bibl id="hofm_1870_11_0168_27"><composer key="compo_022131">Mannstaedt, Frz.</composer>, <title>2 Lieder f. Br. (od. MS.) (Vergiftet sind meine Lieder. Gedenke mein!)</title> <pubPlace key="place_0044">Berlin</pubPlace>, <publisher key="publ_1161">Fürstner</publisher> 12½ Ngr.</bibl>
<bibl id="hofm_1870_11_0168_28"><composer key="compo_022894">Mendel, J.</composer>, <title>Die Wacht am Rhein</title>. <pubPlace key="place_0050">Bern</pubPlace>, <publisher key="publ_2167">Krompholz</publisher> 5 Ngr.</bibl>
<album id="hofm_1870_11_0168_29"><title>Minnelieder. 6 ausgewählte Original-Kompositionen. (<composer key="compo_024632">Nessler, V.E.</composer>, Das Mädchen. <composer key="compo_010358">Förster, A.</composer>, Sehnsucht. <composer key="compo_005063">Böttger, W.</composer>, In dieser Stunde denkt sie mein. <composer key="compo_010307">Funger, M.</composer>, Was Seligkeit ist! <composer key="compo_005063">Böttger, W.</composer>, Du bist mein Letztes in der Nacht. <composer key="compo_007742">Ebell, C.G.</composer>, Ach dass ich scheiden soll.)</title> <pubPlace key="place_0007">Altenburg</pubPlace>, <publisher key="publ_1232">Gerstenberger</publisher> 15 Ngr.</album>
<pb n="169"/>
<bibl id="hofm_1870_11_0169_01"><composer key="compo_024475">Naus, Th.</composer>, <title>Hurrah, Germania!</title> <pubPlace key="place_0001">Aachen</pubPlace>, <publisher key="publ_2830">Naus</publisher> 5 Ngr.</bibl>
<bibl id="hofm_1870_11_0169_02"><composer key="compo_024632">Nessler, V.E.</composer>, Op. <opus key="opus_1999">28</opus>. <title>Aus gebrochenem Herzen. 8 Lieder. (Gruss. Ich hab’ eine Rose geküsst. Letzter Wunsch. Thränen. Deine Blumen. Der schwere Abend. Waldesklage. Anfangs wollt’ ich fast verzagen.)</title> <pubPlace key="place_0392">Leipzig</pubPlace>, <publisher key="publ_1746">Hofmeister</publisher> 25 Ngr.</bibl>
<bibl id="hofm_1870_11_0169_03"><composer key="compo_024780">Nick, W.</composer>, <title>In Frankreich hinein!</title> <pubPlace key="place_0301">Hildesheim</pubPlace>, <publisher key="publ_1230">Gerstenberg</publisher> 3 Ngr. n.</bibl>
<bibl id="hofm_1870_11_0169_04"><composer key="compo_025808">Paschke, H.</composer>, <title>2 Waldlieder. (Am Felsenborn. Das Irrlicht.)</title> <pubPlace key="place_0371">Köln</pubPlace>, <publisher key="publ_3486">Schloss</publisher> 7½ Ngr.</bibl>
<bibl id="hofm_1870_11_0169_05"><composer key="compo_026165">Peters, J.</composer>, Op. <opus key="opus_4562">9</opus>. <title>Trinklied</title>. <pubPlace key="place_0371">Köln</pubPlace>, <publisher key="publ_3486">Schloss</publisher> 5 Ngr.</bibl>
<wip id="hofm_1870_11_0169_06"><composer key="compo_030574">Schmidt, J. Caes.</composer>, <title>6 Lieder</title>. <pubPlace key="place_0276">Hamburg</pubPlace>, <publisher key="publ_1900">Jowien</publisher>. <lb/>Op. <opus key="opus_1372">2</opus>. <title>Die Sterne durch den Himmel geh’n. Gute Nacht. Mädchen mit dem rothen Mündchen</title>. 15 Ngr. <lb/>Op. <opus key="opus_2116">3</opus>. <title>Die Thräne. Nur einmal möcht’ ich blicken. Mit deinen blauen Augen</title>. 15 Ngr.</wip>
<wip id="hofm_1870_11_0169_07"><composer key="compo_031927">Seifert, R.</composer>, Op. <opus key="opus_2403">34</opus>. <title>5 Lieder f. mittlere St</title>. <title>No. 1. Liebeshoffnung</title>. 7½ Ngr. <title>No. 2. Du meine ferne Rose</title>. <title>No. 3. Abendlied</title>. à 5 Ngr. <title>No. 4. Widmung</title>. 7½ Ngr. <title>No. 5. Wie die wilde Ros’ im Wald</title>. 5 Ngr. <pubPlace key="place_0147">Dresden</pubPlace>, <publisher key="publ_0416">Brauer</publisher>.</wip>
<bibl id="hofm_1870_11_0169_08"><composer key="compo_034574">Tietz, Ph.</composer>, <title>Hurrah, Germania!</title> <pubPlace key="place_0301">Hildesheim</pubPlace>, <publisher key="publ_1230">Gerstenberg</publisher> 3 Ngr. n.</bibl>
<bibl id="hofm_1870_11_0169_09"><composer key="compo_034769">Trautmann, Frz.</composer>, <title>Neuestes Kutschke-Napoliums-Lied</title>. <pubPlace key="place_0475">München</pubPlace>, <publisher key="publ_0996">Falter</publisher> 4 Ngr. *n.</bibl>
<bibl id="hofm_1870_11_0169_10"><composer key="compo_035233">Vaas, Th.</composer>, Op. <opus key="opus_1390">20</opus>. <title>Kriegergruss an König Wilhelm I</title>. <pubPlace key="place_0280">Hannover</pubPlace>, <publisher key="publ_3491">Schlüter</publisher> 2½ Ngr. n.</bibl>
<bibl id="hofm_1870_11_0169_11"><composer key="compo_035243">Vagedes, H.</composer>, <title>Kriegslied 1870 (Die Fahnen wehn!)</title> <pubPlace key="place_0371">Köln</pubPlace>, <publisher key="publ_3486">Schloss</publisher> 5 Ngr.</bibl>
<bibl id="hofm_1870_11_0169_12"><composer key="compo_036379">Weidt, H.</composer>, Op. <opus key="opus_3385">55</opus>. <title>O Seligkeit, geliebt zu sein</title>. <pubPlace key="place_0341">Kassel</pubPlace>, <publisher key="publ_2497">Luckhardt</publisher> 7½ Ngr.</bibl>
<bibl id="hofm_1870_11_0169_13"><composer key="compo_037077">Wilhelm, K.</composer>, <title>Die Wachtam Rhein f. S. (od. T.)</title> <pubPlace key="place_0438">Mainz</pubPlace>, <publisher key="publ_3563">Schott</publisher> 18 Xr.</bibl>
<bibl id="hofm_1870_11_0169_14">– Idem f. A. (od. B.) Ebend. 18 Xr.</bibl>
<bibl id="hofm_1870_11_0169_15"><composer key="compo_037954">Zech, J.</composer>, Op. <opus key="opus_2948">44</opus>. <title>Des Sohnes Abschied. Patriotisches Lied</title>. <pubPlace key="place_0080">Bremen</pubPlace>, <publisher key="publ_3092">Praeger u. M</publisher>. 5 Ngr.</bibl>
<bibl id="hofm_1870_11_0169_16">– Op. <opus key="opus_2996">45</opus>. <title>Das deutsche Helgoland</title>. Ebend. 5 Ngr.</bibl>
</div><div id="hofm_1870_11_0169_div19"><head><hofClass key="hofCl_0077">Lehrbücher für Gesang.</hofClass></head>
<bibl id="hofm_1870_11_0169_17"><composer key="compo_024265">Müller, R.</composer>, <title>Leitfaden beim Gesangunterricht in Schulen. Nach Lobe’s Katechismus der Musik</title>. 8. <pubPlace key="place_0392">Leipzig</pubPlace>, <publisher key="publ_3739">Seitz</publisher> 3 Ngr. *n.</bibl>
</div><div id="hofm_1870_11_0169_div20"><head><hofClass key="hofCl_0286">Theoretische Werke und Schriften von musikalischem Interesse.</hofClass></head>
<bibl id="hofm_1870_11_0169_18"><author>Elterlein, E. v.</author>, <title>Beethoven’s Symphonien nach ihrem idealen Gehalt. <edition>3. zum Theil umgearbeitete Auflage</edition></title>. 8. <pubPlace key="place_0147">Dresden</pubPlace>, <publisher key="publ_0416">Brauer</publisher> 20 Ngr. *n.</bibl>
<bibl id="hofm_1870_11_0169_19"><author>Sering, Fr. W.</author>, <title>Generalbass-Studien in gedrängter Kürze und systematischer Ordnung. Beigabe zu jeder Harmonielehre</title>. 8. <pubPlace key="place_0436">Magdeburg</pubPlace>, <publisher key="publ_1560">Heinrichshofen</publisher> 10 Ngr. n.</bibl>
</div></body></text></TEI.2>